"analysis_id","repo","consumer_file","line_or_expression","match_type","matched_token","enclosing_call","dependency_kind","active_or_historical","runtime_relevant","confidence","adjudication"
"build_spatial_data_contract","pRoteomics","config/manuscript_spatial_order.yml","7: #   atlas vocabulary   (results/tables/11_spatial_systems/atlas/*, networks/*)","CONFIG_GLOB","11_spatial_systems","","CONFIG","active",TRUE,"HIGH",""
"build_spatial_data_contract","pRoteomics","config/manuscript_spatial_order.yml","110: # atlas_key    = spelling in results/tables/11_spatial_systems/atlas and networks","NAMESPACE_BASENAME","11_spatial_systems","","CONFIG","active",TRUE,"MEDIUM",""
"build_spatial_data_contract","pRoteomics","config/output_layout.yml","124: contract: config/publication_source_data_contract.yml","NAMESPACE_BASENAME","data_contract","","CONFIG","active",TRUE,"MEDIUM",""
"build_spatial_data_contract","pRoteomics","pipeline.yml","838: - ""results/spatial_validation/build_spatial_data_contract/global/tables/spatial_systems_hemisphere_inventory.csv""","FULL_PATH","results/spatial_validation/build_spatial_data_contract/global/tables/spatial_systems_hemisphere_inventory.csv","","CONFIG","active",TRUE,"HIGH",""
"build_spatial_data_contract","pRoteomics","pipeline.yml","1058: - ""results/spatial_validation/build_spatial_data_contract/global/tables/spatial_systems_hemisphere_inventory.csv""","FULL_PATH","results/spatial_validation/build_spatial_data_contract/global/tables/spatial_systems_hemisphere_inventory.csv","","CONFIG","active",TRUE,"HIGH",""
"build_spatial_data_contract","pRoteomics","pipeline.yml","839: - ""results/spatial_validation/build_spatial_data_contract/global/tables/spatial_systems_aggregation_validation.csv""","FULL_PATH","results/spatial_validation/build_spatial_data_contract/global/tables/spatial_systems_aggregation_validation.csv","","CONFIG","active",TRUE,"HIGH",""
"build_spatial_data_contract","pRoteomics","pipeline.yml","932: - ""results/spatial_validation/build_spatial_data_contract/global/tables/spatial_systems_aggregation_validation.csv""","FULL_PATH","results/spatial_validation/build_spatial_data_contract/global/tables/spatial_systems_aggregation_validation.csv","","CONFIG","active",TRUE,"HIGH",""
"build_spatial_data_contract","pRoteomics","pipeline.yml","840: - ""results/spatial_validation/build_spatial_data_contract/global/tables/spatial_systems_evidence_dependence.csv""","FULL_PATH","results/spatial_validation/build_spatial_data_contract/global/tables/spatial_systems_evidence_dependence.csv","","CONFIG","active",TRUE,"HIGH",""
"build_spatial_data_contract","pRoteomics","pipeline.yml","933: - ""results/tables/11_spatial_systems/data_contract/spatial_systems_aggregation_validation.csv""","FULL_PATH","results/tables/11_spatial_systems/data_contract/spatial_systems_aggregation_validation.csv","","CONFIG","active",TRUE,"HIGH",""
"build_spatial_data_contract","pRoteomics","pipeline.yml","1059: - ""results/tables/11_spatial_systems/data_contract/spatial_systems_hemisphere_inventory.csv""","FULL_PATH","results/tables/11_spatial_systems/data_contract/spatial_systems_hemisphere_inventory.csv","","CONFIG","active",TRUE,"HIGH",""
"build_spatial_data_contract","pRoteomics","pipeline.yml","933: - ""results/tables/11_spatial_systems/data_contract/spatial_systems_aggregation_validation.csv""","NAMESPACE_BASENAME","11_spatial_systems","","CONFIG","active",TRUE,"MEDIUM",""
"build_spatial_data_contract","pRoteomics","pipeline.yml","935: - ""results/tables/11_spatial_systems/bilateral/""","NAMESPACE_BASENAME","11_spatial_systems","","CONFIG","active",TRUE,"MEDIUM",""
"build_spatial_data_contract","pRoteomics","pipeline.yml","936: - ""results/tables/11_spatial_systems/precision/""","NAMESPACE_BASENAME","11_spatial_systems","","CONFIG","active",TRUE,"MEDIUM",""
"build_spatial_data_contract","pRoteomics","pipeline.yml","937: - ""results/tables/11_spatial_systems/celltype_annotation/""","NAMESPACE_BASENAME","11_spatial_systems","","CONFIG","active",TRUE,"MEDIUM",""
"build_spatial_data_contract","pRoteomics","pipeline.yml","961: - ""results/tables/11_spatial_systems/celltype_annotation/WGCNA_module_external_celltype_affinity_long.csv""","NAMESPACE_BASENAME","11_spatial_systems","","CONFIG","active",TRUE,"MEDIUM",""
"build_spatial_data_contract","pRoteomics","pipeline.yml","964: - ""results/tables/11_spatial_systems/bilateral/WGCNA_module_bilateral_reproducibility.csv""","NAMESPACE_BASENAME","11_spatial_systems","","CONFIG","active",TRUE,"MEDIUM",""
"build_spatial_data_contract","pRoteomics","pipeline.yml","966: - ""results/tables/11_spatial_systems/precision/bilateral_precision_gain.csv""","NAMESPACE_BASENAME","11_spatial_systems","","CONFIG","active",TRUE,"MEDIUM",""
"build_spatial_data_contract","pRoteomics","pipeline.yml","984: - ""results/tables/11_spatial_systems/bilateral/bilateral_spatial_identity_protein_level.csv""","NAMESPACE_BASENAME","11_spatial_systems","","CONFIG","active",TRUE,"MEDIUM",""
"build_spatial_data_contract","pRoteomics","pipeline.yml","1015: - ""results/tables/11_spatial_systems/atlas/WGCNA_module_spatial_cell_affinity.csv""","NAMESPACE_BASENAME","11_spatial_systems","","CONFIG","active",TRUE,"MEDIUM",""
"build_spatial_data_contract","pRoteomics","pipeline.yml","1017: - ""results/tables/11_spatial_systems/atlas/protein_spatial_cell_affinity.csv""","NAMESPACE_BASENAME","11_spatial_systems","","CONFIG","active",TRUE,"MEDIUM",""
"build_spatial_data_contract","pRoteomics","pipeline.yml","1020: - ""results/tables/11_spatial_systems/atlas/neuropil_spatial_detection_context.csv""","NAMESPACE_BASENAME","11_spatial_systems","","CONFIG","active",TRUE,"MEDIUM",""
"build_spatial_data_contract","pRoteomics","pipeline.yml","1022: - ""results/tables/11_spatial_systems/precision/bilateral_precision_gain.csv""","NAMESPACE_BASENAME","11_spatial_systems","","CONFIG","active",TRUE,"MEDIUM",""
"build_spatial_data_contract","pRoteomics","pipeline.yml","1059: - ""results/tables/11_spatial_systems/data_contract/spatial_systems_hemisphere_inventory.csv""","NAMESPACE_BASENAME","11_spatial_systems","","CONFIG","active",TRUE,"MEDIUM",""
"build_spatial_data_contract","pRoteomics","pipeline.yml","1083: - ""results/tables/11_spatial_systems/networks/animal_network_objects.rds""","NAMESPACE_BASENAME","11_spatial_systems","","CONFIG","active",TRUE,"MEDIUM",""
"build_spatial_data_contract","pRoteomics","pipeline.yml","1085: - ""results/tables/11_spatial_systems/networks/animal_network_edges.csv""","NAMESPACE_BASENAME","11_spatial_systems","","CONFIG","active",TRUE,"MEDIUM",""
"build_spatial_data_contract","pRoteomics","pipeline.yml","1088: - ""results/tables/11_spatial_systems/atlas/WGCNA_module_spatial_cell_affinity.csv""","NAMESPACE_BASENAME","11_spatial_systems","","CONFIG","active",TRUE,"MEDIUM",""
"build_spatial_data_contract","pRoteomics","pipeline.yml","1090: - ""results/tables/11_spatial_systems/atlas/WGCNA_module_spatial_fingerprints_raw.csv""","NAMESPACE_BASENAME","11_spatial_systems","","CONFIG","active",TRUE,"MEDIUM",""
"build_spatial_data_contract","pRoteomics","pipeline.yml","1092: - ""results/tables/11_spatial_systems/atlas/protein_spatial_cell_affinity.csv""","NAMESPACE_BASENAME","11_spatial_systems","","CONFIG","active",TRUE,"MEDIUM",""
"build_spatial_data_contract","pRoteomics","pipeline.yml","1109: - ""results/tables/11_spatial_systems/networks/animal_network_edges.csv""","NAMESPACE_BASENAME","11_spatial_systems","","CONFIG","active",TRUE,"MEDIUM",""
"build_spatial_data_contract","pRoteomics","pipeline.yml","1111: - ""results/tables/11_spatial_systems/networks/network_edge_group_differences.csv""","NAMESPACE_BASENAME","11_spatial_systems","","CONFIG","active",TRUE,"MEDIUM",""
"build_spatial_data_contract","pRoteomics","pipeline.yml","1115: - ""results/tables/11_spatial_systems/atlas/WGCNA_module_network_context.csv""","NAMESPACE_BASENAME","11_spatial_systems","","CONFIG","active",TRUE,"MEDIUM",""
"build_spatial_data_contract","pRoteomics","pipeline.yml","1117: - ""results/tables/11_spatial_systems/networks/spatial_node_network_integration.csv""","NAMESPACE_BASENAME","11_spatial_systems","","CONFIG","active",TRUE,"MEDIUM",""
"build_spatial_data_contract","pRoteomics","pipeline.yml","1142: - ""results/tables/11_spatial_systems/atlas/protein_spatial_cell_affinity.csv""","NAMESPACE_BASENAME","11_spatial_systems","","CONFIG","active",TRUE,"MEDIUM",""
"build_spatial_data_contract","pRoteomics","pipeline.yml","1161: - ""results/tables/11_spatial_systems/atlas/protein_spatial_cell_affinity.csv""","NAMESPACE_BASENAME","11_spatial_systems","","CONFIG","active",TRUE,"MEDIUM",""
"build_spatial_data_contract","pRoteomics","pipeline.yml","1163: - ""results/tables/11_spatial_systems/ca2_slm_robustness/CA2_SLM_DAP_robustness.csv""","NAMESPACE_BASENAME","11_spatial_systems","","CONFIG","active",TRUE,"MEDIUM",""
"build_spatial_data_contract","pRoteomics","pipeline.yml","1183: - ""results/tables/11_spatial_systems/ca2_slm_robustness/CA2_SLM_DAP_robustness.csv""","NAMESPACE_BASENAME","11_spatial_systems","","CONFIG","active",TRUE,"MEDIUM",""
"build_spatial_data_contract","pRoteomics","pipeline.yml","1186: - ""results/tables/11_spatial_systems/ca2_slm_robustness/""","NAMESPACE_BASENAME","11_spatial_systems","","CONFIG","active",TRUE,"MEDIUM",""
"build_spatial_data_contract","pRoteomics","pipeline.yml","1357: consumes_required: [""data/processed/02_id_mapping/mapped/neuron_neuropil/forward/per_file/"", ""data/processed/01_preprocessing/protigy_input_animal_level","REGISTRY_DEPENDENCY","11_spatial_systems","","CONFIG","active",TRUE,"HIGH",""
"build_spatial_data_contract","pRoteomics","pipeline.yml","832: - script: ""analysis/spatial_validation/build_spatial_data_contract.R""","NAMESPACE_BASENAME","data_contract","","CONFIG","active",TRUE,"MEDIUM",""
"build_spatial_data_contract","pRoteomics","pipeline.yml","838: - ""results/spatial_validation/build_spatial_data_contract/global/tables/spatial_systems_hemisphere_inventory.csv""","NAMESPACE_BASENAME","data_contract","","CONFIG","active",TRUE,"MEDIUM",""
"build_spatial_data_contract","pRoteomics","pipeline.yml","839: - ""results/spatial_validation/build_spatial_data_contract/global/tables/spatial_systems_aggregation_validation.csv""","NAMESPACE_BASENAME","data_contract","","CONFIG","active",TRUE,"MEDIUM",""
"build_spatial_data_contract","pRoteomics","pipeline.yml","840: - ""results/spatial_validation/build_spatial_data_contract/global/tables/spatial_systems_evidence_dependence.csv""","NAMESPACE_BASENAME","data_contract","","CONFIG","active",TRUE,"MEDIUM",""
"build_spatial_data_contract","pRoteomics","pipeline.yml","932: - ""results/spatial_validation/build_spatial_data_contract/global/tables/spatial_systems_aggregation_validation.csv""","NAMESPACE_BASENAME","data_contract","","CONFIG","active",TRUE,"MEDIUM",""
"build_spatial_data_contract","pRoteomics","pipeline.yml","933: - ""results/tables/11_spatial_systems/data_contract/spatial_systems_aggregation_validation.csv""","NAMESPACE_BASENAME","data_contract","","CONFIG","active",TRUE,"MEDIUM",""
"build_spatial_data_contract","pRoteomics","pipeline.yml","1058: - ""results/spatial_validation/build_spatial_data_contract/global/tables/spatial_systems_hemisphere_inventory.csv""","NAMESPACE_BASENAME","data_contract","","CONFIG","active",TRUE,"MEDIUM",""
"build_spatial_data_contract","pRoteomics","pipeline.yml","1059: - ""results/tables/11_spatial_systems/data_contract/spatial_systems_hemisphere_inventory.csv""","NAMESPACE_BASENAME","data_contract","","CONFIG","active",TRUE,"MEDIUM",""
"build_spatial_data_contract","pRoteomics","analysis/differential_abundance/audit_stress_response_biology.R","15: source(""R/data_contracts/dataset_config.R"")","NAMESPACE_BASENAME","data_contract","","DOWNSTREAM_ANALYSIS","active",TRUE,"MEDIUM",""
"build_spatial_data_contract","pRoteomics","analysis/differential_abundance/build_sus_res_dap_atlas.R","20: source(""R/data_contracts/dataset_config.R"")","NAMESPACE_BASENAME","data_contract","","DOWNSTREAM_ANALYSIS","active",TRUE,"MEDIUM",""
"build_spatial_data_contract","pRoteomics","analysis/differential_abundance/validate_control_spatial_identity.R","8: source(""R/paths.R""); source(""R/data_contracts/dataset_config.R""); source(""R/data_contracts/dataset_inputs.R"")","NAMESPACE_BASENAME","data_contract","","DOWNSTREAM_ANALYSIS","active",TRUE,"MEDIUM",""
"build_spatial_data_contract","pRoteomics","analysis/integration/audit_animal_id_integrity.R","315: artifact = ""canonical differential abundance / 11_spatial_systems atlas / network layer"",","NAMESPACE_BASENAME","11_spatial_systems","","DOWNSTREAM_ANALYSIS","active",TRUE,"MEDIUM",""
"build_spatial_data_contract","pRoteomics","analysis/integration/audit_animal_id_integrity.R","31: source(""R/data_contracts/dataset_config.R"")","NAMESPACE_BASENAME","data_contract","","DOWNSTREAM_ANALYSIS","active",TRUE,"MEDIUM",""
"build_spatial_data_contract","pRoteomics","analysis/integration/audit_animal_id_integrity.R","33: source(""R/data_contracts/animal_id_contract.R"")","NAMESPACE_BASENAME","data_contract","","DOWNSTREAM_ANALYSIS","active",TRUE,"MEDIUM",""
"build_spatial_data_contract","pRoteomics","analysis/integration/build_candidate_protein_shortlist.R","46: source(""R/data_contracts/dataset_config.R"")","NAMESPACE_BASENAME","data_contract","","DOWNSTREAM_ANALYSIS","active",TRUE,"MEDIUM",""
"build_spatial_data_contract","pRoteomics","analysis/integration/quantify_candidate_network_position.R","46: source(""R/data_contracts/dataset_config.R"")","NAMESPACE_BASENAME","data_contract","","DOWNSTREAM_ANALYSIS","active",TRUE,"MEDIUM",""
"build_spatial_data_contract","pRoteomics","analysis/integration/test_network_behaviour_coupling.R","192: ""R/data_contracts/animal_id_contract.R, which fails closed on unresolved ids and "",","NAMESPACE_BASENAME","data_contract","","DOWNSTREAM_ANALYSIS","active",TRUE,"MEDIUM",""
"build_spatial_data_contract","pRoteomics","analysis/spatial_validation/annotate_module_celltypes.R","40: source(""R/data_contracts/dataset_config.R"")","NAMESPACE_BASENAME","data_contract","","DOWNSTREAM_ANALYSIS","active",TRUE,"MEDIUM",""
"build_spatial_data_contract","pRoteomics","analysis/spatial_validation/audit_ca2_slm_robustness.R","60: source(""R/data_contracts/dataset_config.R"")","NAMESPACE_BASENAME","data_contract","","DOWNSTREAM_ANALYSIS","active",TRUE,"MEDIUM",""
"build_spatial_data_contract","pRoteomics","analysis/spatial_validation/audit_stress_identity_robustness.R","38: source(""R/data_contracts/dataset_config.R"")","NAMESPACE_BASENAME","data_contract","","DOWNSTREAM_ANALYSIS","active",TRUE,"MEDIUM",""
"build_spatial_data_contract","pRoteomics","analysis/spatial_validation/build_animal_spatial_networks.R","32: source(""R/data_contracts/dataset_config.R"")","NAMESPACE_BASENAME","data_contract","","DOWNSTREAM_ANALYSIS","active",TRUE,"MEDIUM",""
"build_spatial_data_contract","pRoteomics","analysis/spatial_validation/build_animal_spatial_networks.R","35: source(""R/data_contracts/spatial_systems_data_utils.R"")","NAMESPACE_BASENAME","data_contract","","DOWNSTREAM_ANALYSIS","active",TRUE,"MEDIUM",""
"build_spatial_data_contract","pRoteomics","analysis/spatial_validation/build_module_spatial_atlas.R","33: source(""R/data_contracts/dataset_config.R"")","NAMESPACE_BASENAME","data_contract","","DOWNSTREAM_ANALYSIS","active",TRUE,"MEDIUM",""
"build_spatial_data_contract","pRoteomics","analysis/spatial_validation/build_protein_spatial_atlas.R","28: source(""R/data_contracts/dataset_config.R"")","NAMESPACE_BASENAME","data_contract","","DOWNSTREAM_ANALYSIS","active",TRUE,"MEDIUM",""
"build_spatial_data_contract","pRoteomics","analysis/spatial_validation/build_protein_spatial_atlas.R","31: source(""R/data_contracts/protigy_input_utils.R"")","NAMESPACE_BASENAME","data_contract","","DOWNSTREAM_ANALYSIS","active",TRUE,"MEDIUM",""
"build_spatial_data_contract","pRoteomics","analysis/spatial_validation/build_protein_spatial_atlas.R","32: source(""R/data_contracts/spatial_systems_data_utils.R"")","NAMESPACE_BASENAME","data_contract","","DOWNSTREAM_ANALYSIS","active",TRUE,"MEDIUM",""
"build_spatial_data_contract","pRoteomics","analysis/spatial_validation/decompose_bilateral_variance.R","44: source(""R/data_contracts/dataset_config.R"")","NAMESPACE_BASENAME","data_contract","","DOWNSTREAM_ANALYSIS","active",TRUE,"MEDIUM",""
"build_spatial_data_contract","pRoteomics","analysis/spatial_validation/decompose_bilateral_variance.R","47: source(""R/data_contracts/spatial_systems_data_utils.R"")","NAMESPACE_BASENAME","data_contract","","DOWNSTREAM_ANALYSIS","active",TRUE,"MEDIUM",""
"build_spatial_data_contract","pRoteomics","analysis/spatial_validation/decompose_bilateral_variance.R","49: source(""R/data_contracts/spatial_systems_endpoint_utils.R"")","NAMESPACE_BASENAME","data_contract","","DOWNSTREAM_ANALYSIS","active",TRUE,"MEDIUM",""
"build_spatial_data_contract","pRoteomics","analysis/spatial_validation/quantify_bilateral_spatial_identity.R","36: source(""R/data_contracts/dataset_config.R"")","NAMESPACE_BASENAME","data_contract","","DOWNSTREAM_ANALYSIS","active",TRUE,"MEDIUM",""
"build_spatial_data_contract","pRoteomics","analysis/spatial_validation/quantify_bilateral_spatial_identity.R","40: source(""R/data_contracts/spatial_systems_data_utils.R"")","NAMESPACE_BASENAME","data_contract","","DOWNSTREAM_ANALYSIS","active",TRUE,"MEDIUM",""
"build_spatial_data_contract","pRoteomics","analysis/spatial_validation/quantify_empirical_compartments.R","37: source(""R/data_contracts/dataset_config.R"")","NAMESPACE_BASENAME","data_contract","","DOWNSTREAM_ANALYSIS","active",TRUE,"MEDIUM",""
"build_spatial_data_contract","pRoteomics","analysis/spatial_validation/quantify_empirical_compartments.R","41: source(""R/data_contracts/spatial_systems_data_utils.R"")","NAMESPACE_BASENAME","data_contract","","DOWNSTREAM_ANALYSIS","active",TRUE,"MEDIUM",""
"build_spatial_data_contract","pRoteomics","analysis/spatial_validation/quantify_empirical_compartments.R","43: source(""R/data_contracts/spatial_systems_endpoint_utils.R"")","NAMESPACE_BASENAME","data_contract","","DOWNSTREAM_ANALYSIS","active",TRUE,"MEDIUM",""
"build_spatial_data_contract","pRoteomics","analysis/spatial_validation/quantify_module_bilateral_identity.R","34: source(""R/data_contracts/dataset_config.R"")","NAMESPACE_BASENAME","data_contract","","DOWNSTREAM_ANALYSIS","active",TRUE,"MEDIUM",""
"build_spatial_data_contract","pRoteomics","analysis/spatial_validation/quantify_module_bilateral_identity.R","36: source(""R/data_contracts/spatial_systems_data_utils.R"")","NAMESPACE_BASENAME","data_contract","","DOWNSTREAM_ANALYSIS","active",TRUE,"MEDIUM",""
"build_spatial_data_contract","pRoteomics","analysis/spatial_validation/quantify_neuropil_detection_context.R","33: source(""R/data_contracts/dataset_config.R"")","NAMESPACE_BASENAME","data_contract","","DOWNSTREAM_ANALYSIS","active",TRUE,"MEDIUM",""
"build_spatial_data_contract","pRoteomics","analysis/spatial_validation/quantify_neuropil_detection_context.R","36: source(""R/data_contracts/spatial_systems_data_utils.R"")","NAMESPACE_BASENAME","data_contract","","DOWNSTREAM_ANALYSIS","active",TRUE,"MEDIUM",""
"build_spatial_data_contract","pRoteomics","analysis/spatial_validation/quantify_neuropil_precision.R","36: source(""R/data_contracts/dataset_config.R"")","NAMESPACE_BASENAME","data_contract","","DOWNSTREAM_ANALYSIS","active",TRUE,"MEDIUM",""
"build_spatial_data_contract","pRoteomics","analysis/spatial_validation/quantify_neuropil_precision.R","39: source(""R/data_contracts/spatial_systems_data_utils.R"")","NAMESPACE_BASENAME","data_contract","","DOWNSTREAM_ANALYSIS","active",TRUE,"MEDIUM",""
"build_spatial_data_contract","pRoteomics","analysis/spatial_validation/summarize_ca2_slm_robustness.R","383: if (!any(grepl(""11_spatial_systems/1[345]_"", git_changed))) ""PASS"" else ""FAIL"",","NAMESPACE_BASENAME","11_spatial_systems","grepl","DOWNSTREAM_ANALYSIS","active",TRUE,"MEDIUM",""
"build_spatial_data_contract","pRoteomics","analysis/spatial_validation/summarize_ca2_slm_robustness.R","23: source(""R/data_contracts/dataset_config.R"")","NAMESPACE_BASENAME","data_contract","","DOWNSTREAM_ANALYSIS","active",TRUE,"MEDIUM",""
"build_spatial_data_contract","pRoteomics","analysis/spatial_validation/summarize_ca2_slm_robustness.R","26: source(""R/data_contracts/animal_id_contract.R"")","NAMESPACE_BASENAME","data_contract","","DOWNSTREAM_ANALYSIS","active",TRUE,"MEDIUM",""
"build_spatial_data_contract","pRoteomics","analysis/spatial_validation/summarize_spatial_atlas.R","25: source(""R/data_contracts/dataset_config.R"")","NAMESPACE_BASENAME","data_contract","","DOWNSTREAM_ANALYSIS","active",TRUE,"MEDIUM",""
"build_spatial_data_contract","pRoteomics","analysis/spatial_validation/summarize_spatial_atlas.R","50: D_ <- function(f) spatial_systems_find(f, ""data_contract"")","HELPER_FUNCTION","data_contract","","DOWNSTREAM_ANALYSIS","active",TRUE,"MEDIUM",""
"build_spatial_data_contract","pRoteomics","analysis/spatial_validation/test_network_group_organization.R","31: source(""R/data_contracts/dataset_config.R"")","NAMESPACE_BASENAME","data_contract","","DOWNSTREAM_ANALYSIS","active",TRUE,"MEDIUM",""
"build_spatial_data_contract","pRoteomics","analysis/spatial_validation/validate_network_workbook.R","22: source(""R/data_contracts/dataset_config.R"")","NAMESPACE_BASENAME","data_contract","","DOWNSTREAM_ANALYSIS","active",TRUE,"MEDIUM",""
"build_spatial_data_contract","pRoteomics","analysis/spatial_validation/validate_spatial_foundations.R","21: source(""R/data_contracts/dataset_config.R"")","NAMESPACE_BASENAME","data_contract","","DOWNSTREAM_ANALYSIS","active",TRUE,"MEDIUM",""
"build_spatial_data_contract","pRoteomics","analysis/spatial_validation/validate_spatial_foundations.R","23: source(""R/data_contracts/spatial_systems_data_utils.R"")","NAMESPACE_BASENAME","data_contract","","DOWNSTREAM_ANALYSIS","active",TRUE,"MEDIUM",""
"build_spatial_data_contract","pRoteomics","analysis/spatial_validation/validate_spatial_foundations.R","24: source(""R/data_contracts/spatial_systems_evidence_registry.R"")","NAMESPACE_BASENAME","data_contract","","DOWNSTREAM_ANALYSIS","active",TRUE,"MEDIUM",""
"build_spatial_data_contract","pRoteomics","analysis/spatial_validation/validate_spatial_foundations.R","50: aggregation_validation = T_(""data_contract"", ""spatial_systems_aggregation_validation.csv"")))","NAMESPACE_BASENAME","data_contract","","DOWNSTREAM_ANALYSIS","active",TRUE,"MEDIUM",""
"build_spatial_data_contract","pRoteomics","analysis/spatial_validation/validate_spatial_foundations.R","66: inv <- read_if(T_(""data_contract"", ""spatial_systems_hemisphere_inventory.csv""))","NAMESPACE_BASENAME","data_contract","","DOWNSTREAM_ANALYSIS","active",TRUE,"MEDIUM",""
"build_spatial_data_contract","pRoteomics","analysis/spatial_validation/validate_spatial_foundations.R","73: agg <- read_if(T_(""data_contract"", ""spatial_systems_aggregation_validation.csv""))","NAMESPACE_BASENAME","data_contract","","DOWNSTREAM_ANALYSIS","active",TRUE,"MEDIUM",""
"build_spatial_data_contract","pRoteomics","analysis/wgcna/adjudicate_module_labels.R","45: source(""R/data_contracts/dataset_config.R"")","NAMESPACE_BASENAME","data_contract","","DOWNSTREAM_ANALYSIS","active",TRUE,"MEDIUM",""
"build_spatial_data_contract","pRoteomics","analysis/wgcna/audit_module_label_coherence.R","46: source(""R/data_contracts/dataset_config.R"")","NAMESPACE_BASENAME","data_contract","","DOWNSTREAM_ANALYSIS","active",TRUE,"MEDIUM",""
"build_spatial_data_contract","pRoteomics","analysis/wgcna/build_module_label_registry.R","31: source(""R/data_contracts/dataset_config.R"")","NAMESPACE_BASENAME","data_contract","","DOWNSTREAM_ANALYSIS","active",TRUE,"MEDIUM",""
"build_spatial_data_contract","pRoteomics","audits/spatial/spatial_v6_baseline_profile.R","147: ATL <- repo_path(""results"", ""tables"", ""11_spatial_systems"", ""atlas"",","NAMESPACE_BASENAME","11_spatial_systems","repo_path","INDIRECT_READER_VIA_HELPER","active",TRUE,"HIGH",""
"build_spatial_data_contract","pRoteomics","R/data_contracts/spatial_systems_evidence_registry.R","114: ""11_spatial_systems (future pass)"",","NAMESPACE_BASENAME","11_spatial_systems","","INDIRECT_READER_VIA_HELPER","active",TRUE,"MEDIUM",""
"build_spatial_data_contract","pRoteomics","tools/export_publication_source_data.R","39: contract_path <- repo_path(""config"", ""publication_source_data_contract.yml"")","NAMESPACE_BASENAME","data_contract","repo_path","INDIRECT_READER_VIA_HELPER","active",TRUE,"HIGH",""
"build_spatial_data_contract","pRoteomics","tools/export_publication_source_data.R","41: stop(""Missing config/publication_source_data_contract.yml"", call. = FALSE)","NAMESPACE_BASENAME","data_contract","repo_path","INDIRECT_READER_VIA_HELPER","active",TRUE,"HIGH",""
"build_spatial_data_contract","pRoteomics","tools/generate_results_ownership.R","61: contract_path <- repo_path(""config"", ""publication_source_data_contract.yml"")","NAMESPACE_BASENAME","data_contract","repo_path","INDIRECT_READER_VIA_HELPER","active",TRUE,"HIGH",""
"build_spatial_data_contract","pRoteomics","tools/migrate_publication_export_bundle.R","39: contract_path <- repo_path(""config"", ""publication_source_data_contract.yml"")","NAMESPACE_BASENAME","data_contract","repo_path","INDIRECT_READER_VIA_HELPER","active",TRUE,"HIGH",""
"build_spatial_data_contract","pRoteomics","tests/testthat/test-animal-spatial-networks.R","322: a <- path_results(""tables"", ""11_spatial_systems"", ""atlas"",","TEST_FRAGMENT","11_spatial_systems","path_results","TEST","active",TRUE,"HIGH",""
"build_spatial_data_contract","pRoteomics","tests/testthat/test-ewce-contract-utils.R","162: p <- path_results(""tables"", ""11_spatial_systems"", ""celltype_annotation"",","TEST_FRAGMENT","11_spatial_systems","path_results","TEST","active",TRUE,"HIGH",""
"build_spatial_data_contract","pRoteomics","tests/testthat/test-module-score-metadata-resolution.R","14: txt <- paste(readLines(repo_path(""R/data_contracts/dataset_inputs.R""), warn = FALSE), collapse = ""\n"")","TEST_FRAGMENT","data_contract","readLines","TEST","active",TRUE,"HIGH",""
"build_spatial_data_contract","pRoteomics","tests/testthat/test-output-layout-contract.R","195: contract <- repo_path(""config"", ""publication_source_data_contract.yml"")","TEST_FRAGMENT","data_contract","repo_path","TEST","active",TRUE,"HIGH",""
"build_spatial_data_contract","pRoteomics","tests/testthat/test-spatial-cell-atlas.R","336: d <- path_results(""figures"", ""11_spatial_systems"", ""atlas"")","TEST_FRAGMENT","11_spatial_systems","path_results","TEST","active",TRUE,"HIGH",""
"build_spatial_data_contract","pRoteomics","tests/testthat/test-spatial-systems-foundations.R","379: sps_out <- function(...) path_results(""tables"", ""11_spatial_systems"", ...)","HELPER_FUNCTION","11_spatial_systems","path_results","TEST","active",TRUE,"HIGH",""
"build_spatial_data_contract","pRoteomics","tests/testthat/test-wgcna-group-effects-phase2b.R","797: ""R/paths.R"", ""R/data_contracts/dataset_config.R"", ""R/data_contracts/dataset_inputs.R"",","TEST_FRAGMENT","data_contract","","TEST","active",TRUE,"MEDIUM",""
"build_spatial_data_contract","pRoteomics","tests/testthat/test-wgcna-group-effects-phase2b.R","798: ""R/data_contracts/module_contracts.R"", ""R/statistics/wgcna_downstream_utils.R"",","TEST_FRAGMENT","data_contract","","TEST","active",TRUE,"MEDIUM",""
"build_spatial_data_contract","pRoteomics","tests/testthat/test-writer-audit-vocabulary.R","151: sv <- c(""build_spatial_data_contract"", ""quantify_bilateral_spatial_identity"",","TEST_FRAGMENT","data_contract","","TEST","active",TRUE,"MEDIUM",""
"build_spatial_data_contract","pRoteomics","pipeline.yml","832: - script: ""analysis/spatial_validation/build_spatial_data_contract.R""","ANALYSIS_REFERENCE","build_spatial_data_contract","","CONFIG","active",FALSE,"MEDIUM",""
"build_spatial_data_contract","pRoteomics","pipeline.yml","838: - ""results/spatial_validation/build_spatial_data_contract/global/tables/spatial_systems_hemisphere_inventory.csv""","ANALYSIS_REFERENCE","build_spatial_data_contract","","CONFIG","active",FALSE,"MEDIUM",""
"build_spatial_data_contract","pRoteomics","pipeline.yml","839: - ""results/spatial_validation/build_spatial_data_contract/global/tables/spatial_systems_aggregation_validation.csv""","ANALYSIS_REFERENCE","build_spatial_data_contract","","CONFIG","active",FALSE,"MEDIUM",""
"build_spatial_data_contract","pRoteomics","pipeline.yml","840: - ""results/spatial_validation/build_spatial_data_contract/global/tables/spatial_systems_evidence_dependence.csv""","ANALYSIS_REFERENCE","build_spatial_data_contract","","CONFIG","active",FALSE,"MEDIUM",""
"build_spatial_data_contract","pRoteomics","pipeline.yml","932: - ""results/spatial_validation/build_spatial_data_contract/global/tables/spatial_systems_aggregation_validation.csv""","ANALYSIS_REFERENCE","build_spatial_data_contract","","CONFIG","active",FALSE,"MEDIUM",""
"build_spatial_data_contract","pRoteomics","pipeline.yml","1058: - ""results/spatial_validation/build_spatial_data_contract/global/tables/spatial_systems_hemisphere_inventory.csv""","ANALYSIS_REFERENCE","build_spatial_data_contract","","CONFIG","active",FALSE,"MEDIUM",""
"build_spatial_data_contract","pRoteomics","pipeline.yml","832: - script: ""analysis/spatial_validation/build_spatial_data_contract.R""","ANALYSIS_REFERENCE","build_spatial_data_contract.R","","CONFIG","active",FALSE,"MEDIUM",""
"build_spatial_data_contract","pRoteomics","analysis/integration/audit_animal_id_integrity.R","6: # contract in R/data_contracts/animal_id_contract.R replaces them. The numeric columns are","DOCUMENTATION_ONLY","data_contract","","DOCUMENTATION","active",FALSE,"N/A",""
"build_spatial_data_contract","pRoteomics","analysis/integration/screen_immunostaining_panel.R","7: #   results/tables/11_spatial_systems/ca2_slm_robustness/CA2_SLM_DAP_robustness.csv;","DOCUMENTATION_ONLY","11_spatial_systems","write.csv","DOCUMENTATION","active",FALSE,"N/A",""
"build_spatial_data_contract","pRoteomics","analysis/integration/test_network_behaviour_coupling.R","181: # Animal identity is resolved by the canonical contract in R/data_contracts/animal_id_contract.R,","DOCUMENTATION_ONLY","data_contract","","DOCUMENTATION","active",FALSE,"N/A",""
"build_spatial_data_contract","pRoteomics","analysis/qc/README.md","20: `R/paths.R`, `R/data_contracts/dataset_config.R`, `R/data_contracts/dataset_inputs.R`, and","NAMESPACE_BASENAME","data_contract","","DOCUMENTATION","active",FALSE,"MEDIUM",""
"build_spatial_data_contract","pRoteomics","analysis/spatial_validation/annotate_module_celltypes.R","47: # 11_spatial_systems stage directory. Outputs already written there stay","DOCUMENTATION_ONLY","11_spatial_systems","","DOCUMENTATION","active",FALSE,"N/A",""
"build_spatial_data_contract","pRoteomics","analysis/spatial_validation/audit_ca2_slm_robustness.R","52: # Consumes: required data/processed/02_id_mapping/mapped/neuron_neuropil/forward/per_file/CA2slmsus_CA2slmres.csv; data/raw/pg_matrix/quicksearch.pg_matrix.tsv;","DOCUMENTATION_ONLY","11_spatial_systems","","DOCUMENTATION","active",FALSE,"N/A",""
"build_spatial_data_contract","pRoteomics","analysis/spatial_validation/audit_ca2_slm_robustness.R","68: # 11_spatial_systems stage directory. Outputs already written there stay","DOCUMENTATION_ONLY","11_spatial_systems","","DOCUMENTATION","active",FALSE,"N/A",""
"build_spatial_data_contract","pRoteomics","analysis/spatial_validation/audit_stress_identity_robustness.R","30: # Consumes: required results/spatial_validation/build_protein_spatial_atlas/global/tables/protein_spatial_cell_affinity.csv; results/tables/11_spatial_systems/a","DOCUMENTATION_ONLY","11_spatial_systems","","DOCUMENTATION","active",FALSE,"N/A",""
"build_spatial_data_contract","pRoteomics","analysis/spatial_validation/audit_stress_identity_robustness.R","46: # 11_spatial_systems stage directory. Outputs already written there stay","DOCUMENTATION_ONLY","11_spatial_systems","","DOCUMENTATION","active",FALSE,"N/A",""
"build_spatial_data_contract","pRoteomics","analysis/spatial_validation/build_animal_spatial_networks.R","24: # Consumes: required data/processed/01_preprocessing/06_merged_metadata_module_score/<dataset>/sample_metadata_merged_clean_for_module_scores.xlsx; optional res","DOCUMENTATION_ONLY","results/spatial_validation/build_spatial_data_contract/global/tables/spatial_systems_hemisphere_inventory.csv","","DOCUMENTATION","active",FALSE,"N/A",""
"build_spatial_data_contract","pRoteomics","analysis/spatial_validation/build_animal_spatial_networks.R","24: # Consumes: required data/processed/01_preprocessing/06_merged_metadata_module_score/<dataset>/sample_metadata_merged_clean_for_module_scores.xlsx; optional res","DOCUMENTATION_ONLY","results/tables/11_spatial_systems/data_contract/spatial_systems_hemisphere_inventory.csv","","DOCUMENTATION","active",FALSE,"N/A",""
"build_spatial_data_contract","pRoteomics","analysis/spatial_validation/build_animal_spatial_networks.R","24: # Consumes: required data/processed/01_preprocessing/06_merged_metadata_module_score/<dataset>/sample_metadata_merged_clean_for_module_scores.xlsx; optional res","DOCUMENTATION_ONLY","11_spatial_systems","","DOCUMENTATION","active",FALSE,"N/A",""
"build_spatial_data_contract","pRoteomics","analysis/spatial_validation/build_animal_spatial_networks.R","43: # 11_spatial_systems stage directory. Outputs already written there stay","DOCUMENTATION_ONLY","11_spatial_systems","","DOCUMENTATION","active",FALSE,"N/A",""
"build_spatial_data_contract","pRoteomics","analysis/spatial_validation/build_animal_spatial_networks.R","24: # Consumes: required data/processed/01_preprocessing/06_merged_metadata_module_score/<dataset>/sample_metadata_merged_clean_for_module_scores.xlsx; optional res","DOCUMENTATION_ONLY","data_contract","","DOCUMENTATION","active",FALSE,"N/A",""
"build_spatial_data_contract","pRoteomics","analysis/spatial_validation/build_animal_spatial_networks.R","24: # Consumes: required data/processed/01_preprocessing/06_merged_metadata_module_score/<dataset>/sample_metadata_merged_clean_for_module_scores.xlsx; optional res","DOCUMENTATION_ONLY","build_spatial_data_contract","","DOCUMENTATION","active",FALSE,"N/A",""
"build_spatial_data_contract","pRoteomics","analysis/spatial_validation/build_module_spatial_atlas.R","25: # Consumes: required results/tables/06_modules_WGCNA/group_effects/<dataset>/WGCNA_group_effect_hemisphere_values.csv; results/tables/06_modules_WGCNA/01_WGCNA/","DOCUMENTATION_ONLY","11_spatial_systems","","DOCUMENTATION","active",FALSE,"N/A",""
"build_spatial_data_contract","pRoteomics","analysis/spatial_validation/build_module_spatial_atlas.R","41: # 11_spatial_systems stage directory. Outputs already written there stay","DOCUMENTATION_ONLY","11_spatial_systems","","DOCUMENTATION","active",FALSE,"N/A",""
"build_spatial_data_contract","pRoteomics","analysis/spatial_validation/build_protein_spatial_atlas.R","20: # Consumes: required results/tables/10_biological_integration/wgcna_candidate_protein_shortlist/global/wgcna_candidate_proteins_all.csv; optional results/spatia","DOCUMENTATION_ONLY","11_spatial_systems","","DOCUMENTATION","active",FALSE,"N/A",""
"build_spatial_data_contract","pRoteomics","analysis/spatial_validation/build_protein_spatial_atlas.R","38: # 11_spatial_systems stage directory. Outputs already written there stay","DOCUMENTATION_ONLY","11_spatial_systems","","DOCUMENTATION","active",FALSE,"N/A",""
"build_spatial_data_contract","pRoteomics","analysis/spatial_validation/decompose_bilateral_variance.R","54: # 11_spatial_systems stage directory. Outputs already written there stay","DOCUMENTATION_ONLY","11_spatial_systems","","DOCUMENTATION","active",FALSE,"N/A",""
"build_spatial_data_contract","pRoteomics","analysis/spatial_validation/quantify_bilateral_spatial_identity.R","46: # 11_spatial_systems stage directory. Outputs already written there stay","DOCUMENTATION_ONLY","11_spatial_systems","","DOCUMENTATION","active",FALSE,"N/A",""
"build_spatial_data_contract","pRoteomics","analysis/spatial_validation/quantify_empirical_compartments.R","48: # 11_spatial_systems stage directory. Outputs already written there stay","DOCUMENTATION_ONLY","11_spatial_systems","","DOCUMENTATION","active",FALSE,"N/A",""
"build_spatial_data_contract","pRoteomics","analysis/spatial_validation/quantify_empirical_compartments.R","5: # matrices (R/data_contracts/spatial_systems_data_utils.R), then runs it twice:","DOCUMENTATION_ONLY","data_contract","","DOCUMENTATION","active",FALSE,"N/A",""
"build_spatial_data_contract","pRoteomics","analysis/spatial_validation/quantify_module_bilateral_identity.R","42: # 11_spatial_systems stage directory. Outputs already written there stay","DOCUMENTATION_ONLY","11_spatial_systems","","DOCUMENTATION","active",FALSE,"N/A",""
"build_spatial_data_contract","pRoteomics","analysis/spatial_validation/quantify_neuropil_detection_context.R","42: # 11_spatial_systems stage directory. Outputs already written there stay","DOCUMENTATION_ONLY","11_spatial_systems","","DOCUMENTATION","active",FALSE,"N/A",""
"build_spatial_data_contract","pRoteomics","analysis/spatial_validation/quantify_neuropil_precision.R","45: # 11_spatial_systems stage directory. Outputs already written there stay","DOCUMENTATION_ONLY","11_spatial_systems","","DOCUMENTATION","active",FALSE,"N/A",""
"build_spatial_data_contract","pRoteomics","analysis/spatial_validation/summarize_ca2_slm_robustness.R","15: # Consumes: required results/spatial_validation/audit_ca2_slm_robustness/global/tables/CA2_SLM_DAP_robustness.csv; results/tables/11_spatial_systems/ca2_slm_rob","DOCUMENTATION_ONLY","11_spatial_systems","grepl","DOCUMENTATION","active",FALSE,"N/A",""
"build_spatial_data_contract","pRoteomics","analysis/spatial_validation/summarize_ca2_slm_robustness.R","32: # 11_spatial_systems stage directory. Outputs already written there stay","DOCUMENTATION_ONLY","11_spatial_systems","grepl","DOCUMENTATION","active",FALSE,"N/A",""
"build_spatial_data_contract","pRoteomics","analysis/spatial_validation/summarize_spatial_atlas.R","17: # Consumes: required results/spatial_validation/build_module_spatial_atlas/global/tables/WGCNA_module_spatial_cell_affinity.csv; results/tables/11_spatial_syste","DOCUMENTATION_ONLY","11_spatial_systems","","DOCUMENTATION","active",FALSE,"N/A",""
"build_spatial_data_contract","pRoteomics","analysis/spatial_validation/summarize_spatial_atlas.R","33: # 11_spatial_systems stage directory. Outputs already written there stay","DOCUMENTATION_ONLY","11_spatial_systems","","DOCUMENTATION","active",FALSE,"N/A",""
"build_spatial_data_contract","pRoteomics","analysis/spatial_validation/test_network_group_organization.R","23: # Consumes: required results/spatial_validation/build_animal_spatial_networks/global/models/animal_network_objects.rds; results/tables/11_spatial_systems/networ","DOCUMENTATION_ONLY","11_spatial_systems","","DOCUMENTATION","active",FALSE,"N/A",""
"build_spatial_data_contract","pRoteomics","analysis/spatial_validation/test_network_group_organization.R","39: # 11_spatial_systems stage directory. Outputs already written there stay","DOCUMENTATION_ONLY","11_spatial_systems","","DOCUMENTATION","active",FALSE,"N/A",""
"build_spatial_data_contract","pRoteomics","analysis/spatial_validation/validate_network_workbook.R","14: # Consumes: required results/spatial_validation/build_animal_spatial_networks/global/tables/animal_network_edges.csv; results/tables/11_spatial_systems/networks","DOCUMENTATION_ONLY","11_spatial_systems","","DOCUMENTATION","active",FALSE,"N/A",""
"build_spatial_data_contract","pRoteomics","analysis/spatial_validation/validate_network_workbook.R","30: # 11_spatial_systems stage directory. Outputs already written there stay","DOCUMENTATION_ONLY","11_spatial_systems","","DOCUMENTATION","active",FALSE,"N/A",""
"build_spatial_data_contract","pRoteomics","analysis/spatial_validation/validate_spatial_foundations.R","13: # Consumes: required results/spatial_validation/build_spatial_data_contract/global/tables/spatial_systems_aggregation_validation.csv; results/tables/11_spatial_","DOCUMENTATION_ONLY","results/spatial_validation/build_spatial_data_contract/global/tables/spatial_systems_aggregation_validation.csv","","DOCUMENTATION","active",FALSE,"N/A",""
"build_spatial_data_contract","pRoteomics","analysis/spatial_validation/validate_spatial_foundations.R","13: # Consumes: required results/spatial_validation/build_spatial_data_contract/global/tables/spatial_systems_aggregation_validation.csv; results/tables/11_spatial_","DOCUMENTATION_ONLY","results/tables/11_spatial_systems/data_contract/spatial_systems_aggregation_validation.csv","","DOCUMENTATION","active",FALSE,"N/A",""
"build_spatial_data_contract","pRoteomics","analysis/spatial_validation/validate_spatial_foundations.R","13: # Consumes: required results/spatial_validation/build_spatial_data_contract/global/tables/spatial_systems_aggregation_validation.csv; results/tables/11_spatial_","DOCUMENTATION_ONLY","11_spatial_systems","","DOCUMENTATION","active",FALSE,"N/A",""
"build_spatial_data_contract","pRoteomics","analysis/spatial_validation/validate_spatial_foundations.R","31: # 11_spatial_systems stage directory. Outputs already written there stay","DOCUMENTATION_ONLY","11_spatial_systems","","DOCUMENTATION","active",FALSE,"N/A",""
"build_spatial_data_contract","pRoteomics","analysis/spatial_validation/validate_spatial_foundations.R","13: # Consumes: required results/spatial_validation/build_spatial_data_contract/global/tables/spatial_systems_aggregation_validation.csv; results/tables/11_spatial_","DOCUMENTATION_ONLY","data_contract","","DOCUMENTATION","active",FALSE,"N/A",""
"build_spatial_data_contract","pRoteomics","analysis/spatial_validation/validate_spatial_foundations.R","13: # Consumes: required results/spatial_validation/build_spatial_data_contract/global/tables/spatial_systems_aggregation_validation.csv; results/tables/11_spatial_","DOCUMENTATION_ONLY","build_spatial_data_contract","","DOCUMENTATION","active",FALSE,"N/A",""
"build_spatial_data_contract","pRoteomics","audits/part29/wgcna_registry_final_review.R","19: #  E4 spatial+extern results/tables/11_spatial_systems/atlas/","DOCUMENTATION_ONLY","11_spatial_systems","","DOCUMENTATION","historical",FALSE,"N/A",""
"build_spatial_data_contract","pRoteomics","audits/part29/wgcna_registry_final_review.R","21: #  E5 EWCE long      results/tables/11_spatial_systems/celltype_annotation/","DOCUMENTATION_ONLY","11_spatial_systems","","DOCUMENTATION","historical",FALSE,"N/A",""
"build_spatial_data_contract","pRoteomics","audits/spatial/spatial_v6_baseline_profile.R","8: # results/tables/11_spatial_systems/atlas/protein_baseline_spatial_profile.csv","DOCUMENTATION_ONLY","11_spatial_systems","repo_path","DOCUMENTATION","active",FALSE,"HIGH",""
"build_spatial_data_contract","pRoteomics","audits/spatial/spatial_v6_baseline_profile.R","10: # 11_spatial_systems/build_protein_spatial_atlas.R sets its scope at","DOCUMENTATION_ONLY","11_spatial_systems","repo_path","DOCUMENTATION","active",FALSE,"HIGH",""
"build_spatial_data_contract","pRoteomics","docs/ANALYSIS_ENTRYPOINTS.md","91: | outputs | `results/spatial_validation/build_spatial_data_contract/global/tables/spatial_systems_hemisphere_inventory.csv`, `results/spatial_validation/build_s","FULL_PATH","results/spatial_validation/build_spatial_data_contract/global/tables/spatial_systems_hemisphere_inventory.csv","","DOCUMENTATION","active",FALSE,"HIGH",""
"build_spatial_data_contract","pRoteomics","docs/ANALYSIS_ENTRYPOINTS.md","91: | outputs | `results/spatial_validation/build_spatial_data_contract/global/tables/spatial_systems_hemisphere_inventory.csv`, `results/spatial_validation/build_s","FULL_PATH","results/spatial_validation/build_spatial_data_contract/global/tables/spatial_systems_aggregation_validation.csv","","DOCUMENTATION","active",FALSE,"HIGH",""
"build_spatial_data_contract","pRoteomics","docs/ANALYSIS_ENTRYPOINTS.md","91: | outputs | `results/spatial_validation/build_spatial_data_contract/global/tables/spatial_systems_hemisphere_inventory.csv`, `results/spatial_validation/build_s","FULL_PATH","results/spatial_validation/build_spatial_data_contract/global/tables/spatial_systems_evidence_dependence.csv","","DOCUMENTATION","active",FALSE,"HIGH",""
"build_spatial_data_contract","pRoteomics","docs/ANALYSIS_ENTRYPOINTS.md","87: | entrypoint | `analysis/spatial_validation/build_spatial_data_contract.R` |","NAMESPACE_BASENAME","data_contract","","DOCUMENTATION","active",FALSE,"MEDIUM",""
"build_spatial_data_contract","pRoteomics","docs/ANALYSIS_ENTRYPOINTS.md","91: | outputs | `results/spatial_validation/build_spatial_data_contract/global/tables/spatial_systems_hemisphere_inventory.csv`, `results/spatial_validation/build_s","NAMESPACE_BASENAME","data_contract","","DOCUMENTATION","active",FALSE,"MEDIUM",""
"build_spatial_data_contract","pRoteomics","docs/ANALYSIS_ENTRYPOINTS.md","100: - `analysis/spatial_validation/build_spatial_data_contract.R` - stage `networks`, scope `per_dataset`","NAMESPACE_BASENAME","data_contract","","DOCUMENTATION","active",FALSE,"MEDIUM",""
"build_spatial_data_contract","pRoteomics","docs/ANALYSIS_ENTRYPOINTS.md","87: | entrypoint | `analysis/spatial_validation/build_spatial_data_contract.R` |","ANALYSIS_REFERENCE","build_spatial_data_contract","","DOCUMENTATION","active",FALSE,"MEDIUM",""
"build_spatial_data_contract","pRoteomics","docs/ANALYSIS_ENTRYPOINTS.md","91: | outputs | `results/spatial_validation/build_spatial_data_contract/global/tables/spatial_systems_hemisphere_inventory.csv`, `results/spatial_validation/build_s","ANALYSIS_REFERENCE","build_spatial_data_contract","","DOCUMENTATION","active",FALSE,"MEDIUM",""
"build_spatial_data_contract","pRoteomics","docs/ANALYSIS_ENTRYPOINTS.md","100: - `analysis/spatial_validation/build_spatial_data_contract.R` - stage `networks`, scope `per_dataset`","ANALYSIS_REFERENCE","build_spatial_data_contract","","DOCUMENTATION","active",FALSE,"MEDIUM",""
"build_spatial_data_contract","pRoteomics","docs/ANALYSIS_ENTRYPOINTS.md","87: | entrypoint | `analysis/spatial_validation/build_spatial_data_contract.R` |","ANALYSIS_REFERENCE","build_spatial_data_contract.R","","DOCUMENTATION","active",FALSE,"MEDIUM",""
"build_spatial_data_contract","pRoteomics","docs/ANALYSIS_ENTRYPOINTS.md","100: - `analysis/spatial_validation/build_spatial_data_contract.R` - stage `networks`, scope `per_dataset`","ANALYSIS_REFERENCE","build_spatial_data_contract.R","","DOCUMENTATION","active",FALSE,"MEDIUM",""
"build_spatial_data_contract","pRoteomics","docs/current_data_flow.md","95: `R/data_contracts/dataset_inputs.R` resolves module-score metadata in this order: canonical processed dataset path, explicit `PROTEOMICS_MODULE_SCORE_METADATA_F","NAMESPACE_BASENAME","data_contract","","DOCUMENTATION","active",FALSE,"MEDIUM",""
"build_spatial_data_contract","pRoteomics","docs/DATASETS.md","3: The active dataset families are defined in `R/data_contracts/dataset_config.R` and mirrored in `pipeline.yml`.","NAMESPACE_BASENAME","data_contract","","DOCUMENTATION","active",FALSE,"MEDIUM",""
"build_spatial_data_contract","pRoteomics","docs/DATASETS.md","30: source(""R/data_contracts/dataset_config.R"")","NAMESPACE_BASENAME","data_contract","","DOCUMENTATION","active",FALSE,"MEDIUM",""
"build_spatial_data_contract","pRoteomics","docs/MAINTENANCE.md","39: Use existing validators in `R/data_contracts/module_contracts.R`, `R/utilities/schema_validation.R`, or `R/utilities/validation_utils.R` where possible. For new","NAMESPACE_BASENAME","data_contract","","DOCUMENTATION","active",FALSE,"MEDIUM",""
"build_spatial_data_contract","pRoteomics","docs/OUTPUT_LAYOUT.md","164: [`config/publication_source_data_contract.yml`](../config/publication_source_data_contract.yml):","NAMESPACE_BASENAME","data_contract","","DOCUMENTATION","active",FALSE,"MEDIUM",""
"build_spatial_data_contract","pRoteomics","docs/refactor_backlog.md","127: - Consider replacing resolver code with `R/data_contracts/dataset_inputs.R` helpers or","NAMESPACE_BASENAME","data_contract","","DOCUMENTATION","active",FALSE,"MEDIUM",""
"build_spatial_data_contract","pRoteomics","docs/REPOSITORY_ARCHITECTURE.md","33: ├── data_contracts/      dataset, identifier, module and spatial-systems contracts","NAMESPACE_BASENAME","data_contract","","DOCUMENTATION","active",FALSE,"MEDIUM",""
"build_spatial_data_contract","pRoteomics","docs/REPOSITORY_ARCHITECTURE.md","99: `config/publication_source_data_contract.yml` names the canonical publication","NAMESPACE_BASENAME","data_contract","","DOCUMENTATION","active",FALSE,"MEDIUM",""
"build_spatial_data_contract","pRoteomics","docs/RESULTS_OWNERSHIP.md","154: | `results/spatial_validation/build_spatial_data_contract/global` | `build_spatial_data_contract.R` | 1 | 3 |","NAMESPACE_BASENAME","data_contract","","DOCUMENTATION","active",FALSE,"MEDIUM",""
"build_spatial_data_contract","pRoteomics","docs/RESULTS_OWNERSHIP.md","154: | `results/spatial_validation/build_spatial_data_contract/global` | `build_spatial_data_contract.R` | 1 | 3 |","ANALYSIS_REFERENCE","build_spatial_data_contract","","DOCUMENTATION","active",FALSE,"MEDIUM",""
"build_spatial_data_contract","pRoteomics","docs/RESULTS_OWNERSHIP.md","154: | `results/spatial_validation/build_spatial_data_contract/global` | `build_spatial_data_contract.R` | 1 | 3 |","ANALYSIS_REFERENCE","build_spatial_data_contract.R","","DOCUMENTATION","active",FALSE,"MEDIUM",""
"build_spatial_data_contract","pRoteomics","docs/SPATIAL_SYSTEMS_FOUNDATIONS.md","157: | `11_spatial_systems/data_contract/spatial_systems_hemisphere_inventory.csv` | everything side-resolved |","NAMESPACE_BASENAME","11_spatial_systems","","DOCUMENTATION","active",FALSE,"MEDIUM",""
"build_spatial_data_contract","pRoteomics","docs/SPATIAL_SYSTEMS_FOUNDATIONS.md","37: `R/data_contracts/spatial_systems_data_utils.R` builds four explicit levels:","NAMESPACE_BASENAME","data_contract","","DOCUMENTATION","active",FALSE,"MEDIUM",""
"build_spatial_data_contract","pRoteomics","docs/SPATIAL_SYSTEMS_FOUNDATIONS.md","52: - `R/data_contracts/protigy_input_utils.R` — `single_observed_hemisphere_no_imputation`","NAMESPACE_BASENAME","data_contract","","DOCUMENTATION","active",FALSE,"MEDIUM",""
"build_spatial_data_contract","pRoteomics","docs/SPATIAL_SYSTEMS_FOUNDATIONS.md","157: | `11_spatial_systems/data_contract/spatial_systems_hemisphere_inventory.csv` | everything side-resolved |","NAMESPACE_BASENAME","data_contract","","DOCUMENTATION","active",FALSE,"MEDIUM",""
"build_spatial_data_contract","pRoteomics","R/data_contracts/spatial_systems_data_utils.R","27: #     R/data_contracts/protigy_input_utils.R        ""single_observed_hemisphere_no_imputation""","DOCUMENTATION_ONLY","data_contract","","DOCUMENTATION","active",FALSE,"N/A",""
"build_spatial_data_contract","pRoteomics","R/paths.R","79: # R/ is organised into domain subdirectories (data_contracts, qc, statistics,","DOCUMENTATION_ONLY","data_contract","","DOCUMENTATION","active",FALSE,"N/A",""
"build_spatial_data_contract","pRoteomics","tests/testthat/test-writer-audit-vocabulary.R","9: #     path_results(""tables"", ""11_spatial_systems"", ...). The legacy path was","DOCUMENTATION_ONLY","11_spatial_systems","","DOCUMENTATION","active",FALSE,"N/A",""
"build_spatial_data_contract","pRoteomics","tools/audit_writer_namespaces.R","59: # path_results(""tables"", ""11_spatial_systems"", ...). The path construction was","DOCUMENTATION_ONLY","11_spatial_systems","","DOCUMENTATION","active",FALSE,"N/A",""
"build_spatial_data_contract","pRoteomics","tools/enumerate_output_consumers.R","318: ## results/tables/11_spatial_systems/atlas/... and then resolves each one","DOCUMENTATION_ONLY","11_spatial_systems","","DOCUMENTATION","active",FALSE,"N/A",""
"build_spatial_data_contract","pRoteomics","config/legacy_output_registry.csv","41: ""results/tables/11_spatial_systems"",""LEGACY_READ_ONLY"",""manuscript rendering layer moved to Exp9_manuscript in Phase 6C; artefacts frozen"",11,153,33294888,"""",0,","NAMESPACE_BASENAME","11_spatial_systems","","GENERATED_RECORD","active",FALSE,"MEDIUM",""
"build_spatial_data_contract","pRoteomics","config/legacy_output_registry.csv","54: ""results/figures/11_spatial_systems"",""LEGACY_READ_ONLY"",""no registered writer declares output here"",0,22,1413095,"""",0,""this path""","NAMESPACE_BASENAME","11_spatial_systems","","GENERATED_RECORD","active",FALSE,"MEDIUM",""
"build_spatial_data_contract","pRoteomics","config/legacy_output_registry.csv","32: ""results/spatial_validation"",""ACTIVE_NOT_LEGACY"",""active: a registered writer still declares output here"",0,0,0,""build_spatial_data_contract.R | quantify_bilate","NAMESPACE_BASENAME","data_contract","","GENERATED_RECORD","active",FALSE,"MEDIUM",""
"build_spatial_data_contract","pRoteomics","config/legacy_output_registry.csv","32: ""results/spatial_validation"",""ACTIVE_NOT_LEGACY"",""active: a registered writer still declares output here"",0,0,0,""build_spatial_data_contract.R | quantify_bilate","ANALYSIS_REFERENCE","build_spatial_data_contract","","GENERATED_RECORD","active",FALSE,"MEDIUM",""
"build_spatial_data_contract","pRoteomics","config/legacy_output_registry.csv","32: ""results/spatial_validation"",""ACTIVE_NOT_LEGACY"",""active: a registered writer still declares output here"",0,0,0,""build_spatial_data_contract.R | quantify_bilate","ANALYSIS_REFERENCE","build_spatial_data_contract.R","","GENERATED_RECORD","active",FALSE,"MEDIUM",""
"build_spatial_data_contract","pRoteomics","config/results_ownership.csv","134: ""results/spatial_validation/build_spatial_data_contract/global"",""results/spatial_validation/build_spatial_data_contract"",""analysis/spatial_validation/build_spat","FULL_PATH","results/spatial_validation/build_spatial_data_contract/global/tables/spatial_systems_hemisphere_inventory.csv","","GENERATED_RECORD","active",FALSE,"HIGH",""
"build_spatial_data_contract","pRoteomics","config/results_ownership.csv","134: ""results/spatial_validation/build_spatial_data_contract/global"",""results/spatial_validation/build_spatial_data_contract"",""analysis/spatial_validation/build_spat","FULL_PATH","results/spatial_validation/build_spatial_data_contract/global/tables/spatial_systems_aggregation_validation.csv","","GENERATED_RECORD","active",FALSE,"HIGH",""
"build_spatial_data_contract","pRoteomics","config/results_ownership.csv","134: ""results/spatial_validation/build_spatial_data_contract/global"",""results/spatial_validation/build_spatial_data_contract"",""analysis/spatial_validation/build_spat","FULL_PATH","results/spatial_validation/build_spatial_data_contract/global/tables/spatial_systems_evidence_dependence.csv","","GENERATED_RECORD","active",FALSE,"HIGH",""
"build_spatial_data_contract","pRoteomics","config/results_ownership.csv","134: ""results/spatial_validation/build_spatial_data_contract/global"",""results/spatial_validation/build_spatial_data_contract"",""analysis/spatial_validation/build_spat","NAMESPACE_BASENAME","data_contract","","GENERATED_RECORD","active",FALSE,"MEDIUM",""
"build_spatial_data_contract","pRoteomics","config/results_ownership.csv","134: ""results/spatial_validation/build_spatial_data_contract/global"",""results/spatial_validation/build_spatial_data_contract"",""analysis/spatial_validation/build_spat","ANALYSIS_REFERENCE","build_spatial_data_contract","","GENERATED_RECORD","active",FALSE,"MEDIUM",""
"build_spatial_data_contract","pRoteomics","config/results_ownership.csv","134: ""results/spatial_validation/build_spatial_data_contract/global"",""results/spatial_validation/build_spatial_data_contract"",""analysis/spatial_validation/build_spat","ANALYSIS_REFERENCE","build_spatial_data_contract.R","","GENERATED_RECORD","active",FALSE,"MEDIUM",""
"build_spatial_data_contract","pRoteomics","docs/active_script_io_audit.tsv","64: analysis/spatial_validation/build_spatial_data_contract.R	active_optional	required: data/processed/01_preprocessing/06_merged_metadata_module_score/<dataset>/sa","FULL_PATH","results/tables/11_spatial_systems/data_contract/spatial_systems_aggregation_validation.csv","","GENERATED_RECORD","active",FALSE,"HIGH",""
"build_spatial_data_contract","pRoteomics","docs/active_script_io_audit.tsv","70: analysis/spatial_validation/validate_spatial_foundations.R	active_optional	required: results/tables/11_spatial_systems/data_contract/spatial_systems_aggregation","FULL_PATH","results/tables/11_spatial_systems/data_contract/spatial_systems_aggregation_validation.csv","","GENERATED_RECORD","active",FALSE,"HIGH",""
"build_spatial_data_contract","pRoteomics","docs/active_script_io_audit.tsv","64: analysis/spatial_validation/build_spatial_data_contract.R	active_optional	required: data/processed/01_preprocessing/06_merged_metadata_module_score/<dataset>/sa","FULL_PATH","results/tables/11_spatial_systems/data_contract/spatial_systems_evidence_dependence.csv","","GENERATED_RECORD","active",FALSE,"HIGH",""
"build_spatial_data_contract","pRoteomics","docs/active_script_io_audit.tsv","64: analysis/spatial_validation/build_spatial_data_contract.R	active_optional	required: data/processed/01_preprocessing/06_merged_metadata_module_score/<dataset>/sa","FULL_PATH","results/tables/11_spatial_systems/data_contract/spatial_systems_hemisphere_inventory.csv","","GENERATED_RECORD","active",FALSE,"HIGH",""
"build_spatial_data_contract","pRoteomics","docs/active_script_io_audit.tsv","76: analysis/spatial_validation/build_animal_spatial_networks.R	active_optional	required: data/processed/01_preprocessing/06_merged_metadata_module_score/<dataset>/","FULL_PATH","results/tables/11_spatial_systems/data_contract/spatial_systems_hemisphere_inventory.csv","","GENERATED_RECORD","active",FALSE,"HIGH",""
"build_spatial_data_contract","pRoteomics","docs/active_script_io_audit.tsv","64: analysis/spatial_validation/build_spatial_data_contract.R	active_optional	required: data/processed/01_preprocessing/06_merged_metadata_module_score/<dataset>/sa","NAMESPACE_BASENAME","11_spatial_systems","","GENERATED_RECORD","active",FALSE,"MEDIUM",""
"build_spatial_data_contract","pRoteomics","docs/active_script_io_audit.tsv","65: analysis/spatial_validation/quantify_bilateral_spatial_identity.R	active_optional	required: data/processed/01_preprocessing/06_merged_metadata_module_score/<dat","NAMESPACE_BASENAME","11_spatial_systems","","GENERATED_RECORD","active",FALSE,"MEDIUM",""
"build_spatial_data_contract","pRoteomics","docs/active_script_io_audit.tsv","66: analysis/spatial_validation/quantify_empirical_compartments.R	active_optional	required: results/tables/03_qc_exploration/05_empirical_roi_marker_discovery/empir","NAMESPACE_BASENAME","11_spatial_systems","","GENERATED_RECORD","active",FALSE,"MEDIUM",""
"build_spatial_data_contract","pRoteomics","docs/active_script_io_audit.tsv","67: analysis/spatial_validation/quantify_module_bilateral_identity.R	active_optional	required: results/tables/06_modules_WGCNA/group_effects/<dataset>/WGCNA_group_e","NAMESPACE_BASENAME","11_spatial_systems","","GENERATED_RECORD","active",FALSE,"MEDIUM",""
"build_spatial_data_contract","pRoteomics","docs/active_script_io_audit.tsv","68: analysis/spatial_validation/annotate_module_celltypes.R	active_optional	required: results/tables/06_modules_WGCNA/01_WGCNA/<dataset>/modules/WGCNA_modules_long.","NAMESPACE_BASENAME","11_spatial_systems","","GENERATED_RECORD","active",FALSE,"MEDIUM",""
"build_spatial_data_contract","pRoteomics","docs/active_script_io_audit.tsv","69: analysis/spatial_validation/decompose_bilateral_variance.R	active_optional	required: results/tables/06_modules_WGCNA/group_effects/<dataset>/WGCNA_group_effect_","NAMESPACE_BASENAME","11_spatial_systems","","GENERATED_RECORD","active",FALSE,"MEDIUM",""
"build_spatial_data_contract","pRoteomics","docs/active_script_io_audit.tsv","70: analysis/spatial_validation/validate_spatial_foundations.R	active_optional	required: results/tables/11_spatial_systems/data_contract/spatial_systems_aggregation","NAMESPACE_BASENAME","11_spatial_systems","","GENERATED_RECORD","active",FALSE,"MEDIUM",""
"build_spatial_data_contract","pRoteomics","docs/active_script_io_audit.tsv","71: analysis/spatial_validation/build_module_spatial_atlas.R	active_optional	required: results/tables/06_modules_WGCNA/group_effects/<dataset>/WGCNA_group_effect_he","NAMESPACE_BASENAME","11_spatial_systems","","GENERATED_RECORD","active",FALSE,"MEDIUM",""
"build_spatial_data_contract","pRoteomics","docs/active_script_io_audit.tsv","72: analysis/spatial_validation/build_protein_spatial_atlas.R	active_optional	required: results/tables/10_biological_integration/wgcna_candidate_protein_shortlist/g","NAMESPACE_BASENAME","11_spatial_systems","","GENERATED_RECORD","active",FALSE,"MEDIUM",""
"build_spatial_data_contract","pRoteomics","docs/active_script_io_audit.tsv","73: analysis/spatial_validation/quantify_neuropil_detection_context.R	active_optional	required: results/tables/04_differential_expression_enrichment/sus_res_spatial","NAMESPACE_BASENAME","11_spatial_systems","","GENERATED_RECORD","active",FALSE,"MEDIUM",""
"build_spatial_data_contract","pRoteomics","docs/active_script_io_audit.tsv","74: analysis/spatial_validation/summarize_spatial_atlas.R	active_optional	required: results/tables/11_spatial_systems/atlas/WGCNA_module_spatial_cell_affinity.csv|r","NAMESPACE_BASENAME","11_spatial_systems","","GENERATED_RECORD","active",FALSE,"MEDIUM",""
"build_spatial_data_contract","pRoteomics","docs/active_script_io_audit.tsv","75: analysis/spatial_validation/quantify_neuropil_precision.R	active_optional	required: data/processed/02_id_mapping_animal_level/mapped/neuron_neuropil/forward/per","NAMESPACE_BASENAME","11_spatial_systems","","GENERATED_RECORD","active",FALSE,"MEDIUM",""
"build_spatial_data_contract","pRoteomics","docs/active_script_io_audit.tsv","76: analysis/spatial_validation/build_animal_spatial_networks.R	active_optional	required: data/processed/01_preprocessing/06_merged_metadata_module_score/<dataset>/","NAMESPACE_BASENAME","11_spatial_systems","","GENERATED_RECORD","active",FALSE,"MEDIUM",""
"build_spatial_data_contract","pRoteomics","docs/active_script_io_audit.tsv","77: analysis/spatial_validation/test_network_group_organization.R	active_optional	required: results/tables/11_spatial_systems/networks/animal_network_objects.rds|re","NAMESPACE_BASENAME","11_spatial_systems","","GENERATED_RECORD","active",FALSE,"MEDIUM",""
"build_spatial_data_contract","pRoteomics","docs/active_script_io_audit.tsv","78: analysis/spatial_validation/validate_network_workbook.R	active_optional	required: results/tables/11_spatial_systems/networks/animal_network_edges.csv|results/ta","NAMESPACE_BASENAME","11_spatial_systems","","GENERATED_RECORD","active",FALSE,"MEDIUM",""
"build_spatial_data_contract","pRoteomics","docs/active_script_io_audit.tsv","79: analysis/spatial_validation/audit_ca2_slm_robustness.R	active_optional	required: data/processed/02_id_mapping/mapped/neuron_neuropil/forward/per_file/CA2slmsus_","NAMESPACE_BASENAME","11_spatial_systems","","GENERATED_RECORD","active",FALSE,"MEDIUM",""
"build_spatial_data_contract","pRoteomics","docs/active_script_io_audit.tsv","80: analysis/spatial_validation/audit_stress_identity_robustness.R	active_optional	required: results/tables/11_spatial_systems/atlas/protein_spatial_cell_affinity.c","NAMESPACE_BASENAME","11_spatial_systems","","GENERATED_RECORD","active",FALSE,"MEDIUM",""
"build_spatial_data_contract","pRoteomics","docs/active_script_io_audit.tsv","81: analysis/spatial_validation/summarize_ca2_slm_robustness.R	active_optional	required: results/tables/11_spatial_systems/ca2_slm_robustness/CA2_SLM_DAP_robustness","NAMESPACE_BASENAME","11_spatial_systems","","GENERATED_RECORD","active",FALSE,"MEDIUM",""
"build_spatial_data_contract","pRoteomics","docs/active_script_io_audit.tsv","95: analysis/integration/screen_immunostaining_panel.R	active_optional	required: data/processed/02_id_mapping/mapped/neuron_neuropil/forward/per_file/|data/processe","NAMESPACE_BASENAME","11_spatial_systems","","GENERATED_RECORD","active",FALSE,"MEDIUM",""
"build_spatial_data_contract","pRoteomics","docs/active_script_io_audit.tsv","64: analysis/spatial_validation/build_spatial_data_contract.R	active_optional	required: data/processed/01_preprocessing/06_merged_metadata_module_score/<dataset>/sa","NAMESPACE_BASENAME","data_contract","","GENERATED_RECORD","active",FALSE,"MEDIUM",""
"build_spatial_data_contract","pRoteomics","docs/active_script_io_audit.tsv","70: analysis/spatial_validation/validate_spatial_foundations.R	active_optional	required: results/tables/11_spatial_systems/data_contract/spatial_systems_aggregation","NAMESPACE_BASENAME","data_contract","","GENERATED_RECORD","active",FALSE,"MEDIUM",""
"build_spatial_data_contract","pRoteomics","docs/active_script_io_audit.tsv","76: analysis/spatial_validation/build_animal_spatial_networks.R	active_optional	required: data/processed/01_preprocessing/06_merged_metadata_module_score/<dataset>/","NAMESPACE_BASENAME","data_contract","","GENERATED_RECORD","active",FALSE,"MEDIUM",""
"build_spatial_data_contract","pRoteomics","docs/active_script_io_audit.tsv","64: analysis/spatial_validation/build_spatial_data_contract.R	active_optional	required: data/processed/01_preprocessing/06_merged_metadata_module_score/<dataset>/sa","ANALYSIS_REFERENCE","build_spatial_data_contract","","GENERATED_RECORD","active",FALSE,"MEDIUM",""
"build_spatial_data_contract","pRoteomics","docs/active_script_io_audit.tsv","64: analysis/spatial_validation/build_spatial_data_contract.R	active_optional	required: data/processed/01_preprocessing/06_merged_metadata_module_score/<dataset>/sa","ANALYSIS_REFERENCE","build_spatial_data_contract.R","","GENERATED_RECORD","active",FALSE,"MEDIUM",""
"build_spatial_data_contract","pRoteomics","audits/migration/generate_prerestructure_freeze.R","104: for (f in c(""results/tables/11_spatial_systems/atlas/protein_spatial_cell_affinity.csv"",","NAMESPACE_BASENAME","11_spatial_systems","","PROVENANCE","historical",FALSE,"MEDIUM",""
"build_spatial_data_contract","pRoteomics","audits/migration/generate_prerestructure_freeze.R","106: ""results/tables/11_spatial_systems/bilateral/bilateral_spatial_identity_summary.csv"",","NAMESPACE_BASENAME","11_spatial_systems","","PROVENANCE","historical",FALSE,"MEDIUM",""
"build_spatial_data_contract","pRoteomics","audits/part29/wgcna_registry_final_review.R","91: aff <- rd(""results"", ""tables"", ""11_spatial_systems"", ""atlas"",","NAMESPACE_BASENAME","11_spatial_systems","","PROVENANCE","historical",FALSE,"MEDIUM",""
"build_spatial_data_contract","pRoteomics","audits/part29/wgcna_registry_final_review.R","96: ewce <- rd(""results"", ""tables"", ""11_spatial_systems"", ""celltype_annotation"",","NAMESPACE_BASENAME","11_spatial_systems","","PROVENANCE","historical",FALSE,"MEDIUM",""
"build_spatial_data_contract","pRoteomics","audits/part29/wgcna_registry_final_review.R","440: EWP <- ""results/tables/11_spatial_systems/celltype_annotation/WGCNA_module_external_celltype_affinity_long.csv""","NAMESPACE_BASENAME","11_spatial_systems","","PROVENANCE","historical",FALSE,"MEDIUM",""
"build_spatial_data_contract","pRoteomics","audits/part29/wgcna_registry_final_review.R","442: AFP <- ""results/tables/11_spatial_systems/atlas/WGCNA_module_spatial_cell_affinity.csv""","NAMESPACE_BASENAME","11_spatial_systems","","PROVENANCE","historical",FALSE,"MEDIUM",""
"build_spatial_data_contract","pRoteomics","audits/phase6e_active_code_inventory.csv","100: ""analysis/03_spatial_validation/11_spatial_systems_atlas_workbook.R"",""11_spatial_systems_atlas_workbook.R"",""ANALYSIS_ENTRYPOINT"",""03_spatial_validation"",TRUE,9,","NAMESPACE_BASENAME","11_spatial_systems","","PROVENANCE","historical",FALSE,"MEDIUM",""
"build_spatial_data_contract","pRoteomics","audits/phase6e_active_code_inventory.csv","2: ""R/data_contracts/animal_id_contract.R"",""animal_id_contract.R"",""REUSABLE_LIBRARY"",""data_contracts"",FALSE,9,0,0,4,1,"""","""","""",NA,""""","NAMESPACE_BASENAME","data_contract","","PROVENANCE","historical",FALSE,"MEDIUM",""
"build_spatial_data_contract","pRoteomics","audits/phase6e_active_code_inventory.csv","3: ""R/data_contracts/dataset_config.R"",""dataset_config.R"",""REUSABLE_LIBRARY"",""data_contracts"",FALSE,13,0,0,93,19,"""","""","""",NA,""""","NAMESPACE_BASENAME","data_contract","","PROVENANCE","historical",FALSE,"MEDIUM",""
"build_spatial_data_contract","pRoteomics","audits/phase6e_active_code_inventory.csv","4: ""R/data_contracts/dataset_inputs.R"",""dataset_inputs.R"",""REUSABLE_LIBRARY"",""data_contracts"",FALSE,6,0,0,32,5,"""","""","""",NA,""""","NAMESPACE_BASENAME","data_contract","","PROVENANCE","historical",FALSE,"MEDIUM",""
"build_spatial_data_contract","pRoteomics","audits/phase6e_active_code_inventory.csv","5: ""R/data_contracts/mapping_branch_utils.R"",""mapping_branch_utils.R"",""REUSABLE_LIBRARY"",""data_contracts"",FALSE,14,0,0,3,1,"""","""","""",NA,""""","NAMESPACE_BASENAME","data_contract","","PROVENANCE","historical",FALSE,"MEDIUM",""
"build_spatial_data_contract","pRoteomics","audits/phase6e_active_code_inventory.csv","6: ""R/data_contracts/module_contracts.R"",""module_contracts.R"",""REUSABLE_LIBRARY"",""data_contracts"",FALSE,41,0,0,15,8,"""","""","""",NA,""""","NAMESPACE_BASENAME","data_contract","","PROVENANCE","historical",FALSE,"MEDIUM",""
"build_spatial_data_contract","pRoteomics","audits/phase6e_active_code_inventory.csv","7: ""R/data_contracts/protein_mapping_utils.R"",""protein_mapping_utils.R"",""REUSABLE_LIBRARY"",""data_contracts"",FALSE,41,0,0,8,4,"""","""","""",NA,""""","NAMESPACE_BASENAME","data_contract","","PROVENANCE","historical",FALSE,"MEDIUM",""
"build_spatial_data_contract","pRoteomics","audits/phase6e_active_code_inventory.csv","8: ""R/data_contracts/protigy_input_utils.R"",""protigy_input_utils.R"",""REUSABLE_LIBRARY"",""data_contracts"",FALSE,14,0,0,9,2,""protigy"","""","""",NA,""""","NAMESPACE_BASENAME","data_contract","","PROVENANCE","historical",FALSE,"MEDIUM",""
"build_spatial_data_contract","pRoteomics","audits/phase6e_active_code_inventory.csv","9: ""R/data_contracts/protigy_stat_gct_utils.R"",""protigy_stat_gct_utils.R"",""REUSABLE_LIBRARY"",""data_contracts"",FALSE,27,0,0,3,1,""protigy"","""","""",NA,""""","NAMESPACE_BASENAME","data_contract","","PROVENANCE","historical",FALSE,"MEDIUM",""
"build_spatial_data_contract","pRoteomics","audits/phase6e_active_code_inventory.csv","10: ""R/data_contracts/publication_freeze_utils.R"",""publication_freeze_utils.R"",""REUSABLE_LIBRARY"",""data_contracts"",FALSE,31,0,0,3,2,"""","""","""",NA,""""","NAMESPACE_BASENAME","data_contract","","PROVENANCE","historical",FALSE,"MEDIUM",""
"build_spatial_data_contract","pRoteomics","audits/phase6e_active_code_inventory.csv","11: ""R/data_contracts/spatial_systems_data_utils.R"",""spatial_systems_data_utils.R"",""REUSABLE_LIBRARY"",""data_contracts"",FALSE,14,0,0,13,1,"""","""","""",NA,""""","NAMESPACE_BASENAME","data_contract","","PROVENANCE","historical",FALSE,"MEDIUM",""
"build_spatial_data_contract","pRoteomics","audits/phase6e_active_code_inventory.csv","12: ""R/data_contracts/spatial_systems_endpoint_utils.R"",""spatial_systems_endpoint_utils.R"",""REUSABLE_LIBRARY"",""data_contracts"",FALSE,8,0,0,3,1,"""","""","""",NA,""""","NAMESPACE_BASENAME","data_contract","","PROVENANCE","historical",FALSE,"MEDIUM",""
"build_spatial_data_contract","pRoteomics","audits/phase6e_active_code_inventory.csv","13: ""R/data_contracts/spatial_systems_evidence_registry.R"",""spatial_systems_evidence_registry.R"",""REUSABLE_LIBRARY"",""data_contracts"",FALSE,2,0,0,3,1,"""","""","""",NA,""""","NAMESPACE_BASENAME","data_contract","","PROVENANCE","historical",FALSE,"MEDIUM",""
"build_spatial_data_contract","pRoteomics","audits/phase6e_active_code_inventory.csv","90: ""analysis/03_spatial_validation/01_spatial_systems_data_contract.R"",""01_spatial_systems_data_contract.R"",""ANALYSIS_ENTRYPOINT"",""03_spatial_validation"",TRUE,4,3,","NAMESPACE_BASENAME","data_contract","","PROVENANCE","historical",FALSE,"MEDIUM",""
"build_spatial_data_contract","pRoteomics","audits/phase6e_final_active_tree.csv","104: ""R/data_contracts/animal_id_contract.R"",""animal_id_contract.R"",""R"",""REUSABLE_LIBRARY"",""ACTIVE_SUPPORT"",FALSE,0,FALSE,4,1,FALSE,FALSE,TRUE","NAMESPACE_BASENAME","data_contract","","PROVENANCE","historical",FALSE,"MEDIUM",""
"build_spatial_data_contract","pRoteomics","audits/phase6e_final_active_tree.csv","105: ""R/data_contracts/dataset_config.R"",""dataset_config.R"",""R"",""REUSABLE_LIBRARY"",""ACTIVE_SUPPORT"",FALSE,0,FALSE,96,21,FALSE,FALSE,TRUE","NAMESPACE_BASENAME","data_contract","","PROVENANCE","historical",FALSE,"MEDIUM",""
"build_spatial_data_contract","pRoteomics","audits/phase6e_final_active_tree.csv","106: ""R/data_contracts/dataset_inputs.R"",""dataset_inputs.R"",""R"",""REUSABLE_LIBRARY"",""ACTIVE_SUPPORT"",FALSE,0,FALSE,30,5,FALSE,FALSE,TRUE","NAMESPACE_BASENAME","data_contract","","PROVENANCE","historical",FALSE,"MEDIUM",""
"build_spatial_data_contract","pRoteomics","audits/phase6e_final_active_tree.csv","107: ""R/data_contracts/mapping_branch_utils.R"",""mapping_branch_utils.R"",""R"",""REUSABLE_LIBRARY"",""ACTIVE_SUPPORT"",FALSE,0,FALSE,3,1,FALSE,FALSE,TRUE","NAMESPACE_BASENAME","data_contract","","PROVENANCE","historical",FALSE,"MEDIUM",""
"build_spatial_data_contract","pRoteomics","audits/phase6e_final_active_tree.csv","108: ""R/data_contracts/module_contracts.R"",""module_contracts.R"",""R"",""REUSABLE_LIBRARY"",""ACTIVE_SUPPORT"",FALSE,0,FALSE,15,8,FALSE,FALSE,TRUE","NAMESPACE_BASENAME","data_contract","","PROVENANCE","historical",FALSE,"MEDIUM",""
"build_spatial_data_contract","pRoteomics","audits/phase6e_final_active_tree.csv","109: ""R/data_contracts/protein_mapping_utils.R"",""protein_mapping_utils.R"",""R"",""REUSABLE_LIBRARY"",""ACTIVE_SUPPORT"",FALSE,0,FALSE,8,4,FALSE,FALSE,TRUE","NAMESPACE_BASENAME","data_contract","","PROVENANCE","historical",FALSE,"MEDIUM",""
"build_spatial_data_contract","pRoteomics","audits/phase6e_final_active_tree.csv","110: ""R/data_contracts/protigy_input_utils.R"",""protigy_input_utils.R"",""R"",""REUSABLE_LIBRARY"",""ACTIVE_SUPPORT"",FALSE,0,FALSE,8,2,FALSE,FALSE,TRUE","NAMESPACE_BASENAME","data_contract","","PROVENANCE","historical",FALSE,"MEDIUM",""
"build_spatial_data_contract","pRoteomics","audits/phase6e_final_active_tree.csv","111: ""R/data_contracts/protigy_stat_gct_utils.R"",""protigy_stat_gct_utils.R"",""R"",""REUSABLE_LIBRARY"",""ACTIVE_SUPPORT"",FALSE,0,FALSE,2,1,FALSE,FALSE,TRUE","NAMESPACE_BASENAME","data_contract","","PROVENANCE","historical",FALSE,"MEDIUM",""
"build_spatial_data_contract","pRoteomics","audits/phase6e_final_active_tree.csv","112: ""R/data_contracts/publication_freeze_utils.R"",""publication_freeze_utils.R"",""R"",""REUSABLE_LIBRARY"",""ACTIVE_SUPPORT"",FALSE,0,FALSE,3,2,FALSE,FALSE,TRUE","NAMESPACE_BASENAME","data_contract","","PROVENANCE","historical",FALSE,"MEDIUM",""
"build_spatial_data_contract","pRoteomics","audits/phase6e_final_active_tree.csv","113: ""R/data_contracts/spatial_systems_data_utils.R"",""spatial_systems_data_utils.R"",""R"",""REUSABLE_LIBRARY"",""ACTIVE_SUPPORT"",FALSE,0,FALSE,13,1,FALSE,FALSE,TRUE","NAMESPACE_BASENAME","data_contract","","PROVENANCE","historical",FALSE,"MEDIUM",""
"build_spatial_data_contract","pRoteomics","audits/phase6e_final_active_tree.csv","114: ""R/data_contracts/spatial_systems_endpoint_utils.R"",""spatial_systems_endpoint_utils.R"",""R"",""REUSABLE_LIBRARY"",""ACTIVE_SUPPORT"",FALSE,0,FALSE,3,1,FALSE,FALSE,TRU","NAMESPACE_BASENAME","data_contract","","PROVENANCE","historical",FALSE,"MEDIUM",""
"build_spatial_data_contract","pRoteomics","audits/phase6e_final_active_tree.csv","115: ""R/data_contracts/spatial_systems_evidence_registry.R"",""spatial_systems_evidence_registry.R"",""R"",""REUSABLE_LIBRARY"",""ACTIVE_SUPPORT"",FALSE,0,FALSE,4,1,FALSE,FAL","NAMESPACE_BASENAME","data_contract","","PROVENANCE","historical",FALSE,"MEDIUM",""
"build_spatial_data_contract","pRoteomics","audits/phase6e_final_active_tree.csv","184: ""analysis/spatial_validation/build_spatial_data_contract.R"",""build_spatial_data_contract.R"",""spatial_validation"",""ANALYSIS_ENTRYPOINT"",""CANONICAL_ENTRYPOINT"",TR","NAMESPACE_BASENAME","data_contract","","PROVENANCE","historical",FALSE,"MEDIUM",""
"build_spatial_data_contract","pRoteomics","audits/phase6e_final_active_tree.csv","184: ""analysis/spatial_validation/build_spatial_data_contract.R"",""build_spatial_data_contract.R"",""spatial_validation"",""ANALYSIS_ENTRYPOINT"",""CANONICAL_ENTRYPOINT"",TR","ANALYSIS_REFERENCE","build_spatial_data_contract","","PROVENANCE","historical",FALSE,"MEDIUM",""
"build_spatial_data_contract","pRoteomics","audits/phase6e_final_active_tree.csv","184: ""analysis/spatial_validation/build_spatial_data_contract.R"",""build_spatial_data_contract.R"",""spatial_validation"",""ANALYSIS_ENTRYPOINT"",""CANONICAL_ENTRYPOINT"",TR","ANALYSIS_REFERENCE","build_spatial_data_contract.R","","PROVENANCE","historical",FALSE,"MEDIUM",""
"build_spatial_data_contract","pRoteomics","audits/phase6e_naming_migration.csv","36: ""analysis/03_spatial_validation/11_spatial_systems_atlas_workbook.R"",""analysis/03_spatial_validation/summarize_spatial_atlas.R"",""ANALYSIS_ENTRYPOINT"",""HISTORICA","NAMESPACE_BASENAME","11_spatial_systems","","PROVENANCE","historical",FALSE,"MEDIUM",""
"build_spatial_data_contract","pRoteomics","audits/phase6e_naming_migration.csv","28: ""analysis/03_spatial_validation/01_spatial_systems_data_contract.R"",""analysis/03_spatial_validation/build_spatial_data_contract.R"",""ANALYSIS_ENTRYPOINT"",""HISTOR","NAMESPACE_BASENAME","data_contract","","PROVENANCE","historical",FALSE,"MEDIUM",""
"build_spatial_data_contract","pRoteomics","audits/phase6e_naming_migration.csv","28: ""analysis/03_spatial_validation/01_spatial_systems_data_contract.R"",""analysis/03_spatial_validation/build_spatial_data_contract.R"",""ANALYSIS_ENTRYPOINT"",""HISTOR","ANALYSIS_REFERENCE","build_spatial_data_contract","","PROVENANCE","historical",FALSE,"MEDIUM",""
"build_spatial_data_contract","pRoteomics","audits/phase6e_naming_migration.csv","28: ""analysis/03_spatial_validation/01_spatial_systems_data_contract.R"",""analysis/03_spatial_validation/build_spatial_data_contract.R"",""ANALYSIS_ENTRYPOINT"",""HISTOR","ANALYSIS_REFERENCE","build_spatial_data_contract.R","","PROVENANCE","historical",FALSE,"MEDIUM",""
"build_spatial_data_contract","pRoteomics","audits/phase6f_output_inventory.csv","130: ""analysis/03_spatial_validation/build_spatial_data_contract.R"",""results/tables/11_spatial_systems/data_contract/spatial_systems_aggregation_validation.csv"",""tab","FULL_PATH","results/tables/11_spatial_systems/data_contract/spatial_systems_aggregation_validation.csv","","PROVENANCE","historical",FALSE,"HIGH",""
"build_spatial_data_contract","pRoteomics","audits/phase6f_output_inventory.csv","131: ""analysis/03_spatial_validation/build_spatial_data_contract.R"",""results/tables/11_spatial_systems/data_contract/spatial_systems_evidence_dependence.csv"",""tables","FULL_PATH","results/tables/11_spatial_systems/data_contract/spatial_systems_evidence_dependence.csv","","PROVENANCE","historical",FALSE,"HIGH",""
"build_spatial_data_contract","pRoteomics","audits/phase6f_output_inventory.csv","132: ""analysis/03_spatial_validation/build_spatial_data_contract.R"",""results/tables/11_spatial_systems/data_contract/spatial_systems_hemisphere_inventory.csv"",""table","FULL_PATH","results/tables/11_spatial_systems/data_contract/spatial_systems_hemisphere_inventory.csv","","PROVENANCE","historical",FALSE,"HIGH",""
"build_spatial_data_contract","pRoteomics","audits/phase6f_output_inventory.csv","130: ""analysis/03_spatial_validation/build_spatial_data_contract.R"",""results/tables/11_spatial_systems/data_contract/spatial_systems_aggregation_validation.csv"",""tab","FULL_PATH","results/spatial_validation/build_spatial_data_contract/<dataset>/tables/spatial_systems_aggregation_validation.csv","","PROVENANCE","historical",FALSE,"HIGH",""
"build_spatial_data_contract","pRoteomics","audits/phase6f_output_inventory.csv","131: ""analysis/03_spatial_validation/build_spatial_data_contract.R"",""results/tables/11_spatial_systems/data_contract/spatial_systems_evidence_dependence.csv"",""tables","FULL_PATH","results/spatial_validation/build_spatial_data_contract/<dataset>/tables/spatial_systems_evidence_dependence.csv","","PROVENANCE","historical",FALSE,"HIGH",""
"build_spatial_data_contract","pRoteomics","audits/phase6f_output_inventory.csv","132: ""analysis/03_spatial_validation/build_spatial_data_contract.R"",""results/tables/11_spatial_systems/data_contract/spatial_systems_hemisphere_inventory.csv"",""table","FULL_PATH","results/spatial_validation/build_spatial_data_contract/<dataset>/tables/spatial_systems_hemisphere_inventory.csv","","PROVENANCE","historical",FALSE,"HIGH",""
"build_spatial_data_contract","pRoteomics","audits/phase6f_output_inventory.csv","97: ""analysis/03_spatial_validation/quantify_neuropil_precision.R"",""results/tables/11_spatial_systems/atlas/ca2_slm_imputation_artifact_test.csv"",""tables"",""CANONICA","NAMESPACE_BASENAME","11_spatial_systems","","PROVENANCE","historical",FALSE,"MEDIUM",""
"build_spatial_data_contract","pRoteomics","audits/phase6f_output_inventory.csv","98: ""analysis/03_spatial_validation/quantify_neuropil_detection_context.R"",""results/tables/11_spatial_systems/atlas/neuropil_spatial_detection_context.csv"",""tables""","NAMESPACE_BASENAME","11_spatial_systems","","PROVENANCE","historical",FALSE,"MEDIUM",""
"build_spatial_data_contract","pRoteomics","audits/phase6f_output_inventory.csv","99: ""analysis/03_spatial_validation/quantify_neuropil_precision.R"",""results/tables/11_spatial_systems/atlas/neuropil_spatial_precision_context.csv"",""tables"",""CANONI","NAMESPACE_BASENAME","11_spatial_systems","","PROVENANCE","historical",FALSE,"MEDIUM",""
"build_spatial_data_contract","pRoteomics","audits/phase6f_output_inventory.csv","100: ""analysis/03_spatial_validation/build_protein_spatial_atlas.R"",""results/tables/11_spatial_systems/atlas/protein_baseline_spatial_profile.csv"",""tables"",""CANONICA","NAMESPACE_BASENAME","11_spatial_systems","","PROVENANCE","historical",FALSE,"MEDIUM",""
"build_spatial_data_contract","pRoteomics","audits/phase6f_output_inventory.csv","101: ""analysis/03_spatial_validation/audit_stress_identity_robustness.R"",""results/tables/11_spatial_systems/atlas/protein_claimability_annotation.csv"",""tables"",""CANO","NAMESPACE_BASENAME","11_spatial_systems","","PROVENANCE","historical",FALSE,"MEDIUM",""
"build_spatial_data_contract","pRoteomics","audits/phase6f_output_inventory.csv","102: ""analysis/03_spatial_validation/test_network_group_organization.R"",""results/tables/11_spatial_systems/atlas/protein_network_context.csv"",""tables"",""CANONICAL_RES","NAMESPACE_BASENAME","11_spatial_systems","","PROVENANCE","historical",FALSE,"MEDIUM",""
"build_spatial_data_contract","pRoteomics","audits/phase6f_output_inventory.csv","103: ""analysis/03_spatial_validation/build_module_spatial_atlas.R"",""results/tables/11_spatial_systems/atlas/WGCNA_label_spatial_cell_context_audit.csv"",""tables"",""CAN","NAMESPACE_BASENAME","11_spatial_systems","","PROVENANCE","historical",FALSE,"MEDIUM",""
"build_spatial_data_contract","pRoteomics","audits/phase6f_output_inventory.csv","104: ""analysis/03_spatial_validation/build_module_spatial_atlas.R"",""results/tables/11_spatial_systems/atlas/WGCNA_module_baseline_spatial_profile_long.csv"",""tables"",","NAMESPACE_BASENAME","11_spatial_systems","","PROVENANCE","historical",FALSE,"MEDIUM",""
"build_spatial_data_contract","pRoteomics","audits/phase6f_output_inventory.csv","105: ""analysis/03_spatial_validation/build_module_spatial_atlas.R"",""results/tables/11_spatial_systems/atlas/WGCNA_module_empirical_compartment_affinity_long.csv"",""ta","NAMESPACE_BASENAME","11_spatial_systems","","PROVENANCE","historical",FALSE,"MEDIUM",""
"build_spatial_data_contract","pRoteomics","audits/phase6f_output_inventory.csv","106: ""analysis/03_spatial_validation/test_network_group_organization.R"",""results/tables/11_spatial_systems/atlas/WGCNA_module_network_context.csv"",""tables"",""CANONICA","NAMESPACE_BASENAME","11_spatial_systems","","PROVENANCE","historical",FALSE,"MEDIUM",""
"build_spatial_data_contract","pRoteomics","audits/phase6f_output_inventory.csv","107: ""analysis/03_spatial_validation/build_module_spatial_atlas.R"",""results/tables/11_spatial_systems/atlas/WGCNA_module_reference_marker_affinity_long.csv"",""tables""","NAMESPACE_BASENAME","11_spatial_systems","","PROVENANCE","historical",FALSE,"MEDIUM",""
"build_spatial_data_contract","pRoteomics","audits/phase6f_output_inventory.csv","108: ""analysis/03_spatial_validation/build_module_spatial_atlas.R"",""results/tables/11_spatial_systems/atlas/WGCNA_module_spatial_fingerprints_raw.csv"",""tables"",""CANO","NAMESPACE_BASENAME","11_spatial_systems","","PROVENANCE","historical",FALSE,"MEDIUM",""
"build_spatial_data_contract","pRoteomics","audits/phase6f_output_inventory.csv","109: ""analysis/03_spatial_validation/build_module_spatial_atlas.R"",""results/tables/11_spatial_systems/atlas/WGCNA_module_spatial_fingerprints_z.csv"",""tables"",""CANONI","NAMESPACE_BASENAME","11_spatial_systems","","PROVENANCE","historical",FALSE,"MEDIUM",""
"build_spatial_data_contract","pRoteomics","audits/phase6f_output_inventory.csv","110: ""analysis/03_spatial_validation/build_module_spatial_atlas.R"",""results/tables/11_spatial_systems/atlas/WGCNA_module_spatial_similarity.csv"",""tables"",""CANONICAL_","NAMESPACE_BASENAME","11_spatial_systems","","PROVENANCE","historical",FALSE,"MEDIUM",""
"build_spatial_data_contract","pRoteomics","audits/phase6f_output_inventory.csv","111: ""analysis/03_spatial_validation/build_module_spatial_atlas.R"",""results/tables/11_spatial_systems/atlas/WGCNA_supermodule_spatial_cell_context.csv"",""tables"",""CAN","NAMESPACE_BASENAME","11_spatial_systems","","PROVENANCE","historical",FALSE,"MEDIUM",""
"build_spatial_data_contract","pRoteomics","audits/phase6f_output_inventory.csv","112: ""analysis/03_spatial_validation/build_module_spatial_atlas.R"",""results/tables/11_spatial_systems/atlas/WGCNA_supermodule_spatial_coherence.csv"",""tables"",""CANONI","NAMESPACE_BASENAME","11_spatial_systems","","PROVENANCE","historical",FALSE,"MEDIUM",""
"build_spatial_data_contract","pRoteomics","audits/phase6f_output_inventory.csv","113: ""analysis/03_spatial_validation/quantify_empirical_compartments.R"",""results/tables/11_spatial_systems/bilateral/bilateral_empirical_compartment_protein_level.cs","NAMESPACE_BASENAME","11_spatial_systems","","PROVENANCE","historical",FALSE,"MEDIUM",""
"build_spatial_data_contract","pRoteomics","audits/phase6f_output_inventory.csv","114: ""analysis/03_spatial_validation/quantify_empirical_compartments.R"",""results/tables/11_spatial_systems/bilateral/bilateral_empirical_compartment_summary.csv"",""ta","NAMESPACE_BASENAME","11_spatial_systems","","PROVENANCE","historical",FALSE,"MEDIUM",""
"build_spatial_data_contract","pRoteomics","audits/phase6f_output_inventory.csv","115: ""analysis/03_spatial_validation/quantify_empirical_compartments.R"",""results/tables/11_spatial_systems/bilateral/bilateral_empirical_marker_transfer.csv"",""tables","NAMESPACE_BASENAME","11_spatial_systems","","PROVENANCE","historical",FALSE,"MEDIUM",""
"build_spatial_data_contract","pRoteomics","audits/phase6f_output_inventory.csv","116: ""analysis/03_spatial_validation/quantify_module_bilateral_identity.R"",""results/tables/11_spatial_systems/bilateral/WGCNA_module_bilateral_reproducibility.csv"",""","NAMESPACE_BASENAME","11_spatial_systems","","PROVENANCE","historical",FALSE,"MEDIUM",""
"build_spatial_data_contract","pRoteomics","audits/phase6f_output_inventory.csv","117: ""analysis/03_spatial_validation/quantify_module_bilateral_identity.R"",""results/tables/11_spatial_systems/bilateral/WGCNA_module_bilateral_spatial_profile_reprod","NAMESPACE_BASENAME","11_spatial_systems","","PROVENANCE","historical",FALSE,"MEDIUM",""
"build_spatial_data_contract","pRoteomics","audits/phase6f_output_inventory.csv","118: ""analysis/03_spatial_validation/quantify_module_bilateral_identity.R"",""results/tables/11_spatial_systems/bilateral/WGCNA_module_bilateral_spatial_profile_summar","NAMESPACE_BASENAME","11_spatial_systems","","PROVENANCE","historical",FALSE,"MEDIUM",""
"build_spatial_data_contract","pRoteomics","audits/phase6f_output_inventory.csv","119: ""analysis/03_spatial_validation/audit_stress_identity_robustness.R"",""results/tables/11_spatial_systems/ca2_slm_robustness/CA2_SLM_DAP_robustness_annotated.csv"",","NAMESPACE_BASENAME","11_spatial_systems","","PROVENANCE","historical",FALSE,"MEDIUM",""
"build_spatial_data_contract","pRoteomics","audits/phase6f_output_inventory.csv","120: ""analysis/03_spatial_validation/audit_stress_identity_robustness.R"",""results/tables/11_spatial_systems/ca2_slm_robustness/CA2_SLM_effect_across_neuropil_units.c","NAMESPACE_BASENAME","11_spatial_systems","","PROVENANCE","historical",FALSE,"MEDIUM",""
"build_spatial_data_contract","pRoteomics","audits/phase6f_output_inventory.csv","121: ""analysis/03_spatial_validation/audit_ca2_slm_robustness.R"",""results/tables/11_spatial_systems/ca2_slm_robustness/CA2_SLM_fully_observed_DAP_audit.csv"",""tables""","NAMESPACE_BASENAME","11_spatial_systems","","PROVENANCE","historical",FALSE,"MEDIUM",""
"build_spatial_data_contract","pRoteomics","audits/phase6f_output_inventory.csv","122: ""analysis/03_spatial_validation/audit_ca2_slm_robustness.R"",""results/tables/11_spatial_systems/ca2_slm_robustness/CA2_SLM_leave_one_animal_out_long.csv"",""tables","NAMESPACE_BASENAME","11_spatial_systems","","PROVENANCE","historical",FALSE,"MEDIUM",""
"build_spatial_data_contract","pRoteomics","audits/phase6f_output_inventory.csv","123: ""analysis/03_spatial_validation/audit_ca2_slm_robustness.R"",""results/tables/11_spatial_systems/ca2_slm_robustness/CA2_SLM_prespecified_thresholds.csv"",""tables"",","NAMESPACE_BASENAME","11_spatial_systems","","PROVENANCE","historical",FALSE,"MEDIUM",""
"build_spatial_data_contract","pRoteomics","audits/phase6f_output_inventory.csv","124: ""analysis/03_spatial_validation/summarize_ca2_slm_robustness.R"",""results/tables/11_spatial_systems/ca2_slm_robustness/CA2_SLM_robustness_validation.csv"",""tables","NAMESPACE_BASENAME","11_spatial_systems","","PROVENANCE","historical",FALSE,"MEDIUM",""
"build_spatial_data_contract","pRoteomics","audits/phase6f_output_inventory.csv","125: ""analysis/03_spatial_validation/audit_stress_identity_robustness.R"",""results/tables/11_spatial_systems/ca2_slm_robustness/CA2_SLM_spatial_specificity.csv"",""tabl","NAMESPACE_BASENAME","11_spatial_systems","","PROVENANCE","historical",FALSE,"MEDIUM",""
"build_spatial_data_contract","pRoteomics","audits/phase6f_output_inventory.csv","126: ""analysis/03_spatial_validation/audit_stress_identity_robustness.R"",""results/tables/11_spatial_systems/ca2_slm_robustness/fdr_supported_hit_observation_status.c","NAMESPACE_BASENAME","11_spatial_systems","","PROVENANCE","historical",FALSE,"MEDIUM",""
"build_spatial_data_contract","pRoteomics","audits/phase6f_output_inventory.csv","127: ""analysis/03_spatial_validation/summarize_ca2_slm_robustness.R"",""results/tables/11_spatial_systems/CA2_SLM_robustness_audit.xlsx"",""tables"",""CANONICAL_RESULT"",""""","NAMESPACE_BASENAME","11_spatial_systems","","PROVENANCE","historical",FALSE,"MEDIUM",""
"build_spatial_data_contract","pRoteomics","audits/phase6f_output_inventory.csv","128: ""analysis/03_spatial_validation/annotate_module_celltypes.R"",""results/tables/11_spatial_systems/celltype_annotation/WGCNA_module_external_celltype_affinity_long","NAMESPACE_BASENAME","11_spatial_systems","","PROVENANCE","historical",FALSE,"MEDIUM",""
"build_spatial_data_contract","pRoteomics","audits/phase6f_output_inventory.csv","129: ""analysis/03_spatial_validation/annotate_module_celltypes.R"",""results/tables/11_spatial_systems/celltype_annotation/WGCNA_module_external_celltype_affinity_summ","NAMESPACE_BASENAME","11_spatial_systems","","PROVENANCE","historical",FALSE,"MEDIUM",""
"build_spatial_data_contract","pRoteomics","audits/phase6f_output_inventory.csv","130: ""analysis/03_spatial_validation/build_spatial_data_contract.R"",""results/tables/11_spatial_systems/data_contract/spatial_systems_aggregation_validation.csv"",""tab","NAMESPACE_BASENAME","11_spatial_systems","","PROVENANCE","historical",FALSE,"MEDIUM",""
"build_spatial_data_contract","pRoteomics","audits/phase6f_output_inventory.csv","131: ""analysis/03_spatial_validation/build_spatial_data_contract.R"",""results/tables/11_spatial_systems/data_contract/spatial_systems_evidence_dependence.csv"",""tables","NAMESPACE_BASENAME","11_spatial_systems","","PROVENANCE","historical",FALSE,"MEDIUM",""
"build_spatial_data_contract","pRoteomics","audits/phase6f_output_inventory.csv","132: ""analysis/03_spatial_validation/build_spatial_data_contract.R"",""results/tables/11_spatial_systems/data_contract/spatial_systems_hemisphere_inventory.csv"",""table","NAMESPACE_BASENAME","11_spatial_systems","","PROVENANCE","historical",FALSE,"MEDIUM",""
"build_spatial_data_contract","pRoteomics","audits/phase6f_output_inventory.csv","133: ""analysis/03_spatial_validation/build_animal_spatial_networks.R"",""results/tables/11_spatial_systems/networks/animal_network_bilateral_reproducibility.csv"",""tabl","NAMESPACE_BASENAME","11_spatial_systems","","PROVENANCE","historical",FALSE,"MEDIUM",""
"build_spatial_data_contract","pRoteomics","audits/phase6f_output_inventory.csv","134: ""analysis/03_spatial_validation/build_animal_spatial_networks.R"",""results/tables/11_spatial_systems/networks/animal_network_edges.csv"",""tables"",""CANONICAL_RESUL","NAMESPACE_BASENAME","11_spatial_systems","","PROVENANCE","historical",FALSE,"MEDIUM",""
"build_spatial_data_contract","pRoteomics","audits/phase6f_output_inventory.csv","135: ""analysis/03_spatial_validation/test_network_group_organization.R"",""results/tables/11_spatial_systems/networks/animal_network_global_metrics.csv"",""tables"",""CANO","NAMESPACE_BASENAME","11_spatial_systems","","PROVENANCE","historical",FALSE,"MEDIUM",""
"build_spatial_data_contract","pRoteomics","audits/phase6f_output_inventory.csv","136: ""analysis/03_spatial_validation/build_animal_spatial_networks.R"",""results/tables/11_spatial_systems/networks/animal_network_nodes.csv"",""tables"",""CANONICAL_RESUL","NAMESPACE_BASENAME","11_spatial_systems","","PROVENANCE","historical",FALSE,"MEDIUM",""
"build_spatial_data_contract","pRoteomics","audits/phase6f_output_inventory.csv","137: ""analysis/03_spatial_validation/build_animal_spatial_networks.R"",""results/tables/11_spatial_systems/networks/animal_network_objects.rds"",""tables"",""CANONICAL_RES","NAMESPACE_BASENAME","11_spatial_systems","","PROVENANCE","historical",FALSE,"MEDIUM",""
"build_spatial_data_contract","pRoteomics","audits/phase6f_output_inventory.csv","138: ""analysis/03_spatial_validation/build_animal_spatial_networks.R"",""results/tables/11_spatial_systems/networks/edge_bilateral_reproducibility.csv"",""tables"",""CANON","NAMESPACE_BASENAME","11_spatial_systems","","PROVENANCE","historical",FALSE,"MEDIUM",""
"build_spatial_data_contract","pRoteomics","audits/phase6f_output_inventory.csv","139: ""analysis/03_spatial_validation/build_animal_spatial_networks.R"",""results/tables/11_spatial_systems/networks/matrices/"",""tables"",""CANONICAL_RESULT"","""",0,FALSE,7","NAMESPACE_BASENAME","11_spatial_systems","","PROVENANCE","historical",FALSE,"MEDIUM",""
"build_spatial_data_contract","pRoteomics","audits/phase6f_output_inventory.csv","140: ""analysis/03_spatial_validation/validate_network_workbook.R"",""results/tables/11_spatial_systems/networks/network_behavior_coupling_audit.csv"",""tables"",""CANONICA","NAMESPACE_BASENAME","11_spatial_systems","","PROVENANCE","historical",FALSE,"MEDIUM",""
"build_spatial_data_contract","pRoteomics","audits/phase6f_output_inventory.csv","141: ""analysis/03_spatial_validation/test_network_group_organization.R"",""results/tables/11_spatial_systems/networks/network_edge_group_differences.csv"",""tables"",""CAN","NAMESPACE_BASENAME","11_spatial_systems","","PROVENANCE","historical",FALSE,"MEDIUM",""
"build_spatial_data_contract","pRoteomics","audits/phase6f_output_inventory.csv","142: ""analysis/03_spatial_validation/test_network_group_organization.R"",""results/tables/11_spatial_systems/networks/network_metric_redundancy.csv"",""tables"",""CANONICA","NAMESPACE_BASENAME","11_spatial_systems","","PROVENANCE","historical",FALSE,"MEDIUM",""
"build_spatial_data_contract","pRoteomics","audits/phase6f_output_inventory.csv","143: ""analysis/03_spatial_validation/build_animal_spatial_networks.R"",""results/tables/11_spatial_systems/networks/network_representation_selection.csv"",""tables"",""CAN","NAMESPACE_BASENAME","11_spatial_systems","","PROVENANCE","historical",FALSE,"MEDIUM",""
"build_spatial_data_contract","pRoteomics","audits/phase6f_output_inventory.csv","144: ""analysis/03_spatial_validation/test_network_group_organization.R"",""results/tables/11_spatial_systems/networks/spatial_edge_module_context.csv"",""tables"",""CANONI","NAMESPACE_BASENAME","11_spatial_systems","","PROVENANCE","historical",FALSE,"MEDIUM",""
"build_spatial_data_contract","pRoteomics","audits/phase6f_output_inventory.csv","145: ""analysis/03_spatial_validation/validate_network_workbook.R"",""results/tables/11_spatial_systems/networks/spatial_network_validation_status.csv"",""tables"",""CANONI","NAMESPACE_BASENAME","11_spatial_systems","","PROVENANCE","historical",FALSE,"MEDIUM",""
"build_spatial_data_contract","pRoteomics","audits/phase6f_output_inventory.csv","146: ""analysis/03_spatial_validation/test_network_group_organization.R"",""results/tables/11_spatial_systems/networks/spatial_node_cell_context.csv"",""tables"",""CANONICA","NAMESPACE_BASENAME","11_spatial_systems","","PROVENANCE","historical",FALSE,"MEDIUM",""
"build_spatial_data_contract","pRoteomics","audits/phase6f_output_inventory.csv","147: ""analysis/03_spatial_validation/test_network_group_organization.R"",""results/tables/11_spatial_systems/networks/spatial_node_network_integration.csv"",""tables"",""C","NAMESPACE_BASENAME","11_spatial_systems","","PROVENANCE","historical",FALSE,"MEDIUM",""
"build_spatial_data_contract","pRoteomics","audits/phase6f_output_inventory.csv","148: ""analysis/03_spatial_validation/decompose_bilateral_variance.R"",""results/tables/11_spatial_systems/precision/bilateral_variance_decomposition.csv"",""tables"",""CAN","NAMESPACE_BASENAME","11_spatial_systems","","PROVENANCE","historical",FALSE,"MEDIUM",""
"build_spatial_data_contract","pRoteomics","audits/phase6f_output_inventory.csv","149: ""analysis/03_spatial_validation/summarize_spatial_atlas.R"",""results/tables/11_spatial_systems/spatial_systems_atlas.xlsx"",""tables"",""CANONICAL_RESULT"","""",0,FALSE","NAMESPACE_BASENAME","11_spatial_systems","","PROVENANCE","historical",FALSE,"MEDIUM",""
"build_spatial_data_contract","pRoteomics","audits/phase6f_output_inventory.csv","150: ""analysis/03_spatial_validation/summarize_spatial_atlas.R"",""results/tables/11_spatial_systems/spatial_systems_atlas_validation.csv"",""tables"",""CANONICAL_RESULT"",","NAMESPACE_BASENAME","11_spatial_systems","","PROVENANCE","historical",FALSE,"MEDIUM",""
"build_spatial_data_contract","pRoteomics","audits/phase6f_output_inventory.csv","151: ""analysis/03_spatial_validation/validate_spatial_foundations.R"",""results/tables/11_spatial_systems/spatial_systems_foundation_validation.csv"",""tables"",""CANONICA","NAMESPACE_BASENAME","11_spatial_systems","","PROVENANCE","historical",FALSE,"MEDIUM",""
"build_spatial_data_contract","pRoteomics","audits/phase6f_output_inventory.csv","152: ""analysis/03_spatial_validation/validate_network_workbook.R"",""results/tables/11_spatial_systems/spatial_systems_networks.xlsx"",""tables"",""CANONICAL_RESULT"","""",0,","NAMESPACE_BASENAME","11_spatial_systems","","PROVENANCE","historical",FALSE,"MEDIUM",""
"build_spatial_data_contract","pRoteomics","audits/phase6f_output_inventory.csv","225: ""analysis/03_spatial_validation/summarize_spatial_atlas.R"",""results/figures/11_spatial_systems/atlas/"",""figures"",""DIAGNOSTIC"","""",0,FALSE,591049,FALSE,FALSE,0,TR","NAMESPACE_BASENAME","11_spatial_systems","","PROVENANCE","historical",FALSE,"MEDIUM",""
"build_spatial_data_contract","pRoteomics","audits/phase6f_output_inventory.csv","226: ""analysis/03_spatial_validation/summarize_ca2_slm_robustness.R"",""results/figures/11_spatial_systems/ca2_slm_robustness/"",""figures"",""DIAGNOSTIC"","""",0,FALSE,38630","NAMESPACE_BASENAME","11_spatial_systems","","PROVENANCE","historical",FALSE,"MEDIUM",""
"build_spatial_data_contract","pRoteomics","audits/phase6f_output_inventory.csv","227: ""analysis/03_spatial_validation/validate_network_workbook.R"",""results/figures/11_spatial_systems/networks/"",""figures"",""DIAGNOSTIC"","""",0,FALSE,435743,FALSE,FALSE","NAMESPACE_BASENAME","11_spatial_systems","","PROVENANCE","historical",FALSE,"MEDIUM",""
"build_spatial_data_contract","pRoteomics","audits/phase6f_output_inventory.csv","283: ""analysis/03_spatial_validation/audit_stress_identity_robustness.R"",""results/tables/11_spatial_systems/ca2_slm_robustness/CA2_SLM_module_distribution_comparison","NAMESPACE_BASENAME","11_spatial_systems","","PROVENANCE","historical",FALSE,"MEDIUM",""
"build_spatial_data_contract","pRoteomics","audits/phase6f_output_inventory.csv","284: ""analysis/03_spatial_validation/audit_stress_identity_robustness.R"",""results/tables/11_spatial_systems/ca2_slm_robustness/stress_identity_robustness_comparison.","NAMESPACE_BASENAME","11_spatial_systems","","PROVENANCE","historical",FALSE,"MEDIUM",""
"build_spatial_data_contract","pRoteomics","audits/phase6f_output_inventory.csv","285: ""analysis/03_spatial_validation/validate_network_workbook.R"",""results/tables/11_spatial_systems/networks/legacy_spatial_network_comparison.csv"",""tables"",""HISTOR","NAMESPACE_BASENAME","11_spatial_systems","","PROVENANCE","historical",FALSE,"MEDIUM",""
"build_spatial_data_contract","pRoteomics","audits/phase6f_output_inventory.csv","286: ""analysis/03_spatial_validation/test_network_group_organization.R"",""results/tables/11_spatial_systems/networks/network_group_metric_comparison.csv"",""tables"",""HI","NAMESPACE_BASENAME","11_spatial_systems","","PROVENANCE","historical",FALSE,"MEDIUM",""
"build_spatial_data_contract","pRoteomics","audits/phase6f_output_inventory.csv","409: ""analysis/03_spatial_validation/build_protein_spatial_atlas.R"",""results/tables/11_spatial_systems/atlas/protein_spatial_cell_affinity.csv"",""tables"",""PUBLICATION","NAMESPACE_BASENAME","11_spatial_systems","","PROVENANCE","historical",FALSE,"MEDIUM",""
"build_spatial_data_contract","pRoteomics","audits/phase6f_output_inventory.csv","410: ""analysis/03_spatial_validation/build_protein_spatial_atlas.R"",""results/tables/11_spatial_systems/atlas/protein_sus_res_fdr_supported_atlas.csv"",""tables"",""PUBLI","NAMESPACE_BASENAME","11_spatial_systems","","PROVENANCE","historical",FALSE,"MEDIUM",""
"build_spatial_data_contract","pRoteomics","audits/phase6f_output_inventory.csv","411: ""analysis/03_spatial_validation/build_module_spatial_atlas.R"",""results/tables/11_spatial_systems/atlas/WGCNA_module_spatial_cell_affinity.csv"",""tables"",""PUBLICA","NAMESPACE_BASENAME","11_spatial_systems","","PROVENANCE","historical",FALSE,"MEDIUM",""
"build_spatial_data_contract","pRoteomics","audits/phase6f_output_inventory.csv","412: ""analysis/03_spatial_validation/quantify_bilateral_spatial_identity.R"",""results/tables/11_spatial_systems/bilateral/bilateral_spatial_identity_protein_level.csv","NAMESPACE_BASENAME","11_spatial_systems","","PROVENANCE","historical",FALSE,"MEDIUM",""
"build_spatial_data_contract","pRoteomics","audits/phase6f_output_inventory.csv","413: ""analysis/03_spatial_validation/quantify_bilateral_spatial_identity.R"",""results/tables/11_spatial_systems/bilateral/bilateral_spatial_identity_summary.csv"",""tab","NAMESPACE_BASENAME","11_spatial_systems","","PROVENANCE","historical",FALSE,"MEDIUM",""
"build_spatial_data_contract","pRoteomics","audits/phase6f_output_inventory.csv","414: ""analysis/03_spatial_validation/audit_ca2_slm_robustness.R"",""results/tables/11_spatial_systems/ca2_slm_robustness/CA2_SLM_DAP_robustness.csv"",""tables"",""PUBLICAT","NAMESPACE_BASENAME","11_spatial_systems","","PROVENANCE","historical",FALSE,"MEDIUM",""
"build_spatial_data_contract","pRoteomics","audits/phase6f_output_inventory.csv","415: ""analysis/03_spatial_validation/audit_ca2_slm_robustness.R"",""results/tables/11_spatial_systems/ca2_slm_robustness/CA2_SLM_normalization_bias_context.csv"",""table","NAMESPACE_BASENAME","11_spatial_systems","","PROVENANCE","historical",FALSE,"MEDIUM",""
"build_spatial_data_contract","pRoteomics","audits/phase6f_output_inventory.csv","416: ""analysis/03_spatial_validation/audit_ca2_slm_robustness.R"",""results/tables/11_spatial_systems/ca2_slm_robustness/CA2_SLM_sample_context.csv"",""tables"",""PUBLICAT","NAMESPACE_BASENAME","11_spatial_systems","","PROVENANCE","historical",FALSE,"MEDIUM",""
"build_spatial_data_contract","pRoteomics","audits/phase6f_output_inventory.csv","417: ""analysis/03_spatial_validation/test_network_group_organization.R"",""results/tables/11_spatial_systems/networks/animal_network_distance_from_CON.csv"",""tables"",""P","NAMESPACE_BASENAME","11_spatial_systems","","PROVENANCE","historical",FALSE,"MEDIUM",""
"build_spatial_data_contract","pRoteomics","audits/phase6f_output_inventory.csv","418: ""analysis/03_spatial_validation/test_network_group_organization.R"",""results/tables/11_spatial_systems/networks/CON_spatial_molecular_similarity_matrix.csv"",""tab","NAMESPACE_BASENAME","11_spatial_systems","","PROVENANCE","historical",FALSE,"MEDIUM",""
"build_spatial_data_contract","pRoteomics","audits/phase6f_output_inventory.csv","419: ""analysis/03_spatial_validation/test_network_group_organization.R"",""results/tables/11_spatial_systems/networks/network_global_multivariate_test.csv"",""tables"",""P","NAMESPACE_BASENAME","11_spatial_systems","","PROVENANCE","historical",FALSE,"MEDIUM",""
"build_spatial_data_contract","pRoteomics","audits/phase6f_output_inventory.csv","420: ""analysis/03_spatial_validation/decompose_bilateral_variance.R"",""results/tables/11_spatial_systems/precision/bilateral_precision_gain.csv"",""tables"",""PUBLICATION","NAMESPACE_BASENAME","11_spatial_systems","","PROVENANCE","historical",FALSE,"MEDIUM",""
"build_spatial_data_contract","pRoteomics","audits/phase6f_output_inventory.csv","130: ""analysis/03_spatial_validation/build_spatial_data_contract.R"",""results/tables/11_spatial_systems/data_contract/spatial_systems_aggregation_validation.csv"",""tab","NAMESPACE_BASENAME","data_contract","","PROVENANCE","historical",FALSE,"MEDIUM",""
"build_spatial_data_contract","pRoteomics","audits/phase6f_output_inventory.csv","131: ""analysis/03_spatial_validation/build_spatial_data_contract.R"",""results/tables/11_spatial_systems/data_contract/spatial_systems_evidence_dependence.csv"",""tables","NAMESPACE_BASENAME","data_contract","","PROVENANCE","historical",FALSE,"MEDIUM",""
"build_spatial_data_contract","pRoteomics","audits/phase6f_output_inventory.csv","132: ""analysis/03_spatial_validation/build_spatial_data_contract.R"",""results/tables/11_spatial_systems/data_contract/spatial_systems_hemisphere_inventory.csv"",""table","NAMESPACE_BASENAME","data_contract","","PROVENANCE","historical",FALSE,"MEDIUM",""
"build_spatial_data_contract","pRoteomics","audits/phase6f_output_inventory.csv","388: ""analysis/05_wgcna/test_module_phenotypes.R"",""results/tables/06_modules_WGCNA/group_effects/<dataset>/all_supermodule_eigengene_group_values.csv"",""tables"",""PUBL","NAMESPACE_BASENAME","data_contract","","PROVENANCE","historical",FALSE,"MEDIUM",""
"build_spatial_data_contract","pRoteomics","audits/phase6f_output_inventory.csv","389: ""analysis/05_wgcna/test_module_phenotypes.R"",""results/tables/06_modules_WGCNA/group_effects/<dataset>/all_supermodule_eigengene_spatial_group_values.csv"",""table","NAMESPACE_BASENAME","data_contract","","PROVENANCE","historical",FALSE,"MEDIUM",""
"build_spatial_data_contract","pRoteomics","audits/phase6f_output_inventory.csv","390: ""analysis/05_wgcna/test_module_phenotypes.R"",""results/tables/06_modules_WGCNA/group_effects/<dataset>/module_group_effects.csv"",""tables"",""PUBLICATION_EXPORT"",""b","NAMESPACE_BASENAME","data_contract","","PROVENANCE","historical",FALSE,"MEDIUM",""
"build_spatial_data_contract","pRoteomics","audits/phase6f_output_inventory.csv","391: ""analysis/05_wgcna/test_module_phenotypes.R"",""results/tables/06_modules_WGCNA/group_effects/<dataset>/supermodule_composition.csv"",""tables"",""PUBLICATION_EXPORT""","NAMESPACE_BASENAME","data_contract","","PROVENANCE","historical",FALSE,"MEDIUM",""
"build_spatial_data_contract","pRoteomics","audits/phase6f_output_inventory.csv","392: ""analysis/05_wgcna/test_module_phenotypes.R"",""results/tables/06_modules_WGCNA/group_effects/<dataset>/supermodule_group_effects.csv"",""tables"",""PUBLICATION_EXPOR","NAMESPACE_BASENAME","data_contract","","PROVENANCE","historical",FALSE,"MEDIUM",""
"build_spatial_data_contract","pRoteomics","audits/phase6f_output_inventory.csv","393: ""analysis/05_wgcna/test_module_phenotypes.R"",""results/tables/06_modules_WGCNA/group_effects/<dataset>/supermodule_pca_eigenvalues.csv"",""tables"",""PUBLICATION_EXP","NAMESPACE_BASENAME","data_contract","","PROVENANCE","historical",FALSE,"MEDIUM",""
"build_spatial_data_contract","pRoteomics","audits/phase6f_output_inventory.csv","394: ""analysis/05_wgcna/test_module_phenotypes.R"",""results/tables/06_modules_WGCNA/group_effects/<dataset>/supermodule_pca_input_audit.csv"",""tables"",""PUBLICATION_EXP","NAMESPACE_BASENAME","data_contract","","PROVENANCE","historical",FALSE,"MEDIUM",""
"build_spatial_data_contract","pRoteomics","audits/phase6f_output_inventory.csv","395: ""analysis/05_wgcna/test_module_phenotypes.R"",""results/tables/06_modules_WGCNA/group_effects/<dataset>/supermodule_pca_member_loadings.csv"",""tables"",""PUBLICATION","NAMESPACE_BASENAME","data_contract","","PROVENANCE","historical",FALSE,"MEDIUM",""
"build_spatial_data_contract","pRoteomics","audits/phase6f_output_inventory.csv","396: ""analysis/05_wgcna/test_module_phenotypes.R"",""results/tables/06_modules_WGCNA/group_effects/<dataset>/WGCNA_group_effect_animal_spatial_unit_values.csv"",""tables","NAMESPACE_BASENAME","data_contract","","PROVENANCE","historical",FALSE,"MEDIUM",""
"build_spatial_data_contract","pRoteomics","audits/phase6f_output_inventory.csv","397: ""analysis/05_wgcna/test_module_phenotypes.R"",""results/tables/06_modules_WGCNA/group_effects/<dataset>/WGCNA_group_effect_contract_status.csv"",""tables"",""PUBLICAT","NAMESPACE_BASENAME","data_contract","","PROVENANCE","historical",FALSE,"MEDIUM",""
"build_spatial_data_contract","pRoteomics","audits/phase6f_output_inventory.csv","398: ""analysis/05_wgcna/test_module_phenotypes.R"",""results/tables/06_modules_WGCNA/group_effects/<dataset>/WGCNA_group_effect_downstream_consumer_migration_audit.csv","NAMESPACE_BASENAME","data_contract","","PROVENANCE","historical",FALSE,"MEDIUM",""
"build_spatial_data_contract","pRoteomics","audits/phase6f_output_inventory.csv","399: ""analysis/05_wgcna/test_module_phenotypes.R"",""results/tables/06_modules_WGCNA/group_effects/<dataset>/WGCNA_group_effect_endpoint_provenance.csv"",""tables"",""PUBL","NAMESPACE_BASENAME","data_contract","","PROVENANCE","historical",FALSE,"MEDIUM",""
"build_spatial_data_contract","pRoteomics","audits/phase6f_output_inventory.csv","400: ""analysis/05_wgcna/test_module_phenotypes.R"",""results/tables/06_modules_WGCNA/group_effects/<dataset>/WGCNA_group_effect_hemisphere_values.csv"",""tables"",""PUBLIC","NAMESPACE_BASENAME","data_contract","","PROVENANCE","historical",FALSE,"MEDIUM",""
"build_spatial_data_contract","pRoteomics","audits/phase6f_output_inventory.csv","401: ""analysis/05_wgcna/test_module_phenotypes.R"",""results/tables/06_modules_WGCNA/group_effects/<dataset>/WGCNA_group_effect_interaction_conditional_followup.csv"",""","NAMESPACE_BASENAME","data_contract","","PROVENANCE","historical",FALSE,"MEDIUM",""
"build_spatial_data_contract","pRoteomics","audits/phase6f_output_inventory.csv","402: ""analysis/05_wgcna/test_module_phenotypes.R"",""results/tables/06_modules_WGCNA/group_effects/<dataset>/WGCNA_group_effect_left_right_concordance.csv"",""tables"",""P","NAMESPACE_BASENAME","data_contract","","PROVENANCE","historical",FALSE,"MEDIUM",""
"build_spatial_data_contract","pRoteomics","audits/phase6f_output_inventory.csv","403: ""analysis/05_wgcna/test_module_phenotypes.R"",""results/tables/06_modules_WGCNA/group_effects/<dataset>/WGCNA_group_effect_legacy_output_staleness_audit.csv"",""tab","NAMESPACE_BASENAME","data_contract","","PROVENANCE","historical",FALSE,"MEDIUM",""
"build_spatial_data_contract","pRoteomics","audits/phase6f_output_inventory.csv","404: ""analysis/05_wgcna/test_module_phenotypes.R"",""results/tables/06_modules_WGCNA/group_effects/<dataset>/WGCNA_group_effect_model_validation.csv"",""tables"",""PUBLICA","NAMESPACE_BASENAME","data_contract","","PROVENANCE","historical",FALSE,"MEDIUM",""
"build_spatial_data_contract","pRoteomics","audits/phase6f_output_inventory.csv","405: ""analysis/05_wgcna/test_module_phenotypes.R"",""results/tables/06_modules_WGCNA/group_effects/<dataset>/WGCNA_group_effect_sample_inclusion_audit.csv"",""tables"",""P","NAMESPACE_BASENAME","data_contract","","PROVENANCE","historical",FALSE,"MEDIUM",""
"build_spatial_data_contract","pRoteomics","audits/phase6f_output_inventory.csv","406: ""analysis/05_wgcna/test_module_phenotypes.R"",""results/tables/06_modules_WGCNA/group_effects/<dataset>/WGCNA_group_effect_sensitivity.csv"",""tables"",""PUBLICATION_","NAMESPACE_BASENAME","data_contract","","PROVENANCE","historical",FALSE,"MEDIUM",""
"build_spatial_data_contract","pRoteomics","audits/phase6f_output_inventory.csv","421: ""analysis/01_preprocessing/build_module_score_metadata.R"",""data/processed/01_preprocessing/06_merged_metadata_module_score/<dataset>/sample_metadata_merged_clea","NAMESPACE_BASENAME","data_contract","","PROVENANCE","historical",FALSE,"MEDIUM",""
"build_spatial_data_contract","pRoteomics","audits/phase6f_output_inventory.csv","130: ""analysis/03_spatial_validation/build_spatial_data_contract.R"",""results/tables/11_spatial_systems/data_contract/spatial_systems_aggregation_validation.csv"",""tab","ANALYSIS_REFERENCE","build_spatial_data_contract","","PROVENANCE","historical",FALSE,"MEDIUM",""
"build_spatial_data_contract","pRoteomics","audits/phase6f_output_inventory.csv","131: ""analysis/03_spatial_validation/build_spatial_data_contract.R"",""results/tables/11_spatial_systems/data_contract/spatial_systems_evidence_dependence.csv"",""tables","ANALYSIS_REFERENCE","build_spatial_data_contract","","PROVENANCE","historical",FALSE,"MEDIUM",""
"build_spatial_data_contract","pRoteomics","audits/phase6f_output_inventory.csv","132: ""analysis/03_spatial_validation/build_spatial_data_contract.R"",""results/tables/11_spatial_systems/data_contract/spatial_systems_hemisphere_inventory.csv"",""table","ANALYSIS_REFERENCE","build_spatial_data_contract","","PROVENANCE","historical",FALSE,"MEDIUM",""
"build_spatial_data_contract","pRoteomics","audits/phase6f_output_inventory.csv","388: ""analysis/05_wgcna/test_module_phenotypes.R"",""results/tables/06_modules_WGCNA/group_effects/<dataset>/all_supermodule_eigengene_group_values.csv"",""tables"",""PUBL","ANALYSIS_REFERENCE","build_spatial_data_contract","","PROVENANCE","historical",FALSE,"MEDIUM",""
"build_spatial_data_contract","pRoteomics","audits/phase6f_output_inventory.csv","389: ""analysis/05_wgcna/test_module_phenotypes.R"",""results/tables/06_modules_WGCNA/group_effects/<dataset>/all_supermodule_eigengene_spatial_group_values.csv"",""table","ANALYSIS_REFERENCE","build_spatial_data_contract","","PROVENANCE","historical",FALSE,"MEDIUM",""
"build_spatial_data_contract","pRoteomics","audits/phase6f_output_inventory.csv","390: ""analysis/05_wgcna/test_module_phenotypes.R"",""results/tables/06_modules_WGCNA/group_effects/<dataset>/module_group_effects.csv"",""tables"",""PUBLICATION_EXPORT"",""b","ANALYSIS_REFERENCE","build_spatial_data_contract","","PROVENANCE","historical",FALSE,"MEDIUM",""
"build_spatial_data_contract","pRoteomics","audits/phase6f_output_inventory.csv","391: ""analysis/05_wgcna/test_module_phenotypes.R"",""results/tables/06_modules_WGCNA/group_effects/<dataset>/supermodule_composition.csv"",""tables"",""PUBLICATION_EXPORT""","ANALYSIS_REFERENCE","build_spatial_data_contract","","PROVENANCE","historical",FALSE,"MEDIUM",""
"build_spatial_data_contract","pRoteomics","audits/phase6f_output_inventory.csv","392: ""analysis/05_wgcna/test_module_phenotypes.R"",""results/tables/06_modules_WGCNA/group_effects/<dataset>/supermodule_group_effects.csv"",""tables"",""PUBLICATION_EXPOR","ANALYSIS_REFERENCE","build_spatial_data_contract","","PROVENANCE","historical",FALSE,"MEDIUM",""
"build_spatial_data_contract","pRoteomics","audits/phase6f_output_inventory.csv","393: ""analysis/05_wgcna/test_module_phenotypes.R"",""results/tables/06_modules_WGCNA/group_effects/<dataset>/supermodule_pca_eigenvalues.csv"",""tables"",""PUBLICATION_EXP","ANALYSIS_REFERENCE","build_spatial_data_contract","","PROVENANCE","historical",FALSE,"MEDIUM",""
"build_spatial_data_contract","pRoteomics","audits/phase6f_output_inventory.csv","394: ""analysis/05_wgcna/test_module_phenotypes.R"",""results/tables/06_modules_WGCNA/group_effects/<dataset>/supermodule_pca_input_audit.csv"",""tables"",""PUBLICATION_EXP","ANALYSIS_REFERENCE","build_spatial_data_contract","","PROVENANCE","historical",FALSE,"MEDIUM",""
"build_spatial_data_contract","pRoteomics","audits/phase6f_output_inventory.csv","395: ""analysis/05_wgcna/test_module_phenotypes.R"",""results/tables/06_modules_WGCNA/group_effects/<dataset>/supermodule_pca_member_loadings.csv"",""tables"",""PUBLICATION","ANALYSIS_REFERENCE","build_spatial_data_contract","","PROVENANCE","historical",FALSE,"MEDIUM",""
"build_spatial_data_contract","pRoteomics","audits/phase6f_output_inventory.csv","396: ""analysis/05_wgcna/test_module_phenotypes.R"",""results/tables/06_modules_WGCNA/group_effects/<dataset>/WGCNA_group_effect_animal_spatial_unit_values.csv"",""tables","ANALYSIS_REFERENCE","build_spatial_data_contract","","PROVENANCE","historical",FALSE,"MEDIUM",""
"build_spatial_data_contract","pRoteomics","audits/phase6f_output_inventory.csv","397: ""analysis/05_wgcna/test_module_phenotypes.R"",""results/tables/06_modules_WGCNA/group_effects/<dataset>/WGCNA_group_effect_contract_status.csv"",""tables"",""PUBLICAT","ANALYSIS_REFERENCE","build_spatial_data_contract","","PROVENANCE","historical",FALSE,"MEDIUM",""
"build_spatial_data_contract","pRoteomics","audits/phase6f_output_inventory.csv","398: ""analysis/05_wgcna/test_module_phenotypes.R"",""results/tables/06_modules_WGCNA/group_effects/<dataset>/WGCNA_group_effect_downstream_consumer_migration_audit.csv","ANALYSIS_REFERENCE","build_spatial_data_contract","","PROVENANCE","historical",FALSE,"MEDIUM",""
"build_spatial_data_contract","pRoteomics","audits/phase6f_output_inventory.csv","399: ""analysis/05_wgcna/test_module_phenotypes.R"",""results/tables/06_modules_WGCNA/group_effects/<dataset>/WGCNA_group_effect_endpoint_provenance.csv"",""tables"",""PUBL","ANALYSIS_REFERENCE","build_spatial_data_contract","","PROVENANCE","historical",FALSE,"MEDIUM",""
"build_spatial_data_contract","pRoteomics","audits/phase6f_output_inventory.csv","400: ""analysis/05_wgcna/test_module_phenotypes.R"",""results/tables/06_modules_WGCNA/group_effects/<dataset>/WGCNA_group_effect_hemisphere_values.csv"",""tables"",""PUBLIC","ANALYSIS_REFERENCE","build_spatial_data_contract","","PROVENANCE","historical",FALSE,"MEDIUM",""
"build_spatial_data_contract","pRoteomics","audits/phase6f_output_inventory.csv","401: ""analysis/05_wgcna/test_module_phenotypes.R"",""results/tables/06_modules_WGCNA/group_effects/<dataset>/WGCNA_group_effect_interaction_conditional_followup.csv"",""","ANALYSIS_REFERENCE","build_spatial_data_contract","","PROVENANCE","historical",FALSE,"MEDIUM",""
"build_spatial_data_contract","pRoteomics","audits/phase6f_output_inventory.csv","402: ""analysis/05_wgcna/test_module_phenotypes.R"",""results/tables/06_modules_WGCNA/group_effects/<dataset>/WGCNA_group_effect_left_right_concordance.csv"",""tables"",""P","ANALYSIS_REFERENCE","build_spatial_data_contract","","PROVENANCE","historical",FALSE,"MEDIUM",""
"build_spatial_data_contract","pRoteomics","audits/phase6f_output_inventory.csv","403: ""analysis/05_wgcna/test_module_phenotypes.R"",""results/tables/06_modules_WGCNA/group_effects/<dataset>/WGCNA_group_effect_legacy_output_staleness_audit.csv"",""tab","ANALYSIS_REFERENCE","build_spatial_data_contract","","PROVENANCE","historical",FALSE,"MEDIUM",""
"build_spatial_data_contract","pRoteomics","audits/phase6f_output_inventory.csv","404: ""analysis/05_wgcna/test_module_phenotypes.R"",""results/tables/06_modules_WGCNA/group_effects/<dataset>/WGCNA_group_effect_model_validation.csv"",""tables"",""PUBLICA","ANALYSIS_REFERENCE","build_spatial_data_contract","","PROVENANCE","historical",FALSE,"MEDIUM",""
"build_spatial_data_contract","pRoteomics","audits/phase6f_output_inventory.csv","405: ""analysis/05_wgcna/test_module_phenotypes.R"",""results/tables/06_modules_WGCNA/group_effects/<dataset>/WGCNA_group_effect_sample_inclusion_audit.csv"",""tables"",""P","ANALYSIS_REFERENCE","build_spatial_data_contract","","PROVENANCE","historical",FALSE,"MEDIUM",""
"build_spatial_data_contract","pRoteomics","audits/phase6f_output_inventory.csv","406: ""analysis/05_wgcna/test_module_phenotypes.R"",""results/tables/06_modules_WGCNA/group_effects/<dataset>/WGCNA_group_effect_sensitivity.csv"",""tables"",""PUBLICATION_","ANALYSIS_REFERENCE","build_spatial_data_contract","","PROVENANCE","historical",FALSE,"MEDIUM",""
"build_spatial_data_contract","pRoteomics","audits/phase6f_output_inventory.csv","421: ""analysis/01_preprocessing/build_module_score_metadata.R"",""data/processed/01_preprocessing/06_merged_metadata_module_score/<dataset>/sample_metadata_merged_clea","ANALYSIS_REFERENCE","build_spatial_data_contract","","PROVENANCE","historical",FALSE,"MEDIUM",""
"build_spatial_data_contract","pRoteomics","audits/phase6f_output_inventory.csv","130: ""analysis/03_spatial_validation/build_spatial_data_contract.R"",""results/tables/11_spatial_systems/data_contract/spatial_systems_aggregation_validation.csv"",""tab","ANALYSIS_REFERENCE","build_spatial_data_contract.R","","PROVENANCE","historical",FALSE,"MEDIUM",""
"build_spatial_data_contract","pRoteomics","audits/phase6f_output_inventory.csv","131: ""analysis/03_spatial_validation/build_spatial_data_contract.R"",""results/tables/11_spatial_systems/data_contract/spatial_systems_evidence_dependence.csv"",""tables","ANALYSIS_REFERENCE","build_spatial_data_contract.R","","PROVENANCE","historical",FALSE,"MEDIUM",""
"build_spatial_data_contract","pRoteomics","audits/phase6f_output_inventory.csv","132: ""analysis/03_spatial_validation/build_spatial_data_contract.R"",""results/tables/11_spatial_systems/data_contract/spatial_systems_hemisphere_inventory.csv"",""table","ANALYSIS_REFERENCE","build_spatial_data_contract.R","","PROVENANCE","historical",FALSE,"MEDIUM",""
"build_spatial_data_contract","pRoteomics","audits/phase6f_output_inventory.csv","388: ""analysis/05_wgcna/test_module_phenotypes.R"",""results/tables/06_modules_WGCNA/group_effects/<dataset>/all_supermodule_eigengene_group_values.csv"",""tables"",""PUBL","ANALYSIS_REFERENCE","build_spatial_data_contract.R","","PROVENANCE","historical",FALSE,"MEDIUM",""
"build_spatial_data_contract","pRoteomics","audits/phase6f_output_inventory.csv","389: ""analysis/05_wgcna/test_module_phenotypes.R"",""results/tables/06_modules_WGCNA/group_effects/<dataset>/all_supermodule_eigengene_spatial_group_values.csv"",""table","ANALYSIS_REFERENCE","build_spatial_data_contract.R","","PROVENANCE","historical",FALSE,"MEDIUM",""
"build_spatial_data_contract","pRoteomics","audits/phase6f_output_inventory.csv","390: ""analysis/05_wgcna/test_module_phenotypes.R"",""results/tables/06_modules_WGCNA/group_effects/<dataset>/module_group_effects.csv"",""tables"",""PUBLICATION_EXPORT"",""b","ANALYSIS_REFERENCE","build_spatial_data_contract.R","","PROVENANCE","historical",FALSE,"MEDIUM",""
"build_spatial_data_contract","pRoteomics","audits/phase6f_output_inventory.csv","391: ""analysis/05_wgcna/test_module_phenotypes.R"",""results/tables/06_modules_WGCNA/group_effects/<dataset>/supermodule_composition.csv"",""tables"",""PUBLICATION_EXPORT""","ANALYSIS_REFERENCE","build_spatial_data_contract.R","","PROVENANCE","historical",FALSE,"MEDIUM",""
"build_spatial_data_contract","pRoteomics","audits/phase6f_output_inventory.csv","392: ""analysis/05_wgcna/test_module_phenotypes.R"",""results/tables/06_modules_WGCNA/group_effects/<dataset>/supermodule_group_effects.csv"",""tables"",""PUBLICATION_EXPOR","ANALYSIS_REFERENCE","build_spatial_data_contract.R","","PROVENANCE","historical",FALSE,"MEDIUM",""
"build_spatial_data_contract","pRoteomics","audits/phase6f_output_inventory.csv","393: ""analysis/05_wgcna/test_module_phenotypes.R"",""results/tables/06_modules_WGCNA/group_effects/<dataset>/supermodule_pca_eigenvalues.csv"",""tables"",""PUBLICATION_EXP","ANALYSIS_REFERENCE","build_spatial_data_contract.R","","PROVENANCE","historical",FALSE,"MEDIUM",""
"build_spatial_data_contract","pRoteomics","audits/phase6f_output_inventory.csv","394: ""analysis/05_wgcna/test_module_phenotypes.R"",""results/tables/06_modules_WGCNA/group_effects/<dataset>/supermodule_pca_input_audit.csv"",""tables"",""PUBLICATION_EXP","ANALYSIS_REFERENCE","build_spatial_data_contract.R","","PROVENANCE","historical",FALSE,"MEDIUM",""
"build_spatial_data_contract","pRoteomics","audits/phase6f_output_inventory.csv","395: ""analysis/05_wgcna/test_module_phenotypes.R"",""results/tables/06_modules_WGCNA/group_effects/<dataset>/supermodule_pca_member_loadings.csv"",""tables"",""PUBLICATION","ANALYSIS_REFERENCE","build_spatial_data_contract.R","","PROVENANCE","historical",FALSE,"MEDIUM",""
"build_spatial_data_contract","pRoteomics","audits/phase6f_output_inventory.csv","396: ""analysis/05_wgcna/test_module_phenotypes.R"",""results/tables/06_modules_WGCNA/group_effects/<dataset>/WGCNA_group_effect_animal_spatial_unit_values.csv"",""tables","ANALYSIS_REFERENCE","build_spatial_data_contract.R","","PROVENANCE","historical",FALSE,"MEDIUM",""
"build_spatial_data_contract","pRoteomics","audits/phase6f_output_inventory.csv","397: ""analysis/05_wgcna/test_module_phenotypes.R"",""results/tables/06_modules_WGCNA/group_effects/<dataset>/WGCNA_group_effect_contract_status.csv"",""tables"",""PUBLICAT","ANALYSIS_REFERENCE","build_spatial_data_contract.R","","PROVENANCE","historical",FALSE,"MEDIUM",""
"build_spatial_data_contract","pRoteomics","audits/phase6f_output_inventory.csv","398: ""analysis/05_wgcna/test_module_phenotypes.R"",""results/tables/06_modules_WGCNA/group_effects/<dataset>/WGCNA_group_effect_downstream_consumer_migration_audit.csv","ANALYSIS_REFERENCE","build_spatial_data_contract.R","","PROVENANCE","historical",FALSE,"MEDIUM",""
"build_spatial_data_contract","pRoteomics","audits/phase6f_output_inventory.csv","399: ""analysis/05_wgcna/test_module_phenotypes.R"",""results/tables/06_modules_WGCNA/group_effects/<dataset>/WGCNA_group_effect_endpoint_provenance.csv"",""tables"",""PUBL","ANALYSIS_REFERENCE","build_spatial_data_contract.R","","PROVENANCE","historical",FALSE,"MEDIUM",""
"build_spatial_data_contract","pRoteomics","audits/phase6f_output_inventory.csv","400: ""analysis/05_wgcna/test_module_phenotypes.R"",""results/tables/06_modules_WGCNA/group_effects/<dataset>/WGCNA_group_effect_hemisphere_values.csv"",""tables"",""PUBLIC","ANALYSIS_REFERENCE","build_spatial_data_contract.R","","PROVENANCE","historical",FALSE,"MEDIUM",""
"build_spatial_data_contract","pRoteomics","audits/phase6f_output_inventory.csv","401: ""analysis/05_wgcna/test_module_phenotypes.R"",""results/tables/06_modules_WGCNA/group_effects/<dataset>/WGCNA_group_effect_interaction_conditional_followup.csv"",""","ANALYSIS_REFERENCE","build_spatial_data_contract.R","","PROVENANCE","historical",FALSE,"MEDIUM",""
"build_spatial_data_contract","pRoteomics","audits/phase6f_output_inventory.csv","402: ""analysis/05_wgcna/test_module_phenotypes.R"",""results/tables/06_modules_WGCNA/group_effects/<dataset>/WGCNA_group_effect_left_right_concordance.csv"",""tables"",""P","ANALYSIS_REFERENCE","build_spatial_data_contract.R","","PROVENANCE","historical",FALSE,"MEDIUM",""
"build_spatial_data_contract","pRoteomics","audits/phase6f_output_inventory.csv","403: ""analysis/05_wgcna/test_module_phenotypes.R"",""results/tables/06_modules_WGCNA/group_effects/<dataset>/WGCNA_group_effect_legacy_output_staleness_audit.csv"",""tab","ANALYSIS_REFERENCE","build_spatial_data_contract.R","","PROVENANCE","historical",FALSE,"MEDIUM",""
"build_spatial_data_contract","pRoteomics","audits/phase6f_output_inventory.csv","404: ""analysis/05_wgcna/test_module_phenotypes.R"",""results/tables/06_modules_WGCNA/group_effects/<dataset>/WGCNA_group_effect_model_validation.csv"",""tables"",""PUBLICA","ANALYSIS_REFERENCE","build_spatial_data_contract.R","","PROVENANCE","historical",FALSE,"MEDIUM",""
"build_spatial_data_contract","pRoteomics","audits/phase6f_output_inventory.csv","405: ""analysis/05_wgcna/test_module_phenotypes.R"",""results/tables/06_modules_WGCNA/group_effects/<dataset>/WGCNA_group_effect_sample_inclusion_audit.csv"",""tables"",""P","ANALYSIS_REFERENCE","build_spatial_data_contract.R","","PROVENANCE","historical",FALSE,"MEDIUM",""
"build_spatial_data_contract","pRoteomics","audits/phase6f_output_inventory.csv","406: ""analysis/05_wgcna/test_module_phenotypes.R"",""results/tables/06_modules_WGCNA/group_effects/<dataset>/WGCNA_group_effect_sensitivity.csv"",""tables"",""PUBLICATION_","ANALYSIS_REFERENCE","build_spatial_data_contract.R","","PROVENANCE","historical",FALSE,"MEDIUM",""
"build_spatial_data_contract","pRoteomics","audits/phase6f_output_inventory.csv","421: ""analysis/01_preprocessing/build_module_score_metadata.R"",""data/processed/01_preprocessing/06_merged_metadata_module_score/<dataset>/sample_metadata_merged_clea","ANALYSIS_REFERENCE","build_spatial_data_contract.R","","PROVENANCE","historical",FALSE,"MEDIUM",""
"build_spatial_data_contract","pRoteomics","audits/phase6g_coordinating_families_spatial_validation_premigration.csv","2: ""results/tables/11_spatial_systems/atlas"",""CANONICAL_OWNER"",""analysis/spatial_validation/build_protein_spatial_atlas.R"",""build_protein_spatial_atlas"",""results/t","NAMESPACE_BASENAME","11_spatial_systems","","PROVENANCE","historical",FALSE,"MEDIUM",""
"build_spatial_data_contract","pRoteomics","audits/phase6g_coordinating_families_spatial_validation_premigration.csv","3: ""results/tables/11_spatial_systems/atlas"",""CANONICAL_OWNER"",""analysis/spatial_validation/build_protein_spatial_atlas.R"",""build_protein_spatial_atlas"",""results/t","NAMESPACE_BASENAME","11_spatial_systems","","PROVENANCE","historical",FALSE,"MEDIUM",""
"build_spatial_data_contract","pRoteomics","audits/phase6g_coordinating_families_spatial_validation_premigration.csv","4: ""results/tables/11_spatial_systems/atlas"",""CANONICAL_OWNER"",""analysis/spatial_validation/build_protein_spatial_atlas.R"",""build_protein_spatial_atlas"",""results/t","NAMESPACE_BASENAME","11_spatial_systems","","PROVENANCE","historical",FALSE,"MEDIUM",""
"build_spatial_data_contract","pRoteomics","audits/phase6g_coordinating_families_spatial_validation_premigration.csv","5: ""results/tables/11_spatial_systems/atlas"",""CONTRIBUTOR"",""analysis/spatial_validation/build_module_spatial_atlas.R"",""build_module_spatial_atlas"",""results/tables/","NAMESPACE_BASENAME","11_spatial_systems","","PROVENANCE","historical",FALSE,"MEDIUM",""
"build_spatial_data_contract","pRoteomics","audits/phase6g_coordinating_families_spatial_validation_premigration.csv","6: ""results/tables/11_spatial_systems/atlas"",""CONTRIBUTOR"",""analysis/spatial_validation/build_module_spatial_atlas.R"",""build_module_spatial_atlas"",""results/tables/","NAMESPACE_BASENAME","11_spatial_systems","","PROVENANCE","historical",FALSE,"MEDIUM",""
"build_spatial_data_contract","pRoteomics","audits/phase6g_coordinating_families_spatial_validation_premigration.csv","7: ""results/tables/11_spatial_systems/atlas"",""CONTRIBUTOR"",""analysis/spatial_validation/build_module_spatial_atlas.R"",""build_module_spatial_atlas"",""results/tables/","NAMESPACE_BASENAME","11_spatial_systems","","PROVENANCE","historical",FALSE,"MEDIUM",""
"build_spatial_data_contract","pRoteomics","audits/phase6g_coordinating_families_spatial_validation_premigration.csv","8: ""results/tables/11_spatial_systems/atlas"",""CONTRIBUTOR"",""analysis/spatial_validation/build_module_spatial_atlas.R"",""build_module_spatial_atlas"",""results/tables/","NAMESPACE_BASENAME","11_spatial_systems","","PROVENANCE","historical",FALSE,"MEDIUM",""
"build_spatial_data_contract","pRoteomics","audits/phase6g_coordinating_families_spatial_validation_premigration.csv","9: ""results/tables/11_spatial_systems/atlas"",""CONTRIBUTOR"",""analysis/spatial_validation/build_module_spatial_atlas.R"",""build_module_spatial_atlas"",""results/tables/","NAMESPACE_BASENAME","11_spatial_systems","","PROVENANCE","historical",FALSE,"MEDIUM",""
"build_spatial_data_contract","pRoteomics","audits/phase6g_coordinating_families_spatial_validation_premigration.csv","10: ""results/tables/11_spatial_systems/atlas"",""CONTRIBUTOR"",""analysis/spatial_validation/build_module_spatial_atlas.R"",""build_module_spatial_atlas"",""results/tables/","NAMESPACE_BASENAME","11_spatial_systems","","PROVENANCE","historical",FALSE,"MEDIUM",""
"build_spatial_data_contract","pRoteomics","audits/phase6g_coordinating_families_spatial_validation_premigration.csv","11: ""results/tables/11_spatial_systems/atlas"",""CONTRIBUTOR"",""analysis/spatial_validation/build_module_spatial_atlas.R"",""build_module_spatial_atlas"",""results/tables/","NAMESPACE_BASENAME","11_spatial_systems","","PROVENANCE","historical",FALSE,"MEDIUM",""
"build_spatial_data_contract","pRoteomics","audits/phase6g_coordinating_families_spatial_validation_premigration.csv","12: ""results/tables/11_spatial_systems/atlas"",""CONTRIBUTOR"",""analysis/spatial_validation/build_module_spatial_atlas.R"",""build_module_spatial_atlas"",""results/tables/","NAMESPACE_BASENAME","11_spatial_systems","","PROVENANCE","historical",FALSE,"MEDIUM",""
"build_spatial_data_contract","pRoteomics","audits/phase6g_coordinating_families_spatial_validation_premigration.csv","13: ""results/tables/11_spatial_systems/atlas"",""CONTRIBUTOR"",""analysis/spatial_validation/build_module_spatial_atlas.R"",""build_module_spatial_atlas"",""results/tables/","NAMESPACE_BASENAME","11_spatial_systems","","PROVENANCE","historical",FALSE,"MEDIUM",""
"build_spatial_data_contract","pRoteomics","audits/phase6g_coordinating_families_spatial_validation_premigration.csv","14: ""results/tables/11_spatial_systems/atlas"",""CONTRIBUTOR"",""analysis/spatial_validation/build_module_spatial_atlas.R"",""build_module_spatial_atlas"",""results/tables/","NAMESPACE_BASENAME","11_spatial_systems","","PROVENANCE","historical",FALSE,"MEDIUM",""
"build_spatial_data_contract","pRoteomics","audits/phase6g_coordinating_families_spatial_validation_premigration.csv","15: ""results/tables/11_spatial_systems/atlas"",""CONTRIBUTOR"",""analysis/spatial_validation/quantify_neuropil_detection_context.R"",""quantify_neuropil_detection_context","NAMESPACE_BASENAME","11_spatial_systems","","PROVENANCE","historical",FALSE,"MEDIUM",""
"build_spatial_data_contract","pRoteomics","audits/phase6g_coordinating_families_spatial_validation_premigration.csv","16: ""results/tables/11_spatial_systems/atlas"",""CONTRIBUTOR"",""analysis/spatial_validation/quantify_neuropil_precision.R"",""quantify_neuropil_precision"",""results/table","NAMESPACE_BASENAME","11_spatial_systems","","PROVENANCE","historical",FALSE,"MEDIUM",""
"build_spatial_data_contract","pRoteomics","audits/phase6g_coordinating_families_spatial_validation_premigration.csv","17: ""results/tables/11_spatial_systems/atlas"",""CONTRIBUTOR"",""analysis/spatial_validation/quantify_neuropil_precision.R"",""quantify_neuropil_precision"",""results/table","NAMESPACE_BASENAME","11_spatial_systems","","PROVENANCE","historical",FALSE,"MEDIUM",""
"build_spatial_data_contract","pRoteomics","audits/phase6g_coordinating_families_spatial_validation_premigration.csv","18: ""results/tables/11_spatial_systems/atlas"",""CONTRIBUTOR"",""analysis/spatial_validation/test_network_group_organization.R"",""test_network_group_organization"",""resul","NAMESPACE_BASENAME","11_spatial_systems","","PROVENANCE","historical",FALSE,"MEDIUM",""
"build_spatial_data_contract","pRoteomics","audits/phase6g_coordinating_families_spatial_validation_premigration.csv","19: ""results/tables/11_spatial_systems/atlas"",""CONTRIBUTOR"",""analysis/spatial_validation/test_network_group_organization.R"",""test_network_group_organization"",""resul","NAMESPACE_BASENAME","11_spatial_systems","","PROVENANCE","historical",FALSE,"MEDIUM",""
"build_spatial_data_contract","pRoteomics","audits/phase6g_coordinating_families_spatial_validation_premigration.csv","20: ""results/tables/11_spatial_systems/atlas"",""CONTRIBUTOR"",""analysis/spatial_validation/audit_stress_identity_robustness.R"",""audit_stress_identity_robustness"",""res","NAMESPACE_BASENAME","11_spatial_systems","","PROVENANCE","historical",FALSE,"MEDIUM",""
"build_spatial_data_contract","pRoteomics","audits/phase6g_coordinating_families_spatial_validation_premigration.csv","21: ""results/tables/11_spatial_systems/bilateral"",""CANONICAL_OWNER"",""analysis/spatial_validation/quantify_bilateral_spatial_identity.R"",""quantify_bilateral_spatial_","NAMESPACE_BASENAME","11_spatial_systems","","PROVENANCE","historical",FALSE,"MEDIUM",""
"build_spatial_data_contract","pRoteomics","audits/phase6g_coordinating_families_spatial_validation_premigration.csv","22: ""results/tables/11_spatial_systems/bilateral"",""CANONICAL_OWNER"",""analysis/spatial_validation/quantify_bilateral_spatial_identity.R"",""quantify_bilateral_spatial_","NAMESPACE_BASENAME","11_spatial_systems","","PROVENANCE","historical",FALSE,"MEDIUM",""
"build_spatial_data_contract","pRoteomics","audits/phase6g_coordinating_families_spatial_validation_premigration.csv","23: ""results/tables/11_spatial_systems/bilateral"",""CONTRIBUTOR"",""analysis/spatial_validation/quantify_empirical_compartments.R"",""quantify_empirical_compartments"",""r","NAMESPACE_BASENAME","11_spatial_systems","","PROVENANCE","historical",FALSE,"MEDIUM",""
"build_spatial_data_contract","pRoteomics","audits/phase6g_coordinating_families_spatial_validation_premigration.csv","24: ""results/tables/11_spatial_systems/bilateral"",""CONTRIBUTOR"",""analysis/spatial_validation/quantify_empirical_compartments.R"",""quantify_empirical_compartments"",""r","NAMESPACE_BASENAME","11_spatial_systems","","PROVENANCE","historical",FALSE,"MEDIUM",""
"build_spatial_data_contract","pRoteomics","audits/phase6g_coordinating_families_spatial_validation_premigration.csv","25: ""results/tables/11_spatial_systems/bilateral"",""CONTRIBUTOR"",""analysis/spatial_validation/quantify_empirical_compartments.R"",""quantify_empirical_compartments"",""r","NAMESPACE_BASENAME","11_spatial_systems","","PROVENANCE","historical",FALSE,"MEDIUM",""
"build_spatial_data_contract","pRoteomics","audits/phase6g_coordinating_families_spatial_validation_premigration.csv","26: ""results/tables/11_spatial_systems/bilateral"",""CONTRIBUTOR"",""analysis/spatial_validation/quantify_module_bilateral_identity.R"",""quantify_module_bilateral_identi","NAMESPACE_BASENAME","11_spatial_systems","","PROVENANCE","historical",FALSE,"MEDIUM",""
"build_spatial_data_contract","pRoteomics","audits/phase6g_coordinating_families_spatial_validation_premigration.csv","27: ""results/tables/11_spatial_systems/bilateral"",""CONTRIBUTOR"",""analysis/spatial_validation/quantify_module_bilateral_identity.R"",""quantify_module_bilateral_identi","NAMESPACE_BASENAME","11_spatial_systems","","PROVENANCE","historical",FALSE,"MEDIUM",""
"build_spatial_data_contract","pRoteomics","audits/phase6g_coordinating_families_spatial_validation_premigration.csv","28: ""results/tables/11_spatial_systems/bilateral"",""CONTRIBUTOR"",""analysis/spatial_validation/quantify_module_bilateral_identity.R"",""quantify_module_bilateral_identi","NAMESPACE_BASENAME","11_spatial_systems","","PROVENANCE","historical",FALSE,"MEDIUM",""
"build_spatial_data_contract","pRoteomics","audits/phase6g_coordinating_families_spatial_validation_premigration.csv","29: ""results/tables/11_spatial_systems/ca2_slm_robustness"",""CANONICAL_OWNER"",""analysis/spatial_validation/audit_ca2_slm_robustness.R"",""audit_ca2_slm_robustness"",""re","NAMESPACE_BASENAME","11_spatial_systems","","PROVENANCE","historical",FALSE,"MEDIUM",""
"build_spatial_data_contract","pRoteomics","audits/phase6g_coordinating_families_spatial_validation_premigration.csv","30: ""results/tables/11_spatial_systems/ca2_slm_robustness"",""CANONICAL_OWNER"",""analysis/spatial_validation/audit_ca2_slm_robustness.R"",""audit_ca2_slm_robustness"",""re","NAMESPACE_BASENAME","11_spatial_systems","","PROVENANCE","historical",FALSE,"MEDIUM",""
"build_spatial_data_contract","pRoteomics","audits/phase6g_coordinating_families_spatial_validation_premigration.csv","31: ""results/tables/11_spatial_systems/ca2_slm_robustness"",""CANONICAL_OWNER"",""analysis/spatial_validation/audit_ca2_slm_robustness.R"",""audit_ca2_slm_robustness"",""re","NAMESPACE_BASENAME","11_spatial_systems","","PROVENANCE","historical",FALSE,"MEDIUM",""
"build_spatial_data_contract","pRoteomics","audits/phase6g_coordinating_families_spatial_validation_premigration.csv","32: ""results/tables/11_spatial_systems/ca2_slm_robustness"",""CANONICAL_OWNER"",""analysis/spatial_validation/audit_ca2_slm_robustness.R"",""audit_ca2_slm_robustness"",""re","NAMESPACE_BASENAME","11_spatial_systems","","PROVENANCE","historical",FALSE,"MEDIUM",""
"build_spatial_data_contract","pRoteomics","audits/phase6g_coordinating_families_spatial_validation_premigration.csv","33: ""results/tables/11_spatial_systems/ca2_slm_robustness"",""CANONICAL_OWNER"",""analysis/spatial_validation/audit_ca2_slm_robustness.R"",""audit_ca2_slm_robustness"",""re","NAMESPACE_BASENAME","11_spatial_systems","","PROVENANCE","historical",FALSE,"MEDIUM",""
"build_spatial_data_contract","pRoteomics","audits/phase6g_coordinating_families_spatial_validation_premigration.csv","34: ""results/tables/11_spatial_systems/ca2_slm_robustness"",""CANONICAL_OWNER"",""analysis/spatial_validation/audit_ca2_slm_robustness.R"",""audit_ca2_slm_robustness"",""re","NAMESPACE_BASENAME","11_spatial_systems","","PROVENANCE","historical",FALSE,"MEDIUM",""
"build_spatial_data_contract","pRoteomics","audits/phase6g_coordinating_families_spatial_validation_premigration.csv","35: ""results/tables/11_spatial_systems/ca2_slm_robustness"",""CONTRIBUTOR"",""analysis/spatial_validation/audit_stress_identity_robustness.R"",""audit_stress_identity_rob","NAMESPACE_BASENAME","11_spatial_systems","","PROVENANCE","historical",FALSE,"MEDIUM",""
"build_spatial_data_contract","pRoteomics","audits/phase6g_coordinating_families_spatial_validation_premigration.csv","36: ""results/tables/11_spatial_systems/ca2_slm_robustness"",""CONTRIBUTOR"",""analysis/spatial_validation/audit_stress_identity_robustness.R"",""audit_stress_identity_rob","NAMESPACE_BASENAME","11_spatial_systems","","PROVENANCE","historical",FALSE,"MEDIUM",""
"build_spatial_data_contract","pRoteomics","audits/phase6g_coordinating_families_spatial_validation_premigration.csv","37: ""results/tables/11_spatial_systems/ca2_slm_robustness"",""CONTRIBUTOR"",""analysis/spatial_validation/audit_stress_identity_robustness.R"",""audit_stress_identity_rob","NAMESPACE_BASENAME","11_spatial_systems","","PROVENANCE","historical",FALSE,"MEDIUM",""
"build_spatial_data_contract","pRoteomics","audits/phase6g_coordinating_families_spatial_validation_premigration.csv","38: ""results/tables/11_spatial_systems/ca2_slm_robustness"",""CONTRIBUTOR"",""analysis/spatial_validation/audit_stress_identity_robustness.R"",""audit_stress_identity_rob","NAMESPACE_BASENAME","11_spatial_systems","","PROVENANCE","historical",FALSE,"MEDIUM",""
"build_spatial_data_contract","pRoteomics","audits/phase6g_coordinating_families_spatial_validation_premigration.csv","39: ""results/tables/11_spatial_systems/ca2_slm_robustness"",""CONTRIBUTOR"",""analysis/spatial_validation/audit_stress_identity_robustness.R"",""audit_stress_identity_rob","NAMESPACE_BASENAME","11_spatial_systems","","PROVENANCE","historical",FALSE,"MEDIUM",""
"build_spatial_data_contract","pRoteomics","audits/phase6g_coordinating_families_spatial_validation_premigration.csv","40: ""results/tables/11_spatial_systems/ca2_slm_robustness"",""CONTRIBUTOR"",""analysis/spatial_validation/audit_stress_identity_robustness.R"",""audit_stress_identity_rob","NAMESPACE_BASENAME","11_spatial_systems","","PROVENANCE","historical",FALSE,"MEDIUM",""
"build_spatial_data_contract","pRoteomics","audits/phase6g_coordinating_families_spatial_validation_premigration.csv","41: ""results/tables/11_spatial_systems/ca2_slm_robustness"",""CONTRIBUTOR"",""analysis/spatial_validation/summarize_ca2_slm_robustness.R"",""summarize_ca2_slm_robustness""","NAMESPACE_BASENAME","11_spatial_systems","","PROVENANCE","historical",FALSE,"MEDIUM",""
"build_spatial_data_contract","pRoteomics","audits/phase6g_coordinating_families_spatial_validation_premigration.csv","42: ""results/tables/11_spatial_systems/networks"",""CANONICAL_OWNER"",""analysis/spatial_validation/test_network_group_organization.R"",""test_network_group_organization""","NAMESPACE_BASENAME","11_spatial_systems","","PROVENANCE","historical",FALSE,"MEDIUM",""
"build_spatial_data_contract","pRoteomics","audits/phase6g_coordinating_families_spatial_validation_premigration.csv","43: ""results/tables/11_spatial_systems/networks"",""CANONICAL_OWNER"",""analysis/spatial_validation/test_network_group_organization.R"",""test_network_group_organization""","NAMESPACE_BASENAME","11_spatial_systems","","PROVENANCE","historical",FALSE,"MEDIUM",""
"build_spatial_data_contract","pRoteomics","audits/phase6g_coordinating_families_spatial_validation_premigration.csv","44: ""results/tables/11_spatial_systems/networks"",""CANONICAL_OWNER"",""analysis/spatial_validation/test_network_group_organization.R"",""test_network_group_organization""","NAMESPACE_BASENAME","11_spatial_systems","","PROVENANCE","historical",FALSE,"MEDIUM",""
"build_spatial_data_contract","pRoteomics","audits/phase6g_coordinating_families_spatial_validation_premigration.csv","45: ""results/tables/11_spatial_systems/networks"",""CANONICAL_OWNER"",""analysis/spatial_validation/test_network_group_organization.R"",""test_network_group_organization""","NAMESPACE_BASENAME","11_spatial_systems","","PROVENANCE","historical",FALSE,"MEDIUM",""
"build_spatial_data_contract","pRoteomics","audits/phase6g_coordinating_families_spatial_validation_premigration.csv","46: ""results/tables/11_spatial_systems/networks"",""CANONICAL_OWNER"",""analysis/spatial_validation/test_network_group_organization.R"",""test_network_group_organization""","NAMESPACE_BASENAME","11_spatial_systems","","PROVENANCE","historical",FALSE,"MEDIUM",""
"build_spatial_data_contract","pRoteomics","audits/phase6g_coordinating_families_spatial_validation_premigration.csv","47: ""results/tables/11_spatial_systems/networks"",""CANONICAL_OWNER"",""analysis/spatial_validation/test_network_group_organization.R"",""test_network_group_organization""","NAMESPACE_BASENAME","11_spatial_systems","","PROVENANCE","historical",FALSE,"MEDIUM",""
"build_spatial_data_contract","pRoteomics","audits/phase6g_coordinating_families_spatial_validation_premigration.csv","48: ""results/tables/11_spatial_systems/networks"",""CANONICAL_OWNER"",""analysis/spatial_validation/test_network_group_organization.R"",""test_network_group_organization""","NAMESPACE_BASENAME","11_spatial_systems","","PROVENANCE","historical",FALSE,"MEDIUM",""
"build_spatial_data_contract","pRoteomics","audits/phase6g_coordinating_families_spatial_validation_premigration.csv","49: ""results/tables/11_spatial_systems/networks"",""CANONICAL_OWNER"",""analysis/spatial_validation/test_network_group_organization.R"",""test_network_group_organization""","NAMESPACE_BASENAME","11_spatial_systems","","PROVENANCE","historical",FALSE,"MEDIUM",""
"build_spatial_data_contract","pRoteomics","audits/phase6g_coordinating_families_spatial_validation_premigration.csv","50: ""results/tables/11_spatial_systems/networks"",""CANONICAL_OWNER"",""analysis/spatial_validation/test_network_group_organization.R"",""test_network_group_organization""","NAMESPACE_BASENAME","11_spatial_systems","","PROVENANCE","historical",FALSE,"MEDIUM",""
"build_spatial_data_contract","pRoteomics","audits/phase6g_coordinating_families_spatial_validation_premigration.csv","51: ""results/tables/11_spatial_systems/networks"",""CANONICAL_OWNER"",""analysis/spatial_validation/test_network_group_organization.R"",""test_network_group_organization""","NAMESPACE_BASENAME","11_spatial_systems","","PROVENANCE","historical",FALSE,"MEDIUM",""
"build_spatial_data_contract","pRoteomics","audits/phase6g_coordinating_families_spatial_validation_premigration.csv","52: ""results/tables/11_spatial_systems/networks"",""CONTRIBUTOR"",""analysis/spatial_validation/build_animal_spatial_networks.R"",""build_animal_spatial_networks"",""result","NAMESPACE_BASENAME","11_spatial_systems","","PROVENANCE","historical",FALSE,"MEDIUM",""
"build_spatial_data_contract","pRoteomics","audits/phase6g_coordinating_families_spatial_validation_premigration.csv","53: ""results/tables/11_spatial_systems/networks"",""CONTRIBUTOR"",""analysis/spatial_validation/build_animal_spatial_networks.R"",""build_animal_spatial_networks"",""result","NAMESPACE_BASENAME","11_spatial_systems","","PROVENANCE","historical",FALSE,"MEDIUM",""
"build_spatial_data_contract","pRoteomics","audits/phase6g_coordinating_families_spatial_validation_premigration.csv","54: ""results/tables/11_spatial_systems/networks"",""CONTRIBUTOR"",""analysis/spatial_validation/build_animal_spatial_networks.R"",""build_animal_spatial_networks"",""result","NAMESPACE_BASENAME","11_spatial_systems","","PROVENANCE","historical",FALSE,"MEDIUM",""
"build_spatial_data_contract","pRoteomics","audits/phase6g_coordinating_families_spatial_validation_premigration.csv","55: ""results/tables/11_spatial_systems/networks"",""CONTRIBUTOR"",""analysis/spatial_validation/build_animal_spatial_networks.R"",""build_animal_spatial_networks"",""result","NAMESPACE_BASENAME","11_spatial_systems","","PROVENANCE","historical",FALSE,"MEDIUM",""
"build_spatial_data_contract","pRoteomics","audits/phase6g_coordinating_families_spatial_validation_premigration.csv","56: ""results/tables/11_spatial_systems/networks"",""CONTRIBUTOR"",""analysis/spatial_validation/build_animal_spatial_networks.R"",""build_animal_spatial_networks"",""result","NAMESPACE_BASENAME","11_spatial_systems","","PROVENANCE","historical",FALSE,"MEDIUM",""
"build_spatial_data_contract","pRoteomics","audits/phase6g_coordinating_families_spatial_validation_premigration.csv","57: ""results/tables/11_spatial_systems/networks"",""CONTRIBUTOR"",""analysis/spatial_validation/build_animal_spatial_networks.R"",""build_animal_spatial_networks"",""result","NAMESPACE_BASENAME","11_spatial_systems","","PROVENANCE","historical",FALSE,"MEDIUM",""
"build_spatial_data_contract","pRoteomics","audits/phase6g_coordinating_families_spatial_validation_premigration.csv","58: ""results/tables/11_spatial_systems/networks"",""CONTRIBUTOR"",""analysis/spatial_validation/build_animal_spatial_networks.R"",""build_animal_spatial_networks"",""result","NAMESPACE_BASENAME","11_spatial_systems","","PROVENANCE","historical",FALSE,"MEDIUM",""
"build_spatial_data_contract","pRoteomics","audits/phase6g_coordinating_families_spatial_validation_premigration.csv","59: ""results/tables/11_spatial_systems/networks"",""CONTRIBUTOR"",""analysis/spatial_validation/validate_network_workbook.R"",""validate_network_workbook"",""results/tables","NAMESPACE_BASENAME","11_spatial_systems","","PROVENANCE","historical",FALSE,"MEDIUM",""
"build_spatial_data_contract","pRoteomics","audits/phase6g_coordinating_families_spatial_validation_premigration.csv","60: ""results/tables/11_spatial_systems/networks"",""CONTRIBUTOR"",""analysis/spatial_validation/validate_network_workbook.R"",""validate_network_workbook"",""results/tables","NAMESPACE_BASENAME","11_spatial_systems","","PROVENANCE","historical",FALSE,"MEDIUM",""
"build_spatial_data_contract","pRoteomics","audits/phase6g_coordinating_families_spatial_validation_premigration.csv","61: ""results/tables/11_spatial_systems/networks"",""CONTRIBUTOR"",""analysis/spatial_validation/validate_network_workbook.R"",""validate_network_workbook"",""results/tables","NAMESPACE_BASENAME","11_spatial_systems","","PROVENANCE","historical",FALSE,"MEDIUM",""
"build_spatial_data_contract","pRoteomics","audits/phase6g_writer_namespace_audit.csv","15: ""spatial_validation"",""build_spatial_data_contract"",""analysis/spatial_validation/build_spatial_data_contract.R"",""results/spatial_validation/build_spatial_data_co","FULL_PATH","results/spatial_validation/build_spatial_data_contract/global/tables/spatial_systems_hemisphere_inventory.csv","","PROVENANCE","historical",FALSE,"HIGH",""
"build_spatial_data_contract","pRoteomics","audits/phase6g_writer_namespace_audit.csv","15: ""spatial_validation"",""build_spatial_data_contract"",""analysis/spatial_validation/build_spatial_data_contract.R"",""results/spatial_validation/build_spatial_data_co","FULL_PATH","results/spatial_validation/build_spatial_data_contract/global/tables/spatial_systems_aggregation_validation.csv","","PROVENANCE","historical",FALSE,"HIGH",""
"build_spatial_data_contract","pRoteomics","audits/phase6g_writer_namespace_audit.csv","15: ""spatial_validation"",""build_spatial_data_contract"",""analysis/spatial_validation/build_spatial_data_contract.R"",""results/spatial_validation/build_spatial_data_co","FULL_PATH","results/spatial_validation/build_spatial_data_contract/global/tables/spatial_systems_evidence_dependence.csv","","PROVENANCE","historical",FALSE,"HIGH",""
"build_spatial_data_contract","pRoteomics","audits/phase6g_writer_namespace_audit.csv","15: ""spatial_validation"",""build_spatial_data_contract"",""analysis/spatial_validation/build_spatial_data_contract.R"",""results/spatial_validation/build_spatial_data_co","NAMESPACE_BASENAME","data_contract","","PROVENANCE","historical",FALSE,"MEDIUM",""
"build_spatial_data_contract","pRoteomics","audits/phase6g_writer_namespace_audit.csv","15: ""spatial_validation"",""build_spatial_data_contract"",""analysis/spatial_validation/build_spatial_data_contract.R"",""results/spatial_validation/build_spatial_data_co","ANALYSIS_REFERENCE","build_spatial_data_contract","","PROVENANCE","historical",FALSE,"MEDIUM",""
"build_spatial_data_contract","pRoteomics","audits/phase6g_writer_namespace_audit.csv","15: ""spatial_validation"",""build_spatial_data_contract"",""analysis/spatial_validation/build_spatial_data_contract.R"",""results/spatial_validation/build_spatial_data_co","ANALYSIS_REFERENCE","build_spatial_data_contract.R","","PROVENANCE","historical",FALSE,"MEDIUM",""
"build_spatial_data_contract","pRoteomics","audits/publication_hardening/06_target_structure_and_risk.R","31: ""00_setup .. 11_spatial_systems, 122 scripts, 141 registered steps"",","NAMESPACE_BASENAME","11_spatial_systems","","PROVENANCE","historical",FALSE,"MEDIUM",""
"build_spatial_data_contract","pRoteomics","audits/publication_hardening/10_manuscript_provenance.R","91: file.path(TB, ""11_spatial_systems/bilateral/bilateral_spatial_identity_summary.csv""),","NAMESPACE_BASENAME","11_spatial_systems","file.path","PROVENANCE","historical",FALSE,"HIGH",""
"build_spatial_data_contract","pRoteomics","audits/publication_hardening/10_manuscript_provenance.R","97: file.path(TB, ""11_spatial_systems/bilateral/bilateral_spatial_identity_summary.csv""),","NAMESPACE_BASENAME","11_spatial_systems","file.path","PROVENANCE","historical",FALSE,"HIGH",""
"build_spatial_data_contract","pRoteomics","audits/publication_hardening/10_manuscript_provenance.R","102: file.path(TB, ""11_spatial_systems/bilateral/bilateral_spatial_identity_summary.csv""),","NAMESPACE_BASENAME","11_spatial_systems","file.path","PROVENANCE","historical",FALSE,"HIGH",""
"build_spatial_data_contract","pRoteomics","audits/publication_hardening/10_manuscript_provenance.R","107: file.path(TB, ""11_spatial_systems/bilateral/bilateral_spatial_identity_summary.csv""),","NAMESPACE_BASENAME","11_spatial_systems","file.path","PROVENANCE","historical",FALSE,"HIGH",""
"build_spatial_data_contract","pRoteomics","audits/publication_hardening/10_manuscript_provenance.R","111: file.path(TB, ""11_spatial_systems/bilateral/bilateral_spatial_identity_summary.csv""),","NAMESPACE_BASENAME","11_spatial_systems","file.path","PROVENANCE","historical",FALSE,"HIGH",""
"build_spatial_data_contract","pRoteomics","audits/publication_hardening/10_manuscript_provenance.R","117: file.path(TB, ""11_spatial_systems/bilateral/bilateral_spatial_identity_summary.csv""),","NAMESPACE_BASENAME","11_spatial_systems","file.path","PROVENANCE","historical",FALSE,"HIGH",""
"build_spatial_data_contract","pRoteomics","audits/publication_hardening/10_manuscript_provenance.R","160: file.path(TB, ""11_spatial_systems/ca2_slm_robustness""),","NAMESPACE_BASENAME","11_spatial_systems","file.path","PROVENANCE","historical",FALSE,"HIGH",""
"build_spatial_data_contract","pRoteomics","audits/publication_hardening/10_manuscript_provenance.R","169: file.path(TB, ""11_spatial_systems/ca2_slm_robustness""), ""robustness class"",","NAMESPACE_BASENAME","11_spatial_systems","file.path","PROVENANCE","historical",FALSE,"HIGH",""
"build_spatial_data_contract","pRoteomics","audits/publication_hardening/11_manuscript_phase2_contracts.R","183: ""results/tables/11_spatial_systems/bilateral/bilateral_spatial_identity_summary.csv"",","NAMESPACE_BASENAME","11_spatial_systems","","PROVENANCE","historical",FALSE,"MEDIUM",""
"build_spatial_data_contract","pRoteomics","audits/restructure_migration_map.csv","2: ""pRoteomics"",""results/tables/11_spatial_systems/bilateral/bilateral_spatial_identity_summary.csv"",""d2edfdfbdac525bf4574b4e7e41dc5b2863f8f6188223d0d44c42c1960f2d","NAMESPACE_BASENAME","11_spatial_systems","","PROVENANCE","historical",FALSE,"MEDIUM",""
"build_spatial_data_contract","pRoteomics","audits/restructure_migration_map.csv","3: ""pRoteomics"",""results/tables/11_spatial_systems/precision/bilateral_precision_gain.csv"",""3496f108d7f64128f48c6595578451f72c28a1812f24a1cabe39767a617e176b"",""pRot","NAMESPACE_BASENAME","11_spatial_systems","","PROVENANCE","historical",FALSE,"MEDIUM",""
"build_spatial_data_contract","pRoteomics","audits/restructure_migration_map.csv","6: ""pRoteomics"",""results/tables/11_spatial_systems/ca2_slm_robustness/CA2_SLM_DAP_robustness.csv"",""bf9b9305dcbbdcc0df9fe09f946f8e2e9aa7641cbc0c2174ab5af4d8c3deeb5b","NAMESPACE_BASENAME","11_spatial_systems","","PROVENANCE","historical",FALSE,"MEDIUM",""
"build_spatial_data_contract","pRoteomics","audits/restructure_migration_map.csv","7: ""pRoteomics"",""results/tables/11_spatial_systems/ca2_slm_robustness/CA2_SLM_normalization_bias_context.csv"",""980adb698dc1566c7ff28d543da290d060bb1665bdb80dc58d65","NAMESPACE_BASENAME","11_spatial_systems","","PROVENANCE","historical",FALSE,"MEDIUM",""
"build_spatial_data_contract","pRoteomics","audits/restructure_migration_map.csv","8: ""pRoteomics"",""results/tables/11_spatial_systems/ca2_slm_robustness/CA2_SLM_sample_context.csv"",""8d4f6feddf4da77fd265a94cac7ef6f17b0b91aed607715309fbd6430d430b8b","NAMESPACE_BASENAME","11_spatial_systems","","PROVENANCE","historical",FALSE,"MEDIUM",""
"build_spatial_data_contract","pRoteomics","audits/restructure_migration_map.csv","13: ""pRoteomics"",""results/tables/11_spatial_systems/networks/animal_network_distance_from_CON.csv"",""3b5c28197615fc3fef706603d46216e12015d189eada4c46cce6cf10f0310443","NAMESPACE_BASENAME","11_spatial_systems","","PROVENANCE","historical",FALSE,"MEDIUM",""
"build_spatial_data_contract","pRoteomics","audits/restructure_migration_map.csv","14: ""pRoteomics"",""results/tables/11_spatial_systems/networks/CON_spatial_molecular_similarity_matrix.csv"",""8d8cbdf9d88bbc7ed3decbfe754ddc43a059ec2262ad0027a2e6da8d6","NAMESPACE_BASENAME","11_spatial_systems","","PROVENANCE","historical",FALSE,"MEDIUM",""
"build_spatial_data_contract","pRoteomics","audits/restructure_migration_map.csv","15: ""pRoteomics"",""results/tables/11_spatial_systems/networks/network_global_multivariate_test.csv"",""19fcd9bd15800f63acfee6169aaae7cbd36127aa1fad2d279a33449084397cd2","NAMESPACE_BASENAME","11_spatial_systems","","PROVENANCE","historical",FALSE,"MEDIUM",""
"build_spatial_data_contract","pRoteomics","audits/restructure_migration_map.csv","27: ""pRoteomics"",""results/tables/11_spatial_systems/bilateral/bilateral_spatial_identity_protein_level.csv"",""46c54b479c068823f82bd4b1a1b73016ad8974bc55749d3069f8469","NAMESPACE_BASENAME","11_spatial_systems","","PROVENANCE","historical",FALSE,"MEDIUM",""
"build_spatial_data_contract","pRoteomics","audits/restructure_migration_map.csv","29: ""pRoteomics"",""results/tables/11_spatial_systems/atlas/protein_spatial_cell_affinity.csv"",""2c054c2b5b37fc430304bc9a08bd6111897a4c1b61211b62ba540c0b1f4537f3"",""pRo","NAMESPACE_BASENAME","11_spatial_systems","","PROVENANCE","historical",FALSE,"MEDIUM",""
"build_spatial_data_contract","pRoteomics","audits/restructure_migration_map.csv","30: ""pRoteomics"",""results/tables/11_spatial_systems/atlas/protein_sus_res_fdr_supported_atlas.csv"",""021e5bed7eeccf4f85d0c4e0d46aa20b29a75fdf1f655581b111ca0d208d8c6e","NAMESPACE_BASENAME","11_spatial_systems","","PROVENANCE","historical",FALSE,"MEDIUM",""
"build_spatial_data_contract","pRoteomics","audits/verify_scientific_contracts.R","29: ""results/tables/11_spatial_systems/ca2_slm_robustness/CA2_SLM_DAP_robustness.csv"",","NAMESPACE_BASENAME","11_spatial_systems","","PROVENANCE","active",FALSE,"MEDIUM",""
"build_spatial_data_contract","pRoteomics","audits/verify_scientific_contracts.R","30: ""results/tables/11_spatial_systems/ca2_slm_robustness/CA2_SLM_normalization_bias_context.csv"",","NAMESPACE_BASENAME","11_spatial_systems","","PROVENANCE","active",FALSE,"MEDIUM",""
"build_spatial_data_contract","pRoteomics","audits/verify_scientific_contracts.R","31: ""results/tables/11_spatial_systems/ca2_slm_robustness/CA2_SLM_sample_context.csv"")),","NAMESPACE_BASENAME","11_spatial_systems","","PROVENANCE","active",FALSE,"MEDIUM",""
"build_spatial_data_contract","pRoteomics","audits/verify_scientific_contracts.R","45: objects = ""results/tables/11_spatial_systems/atlas/protein_sus_res_fdr_supported_atlas.csv""),","NAMESPACE_BASENAME","11_spatial_systems","","PROVENANCE","active",FALSE,"MEDIUM",""
"build_spatial_data_contract","pRoteomics","audits/verify_scientific_contracts.R","50: ""results/tables/11_spatial_systems/bilateral/bilateral_spatial_identity_summary.csv"",","NAMESPACE_BASENAME","11_spatial_systems","","PROVENANCE","active",FALSE,"MEDIUM",""
"build_spatial_data_contract","pRoteomics","audits/verify_scientific_contracts.R","51: ""results/tables/11_spatial_systems/bilateral/bilateral_spatial_identity_protein_level.csv"",","NAMESPACE_BASENAME","11_spatial_systems","","PROVENANCE","active",FALSE,"MEDIUM",""
"build_spatial_data_contract","pRoteomics","audits/verify_scientific_contracts.R","52: ""results/tables/11_spatial_systems/precision/bilateral_precision_gain.csv"")),","NAMESPACE_BASENAME","11_spatial_systems","","PROVENANCE","active",FALSE,"MEDIUM",""
"build_spatial_data_contract","pRoteomics","audits/verify_scientific_contracts.R","57: ""results/tables/11_spatial_systems/networks/network_global_multivariate_test.csv"",","NAMESPACE_BASENAME","11_spatial_systems","","PROVENANCE","active",FALSE,"MEDIUM",""
"build_spatial_data_contract","pRoteomics","audits/verify_scientific_contracts.R","58: ""results/tables/11_spatial_systems/networks/animal_network_distance_from_CON.csv"",","NAMESPACE_BASENAME","11_spatial_systems","","PROVENANCE","active",FALSE,"MEDIUM",""
"build_spatial_data_contract","pRoteomics","audits/verify_scientific_contracts.R","59: ""results/tables/11_spatial_systems/networks/CON_spatial_molecular_similarity_matrix.csv"")),","NAMESPACE_BASENAME","11_spatial_systems","","PROVENANCE","active",FALSE,"MEDIUM",""
"build_spatial_data_contract","pRoteomics","audits/verify_scientific_contracts.R","63: objects = ""results/tables/11_spatial_systems/atlas/protein_spatial_cell_affinity.csv""),","NAMESPACE_BASENAME","11_spatial_systems","","PROVENANCE","active",FALSE,"MEDIUM",""
"build_spatial_data_contract","pRoteomics","docs/restructure_inventory.csv","119: ""11_spatial_systems/build_spatial_data_contract.R"",""ANALYSIS_ENTRYPOINT"",""proteomics"",""ACTIVE_CANONICAL"",TRUE,FALSE,""pRoteomics"",""analysis/03_spatial_validation","NAMESPACE_BASENAME","11_spatial_systems","","PROVENANCE","historical",FALSE,"MEDIUM",""
"build_spatial_data_contract","pRoteomics","docs/restructure_inventory.csv","120: ""11_spatial_systems/quantify_bilateral_spatial_identity.R"",""ANALYSIS_ENTRYPOINT"",""proteomics"",""ACTIVE_CANONICAL"",TRUE,FALSE,""pRoteomics"",""analysis/03_spatial_va","NAMESPACE_BASENAME","11_spatial_systems","","PROVENANCE","historical",FALSE,"MEDIUM",""
"build_spatial_data_contract","pRoteomics","docs/restructure_inventory.csv","121: ""11_spatial_systems/quantify_empirical_compartments.R"",""ANALYSIS_ENTRYPOINT"",""proteomics"",""ACTIVE_CANONICAL"",TRUE,FALSE,""pRoteomics"",""analysis/03_spatial_valida","NAMESPACE_BASENAME","11_spatial_systems","","PROVENANCE","historical",FALSE,"MEDIUM",""
"build_spatial_data_contract","pRoteomics","docs/restructure_inventory.csv","122: ""11_spatial_systems/quantify_module_bilateral_identity.R"",""ANALYSIS_ENTRYPOINT"",""proteomics"",""ACTIVE_CANONICAL"",TRUE,FALSE,""pRoteomics"",""analysis/03_spatial_val","NAMESPACE_BASENAME","11_spatial_systems","","PROVENANCE","historical",FALSE,"MEDIUM",""
"build_spatial_data_contract","pRoteomics","docs/restructure_inventory.csv","123: ""11_spatial_systems/annotate_module_celltypes.R"",""ANALYSIS_ENTRYPOINT"",""proteomics"",""ACTIVE_CANONICAL"",TRUE,FALSE,""pRoteomics"",""analysis/03_spatial_validation/a","NAMESPACE_BASENAME","11_spatial_systems","","PROVENANCE","historical",FALSE,"MEDIUM",""
"build_spatial_data_contract","pRoteomics","docs/restructure_inventory.csv","124: ""11_spatial_systems/decompose_bilateral_variance.R"",""ANALYSIS_ENTRYPOINT"",""proteomics"",""ACTIVE_CANONICAL"",TRUE,FALSE,""pRoteomics"",""analysis/03_spatial_validatio","NAMESPACE_BASENAME","11_spatial_systems","","PROVENANCE","historical",FALSE,"MEDIUM",""
"build_spatial_data_contract","pRoteomics","docs/restructure_inventory.csv","125: ""11_spatial_systems/validate_spatial_foundations.R"",""ANALYSIS_ENTRYPOINT"",""proteomics"",""ACTIVE_CANONICAL"",TRUE,FALSE,""pRoteomics"",""analysis/03_spatial_validatio","NAMESPACE_BASENAME","11_spatial_systems","","PROVENANCE","historical",FALSE,"MEDIUM",""
"build_spatial_data_contract","pRoteomics","docs/restructure_inventory.csv","126: ""11_spatial_systems/build_module_spatial_atlas.R"",""ANALYSIS_ENTRYPOINT"",""proteomics"",""ACTIVE_CANONICAL"",TRUE,FALSE,""pRoteomics"",""analysis/03_spatial_validation/","NAMESPACE_BASENAME","11_spatial_systems","","PROVENANCE","historical",FALSE,"MEDIUM",""
"build_spatial_data_contract","pRoteomics","docs/restructure_inventory.csv","127: ""11_spatial_systems/build_protein_spatial_atlas.R"",""ANALYSIS_ENTRYPOINT"",""proteomics"",""ACTIVE_CANONICAL"",TRUE,FALSE,""pRoteomics"",""analysis/03_spatial_validation","NAMESPACE_BASENAME","11_spatial_systems","","PROVENANCE","historical",FALSE,"MEDIUM",""
"build_spatial_data_contract","pRoteomics","docs/restructure_inventory.csv","128: ""11_spatial_systems/quantify_neuropil_detection_context.R"",""ANALYSIS_ENTRYPOINT"",""proteomics"",""ACTIVE_CANONICAL"",TRUE,FALSE,""pRoteomics"",""analysis/03_spatial_va","NAMESPACE_BASENAME","11_spatial_systems","","PROVENANCE","historical",FALSE,"MEDIUM",""
"build_spatial_data_contract","pRoteomics","docs/restructure_inventory.csv","129: ""11_spatial_systems/summarize_spatial_atlas.R"",""ANALYSIS_ENTRYPOINT"",""proteomics"",""ACTIVE_CANONICAL"",TRUE,FALSE,""pRoteomics"",""analysis/03_spatial_validation/sum","NAMESPACE_BASENAME","11_spatial_systems","","PROVENANCE","historical",FALSE,"MEDIUM",""
"build_spatial_data_contract","pRoteomics","docs/restructure_inventory.csv","130: ""11_spatial_systems/quantify_neuropil_precision.R"",""ANALYSIS_ENTRYPOINT"",""proteomics"",""ACTIVE_CANONICAL"",TRUE,FALSE,""pRoteomics"",""analysis/03_spatial_validation","NAMESPACE_BASENAME","11_spatial_systems","","PROVENANCE","historical",FALSE,"MEDIUM",""
"build_spatial_data_contract","pRoteomics","docs/restructure_inventory.csv","131: ""11_spatial_systems/build_animal_spatial_networks.R"",""ANALYSIS_ENTRYPOINT"",""proteomics"",""ACTIVE_CANONICAL"",TRUE,FALSE,""pRoteomics"",""analysis/03_spatial_validati","NAMESPACE_BASENAME","11_spatial_systems","","PROVENANCE","historical",FALSE,"MEDIUM",""
"build_spatial_data_contract","pRoteomics","docs/restructure_inventory.csv","132: ""11_spatial_systems/test_network_group_organization.R"",""ANALYSIS_ENTRYPOINT"",""proteomics"",""ACTIVE_CANONICAL"",TRUE,FALSE,""pRoteomics"",""analysis/03_spatial_valida","NAMESPACE_BASENAME","11_spatial_systems","","PROVENANCE","historical",FALSE,"MEDIUM",""
"build_spatial_data_contract","pRoteomics","docs/restructure_inventory.csv","133: ""11_spatial_systems/validate_network_workbook.R"",""ANALYSIS_ENTRYPOINT"",""proteomics"",""ACTIVE_CANONICAL"",TRUE,FALSE,""pRoteomics"",""analysis/03_spatial_validation/v","NAMESPACE_BASENAME","11_spatial_systems","","PROVENANCE","historical",FALSE,"MEDIUM",""
"build_spatial_data_contract","pRoteomics","docs/restructure_inventory.csv","134: ""11_spatial_systems/audit_ca2_slm_robustness.R"",""ANALYSIS_ENTRYPOINT"",""proteomics"",""ACTIVE_CANONICAL"",TRUE,FALSE,""pRoteomics"",""analysis/03_spatial_validation/au","NAMESPACE_BASENAME","11_spatial_systems","","PROVENANCE","historical",FALSE,"MEDIUM",""
"build_spatial_data_contract","pRoteomics","docs/restructure_inventory.csv","135: ""11_spatial_systems/audit_stress_identity_robustness.R"",""ANALYSIS_ENTRYPOINT"",""proteomics"",""ACTIVE_CANONICAL"",TRUE,FALSE,""pRoteomics"",""analysis/03_spatial_valid","NAMESPACE_BASENAME","11_spatial_systems","","PROVENANCE","historical",FALSE,"MEDIUM",""
"build_spatial_data_contract","pRoteomics","docs/restructure_inventory.csv","136: ""11_spatial_systems/summarize_ca2_slm_robustness.R"",""ANALYSIS_ENTRYPOINT"",""proteomics"",""ACTIVE_CANONICAL"",TRUE,FALSE,""pRoteomics"",""analysis/03_spatial_validatio","NAMESPACE_BASENAME","11_spatial_systems","","PROVENANCE","historical",FALSE,"MEDIUM",""
"build_spatial_data_contract","pRoteomics","docs/restructure_inventory.csv","658: ""results/tables/11_spatial_systems/bilateral/bilateral_spatial_identity_summary.csv"",""CANONICAL_ANALYSIS_OUTPUT"",""proteomics"",""ACTIVE_CANONICAL"",FALSE,TRUE,""pRo","NAMESPACE_BASENAME","11_spatial_systems","","PROVENANCE","historical",FALSE,"MEDIUM",""
"build_spatial_data_contract","pRoteomics","docs/restructure_inventory.csv","659: ""results/tables/11_spatial_systems/precision/bilateral_precision_gain.csv"",""CANONICAL_ANALYSIS_OUTPUT"",""proteomics"",""ACTIVE_CANONICAL"",FALSE,TRUE,""pRoteomics"",""","NAMESPACE_BASENAME","11_spatial_systems","","PROVENANCE","historical",FALSE,"MEDIUM",""
"build_spatial_data_contract","pRoteomics","docs/restructure_inventory.csv","662: ""results/tables/11_spatial_systems/ca2_slm_robustness/CA2_SLM_DAP_robustness.csv"",""CANONICAL_ANALYSIS_OUTPUT"",""proteomics"",""ACTIVE_CANONICAL"",FALSE,TRUE,""pRoteo","NAMESPACE_BASENAME","11_spatial_systems","","PROVENANCE","historical",FALSE,"MEDIUM",""
"build_spatial_data_contract","pRoteomics","docs/restructure_inventory.csv","663: ""results/tables/11_spatial_systems/ca2_slm_robustness/CA2_SLM_normalization_bias_context.csv"",""CANONICAL_ANALYSIS_OUTPUT"",""proteomics"",""ACTIVE_CANONICAL"",FALSE,","NAMESPACE_BASENAME","11_spatial_systems","","PROVENANCE","historical",FALSE,"MEDIUM",""
"build_spatial_data_contract","pRoteomics","docs/restructure_inventory.csv","664: ""results/tables/11_spatial_systems/ca2_slm_robustness/CA2_SLM_sample_context.csv"",""CANONICAL_ANALYSIS_OUTPUT"",""proteomics"",""ACTIVE_CANONICAL"",FALSE,TRUE,""pRoteo","NAMESPACE_BASENAME","11_spatial_systems","","PROVENANCE","historical",FALSE,"MEDIUM",""
"build_spatial_data_contract","pRoteomics","docs/restructure_inventory.csv","667: ""results/tables/11_spatial_systems/networks/animal_network_distance_from_CON.csv"",""CANONICAL_ANALYSIS_OUTPUT"",""proteomics"",""ACTIVE_CANONICAL"",FALSE,TRUE,""pRoteo","NAMESPACE_BASENAME","11_spatial_systems","","PROVENANCE","historical",FALSE,"MEDIUM",""
"build_spatial_data_contract","pRoteomics","docs/restructure_inventory.csv","668: ""results/tables/11_spatial_systems/networks/CON_spatial_molecular_similarity_matrix.csv"",""CANONICAL_ANALYSIS_OUTPUT"",""proteomics"",""ACTIVE_CANONICAL"",FALSE,TRUE,","NAMESPACE_BASENAME","11_spatial_systems","","PROVENANCE","historical",FALSE,"MEDIUM",""
"build_spatial_data_contract","pRoteomics","docs/restructure_inventory.csv","669: ""results/tables/11_spatial_systems/networks/network_global_multivariate_test.csv"",""CANONICAL_ANALYSIS_OUTPUT"",""proteomics"",""ACTIVE_CANONICAL"",FALSE,TRUE,""pRoteo","NAMESPACE_BASENAME","11_spatial_systems","","PROVENANCE","historical",FALSE,"MEDIUM",""
"build_spatial_data_contract","pRoteomics","docs/restructure_inventory.csv","675: ""results/tables/11_spatial_systems/bilateral/bilateral_spatial_identity_protein_level.csv"",""CANONICAL_ANALYSIS_OUTPUT"",""proteomics"",""ACTIVE_CANONICAL"",FALSE,TRU","NAMESPACE_BASENAME","11_spatial_systems","","PROVENANCE","historical",FALSE,"MEDIUM",""
"build_spatial_data_contract","pRoteomics","docs/restructure_inventory.csv","677: ""results/tables/11_spatial_systems/atlas/protein_spatial_cell_affinity.csv"",""CANONICAL_ANALYSIS_OUTPUT"",""proteomics"",""ACTIVE_CANONICAL"",FALSE,TRUE,""pRoteomics"",","NAMESPACE_BASENAME","11_spatial_systems","","PROVENANCE","historical",FALSE,"MEDIUM",""
"build_spatial_data_contract","pRoteomics","docs/restructure_inventory.csv","678: ""results/tables/11_spatial_systems/atlas/protein_sus_res_fdr_supported_atlas.csv"",""CANONICAL_ANALYSIS_OUTPUT"",""proteomics"",""ACTIVE_CANONICAL"",FALSE,TRUE,""pRoteo","NAMESPACE_BASENAME","11_spatial_systems","","PROVENANCE","historical",FALSE,"MEDIUM",""
"build_spatial_data_contract","pRoteomics","docs/restructure_inventory.csv","119: ""11_spatial_systems/build_spatial_data_contract.R"",""ANALYSIS_ENTRYPOINT"",""proteomics"",""ACTIVE_CANONICAL"",TRUE,FALSE,""pRoteomics"",""analysis/03_spatial_validation","NAMESPACE_BASENAME","data_contract","","PROVENANCE","historical",FALSE,"MEDIUM",""
"build_spatial_data_contract","pRoteomics","docs/restructure_inventory.csv","198: ""R/animal_id_contract.R"",""REUSABLE_FUNCTION"",""proteomics"",""ACTIVE_SUPPORT"",TRUE,FALSE,""pRoteomics"",""R/data_contracts/animal_id_contract.R"",""reusable scientific","NAMESPACE_BASENAME","data_contract","","PROVENANCE","historical",FALSE,"MEDIUM",""
"build_spatial_data_contract","pRoteomics","docs/restructure_inventory.csv","208: ""R/dataset_config.R"",""REUSABLE_FUNCTION"",""proteomics"",""ACTIVE_SUPPORT"",TRUE,FALSE,""pRoteomics"",""R/data_contracts/dataset_config.R"",""reusable scientific function","NAMESPACE_BASENAME","data_contract","","PROVENANCE","historical",FALSE,"MEDIUM",""
"build_spatial_data_contract","pRoteomics","docs/restructure_inventory.csv","209: ""R/dataset_inputs.R"",""REUSABLE_FUNCTION"",""proteomics"",""ACTIVE_SUPPORT"",TRUE,FALSE,""pRoteomics"",""R/data_contracts/dataset_inputs.R"",""reusable scientific function","NAMESPACE_BASENAME","data_contract","","PROVENANCE","historical",FALSE,"MEDIUM",""
"build_spatial_data_contract","pRoteomics","docs/restructure_inventory.csv","234: ""R/mapping_branch_utils.R"",""REUSABLE_FUNCTION"",""proteomics"",""ACTIVE_SUPPORT"",TRUE,FALSE,""pRoteomics"",""R/data_contracts/mapping_branch_utils.R"",""reusable scienti","NAMESPACE_BASENAME","data_contract","","PROVENANCE","historical",FALSE,"MEDIUM",""
"build_spatial_data_contract","pRoteomics","docs/restructure_inventory.csv","236: ""R/module_contracts.R"",""REUSABLE_FUNCTION"",""proteomics"",""ACTIVE_SUPPORT"",TRUE,FALSE,""pRoteomics"",""R/data_contracts/module_contracts.R"",""reusable scientific func","NAMESPACE_BASENAME","data_contract","","PROVENANCE","historical",FALSE,"MEDIUM",""
"build_spatial_data_contract","pRoteomics","docs/restructure_inventory.csv","251: ""R/protein_mapping_utils.R"",""REUSABLE_FUNCTION"",""proteomics"",""ACTIVE_SUPPORT"",TRUE,FALSE,""pRoteomics"",""R/data_contracts/protein_mapping_utils.R"",""reusable scien","NAMESPACE_BASENAME","data_contract","","PROVENANCE","historical",FALSE,"MEDIUM",""
"build_spatial_data_contract","pRoteomics","docs/restructure_inventory.csv","252: ""R/protigy_input_utils.R"",""REUSABLE_FUNCTION"",""proteomics"",""ACTIVE_SUPPORT"",TRUE,FALSE,""pRoteomics"",""R/data_contracts/protigy_input_utils.R"",""reusable scientifi","NAMESPACE_BASENAME","data_contract","","PROVENANCE","historical",FALSE,"MEDIUM",""
"build_spatial_data_contract","pRoteomics","docs/restructure_inventory.csv","253: ""R/protigy_stat_gct_utils.R"",""REUSABLE_FUNCTION"",""proteomics"",""ACTIVE_SUPPORT"",TRUE,FALSE,""pRoteomics"",""R/data_contracts/protigy_stat_gct_utils.R"",""reusable sci","NAMESPACE_BASENAME","data_contract","","PROVENANCE","historical",FALSE,"MEDIUM",""
"build_spatial_data_contract","pRoteomics","docs/restructure_inventory.csv","254: ""R/publication_freeze_utils.R"",""REUSABLE_FUNCTION"",""proteomics"",""ACTIVE_SUPPORT"",TRUE,FALSE,""pRoteomics"",""R/data_contracts/publication_freeze_utils.R"",""reusable","NAMESPACE_BASENAME","data_contract","","PROVENANCE","historical",FALSE,"MEDIUM",""
"build_spatial_data_contract","pRoteomics","docs/restructure_inventory.csv","263: ""R/spatial_systems_data_utils.R"",""REUSABLE_FUNCTION"",""proteomics"",""ACTIVE_SUPPORT"",TRUE,FALSE,""pRoteomics"",""R/data_contracts/spatial_systems_data_utils.R"",""reus","NAMESPACE_BASENAME","data_contract","","PROVENANCE","historical",FALSE,"MEDIUM",""
"build_spatial_data_contract","pRoteomics","docs/restructure_inventory.csv","264: ""R/spatial_systems_endpoint_utils.R"",""REUSABLE_FUNCTION"",""proteomics"",""ACTIVE_SUPPORT"",TRUE,FALSE,""pRoteomics"",""R/data_contracts/spatial_systems_endpoint_utils.","NAMESPACE_BASENAME","data_contract","","PROVENANCE","historical",FALSE,"MEDIUM",""
"build_spatial_data_contract","pRoteomics","docs/restructure_inventory.csv","265: ""R/spatial_systems_evidence_registry.R"",""REUSABLE_FUNCTION"",""proteomics"",""ACTIVE_SUPPORT"",TRUE,FALSE,""pRoteomics"",""R/data_contracts/spatial_systems_evidence_reg","NAMESPACE_BASENAME","data_contract","","PROVENANCE","historical",FALSE,"MEDIUM",""
"build_spatial_data_contract","pRoteomics","docs/restructure_inventory.csv","119: ""11_spatial_systems/build_spatial_data_contract.R"",""ANALYSIS_ENTRYPOINT"",""proteomics"",""ACTIVE_CANONICAL"",TRUE,FALSE,""pRoteomics"",""analysis/03_spatial_validation","ANALYSIS_REFERENCE","build_spatial_data_contract","","PROVENANCE","historical",FALSE,"MEDIUM",""
"build_spatial_data_contract","pRoteomics","docs/restructure_inventory.csv","119: ""11_spatial_systems/build_spatial_data_contract.R"",""ANALYSIS_ENTRYPOINT"",""proteomics"",""ACTIVE_CANONICAL"",TRUE,FALSE,""pRoteomics"",""analysis/03_spatial_validation","ANALYSIS_REFERENCE","build_spatial_data_contract.R","","PROVENANCE","historical",FALSE,"MEDIUM",""
"build_spatial_data_contract","pRoteomics","tools/verify_path_contract_rewrites.R","49: c(""11_spatial_systems"",                    ""analysis/spatial_validation"")","NAMESPACE_BASENAME","11_spatial_systems","","PROVENANCE","active",FALSE,"MEDIUM",""
"build_spatial_data_contract","pRoteomics","tools/verify_path_contract_rewrites.R","67: R_DOMAINS <- c(""data_contracts"", ""qc"", ""statistics"", ""spatial"",","NAMESPACE_BASENAME","data_contract","","PROVENANCE","active",FALSE,"MEDIUM",""
"build_spatial_data_contract","pRoteomics","tests/testthat/test-writer-audit-vocabulary.R","151: sv <- c(""build_spatial_data_contract"", ""quantify_bilateral_spatial_identity"",","ANALYSIS_REFERENCE","build_spatial_data_contract","","TEST","active",FALSE,"MEDIUM",""
"build_spatial_data_contract","pRoteomics","analysis/integration/screen_immunostaining_panel.R","330: ca2_robustness_input = ""results/tables/11_spatial_systems/ca2_slm_robustness/CA2_SLM_DAP_robustness.csv"",","NAMESPACE_BASENAME","11_spatial_systems","write.csv","WRITER_NOT_CONSUMER","active",FALSE,"MEDIUM",""
