"analysis_id","repo","consumer_file","line_or_expression","match_type","matched_token","enclosing_call","dependency_kind","active_or_historical","runtime_relevant","confidence","adjudication"
"build_immunostaining_candidates","pRoteomics","pipeline.yml","1353: produces: [""results/integration/build_immunostaining_candidates/global/tables/source_data/immunostaining_candidates_animal_abundance.csv"", ""results/inte","FULL_PATH","results/integration/build_immunostaining_candidates/global/tables/source_data/immunostaining_candidates_animal_abundance.csv","","CONFIG","active",TRUE,"HIGH",""
"build_immunostaining_candidates","pRoteomics","pipeline.yml","1353: produces: [""results/integration/build_immunostaining_candidates/global/tables/source_data/immunostaining_candidates_animal_abundance.csv"", ""results/inte","FULL_PATH","results/integration/build_immunostaining_candidates/global/tables/source_data/immunostaining_candidates_sus_res_effects.csv","","CONFIG","active",TRUE,"HIGH",""
"build_immunostaining_candidates","pRoteomics","pipeline.yml","1353: produces: [""results/integration/build_immunostaining_candidates/global/tables/source_data/immunostaining_candidates_animal_abundance.csv"", ""results/inte","FULL_PATH","results/integration/build_immunostaining_candidates/global/tables/source_data/immunostaining_candidates_mapping.csv","","CONFIG","active",TRUE,"HIGH",""
"build_immunostaining_candidates","pRoteomics","pipeline.yml","1353: produces: [""results/integration/build_immunostaining_candidates/global/tables/source_data/immunostaining_candidates_animal_abundance.csv"", ""results/inte","FULL_PATH","results/integration/build_immunostaining_candidates/global/tables/source_data/immunostaining_candidates_provenance.csv","","CONFIG","active",TRUE,"HIGH",""
"build_immunostaining_candidates","pRoteomics","pipeline.yml","459: consumes_optional: [""results/tables/06_modules_WGCNA/group_effects/<dataset>/"", ""results/tables/06_modules_WGCNA/module_annotation/<dataset>/"", ""results","REGISTRY_DEPENDENCY","10_biological_integration","","CONFIG","active",TRUE,"HIGH",""
"build_immunostaining_candidates","pRoteomics","pipeline.yml","983: - ""results/tables/10_biological_integration/wgcna_candidate_protein_shortlist/global/wgcna_candidate_proteins_all.csv""","NAMESPACE_BASENAME","10_biological_integration","","CONFIG","active",TRUE,"MEDIUM",""
"build_immunostaining_candidates","pRoteomics","pipeline.yml","1003: - ""results/tables/10_biological_integration/wgcna_candidate_protein_shortlist/neuron_neuropil/wgcna_candidate_proteins_long.csv""","NAMESPACE_BASENAME","10_biological_integration","","CONFIG","active",TRUE,"MEDIUM",""
"build_immunostaining_candidates","pRoteomics","pipeline.yml","1277: consumes_required: [""results/integration/build_cross_compartment_atlas/global/tables/cross_compartment_program_atlas_long.csv"", ""results/tables/10_biolo","REGISTRY_DEPENDENCY","10_biological_integration","","CONFIG","active",TRUE,"HIGH",""
"build_immunostaining_candidates","pRoteomics","pipeline.yml","1278: consumes_optional: [""results/integration/build_cross_compartment_atlas/global/tables/cross_compartment_program_atlas.csv"", ""results/tables/10_biological","REGISTRY_DEPENDENCY","10_biological_integration","","CONFIG","active",TRUE,"HIGH",""
"build_immunostaining_candidates","pRoteomics","pipeline.yml","1288: consumes_required: [""results/tables/04_differential_expression_enrichment/"", ""results/tables/06_modules_WGCNA/"", ""results/tables/06_modules_WGCNA/claim_","REGISTRY_DEPENDENCY","10_biological_integration","","CONFIG","active",TRUE,"HIGH",""
"build_immunostaining_candidates","pRoteomics","pipeline.yml","1299: consumes_required: [""results/integration/build_cross_compartment_atlas/global/tables/cross_compartment_program_atlas_long.csv"", ""results/tables/10_biolo","REGISTRY_DEPENDENCY","10_biological_integration","","CONFIG","active",TRUE,"HIGH",""
"build_immunostaining_candidates","pRoteomics","pipeline.yml","1321: consumes_required: [""results/integration/test_enrichment_module_concordance/global/tables/gsea_wgcna_concordance_long.csv"", ""results/tables/10_biologica","REGISTRY_DEPENDENCY","10_biological_integration","","CONFIG","active",TRUE,"HIGH",""
"build_immunostaining_candidates","pRoteomics","pipeline.yml","1333: consumes_optional: [""results/integration/test_enrichment_module_concordance/global/tables/program_specific_leading_edge_module_overlap.csv"", ""results/ta","REGISTRY_DEPENDENCY","10_biological_integration","","CONFIG","active",TRUE,"HIGH",""
"build_immunostaining_candidates","pRoteomics","pipeline.yml","1344: consumes_optional: [""results/integration/build_candidate_protein_shortlist/<dataset>/tables/wgcna_candidate_proteins_all.csv"", ""results/tables/10_biolog","REGISTRY_DEPENDENCY","10_biological_integration","","CONFIG","active",TRUE,"HIGH",""
"build_immunostaining_candidates","pRoteomics","pipeline.yml","1365: consumes_required: [""data/processed/02_id_mapping/mapped/neuron_neuropil/forward/per_file/"", ""data/processed/01_preprocessing/protigy_input_animal_level","REGISTRY_DEPENDENCY","10_biological_integration","","CONFIG","active",TRUE,"HIGH",""
"build_immunostaining_candidates","pRoteomics","pipeline.yml","1435: - ""results/tables/10_biological_integration/evidence_priority_matrix/global/evidence_priority_matrix.csv""","NAMESPACE_BASENAME","10_biological_integration","","CONFIG","active",TRUE,"MEDIUM",""
"build_immunostaining_candidates","pRoteomics","pipeline.yml","1465: consumes_optional: [""results/tables/06_modules_WGCNA/01_WGCNA/"", ""results/tables/06_modules_WGCNA/module_annotation/"", ""results/tables/biological_claims","REGISTRY_DEPENDENCY","10_biological_integration","","CONFIG","active",TRUE,"HIGH",""
"build_immunostaining_candidates","pRoteomics","pipeline.yml","1475: consumes_required: [""results/source_data/06_modules_WGCNA/interpretable_summary/neuron_neuropil/module_group_effects_main_heatmap_source.csv"", ""results/","REGISTRY_DEPENDENCY","10_biological_integration","","CONFIG","active",TRUE,"HIGH",""
"build_immunostaining_candidates","pRoteomics","pipeline.yml","1353: produces: [""results/integration/build_immunostaining_candidates/global/tables/source_data/immunostaining_candidates_animal_abundance.csv"", ""results/inte","OUTPUT_FILENAME","immunostaining_candidates_animal_abundance.csv","","CONFIG","active",TRUE,"MEDIUM",""
"build_immunostaining_candidates","pRoteomics","pipeline.yml","1353: produces: [""results/integration/build_immunostaining_candidates/global/tables/source_data/immunostaining_candidates_animal_abundance.csv"", ""results/inte","OUTPUT_FILENAME","immunostaining_candidates_sus_res_effects.csv","","CONFIG","active",TRUE,"MEDIUM",""
"build_immunostaining_candidates","pRoteomics","pipeline.yml","1353: produces: [""results/integration/build_immunostaining_candidates/global/tables/source_data/immunostaining_candidates_animal_abundance.csv"", ""results/inte","OUTPUT_FILENAME","immunostaining_candidates_mapping.csv","","CONFIG","active",TRUE,"MEDIUM",""
"build_immunostaining_candidates","pRoteomics","pipeline.yml","1353: produces: [""results/integration/build_immunostaining_candidates/global/tables/source_data/immunostaining_candidates_animal_abundance.csv"", ""results/inte","OUTPUT_FILENAME","immunostaining_candidates_provenance.csv","","CONFIG","active",TRUE,"MEDIUM",""
"build_immunostaining_candidates","pRoteomics","analysis/publication_source_data/build_biological_claims_table.R","2079: expected_path = path_results(""tables"", ""10_biological_integration"", ""manuscript_program_summary"", ""global"", ""manuscript_program_summary.csv""),","NAMESPACE_BASENAME","10_biological_integration","resolve_input_path","DIRECT_READER","active",TRUE,"HIGH",""
"build_immunostaining_candidates","pRoteomics","analysis/publication_source_data/build_biological_claims_table.R","2123: manuscript_summary_path <- path_results(""tables"", ""10_biological_integration"", ""manuscript_program_summary"", ""global"", ""manuscript_program_summary.csv"")","NAMESPACE_BASENAME","10_biological_integration","resolve_input_path","DIRECT_READER","active",TRUE,"HIGH",""
"build_immunostaining_candidates","pRoteomics","analysis/integration/build_candidate_protein_shortlist.R","90: legacy_stage = ""10_biological_integration"",","NAMESPACE_BASENAME","10_biological_integration","","DOWNSTREAM_ANALYSIS","active",TRUE,"MEDIUM",""
"build_immunostaining_candidates","pRoteomics","analysis/integration/build_candidate_protein_shortlist.R","108: ""10_biological_integration/"", SUBSTEP, ""/<dataset>/ and /global/.\n"", sep = """")","NAMESPACE_BASENAME","10_biological_integration","","DOWNSTREAM_ANALYSIS","active",TRUE,"MEDIUM",""
"build_immunostaining_candidates","pRoteomics","analysis/integration/build_evidence_priority_matrix.R","31: legacy_stage = ""10_biological_integration"",","NAMESPACE_BASENAME","10_biological_integration","","DOWNSTREAM_ANALYSIS","active",TRUE,"MEDIUM",""
"build_immunostaining_candidates","pRoteomics","analysis/integration/build_evidence_priority_matrix.R","35: legacy_stage = ""10_biological_integration"",","NAMESPACE_BASENAME","10_biological_integration","","DOWNSTREAM_ANALYSIS","active",TRUE,"MEDIUM",""
"build_immunostaining_candidates","pRoteomics","analysis/integration/export_module_protein_zoom_source_data.R","43: legacy_stage = ""10_biological_integration"",","NAMESPACE_BASENAME","10_biological_integration","","DOWNSTREAM_ANALYSIS","active",TRUE,"MEDIUM",""
"build_immunostaining_candidates","pRoteomics","analysis/integration/export_module_protein_zoom_source_data.R","273: local_context_source = ifelse(.data$ModuleID == ""WGCNA_m12"", ""results/tables/10_biological_integration/gsea_wgcna_concordance/global/program_specific_l","NAMESPACE_BASENAME","10_biological_integration","","DOWNSTREAM_ANALYSIS","active",TRUE,"MEDIUM",""
"build_immunostaining_candidates","pRoteomics","analysis/integration/export_module_protein_zoom_source_data.R","289: legacy_stage = ""10_biological_integration"",","NAMESPACE_BASENAME","10_biological_integration","","DOWNSTREAM_ANALYSIS","active",TRUE,"MEDIUM",""
"build_immunostaining_candidates","pRoteomics","analysis/integration/quantify_candidate_network_position.R","89: legacy_stage = ""10_biological_integration"",","NAMESPACE_BASENAME","10_biological_integration","","DOWNSTREAM_ANALYSIS","active",TRUE,"MEDIUM",""
"build_immunostaining_candidates","pRoteomics","analysis/integration/quantify_candidate_network_position.R","107: ""10_biological_integration/"", SUBSTEP, ""/<dataset>/ and /global/.\n"", sep = """")","NAMESPACE_BASENAME","10_biological_integration","","DOWNSTREAM_ANALYSIS","active",TRUE,"MEDIUM",""
"build_immunostaining_candidates","pRoteomics","analysis/integration/screen_immunostaining_separation.R","55: MODULE_ID <- ""10_biological_integration""","NAMESPACE_BASENAME","10_biological_integration","","DOWNSTREAM_ANALYSIS","active",TRUE,"MEDIUM",""
"build_immunostaining_candidates","pRoteomics","analysis/integration/summarize_enrichment_module_concordance.R","56: legacy_stage = ""10_biological_integration"",","NAMESPACE_BASENAME","10_biological_integration","","DOWNSTREAM_ANALYSIS","active",TRUE,"MEDIUM",""
"build_immunostaining_candidates","pRoteomics","analysis/integration/summarize_module_cross_compartment.R","66: legacy_stage = ""10_biological_integration"",","NAMESPACE_BASENAME","10_biological_integration","","DOWNSTREAM_ANALYSIS","active",TRUE,"MEDIUM",""
"build_immunostaining_candidates","pRoteomics","analysis/integration/summarize_programs_for_manuscript.R","30: legacy_stage = ""10_biological_integration"",","NAMESPACE_BASENAME","10_biological_integration","","DOWNSTREAM_ANALYSIS","active",TRUE,"MEDIUM",""
"build_immunostaining_candidates","pRoteomics","analysis/integration/summarize_programs_for_manuscript.R","34: legacy_stage = ""10_biological_integration"",","NAMESPACE_BASENAME","10_biological_integration","","DOWNSTREAM_ANALYSIS","active",TRUE,"MEDIUM",""
"build_immunostaining_candidates","pRoteomics","analysis/publication_source_data/08_export_manuscript_figures.R","47: path_results(""figures"", ""10_biological_integration""),","NAMESPACE_BASENAME","10_biological_integration","","DOWNSTREAM_ANALYSIS","active",TRUE,"MEDIUM",""
"build_immunostaining_candidates","pRoteomics","analysis/spatial_validation/build_protein_spatial_atlas.R","53: CAND <- path_results(""tables"", ""10_biological_integration"",","NAMESPACE_BASENAME","10_biological_integration","path_results","INDIRECT_READER_VIA_HELPER","active",TRUE,"HIGH",""
"build_immunostaining_candidates","pRoteomics","analysis/spatial_validation/quantify_neuropil_detection_context.R","58: LONG <- function(ds) path_results(""tables"", ""10_biological_integration"",","HELPER_FUNCTION","10_biological_integration","path_results","INDIRECT_READER_VIA_HELPER","active",TRUE,"HIGH",""
"build_immunostaining_candidates","pRoteomics","audits/integration/07_gsea_wgcna_concordance_correction_audit.R","28: ""tables"", ""10_biological_integration"",","NAMESPACE_BASENAME","10_biological_integration","path_results","INDIRECT_READER_VIA_HELPER","active",TRUE,"HIGH",""
"build_immunostaining_candidates","pRoteomics","audits/integration/07_gsea_wgcna_concordance_correction_audit.R","32: ""source_data"", ""10_biological_integration"",","NAMESPACE_BASENAME","10_biological_integration","path_results","INDIRECT_READER_VIA_HELPER","active",TRUE,"HIGH",""
"build_immunostaining_candidates","pRoteomics","audits/integration/07_gsea_wgcna_concordance_correction_audit.R","221: ""tables"", ""10_biological_integration"", ""gsea_wgcna_concordance"", ""global""","NAMESPACE_BASENAME","10_biological_integration","path_results","INDIRECT_READER_VIA_HELPER","active",TRUE,"HIGH",""
"build_immunostaining_candidates","pRoteomics","audits/spatial/spatial_v6_baseline_profile.R","59: GENE <- repo_path(""results"", ""tables"", ""10_biological_integration"",","NAMESPACE_BASENAME","10_biological_integration","repo_path","INDIRECT_READER_VIA_HELPER","active",TRUE,"HIGH",""
"build_immunostaining_candidates","pRoteomics","audits/wgcna/proteomics_wgcna_downstream_audit.R","73: atlas <- read_required(file.path(""results"", ""tables"", ""10_biological_integration"", ""cross_compartment_program_atlas"", ""global"", ""cross_compartment_program_atl","NAMESPACE_BASENAME","10_biological_integration","file.path","INDIRECT_READER_VIA_HELPER","active",TRUE,"HIGH",""
"build_immunostaining_candidates","pRoteomics","audits/wgcna/proteomics_wgcna_downstream_audit.R","122: segments <- read_required(file.path(""results"", ""source_data"", ""10_biological_integration"", ""wgcna_circular_atlas"", ""global"", ""wgcna_circular_atlas_segments.cs","NAMESPACE_BASENAME","10_biological_integration","file.path","INDIRECT_READER_VIA_HELPER","active",TRUE,"HIGH",""
"build_immunostaining_candidates","pRoteomics","audits/wgcna/proteomics_wgcna_downstream_audit.R","130: duplicates <- read_required(file.path(""results"", ""reports"", ""10_biological_integration"", ""wgcna_circular_atlas"", ""global"", ""wgcna_circular_atlas_duplicate_sou","NAMESPACE_BASENAME","10_biological_integration","file.path","INDIRECT_READER_VIA_HELPER","active",TRUE,"HIGH",""
"build_immunostaining_candidates","pRoteomics","audits/wgcna/proteomics_wgcna_downstream_audit.R","134: callout <- read_required(file.path(""results"", ""source_data"", ""10_biological_integration"", ""wgcna_circular_atlas"", ""global"", ""wgcna_supermodule_callout_source.","NAMESPACE_BASENAME","10_biological_integration","file.path","INDIRECT_READER_VIA_HELPER","active",TRUE,"HIGH",""
"build_immunostaining_candidates","pRoteomics","audits/wgcna/proteomics_wgcna_downstream_audit.R","139: bundle <- file.path(""results"", ""tables"", ""10_biological_integration"", ""final_evidence_bundle"", ""global"")","NAMESPACE_BASENAME","10_biological_integration","file.path","INDIRECT_READER_VIA_HELPER","active",TRUE,"HIGH",""
"build_immunostaining_candidates","pRoteomics","R/statistics/evidence_bundle_utils.R","588: bundle_dir <- path_results(""tables"", ""10_biological_integration"", ""final_evidence_bundle"", ""global"")","NAMESPACE_BASENAME","10_biological_integration","path_results","INDIRECT_READER_VIA_HELPER","active",TRUE,"HIGH",""
"build_immunostaining_candidates","pRoteomics","R/statistics/evidence_bundle_utils.R","589: source_bundle_dir <- path_results(""source_data"", ""10_biological_integration"", ""final_evidence_bundle"", ""global"")","NAMESPACE_BASENAME","10_biological_integration","path_results","INDIRECT_READER_VIA_HELPER","active",TRUE,"HIGH",""
"build_immunostaining_candidates","pRoteomics","R/statistics/evidence_bundle_utils.R","590: report_dir <- path_results(""reports"", ""10_biological_integration"", ""final_evidence_bundle"", ""global"")","NAMESPACE_BASENAME","10_biological_integration","path_results","INDIRECT_READER_VIA_HELPER","active",TRUE,"HIGH",""
"build_immunostaining_candidates","pRoteomics","R/statistics/evidence_bundle_utils.R","591: log_dir <- path_results(""logs"", ""10_biological_integration"", ""final_evidence_bundle"", ""global"")","NAMESPACE_BASENAME","10_biological_integration","path_results","INDIRECT_READER_VIA_HELPER","active",TRUE,"HIGH",""
"build_immunostaining_candidates","pRoteomics","R/statistics/evidence_bundle_utils.R","595: manuscript_program_summary = path_results(""tables"", ""10_biological_integration"", ""manuscript_program_summary"", ""global"", ""manuscript_program_summary.csv""),","NAMESPACE_BASENAME","10_biological_integration","path_results","INDIRECT_READER_VIA_HELPER","active",TRUE,"HIGH",""
"build_immunostaining_candidates","pRoteomics","R/statistics/evidence_bundle_utils.R","596: evidence_priority_matrix = path_results(""tables"", ""10_biological_integration"", ""evidence_priority_matrix"", ""global"", ""evidence_priority_matrix.csv""),","NAMESPACE_BASENAME","10_biological_integration","path_results","INDIRECT_READER_VIA_HELPER","active",TRUE,"HIGH",""
"build_immunostaining_candidates","pRoteomics","R/statistics/evidence_bundle_utils.R","597: cross_compartment_program_atlas = path_results(""tables"", ""10_biological_integration"", ""cross_compartment_program_atlas"", ""global"", ""cross_compartment_progra","NAMESPACE_BASENAME","10_biological_integration","path_results","INDIRECT_READER_VIA_HELPER","active",TRUE,"HIGH",""
"build_immunostaining_candidates","pRoteomics","R/statistics/wgcna_identity_contract_utils.R","952: path = source_base(""10_biological_integration"", ""wgcna_circular_atlas"",","NAMESPACE_BASENAME","10_biological_integration","","INDIRECT_READER_VIA_HELPER","active",TRUE,"MEDIUM",""
"build_immunostaining_candidates","pRoteomics","tools/audit_wgcna_support_status.R","73: repo_root(), ""results"", ""source_data"", ""10_biological_integration"",","NAMESPACE_BASENAME","10_biological_integration","file.path","INDIRECT_READER_VIA_HELPER","active",TRUE,"HIGH",""
"build_immunostaining_candidates","pRoteomics","tools/audit_wgcna_support_status.R","83: repo_root(), ""results"", ""tables"", ""10_biological_integration"",","NAMESPACE_BASENAME","10_biological_integration","file.path","INDIRECT_READER_VIA_HELPER","active",TRUE,"HIGH",""
"build_immunostaining_candidates","pRoteomics","tests/smoke_test_active_script_contracts.R","200: bundle_path <- path_results(""tables"", ""10_biological_integration"", ""final_evidence_bundle"", ""global"")","TEST_FRAGMENT","10_biological_integration","path_results","TEST","active",TRUE,"HIGH",""
"build_immunostaining_candidates","pRoteomics","tests/testthat/test-export-target-path-budget.R","59: ""10_biological_integration/diagnostic.svg""","TEST_FRAGMENT","10_biological_integration","","TEST","active",TRUE,"MEDIUM",""
"build_immunostaining_candidates","pRoteomics","tests/testthat/test-export-target-path-budget.R","230: for (root in c(""manuscript_panels"", ""10_biological_integration"",","TEST_FRAGMENT","10_biological_integration","","TEST","active",TRUE,"MEDIUM",""
"build_immunostaining_candidates","pRoteomics","tests/testthat/test-immunostaining-candidate-comparison.R","16: SRC <- repo(""results"", ""source_data"", ""10_biological_integration"",","TEST_FRAGMENT","10_biological_integration","","TEST","active",TRUE,"MEDIUM",""
"build_immunostaining_candidates","pRoteomics","tests/testthat/test-immunostaining-candidate-comparison.R","114: PSRC <- repo(""results"", ""source_data"", ""10_biological_integration"",","TEST_FRAGMENT","10_biological_integration","","TEST","active",TRUE,"MEDIUM",""
"build_immunostaining_candidates","pRoteomics","tests/testthat/test-immunostaining-candidate-comparison.R","207: SSRC <- repo(""results"", ""source_data"", ""10_biological_integration"",","TEST_FRAGMENT","10_biological_integration","","TEST","active",TRUE,"MEDIUM",""
"build_immunostaining_candidates","pRoteomics","tests/testthat/test-immunostaining-candidate-comparison.R","17: ""immunostaining_candidate_comparison"")","TEST_FRAGMENT","immunostaining_candidate_comparison","","TEST","active",TRUE,"MEDIUM",""
"build_immunostaining_candidates","pRoteomics","tests/testthat/test-immunostaining-candidate-comparison.R","39: a <- rd(""immunostaining_candidates_animal_abundance.csv"")","OUTPUT_FILENAME","immunostaining_candidates_animal_abundance.csv","","TEST","active",TRUE,"MEDIUM",""
"build_immunostaining_candidates","pRoteomics","tests/testthat/test-immunostaining-candidate-comparison.R","79: a <- rd(""immunostaining_candidates_animal_abundance.csv"")","OUTPUT_FILENAME","immunostaining_candidates_animal_abundance.csv","","TEST","active",TRUE,"MEDIUM",""
"build_immunostaining_candidates","pRoteomics","tests/testthat/test-immunostaining-candidate-comparison.R","56: e <- rd(""immunostaining_candidates_sus_res_effects.csv"")","OUTPUT_FILENAME","immunostaining_candidates_sus_res_effects.csv","","TEST","active",TRUE,"MEDIUM",""
"build_immunostaining_candidates","pRoteomics","tests/testthat/test-immunostaining-candidate-comparison.R","80: e <- rd(""immunostaining_candidates_sus_res_effects.csv"")","OUTPUT_FILENAME","immunostaining_candidates_sus_res_effects.csv","","TEST","active",TRUE,"MEDIUM",""
"build_immunostaining_candidates","pRoteomics","tests/testthat/test-immunostaining-candidate-comparison.R","20: file.exists(file.path(SRC, ""immunostaining_candidates_mapping.csv""))","OUTPUT_FILENAME","immunostaining_candidates_mapping.csv","file.exists","TEST","active",TRUE,"HIGH",""
"build_immunostaining_candidates","pRoteomics","tests/testthat/test-immunostaining-candidate-comparison.R","25: m <- rd(""immunostaining_candidates_mapping.csv"")","OUTPUT_FILENAME","immunostaining_candidates_mapping.csv","file.exists","TEST","active",TRUE,"HIGH",""
"build_immunostaining_candidates","pRoteomics","tests/testthat/test-immunostaining-candidate-comparison.R","57: m <- rd(""immunostaining_candidates_mapping.csv"")","OUTPUT_FILENAME","immunostaining_candidates_mapping.csv","file.exists","TEST","active",TRUE,"HIGH",""
"build_immunostaining_candidates","pRoteomics","tests/testthat/test-integration-writer-namespace.R","34: STAGES <- c(""10_biological_integration"", ""08_behavior_physio_coupling"")","TEST_FRAGMENT","10_biological_integration","file.path","TEST","active",TRUE,"HIGH",""
"build_immunostaining_candidates","pRoteomics","tests/testthat/test-integration-writer-namespace.R","237: ld <- file.path(tmp, ""results"", ""tables"", ""10_biological_integration"", sub, ""global"")","TEST_FRAGMENT","10_biological_integration","file.path","TEST","active",TRUE,"HIGH",""
"build_immunostaining_candidates","pRoteomics","tests/testthat/test-integration-writer-namespace.R","255: legacy_stage = ""10_biological_integration"",","TEST_FRAGMENT","10_biological_integration","file.path","TEST","active",TRUE,"HIGH",""
"build_immunostaining_candidates","pRoteomics","tests/testthat/test-integration-writer-namespace.R","302: ld <- file.path(tmp, ""results"", ""tables"", ""10_biological_integration"", sub, ""global"")","TEST_FRAGMENT","10_biological_integration","file.path","TEST","active",TRUE,"HIGH",""
"build_immunostaining_candidates","pRoteomics","tests/testthat/test-integration-writer-namespace.R","309: legacy_stage = ""10_biological_integration"",","TEST_FRAGMENT","10_biological_integration","file.path","TEST","active",TRUE,"HIGH",""
"build_immunostaining_candidates","pRoteomics","tests/testthat/test-integration-writer-namespace.R","357: hist <- path_results(""reports"", ""10_biological_integration"",","TEST_FRAGMENT","10_biological_integration","file.path","TEST","active",TRUE,"HIGH",""
"build_immunostaining_candidates","pRoteomics","tests/testthat/test-program-evidence-audit.R","35: TH <- rd(repo_path(""results"", ""tables"", ""10_biological_integration"",","TEST_FRAGMENT","10_biological_integration","repo_path","TEST","active",TRUE,"HIGH",""
"build_immunostaining_candidates","pRoteomics","tests/testthat/test-source-data-journal-scope.R","220: ""results/tables/10_biological_integration/gsea_wgcna_concordance/global/"",","TEST_FRAGMENT","10_biological_integration","","TEST","active",TRUE,"MEDIUM",""
"build_immunostaining_candidates","pRoteomics","tests/testthat/test-source-data-journal-scope.R","224: ""results/source_data/10_biological_integration/gsea_wgcna_concordance/global/"",","TEST_FRAGMENT","10_biological_integration","","TEST","active",TRUE,"MEDIUM",""
"build_immunostaining_candidates","pRoteomics","tests/testthat/test-source-data-journal-scope.R","228: ""results/source_data/10_biological_integration/gsea_wgcna_concordance/global/"",","TEST_FRAGMENT","10_biological_integration","","TEST","active",TRUE,"MEDIUM",""
"build_immunostaining_candidates","pRoteomics","tests/testthat/test-wgcna-candidate-protein-shortlist.R","496: path_results(""tables"", ""10_biological_integration"",","TEST_FRAGMENT","10_biological_integration","path_results","TEST","active",TRUE,"HIGH",""
"build_immunostaining_candidates","pRoteomics","tests/testthat/test-wgcna-candidate-protein-shortlist.R","637: ""tables"", ""10_biological_integration"",","TEST_FRAGMENT","10_biological_integration","path_results","TEST","active",TRUE,"HIGH",""
"build_immunostaining_candidates","pRoteomics","tests/testthat/test-wgcna-candidate-protein-shortlist.R","680: out_root <- path_results(""tables"", ""10_biological_integration"",","TEST_FRAGMENT","10_biological_integration","path_results","TEST","active",TRUE,"HIGH",""
"build_immunostaining_candidates","pRoteomics","tests/testthat/test-wgcna-candidate-protein-shortlist.R","902: path_results(""tables"", ""10_biological_integration"",","TEST_FRAGMENT","10_biological_integration","path_results","TEST","active",TRUE,"HIGH",""
"build_immunostaining_candidates","pRoteomics","tests/testthat/test-wgcna-candidate-protein-shortlist.R","963: csv <- path_results(""tables"", ""10_biological_integration"",","TEST_FRAGMENT","10_biological_integration","path_results","TEST","active",TRUE,"HIGH",""
"build_immunostaining_candidates","pRoteomics","tests/testthat/test-wgcna-candidate-protein-shortlist.R","1021: csv <- path_results(""tables"", ""10_biological_integration"",","TEST_FRAGMENT","10_biological_integration","path_results","TEST","active",TRUE,"HIGH",""
"build_immunostaining_candidates","pRoteomics","tests/testthat/test-wgcna-circular-atlas-tier-specific-fdr.R","114: ""results"", ""source_data"", ""10_biological_integration"",","TEST_FRAGMENT","10_biological_integration","file.path","TEST","active",TRUE,"HIGH",""
"build_immunostaining_candidates","pRoteomics","tests/testthat/test-wgcna-circular-atlas-tier-specific-fdr.R","249: ""results"", ""source_data"", ""10_biological_integration"",","TEST_FRAGMENT","10_biological_integration","file.path","TEST","active",TRUE,"HIGH",""
"build_immunostaining_candidates","pRoteomics","tests/testthat/test-wgcna-circular-atlas-tier-specific-fdr.R","348: ""results"", ""source_data"", ""10_biological_integration"",","TEST_FRAGMENT","10_biological_integration","file.path","TEST","active",TRUE,"HIGH",""
"build_immunostaining_candidates","pRoteomics","tests/testthat/test-wgcna-circular-atlas-tier-specific-fdr.R","482: ""results"", ""source_data"", ""10_biological_integration"",","TEST_FRAGMENT","10_biological_integration","file.path","TEST","active",TRUE,"HIGH",""
"build_immunostaining_candidates","pRoteomics","tests/testthat/test-wgcna-circular-atlas-tier-specific-fdr.R","609: ""results"", ""figures"", ""10_biological_integration"",","TEST_FRAGMENT","10_biological_integration","file.path","TEST","active",TRUE,"HIGH",""
"build_immunostaining_candidates","pRoteomics","tests/testthat/test-wgcna-stage13-downstream-integration.R","76: ""results"", ""tables"", ""10_biological_integration"", ""cross_compartment_program_atlas"",","TEST_FRAGMENT","10_biological_integration","","TEST","active",TRUE,"MEDIUM",""
"build_immunostaining_candidates","pRoteomics","tests/testthat/test-wgcna-stage13-downstream-integration.R","141: ""results"", ""tables"", ""10_biological_integration"", ""manuscript_program_summary"",","TEST_FRAGMENT","10_biological_integration","","TEST","active",TRUE,"MEDIUM",""
"build_immunostaining_candidates","pRoteomics","tests/testthat/test-wgcna-stage13-downstream-integration.R","205: ""results"", ""source_data"", ""10_biological_integration"", ""wgcna_circular_atlas"",","TEST_FRAGMENT","10_biological_integration","","TEST","active",TRUE,"MEDIUM",""
"build_immunostaining_candidates","pRoteomics","tests/testthat/test-wgcna-stage13-downstream-integration.R","230: ""results"", ""tables"", ""10_biological_integration"", ""wgcna_cross_compartment_overview"",","TEST_FRAGMENT","10_biological_integration","","TEST","active",TRUE,"MEDIUM",""
"build_immunostaining_candidates","pRoteomics","tests/testthat/test-wgcna-stage13-downstream-integration.R","244: bundle <- stage13_test_path(""results"", ""tables"", ""10_biological_integration"", ""final_evidence_bundle"", ""global"")","TEST_FRAGMENT","10_biological_integration","","TEST","active",TRUE,"MEDIUM",""
"build_immunostaining_candidates","pRoteomics","pipeline.yml","1348: - script: ""analysis/integration/build_immunostaining_candidates.R""","ANALYSIS_REFERENCE","build_immunostaining_candidates","","CONFIG","active",FALSE,"MEDIUM",""
"build_immunostaining_candidates","pRoteomics","pipeline.yml","1353: produces: [""results/integration/build_immunostaining_candidates/global/tables/source_data/immunostaining_candidates_animal_abundance.csv"", ""results/inte","ANALYSIS_REFERENCE","build_immunostaining_candidates","","CONFIG","active",FALSE,"MEDIUM",""
"build_immunostaining_candidates","pRoteomics","pipeline.yml","1348: - script: ""analysis/integration/build_immunostaining_candidates.R""","ANALYSIS_REFERENCE","build_immunostaining_candidates.R","","CONFIG","active",FALSE,"MEDIUM",""
"build_immunostaining_candidates","pRoteomics","analysis/integration/build_candidate_protein_shortlist.R","40: # Consumes: required results/tables/06_modules_WGCNA/01_WGCNA/<dataset>/modules/WGCNA_modules_long.csv; results/tables/06_modules_WGCNA/interpretable_summary/<d","DOCUMENTATION_ONLY","10_biological_integration","","DOCUMENTATION","active",FALSE,"N/A",""
"build_immunostaining_candidates","pRoteomics","analysis/integration/build_evidence_priority_matrix.R","6: # Consumes: required results/integration/build_cross_compartment_atlas/global/tables/cross_compartment_program_atlas_long.csv; results/tables/10_biological_inte","DOCUMENTATION_ONLY","10_biological_integration","","DOCUMENTATION","active",FALSE,"N/A",""
"build_immunostaining_candidates","pRoteomics","analysis/integration/quantify_candidate_network_position.R","40: # Consumes: required results/tables/06_modules_WGCNA/01_WGCNA/<dataset>/modules/WGCNA_modules_long.csv; results/differential_abundance/run_clusterprofiler_enric","DOCUMENTATION_ONLY","10_biological_integration","","DOCUMENTATION","active",FALSE,"N/A",""
"build_immunostaining_candidates","pRoteomics","analysis/integration/README_gsea_wgcna_concordance.md","27: `results/{tables,source_data}/10_biological_integration/gsea_wgcna_concordance/global/`","NAMESPACE_BASENAME","10_biological_integration","","DOCUMENTATION","active",FALSE,"MEDIUM",""
"build_immunostaining_candidates","pRoteomics","analysis/integration/README_gsea_wgcna_concordance.md","31: `results/reports/10_biological_integration/gsea_wgcna_concordance/global/`","NAMESPACE_BASENAME","10_biological_integration","","DOCUMENTATION","active",FALSE,"MEDIUM",""
"build_immunostaining_candidates","pRoteomics","analysis/integration/render_module_circular_atlas.R","5: # Consumes: required results/tables/06_modules_WGCNA/; results/tables/06_modules_WGCNA/interpretable_summary/neuron_neuropil/WGCNA_inferential_handoff.csv; resu","DOCUMENTATION_ONLY","10_biological_integration","","DOCUMENTATION","active",FALSE,"N/A",""
"build_immunostaining_candidates","pRoteomics","analysis/integration/summarize_enrichment_module_concordance.R","9: # Consumes: required results/integration/test_enrichment_module_concordance/global/tables/gsea_wgcna_concordance_long.csv; results/tables/10_biological_integrat","DOCUMENTATION_ONLY","10_biological_integration","","DOCUMENTATION","active",FALSE,"N/A",""
"build_immunostaining_candidates","pRoteomics","analysis/integration/summarize_programs_for_manuscript.R","6: # Consumes: required results/integration/build_cross_compartment_atlas/global/tables/cross_compartment_program_atlas_long.csv; results/tables/10_biological_inte","DOCUMENTATION_ONLY","10_biological_integration","","DOCUMENTATION","active",FALSE,"N/A",""
"build_immunostaining_candidates","pRoteomics","analysis/spatial_validation/build_protein_spatial_atlas.R","20: # Consumes: required results/tables/10_biological_integration/wgcna_candidate_protein_shortlist/global/wgcna_candidate_proteins_all.csv; optional results/spatia","DOCUMENTATION_ONLY","10_biological_integration","path_results","DOCUMENTATION","active",FALSE,"HIGH",""
"build_immunostaining_candidates","pRoteomics","analysis/spatial_validation/quantify_neuropil_detection_context.R","25: # Consumes: required results/tables/04_differential_expression_enrichment/sus_res_spatial_dap_atlas/global/sus_res_dap_counts.csv; optional results/tables/10_bi","DOCUMENTATION_ONLY","10_biological_integration","path_results","DOCUMENTATION","active",FALSE,"HIGH",""
"build_immunostaining_candidates","pRoteomics","audits/part29/duplicate_gene_collapse_audit.R","12: ##   results/tables/10_biological_integration/gsea_wgcna_concordance/global/","DOCUMENTATION_ONLY","10_biological_integration","file.path","DOCUMENTATION","historical",FALSE,"HIGH",""
"build_immunostaining_candidates","pRoteomics","docs/ANALYSIS_ENTRYPOINTS.md","281: - `analysis/integration/build_immunostaining_candidates.R` - stage `integration`, scope `global`","ANALYSIS_REFERENCE","build_immunostaining_candidates","","DOCUMENTATION","active",FALSE,"MEDIUM",""
"build_immunostaining_candidates","pRoteomics","docs/ANALYSIS_ENTRYPOINTS.md","281: - `analysis/integration/build_immunostaining_candidates.R` - stage `integration`, scope `global`","ANALYSIS_REFERENCE","build_immunostaining_candidates.R","","DOCUMENTATION","active",FALSE,"MEDIUM",""
"build_immunostaining_candidates","pRoteomics","docs/BIOLOGICAL_INTERPRETATION.md","6: results/tables/10_biological_integration/final_evidence_bundle/global/final_biological_evidence_bundle.xlsx","NAMESPACE_BASENAME","10_biological_integration","","DOCUMENTATION","active",FALSE,"MEDIUM",""
"build_immunostaining_candidates","pRoteomics","docs/OUTPUT_CONTRACTS.md","56: results/tables/10_biological_integration/final_evidence_bundle/global/final_biological_evidence_bundle.xlsx","NAMESPACE_BASENAME","10_biological_integration","","DOCUMENTATION","active",FALSE,"MEDIUM",""
"build_immunostaining_candidates","pRoteomics","docs/OUTPUT_CONTRACTS.md","59: This workbook is a final evidence bundle assembled above the existing result tables. It does not recompute upstream statistics, WGCNA construction, model formul","NAMESPACE_BASENAME","10_biological_integration","","DOCUMENTATION","active",FALSE,"MEDIUM",""
"build_immunostaining_candidates","pRoteomics","docs/OUTPUT_CONTRACTS.md","274: | cross-compartment program atlas | `validate_cross_compartment_program_atlas()` | `results/tables/10_biological_integration/cross_compartment_program_atlas/glo","NAMESPACE_BASENAME","10_biological_integration","","DOCUMENTATION","active",FALSE,"MEDIUM",""
"build_immunostaining_candidates","pRoteomics","docs/OUTPUT_CONTRACTS.md","275: | manuscript program summary | `validate_manuscript_program_summary()` | `results/tables/10_biological_integration/manuscript_program_summary/global/manuscript_","NAMESPACE_BASENAME","10_biological_integration","","DOCUMENTATION","active",FALSE,"MEDIUM",""
"build_immunostaining_candidates","pRoteomics","docs/OUTPUT_CONTRACTS.md","276: | evidence priority matrix | `validate_evidence_priority_matrix()` | `results/tables/10_biological_integration/evidence_priority_matrix/global/evidence_priority","NAMESPACE_BASENAME","10_biological_integration","","DOCUMENTATION","active",FALSE,"MEDIUM",""
"build_immunostaining_candidates","pRoteomics","docs/OUTPUT_CONTRACTS.md","277: | final biological evidence bundle | workbook/CSV bundle contract documented in workbook `README` sheet | `results/tables/10_biological_integration/final_eviden","NAMESPACE_BASENAME","10_biological_integration","","DOCUMENTATION","active",FALSE,"MEDIUM",""
"build_immunostaining_candidates","pRoteomics","docs/RESTRUCTURE_PLAN.md","23: - `results/tables/10_biological_integration/gsea_wgcna_concordance/global/ontology_aware_gsea_theme_assignments_all_contrasts.csv` — 11 rows (5 Extended Data 6","NAMESPACE_BASENAME","10_biological_integration","","DOCUMENTATION","historical",FALSE,"MEDIUM",""
"build_immunostaining_candidates","pRoteomics","docs/RESULTS_OWNERSHIP.md","44: | `results/integration/build_immunostaining_candidates/global` | `build_immunostaining_candidates.R` | 1 | 4 |","ANALYSIS_REFERENCE","build_immunostaining_candidates","","DOCUMENTATION","active",FALSE,"MEDIUM",""
"build_immunostaining_candidates","pRoteomics","docs/RESULTS_OWNERSHIP.md","44: | `results/integration/build_immunostaining_candidates/global` | `build_immunostaining_candidates.R` | 1 | 4 |","ANALYSIS_REFERENCE","build_immunostaining_candidates.R","","DOCUMENTATION","active",FALSE,"MEDIUM",""
"build_immunostaining_candidates","pRoteomics","config/results_ownership.csv","24: ""results/integration/build_immunostaining_candidates/global"",""results/integration/build_immunostaining_candidates"",""analysis/integration/build_immunostaining_ca","FULL_PATH","results/integration/build_immunostaining_candidates/global/tables/source_data/immunostaining_candidates_animal_abundance.csv","","GENERATED_RECORD","active",FALSE,"HIGH",""
"build_immunostaining_candidates","pRoteomics","config/results_ownership.csv","24: ""results/integration/build_immunostaining_candidates/global"",""results/integration/build_immunostaining_candidates"",""analysis/integration/build_immunostaining_ca","FULL_PATH","results/integration/build_immunostaining_candidates/global/tables/source_data/immunostaining_candidates_sus_res_effects.csv","","GENERATED_RECORD","active",FALSE,"HIGH",""
"build_immunostaining_candidates","pRoteomics","config/results_ownership.csv","24: ""results/integration/build_immunostaining_candidates/global"",""results/integration/build_immunostaining_candidates"",""analysis/integration/build_immunostaining_ca","FULL_PATH","results/integration/build_immunostaining_candidates/global/tables/source_data/immunostaining_candidates_mapping.csv","","GENERATED_RECORD","active",FALSE,"HIGH",""
"build_immunostaining_candidates","pRoteomics","config/results_ownership.csv","24: ""results/integration/build_immunostaining_candidates/global"",""results/integration/build_immunostaining_candidates"",""analysis/integration/build_immunostaining_ca","FULL_PATH","results/integration/build_immunostaining_candidates/global/tables/source_data/immunostaining_candidates_provenance.csv","","GENERATED_RECORD","active",FALSE,"HIGH",""
"build_immunostaining_candidates","pRoteomics","config/results_ownership.csv","24: ""results/integration/build_immunostaining_candidates/global"",""results/integration/build_immunostaining_candidates"",""analysis/integration/build_immunostaining_ca","OUTPUT_FILENAME","immunostaining_candidates_animal_abundance.csv","","GENERATED_RECORD","active",FALSE,"MEDIUM",""
"build_immunostaining_candidates","pRoteomics","config/results_ownership.csv","24: ""results/integration/build_immunostaining_candidates/global"",""results/integration/build_immunostaining_candidates"",""analysis/integration/build_immunostaining_ca","OUTPUT_FILENAME","immunostaining_candidates_sus_res_effects.csv","","GENERATED_RECORD","active",FALSE,"MEDIUM",""
"build_immunostaining_candidates","pRoteomics","config/results_ownership.csv","24: ""results/integration/build_immunostaining_candidates/global"",""results/integration/build_immunostaining_candidates"",""analysis/integration/build_immunostaining_ca","OUTPUT_FILENAME","immunostaining_candidates_mapping.csv","","GENERATED_RECORD","active",FALSE,"MEDIUM",""
"build_immunostaining_candidates","pRoteomics","config/results_ownership.csv","24: ""results/integration/build_immunostaining_candidates/global"",""results/integration/build_immunostaining_candidates"",""analysis/integration/build_immunostaining_ca","OUTPUT_FILENAME","immunostaining_candidates_provenance.csv","","GENERATED_RECORD","active",FALSE,"MEDIUM",""
"build_immunostaining_candidates","pRoteomics","config/results_ownership.csv","24: ""results/integration/build_immunostaining_candidates/global"",""results/integration/build_immunostaining_candidates"",""analysis/integration/build_immunostaining_ca","ANALYSIS_REFERENCE","build_immunostaining_candidates","","GENERATED_RECORD","active",FALSE,"MEDIUM",""
"build_immunostaining_candidates","pRoteomics","config/results_ownership.csv","24: ""results/integration/build_immunostaining_candidates/global"",""results/integration/build_immunostaining_candidates"",""analysis/integration/build_immunostaining_ca","ANALYSIS_REFERENCE","build_immunostaining_candidates.R","","GENERATED_RECORD","active",FALSE,"MEDIUM",""
"build_immunostaining_candidates","pRoteomics","docs/active_script_io_audit.tsv","94: analysis/integration/build_immunostaining_candidates.R	active_optional	required: data/processed/01_preprocessing/protigy_input_animal_level/neuron_neuropil/neur","FULL_PATH","results/integration/build_immunostaining_candidates/global/tables/source_data/immunostaining_candidates_animal_abundance.csv","","GENERATED_RECORD","active",FALSE,"HIGH",""
"build_immunostaining_candidates","pRoteomics","docs/active_script_io_audit.tsv","94: analysis/integration/build_immunostaining_candidates.R	active_optional	required: data/processed/01_preprocessing/protigy_input_animal_level/neuron_neuropil/neur","FULL_PATH","results/integration/build_immunostaining_candidates/global/tables/source_data/immunostaining_candidates_sus_res_effects.csv","","GENERATED_RECORD","active",FALSE,"HIGH",""
"build_immunostaining_candidates","pRoteomics","docs/active_script_io_audit.tsv","94: analysis/integration/build_immunostaining_candidates.R	active_optional	required: data/processed/01_preprocessing/protigy_input_animal_level/neuron_neuropil/neur","FULL_PATH","results/integration/build_immunostaining_candidates/global/tables/source_data/immunostaining_candidates_mapping.csv","","GENERATED_RECORD","active",FALSE,"HIGH",""
"build_immunostaining_candidates","pRoteomics","docs/active_script_io_audit.tsv","94: analysis/integration/build_immunostaining_candidates.R	active_optional	required: data/processed/01_preprocessing/protigy_input_animal_level/neuron_neuropil/neur","FULL_PATH","results/integration/build_immunostaining_candidates/global/tables/source_data/immunostaining_candidates_provenance.csv","","GENERATED_RECORD","active",FALSE,"HIGH",""
"build_immunostaining_candidates","pRoteomics","docs/active_script_io_audit.tsv","40: analysis/wgcna/build_module_identity_contract.R	active_optional	required: data/processed/06_modules_WGCNA/01_WGCNA/<dataset>/wgcna_final_model_state.rds|results","NAMESPACE_BASENAME","10_biological_integration","","GENERATED_RECORD","active",FALSE,"MEDIUM",""
"build_immunostaining_candidates","pRoteomics","docs/active_script_io_audit.tsv","72: analysis/spatial_validation/build_protein_spatial_atlas.R	active_optional	required: results/tables/10_biological_integration/wgcna_candidate_protein_shortlist/g","NAMESPACE_BASENAME","10_biological_integration","","GENERATED_RECORD","active",FALSE,"MEDIUM",""
"build_immunostaining_candidates","pRoteomics","docs/active_script_io_audit.tsv","73: analysis/spatial_validation/quantify_neuropil_detection_context.R	active_optional	required: results/tables/04_differential_expression_enrichment/sus_res_spatial","NAMESPACE_BASENAME","10_biological_integration","","GENERATED_RECORD","active",FALSE,"MEDIUM",""
"build_immunostaining_candidates","pRoteomics","docs/active_script_io_audit.tsv","87: analysis/integration/summarize_programs_for_manuscript.R	active_optional	required: results/integration/build_cross_compartment_atlas/global/tables/cross_compart","NAMESPACE_BASENAME","10_biological_integration","","GENERATED_RECORD","active",FALSE,"MEDIUM",""
"build_immunostaining_candidates","pRoteomics","docs/active_script_io_audit.tsv","88: analysis/publication_source_data/build_biological_claims_table.R	active_optional	required: results/tables/04_differential_expression_enrichment/|results/tables/","NAMESPACE_BASENAME","10_biological_integration","","GENERATED_RECORD","active",FALSE,"MEDIUM",""
"build_immunostaining_candidates","pRoteomics","docs/active_script_io_audit.tsv","89: analysis/integration/build_evidence_priority_matrix.R	active_optional	required: results/integration/build_cross_compartment_atlas/global/tables/cross_compartmen","NAMESPACE_BASENAME","10_biological_integration","","GENERATED_RECORD","active",FALSE,"MEDIUM",""
"build_immunostaining_candidates","pRoteomics","docs/active_script_io_audit.tsv","91: analysis/integration/summarize_enrichment_module_concordance.R	active_optional	required: results/integration/test_enrichment_module_concordance/global/tables/gs","NAMESPACE_BASENAME","10_biological_integration","","GENERATED_RECORD","active",FALSE,"MEDIUM",""
"build_immunostaining_candidates","pRoteomics","docs/active_script_io_audit.tsv","92: analysis/integration/build_candidate_protein_shortlist.R	active_optional	required: results/tables/06_modules_WGCNA/01_WGCNA/<dataset>/modules/WGCNA_modules_long","NAMESPACE_BASENAME","10_biological_integration","","GENERATED_RECORD","active",FALSE,"MEDIUM",""
"build_immunostaining_candidates","pRoteomics","docs/active_script_io_audit.tsv","93: analysis/integration/quantify_candidate_network_position.R	active_optional	required: results/tables/06_modules_WGCNA/01_WGCNA/<dataset>/modules/WGCNA_modules_lo","NAMESPACE_BASENAME","10_biological_integration","","GENERATED_RECORD","active",FALSE,"MEDIUM",""
"build_immunostaining_candidates","pRoteomics","docs/active_script_io_audit.tsv","95: analysis/integration/screen_immunostaining_panel.R	active_optional	required: data/processed/02_id_mapping/mapped/neuron_neuropil/forward/per_file/|data/processe","NAMESPACE_BASENAME","10_biological_integration","","GENERATED_RECORD","active",FALSE,"MEDIUM",""
"build_immunostaining_candidates","pRoteomics","docs/active_script_io_audit.tsv","97: analysis/integration/render_module_circular_atlas.R	active_optional	required: results/tables/06_modules_WGCNA/|results/tables/06_modules_WGCNA/interpretable_sum","NAMESPACE_BASENAME","10_biological_integration","","GENERATED_RECORD","active",FALSE,"MEDIUM",""
"build_immunostaining_candidates","pRoteomics","docs/active_script_io_audit.tsv","98: analysis/integration/summarize_module_cross_compartment.R	active_optional	required: results/tables/06_modules_WGCNA/01_WGCNA/neuron_neuropil/modules/WGCNA_modul","NAMESPACE_BASENAME","10_biological_integration","","GENERATED_RECORD","active",FALSE,"MEDIUM",""
"build_immunostaining_candidates","pRoteomics","docs/active_script_io_audit.tsv","99: analysis/integration/export_module_protein_zoom_source_data.R	active_optional	required: results/source_data/06_modules_WGCNA/interpretable_summary/neuron_neurop","NAMESPACE_BASENAME","10_biological_integration","","GENERATED_RECORD","active",FALSE,"MEDIUM",""
"build_immunostaining_candidates","pRoteomics","docs/active_script_io_audit.tsv","94: analysis/integration/build_immunostaining_candidates.R	active_optional	required: data/processed/01_preprocessing/protigy_input_animal_level/neuron_neuropil/neur","OUTPUT_FILENAME","immunostaining_candidates_animal_abundance.csv","","GENERATED_RECORD","active",FALSE,"MEDIUM",""
"build_immunostaining_candidates","pRoteomics","docs/active_script_io_audit.tsv","94: analysis/integration/build_immunostaining_candidates.R	active_optional	required: data/processed/01_preprocessing/protigy_input_animal_level/neuron_neuropil/neur","OUTPUT_FILENAME","immunostaining_candidates_sus_res_effects.csv","","GENERATED_RECORD","active",FALSE,"MEDIUM",""
"build_immunostaining_candidates","pRoteomics","docs/active_script_io_audit.tsv","94: analysis/integration/build_immunostaining_candidates.R	active_optional	required: data/processed/01_preprocessing/protigy_input_animal_level/neuron_neuropil/neur","OUTPUT_FILENAME","immunostaining_candidates_mapping.csv","","GENERATED_RECORD","active",FALSE,"MEDIUM",""
"build_immunostaining_candidates","pRoteomics","docs/active_script_io_audit.tsv","94: analysis/integration/build_immunostaining_candidates.R	active_optional	required: data/processed/01_preprocessing/protigy_input_animal_level/neuron_neuropil/neur","OUTPUT_FILENAME","immunostaining_candidates_provenance.csv","","GENERATED_RECORD","active",FALSE,"MEDIUM",""
"build_immunostaining_candidates","pRoteomics","docs/active_script_io_audit.tsv","94: analysis/integration/build_immunostaining_candidates.R	active_optional	required: data/processed/01_preprocessing/protigy_input_animal_level/neuron_neuropil/neur","ANALYSIS_REFERENCE","build_immunostaining_candidates","","GENERATED_RECORD","active",FALSE,"MEDIUM",""
"build_immunostaining_candidates","pRoteomics","docs/active_script_io_audit.tsv","94: analysis/integration/build_immunostaining_candidates.R	active_optional	required: data/processed/01_preprocessing/protigy_input_animal_level/neuron_neuropil/neur","ANALYSIS_REFERENCE","build_immunostaining_candidates.R","","GENERATED_RECORD","active",FALSE,"MEDIUM",""
"build_immunostaining_candidates","pRoteomics","docs/file_contracts.tsv","32: final_biological_evidence_bundle	results/tables/10_biological_integration/final_evidence_bundle/global/final_biological_evidence_bundle.xlsx; results/tables/10_","NAMESPACE_BASENAME","10_biological_integration","","GENERATED_RECORD","active",FALSE,"MEDIUM",""
"build_immunostaining_candidates","pRoteomics","docs/file_contracts.tsv","52: gsea_wgcna_concordance	results/tables/10_biological_integration/gsea_wgcna_concordance/global/*.csv; results/source_data/10_biological_integration/gsea_wgcna_co","NAMESPACE_BASENAME","10_biological_integration","","GENERATED_RECORD","active",FALSE,"MEDIUM",""
"build_immunostaining_candidates","pRoteomics","docs/file_contracts.tsv","53: gsea_wgcna_concordance_diagnostics	results/tables/10_biological_integration/gsea_wgcna_concordance_diagnostics/global/*.csv; results/source_data/10_biological_i","NAMESPACE_BASENAME","10_biological_integration","","GENERATED_RECORD","active",FALSE,"MEDIUM",""
"build_immunostaining_candidates","pRoteomics","audits/migration/generate_prerestructure_freeze.R","105: ""results/tables/10_biological_integration/gsea_wgcna_concordance/global/ontology_aware_gsea_theme_assignments_all_contrasts.csv"",","NAMESPACE_BASENAME","10_biological_integration","","PROVENANCE","historical",FALSE,"MEDIUM",""
"build_immunostaining_candidates","pRoteomics","audits/part29/atlas_completeness.R","29: ""results"", ""tables"", ""10_biological_integration"", ""gsea_wgcna_concordance"",","NAMESPACE_BASENAME","10_biological_integration","read.csv","PROVENANCE","historical",FALSE,"HIGH",""
"build_immunostaining_candidates","pRoteomics","audits/part29/atlas_lineage.R","61: P_THEME_TABLE <- file.path(""results"", ""tables"", ""10_biological_integration"",","NAMESPACE_BASENAME","10_biological_integration","file.path","PROVENANCE","historical",FALSE,"HIGH",""
"build_immunostaining_candidates","pRoteomics","audits/part29/atlas_lineage.R","64: P_THEME_SRC   <- file.path(""results"", ""source_data"", ""10_biological_integration"",","NAMESPACE_BASENAME","10_biological_integration","file.path","PROVENANCE","historical",FALSE,"HIGH",""
"build_immunostaining_candidates","pRoteomics","audits/part29/atlas_renderer_scale_audit.R","40: THEME_TBL <- file.path(""results"", ""tables"", ""10_biological_integration"",","NAMESPACE_BASENAME","10_biological_integration","file.path","PROVENANCE","historical",FALSE,"HIGH",""
"build_immunostaining_candidates","pRoteomics","audits/part29/bh_family_and_fgsea_floor_audit.R","333: THEME_TBL <- file.path(""results"", ""tables"", ""10_biological_integration"",","NAMESPACE_BASENAME","10_biological_integration","file.path","PROVENANCE","historical",FALSE,"HIGH",""
"build_immunostaining_candidates","pRoteomics","audits/part29/camera_summaries.R","62: ""results"", ""tables"", ""10_biological_integration"", ""gsea_wgcna_concordance"",","NAMESPACE_BASENAME","10_biological_integration","read.csv","PROVENANCE","historical",FALSE,"HIGH",""
"build_immunostaining_candidates","pRoteomics","audits/part29/canonical_gsea_contract_audit.R","21: ""results/tables/10_biological_integration/gsea_wgcna_concordance/global"",","NAMESPACE_BASENAME","10_biological_integration","file.path","PROVENANCE","historical",FALSE,"HIGH",""
"build_immunostaining_candidates","pRoteomics","audits/part29/decisions_and_lineage.R","219: TT <- file.path(""results"", ""tables"", ""10_biological_integration"",","NAMESPACE_BASENAME","10_biological_integration","file.path","PROVENANCE","historical",FALSE,"HIGH",""
"build_immunostaining_candidates","pRoteomics","audits/part29/duplicate_gene_collapse_audit.R","25: ""results/tables/10_biological_integration/gsea_wgcna_concordance/global"",","NAMESPACE_BASENAME","10_biological_integration","file.path","PROVENANCE","historical",FALSE,"HIGH",""
"build_immunostaining_candidates","pRoteomics","audits/part29/final_atlas_docs.R","19: ""results"", ""tables"", ""10_biological_integration"", ""gsea_wgcna_concordance"",","NAMESPACE_BASENAME","10_biological_integration","read.csv","PROVENANCE","historical",FALSE,"HIGH",""
"build_immunostaining_candidates","pRoteomics","audits/part29/final_atlas_sanity.R","29: ""results"", ""tables"", ""10_biological_integration"", ""gsea_wgcna_concordance"",","NAMESPACE_BASENAME","10_biological_integration","read.csv","PROVENANCE","historical",FALSE,"HIGH",""
"build_immunostaining_candidates","pRoteomics","audits/part29/registry_and_overlap.R","31: ""results"", ""tables"", ""10_biological_integration"", ""gsea_wgcna_concordance"",","NAMESPACE_BASENAME","10_biological_integration","read.csv","PROVENANCE","historical",FALSE,"HIGH",""
"build_immunostaining_candidates","pRoteomics","audits/part29/registry_v3_build.R","99: ""results"", ""tables"", ""10_biological_integration"", ""gsea_wgcna_concordance"",","NAMESPACE_BASENAME","10_biological_integration","read.csv","PROVENANCE","historical",FALSE,"HIGH",""
"build_immunostaining_candidates","pRoteomics","audits/phase6e_final_active_tree.csv","61: ""analysis/integration/build_immunostaining_candidates.R"",""build_immunostaining_candidates.R"",""integration"",""SOURCE_DATA_EXPORTER"",""CANONICAL_ENTRYPOINT"",TRUE,4,","ANALYSIS_REFERENCE","build_immunostaining_candidates","","PROVENANCE","historical",FALSE,"MEDIUM",""
"build_immunostaining_candidates","pRoteomics","audits/phase6e_final_active_tree.csv","61: ""analysis/integration/build_immunostaining_candidates.R"",""build_immunostaining_candidates.R"",""integration"",""SOURCE_DATA_EXPORTER"",""CANONICAL_ENTRYPOINT"",TRUE,4,","ANALYSIS_REFERENCE","build_immunostaining_candidates.R","","PROVENANCE","historical",FALSE,"MEDIUM",""
"build_immunostaining_candidates","pRoteomics","audits/phase6e_naming_migration.csv","87: ""analysis/08_integration/10_prepare_immunostaining_candidate_comparison.R"",""analysis/08_integration/build_immunostaining_candidates.R"",""ANALYSIS_ENTRYPOINT"",""HI","ANALYSIS_REFERENCE","build_immunostaining_candidates","","PROVENANCE","historical",FALSE,"MEDIUM",""
"build_immunostaining_candidates","pRoteomics","audits/phase6e_naming_migration.csv","87: ""analysis/08_integration/10_prepare_immunostaining_candidate_comparison.R"",""analysis/08_integration/build_immunostaining_candidates.R"",""ANALYSIS_ENTRYPOINT"",""HI","ANALYSIS_REFERENCE","build_immunostaining_candidates.R","","PROVENANCE","historical",FALSE,"MEDIUM",""
"build_immunostaining_candidates","pRoteomics","audits/phase6f_output_inventory.csv","278: ""analysis/08_integration/build_immunostaining_candidates.R"",""results/source_data/10_biological_integration/immunostaining_candidate_comparison/immunostaining_ca","FULL_PATH","results/source_data/10_biological_integration/immunostaining_candidate_comparison/immunostaining_candidates_animal_abundance.csv","","PROVENANCE","historical",FALSE,"HIGH",""
"build_immunostaining_candidates","pRoteomics","audits/phase6f_output_inventory.csv","279: ""analysis/08_integration/build_immunostaining_candidates.R"",""results/source_data/10_biological_integration/immunostaining_candidate_comparison/immunostaining_ca","FULL_PATH","results/source_data/10_biological_integration/immunostaining_candidate_comparison/immunostaining_candidates_mapping.csv","","PROVENANCE","historical",FALSE,"HIGH",""
"build_immunostaining_candidates","pRoteomics","audits/phase6f_output_inventory.csv","280: ""analysis/08_integration/build_immunostaining_candidates.R"",""results/source_data/10_biological_integration/immunostaining_candidate_comparison/immunostaining_ca","FULL_PATH","results/source_data/10_biological_integration/immunostaining_candidate_comparison/immunostaining_candidates_provenance.csv","","PROVENANCE","historical",FALSE,"HIGH",""
"build_immunostaining_candidates","pRoteomics","audits/phase6f_output_inventory.csv","281: ""analysis/08_integration/build_immunostaining_candidates.R"",""results/source_data/10_biological_integration/immunostaining_candidate_comparison/immunostaining_ca","FULL_PATH","results/source_data/10_biological_integration/immunostaining_candidate_comparison/immunostaining_candidates_sus_res_effects.csv","","PROVENANCE","historical",FALSE,"HIGH",""
"build_immunostaining_candidates","pRoteomics","audits/phase6f_output_inventory.csv","74: ""analysis/08_integration/build_cross_compartment_atlas.R"",""results/tables/10_biological_integration/cross_compartment_program_atlas/global/cross_compartment_pro","NAMESPACE_BASENAME","10_biological_integration","","PROVENANCE","historical",FALSE,"MEDIUM",""
"build_immunostaining_candidates","pRoteomics","audits/phase6f_output_inventory.csv","75: ""analysis/08_integration/build_cross_compartment_atlas.R"",""results/tables/10_biological_integration/cross_compartment_program_atlas/global/cross_compartment_pro","NAMESPACE_BASENAME","10_biological_integration","","PROVENANCE","historical",FALSE,"MEDIUM",""
"build_immunostaining_candidates","pRoteomics","audits/phase6f_output_inventory.csv","76: ""analysis/08_integration/build_evidence_priority_matrix.R"",""results/tables/10_biological_integration/evidence_priority_matrix/global/evidence_priority_matrix.cs","NAMESPACE_BASENAME","10_biological_integration","","PROVENANCE","historical",FALSE,"MEDIUM",""
"build_immunostaining_candidates","pRoteomics","audits/phase6f_output_inventory.csv","77: ""analysis/08_integration/build_evidence_priority_matrix.R"",""results/tables/10_biological_integration/final_evidence_bundle/global/"",""tables"",""CANONICAL_RESULT"",","NAMESPACE_BASENAME","10_biological_integration","","PROVENANCE","historical",FALSE,"MEDIUM",""
"build_immunostaining_candidates","pRoteomics","audits/phase6f_output_inventory.csv","78: ""analysis/08_integration/build_evidence_priority_matrix.R"",""results/tables/10_biological_integration/final_evidence_bundle/global/final_biological_evidence_bund","NAMESPACE_BASENAME","10_biological_integration","","PROVENANCE","historical",FALSE,"MEDIUM",""
"build_immunostaining_candidates","pRoteomics","audits/phase6f_output_inventory.csv","79: ""analysis/08_integration/test_enrichment_module_concordance.R"",""results/tables/10_biological_integration/gsea_wgcna_concordance/global/adaptive_resilience_patte","NAMESPACE_BASENAME","10_biological_integration","","PROVENANCE","historical",FALSE,"MEDIUM",""
"build_immunostaining_candidates","pRoteomics","audits/phase6f_output_inventory.csv","80: ""analysis/08_integration/test_enrichment_module_concordance.R"",""results/tables/10_biological_integration/gsea_wgcna_concordance/global/gsea_wgcna_concordance_au","NAMESPACE_BASENAME","10_biological_integration","","PROVENANCE","historical",FALSE,"MEDIUM",""
"build_immunostaining_candidates","pRoteomics","audits/phase6f_output_inventory.csv","81: ""analysis/08_integration/test_enrichment_module_concordance.R"",""results/tables/10_biological_integration/gsea_wgcna_concordance/global/gsea_wgcna_concordance_lo","NAMESPACE_BASENAME","10_biological_integration","","PROVENANCE","historical",FALSE,"MEDIUM",""
"build_immunostaining_candidates","pRoteomics","audits/phase6f_output_inventory.csv","82: ""analysis/08_integration/test_enrichment_module_concordance.R"",""results/tables/10_biological_integration/gsea_wgcna_concordance/global/gsea_wgcna_concordance_su","NAMESPACE_BASENAME","10_biological_integration","","PROVENANCE","historical",FALSE,"MEDIUM",""
"build_immunostaining_candidates","pRoteomics","audits/phase6f_output_inventory.csv","83: ""analysis/08_integration/test_enrichment_module_concordance.R"",""results/tables/10_biological_integration/gsea_wgcna_concordance/global/program_module_matching_a","NAMESPACE_BASENAME","10_biological_integration","","PROVENANCE","historical",FALSE,"MEDIUM",""
"build_immunostaining_candidates","pRoteomics","audits/phase6f_output_inventory.csv","84: ""analysis/08_integration/test_enrichment_module_concordance.R"",""results/tables/10_biological_integration/gsea_wgcna_concordance/global/program_specific_leading_","NAMESPACE_BASENAME","10_biological_integration","","PROVENANCE","historical",FALSE,"MEDIUM",""
"build_immunostaining_candidates","pRoteomics","audits/phase6f_output_inventory.csv","85: ""analysis/08_integration/summarize_enrichment_module_concordance.R"",""results/tables/10_biological_integration/gsea_wgcna_concordance_diagnostics/global/"",""table","NAMESPACE_BASENAME","10_biological_integration","","PROVENANCE","historical",FALSE,"MEDIUM",""
"build_immunostaining_candidates","pRoteomics","audits/phase6f_output_inventory.csv","86: ""analysis/08_integration/summarize_programs_for_manuscript.R"",""results/tables/10_biological_integration/manuscript_program_summary/global/manuscript_program_sum","NAMESPACE_BASENAME","10_biological_integration","","PROVENANCE","historical",FALSE,"MEDIUM",""
"build_immunostaining_candidates","pRoteomics","audits/phase6f_output_inventory.csv","87: ""analysis/08_integration/build_candidate_protein_shortlist.R"",""results/tables/10_biological_integration/wgcna_candidate_protein_shortlist/<dataset>/wgcna_candid","NAMESPACE_BASENAME","10_biological_integration","","PROVENANCE","historical",FALSE,"MEDIUM",""
"build_immunostaining_candidates","pRoteomics","audits/phase6f_output_inventory.csv","88: ""analysis/08_integration/build_candidate_protein_shortlist.R"",""results/tables/10_biological_integration/wgcna_candidate_protein_shortlist/<dataset>/wgcna_candid","NAMESPACE_BASENAME","10_biological_integration","","PROVENANCE","historical",FALSE,"MEDIUM",""
"build_immunostaining_candidates","pRoteomics","audits/phase6f_output_inventory.csv","89: ""analysis/08_integration/build_candidate_protein_shortlist.R"",""results/tables/10_biological_integration/wgcna_candidate_protein_shortlist/<dataset>/wgcna_candid","NAMESPACE_BASENAME","10_biological_integration","","PROVENANCE","historical",FALSE,"MEDIUM",""
"build_immunostaining_candidates","pRoteomics","audits/phase6f_output_inventory.csv","90: ""analysis/08_integration/build_candidate_protein_shortlist.R"",""results/tables/10_biological_integration/wgcna_candidate_protein_shortlist/<dataset>/wgcna_candid","NAMESPACE_BASENAME","10_biological_integration","","PROVENANCE","historical",FALSE,"MEDIUM",""
"build_immunostaining_candidates","pRoteomics","audits/phase6f_output_inventory.csv","91: ""analysis/08_integration/build_candidate_protein_shortlist.R"",""results/tables/10_biological_integration/wgcna_candidate_protein_shortlist/<dataset>/wgcna_top10_","NAMESPACE_BASENAME","10_biological_integration","","PROVENANCE","historical",FALSE,"MEDIUM",""
"build_immunostaining_candidates","pRoteomics","audits/phase6f_output_inventory.csv","92: ""analysis/08_integration/render_module_circular_atlas.R"",""results/tables/10_biological_integration/wgcna_circular_atlas/global/wgcna_circular_atlas_metrics.csv""","NAMESPACE_BASENAME","10_biological_integration","","PROVENANCE","historical",FALSE,"MEDIUM",""
"build_immunostaining_candidates","pRoteomics","audits/phase6f_output_inventory.csv","93: ""analysis/08_integration/summarize_module_cross_compartment.R"",""results/tables/10_biological_integration/wgcna_cross_compartment_overview/global/"",""tables"",""CAN","NAMESPACE_BASENAME","10_biological_integration","","PROVENANCE","historical",FALSE,"MEDIUM",""
"build_immunostaining_candidates","pRoteomics","audits/phase6f_output_inventory.csv","94: ""analysis/08_integration/quantify_candidate_network_position.R"",""results/tables/10_biological_integration/wgcna_sus_res_network_position/<dataset>/wgcna_sus_res","NAMESPACE_BASENAME","10_biological_integration","","PROVENANCE","historical",FALSE,"MEDIUM",""
"build_immunostaining_candidates","pRoteomics","audits/phase6f_output_inventory.csv","95: ""analysis/08_integration/quantify_candidate_network_position.R"",""results/tables/10_biological_integration/wgcna_sus_res_network_position/<dataset>/wgcna_sus_res","NAMESPACE_BASENAME","10_biological_integration","","PROVENANCE","historical",FALSE,"MEDIUM",""
"build_immunostaining_candidates","pRoteomics","audits/phase6f_output_inventory.csv","96: ""analysis/08_integration/quantify_candidate_network_position.R"",""results/tables/10_biological_integration/wgcna_sus_res_network_position/<dataset>/wgcna_sus_res","NAMESPACE_BASENAME","10_biological_integration","","PROVENANCE","historical",FALSE,"MEDIUM",""
"build_immunostaining_candidates","pRoteomics","audits/phase6f_output_inventory.csv","200: ""analysis/08_integration/render_module_circular_atlas.R"",""results/figures/10_biological_integration/wgcna_circular_atlas/global/"",""figures"",""DIAGNOSTIC"","""",0,FA","NAMESPACE_BASENAME","10_biological_integration","","PROVENANCE","historical",FALSE,"MEDIUM",""
"build_immunostaining_candidates","pRoteomics","audits/phase6f_output_inventory.csv","201: ""analysis/08_integration/render_module_circular_atlas.R"",""results/figures/10_biological_integration/wgcna_circular_atlas/global/wgcna_circular_atlas_main.pdf"",""","NAMESPACE_BASENAME","10_biological_integration","","PROVENANCE","historical",FALSE,"MEDIUM",""
"build_immunostaining_candidates","pRoteomics","audits/phase6f_output_inventory.csv","202: ""analysis/08_integration/render_module_circular_atlas.R"",""results/figures/10_biological_integration/wgcna_circular_atlas/global/wgcna_circular_atlas_main.svg"",""","NAMESPACE_BASENAME","10_biological_integration","","PROVENANCE","historical",FALSE,"MEDIUM",""
"build_immunostaining_candidates","pRoteomics","audits/phase6f_output_inventory.csv","203: ""analysis/08_integration/render_module_circular_atlas.R"",""results/figures/10_biological_integration/wgcna_circular_atlas/global/wgcna_circular_atlas_selected_on","NAMESPACE_BASENAME","10_biological_integration","","PROVENANCE","historical",FALSE,"MEDIUM",""
"build_immunostaining_candidates","pRoteomics","audits/phase6f_output_inventory.csv","204: ""analysis/08_integration/render_module_circular_atlas.R"",""results/figures/10_biological_integration/wgcna_circular_atlas/global/wgcna_circular_atlas_selected_on","NAMESPACE_BASENAME","10_biological_integration","","PROVENANCE","historical",FALSE,"MEDIUM",""
"build_immunostaining_candidates","pRoteomics","audits/phase6f_output_inventory.csv","205: ""analysis/08_integration/render_module_circular_atlas.R"",""results/figures/10_biological_integration/wgcna_circular_atlas/global/wgcna_circular_heatmap_all_datas","NAMESPACE_BASENAME","10_biological_integration","","PROVENANCE","historical",FALSE,"MEDIUM",""
"build_immunostaining_candidates","pRoteomics","audits/phase6f_output_inventory.csv","206: ""analysis/08_integration/render_module_circular_atlas.R"",""results/figures/10_biological_integration/wgcna_circular_atlas/global/wgcna_circular_heatmap_all_datas","NAMESPACE_BASENAME","10_biological_integration","","PROVENANCE","historical",FALSE,"MEDIUM",""
"build_immunostaining_candidates","pRoteomics","audits/phase6f_output_inventory.csv","207: ""analysis/08_integration/render_module_circular_atlas.R"",""results/figures/10_biological_integration/wgcna_circular_atlas/global/wgcna_circular_heatmap_microglia","NAMESPACE_BASENAME","10_biological_integration","","PROVENANCE","historical",FALSE,"MEDIUM",""
"build_immunostaining_candidates","pRoteomics","audits/phase6f_output_inventory.csv","208: ""analysis/08_integration/render_module_circular_atlas.R"",""results/figures/10_biological_integration/wgcna_circular_atlas/global/wgcna_circular_heatmap_microglia","NAMESPACE_BASENAME","10_biological_integration","","PROVENANCE","historical",FALSE,"MEDIUM",""
"build_immunostaining_candidates","pRoteomics","audits/phase6f_output_inventory.csv","209: ""analysis/08_integration/render_module_circular_atlas.R"",""results/figures/10_biological_integration/wgcna_circular_atlas/global/wgcna_circular_heatmap_neuron_ne","NAMESPACE_BASENAME","10_biological_integration","","PROVENANCE","historical",FALSE,"MEDIUM",""
"build_immunostaining_candidates","pRoteomics","audits/phase6f_output_inventory.csv","210: ""analysis/08_integration/render_module_circular_atlas.R"",""results/figures/10_biological_integration/wgcna_circular_atlas/global/wgcna_circular_heatmap_neuron_ne","NAMESPACE_BASENAME","10_biological_integration","","PROVENANCE","historical",FALSE,"MEDIUM",""
"build_immunostaining_candidates","pRoteomics","audits/phase6f_output_inventory.csv","211: ""analysis/08_integration/render_module_circular_atlas.R"",""results/figures/10_biological_integration/wgcna_circular_atlas/global/wgcna_circular_heatmap_neuron_so","NAMESPACE_BASENAME","10_biological_integration","","PROVENANCE","historical",FALSE,"MEDIUM",""
"build_immunostaining_candidates","pRoteomics","audits/phase6f_output_inventory.csv","212: ""analysis/08_integration/render_module_circular_atlas.R"",""results/figures/10_biological_integration/wgcna_circular_atlas/global/wgcna_circular_heatmap_neuron_so","NAMESPACE_BASENAME","10_biological_integration","","PROVENANCE","historical",FALSE,"MEDIUM",""
"build_immunostaining_candidates","pRoteomics","audits/phase6f_output_inventory.csv","213: ""analysis/08_integration/render_module_circular_atlas.R"",""results/figures/10_biological_integration/wgcna_circular_atlas/global/wgcna_circular_publication_super","NAMESPACE_BASENAME","10_biological_integration","","PROVENANCE","historical",FALSE,"MEDIUM",""
"build_immunostaining_candidates","pRoteomics","audits/phase6f_output_inventory.csv","214: ""analysis/08_integration/render_module_circular_atlas.R"",""results/figures/10_biological_integration/wgcna_circular_atlas/global/wgcna_circular_publication_super","NAMESPACE_BASENAME","10_biological_integration","","PROVENANCE","historical",FALSE,"MEDIUM",""
"build_immunostaining_candidates","pRoteomics","audits/phase6f_output_inventory.csv","215: ""analysis/08_integration/render_module_circular_atlas.R"",""results/figures/10_biological_integration/wgcna_circular_atlas/global/wgcna_circular_publication_super","NAMESPACE_BASENAME","10_biological_integration","","PROVENANCE","historical",FALSE,"MEDIUM",""
"build_immunostaining_candidates","pRoteomics","audits/phase6f_output_inventory.csv","216: ""analysis/08_integration/render_module_circular_atlas.R"",""results/figures/10_biological_integration/wgcna_circular_atlas/global/wgcna_circular_publication_super","NAMESPACE_BASENAME","10_biological_integration","","PROVENANCE","historical",FALSE,"MEDIUM",""
"build_immunostaining_candidates","pRoteomics","audits/phase6f_output_inventory.csv","217: ""analysis/08_integration/render_module_circular_atlas.R"",""results/figures/10_biological_integration/wgcna_circular_atlas/global/wgcna_circular_publication_super","NAMESPACE_BASENAME","10_biological_integration","","PROVENANCE","historical",FALSE,"MEDIUM",""
"build_immunostaining_candidates","pRoteomics","audits/phase6f_output_inventory.csv","218: ""analysis/08_integration/render_module_circular_atlas.R"",""results/figures/10_biological_integration/wgcna_circular_atlas/global/wgcna_circular_publication_super","NAMESPACE_BASENAME","10_biological_integration","","PROVENANCE","historical",FALSE,"MEDIUM",""
"build_immunostaining_candidates","pRoteomics","audits/phase6f_output_inventory.csv","219: ""analysis/08_integration/render_module_circular_atlas.R"",""results/figures/10_biological_integration/wgcna_circular_atlas/global/wgcna_circular_publication_super","NAMESPACE_BASENAME","10_biological_integration","","PROVENANCE","historical",FALSE,"MEDIUM",""
"build_immunostaining_candidates","pRoteomics","audits/phase6f_output_inventory.csv","220: ""analysis/08_integration/render_module_circular_atlas.R"",""results/figures/10_biological_integration/wgcna_circular_atlas/global/wgcna_circular_publication_super","NAMESPACE_BASENAME","10_biological_integration","","PROVENANCE","historical",FALSE,"MEDIUM",""
"build_immunostaining_candidates","pRoteomics","audits/phase6f_output_inventory.csv","221: ""analysis/08_integration/render_module_circular_atlas.R"",""results/figures/10_biological_integration/wgcna_circular_atlas/global/wgcna_region_layer_heatmap_all_m","NAMESPACE_BASENAME","10_biological_integration","","PROVENANCE","historical",FALSE,"MEDIUM",""
"build_immunostaining_candidates","pRoteomics","audits/phase6f_output_inventory.csv","222: ""analysis/08_integration/render_module_circular_atlas.R"",""results/figures/10_biological_integration/wgcna_circular_atlas/global/wgcna_region_layer_heatmap_all_m","NAMESPACE_BASENAME","10_biological_integration","","PROVENANCE","historical",FALSE,"MEDIUM",""
"build_immunostaining_candidates","pRoteomics","audits/phase6f_output_inventory.csv","223: ""analysis/08_integration/summarize_module_cross_compartment.R"",""results/figures/10_biological_integration/wgcna_cross_compartment_overview/global/"",""figures"",""D","NAMESPACE_BASENAME","10_biological_integration","","PROVENANCE","historical",FALSE,"MEDIUM",""
"build_immunostaining_candidates","pRoteomics","audits/phase6f_output_inventory.csv","224: ""analysis/08_integration/quantify_candidate_network_position.R"",""results/figures/10_biological_integration/wgcna_sus_res_network_position/<dataset>/"",""figures"",","NAMESPACE_BASENAME","10_biological_integration","","PROVENANCE","historical",FALSE,"MEDIUM",""
"build_immunostaining_candidates","pRoteomics","audits/phase6f_output_inventory.csv","239: ""analysis/08_integration/build_cross_compartment_atlas.R"",""results/reports/10_biological_integration/cross_compartment_program_atlas/global/input_status.csv"",""r","NAMESPACE_BASENAME","10_biological_integration","","PROVENANCE","historical",FALSE,"MEDIUM",""
"build_immunostaining_candidates","pRoteomics","audits/phase6f_output_inventory.csv","240: ""analysis/08_integration/test_enrichment_module_concordance.R"",""results/reports/10_biological_integration/gsea_wgcna_concordance/global/README.md"",""reports"",""DI","NAMESPACE_BASENAME","10_biological_integration","","PROVENANCE","historical",FALSE,"MEDIUM",""
"build_immunostaining_candidates","pRoteomics","audits/phase6f_output_inventory.csv","241: ""analysis/08_integration/summarize_enrichment_module_concordance.R"",""results/reports/10_biological_integration/gsea_wgcna_concordance_diagnostics/global/README.","NAMESPACE_BASENAME","10_biological_integration","","PROVENANCE","historical",FALSE,"MEDIUM",""
"build_immunostaining_candidates","pRoteomics","audits/phase6f_output_inventory.csv","242: ""analysis/08_integration/build_candidate_protein_shortlist.R"",""results/reports/10_biological_integration/wgcna_candidate_protein_shortlist/<dataset>/README.md"",","NAMESPACE_BASENAME","10_biological_integration","","PROVENANCE","historical",FALSE,"MEDIUM",""
"build_immunostaining_candidates","pRoteomics","audits/phase6f_output_inventory.csv","243: ""analysis/08_integration/render_module_circular_atlas.R"",""results/reports/10_biological_integration/wgcna_circular_atlas/global/wgcna_circular_atlas_input_statu","NAMESPACE_BASENAME","10_biological_integration","","PROVENANCE","historical",FALSE,"MEDIUM",""
"build_immunostaining_candidates","pRoteomics","audits/phase6f_output_inventory.csv","244: ""analysis/08_integration/render_module_circular_atlas.R"",""results/reports/10_biological_integration/wgcna_circular_atlas/global/wgcna_circular_atlas_stage13_sel","NAMESPACE_BASENAME","10_biological_integration","","PROVENANCE","historical",FALSE,"MEDIUM",""
"build_immunostaining_candidates","pRoteomics","audits/phase6f_output_inventory.csv","245: ""analysis/08_integration/render_module_circular_atlas.R"",""results/reports/10_biological_integration/wgcna_circular_atlas/global/wgcna_circular_metric_consistenc","NAMESPACE_BASENAME","10_biological_integration","","PROVENANCE","historical",FALSE,"MEDIUM",""
"build_immunostaining_candidates","pRoteomics","audits/phase6f_output_inventory.csv","246: ""analysis/08_integration/render_module_circular_atlas.R"",""results/reports/10_biological_integration/wgcna_circular_atlas/global/wgcna_circular_vs_publication_he","NAMESPACE_BASENAME","10_biological_integration","","PROVENANCE","historical",FALSE,"MEDIUM",""
"build_immunostaining_candidates","pRoteomics","audits/phase6f_output_inventory.csv","247: ""analysis/08_integration/render_module_circular_atlas.R"",""results/reports/10_biological_integration/wgcna_circular_atlas/global/wgcna_module_supermodule_mapping","NAMESPACE_BASENAME","10_biological_integration","","PROVENANCE","historical",FALSE,"MEDIUM",""
"build_immunostaining_candidates","pRoteomics","audits/phase6f_output_inventory.csv","248: ""analysis/08_integration/summarize_module_cross_compartment.R"",""results/reports/10_biological_integration/wgcna_cross_compartment_overview/global/"",""reports"",""D","NAMESPACE_BASENAME","10_biological_integration","","PROVENANCE","historical",FALSE,"MEDIUM",""
"build_immunostaining_candidates","pRoteomics","audits/phase6f_output_inventory.csv","249: ""analysis/08_integration/quantify_candidate_network_position.R"",""results/reports/10_biological_integration/wgcna_sus_res_network_position/<dataset>/README.md"",""","NAMESPACE_BASENAME","10_biological_integration","","PROVENANCE","historical",FALSE,"MEDIUM",""
"build_immunostaining_candidates","pRoteomics","audits/phase6f_output_inventory.csv","276: ""analysis/08_integration/render_module_circular_atlas.R"",""results/reports/10_biological_integration/wgcna_circular_atlas/global/wgcna_circular_vs_publication_su","NAMESPACE_BASENAME","10_biological_integration","","PROVENANCE","historical",FALSE,"MEDIUM",""
"build_immunostaining_candidates","pRoteomics","audits/phase6f_output_inventory.csv","278: ""analysis/08_integration/build_immunostaining_candidates.R"",""results/source_data/10_biological_integration/immunostaining_candidate_comparison/immunostaining_ca","NAMESPACE_BASENAME","10_biological_integration","","PROVENANCE","historical",FALSE,"MEDIUM",""
"build_immunostaining_candidates","pRoteomics","audits/phase6f_output_inventory.csv","279: ""analysis/08_integration/build_immunostaining_candidates.R"",""results/source_data/10_biological_integration/immunostaining_candidate_comparison/immunostaining_ca","NAMESPACE_BASENAME","10_biological_integration","","PROVENANCE","historical",FALSE,"MEDIUM",""
"build_immunostaining_candidates","pRoteomics","audits/phase6f_output_inventory.csv","280: ""analysis/08_integration/build_immunostaining_candidates.R"",""results/source_data/10_biological_integration/immunostaining_candidate_comparison/immunostaining_ca","NAMESPACE_BASENAME","10_biological_integration","","PROVENANCE","historical",FALSE,"MEDIUM",""
"build_immunostaining_candidates","pRoteomics","audits/phase6f_output_inventory.csv","281: ""analysis/08_integration/build_immunostaining_candidates.R"",""results/source_data/10_biological_integration/immunostaining_candidate_comparison/immunostaining_ca","NAMESPACE_BASENAME","10_biological_integration","","PROVENANCE","historical",FALSE,"MEDIUM",""
"build_immunostaining_candidates","pRoteomics","audits/phase6f_output_inventory.csv","303: ""analysis/08_integration/build_cross_compartment_atlas.R"",""results/logs/10_biological_integration/cross_compartment_program_atlas/global/run_manifest.yml"",""logs","NAMESPACE_BASENAME","10_biological_integration","","PROVENANCE","historical",FALSE,"MEDIUM",""
"build_immunostaining_candidates","pRoteomics","audits/phase6f_output_inventory.csv","304: ""analysis/08_integration/build_evidence_priority_matrix.R"",""results/logs/10_biological_integration/evidence_priority_matrix/global/run_manifest.yml"",""logs"",""PRO","NAMESPACE_BASENAME","10_biological_integration","","PROVENANCE","historical",FALSE,"MEDIUM",""
"build_immunostaining_candidates","pRoteomics","audits/phase6f_output_inventory.csv","305: ""analysis/08_integration/build_evidence_priority_matrix.R"",""results/logs/10_biological_integration/final_evidence_bundle/global/run_manifest.yml"",""logs"",""PROVEN","NAMESPACE_BASENAME","10_biological_integration","","PROVENANCE","historical",FALSE,"MEDIUM",""
"build_immunostaining_candidates","pRoteomics","audits/phase6f_output_inventory.csv","306: ""analysis/08_integration/test_enrichment_module_concordance.R"",""results/logs/10_biological_integration/gsea_wgcna_concordance/global/run_manifest.yml"",""logs"",""P","NAMESPACE_BASENAME","10_biological_integration","","PROVENANCE","historical",FALSE,"MEDIUM",""
"build_immunostaining_candidates","pRoteomics","audits/phase6f_output_inventory.csv","307: ""analysis/08_integration/summarize_enrichment_module_concordance.R"",""results/logs/10_biological_integration/gsea_wgcna_concordance_diagnostics/global/run_manife","NAMESPACE_BASENAME","10_biological_integration","","PROVENANCE","historical",FALSE,"MEDIUM",""
"build_immunostaining_candidates","pRoteomics","audits/phase6f_output_inventory.csv","308: ""analysis/08_integration/summarize_programs_for_manuscript.R"",""results/logs/10_biological_integration/manuscript_program_summary/global/run_manifest.yml"",""logs""","NAMESPACE_BASENAME","10_biological_integration","","PROVENANCE","historical",FALSE,"MEDIUM",""
"build_immunostaining_candidates","pRoteomics","audits/phase6f_output_inventory.csv","309: ""analysis/08_integration/build_candidate_protein_shortlist.R"",""results/logs/10_biological_integration/wgcna_candidate_protein_shortlist/<dataset>/run_manifest.y","NAMESPACE_BASENAME","10_biological_integration","","PROVENANCE","historical",FALSE,"MEDIUM",""
"build_immunostaining_candidates","pRoteomics","audits/phase6f_output_inventory.csv","310: ""analysis/08_integration/render_module_circular_atlas.R"",""results/logs/10_biological_integration/wgcna_circular_atlas/global/run_manifest.yml"",""logs"",""PROVENANC","NAMESPACE_BASENAME","10_biological_integration","","PROVENANCE","historical",FALSE,"MEDIUM",""
"build_immunostaining_candidates","pRoteomics","audits/phase6f_output_inventory.csv","311: ""analysis/08_integration/summarize_module_cross_compartment.R"",""results/logs/10_biological_integration/wgcna_cross_compartment_overview/global/"",""logs"",""PROVENA","NAMESPACE_BASENAME","10_biological_integration","","PROVENANCE","historical",FALSE,"MEDIUM",""
"build_immunostaining_candidates","pRoteomics","audits/phase6f_output_inventory.csv","312: ""analysis/08_integration/quantify_candidate_network_position.R"",""results/logs/10_biological_integration/wgcna_sus_res_network_position/<dataset>/run_manifest.ym","NAMESPACE_BASENAME","10_biological_integration","","PROVENANCE","historical",FALSE,"MEDIUM",""
"build_immunostaining_candidates","pRoteomics","audits/phase6f_output_inventory.csv","356: ""analysis/08_integration/build_cross_compartment_atlas.R"",""results/source_data/10_biological_integration/cross_compartment_program_atlas/global/cross_compartmen","NAMESPACE_BASENAME","10_biological_integration","","PROVENANCE","historical",FALSE,"MEDIUM",""
"build_immunostaining_candidates","pRoteomics","audits/phase6f_output_inventory.csv","357: ""analysis/08_integration/build_cross_compartment_atlas.R"",""results/source_data/10_biological_integration/cross_compartment_program_atlas/global/cross_compartmen","NAMESPACE_BASENAME","10_biological_integration","","PROVENANCE","historical",FALSE,"MEDIUM",""
"build_immunostaining_candidates","pRoteomics","audits/phase6f_output_inventory.csv","358: ""analysis/08_integration/build_cross_compartment_atlas.R"",""results/source_data/10_biological_integration/cross_compartment_program_atlas/global/cross_compartmen","NAMESPACE_BASENAME","10_biological_integration","","PROVENANCE","historical",FALSE,"MEDIUM",""
"build_immunostaining_candidates","pRoteomics","audits/phase6f_output_inventory.csv","359: ""analysis/08_integration/build_evidence_priority_matrix.R"",""results/source_data/10_biological_integration/evidence_priority_matrix/global/evidence_priority_matr","NAMESPACE_BASENAME","10_biological_integration","","PROVENANCE","historical",FALSE,"MEDIUM",""
"build_immunostaining_candidates","pRoteomics","audits/phase6f_output_inventory.csv","360: ""analysis/08_integration/build_evidence_priority_matrix.R"",""results/source_data/10_biological_integration/final_evidence_bundle/global/"",""source_data"",""PUBLICAT","NAMESPACE_BASENAME","10_biological_integration","","PROVENANCE","historical",FALSE,"MEDIUM",""
"build_immunostaining_candidates","pRoteomics","audits/phase6f_output_inventory.csv","361: ""analysis/08_integration/test_enrichment_module_concordance.R"",""results/source_data/10_biological_integration/gsea_wgcna_concordance/global/"",""source_data"",""PUB","NAMESPACE_BASENAME","10_biological_integration","","PROVENANCE","historical",FALSE,"MEDIUM",""
"build_immunostaining_candidates","pRoteomics","audits/phase6f_output_inventory.csv","362: ""analysis/08_integration/summarize_enrichment_module_concordance.R"",""results/source_data/10_biological_integration/gsea_wgcna_concordance_diagnostics/global/"",""","NAMESPACE_BASENAME","10_biological_integration","","PROVENANCE","historical",FALSE,"MEDIUM",""
"build_immunostaining_candidates","pRoteomics","audits/phase6f_output_inventory.csv","363: ""analysis/08_integration/screen_immunostaining_panel.R"",""results/source_data/10_biological_integration/immunostaining_candidate_panel/candidate_panel_animal_abu","NAMESPACE_BASENAME","10_biological_integration","","PROVENANCE","historical",FALSE,"MEDIUM",""
"build_immunostaining_candidates","pRoteomics","audits/phase6f_output_inventory.csv","364: ""analysis/08_integration/screen_immunostaining_panel.R"",""results/source_data/10_biological_integration/immunostaining_candidate_panel/candidate_panel_excluded_c","NAMESPACE_BASENAME","10_biological_integration","","PROVENANCE","historical",FALSE,"MEDIUM",""
"build_immunostaining_candidates","pRoteomics","audits/phase6f_output_inventory.csv","365: ""analysis/08_integration/screen_immunostaining_panel.R"",""results/source_data/10_biological_integration/immunostaining_candidate_panel/candidate_panel_excluded_e","NAMESPACE_BASENAME","10_biological_integration","","PROVENANCE","historical",FALSE,"MEDIUM",""
"build_immunostaining_candidates","pRoteomics","audits/phase6f_output_inventory.csv","366: ""analysis/08_integration/screen_immunostaining_panel.R"",""results/source_data/10_biological_integration/immunostaining_candidate_panel/candidate_panel_provenance","NAMESPACE_BASENAME","10_biological_integration","","PROVENANCE","historical",FALSE,"MEDIUM",""
"build_immunostaining_candidates","pRoteomics","audits/phase6f_output_inventory.csv","367: ""analysis/08_integration/screen_immunostaining_panel.R"",""results/source_data/10_biological_integration/immunostaining_candidate_panel/candidate_panel_selection.","NAMESPACE_BASENAME","10_biological_integration","","PROVENANCE","historical",FALSE,"MEDIUM",""
"build_immunostaining_candidates","pRoteomics","audits/phase6f_output_inventory.csv","368: ""analysis/08_integration/screen_immunostaining_panel.R"",""results/source_data/10_biological_integration/immunostaining_candidate_panel/candidate_panel_sus_res_ef","NAMESPACE_BASENAME","10_biological_integration","","PROVENANCE","historical",FALSE,"MEDIUM",""
"build_immunostaining_candidates","pRoteomics","audits/phase6f_output_inventory.csv","369: ""analysis/08_integration/screen_immunostaining_separation.R"",""results/source_data/10_biological_integration/immunostaining_separation_screen/separation_candidat","NAMESPACE_BASENAME","10_biological_integration","","PROVENANCE","historical",FALSE,"MEDIUM",""
"build_immunostaining_candidates","pRoteomics","audits/phase6f_output_inventory.csv","370: ""analysis/08_integration/screen_immunostaining_separation.R"",""results/source_data/10_biological_integration/immunostaining_separation_screen/separation_metrics_","NAMESPACE_BASENAME","10_biological_integration","","PROVENANCE","historical",FALSE,"MEDIUM",""
"build_immunostaining_candidates","pRoteomics","audits/phase6f_output_inventory.csv","371: ""analysis/08_integration/screen_immunostaining_separation.R"",""results/source_data/10_biological_integration/immunostaining_separation_screen/separation_panel_an","NAMESPACE_BASENAME","10_biological_integration","","PROVENANCE","historical",FALSE,"MEDIUM",""
"build_immunostaining_candidates","pRoteomics","audits/phase6f_output_inventory.csv","372: ""analysis/08_integration/screen_immunostaining_separation.R"",""results/source_data/10_biological_integration/immunostaining_separation_screen/separation_panel_su","NAMESPACE_BASENAME","10_biological_integration","","PROVENANCE","historical",FALSE,"MEDIUM",""
"build_immunostaining_candidates","pRoteomics","audits/phase6f_output_inventory.csv","373: ""analysis/08_integration/screen_immunostaining_separation.R"",""results/source_data/10_biological_integration/immunostaining_separation_screen/separation_qualifyi","NAMESPACE_BASENAME","10_biological_integration","","PROVENANCE","historical",FALSE,"MEDIUM",""
"build_immunostaining_candidates","pRoteomics","audits/phase6f_output_inventory.csv","374: ""analysis/08_integration/screen_immunostaining_separation.R"",""results/source_data/10_biological_integration/immunostaining_separation_screen/separation_screen_p","NAMESPACE_BASENAME","10_biological_integration","","PROVENANCE","historical",FALSE,"MEDIUM",""
"build_immunostaining_candidates","pRoteomics","audits/phase6f_output_inventory.csv","375: ""analysis/08_integration/summarize_programs_for_manuscript.R"",""results/source_data/10_biological_integration/manuscript_program_summary/global/manuscript_progra","NAMESPACE_BASENAME","10_biological_integration","","PROVENANCE","historical",FALSE,"MEDIUM",""
"build_immunostaining_candidates","pRoteomics","audits/phase6f_output_inventory.csv","376: ""analysis/08_integration/build_candidate_protein_shortlist.R"",""results/source_data/10_biological_integration/wgcna_candidate_protein_shortlist/<dataset>/"",""sour","NAMESPACE_BASENAME","10_biological_integration","","PROVENANCE","historical",FALSE,"MEDIUM",""
"build_immunostaining_candidates","pRoteomics","audits/phase6f_output_inventory.csv","377: ""analysis/08_integration/render_module_circular_atlas.R"",""results/source_data/10_biological_integration/wgcna_circular_atlas/global/"",""source_data"",""PUBLICATION","NAMESPACE_BASENAME","10_biological_integration","","PROVENANCE","historical",FALSE,"MEDIUM",""
"build_immunostaining_candidates","pRoteomics","audits/phase6f_output_inventory.csv","378: ""analysis/08_integration/render_module_circular_atlas.R"",""results/source_data/10_biological_integration/wgcna_circular_atlas/global/wgcna_circular_atlas_plot_so","NAMESPACE_BASENAME","10_biological_integration","","PROVENANCE","historical",FALSE,"MEDIUM",""
"build_immunostaining_candidates","pRoteomics","audits/phase6f_output_inventory.csv","379: ""analysis/08_integration/render_module_circular_atlas.R"",""results/source_data/10_biological_integration/wgcna_circular_atlas/global/wgcna_circular_atlas_segment","NAMESPACE_BASENAME","10_biological_integration","","PROVENANCE","historical",FALSE,"MEDIUM",""
"build_immunostaining_candidates","pRoteomics","audits/phase6f_output_inventory.csv","380: ""analysis/08_integration/render_module_circular_atlas.R"",""results/source_data/10_biological_integration/wgcna_circular_atlas/global/wgcna_circular_heatmap_layou","NAMESPACE_BASENAME","10_biological_integration","","PROVENANCE","historical",FALSE,"MEDIUM",""
"build_immunostaining_candidates","pRoteomics","audits/phase6f_output_inventory.csv","381: ""analysis/08_integration/render_module_circular_atlas.R"",""results/source_data/10_biological_integration/wgcna_circular_atlas/global/wgcna_circular_heatmap_sourc","NAMESPACE_BASENAME","10_biological_integration","","PROVENANCE","historical",FALSE,"MEDIUM",""
"build_immunostaining_candidates","pRoteomics","audits/phase6f_output_inventory.csv","382: ""analysis/08_integration/render_module_circular_atlas.R"",""results/source_data/10_biological_integration/wgcna_circular_atlas/global/wgcna_circular_heatmap_sourc","NAMESPACE_BASENAME","10_biological_integration","","PROVENANCE","historical",FALSE,"MEDIUM",""
"build_immunostaining_candidates","pRoteomics","audits/phase6f_output_inventory.csv","383: ""analysis/08_integration/render_module_circular_atlas.R"",""results/source_data/10_biological_integration/wgcna_circular_atlas/global/wgcna_circular_publication_s","NAMESPACE_BASENAME","10_biological_integration","","PROVENANCE","historical",FALSE,"MEDIUM",""
"build_immunostaining_candidates","pRoteomics","audits/phase6f_output_inventory.csv","384: ""analysis/08_integration/render_module_circular_atlas.R"",""results/source_data/10_biological_integration/wgcna_circular_atlas/global/wgcna_circular_publication_s","NAMESPACE_BASENAME","10_biological_integration","","PROVENANCE","historical",FALSE,"MEDIUM",""
"build_immunostaining_candidates","pRoteomics","audits/phase6f_output_inventory.csv","385: ""analysis/08_integration/summarize_module_cross_compartment.R"",""results/source_data/10_biological_integration/wgcna_cross_compartment_overview/global/"",""source_","NAMESPACE_BASENAME","10_biological_integration","","PROVENANCE","historical",FALSE,"MEDIUM",""
"build_immunostaining_candidates","pRoteomics","audits/phase6f_output_inventory.csv","386: ""analysis/08_integration/quantify_candidate_network_position.R"",""results/source_data/10_biological_integration/wgcna_sus_res_network_position/<dataset>/"",""sourc","NAMESPACE_BASENAME","10_biological_integration","","PROVENANCE","historical",FALSE,"MEDIUM",""
"build_immunostaining_candidates","pRoteomics","audits/phase6f_output_inventory.csv","408: ""analysis/08_integration/test_enrichment_module_concordance.R"",""results/tables/10_biological_integration/gsea_wgcna_concordance/global/ontology_aware_gsea_theme","NAMESPACE_BASENAME","10_biological_integration","","PROVENANCE","historical",FALSE,"MEDIUM",""
"build_immunostaining_candidates","pRoteomics","audits/phase6f_output_inventory.csv","278: ""analysis/08_integration/build_immunostaining_candidates.R"",""results/source_data/10_biological_integration/immunostaining_candidate_comparison/immunostaining_ca","NAMESPACE_BASENAME","immunostaining_candidate_comparison","","PROVENANCE","historical",FALSE,"MEDIUM",""
"build_immunostaining_candidates","pRoteomics","audits/phase6f_output_inventory.csv","279: ""analysis/08_integration/build_immunostaining_candidates.R"",""results/source_data/10_biological_integration/immunostaining_candidate_comparison/immunostaining_ca","NAMESPACE_BASENAME","immunostaining_candidate_comparison","","PROVENANCE","historical",FALSE,"MEDIUM",""
"build_immunostaining_candidates","pRoteomics","audits/phase6f_output_inventory.csv","280: ""analysis/08_integration/build_immunostaining_candidates.R"",""results/source_data/10_biological_integration/immunostaining_candidate_comparison/immunostaining_ca","NAMESPACE_BASENAME","immunostaining_candidate_comparison","","PROVENANCE","historical",FALSE,"MEDIUM",""
"build_immunostaining_candidates","pRoteomics","audits/phase6f_output_inventory.csv","281: ""analysis/08_integration/build_immunostaining_candidates.R"",""results/source_data/10_biological_integration/immunostaining_candidate_comparison/immunostaining_ca","NAMESPACE_BASENAME","immunostaining_candidate_comparison","","PROVENANCE","historical",FALSE,"MEDIUM",""
"build_immunostaining_candidates","pRoteomics","audits/phase6f_output_inventory.csv","278: ""analysis/08_integration/build_immunostaining_candidates.R"",""results/source_data/10_biological_integration/immunostaining_candidate_comparison/immunostaining_ca","OUTPUT_FILENAME","immunostaining_candidates_animal_abundance.csv","","PROVENANCE","historical",FALSE,"MEDIUM",""
"build_immunostaining_candidates","pRoteomics","audits/phase6f_output_inventory.csv","281: ""analysis/08_integration/build_immunostaining_candidates.R"",""results/source_data/10_biological_integration/immunostaining_candidate_comparison/immunostaining_ca","OUTPUT_FILENAME","immunostaining_candidates_sus_res_effects.csv","","PROVENANCE","historical",FALSE,"MEDIUM",""
"build_immunostaining_candidates","pRoteomics","audits/phase6f_output_inventory.csv","279: ""analysis/08_integration/build_immunostaining_candidates.R"",""results/source_data/10_biological_integration/immunostaining_candidate_comparison/immunostaining_ca","OUTPUT_FILENAME","immunostaining_candidates_mapping.csv","","PROVENANCE","historical",FALSE,"MEDIUM",""
"build_immunostaining_candidates","pRoteomics","audits/phase6f_output_inventory.csv","280: ""analysis/08_integration/build_immunostaining_candidates.R"",""results/source_data/10_biological_integration/immunostaining_candidate_comparison/immunostaining_ca","OUTPUT_FILENAME","immunostaining_candidates_provenance.csv","","PROVENANCE","historical",FALSE,"MEDIUM",""
"build_immunostaining_candidates","pRoteomics","audits/phase6f_output_inventory.csv","278: ""analysis/08_integration/build_immunostaining_candidates.R"",""results/source_data/10_biological_integration/immunostaining_candidate_comparison/immunostaining_ca","ANALYSIS_REFERENCE","build_immunostaining_candidates","","PROVENANCE","historical",FALSE,"MEDIUM",""
"build_immunostaining_candidates","pRoteomics","audits/phase6f_output_inventory.csv","279: ""analysis/08_integration/build_immunostaining_candidates.R"",""results/source_data/10_biological_integration/immunostaining_candidate_comparison/immunostaining_ca","ANALYSIS_REFERENCE","build_immunostaining_candidates","","PROVENANCE","historical",FALSE,"MEDIUM",""
"build_immunostaining_candidates","pRoteomics","audits/phase6f_output_inventory.csv","280: ""analysis/08_integration/build_immunostaining_candidates.R"",""results/source_data/10_biological_integration/immunostaining_candidate_comparison/immunostaining_ca","ANALYSIS_REFERENCE","build_immunostaining_candidates","","PROVENANCE","historical",FALSE,"MEDIUM",""
"build_immunostaining_candidates","pRoteomics","audits/phase6f_output_inventory.csv","281: ""analysis/08_integration/build_immunostaining_candidates.R"",""results/source_data/10_biological_integration/immunostaining_candidate_comparison/immunostaining_ca","ANALYSIS_REFERENCE","build_immunostaining_candidates","","PROVENANCE","historical",FALSE,"MEDIUM",""
"build_immunostaining_candidates","pRoteomics","audits/phase6f_output_inventory.csv","428: ""analysis/01_preprocessing/map_protein_identifiers.R"",""data/processed/02_id_mapping/mapped/<dataset>/forward/per_file/*.csv"",""processed_matrix"",""REGENERABLE_INT","ANALYSIS_REFERENCE","build_immunostaining_candidates","","PROVENANCE","historical",FALSE,"MEDIUM",""
"build_immunostaining_candidates","pRoteomics","audits/phase6f_output_inventory.csv","278: ""analysis/08_integration/build_immunostaining_candidates.R"",""results/source_data/10_biological_integration/immunostaining_candidate_comparison/immunostaining_ca","ANALYSIS_REFERENCE","build_immunostaining_candidates.R","","PROVENANCE","historical",FALSE,"MEDIUM",""
"build_immunostaining_candidates","pRoteomics","audits/phase6f_output_inventory.csv","279: ""analysis/08_integration/build_immunostaining_candidates.R"",""results/source_data/10_biological_integration/immunostaining_candidate_comparison/immunostaining_ca","ANALYSIS_REFERENCE","build_immunostaining_candidates.R","","PROVENANCE","historical",FALSE,"MEDIUM",""
"build_immunostaining_candidates","pRoteomics","audits/phase6f_output_inventory.csv","280: ""analysis/08_integration/build_immunostaining_candidates.R"",""results/source_data/10_biological_integration/immunostaining_candidate_comparison/immunostaining_ca","ANALYSIS_REFERENCE","build_immunostaining_candidates.R","","PROVENANCE","historical",FALSE,"MEDIUM",""
"build_immunostaining_candidates","pRoteomics","audits/phase6f_output_inventory.csv","281: ""analysis/08_integration/build_immunostaining_candidates.R"",""results/source_data/10_biological_integration/immunostaining_candidate_comparison/immunostaining_ca","ANALYSIS_REFERENCE","build_immunostaining_candidates.R","","PROVENANCE","historical",FALSE,"MEDIUM",""
"build_immunostaining_candidates","pRoteomics","audits/phase6f_output_inventory.csv","428: ""analysis/01_preprocessing/map_protein_identifiers.R"",""data/processed/02_id_mapping/mapped/<dataset>/forward/per_file/*.csv"",""processed_matrix"",""REGENERABLE_INT","ANALYSIS_REFERENCE","build_immunostaining_candidates.R","","PROVENANCE","historical",FALSE,"MEDIUM",""
"build_immunostaining_candidates","pRoteomics","audits/phase6g_integration_lifecycle.csv","59: ""build_immunostaining_candidates"",""results/source_data/10_biological_integration/immunostaining_candidate_comparison/immunostaining_candidates_animal_abundance.","FULL_PATH","results/integration/build_immunostaining_candidates/global/tables/source_data/immunostaining_candidates_animal_abundance.csv","","PROVENANCE","historical",FALSE,"HIGH",""
"build_immunostaining_candidates","pRoteomics","audits/phase6g_integration_lifecycle.csv","60: ""build_immunostaining_candidates"",""results/source_data/10_biological_integration/immunostaining_candidate_comparison/immunostaining_candidates_sus_res_effects.c","FULL_PATH","results/integration/build_immunostaining_candidates/global/tables/source_data/immunostaining_candidates_sus_res_effects.csv","","PROVENANCE","historical",FALSE,"HIGH",""
"build_immunostaining_candidates","pRoteomics","audits/phase6g_integration_lifecycle.csv","61: ""build_immunostaining_candidates"",""results/source_data/10_biological_integration/immunostaining_candidate_comparison/immunostaining_candidates_mapping.csv"",""res","FULL_PATH","results/integration/build_immunostaining_candidates/global/tables/source_data/immunostaining_candidates_mapping.csv","","PROVENANCE","historical",FALSE,"HIGH",""
"build_immunostaining_candidates","pRoteomics","audits/phase6g_integration_lifecycle.csv","62: ""build_immunostaining_candidates"",""results/source_data/10_biological_integration/immunostaining_candidate_comparison/immunostaining_candidates_provenance.csv"",""","FULL_PATH","results/integration/build_immunostaining_candidates/global/tables/source_data/immunostaining_candidates_provenance.csv","","PROVENANCE","historical",FALSE,"HIGH",""
"build_immunostaining_candidates","pRoteomics","audits/phase6g_integration_lifecycle.csv","59: ""build_immunostaining_candidates"",""results/source_data/10_biological_integration/immunostaining_candidate_comparison/immunostaining_candidates_animal_abundance.","FULL_PATH","results/source_data/10_biological_integration/immunostaining_candidate_comparison/immunostaining_candidates_animal_abundance.csv","","PROVENANCE","historical",FALSE,"HIGH",""
"build_immunostaining_candidates","pRoteomics","audits/phase6g_integration_lifecycle.csv","61: ""build_immunostaining_candidates"",""results/source_data/10_biological_integration/immunostaining_candidate_comparison/immunostaining_candidates_mapping.csv"",""res","FULL_PATH","results/source_data/10_biological_integration/immunostaining_candidate_comparison/immunostaining_candidates_mapping.csv","","PROVENANCE","historical",FALSE,"HIGH",""
"build_immunostaining_candidates","pRoteomics","audits/phase6g_integration_lifecycle.csv","62: ""build_immunostaining_candidates"",""results/source_data/10_biological_integration/immunostaining_candidate_comparison/immunostaining_candidates_provenance.csv"",""","FULL_PATH","results/source_data/10_biological_integration/immunostaining_candidate_comparison/immunostaining_candidates_provenance.csv","","PROVENANCE","historical",FALSE,"HIGH",""
"build_immunostaining_candidates","pRoteomics","audits/phase6g_integration_lifecycle.csv","60: ""build_immunostaining_candidates"",""results/source_data/10_biological_integration/immunostaining_candidate_comparison/immunostaining_candidates_sus_res_effects.c","FULL_PATH","results/source_data/10_biological_integration/immunostaining_candidate_comparison/immunostaining_candidates_sus_res_effects.csv","","PROVENANCE","historical",FALSE,"HIGH",""
"build_immunostaining_candidates","pRoteomics","audits/phase6g_integration_lifecycle.csv","13: ""build_cross_compartment_atlas"",""results/tables/10_biological_integration/cross_compartment_program_atlas/global/cross_compartment_program_atlas.csv"",""results/i","NAMESPACE_BASENAME","10_biological_integration","","PROVENANCE","historical",FALSE,"MEDIUM",""
"build_immunostaining_candidates","pRoteomics","audits/phase6g_integration_lifecycle.csv","14: ""build_cross_compartment_atlas"",""results/tables/10_biological_integration/cross_compartment_program_atlas/global/cross_compartment_program_atlas_long.csv"",""resu","NAMESPACE_BASENAME","10_biological_integration","","PROVENANCE","historical",FALSE,"MEDIUM",""
"build_immunostaining_candidates","pRoteomics","audits/phase6g_integration_lifecycle.csv","15: ""build_cross_compartment_atlas"",""results/source_data/10_biological_integration/cross_compartment_program_atlas/global/cross_compartment_program_atlas.csv"",""resu","NAMESPACE_BASENAME","10_biological_integration","","PROVENANCE","historical",FALSE,"MEDIUM",""
"build_immunostaining_candidates","pRoteomics","audits/phase6g_integration_lifecycle.csv","16: ""build_cross_compartment_atlas"",""results/source_data/10_biological_integration/cross_compartment_program_atlas/global/cross_compartment_program_atlas_long.csv"",","NAMESPACE_BASENAME","10_biological_integration","","PROVENANCE","historical",FALSE,"MEDIUM",""
"build_immunostaining_candidates","pRoteomics","audits/phase6g_integration_lifecycle.csv","17: ""build_cross_compartment_atlas"",""results/source_data/10_biological_integration/cross_compartment_program_atlas/global/cross_compartment_program_atlas_input_stat","NAMESPACE_BASENAME","10_biological_integration","","PROVENANCE","historical",FALSE,"MEDIUM",""
"build_immunostaining_candidates","pRoteomics","audits/phase6g_integration_lifecycle.csv","18: ""build_cross_compartment_atlas"",""results/reports/10_biological_integration/cross_compartment_program_atlas/global/input_status.csv"",""results/integration/build_c","NAMESPACE_BASENAME","10_biological_integration","","PROVENANCE","historical",FALSE,"MEDIUM",""
"build_immunostaining_candidates","pRoteomics","audits/phase6g_integration_lifecycle.csv","19: ""build_cross_compartment_atlas"",""results/logs/10_biological_integration/cross_compartment_program_atlas/global/run_manifest.yml"",""results/integration/build_cros","NAMESPACE_BASENAME","10_biological_integration","","PROVENANCE","historical",FALSE,"MEDIUM",""
"build_immunostaining_candidates","pRoteomics","audits/phase6g_integration_lifecycle.csv","20: ""summarize_programs_for_manuscript"",""results/tables/10_biological_integration/manuscript_program_summary/global/manuscript_program_summary.csv"",""results/integra","NAMESPACE_BASENAME","10_biological_integration","","PROVENANCE","historical",FALSE,"MEDIUM",""
"build_immunostaining_candidates","pRoteomics","audits/phase6g_integration_lifecycle.csv","21: ""summarize_programs_for_manuscript"",""results/source_data/10_biological_integration/manuscript_program_summary/global/manuscript_program_summary.csv"",""results/in","NAMESPACE_BASENAME","10_biological_integration","","PROVENANCE","historical",FALSE,"MEDIUM",""
"build_immunostaining_candidates","pRoteomics","audits/phase6g_integration_lifecycle.csv","22: ""summarize_programs_for_manuscript"",""results/logs/10_biological_integration/manuscript_program_summary/global/run_manifest.yml"",""results/integration/summarize_p","NAMESPACE_BASENAME","10_biological_integration","","PROVENANCE","historical",FALSE,"MEDIUM",""
"build_immunostaining_candidates","pRoteomics","audits/phase6g_integration_lifecycle.csv","23: ""build_evidence_priority_matrix"",""results/tables/10_biological_integration/evidence_priority_matrix/global/evidence_priority_matrix.csv"",""results/integration/bu","NAMESPACE_BASENAME","10_biological_integration","","PROVENANCE","historical",FALSE,"MEDIUM",""
"build_immunostaining_candidates","pRoteomics","audits/phase6g_integration_lifecycle.csv","24: ""build_evidence_priority_matrix"",""results/source_data/10_biological_integration/evidence_priority_matrix/global/evidence_priority_matrix.csv"",""results/integrati","NAMESPACE_BASENAME","10_biological_integration","","PROVENANCE","historical",FALSE,"MEDIUM",""
"build_immunostaining_candidates","pRoteomics","audits/phase6g_integration_lifecycle.csv","25: ""build_evidence_priority_matrix"",""results/tables/10_biological_integration/final_evidence_bundle/global/final_biological_evidence_bundle.xlsx"",""results/integrat","NAMESPACE_BASENAME","10_biological_integration","","PROVENANCE","historical",FALSE,"MEDIUM",""
"build_immunostaining_candidates","pRoteomics","audits/phase6g_integration_lifecycle.csv","26: ""build_evidence_priority_matrix"",""results/tables/10_biological_integration/final_evidence_bundle/global/"",""results/integration/build_evidence_priority_matrix/gl","NAMESPACE_BASENAME","10_biological_integration","","PROVENANCE","historical",FALSE,"MEDIUM",""
"build_immunostaining_candidates","pRoteomics","audits/phase6g_integration_lifecycle.csv","27: ""build_evidence_priority_matrix"",""results/source_data/10_biological_integration/final_evidence_bundle/global/"",""results/integration/build_evidence_priority_matr","NAMESPACE_BASENAME","10_biological_integration","","PROVENANCE","historical",FALSE,"MEDIUM",""
"build_immunostaining_candidates","pRoteomics","audits/phase6g_integration_lifecycle.csv","28: ""build_evidence_priority_matrix"",""results/logs/10_biological_integration/final_evidence_bundle/global/run_manifest.yml"",""results/integration/build_evidence_prio","NAMESPACE_BASENAME","10_biological_integration","","PROVENANCE","historical",FALSE,"MEDIUM",""
"build_immunostaining_candidates","pRoteomics","audits/phase6g_integration_lifecycle.csv","29: ""build_evidence_priority_matrix"",""results/logs/10_biological_integration/evidence_priority_matrix/global/run_manifest.yml"",""results/integration/build_evidence_p","NAMESPACE_BASENAME","10_biological_integration","","PROVENANCE","historical",FALSE,"MEDIUM",""
"build_immunostaining_candidates","pRoteomics","audits/phase6g_integration_lifecycle.csv","30: ""test_enrichment_module_concordance"",""results/tables/10_biological_integration/gsea_wgcna_concordance/global/gsea_wgcna_concordance_long.csv"",""results/integrati","NAMESPACE_BASENAME","10_biological_integration","","PROVENANCE","historical",FALSE,"MEDIUM",""
"build_immunostaining_candidates","pRoteomics","audits/phase6g_integration_lifecycle.csv","31: ""test_enrichment_module_concordance"",""results/tables/10_biological_integration/gsea_wgcna_concordance/global/gsea_wgcna_concordance_summary.csv"",""results/integr","NAMESPACE_BASENAME","10_biological_integration","","PROVENANCE","historical",FALSE,"MEDIUM",""
"build_immunostaining_candidates","pRoteomics","audits/phase6g_integration_lifecycle.csv","32: ""test_enrichment_module_concordance"",""results/tables/10_biological_integration/gsea_wgcna_concordance/global/adaptive_resilience_pattern_summary.csv"",""results/i","NAMESPACE_BASENAME","10_biological_integration","","PROVENANCE","historical",FALSE,"MEDIUM",""
"build_immunostaining_candidates","pRoteomics","audits/phase6g_integration_lifecycle.csv","33: ""test_enrichment_module_concordance"",""results/tables/10_biological_integration/gsea_wgcna_concordance/global/program_specific_leading_edge_module_overlap.csv"",""","NAMESPACE_BASENAME","10_biological_integration","","PROVENANCE","historical",FALSE,"MEDIUM",""
"build_immunostaining_candidates","pRoteomics","audits/phase6g_integration_lifecycle.csv","34: ""test_enrichment_module_concordance"",""results/tables/10_biological_integration/gsea_wgcna_concordance/global/gsea_wgcna_concordance_audit.csv"",""results/integrat","NAMESPACE_BASENAME","10_biological_integration","","PROVENANCE","historical",FALSE,"MEDIUM",""
"build_immunostaining_candidates","pRoteomics","audits/phase6g_integration_lifecycle.csv","35: ""test_enrichment_module_concordance"",""results/tables/10_biological_integration/gsea_wgcna_concordance/global/program_module_matching_audit.csv"",""results/integra","NAMESPACE_BASENAME","10_biological_integration","","PROVENANCE","historical",FALSE,"MEDIUM",""
"build_immunostaining_candidates","pRoteomics","audits/phase6g_integration_lifecycle.csv","36: ""test_enrichment_module_concordance"",""results/tables/10_biological_integration/gsea_wgcna_concordance/global/ontology_aware_gsea_theme_assignments_all_contrasts","NAMESPACE_BASENAME","10_biological_integration","","PROVENANCE","historical",FALSE,"MEDIUM",""
"build_immunostaining_candidates","pRoteomics","audits/phase6g_integration_lifecycle.csv","37: ""test_enrichment_module_concordance"",""results/source_data/10_biological_integration/gsea_wgcna_concordance/global/"",""results/integration/test_enrichment_module_","NAMESPACE_BASENAME","10_biological_integration","","PROVENANCE","historical",FALSE,"MEDIUM",""
"build_immunostaining_candidates","pRoteomics","audits/phase6g_integration_lifecycle.csv","38: ""test_enrichment_module_concordance"",""results/reports/10_biological_integration/gsea_wgcna_concordance/global/README.md"",""results/integration/test_enrichment_mo","NAMESPACE_BASENAME","10_biological_integration","","PROVENANCE","historical",FALSE,"MEDIUM",""
"build_immunostaining_candidates","pRoteomics","audits/phase6g_integration_lifecycle.csv","39: ""test_enrichment_module_concordance"",""results/logs/10_biological_integration/gsea_wgcna_concordance/global/run_manifest.yml"",""results/integration/test_enrichmen","NAMESPACE_BASENAME","10_biological_integration","","PROVENANCE","historical",FALSE,"MEDIUM",""
"build_immunostaining_candidates","pRoteomics","audits/phase6g_integration_lifecycle.csv","40: ""summarize_enrichment_module_concordance"",""results/tables/10_biological_integration/gsea_wgcna_concordance_diagnostics/global/"",""results/integration/summarize_e","NAMESPACE_BASENAME","10_biological_integration","","PROVENANCE","historical",FALSE,"MEDIUM",""
"build_immunostaining_candidates","pRoteomics","audits/phase6g_integration_lifecycle.csv","41: ""summarize_enrichment_module_concordance"",""results/source_data/10_biological_integration/gsea_wgcna_concordance_diagnostics/global/"",""results/integration/summar","NAMESPACE_BASENAME","10_biological_integration","","PROVENANCE","historical",FALSE,"MEDIUM",""
"build_immunostaining_candidates","pRoteomics","audits/phase6g_integration_lifecycle.csv","42: ""summarize_enrichment_module_concordance"",""results/reports/10_biological_integration/gsea_wgcna_concordance_diagnostics/global/README.md"",""results/integration/s","NAMESPACE_BASENAME","10_biological_integration","","PROVENANCE","historical",FALSE,"MEDIUM",""
"build_immunostaining_candidates","pRoteomics","audits/phase6g_integration_lifecycle.csv","43: ""summarize_enrichment_module_concordance"",""results/logs/10_biological_integration/gsea_wgcna_concordance_diagnostics/global/run_manifest.yml"",""results/integrati","NAMESPACE_BASENAME","10_biological_integration","","PROVENANCE","historical",FALSE,"MEDIUM",""
"build_immunostaining_candidates","pRoteomics","audits/phase6g_integration_lifecycle.csv","44: ""build_candidate_protein_shortlist"",""results/tables/10_biological_integration/wgcna_candidate_protein_shortlist/<dataset>/wgcna_candidate_proteins_all.csv"",""res","NAMESPACE_BASENAME","10_biological_integration","","PROVENANCE","historical",FALSE,"MEDIUM",""
"build_immunostaining_candidates","pRoteomics","audits/phase6g_integration_lifecycle.csv","45: ""build_candidate_protein_shortlist"",""results/tables/10_biological_integration/wgcna_candidate_protein_shortlist/<dataset>/wgcna_candidate_proteins_long.csv"",""re","NAMESPACE_BASENAME","10_biological_integration","","PROVENANCE","historical",FALSE,"MEDIUM",""
"build_immunostaining_candidates","pRoteomics","audits/phase6g_integration_lifecycle.csv","46: ""build_candidate_protein_shortlist"",""results/tables/10_biological_integration/wgcna_candidate_protein_shortlist/<dataset>/wgcna_candidate_proteins_shortlist.csv","NAMESPACE_BASENAME","10_biological_integration","","PROVENANCE","historical",FALSE,"MEDIUM",""
"build_immunostaining_candidates","pRoteomics","audits/phase6g_integration_lifecycle.csv","47: ""build_candidate_protein_shortlist"",""results/tables/10_biological_integration/wgcna_candidate_protein_shortlist/<dataset>/wgcna_top10_per_module.csv"",""results/i","NAMESPACE_BASENAME","10_biological_integration","","PROVENANCE","historical",FALSE,"MEDIUM",""
"build_immunostaining_candidates","pRoteomics","audits/phase6g_integration_lifecycle.csv","48: ""build_candidate_protein_shortlist"",""results/tables/10_biological_integration/wgcna_candidate_protein_shortlist/<dataset>/wgcna_candidate_proteins_shortlist.xls","NAMESPACE_BASENAME","10_biological_integration","","PROVENANCE","historical",FALSE,"MEDIUM",""
"build_immunostaining_candidates","pRoteomics","audits/phase6g_integration_lifecycle.csv","49: ""build_candidate_protein_shortlist"",""results/source_data/10_biological_integration/wgcna_candidate_protein_shortlist/<dataset>/"",""results/integration/build_cand","NAMESPACE_BASENAME","10_biological_integration","","PROVENANCE","historical",FALSE,"MEDIUM",""
"build_immunostaining_candidates","pRoteomics","audits/phase6g_integration_lifecycle.csv","50: ""build_candidate_protein_shortlist"",""results/reports/10_biological_integration/wgcna_candidate_protein_shortlist/<dataset>/README.md"",""results/integration/build","NAMESPACE_BASENAME","10_biological_integration","","PROVENANCE","historical",FALSE,"MEDIUM",""
"build_immunostaining_candidates","pRoteomics","audits/phase6g_integration_lifecycle.csv","51: ""build_candidate_protein_shortlist"",""results/logs/10_biological_integration/wgcna_candidate_protein_shortlist/<dataset>/run_manifest.yml"",""results/integration/b","NAMESPACE_BASENAME","10_biological_integration","","PROVENANCE","historical",FALSE,"MEDIUM",""
"build_immunostaining_candidates","pRoteomics","audits/phase6g_integration_lifecycle.csv","52: ""quantify_candidate_network_position"",""results/tables/10_biological_integration/wgcna_sus_res_network_position/<dataset>/wgcna_sus_res_network_position_protein_","NAMESPACE_BASENAME","10_biological_integration","","PROVENANCE","historical",FALSE,"MEDIUM",""
"build_immunostaining_candidates","pRoteomics","audits/phase6g_integration_lifecycle.csv","53: ""quantify_candidate_network_position"",""results/tables/10_biological_integration/wgcna_sus_res_network_position/<dataset>/wgcna_sus_res_network_position_module_s","NAMESPACE_BASENAME","10_biological_integration","","PROVENANCE","historical",FALSE,"MEDIUM",""
"build_immunostaining_candidates","pRoteomics","audits/phase6g_integration_lifecycle.csv","54: ""quantify_candidate_network_position"",""results/tables/10_biological_integration/wgcna_sus_res_network_position/<dataset>/wgcna_sus_res_network_position_permutat","NAMESPACE_BASENAME","10_biological_integration","","PROVENANCE","historical",FALSE,"MEDIUM",""
"build_immunostaining_candidates","pRoteomics","audits/phase6g_integration_lifecycle.csv","55: ""quantify_candidate_network_position"",""results/figures/10_biological_integration/wgcna_sus_res_network_position/<dataset>/"",""results/integration/quantify_candid","NAMESPACE_BASENAME","10_biological_integration","","PROVENANCE","historical",FALSE,"MEDIUM",""
"build_immunostaining_candidates","pRoteomics","audits/phase6g_integration_lifecycle.csv","56: ""quantify_candidate_network_position"",""results/source_data/10_biological_integration/wgcna_sus_res_network_position/<dataset>/"",""results/integration/quantify_ca","NAMESPACE_BASENAME","10_biological_integration","","PROVENANCE","historical",FALSE,"MEDIUM",""
"build_immunostaining_candidates","pRoteomics","audits/phase6g_integration_lifecycle.csv","57: ""quantify_candidate_network_position"",""results/reports/10_biological_integration/wgcna_sus_res_network_position/<dataset>/README.md"",""results/integration/quanti","NAMESPACE_BASENAME","10_biological_integration","","PROVENANCE","historical",FALSE,"MEDIUM",""
"build_immunostaining_candidates","pRoteomics","audits/phase6g_integration_lifecycle.csv","58: ""quantify_candidate_network_position"",""results/logs/10_biological_integration/wgcna_sus_res_network_position/<dataset>/run_manifest.yml"",""results/integration/qu","NAMESPACE_BASENAME","10_biological_integration","","PROVENANCE","historical",FALSE,"MEDIUM",""
"build_immunostaining_candidates","pRoteomics","audits/phase6g_integration_lifecycle.csv","59: ""build_immunostaining_candidates"",""results/source_data/10_biological_integration/immunostaining_candidate_comparison/immunostaining_candidates_animal_abundance.","NAMESPACE_BASENAME","10_biological_integration","","PROVENANCE","historical",FALSE,"MEDIUM",""
"build_immunostaining_candidates","pRoteomics","audits/phase6g_integration_lifecycle.csv","60: ""build_immunostaining_candidates"",""results/source_data/10_biological_integration/immunostaining_candidate_comparison/immunostaining_candidates_sus_res_effects.c","NAMESPACE_BASENAME","10_biological_integration","","PROVENANCE","historical",FALSE,"MEDIUM",""
"build_immunostaining_candidates","pRoteomics","audits/phase6g_integration_lifecycle.csv","61: ""build_immunostaining_candidates"",""results/source_data/10_biological_integration/immunostaining_candidate_comparison/immunostaining_candidates_mapping.csv"",""res","NAMESPACE_BASENAME","10_biological_integration","","PROVENANCE","historical",FALSE,"MEDIUM",""
"build_immunostaining_candidates","pRoteomics","audits/phase6g_integration_lifecycle.csv","62: ""build_immunostaining_candidates"",""results/source_data/10_biological_integration/immunostaining_candidate_comparison/immunostaining_candidates_provenance.csv"",""","NAMESPACE_BASENAME","10_biological_integration","","PROVENANCE","historical",FALSE,"MEDIUM",""
"build_immunostaining_candidates","pRoteomics","audits/phase6g_integration_lifecycle.csv","63: ""screen_immunostaining_panel"",""results/source_data/10_biological_integration/immunostaining_candidate_panel/candidate_panel_selection.csv"",""results/integration/","NAMESPACE_BASENAME","10_biological_integration","","PROVENANCE","historical",FALSE,"MEDIUM",""
"build_immunostaining_candidates","pRoteomics","audits/phase6g_integration_lifecycle.csv","64: ""screen_immunostaining_panel"",""results/source_data/10_biological_integration/immunostaining_candidate_panel/candidate_panel_sus_res_effects.csv"",""results/integr","NAMESPACE_BASENAME","10_biological_integration","","PROVENANCE","historical",FALSE,"MEDIUM",""
"build_immunostaining_candidates","pRoteomics","audits/phase6g_integration_lifecycle.csv","65: ""screen_immunostaining_panel"",""results/source_data/10_biological_integration/immunostaining_candidate_panel/candidate_panel_animal_abundance.csv"",""results/integ","NAMESPACE_BASENAME","10_biological_integration","","PROVENANCE","historical",FALSE,"MEDIUM",""
"build_immunostaining_candidates","pRoteomics","audits/phase6g_integration_lifecycle.csv","66: ""screen_immunostaining_panel"",""results/source_data/10_biological_integration/immunostaining_candidate_panel/candidate_panel_excluded_ca2slm.csv"",""results/integr","NAMESPACE_BASENAME","10_biological_integration","","PROVENANCE","historical",FALSE,"MEDIUM",""
"build_immunostaining_candidates","pRoteomics","audits/phase6g_integration_lifecycle.csv","67: ""screen_immunostaining_panel"",""results/source_data/10_biological_integration/immunostaining_candidate_panel/candidate_panel_excluded_epidermal_qc.csv"",""results/","NAMESPACE_BASENAME","10_biological_integration","","PROVENANCE","historical",FALSE,"MEDIUM",""
"build_immunostaining_candidates","pRoteomics","audits/phase6g_integration_lifecycle.csv","68: ""screen_immunostaining_panel"",""results/source_data/10_biological_integration/immunostaining_candidate_panel/candidate_panel_provenance.csv"",""results/integration","NAMESPACE_BASENAME","10_biological_integration","","PROVENANCE","historical",FALSE,"MEDIUM",""
"build_immunostaining_candidates","pRoteomics","audits/phase6g_integration_lifecycle.csv","69: ""screen_immunostaining_separation"",""results/source_data/10_biological_integration/immunostaining_separation_screen/separation_candidate_panel.csv"",""results/inte","NAMESPACE_BASENAME","10_biological_integration","","PROVENANCE","historical",FALSE,"MEDIUM",""
"build_immunostaining_candidates","pRoteomics","audits/phase6g_integration_lifecycle.csv","70: ""screen_immunostaining_separation"",""results/source_data/10_biological_integration/immunostaining_separation_screen/separation_metrics_all.csv"",""results/integrat","NAMESPACE_BASENAME","10_biological_integration","","PROVENANCE","historical",FALSE,"MEDIUM",""
"build_immunostaining_candidates","pRoteomics","audits/phase6g_integration_lifecycle.csv","71: ""screen_immunostaining_separation"",""results/source_data/10_biological_integration/immunostaining_separation_screen/separation_qualifying_cells.csv"",""results/int","NAMESPACE_BASENAME","10_biological_integration","","PROVENANCE","historical",FALSE,"MEDIUM",""
"build_immunostaining_candidates","pRoteomics","audits/phase6g_integration_lifecycle.csv","72: ""screen_immunostaining_separation"",""results/source_data/10_biological_integration/immunostaining_separation_screen/separation_panel_animal_abundance.csv"",""resul","NAMESPACE_BASENAME","10_biological_integration","","PROVENANCE","historical",FALSE,"MEDIUM",""
"build_immunostaining_candidates","pRoteomics","audits/phase6g_integration_lifecycle.csv","73: ""screen_immunostaining_separation"",""results/source_data/10_biological_integration/immunostaining_separation_screen/separation_panel_sus_res_effects.csv"",""result","NAMESPACE_BASENAME","10_biological_integration","","PROVENANCE","historical",FALSE,"MEDIUM",""
"build_immunostaining_candidates","pRoteomics","audits/phase6g_integration_lifecycle.csv","74: ""screen_immunostaining_separation"",""results/source_data/10_biological_integration/immunostaining_separation_screen/separation_screen_provenance.csv"",""results/in","NAMESPACE_BASENAME","10_biological_integration","","PROVENANCE","historical",FALSE,"MEDIUM",""
"build_immunostaining_candidates","pRoteomics","audits/phase6g_integration_lifecycle.csv","75: ""render_module_circular_atlas"",""results/figures/10_biological_integration/wgcna_circular_atlas/global/"",""results/integration/render_module_circular_atlas/global","NAMESPACE_BASENAME","10_biological_integration","","PROVENANCE","historical",FALSE,"MEDIUM",""
"build_immunostaining_candidates","pRoteomics","audits/phase6g_integration_lifecycle.csv","76: ""render_module_circular_atlas"",""results/figures/10_biological_integration/wgcna_circular_atlas/global/wgcna_circular_atlas_main.svg"",""results/integration/render","NAMESPACE_BASENAME","10_biological_integration","","PROVENANCE","historical",FALSE,"MEDIUM",""
"build_immunostaining_candidates","pRoteomics","audits/phase6g_integration_lifecycle.csv","77: ""render_module_circular_atlas"",""results/figures/10_biological_integration/wgcna_circular_atlas/global/wgcna_circular_atlas_main.pdf"",""results/integration/render","NAMESPACE_BASENAME","10_biological_integration","","PROVENANCE","historical",FALSE,"MEDIUM",""
"build_immunostaining_candidates","pRoteomics","audits/phase6g_integration_lifecycle.csv","78: ""render_module_circular_atlas"",""results/figures/10_biological_integration/wgcna_circular_atlas/global/wgcna_circular_atlas_selected_only.svg"",""results/integrati","NAMESPACE_BASENAME","10_biological_integration","","PROVENANCE","historical",FALSE,"MEDIUM",""
"build_immunostaining_candidates","pRoteomics","audits/phase6g_integration_lifecycle.csv","79: ""render_module_circular_atlas"",""results/figures/10_biological_integration/wgcna_circular_atlas/global/wgcna_circular_atlas_selected_only.pdf"",""results/integrati","NAMESPACE_BASENAME","10_biological_integration","","PROVENANCE","historical",FALSE,"MEDIUM",""
"build_immunostaining_candidates","pRoteomics","audits/phase6g_integration_lifecycle.csv","80: ""render_module_circular_atlas"",""results/figures/10_biological_integration/wgcna_circular_atlas/global/wgcna_circular_heatmap_all_datasets.svg"",""results/integrat","NAMESPACE_BASENAME","10_biological_integration","","PROVENANCE","historical",FALSE,"MEDIUM",""
"build_immunostaining_candidates","pRoteomics","audits/phase6g_integration_lifecycle.csv","81: ""render_module_circular_atlas"",""results/figures/10_biological_integration/wgcna_circular_atlas/global/wgcna_circular_heatmap_all_datasets.pdf"",""results/integrat","NAMESPACE_BASENAME","10_biological_integration","","PROVENANCE","historical",FALSE,"MEDIUM",""
"build_immunostaining_candidates","pRoteomics","audits/phase6g_integration_lifecycle.csv","82: ""render_module_circular_atlas"",""results/figures/10_biological_integration/wgcna_circular_atlas/global/wgcna_circular_heatmap_neuron_neuropil.svg"",""results/integ","NAMESPACE_BASENAME","10_biological_integration","","PROVENANCE","historical",FALSE,"MEDIUM",""
"build_immunostaining_candidates","pRoteomics","audits/phase6g_integration_lifecycle.csv","83: ""render_module_circular_atlas"",""results/figures/10_biological_integration/wgcna_circular_atlas/global/wgcna_circular_heatmap_neuron_neuropil.pdf"",""results/integ","NAMESPACE_BASENAME","10_biological_integration","","PROVENANCE","historical",FALSE,"MEDIUM",""
"build_immunostaining_candidates","pRoteomics","audits/phase6g_integration_lifecycle.csv","84: ""render_module_circular_atlas"",""results/figures/10_biological_integration/wgcna_circular_atlas/global/wgcna_circular_heatmap_neuron_soma.svg"",""results/integrati","NAMESPACE_BASENAME","10_biological_integration","","PROVENANCE","historical",FALSE,"MEDIUM",""
"build_immunostaining_candidates","pRoteomics","audits/phase6g_integration_lifecycle.csv","85: ""render_module_circular_atlas"",""results/figures/10_biological_integration/wgcna_circular_atlas/global/wgcna_circular_heatmap_neuron_soma.pdf"",""results/integrati","NAMESPACE_BASENAME","10_biological_integration","","PROVENANCE","historical",FALSE,"MEDIUM",""
"build_immunostaining_candidates","pRoteomics","audits/phase6g_integration_lifecycle.csv","86: ""render_module_circular_atlas"",""results/figures/10_biological_integration/wgcna_circular_atlas/global/wgcna_circular_heatmap_microglia.svg"",""results/integration","NAMESPACE_BASENAME","10_biological_integration","","PROVENANCE","historical",FALSE,"MEDIUM",""
"build_immunostaining_candidates","pRoteomics","audits/phase6g_integration_lifecycle.csv","87: ""render_module_circular_atlas"",""results/figures/10_biological_integration/wgcna_circular_atlas/global/wgcna_circular_heatmap_microglia.pdf"",""results/integration","NAMESPACE_BASENAME","10_biological_integration","","PROVENANCE","historical",FALSE,"MEDIUM",""
"build_immunostaining_candidates","pRoteomics","audits/phase6g_integration_lifecycle.csv","88: ""render_module_circular_atlas"",""results/figures/10_biological_integration/wgcna_circular_atlas/global/wgcna_circular_publication_supermodule_effect_heatmap_all_","NAMESPACE_BASENAME","10_biological_integration","","PROVENANCE","historical",FALSE,"MEDIUM",""
"build_immunostaining_candidates","pRoteomics","audits/phase6g_integration_lifecycle.csv","89: ""render_module_circular_atlas"",""results/figures/10_biological_integration/wgcna_circular_atlas/global/wgcna_circular_publication_supermodule_effect_heatmap_all_","NAMESPACE_BASENAME","10_biological_integration","","PROVENANCE","historical",FALSE,"MEDIUM",""
"build_immunostaining_candidates","pRoteomics","audits/phase6g_integration_lifecycle.csv","90: ""render_module_circular_atlas"",""results/figures/10_biological_integration/wgcna_circular_atlas/global/wgcna_circular_publication_supermodule_effect_heatmap_neur","NAMESPACE_BASENAME","10_biological_integration","","PROVENANCE","historical",FALSE,"MEDIUM",""
"build_immunostaining_candidates","pRoteomics","audits/phase6g_integration_lifecycle.csv","91: ""render_module_circular_atlas"",""results/figures/10_biological_integration/wgcna_circular_atlas/global/wgcna_circular_publication_supermodule_effect_heatmap_neur","NAMESPACE_BASENAME","10_biological_integration","","PROVENANCE","historical",FALSE,"MEDIUM",""
"build_immunostaining_candidates","pRoteomics","audits/phase6g_integration_lifecycle.csv","92: ""render_module_circular_atlas"",""results/figures/10_biological_integration/wgcna_circular_atlas/global/wgcna_circular_publication_supermodule_effect_heatmap_neur","NAMESPACE_BASENAME","10_biological_integration","","PROVENANCE","historical",FALSE,"MEDIUM",""
"build_immunostaining_candidates","pRoteomics","audits/phase6g_integration_lifecycle.csv","93: ""render_module_circular_atlas"",""results/figures/10_biological_integration/wgcna_circular_atlas/global/wgcna_circular_publication_supermodule_effect_heatmap_neur","NAMESPACE_BASENAME","10_biological_integration","","PROVENANCE","historical",FALSE,"MEDIUM",""
"build_immunostaining_candidates","pRoteomics","audits/phase6g_integration_lifecycle.csv","94: ""render_module_circular_atlas"",""results/figures/10_biological_integration/wgcna_circular_atlas/global/wgcna_circular_publication_supermodule_effect_heatmap_micr","NAMESPACE_BASENAME","10_biological_integration","","PROVENANCE","historical",FALSE,"MEDIUM",""
"build_immunostaining_candidates","pRoteomics","audits/phase6g_integration_lifecycle.csv","95: ""render_module_circular_atlas"",""results/figures/10_biological_integration/wgcna_circular_atlas/global/wgcna_circular_publication_supermodule_effect_heatmap_micr","NAMESPACE_BASENAME","10_biological_integration","","PROVENANCE","historical",FALSE,"MEDIUM",""
"build_immunostaining_candidates","pRoteomics","audits/phase6g_integration_lifecycle.csv","96: ""render_module_circular_atlas"",""results/figures/10_biological_integration/wgcna_circular_atlas/global/wgcna_region_layer_heatmap_all_modules.svg"",""results/integ","NAMESPACE_BASENAME","10_biological_integration","","PROVENANCE","historical",FALSE,"MEDIUM",""
"build_immunostaining_candidates","pRoteomics","audits/phase6g_integration_lifecycle.csv","97: ""render_module_circular_atlas"",""results/figures/10_biological_integration/wgcna_circular_atlas/global/wgcna_region_layer_heatmap_all_modules.pdf"",""results/integ","NAMESPACE_BASENAME","10_biological_integration","","PROVENANCE","historical",FALSE,"MEDIUM",""
"build_immunostaining_candidates","pRoteomics","audits/phase6g_integration_lifecycle.csv","98: ""render_module_circular_atlas"",""results/tables/10_biological_integration/wgcna_circular_atlas/global/wgcna_circular_atlas_metrics.csv"",""results/integration/rend","NAMESPACE_BASENAME","10_biological_integration","","PROVENANCE","historical",FALSE,"MEDIUM",""
"build_immunostaining_candidates","pRoteomics","audits/phase6g_integration_lifecycle.csv","99: ""render_module_circular_atlas"",""results/source_data/10_biological_integration/wgcna_circular_atlas/global/"",""results/integration/render_module_circular_atlas/gl","NAMESPACE_BASENAME","10_biological_integration","","PROVENANCE","historical",FALSE,"MEDIUM",""
"build_immunostaining_candidates","pRoteomics","audits/phase6g_integration_lifecycle.csv","100: ""render_module_circular_atlas"",""results/source_data/10_biological_integration/wgcna_circular_atlas/global/wgcna_circular_atlas_segments.csv"",""results/integratio","NAMESPACE_BASENAME","10_biological_integration","","PROVENANCE","historical",FALSE,"MEDIUM",""
"build_immunostaining_candidates","pRoteomics","audits/phase6g_integration_lifecycle.csv","101: ""render_module_circular_atlas"",""results/source_data/10_biological_integration/wgcna_circular_atlas/global/wgcna_circular_atlas_plot_source.csv"",""results/integra","NAMESPACE_BASENAME","10_biological_integration","","PROVENANCE","historical",FALSE,"MEDIUM",""
"build_immunostaining_candidates","pRoteomics","audits/phase6g_integration_lifecycle.csv","102: ""render_module_circular_atlas"",""results/source_data/10_biological_integration/wgcna_circular_atlas/global/wgcna_circular_heatmap_source_supermodule.csv"",""result","NAMESPACE_BASENAME","10_biological_integration","","PROVENANCE","historical",FALSE,"MEDIUM",""
"build_immunostaining_candidates","pRoteomics","audits/phase6g_integration_lifecycle.csv","103: ""render_module_circular_atlas"",""results/source_data/10_biological_integration/wgcna_circular_atlas/global/wgcna_circular_heatmap_source_module.csv"",""results/int","NAMESPACE_BASENAME","10_biological_integration","","PROVENANCE","historical",FALSE,"MEDIUM",""
"build_immunostaining_candidates","pRoteomics","audits/phase6g_integration_lifecycle.csv","104: ""render_module_circular_atlas"",""results/source_data/10_biological_integration/wgcna_circular_atlas/global/wgcna_circular_heatmap_layout_all_datasets.csv"",""resul","NAMESPACE_BASENAME","10_biological_integration","","PROVENANCE","historical",FALSE,"MEDIUM",""
"build_immunostaining_candidates","pRoteomics","audits/phase6g_integration_lifecycle.csv","105: ""render_module_circular_atlas"",""results/source_data/10_biological_integration/wgcna_circular_atlas/global/wgcna_circular_publication_supermodule_effect_heatmap_","NAMESPACE_BASENAME","10_biological_integration","","PROVENANCE","historical",FALSE,"MEDIUM",""
"build_immunostaining_candidates","pRoteomics","audits/phase6g_integration_lifecycle.csv","106: ""render_module_circular_atlas"",""results/source_data/10_biological_integration/wgcna_circular_atlas/global/wgcna_circular_publication_supermodule_effect_heatmap_","NAMESPACE_BASENAME","10_biological_integration","","PROVENANCE","historical",FALSE,"MEDIUM",""
"build_immunostaining_candidates","pRoteomics","audits/phase6g_integration_lifecycle.csv","107: ""render_module_circular_atlas"",""results/reports/10_biological_integration/wgcna_circular_atlas/global/wgcna_circular_atlas_input_status.csv"",""results/integratio","NAMESPACE_BASENAME","10_biological_integration","","PROVENANCE","historical",FALSE,"MEDIUM",""
"build_immunostaining_candidates","pRoteomics","audits/phase6g_integration_lifecycle.csv","108: ""render_module_circular_atlas"",""results/reports/10_biological_integration/wgcna_circular_atlas/global/wgcna_circular_vs_publication_heatmap_source_audit.csv"",""r","NAMESPACE_BASENAME","10_biological_integration","","PROVENANCE","historical",FALSE,"MEDIUM",""
"build_immunostaining_candidates","pRoteomics","audits/phase6g_integration_lifecycle.csv","109: ""render_module_circular_atlas"",""results/reports/10_biological_integration/wgcna_circular_atlas/global/wgcna_circular_vs_publication_supermodule_id_comparison.cs","NAMESPACE_BASENAME","10_biological_integration","","PROVENANCE","historical",FALSE,"MEDIUM",""
"build_immunostaining_candidates","pRoteomics","audits/phase6g_integration_lifecycle.csv","110: ""render_module_circular_atlas"",""results/reports/10_biological_integration/wgcna_circular_atlas/global/wgcna_circular_metric_consistency_audit.csv"",""results/inte","NAMESPACE_BASENAME","10_biological_integration","","PROVENANCE","historical",FALSE,"MEDIUM",""
"build_immunostaining_candidates","pRoteomics","audits/phase6g_integration_lifecycle.csv","111: ""render_module_circular_atlas"",""results/reports/10_biological_integration/wgcna_circular_atlas/global/wgcna_module_supermodule_mapping_audit.csv"",""results/integ","NAMESPACE_BASENAME","10_biological_integration","","PROVENANCE","historical",FALSE,"MEDIUM",""
"build_immunostaining_candidates","pRoteomics","audits/phase6g_integration_lifecycle.csv","112: ""render_module_circular_atlas"",""results/reports/10_biological_integration/wgcna_circular_atlas/global/wgcna_circular_atlas_stage13_selection_audit.csv"",""results","NAMESPACE_BASENAME","10_biological_integration","","PROVENANCE","historical",FALSE,"MEDIUM",""
"build_immunostaining_candidates","pRoteomics","audits/phase6g_integration_lifecycle.csv","113: ""render_module_circular_atlas"",""results/logs/10_biological_integration/wgcna_circular_atlas/global/run_manifest.yml"",""results/integration/render_module_circular","NAMESPACE_BASENAME","10_biological_integration","","PROVENANCE","historical",FALSE,"MEDIUM",""
"build_immunostaining_candidates","pRoteomics","audits/phase6g_integration_lifecycle.csv","114: ""summarize_module_cross_compartment"",""results/tables/10_biological_integration/wgcna_cross_compartment_overview/global/"",""results/integration/summarize_module_c","NAMESPACE_BASENAME","10_biological_integration","","PROVENANCE","historical",FALSE,"MEDIUM",""
"build_immunostaining_candidates","pRoteomics","audits/phase6g_integration_lifecycle.csv","115: ""summarize_module_cross_compartment"",""results/source_data/10_biological_integration/wgcna_cross_compartment_overview/global/"",""results/integration/summarize_mod","NAMESPACE_BASENAME","10_biological_integration","","PROVENANCE","historical",FALSE,"MEDIUM",""
"build_immunostaining_candidates","pRoteomics","audits/phase6g_integration_lifecycle.csv","116: ""summarize_module_cross_compartment"",""results/figures/10_biological_integration/wgcna_cross_compartment_overview/global/"",""results/integration/summarize_module_","NAMESPACE_BASENAME","10_biological_integration","","PROVENANCE","historical",FALSE,"MEDIUM",""
"build_immunostaining_candidates","pRoteomics","audits/phase6g_integration_lifecycle.csv","117: ""summarize_module_cross_compartment"",""results/logs/10_biological_integration/wgcna_cross_compartment_overview/global/"",""results/integration/summarize_module_cro","NAMESPACE_BASENAME","10_biological_integration","","PROVENANCE","historical",FALSE,"MEDIUM",""
"build_immunostaining_candidates","pRoteomics","audits/phase6g_integration_lifecycle.csv","118: ""summarize_module_cross_compartment"",""results/reports/10_biological_integration/wgcna_cross_compartment_overview/global/"",""results/integration/summarize_module_","NAMESPACE_BASENAME","10_biological_integration","","PROVENANCE","historical",FALSE,"MEDIUM",""
"build_immunostaining_candidates","pRoteomics","audits/phase6g_integration_lifecycle.csv","59: ""build_immunostaining_candidates"",""results/source_data/10_biological_integration/immunostaining_candidate_comparison/immunostaining_candidates_animal_abundance.","NAMESPACE_BASENAME","immunostaining_candidate_comparison","","PROVENANCE","historical",FALSE,"MEDIUM",""
"build_immunostaining_candidates","pRoteomics","audits/phase6g_integration_lifecycle.csv","60: ""build_immunostaining_candidates"",""results/source_data/10_biological_integration/immunostaining_candidate_comparison/immunostaining_candidates_sus_res_effects.c","NAMESPACE_BASENAME","immunostaining_candidate_comparison","","PROVENANCE","historical",FALSE,"MEDIUM",""
"build_immunostaining_candidates","pRoteomics","audits/phase6g_integration_lifecycle.csv","61: ""build_immunostaining_candidates"",""results/source_data/10_biological_integration/immunostaining_candidate_comparison/immunostaining_candidates_mapping.csv"",""res","NAMESPACE_BASENAME","immunostaining_candidate_comparison","","PROVENANCE","historical",FALSE,"MEDIUM",""
"build_immunostaining_candidates","pRoteomics","audits/phase6g_integration_lifecycle.csv","62: ""build_immunostaining_candidates"",""results/source_data/10_biological_integration/immunostaining_candidate_comparison/immunostaining_candidates_provenance.csv"",""","NAMESPACE_BASENAME","immunostaining_candidate_comparison","","PROVENANCE","historical",FALSE,"MEDIUM",""
"build_immunostaining_candidates","pRoteomics","audits/phase6g_integration_lifecycle.csv","59: ""build_immunostaining_candidates"",""results/source_data/10_biological_integration/immunostaining_candidate_comparison/immunostaining_candidates_animal_abundance.","OUTPUT_FILENAME","immunostaining_candidates_animal_abundance.csv","","PROVENANCE","historical",FALSE,"MEDIUM",""
"build_immunostaining_candidates","pRoteomics","audits/phase6g_integration_lifecycle.csv","60: ""build_immunostaining_candidates"",""results/source_data/10_biological_integration/immunostaining_candidate_comparison/immunostaining_candidates_sus_res_effects.c","OUTPUT_FILENAME","immunostaining_candidates_sus_res_effects.csv","","PROVENANCE","historical",FALSE,"MEDIUM",""
"build_immunostaining_candidates","pRoteomics","audits/phase6g_integration_lifecycle.csv","61: ""build_immunostaining_candidates"",""results/source_data/10_biological_integration/immunostaining_candidate_comparison/immunostaining_candidates_mapping.csv"",""res","OUTPUT_FILENAME","immunostaining_candidates_mapping.csv","","PROVENANCE","historical",FALSE,"MEDIUM",""
"build_immunostaining_candidates","pRoteomics","audits/phase6g_integration_lifecycle.csv","62: ""build_immunostaining_candidates"",""results/source_data/10_biological_integration/immunostaining_candidate_comparison/immunostaining_candidates_provenance.csv"",""","OUTPUT_FILENAME","immunostaining_candidates_provenance.csv","","PROVENANCE","historical",FALSE,"MEDIUM",""
"build_immunostaining_candidates","pRoteomics","audits/phase6g_integration_lifecycle.csv","59: ""build_immunostaining_candidates"",""results/source_data/10_biological_integration/immunostaining_candidate_comparison/immunostaining_candidates_animal_abundance.","ANALYSIS_REFERENCE","build_immunostaining_candidates","","PROVENANCE","historical",FALSE,"MEDIUM",""
"build_immunostaining_candidates","pRoteomics","audits/phase6g_integration_lifecycle.csv","60: ""build_immunostaining_candidates"",""results/source_data/10_biological_integration/immunostaining_candidate_comparison/immunostaining_candidates_sus_res_effects.c","ANALYSIS_REFERENCE","build_immunostaining_candidates","","PROVENANCE","historical",FALSE,"MEDIUM",""
"build_immunostaining_candidates","pRoteomics","audits/phase6g_integration_lifecycle.csv","61: ""build_immunostaining_candidates"",""results/source_data/10_biological_integration/immunostaining_candidate_comparison/immunostaining_candidates_mapping.csv"",""res","ANALYSIS_REFERENCE","build_immunostaining_candidates","","PROVENANCE","historical",FALSE,"MEDIUM",""
"build_immunostaining_candidates","pRoteomics","audits/phase6g_integration_lifecycle.csv","62: ""build_immunostaining_candidates"",""results/source_data/10_biological_integration/immunostaining_candidate_comparison/immunostaining_candidates_provenance.csv"",""","ANALYSIS_REFERENCE","build_immunostaining_candidates","","PROVENANCE","historical",FALSE,"MEDIUM",""
"build_immunostaining_candidates","pRoteomics","audits/phase6g_integration_lifecycle.csv","59: ""build_immunostaining_candidates"",""results/source_data/10_biological_integration/immunostaining_candidate_comparison/immunostaining_candidates_animal_abundance.","ANALYSIS_REFERENCE","build_immunostaining_candidates.R","","PROVENANCE","historical",FALSE,"MEDIUM",""
"build_immunostaining_candidates","pRoteomics","audits/phase6g_integration_lifecycle.csv","60: ""build_immunostaining_candidates"",""results/source_data/10_biological_integration/immunostaining_candidate_comparison/immunostaining_candidates_sus_res_effects.c","ANALYSIS_REFERENCE","build_immunostaining_candidates.R","","PROVENANCE","historical",FALSE,"MEDIUM",""
"build_immunostaining_candidates","pRoteomics","audits/phase6g_integration_lifecycle.csv","61: ""build_immunostaining_candidates"",""results/source_data/10_biological_integration/immunostaining_candidate_comparison/immunostaining_candidates_mapping.csv"",""res","ANALYSIS_REFERENCE","build_immunostaining_candidates.R","","PROVENANCE","historical",FALSE,"MEDIUM",""
"build_immunostaining_candidates","pRoteomics","audits/phase6g_integration_lifecycle.csv","62: ""build_immunostaining_candidates"",""results/source_data/10_biological_integration/immunostaining_candidate_comparison/immunostaining_candidates_provenance.csv"",""","ANALYSIS_REFERENCE","build_immunostaining_candidates.R","","PROVENANCE","historical",FALSE,"MEDIUM",""
"build_immunostaining_candidates","pRoteomics","audits/phase6g_qc_consumer_reconciliation.csv","17: ""analysis/integration/build_immunostaining_candidates.R"",""REPOINTED"",""Present in both inventories."",FALSE","ANALYSIS_REFERENCE","build_immunostaining_candidates","","PROVENANCE","historical",FALSE,"MEDIUM",""
"build_immunostaining_candidates","pRoteomics","audits/phase6g_qc_consumer_reconciliation.csv","17: ""analysis/integration/build_immunostaining_candidates.R"",""REPOINTED"",""Present in both inventories."",FALSE","ANALYSIS_REFERENCE","build_immunostaining_candidates.R","","PROVENANCE","historical",FALSE,"MEDIUM",""
"build_immunostaining_candidates","pRoteomics","audits/phase6g_writer_namespace_audit.csv","19: ""integration"",""build_immunostaining_candidates"",""analysis/integration/build_immunostaining_candidates.R"",""results/integration/build_immunostaining_candidates/gl","FULL_PATH","results/integration/build_immunostaining_candidates/global/tables/source_data/immunostaining_candidates_animal_abundance.csv","","PROVENANCE","historical",FALSE,"HIGH",""
"build_immunostaining_candidates","pRoteomics","audits/phase6g_writer_namespace_audit.csv","19: ""integration"",""build_immunostaining_candidates"",""analysis/integration/build_immunostaining_candidates.R"",""results/integration/build_immunostaining_candidates/gl","FULL_PATH","results/integration/build_immunostaining_candidates/global/tables/source_data/immunostaining_candidates_sus_res_effects.csv","","PROVENANCE","historical",FALSE,"HIGH",""
"build_immunostaining_candidates","pRoteomics","audits/phase6g_writer_namespace_audit.csv","19: ""integration"",""build_immunostaining_candidates"",""analysis/integration/build_immunostaining_candidates.R"",""results/integration/build_immunostaining_candidates/gl","FULL_PATH","results/integration/build_immunostaining_candidates/global/tables/source_data/immunostaining_candidates_mapping.csv","","PROVENANCE","historical",FALSE,"HIGH",""
"build_immunostaining_candidates","pRoteomics","audits/phase6g_writer_namespace_audit.csv","19: ""integration"",""build_immunostaining_candidates"",""analysis/integration/build_immunostaining_candidates.R"",""results/integration/build_immunostaining_candidates/gl","OUTPUT_FILENAME","immunostaining_candidates_animal_abundance.csv","","PROVENANCE","historical",FALSE,"MEDIUM",""
"build_immunostaining_candidates","pRoteomics","audits/phase6g_writer_namespace_audit.csv","19: ""integration"",""build_immunostaining_candidates"",""analysis/integration/build_immunostaining_candidates.R"",""results/integration/build_immunostaining_candidates/gl","OUTPUT_FILENAME","immunostaining_candidates_sus_res_effects.csv","","PROVENANCE","historical",FALSE,"MEDIUM",""
"build_immunostaining_candidates","pRoteomics","audits/phase6g_writer_namespace_audit.csv","19: ""integration"",""build_immunostaining_candidates"",""analysis/integration/build_immunostaining_candidates.R"",""results/integration/build_immunostaining_candidates/gl","OUTPUT_FILENAME","immunostaining_candidates_mapping.csv","","PROVENANCE","historical",FALSE,"MEDIUM",""
"build_immunostaining_candidates","pRoteomics","audits/phase6g_writer_namespace_audit.csv","19: ""integration"",""build_immunostaining_candidates"",""analysis/integration/build_immunostaining_candidates.R"",""results/integration/build_immunostaining_candidates/gl","ANALYSIS_REFERENCE","build_immunostaining_candidates","","PROVENANCE","historical",FALSE,"MEDIUM",""
"build_immunostaining_candidates","pRoteomics","audits/phase6g_writer_namespace_audit.csv","19: ""integration"",""build_immunostaining_candidates"",""analysis/integration/build_immunostaining_candidates.R"",""results/integration/build_immunostaining_candidates/gl","ANALYSIS_REFERENCE","build_immunostaining_candidates.R","","PROVENANCE","historical",FALSE,"MEDIUM",""
"build_immunostaining_candidates","pRoteomics","audits/program_evidence/01_build_ledger.R","38: ""results"", ""tables"", ""10_biological_integration"", ""gsea_wgcna_concordance"",","NAMESPACE_BASENAME","10_biological_integration","read.csv","PROVENANCE","historical",FALSE,"HIGH",""
"build_immunostaining_candidates","pRoteomics","audits/program_evidence/02_omitted_recheck.R","28: ""results"", ""tables"", ""10_biological_integration"", ""gsea_wgcna_concordance"",","NAMESPACE_BASENAME","10_biological_integration","read.csv","PROVENANCE","historical",FALSE,"HIGH",""
"build_immunostaining_candidates","pRoteomics","audits/publication_hardening/01_manuscript_contract.R","71: ""results"", ""tables"", ""10_biological_integration"", ""gsea_wgcna_concordance"",","NAMESPACE_BASENAME","10_biological_integration","read.csv","PROVENANCE","historical",FALSE,"HIGH",""
"build_immunostaining_candidates","pRoteomics","audits/restructure_migration_map.csv","11: ""pRoteomics"",""results/tables/10_biological_integration/gsea_wgcna_concordance/global/ontology_aware_gsea_theme_assignments_all_contrasts.csv"",""32fbf6ab6a256bc10","NAMESPACE_BASENAME","10_biological_integration","","PROVENANCE","historical",FALSE,"MEDIUM",""
"build_immunostaining_candidates","pRoteomics","audits/verify_scientific_contracts.R","35: objects = ""results/tables/10_biological_integration/gsea_wgcna_concordance/global/ontology_aware_gsea_theme_assignments_all_contrasts.csv""),","NAMESPACE_BASENAME","10_biological_integration","","PROVENANCE","active",FALSE,"MEDIUM",""
"build_immunostaining_candidates","pRoteomics","audits/verify_scientific_contracts.R","40: ""results/tables/10_biological_integration/gsea_wgcna_concordance/global/ontology_aware_gsea_theme_assignments_all_contrasts.csv"",","NAMESPACE_BASENAME","10_biological_integration","","PROVENANCE","active",FALSE,"MEDIUM",""
"build_immunostaining_candidates","pRoteomics","docs/restructure_inventory.csv","104: ""10_biological_integration/build_cross_compartment_atlas.R"",""ANALYSIS_ENTRYPOINT"",""proteomics"",""ACTIVE_CANONICAL"",TRUE,FALSE,""pRoteomics"",""analysis/08_integrati","NAMESPACE_BASENAME","10_biological_integration","","PROVENANCE","historical",FALSE,"MEDIUM",""
"build_immunostaining_candidates","pRoteomics","docs/restructure_inventory.csv","105: ""10_biological_integration/summarize_programs_for_manuscript.R"",""ANALYSIS_ENTRYPOINT"",""proteomics"",""ACTIVE_CANONICAL"",TRUE,FALSE,""pRoteomics"",""analysis/08_integ","NAMESPACE_BASENAME","10_biological_integration","","PROVENANCE","historical",FALSE,"MEDIUM",""
"build_immunostaining_candidates","pRoteomics","docs/restructure_inventory.csv","106: ""10_biological_integration/build_evidence_priority_matrix.R"",""ANALYSIS_ENTRYPOINT"",""proteomics"",""ACTIVE_CANONICAL"",TRUE,FALSE,""pRoteomics"",""analysis/08_integrat","NAMESPACE_BASENAME","10_biological_integration","","PROVENANCE","historical",FALSE,"MEDIUM",""
"build_immunostaining_candidates","pRoteomics","docs/restructure_inventory.csv","107: ""10_biological_integration/render_module_circular_atlas.R"",""ANALYSIS_ENTRYPOINT"",""proteomics"",""ACTIVE_CANONICAL"",TRUE,FALSE,""pRoteomics"",""analysis/08_integratio","NAMESPACE_BASENAME","10_biological_integration","","PROVENANCE","historical",FALSE,"MEDIUM",""
"build_immunostaining_candidates","pRoteomics","docs/restructure_inventory.csv","108: ""10_biological_integration/summarize_module_cross_compartment.R"",""ANALYSIS_ENTRYPOINT"",""proteomics"",""ACTIVE_CANONICAL"",TRUE,FALSE,""pRoteomics"",""analysis/08_inte","NAMESPACE_BASENAME","10_biological_integration","","PROVENANCE","historical",FALSE,"MEDIUM",""
"build_immunostaining_candidates","pRoteomics","docs/restructure_inventory.csv","109: ""10_biological_integration/test_enrichment_module_concordance.R"",""ANALYSIS_ENTRYPOINT"",""proteomics"",""ACTIVE_CANONICAL"",TRUE,FALSE,""pRoteomics"",""analysis/08_inte","NAMESPACE_BASENAME","10_biological_integration","","PROVENANCE","historical",FALSE,"MEDIUM",""
"build_immunostaining_candidates","pRoteomics","docs/restructure_inventory.csv","110: ""10_biological_integration/export_module_protein_zoom_source_data.R"",""ANALYSIS_ENTRYPOINT"",""proteomics"",""ACTIVE_CANONICAL"",TRUE,FALSE,""pRoteomics"",""analysis/08_","NAMESPACE_BASENAME","10_biological_integration","","PROVENANCE","historical",FALSE,"MEDIUM",""
"build_immunostaining_candidates","pRoteomics","docs/restructure_inventory.csv","111: ""10_biological_integration/summarize_enrichment_module_concordance.R"",""ANALYSIS_ENTRYPOINT"",""proteomics"",""ACTIVE_CANONICAL"",TRUE,FALSE,""pRoteomics"",""analysis/08","NAMESPACE_BASENAME","10_biological_integration","","PROVENANCE","historical",FALSE,"MEDIUM",""
"build_immunostaining_candidates","pRoteomics","docs/restructure_inventory.csv","112: ""10_biological_integration/07_gsea_wgcna_concordance_correction_audit.R"",""AUDIT"",""proteomics"",""ACTIVE_SUPPORT"",TRUE,FALSE,""pRoteomics"",""audits/integration/07_gs","NAMESPACE_BASENAME","10_biological_integration","","PROVENANCE","historical",FALSE,"MEDIUM",""
"build_immunostaining_candidates","pRoteomics","docs/restructure_inventory.csv","113: ""10_biological_integration/build_candidate_protein_shortlist.R"",""ANALYSIS_ENTRYPOINT"",""proteomics"",""ACTIVE_CANONICAL"",TRUE,FALSE,""pRoteomics"",""analysis/08_integ","NAMESPACE_BASENAME","10_biological_integration","","PROVENANCE","historical",FALSE,"MEDIUM",""
"build_immunostaining_candidates","pRoteomics","docs/restructure_inventory.csv","114: ""10_biological_integration/quantify_candidate_network_position.R"",""ANALYSIS_ENTRYPOINT"",""proteomics"",""ACTIVE_CANONICAL"",TRUE,FALSE,""pRoteomics"",""analysis/08_int","NAMESPACE_BASENAME","10_biological_integration","","PROVENANCE","historical",FALSE,"MEDIUM",""
"build_immunostaining_candidates","pRoteomics","docs/restructure_inventory.csv","115: ""10_biological_integration/build_immunostaining_candidates.R"",""ANALYSIS_ENTRYPOINT"",""proteomics"",""ACTIVE_CANONICAL"",TRUE,FALSE,""pRoteomics"",""analysis/08_integra","NAMESPACE_BASENAME","10_biological_integration","","PROVENANCE","historical",FALSE,"MEDIUM",""
"build_immunostaining_candidates","pRoteomics","docs/restructure_inventory.csv","116: ""10_biological_integration/screen_immunostaining_panel.R"",""ANALYSIS_ENTRYPOINT"",""proteomics"",""ACTIVE_CANONICAL"",TRUE,FALSE,""pRoteomics"",""analysis/08_integration","NAMESPACE_BASENAME","10_biological_integration","","PROVENANCE","historical",FALSE,"MEDIUM",""
"build_immunostaining_candidates","pRoteomics","docs/restructure_inventory.csv","117: ""10_biological_integration/screen_immunostaining_separation.R"",""ANALYSIS_ENTRYPOINT"",""proteomics"",""ACTIVE_CANONICAL"",TRUE,FALSE,""pRoteomics"",""analysis/08_integr","NAMESPACE_BASENAME","10_biological_integration","","PROVENANCE","historical",FALSE,"MEDIUM",""
"build_immunostaining_candidates","pRoteomics","docs/restructure_inventory.csv","118: ""10_biological_integration/README_gsea_wgcna_concordance.md"",""DOCUMENTATION"",""proteomics"",""ACTIVE_SUPPORT"",TRUE,FALSE,""pRoteomics"",""analysis/08_integration/READ","NAMESPACE_BASENAME","10_biological_integration","","PROVENANCE","historical",FALSE,"MEDIUM",""
"build_immunostaining_candidates","pRoteomics","docs/restructure_inventory.csv","665: ""results/tables/10_biological_integration/gsea_wgcna_concordance/global/ontology_aware_gsea_theme_assignments_all_contrasts.csv"",""CANONICAL_ANALYSIS_OUTPUT"",""pr","NAMESPACE_BASENAME","10_biological_integration","","PROVENANCE","historical",FALSE,"MEDIUM",""
"build_immunostaining_candidates","pRoteomics","docs/restructure_inventory.csv","115: ""10_biological_integration/build_immunostaining_candidates.R"",""ANALYSIS_ENTRYPOINT"",""proteomics"",""ACTIVE_CANONICAL"",TRUE,FALSE,""pRoteomics"",""analysis/08_integra","ANALYSIS_REFERENCE","build_immunostaining_candidates","","PROVENANCE","historical",FALSE,"MEDIUM",""
"build_immunostaining_candidates","pRoteomics","docs/restructure_inventory.csv","115: ""10_biological_integration/build_immunostaining_candidates.R"",""ANALYSIS_ENTRYPOINT"",""proteomics"",""ACTIVE_CANONICAL"",TRUE,FALSE,""pRoteomics"",""analysis/08_integra","ANALYSIS_REFERENCE","build_immunostaining_candidates.R","","PROVENANCE","historical",FALSE,"MEDIUM",""
"build_immunostaining_candidates","pRoteomics","tools/verify_path_contract_rewrites.R","48: c(""10_biological_integration"",             ""analysis/integration""),","NAMESPACE_BASENAME","10_biological_integration","","PROVENANCE","active",FALSE,"MEDIUM",""
"build_immunostaining_candidates","pRoteomics","tests/testthat/test-integration-writer-namespace.R","22: ""build_immunostaining_candidates"",","ANALYSIS_REFERENCE","build_immunostaining_candidates","","TEST","active",FALSE,"MEDIUM",""
"build_immunostaining_candidates","pRoteomics","analysis/integration/screen_immunostaining_panel.R","47: MODULE_ID <- ""10_biological_integration""","NAMESPACE_BASENAME","10_biological_integration","write.csv","WRITER_NOT_CONSUMER","active",FALSE,"MEDIUM",""
"build_immunostaining_candidates","pRoteomics","analysis/integration/screen_immunostaining_panel.R","64: legacy_stage = ""10_biological_integration"",","NAMESPACE_BASENAME","10_biological_integration","write.csv","WRITER_NOT_CONSUMER","active",FALSE,"MEDIUM",""
"build_immunostaining_candidates","pRoteomics","analysis/integration/screen_immunostaining_panel.R","338: wgcna_shortlist_input = ""results/tables/10_biological_integration/wgcna_candidate_protein_shortlist/neuron_neuropil/wgcna_candidate_proteins_shortl","NAMESPACE_BASENAME","10_biological_integration","write.csv","WRITER_NOT_CONSUMER","active",FALSE,"MEDIUM",""
