"analysis_id","repo","consumer_file","line_or_expression","match_type","matched_token","enclosing_call","dependency_kind","active_or_historical","runtime_relevant","confidence","adjudication"
"decompose_bilateral_variance","pRoteomics","config/manuscript_spatial_order.yml","7: #   atlas vocabulary   (results/tables/11_spatial_systems/atlas/*, networks/*)","CONFIG_GLOB","11_spatial_systems","","CONFIG","active",TRUE,"HIGH",""
"decompose_bilateral_variance","pRoteomics","config/manuscript_spatial_order.yml","110: # atlas_key    = spelling in results/tables/11_spatial_systems/atlas and networks","NAMESPACE_BASENAME","11_spatial_systems","","CONFIG","active",TRUE,"MEDIUM",""
"decompose_bilateral_variance","pRoteomics","pipeline.yml","914: - ""results/spatial_validation/decompose_bilateral_variance/global/tables/bilateral_variance_decomposition.csv""","FULL_PATH","results/spatial_validation/decompose_bilateral_variance/global/tables/bilateral_variance_decomposition.csv","","CONFIG","active",TRUE,"HIGH",""
"decompose_bilateral_variance","pRoteomics","pipeline.yml","915: - ""results/spatial_validation/decompose_bilateral_variance/global/tables/bilateral_precision_gain.csv""","FULL_PATH","results/spatial_validation/decompose_bilateral_variance/global/tables/bilateral_precision_gain.csv","","CONFIG","active",TRUE,"HIGH",""
"decompose_bilateral_variance","pRoteomics","pipeline.yml","965: - ""results/spatial_validation/decompose_bilateral_variance/global/tables/bilateral_precision_gain.csv""","FULL_PATH","results/spatial_validation/decompose_bilateral_variance/global/tables/bilateral_precision_gain.csv","","CONFIG","active",TRUE,"HIGH",""
"decompose_bilateral_variance","pRoteomics","pipeline.yml","1021: - ""results/spatial_validation/decompose_bilateral_variance/global/tables/bilateral_precision_gain.csv""","FULL_PATH","results/spatial_validation/decompose_bilateral_variance/global/tables/bilateral_precision_gain.csv","","CONFIG","active",TRUE,"HIGH",""
"decompose_bilateral_variance","pRoteomics","pipeline.yml","966: - ""results/tables/11_spatial_systems/precision/bilateral_precision_gain.csv""","FULL_PATH","results/tables/11_spatial_systems/precision/bilateral_precision_gain.csv","","CONFIG","active",TRUE,"HIGH",""
"decompose_bilateral_variance","pRoteomics","pipeline.yml","1022: - ""results/tables/11_spatial_systems/precision/bilateral_precision_gain.csv""","FULL_PATH","results/tables/11_spatial_systems/precision/bilateral_precision_gain.csv","","CONFIG","active",TRUE,"HIGH",""
"decompose_bilateral_variance","pRoteomics","pipeline.yml","933: - ""results/tables/11_spatial_systems/data_contract/spatial_systems_aggregation_validation.csv""","NAMESPACE_BASENAME","11_spatial_systems","","CONFIG","active",TRUE,"MEDIUM",""
"decompose_bilateral_variance","pRoteomics","pipeline.yml","935: - ""results/tables/11_spatial_systems/bilateral/""","NAMESPACE_BASENAME","11_spatial_systems","","CONFIG","active",TRUE,"MEDIUM",""
"decompose_bilateral_variance","pRoteomics","pipeline.yml","936: - ""results/tables/11_spatial_systems/precision/""","NAMESPACE_BASENAME","11_spatial_systems","","CONFIG","active",TRUE,"MEDIUM",""
"decompose_bilateral_variance","pRoteomics","pipeline.yml","937: - ""results/tables/11_spatial_systems/celltype_annotation/""","NAMESPACE_BASENAME","11_spatial_systems","","CONFIG","active",TRUE,"MEDIUM",""
"decompose_bilateral_variance","pRoteomics","pipeline.yml","961: - ""results/tables/11_spatial_systems/celltype_annotation/WGCNA_module_external_celltype_affinity_long.csv""","NAMESPACE_BASENAME","11_spatial_systems","","CONFIG","active",TRUE,"MEDIUM",""
"decompose_bilateral_variance","pRoteomics","pipeline.yml","964: - ""results/tables/11_spatial_systems/bilateral/WGCNA_module_bilateral_reproducibility.csv""","NAMESPACE_BASENAME","11_spatial_systems","","CONFIG","active",TRUE,"MEDIUM",""
"decompose_bilateral_variance","pRoteomics","pipeline.yml","966: - ""results/tables/11_spatial_systems/precision/bilateral_precision_gain.csv""","NAMESPACE_BASENAME","11_spatial_systems","","CONFIG","active",TRUE,"MEDIUM",""
"decompose_bilateral_variance","pRoteomics","pipeline.yml","984: - ""results/tables/11_spatial_systems/bilateral/bilateral_spatial_identity_protein_level.csv""","NAMESPACE_BASENAME","11_spatial_systems","","CONFIG","active",TRUE,"MEDIUM",""
"decompose_bilateral_variance","pRoteomics","pipeline.yml","1015: - ""results/tables/11_spatial_systems/atlas/WGCNA_module_spatial_cell_affinity.csv""","NAMESPACE_BASENAME","11_spatial_systems","","CONFIG","active",TRUE,"MEDIUM",""
"decompose_bilateral_variance","pRoteomics","pipeline.yml","1017: - ""results/tables/11_spatial_systems/atlas/protein_spatial_cell_affinity.csv""","NAMESPACE_BASENAME","11_spatial_systems","","CONFIG","active",TRUE,"MEDIUM",""
"decompose_bilateral_variance","pRoteomics","pipeline.yml","1020: - ""results/tables/11_spatial_systems/atlas/neuropil_spatial_detection_context.csv""","NAMESPACE_BASENAME","11_spatial_systems","","CONFIG","active",TRUE,"MEDIUM",""
"decompose_bilateral_variance","pRoteomics","pipeline.yml","1022: - ""results/tables/11_spatial_systems/precision/bilateral_precision_gain.csv""","NAMESPACE_BASENAME","11_spatial_systems","","CONFIG","active",TRUE,"MEDIUM",""
"decompose_bilateral_variance","pRoteomics","pipeline.yml","1059: - ""results/tables/11_spatial_systems/data_contract/spatial_systems_hemisphere_inventory.csv""","NAMESPACE_BASENAME","11_spatial_systems","","CONFIG","active",TRUE,"MEDIUM",""
"decompose_bilateral_variance","pRoteomics","pipeline.yml","1083: - ""results/tables/11_spatial_systems/networks/animal_network_objects.rds""","NAMESPACE_BASENAME","11_spatial_systems","","CONFIG","active",TRUE,"MEDIUM",""
"decompose_bilateral_variance","pRoteomics","pipeline.yml","1085: - ""results/tables/11_spatial_systems/networks/animal_network_edges.csv""","NAMESPACE_BASENAME","11_spatial_systems","","CONFIG","active",TRUE,"MEDIUM",""
"decompose_bilateral_variance","pRoteomics","pipeline.yml","1088: - ""results/tables/11_spatial_systems/atlas/WGCNA_module_spatial_cell_affinity.csv""","NAMESPACE_BASENAME","11_spatial_systems","","CONFIG","active",TRUE,"MEDIUM",""
"decompose_bilateral_variance","pRoteomics","pipeline.yml","1090: - ""results/tables/11_spatial_systems/atlas/WGCNA_module_spatial_fingerprints_raw.csv""","NAMESPACE_BASENAME","11_spatial_systems","","CONFIG","active",TRUE,"MEDIUM",""
"decompose_bilateral_variance","pRoteomics","pipeline.yml","1092: - ""results/tables/11_spatial_systems/atlas/protein_spatial_cell_affinity.csv""","NAMESPACE_BASENAME","11_spatial_systems","","CONFIG","active",TRUE,"MEDIUM",""
"decompose_bilateral_variance","pRoteomics","pipeline.yml","1109: - ""results/tables/11_spatial_systems/networks/animal_network_edges.csv""","NAMESPACE_BASENAME","11_spatial_systems","","CONFIG","active",TRUE,"MEDIUM",""
"decompose_bilateral_variance","pRoteomics","pipeline.yml","1111: - ""results/tables/11_spatial_systems/networks/network_edge_group_differences.csv""","NAMESPACE_BASENAME","11_spatial_systems","","CONFIG","active",TRUE,"MEDIUM",""
"decompose_bilateral_variance","pRoteomics","pipeline.yml","1115: - ""results/tables/11_spatial_systems/atlas/WGCNA_module_network_context.csv""","NAMESPACE_BASENAME","11_spatial_systems","","CONFIG","active",TRUE,"MEDIUM",""
"decompose_bilateral_variance","pRoteomics","pipeline.yml","1117: - ""results/tables/11_spatial_systems/networks/spatial_node_network_integration.csv""","NAMESPACE_BASENAME","11_spatial_systems","","CONFIG","active",TRUE,"MEDIUM",""
"decompose_bilateral_variance","pRoteomics","pipeline.yml","1142: - ""results/tables/11_spatial_systems/atlas/protein_spatial_cell_affinity.csv""","NAMESPACE_BASENAME","11_spatial_systems","","CONFIG","active",TRUE,"MEDIUM",""
"decompose_bilateral_variance","pRoteomics","pipeline.yml","1161: - ""results/tables/11_spatial_systems/atlas/protein_spatial_cell_affinity.csv""","NAMESPACE_BASENAME","11_spatial_systems","","CONFIG","active",TRUE,"MEDIUM",""
"decompose_bilateral_variance","pRoteomics","pipeline.yml","1163: - ""results/tables/11_spatial_systems/ca2_slm_robustness/CA2_SLM_DAP_robustness.csv""","NAMESPACE_BASENAME","11_spatial_systems","","CONFIG","active",TRUE,"MEDIUM",""
"decompose_bilateral_variance","pRoteomics","pipeline.yml","1183: - ""results/tables/11_spatial_systems/ca2_slm_robustness/CA2_SLM_DAP_robustness.csv""","NAMESPACE_BASENAME","11_spatial_systems","","CONFIG","active",TRUE,"MEDIUM",""
"decompose_bilateral_variance","pRoteomics","pipeline.yml","1186: - ""results/tables/11_spatial_systems/ca2_slm_robustness/""","NAMESPACE_BASENAME","11_spatial_systems","","CONFIG","active",TRUE,"MEDIUM",""
"decompose_bilateral_variance","pRoteomics","pipeline.yml","1357: consumes_required: [""data/processed/02_id_mapping/mapped/neuron_neuropil/forward/per_file/"", ""data/processed/01_preprocessing/protigy_input_animal_level","REGISTRY_DEPENDENCY","11_spatial_systems","","CONFIG","active",TRUE,"HIGH",""
"decompose_bilateral_variance","pRoteomics","pipeline.yml","915: - ""results/spatial_validation/decompose_bilateral_variance/global/tables/bilateral_precision_gain.csv""","NAMESPACE_BASENAME","precision","","CONFIG","active",TRUE,"MEDIUM",""
"decompose_bilateral_variance","pRoteomics","pipeline.yml","936: - ""results/tables/11_spatial_systems/precision/""","NAMESPACE_BASENAME","precision","","CONFIG","active",TRUE,"MEDIUM",""
"decompose_bilateral_variance","pRoteomics","pipeline.yml","965: - ""results/spatial_validation/decompose_bilateral_variance/global/tables/bilateral_precision_gain.csv""","NAMESPACE_BASENAME","precision","","CONFIG","active",TRUE,"MEDIUM",""
"decompose_bilateral_variance","pRoteomics","pipeline.yml","966: - ""results/tables/11_spatial_systems/precision/bilateral_precision_gain.csv""","NAMESPACE_BASENAME","precision","","CONFIG","active",TRUE,"MEDIUM",""
"decompose_bilateral_variance","pRoteomics","pipeline.yml","1021: - ""results/spatial_validation/decompose_bilateral_variance/global/tables/bilateral_precision_gain.csv""","NAMESPACE_BASENAME","precision","","CONFIG","active",TRUE,"MEDIUM",""
"decompose_bilateral_variance","pRoteomics","pipeline.yml","1022: - ""results/tables/11_spatial_systems/precision/bilateral_precision_gain.csv""","NAMESPACE_BASENAME","precision","","CONFIG","active",TRUE,"MEDIUM",""
"decompose_bilateral_variance","pRoteomics","pipeline.yml","1026: - script: ""analysis/spatial_validation/quantify_neuropil_precision.R""","NAMESPACE_BASENAME","precision","","CONFIG","active",TRUE,"MEDIUM",""
"decompose_bilateral_variance","pRoteomics","pipeline.yml","1032: - ""results/spatial_validation/quantify_neuropil_precision/global/tables/neuropil_spatial_precision_context.csv""","NAMESPACE_BASENAME","precision","","CONFIG","active",TRUE,"MEDIUM",""
"decompose_bilateral_variance","pRoteomics","pipeline.yml","1033: - ""results/spatial_validation/quantify_neuropil_precision/global/tables/ca2_slm_imputation_artifact_test.csv""","NAMESPACE_BASENAME","precision","","CONFIG","active",TRUE,"MEDIUM",""
"decompose_bilateral_variance","pRoteomics","pipeline.yml","1041: notes: ""Final power audit of the CA2-SLM hit concentration. Model SE is RECOVERED as |log2FC|/|t| from the published statistics, never refitted. Result:","NAMESPACE_BASENAME","precision","","CONFIG","active",TRUE,"MEDIUM",""
"decompose_bilateral_variance","pRoteomics","analysis/differential_abundance/audit_stress_response_biology.R","78: ""mapped ProteinGroupID rows do not fully reconstruct the upstream adjustment family/precision; canonical padj remains authoritative and is not recalculated""","NAMESPACE_BASENAME","precision","","DOWNSTREAM_ANALYSIS","active",TRUE,"MEDIUM",""
"decompose_bilateral_variance","pRoteomics","analysis/integration/audit_animal_id_integrity.R","315: artifact = ""canonical differential abundance / 11_spatial_systems atlas / network layer"",","NAMESPACE_BASENAME","11_spatial_systems","","DOWNSTREAM_ANALYSIS","active",TRUE,"MEDIUM",""
"decompose_bilateral_variance","pRoteomics","analysis/integration/summarize_enrichment_module_concordance.R","876: ""broad_CI_or_weak_precision"", ""other""","NAMESPACE_BASENAME","precision","","DOWNSTREAM_ANALYSIS","active",TRUE,"MEDIUM",""
"decompose_bilateral_variance","pRoteomics","analysis/spatial_validation/build_module_spatial_atlas.R","68: precision  = spatial_systems_find(""bilateral_precision_gain.csv"", ""precision""),","NAMESPACE_BASENAME","precision","","DOWNSTREAM_ANALYSIS","active",TRUE,"MEDIUM",""
"decompose_bilateral_variance","pRoteomics","analysis/spatial_validation/build_module_spatial_atlas.R","261: prec <- read_opt(P$precision)","NAMESPACE_BASENAME","precision","","DOWNSTREAM_ANALYSIS","active",TRUE,"MEDIUM",""
"decompose_bilateral_variance","pRoteomics","analysis/spatial_validation/build_module_spatial_atlas.R","279: precision_assumption_status = ""assumption_status"")","NAMESPACE_BASENAME","precision","","DOWNSTREAM_ANALYSIS","active",TRUE,"MEDIUM",""
"decompose_bilateral_variance","pRoteomics","analysis/spatial_validation/quantify_neuropil_detection_context.R","99: median_precision_proxy_SE = stats::median(","NAMESPACE_BASENAME","precision","","DOWNSTREAM_ANALYSIS","active",TRUE,"MEDIUM",""
"decompose_bilateral_variance","pRoteomics","analysis/spatial_validation/quantify_neuropil_detection_context.R","155: ctx$precision_proxy_note <- ""SE proxy = |log2FC| / qnorm(1 - p/2), derived from published statistics for cross-unit comparison only""","NAMESPACE_BASENAME","precision","","DOWNSTREAM_ANALYSIS","active",TRUE,"MEDIUM",""
"decompose_bilateral_variance","pRoteomics","analysis/spatial_validation/summarize_ca2_slm_robustness.R","383: if (!any(grepl(""11_spatial_systems/1[345]_"", git_changed))) ""PASS"" else ""FAIL"",","NAMESPACE_BASENAME","11_spatial_systems","grepl","DOWNSTREAM_ANALYSIS","active",TRUE,"MEDIUM",""
"decompose_bilateral_variance","pRoteomics","analysis/spatial_validation/summarize_spatial_atlas.R","51: PR <- function(f) spatial_systems_find(f, ""precision"")","HELPER_FUNCTION","precision","","DOWNSTREAM_ANALYSIS","active",TRUE,"MEDIUM",""
"decompose_bilateral_variance","pRoteomics","analysis/spatial_validation/summarize_spatial_atlas.R","83: Precision               = rd(PR(""bilateral_precision_gain.csv"")),","NAMESPACE_BASENAME","precision","","DOWNSTREAM_ANALYSIS","active",TRUE,"MEDIUM",""
"decompose_bilateral_variance","pRoteomics","analysis/spatial_validation/validate_spatial_foundations.R","140: vc <- read_if(T_(""precision"", ""bilateral_variance_decomposition.csv""))","NAMESPACE_BASENAME","precision","","DOWNSTREAM_ANALYSIS","active",TRUE,"MEDIUM",""
"decompose_bilateral_variance","pRoteomics","analysis/spatial_validation/validate_spatial_foundations.R","141: pg <- read_if(T_(""precision"", ""bilateral_precision_gain.csv""))","NAMESPACE_BASENAME","precision","","DOWNSTREAM_ANALYSIS","active",TRUE,"MEDIUM",""
"decompose_bilateral_variance","pRoteomics","audits/spatial/spatial_v6_baseline_profile.R","147: ATL <- repo_path(""results"", ""tables"", ""11_spatial_systems"", ""atlas"",","NAMESPACE_BASENAME","11_spatial_systems","repo_path","INDIRECT_READER_VIA_HELPER","active",TRUE,"HIGH",""
"decompose_bilateral_variance","pRoteomics","R/data_contracts/spatial_systems_endpoint_utils.R","233: sps_precision_gain <- function(vc) {","HELPER_FUNCTION","precision","","INDIRECT_READER_VIA_HELPER","active",TRUE,"MEDIUM",""
"decompose_bilateral_variance","pRoteomics","R/data_contracts/spatial_systems_evidence_registry.R","114: ""11_spatial_systems (future pass)"",","NAMESPACE_BASENAME","11_spatial_systems","","INDIRECT_READER_VIA_HELPER","active",TRUE,"MEDIUM",""
"decompose_bilateral_variance","pRoteomics","R/enrichment/gsea_wgcna_concordance_diagnostic_utils.R","141: broad_CI_or_weak_precision_flag =","NAMESPACE_BASENAME","precision","","INDIRECT_READER_VIA_HELPER","active",TRUE,"MEDIUM",""
"decompose_bilateral_variance","pRoteomics","R/enrichment/gsea_wgcna_concordance_diagnostic_utils.R","147: !.data$broad_CI_or_weak_precision_flag,","NAMESPACE_BASENAME","precision","","INDIRECT_READER_VIA_HELPER","active",TRUE,"MEDIUM",""
"decompose_bilateral_variance","pRoteomics","R/enrichment/gsea_wgcna_concordance_diagnostic_utils.R","151: .data$broad_CI_or_weak_precision_flag ~","NAMESPACE_BASENAME","precision","","INDIRECT_READER_VIA_HELPER","active",TRUE,"MEDIUM",""
"decompose_bilateral_variance","pRoteomics","R/enrichment/gsea_wgcna_concordance_diagnostic_utils.R","152: ""broad_CI_or_weak_precision"",","NAMESPACE_BASENAME","precision","","INDIRECT_READER_VIA_HELPER","active",TRUE,"MEDIUM",""
"decompose_bilateral_variance","pRoteomics","R/enrichment/gsea_wgcna_concordance_diagnostic_utils.R","206: broad_CI_or_weak_precision_flag,","NAMESPACE_BASENAME","precision","","INDIRECT_READER_VIA_HELPER","active",TRUE,"MEDIUM",""
"decompose_bilateral_variance","pRoteomics","R/qc/compartment_abundance_utils.R","575: precision_interpretation = ""descriptive_only_marker_classes_have_unequal_protein_counts""","NAMESPACE_BASENAME","precision","","INDIRECT_READER_VIA_HELPER","active",TRUE,"MEDIUM",""
"decompose_bilateral_variance","pRoteomics","tests/testthat/test-animal-spatial-networks.R","322: a <- path_results(""tables"", ""11_spatial_systems"", ""atlas"",","TEST_FRAGMENT","11_spatial_systems","path_results","TEST","active",TRUE,"HIGH",""
"decompose_bilateral_variance","pRoteomics","tests/testthat/test-animal-spatial-networks.R","310: testthat::test_that(""the CA2-SLM precision audit records the revised conclusion"", {","TEST_FRAGMENT","precision","","TEST","active",TRUE,"MEDIUM",""
"decompose_bilateral_variance","pRoteomics","tests/testthat/test-animal-spatial-networks.R","311: p <- spatial_systems_find(""neuropil_spatial_precision_context.csv"", ""atlas"")","TEST_FRAGMENT","precision","","TEST","active",TRUE,"MEDIUM",""
"decompose_bilateral_variance","pRoteomics","tests/testthat/test-animal-spatial-networks.R","312: testthat::skip_if_not(file.exists(p), ""precision audit not generated"")","TEST_FRAGMENT","precision","","TEST","active",TRUE,"MEDIUM",""
"decompose_bilateral_variance","pRoteomics","tests/testthat/test-compartment-abundance-utils.R","185: testthat::test_that(""marker scoring deduplicates proteins, excludes conflicts, and reports precision counts"", {","TEST_FRAGMENT","precision","","TEST","active",TRUE,"MEDIUM",""
"decompose_bilateral_variance","pRoteomics","tests/testthat/test-compartment-abundance-utils.R","202: testthat::expect_true(all(grepl(""unequal_protein_counts"", soma$precision_interpretation)))","TEST_FRAGMENT","precision","","TEST","active",TRUE,"MEDIUM",""
"decompose_bilateral_variance","pRoteomics","tests/testthat/test-ewce-contract-utils.R","162: p <- path_results(""tables"", ""11_spatial_systems"", ""celltype_annotation"",","TEST_FRAGMENT","11_spatial_systems","path_results","TEST","active",TRUE,"HIGH",""
"decompose_bilateral_variance","pRoteomics","tests/testthat/test-spatial-cell-atlas.R","336: d <- path_results(""figures"", ""11_spatial_systems"", ""atlas"")","TEST_FRAGMENT","11_spatial_systems","path_results","TEST","active",TRUE,"HIGH",""
"decompose_bilateral_variance","pRoteomics","tests/testthat/test-spatial-systems-foundations.R","379: sps_out <- function(...) path_results(""tables"", ""11_spatial_systems"", ...)","HELPER_FUNCTION","11_spatial_systems","path_results","TEST","active",TRUE,"HIGH",""
"decompose_bilateral_variance","pRoteomics","tests/testthat/test-spatial-systems-foundations.R","277: pg <- sps_precision_gain(vc)","TEST_FRAGMENT","precision","","TEST","active",TRUE,"MEDIUM",""
"decompose_bilateral_variance","pRoteomics","tests/testthat/test-writer-audit-vocabulary.R","156: ""summarize_spatial_atlas"", ""quantify_neuropil_precision"",","TEST_FRAGMENT","precision","","TEST","active",TRUE,"MEDIUM",""
"decompose_bilateral_variance","pRoteomics","pipeline.yml","908: - script: ""analysis/spatial_validation/decompose_bilateral_variance.R""","ANALYSIS_REFERENCE","decompose_bilateral_variance","","CONFIG","active",FALSE,"MEDIUM",""
"decompose_bilateral_variance","pRoteomics","pipeline.yml","914: - ""results/spatial_validation/decompose_bilateral_variance/global/tables/bilateral_variance_decomposition.csv""","ANALYSIS_REFERENCE","decompose_bilateral_variance","","CONFIG","active",FALSE,"MEDIUM",""
"decompose_bilateral_variance","pRoteomics","pipeline.yml","915: - ""results/spatial_validation/decompose_bilateral_variance/global/tables/bilateral_precision_gain.csv""","ANALYSIS_REFERENCE","decompose_bilateral_variance","","CONFIG","active",FALSE,"MEDIUM",""
"decompose_bilateral_variance","pRoteomics","pipeline.yml","965: - ""results/spatial_validation/decompose_bilateral_variance/global/tables/bilateral_precision_gain.csv""","ANALYSIS_REFERENCE","decompose_bilateral_variance","","CONFIG","active",FALSE,"MEDIUM",""
"decompose_bilateral_variance","pRoteomics","pipeline.yml","1021: - ""results/spatial_validation/decompose_bilateral_variance/global/tables/bilateral_precision_gain.csv""","ANALYSIS_REFERENCE","decompose_bilateral_variance","","CONFIG","active",FALSE,"MEDIUM",""
"decompose_bilateral_variance","pRoteomics","pipeline.yml","908: - script: ""analysis/spatial_validation/decompose_bilateral_variance.R""","ANALYSIS_REFERENCE","decompose_bilateral_variance.R","","CONFIG","active",FALSE,"MEDIUM",""
"decompose_bilateral_variance","pRoteomics","analysis/integration/screen_immunostaining_panel.R","7: #   results/tables/11_spatial_systems/ca2_slm_robustness/CA2_SLM_DAP_robustness.csv;","DOCUMENTATION_ONLY","11_spatial_systems","write.csv","DOCUMENTATION","active",FALSE,"N/A",""
"decompose_bilateral_variance","pRoteomics","analysis/spatial_validation/annotate_module_celltypes.R","47: # 11_spatial_systems stage directory. Outputs already written there stay","DOCUMENTATION_ONLY","11_spatial_systems","","DOCUMENTATION","active",FALSE,"N/A",""
"decompose_bilateral_variance","pRoteomics","analysis/spatial_validation/audit_ca2_slm_robustness.R","52: # Consumes: required data/processed/02_id_mapping/mapped/neuron_neuropil/forward/per_file/CA2slmsus_CA2slmres.csv; data/raw/pg_matrix/quicksearch.pg_matrix.tsv;","DOCUMENTATION_ONLY","11_spatial_systems","","DOCUMENTATION","active",FALSE,"N/A",""
"decompose_bilateral_variance","pRoteomics","analysis/spatial_validation/audit_ca2_slm_robustness.R","68: # 11_spatial_systems stage directory. Outputs already written there stay","DOCUMENTATION_ONLY","11_spatial_systems","","DOCUMENTATION","active",FALSE,"N/A",""
"decompose_bilateral_variance","pRoteomics","analysis/spatial_validation/audit_stress_identity_robustness.R","30: # Consumes: required results/spatial_validation/build_protein_spatial_atlas/global/tables/protein_spatial_cell_affinity.csv; results/tables/11_spatial_systems/a","DOCUMENTATION_ONLY","11_spatial_systems","","DOCUMENTATION","active",FALSE,"N/A",""
"decompose_bilateral_variance","pRoteomics","analysis/spatial_validation/audit_stress_identity_robustness.R","46: # 11_spatial_systems stage directory. Outputs already written there stay","DOCUMENTATION_ONLY","11_spatial_systems","","DOCUMENTATION","active",FALSE,"N/A",""
"decompose_bilateral_variance","pRoteomics","analysis/spatial_validation/build_animal_spatial_networks.R","24: # Consumes: required data/processed/01_preprocessing/06_merged_metadata_module_score/<dataset>/sample_metadata_merged_clean_for_module_scores.xlsx; optional res","DOCUMENTATION_ONLY","11_spatial_systems","","DOCUMENTATION","active",FALSE,"N/A",""
"decompose_bilateral_variance","pRoteomics","analysis/spatial_validation/build_animal_spatial_networks.R","43: # 11_spatial_systems stage directory. Outputs already written there stay","DOCUMENTATION_ONLY","11_spatial_systems","","DOCUMENTATION","active",FALSE,"N/A",""
"decompose_bilateral_variance","pRoteomics","analysis/spatial_validation/build_module_spatial_atlas.R","25: # Consumes: required results/tables/06_modules_WGCNA/group_effects/<dataset>/WGCNA_group_effect_hemisphere_values.csv; results/tables/06_modules_WGCNA/01_WGCNA/","DOCUMENTATION_ONLY","results/spatial_validation/decompose_bilateral_variance/global/tables/bilateral_precision_gain.csv","","DOCUMENTATION","active",FALSE,"N/A",""
"decompose_bilateral_variance","pRoteomics","analysis/spatial_validation/build_module_spatial_atlas.R","25: # Consumes: required results/tables/06_modules_WGCNA/group_effects/<dataset>/WGCNA_group_effect_hemisphere_values.csv; results/tables/06_modules_WGCNA/01_WGCNA/","DOCUMENTATION_ONLY","11_spatial_systems","","DOCUMENTATION","active",FALSE,"N/A",""
"decompose_bilateral_variance","pRoteomics","analysis/spatial_validation/build_module_spatial_atlas.R","41: # 11_spatial_systems stage directory. Outputs already written there stay","DOCUMENTATION_ONLY","11_spatial_systems","","DOCUMENTATION","active",FALSE,"N/A",""
"decompose_bilateral_variance","pRoteomics","analysis/spatial_validation/build_module_spatial_atlas.R","25: # Consumes: required results/tables/06_modules_WGCNA/group_effects/<dataset>/WGCNA_group_effect_hemisphere_values.csv; results/tables/06_modules_WGCNA/01_WGCNA/","DOCUMENTATION_ONLY","precision","","DOCUMENTATION","active",FALSE,"N/A",""
"decompose_bilateral_variance","pRoteomics","analysis/spatial_validation/build_module_spatial_atlas.R","25: # Consumes: required results/tables/06_modules_WGCNA/group_effects/<dataset>/WGCNA_group_effect_hemisphere_values.csv; results/tables/06_modules_WGCNA/01_WGCNA/","DOCUMENTATION_ONLY","decompose_bilateral_variance","","DOCUMENTATION","active",FALSE,"N/A",""
"decompose_bilateral_variance","pRoteomics","analysis/spatial_validation/build_protein_spatial_atlas.R","20: # Consumes: required results/tables/10_biological_integration/wgcna_candidate_protein_shortlist/global/wgcna_candidate_proteins_all.csv; optional results/spatia","DOCUMENTATION_ONLY","11_spatial_systems","","DOCUMENTATION","active",FALSE,"N/A",""
"decompose_bilateral_variance","pRoteomics","analysis/spatial_validation/build_protein_spatial_atlas.R","38: # 11_spatial_systems stage directory. Outputs already written there stay","DOCUMENTATION_ONLY","11_spatial_systems","","DOCUMENTATION","active",FALSE,"N/A",""
"decompose_bilateral_variance","pRoteomics","analysis/spatial_validation/build_spatial_data_contract.R","44: # 11_spatial_systems stage directory. Outputs already written there stay","DOCUMENTATION_ONLY","11_spatial_systems","","DOCUMENTATION","active",FALSE,"N/A",""
"decompose_bilateral_variance","pRoteomics","analysis/spatial_validation/quantify_bilateral_spatial_identity.R","46: # 11_spatial_systems stage directory. Outputs already written there stay","DOCUMENTATION_ONLY","11_spatial_systems","","DOCUMENTATION","active",FALSE,"N/A",""
"decompose_bilateral_variance","pRoteomics","analysis/spatial_validation/quantify_empirical_compartments.R","48: # 11_spatial_systems stage directory. Outputs already written there stay","DOCUMENTATION_ONLY","11_spatial_systems","","DOCUMENTATION","active",FALSE,"N/A",""
"decompose_bilateral_variance","pRoteomics","analysis/spatial_validation/quantify_module_bilateral_identity.R","42: # 11_spatial_systems stage directory. Outputs already written there stay","DOCUMENTATION_ONLY","11_spatial_systems","","DOCUMENTATION","active",FALSE,"N/A",""
"decompose_bilateral_variance","pRoteomics","analysis/spatial_validation/quantify_neuropil_detection_context.R","42: # 11_spatial_systems stage directory. Outputs already written there stay","DOCUMENTATION_ONLY","11_spatial_systems","","DOCUMENTATION","active",FALSE,"N/A",""
"decompose_bilateral_variance","pRoteomics","analysis/spatial_validation/quantify_neuropil_detection_context.R","96: # A precision proxy derived from PUBLISHED statistics only: for a two-sided","DOCUMENTATION_ONLY","precision","","DOCUMENTATION","active",FALSE,"N/A",""
"decompose_bilateral_variance","pRoteomics","analysis/spatial_validation/quantify_neuropil_precision.R","45: # 11_spatial_systems stage directory. Outputs already written there stay","DOCUMENTATION_ONLY","11_spatial_systems","","DOCUMENTATION","active",FALSE,"N/A",""
"decompose_bilateral_variance","pRoteomics","analysis/spatial_validation/quantify_neuropil_precision.R","24: #   Rscript analysis/spatial_validation/quantify_neuropil_precision.R","DOCUMENTATION_ONLY","precision","write_csv_safe","DOCUMENTATION","active",FALSE,"N/A",""
"decompose_bilateral_variance","pRoteomics","analysis/spatial_validation/quantify_neuropil_precision.R","25: # Script: analysis/spatial_validation/quantify_neuropil_precision.R","DOCUMENTATION_ONLY","precision","write_csv_safe","DOCUMENTATION","active",FALSE,"N/A",""
"decompose_bilateral_variance","pRoteomics","analysis/spatial_validation/quantify_neuropil_precision.R","29: # Produces: results/spatial_validation/quantify_neuropil_precision/global/tables/neuropil_spatial_precision_context.csv; results/spatial_validation/quantify_neu","DOCUMENTATION_ONLY","precision","write_csv_safe","DOCUMENTATION","active",FALSE,"N/A",""
"decompose_bilateral_variance","pRoteomics","analysis/spatial_validation/quantify_neuropil_precision.R","31: # Notes: Neuropil spatial precision context: the final CA2-SLM power audit.","DOCUMENTATION_ONLY","precision","write_csv_safe","DOCUMENTATION","active",FALSE,"N/A",""
"decompose_bilateral_variance","pRoteomics","analysis/spatial_validation/summarize_ca2_slm_robustness.R","15: # Consumes: required results/spatial_validation/audit_ca2_slm_robustness/global/tables/CA2_SLM_DAP_robustness.csv; results/tables/11_spatial_systems/ca2_slm_rob","DOCUMENTATION_ONLY","11_spatial_systems","grepl","DOCUMENTATION","active",FALSE,"N/A",""
"decompose_bilateral_variance","pRoteomics","analysis/spatial_validation/summarize_ca2_slm_robustness.R","32: # 11_spatial_systems stage directory. Outputs already written there stay","DOCUMENTATION_ONLY","11_spatial_systems","grepl","DOCUMENTATION","active",FALSE,"N/A",""
"decompose_bilateral_variance","pRoteomics","analysis/spatial_validation/summarize_spatial_atlas.R","17: # Consumes: required results/spatial_validation/build_module_spatial_atlas/global/tables/WGCNA_module_spatial_cell_affinity.csv; results/tables/11_spatial_syste","DOCUMENTATION_ONLY","results/spatial_validation/decompose_bilateral_variance/global/tables/bilateral_precision_gain.csv","","DOCUMENTATION","active",FALSE,"N/A",""
"decompose_bilateral_variance","pRoteomics","analysis/spatial_validation/summarize_spatial_atlas.R","17: # Consumes: required results/spatial_validation/build_module_spatial_atlas/global/tables/WGCNA_module_spatial_cell_affinity.csv; results/tables/11_spatial_syste","DOCUMENTATION_ONLY","11_spatial_systems","","DOCUMENTATION","active",FALSE,"N/A",""
"decompose_bilateral_variance","pRoteomics","analysis/spatial_validation/summarize_spatial_atlas.R","33: # 11_spatial_systems stage directory. Outputs already written there stay","DOCUMENTATION_ONLY","11_spatial_systems","","DOCUMENTATION","active",FALSE,"N/A",""
"decompose_bilateral_variance","pRoteomics","analysis/spatial_validation/summarize_spatial_atlas.R","17: # Consumes: required results/spatial_validation/build_module_spatial_atlas/global/tables/WGCNA_module_spatial_cell_affinity.csv; results/tables/11_spatial_syste","DOCUMENTATION_ONLY","precision","","DOCUMENTATION","active",FALSE,"N/A",""
"decompose_bilateral_variance","pRoteomics","analysis/spatial_validation/summarize_spatial_atlas.R","17: # Consumes: required results/spatial_validation/build_module_spatial_atlas/global/tables/WGCNA_module_spatial_cell_affinity.csv; results/tables/11_spatial_syste","DOCUMENTATION_ONLY","decompose_bilateral_variance","","DOCUMENTATION","active",FALSE,"N/A",""
"decompose_bilateral_variance","pRoteomics","analysis/spatial_validation/test_network_group_organization.R","23: # Consumes: required results/spatial_validation/build_animal_spatial_networks/global/models/animal_network_objects.rds; results/tables/11_spatial_systems/networ","DOCUMENTATION_ONLY","11_spatial_systems","","DOCUMENTATION","active",FALSE,"N/A",""
"decompose_bilateral_variance","pRoteomics","analysis/spatial_validation/test_network_group_organization.R","39: # 11_spatial_systems stage directory. Outputs already written there stay","DOCUMENTATION_ONLY","11_spatial_systems","","DOCUMENTATION","active",FALSE,"N/A",""
"decompose_bilateral_variance","pRoteomics","analysis/spatial_validation/validate_network_workbook.R","14: # Consumes: required results/spatial_validation/build_animal_spatial_networks/global/tables/animal_network_edges.csv; results/tables/11_spatial_systems/networks","DOCUMENTATION_ONLY","11_spatial_systems","","DOCUMENTATION","active",FALSE,"N/A",""
"decompose_bilateral_variance","pRoteomics","analysis/spatial_validation/validate_network_workbook.R","30: # 11_spatial_systems stage directory. Outputs already written there stay","DOCUMENTATION_ONLY","11_spatial_systems","","DOCUMENTATION","active",FALSE,"N/A",""
"decompose_bilateral_variance","pRoteomics","analysis/spatial_validation/validate_spatial_foundations.R","13: # Consumes: required results/spatial_validation/build_spatial_data_contract/global/tables/spatial_systems_aggregation_validation.csv; results/tables/11_spatial_","DOCUMENTATION_ONLY","11_spatial_systems","","DOCUMENTATION","active",FALSE,"N/A",""
"decompose_bilateral_variance","pRoteomics","analysis/spatial_validation/validate_spatial_foundations.R","31: # 11_spatial_systems stage directory. Outputs already written there stay","DOCUMENTATION_ONLY","11_spatial_systems","","DOCUMENTATION","active",FALSE,"N/A",""
"decompose_bilateral_variance","pRoteomics","analysis/spatial_validation/validate_spatial_foundations.R","13: # Consumes: required results/spatial_validation/build_spatial_data_contract/global/tables/spatial_systems_aggregation_validation.csv; results/tables/11_spatial_","DOCUMENTATION_ONLY","precision","","DOCUMENTATION","active",FALSE,"N/A",""
"decompose_bilateral_variance","pRoteomics","audits/part29/wgcna_registry_final_review.R","19: #  E4 spatial+extern results/tables/11_spatial_systems/atlas/","DOCUMENTATION_ONLY","11_spatial_systems","","DOCUMENTATION","historical",FALSE,"N/A",""
"decompose_bilateral_variance","pRoteomics","audits/part29/wgcna_registry_final_review.R","21: #  E5 EWCE long      results/tables/11_spatial_systems/celltype_annotation/","DOCUMENTATION_ONLY","11_spatial_systems","","DOCUMENTATION","historical",FALSE,"N/A",""
"decompose_bilateral_variance","pRoteomics","audits/publication_hardening/08_ph002_delta_audit.R","63: # Value-level signature for TIER A only. Fixed precision, so a reformatted","DOCUMENTATION_ONLY","precision","","DOCUMENTATION","historical",FALSE,"N/A",""
"decompose_bilateral_variance","pRoteomics","audits/spatial/spatial_v6_baseline_profile.R","8: # results/tables/11_spatial_systems/atlas/protein_baseline_spatial_profile.csv","DOCUMENTATION_ONLY","11_spatial_systems","repo_path","DOCUMENTATION","active",FALSE,"HIGH",""
"decompose_bilateral_variance","pRoteomics","audits/spatial/spatial_v6_baseline_profile.R","10: # 11_spatial_systems/build_protein_spatial_atlas.R sets its scope at","DOCUMENTATION_ONLY","11_spatial_systems","repo_path","DOCUMENTATION","active",FALSE,"HIGH",""
"decompose_bilateral_variance","pRoteomics","docs/ANALYSIS_ENTRYPOINTS.md","111: - `analysis/spatial_validation/quantify_neuropil_precision.R` - stage `networks`, scope `global`","NAMESPACE_BASENAME","precision","","DOCUMENTATION","active",FALSE,"MEDIUM",""
"decompose_bilateral_variance","pRoteomics","docs/ANALYSIS_ENTRYPOINTS.md","105: - `analysis/spatial_validation/decompose_bilateral_variance.R` - stage `networks`, scope `per_dataset`","ANALYSIS_REFERENCE","decompose_bilateral_variance","","DOCUMENTATION","active",FALSE,"MEDIUM",""
"decompose_bilateral_variance","pRoteomics","docs/ANALYSIS_ENTRYPOINTS.md","105: - `analysis/spatial_validation/decompose_bilateral_variance.R` - stage `networks`, scope `per_dataset`","ANALYSIS_REFERENCE","decompose_bilateral_variance.R","","DOCUMENTATION","active",FALSE,"MEDIUM",""
"decompose_bilateral_variance","pRoteomics","docs/MANUSCRIPT_STATISTICAL_CONTRACT.md","185: | bilateral precision | intraclass correlation (ICC) | reliability significance | ED1 b |","NAMESPACE_BASENAME","precision","","DOCUMENTATION","active",FALSE,"MEDIUM",""
"decompose_bilateral_variance","pRoteomics","docs/refactor_backlog.md","77: should remain broad enough to avoid false precision from regex-only mapping.","NAMESPACE_BASENAME","precision","","DOCUMENTATION","active",FALSE,"MEDIUM",""
"decompose_bilateral_variance","pRoteomics","docs/RESULTS_OWNERSHIP.md","160: | `results/spatial_validation/quantify_neuropil_precision/global` | `quantify_neuropil_precision.R` | 1 | 2 |","NAMESPACE_BASENAME","precision","","DOCUMENTATION","active",FALSE,"MEDIUM",""
"decompose_bilateral_variance","pRoteomics","docs/RESULTS_OWNERSHIP.md","155: | `results/spatial_validation/decompose_bilateral_variance/global` | `decompose_bilateral_variance.R` | 1 | 2 |","ANALYSIS_REFERENCE","decompose_bilateral_variance","","DOCUMENTATION","active",FALSE,"MEDIUM",""
"decompose_bilateral_variance","pRoteomics","docs/RESULTS_OWNERSHIP.md","155: | `results/spatial_validation/decompose_bilateral_variance/global` | `decompose_bilateral_variance.R` | 1 | 2 |","ANALYSIS_REFERENCE","decompose_bilateral_variance.R","","DOCUMENTATION","active",FALSE,"MEDIUM",""
"decompose_bilateral_variance","pRoteomics","docs/SPATIAL_SYSTEMS_FOUNDATIONS.md","157: | `11_spatial_systems/data_contract/spatial_systems_hemisphere_inventory.csv` | everything side-resolved |","NAMESPACE_BASENAME","11_spatial_systems","","DOCUMENTATION","active",FALSE,"MEDIUM",""
"decompose_bilateral_variance","pRoteomics","docs/SPATIAL_SYSTEMS_FOUNDATIONS.md","163: | `precision/bilateral_*.csv` | whether bilateral averaging may be claimed to improve precision |","NAMESPACE_BASENAME","precision","","DOCUMENTATION","active",FALSE,"MEDIUM",""
"decompose_bilateral_variance","pRoteomics","R/data_contracts/spatial_systems_endpoint_utils.R","232: # Reliability and expected precision gain, reported ONLY where the guards pass.","DOCUMENTATION_ONLY","precision","","DOCUMENTATION","active",FALSE,"N/A",""
"decompose_bilateral_variance","pRoteomics","R/statistics/stress_response_biological_audit_utils.R","15: # when three serialized contrasts are combined; 2e-9 is an export-precision QC","DOCUMENTATION_ONLY","precision","","DOCUMENTATION","active",FALSE,"N/A",""
"decompose_bilateral_variance","pRoteomics","tests/testthat/test-animal-spatial-networks.R","316: # variance per protein; precision cannot explain the concentration","DOCUMENTATION_ONLY","precision","","DOCUMENTATION","active",FALSE,"N/A",""
"decompose_bilateral_variance","pRoteomics","tests/testthat/test-writer-audit-vocabulary.R","9: #     path_results(""tables"", ""11_spatial_systems"", ...). The legacy path was","DOCUMENTATION_ONLY","11_spatial_systems","","DOCUMENTATION","active",FALSE,"N/A",""
"decompose_bilateral_variance","pRoteomics","tools/audit_writer_namespaces.R","59: # path_results(""tables"", ""11_spatial_systems"", ...). The path construction was","DOCUMENTATION_ONLY","11_spatial_systems","","DOCUMENTATION","active",FALSE,"N/A",""
"decompose_bilateral_variance","pRoteomics","tools/enumerate_output_consumers.R","318: ## results/tables/11_spatial_systems/atlas/... and then resolves each one","DOCUMENTATION_ONLY","11_spatial_systems","","DOCUMENTATION","active",FALSE,"N/A",""
"decompose_bilateral_variance","pRoteomics","config/legacy_output_registry.csv","41: ""results/tables/11_spatial_systems"",""LEGACY_READ_ONLY"",""manuscript rendering layer moved to Exp9_manuscript in Phase 6C; artefacts frozen"",11,153,33294888,"""",0,","NAMESPACE_BASENAME","11_spatial_systems","","GENERATED_RECORD","active",FALSE,"MEDIUM",""
"decompose_bilateral_variance","pRoteomics","config/legacy_output_registry.csv","54: ""results/figures/11_spatial_systems"",""LEGACY_READ_ONLY"",""no registered writer declares output here"",0,22,1413095,"""",0,""this path""","NAMESPACE_BASENAME","11_spatial_systems","","GENERATED_RECORD","active",FALSE,"MEDIUM",""
"decompose_bilateral_variance","pRoteomics","config/legacy_output_registry.csv","32: ""results/spatial_validation"",""ACTIVE_NOT_LEGACY"",""active: a registered writer still declares output here"",0,0,0,""build_spatial_data_contract.R | quantify_bilate","NAMESPACE_BASENAME","precision","","GENERATED_RECORD","active",FALSE,"MEDIUM",""
"decompose_bilateral_variance","pRoteomics","config/legacy_output_registry.csv","32: ""results/spatial_validation"",""ACTIVE_NOT_LEGACY"",""active: a registered writer still declares output here"",0,0,0,""build_spatial_data_contract.R | quantify_bilate","ANALYSIS_REFERENCE","decompose_bilateral_variance","","GENERATED_RECORD","active",FALSE,"MEDIUM",""
"decompose_bilateral_variance","pRoteomics","config/legacy_output_registry.csv","32: ""results/spatial_validation"",""ACTIVE_NOT_LEGACY"",""active: a registered writer still declares output here"",0,0,0,""build_spatial_data_contract.R | quantify_bilate","ANALYSIS_REFERENCE","decompose_bilateral_variance.R","","GENERATED_RECORD","active",FALSE,"MEDIUM",""
"decompose_bilateral_variance","pRoteomics","config/results_ownership.csv","135: ""results/spatial_validation/decompose_bilateral_variance/global"",""results/spatial_validation/decompose_bilateral_variance"",""analysis/spatial_validation/decompos","FULL_PATH","results/spatial_validation/decompose_bilateral_variance/global/tables/bilateral_variance_decomposition.csv","","GENERATED_RECORD","active",FALSE,"HIGH",""
"decompose_bilateral_variance","pRoteomics","config/results_ownership.csv","135: ""results/spatial_validation/decompose_bilateral_variance/global"",""results/spatial_validation/decompose_bilateral_variance"",""analysis/spatial_validation/decompos","FULL_PATH","results/spatial_validation/decompose_bilateral_variance/global/tables/bilateral_precision_gain.csv","","GENERATED_RECORD","active",FALSE,"HIGH",""
"decompose_bilateral_variance","pRoteomics","config/results_ownership.csv","135: ""results/spatial_validation/decompose_bilateral_variance/global"",""results/spatial_validation/decompose_bilateral_variance"",""analysis/spatial_validation/decompos","NAMESPACE_BASENAME","precision","","GENERATED_RECORD","active",FALSE,"MEDIUM",""
"decompose_bilateral_variance","pRoteomics","config/results_ownership.csv","140: ""results/spatial_validation/quantify_neuropil_precision/global"",""results/spatial_validation/quantify_neuropil_precision"",""analysis/spatial_validation/quantify_n","NAMESPACE_BASENAME","precision","","GENERATED_RECORD","active",FALSE,"MEDIUM",""
"decompose_bilateral_variance","pRoteomics","config/results_ownership.csv","135: ""results/spatial_validation/decompose_bilateral_variance/global"",""results/spatial_validation/decompose_bilateral_variance"",""analysis/spatial_validation/decompos","ANALYSIS_REFERENCE","decompose_bilateral_variance","","GENERATED_RECORD","active",FALSE,"MEDIUM",""
"decompose_bilateral_variance","pRoteomics","config/results_ownership.csv","135: ""results/spatial_validation/decompose_bilateral_variance/global"",""results/spatial_validation/decompose_bilateral_variance"",""analysis/spatial_validation/decompos","ANALYSIS_REFERENCE","decompose_bilateral_variance.R","","GENERATED_RECORD","active",FALSE,"MEDIUM",""
"decompose_bilateral_variance","pRoteomics","docs/active_script_io_audit.tsv","69: analysis/spatial_validation/decompose_bilateral_variance.R	active_optional	required: results/tables/06_modules_WGCNA/group_effects/<dataset>/WGCNA_group_effect_","FULL_PATH","results/tables/11_spatial_systems/precision/bilateral_variance_decomposition.csv","","GENERATED_RECORD","active",FALSE,"HIGH",""
"decompose_bilateral_variance","pRoteomics","docs/active_script_io_audit.tsv","69: analysis/spatial_validation/decompose_bilateral_variance.R	active_optional	required: results/tables/06_modules_WGCNA/group_effects/<dataset>/WGCNA_group_effect_","FULL_PATH","results/tables/11_spatial_systems/precision/bilateral_precision_gain.csv","","GENERATED_RECORD","active",FALSE,"HIGH",""
"decompose_bilateral_variance","pRoteomics","docs/active_script_io_audit.tsv","71: analysis/spatial_validation/build_module_spatial_atlas.R	active_optional	required: results/tables/06_modules_WGCNA/group_effects/<dataset>/WGCNA_group_effect_he","FULL_PATH","results/tables/11_spatial_systems/precision/bilateral_precision_gain.csv","","GENERATED_RECORD","active",FALSE,"HIGH",""
"decompose_bilateral_variance","pRoteomics","docs/active_script_io_audit.tsv","74: analysis/spatial_validation/summarize_spatial_atlas.R	active_optional	required: results/tables/11_spatial_systems/atlas/WGCNA_module_spatial_cell_affinity.csv|r","FULL_PATH","results/tables/11_spatial_systems/precision/bilateral_precision_gain.csv","","GENERATED_RECORD","active",FALSE,"HIGH",""
"decompose_bilateral_variance","pRoteomics","docs/active_script_io_audit.tsv","64: analysis/spatial_validation/build_spatial_data_contract.R	active_optional	required: data/processed/01_preprocessing/06_merged_metadata_module_score/<dataset>/sa","NAMESPACE_BASENAME","11_spatial_systems","","GENERATED_RECORD","active",FALSE,"MEDIUM",""
"decompose_bilateral_variance","pRoteomics","docs/active_script_io_audit.tsv","65: analysis/spatial_validation/quantify_bilateral_spatial_identity.R	active_optional	required: data/processed/01_preprocessing/06_merged_metadata_module_score/<dat","NAMESPACE_BASENAME","11_spatial_systems","","GENERATED_RECORD","active",FALSE,"MEDIUM",""
"decompose_bilateral_variance","pRoteomics","docs/active_script_io_audit.tsv","66: analysis/spatial_validation/quantify_empirical_compartments.R	active_optional	required: results/tables/03_qc_exploration/05_empirical_roi_marker_discovery/empir","NAMESPACE_BASENAME","11_spatial_systems","","GENERATED_RECORD","active",FALSE,"MEDIUM",""
"decompose_bilateral_variance","pRoteomics","docs/active_script_io_audit.tsv","67: analysis/spatial_validation/quantify_module_bilateral_identity.R	active_optional	required: results/tables/06_modules_WGCNA/group_effects/<dataset>/WGCNA_group_e","NAMESPACE_BASENAME","11_spatial_systems","","GENERATED_RECORD","active",FALSE,"MEDIUM",""
"decompose_bilateral_variance","pRoteomics","docs/active_script_io_audit.tsv","68: analysis/spatial_validation/annotate_module_celltypes.R	active_optional	required: results/tables/06_modules_WGCNA/01_WGCNA/<dataset>/modules/WGCNA_modules_long.","NAMESPACE_BASENAME","11_spatial_systems","","GENERATED_RECORD","active",FALSE,"MEDIUM",""
"decompose_bilateral_variance","pRoteomics","docs/active_script_io_audit.tsv","69: analysis/spatial_validation/decompose_bilateral_variance.R	active_optional	required: results/tables/06_modules_WGCNA/group_effects/<dataset>/WGCNA_group_effect_","NAMESPACE_BASENAME","11_spatial_systems","","GENERATED_RECORD","active",FALSE,"MEDIUM",""
"decompose_bilateral_variance","pRoteomics","docs/active_script_io_audit.tsv","70: analysis/spatial_validation/validate_spatial_foundations.R	active_optional	required: results/tables/11_spatial_systems/data_contract/spatial_systems_aggregation","NAMESPACE_BASENAME","11_spatial_systems","","GENERATED_RECORD","active",FALSE,"MEDIUM",""
"decompose_bilateral_variance","pRoteomics","docs/active_script_io_audit.tsv","71: analysis/spatial_validation/build_module_spatial_atlas.R	active_optional	required: results/tables/06_modules_WGCNA/group_effects/<dataset>/WGCNA_group_effect_he","NAMESPACE_BASENAME","11_spatial_systems","","GENERATED_RECORD","active",FALSE,"MEDIUM",""
"decompose_bilateral_variance","pRoteomics","docs/active_script_io_audit.tsv","72: analysis/spatial_validation/build_protein_spatial_atlas.R	active_optional	required: results/tables/10_biological_integration/wgcna_candidate_protein_shortlist/g","NAMESPACE_BASENAME","11_spatial_systems","","GENERATED_RECORD","active",FALSE,"MEDIUM",""
"decompose_bilateral_variance","pRoteomics","docs/active_script_io_audit.tsv","73: analysis/spatial_validation/quantify_neuropil_detection_context.R	active_optional	required: results/tables/04_differential_expression_enrichment/sus_res_spatial","NAMESPACE_BASENAME","11_spatial_systems","","GENERATED_RECORD","active",FALSE,"MEDIUM",""
"decompose_bilateral_variance","pRoteomics","docs/active_script_io_audit.tsv","74: analysis/spatial_validation/summarize_spatial_atlas.R	active_optional	required: results/tables/11_spatial_systems/atlas/WGCNA_module_spatial_cell_affinity.csv|r","NAMESPACE_BASENAME","11_spatial_systems","","GENERATED_RECORD","active",FALSE,"MEDIUM",""
"decompose_bilateral_variance","pRoteomics","docs/active_script_io_audit.tsv","75: analysis/spatial_validation/quantify_neuropil_precision.R	active_optional	required: data/processed/02_id_mapping_animal_level/mapped/neuron_neuropil/forward/per","NAMESPACE_BASENAME","11_spatial_systems","","GENERATED_RECORD","active",FALSE,"MEDIUM",""
"decompose_bilateral_variance","pRoteomics","docs/active_script_io_audit.tsv","76: analysis/spatial_validation/build_animal_spatial_networks.R	active_optional	required: data/processed/01_preprocessing/06_merged_metadata_module_score/<dataset>/","NAMESPACE_BASENAME","11_spatial_systems","","GENERATED_RECORD","active",FALSE,"MEDIUM",""
"decompose_bilateral_variance","pRoteomics","docs/active_script_io_audit.tsv","77: analysis/spatial_validation/test_network_group_organization.R	active_optional	required: results/tables/11_spatial_systems/networks/animal_network_objects.rds|re","NAMESPACE_BASENAME","11_spatial_systems","","GENERATED_RECORD","active",FALSE,"MEDIUM",""
"decompose_bilateral_variance","pRoteomics","docs/active_script_io_audit.tsv","78: analysis/spatial_validation/validate_network_workbook.R	active_optional	required: results/tables/11_spatial_systems/networks/animal_network_edges.csv|results/ta","NAMESPACE_BASENAME","11_spatial_systems","","GENERATED_RECORD","active",FALSE,"MEDIUM",""
"decompose_bilateral_variance","pRoteomics","docs/active_script_io_audit.tsv","79: analysis/spatial_validation/audit_ca2_slm_robustness.R	active_optional	required: data/processed/02_id_mapping/mapped/neuron_neuropil/forward/per_file/CA2slmsus_","NAMESPACE_BASENAME","11_spatial_systems","","GENERATED_RECORD","active",FALSE,"MEDIUM",""
"decompose_bilateral_variance","pRoteomics","docs/active_script_io_audit.tsv","80: analysis/spatial_validation/audit_stress_identity_robustness.R	active_optional	required: results/tables/11_spatial_systems/atlas/protein_spatial_cell_affinity.c","NAMESPACE_BASENAME","11_spatial_systems","","GENERATED_RECORD","active",FALSE,"MEDIUM",""
"decompose_bilateral_variance","pRoteomics","docs/active_script_io_audit.tsv","81: analysis/spatial_validation/summarize_ca2_slm_robustness.R	active_optional	required: results/tables/11_spatial_systems/ca2_slm_robustness/CA2_SLM_DAP_robustness","NAMESPACE_BASENAME","11_spatial_systems","","GENERATED_RECORD","active",FALSE,"MEDIUM",""
"decompose_bilateral_variance","pRoteomics","docs/active_script_io_audit.tsv","95: analysis/integration/screen_immunostaining_panel.R	active_optional	required: data/processed/02_id_mapping/mapped/neuron_neuropil/forward/per_file/|data/processe","NAMESPACE_BASENAME","11_spatial_systems","","GENERATED_RECORD","active",FALSE,"MEDIUM",""
"decompose_bilateral_variance","pRoteomics","docs/active_script_io_audit.tsv","69: analysis/spatial_validation/decompose_bilateral_variance.R	active_optional	required: results/tables/06_modules_WGCNA/group_effects/<dataset>/WGCNA_group_effect_","NAMESPACE_BASENAME","precision","","GENERATED_RECORD","active",FALSE,"MEDIUM",""
"decompose_bilateral_variance","pRoteomics","docs/active_script_io_audit.tsv","70: analysis/spatial_validation/validate_spatial_foundations.R	active_optional	required: results/tables/11_spatial_systems/data_contract/spatial_systems_aggregation","NAMESPACE_BASENAME","precision","","GENERATED_RECORD","active",FALSE,"MEDIUM",""
"decompose_bilateral_variance","pRoteomics","docs/active_script_io_audit.tsv","71: analysis/spatial_validation/build_module_spatial_atlas.R	active_optional	required: results/tables/06_modules_WGCNA/group_effects/<dataset>/WGCNA_group_effect_he","NAMESPACE_BASENAME","precision","","GENERATED_RECORD","active",FALSE,"MEDIUM",""
"decompose_bilateral_variance","pRoteomics","docs/active_script_io_audit.tsv","74: analysis/spatial_validation/summarize_spatial_atlas.R	active_optional	required: results/tables/11_spatial_systems/atlas/WGCNA_module_spatial_cell_affinity.csv|r","NAMESPACE_BASENAME","precision","","GENERATED_RECORD","active",FALSE,"MEDIUM",""
"decompose_bilateral_variance","pRoteomics","docs/active_script_io_audit.tsv","75: analysis/spatial_validation/quantify_neuropil_precision.R	active_optional	required: data/processed/02_id_mapping_animal_level/mapped/neuron_neuropil/forward/per","NAMESPACE_BASENAME","precision","","GENERATED_RECORD","active",FALSE,"MEDIUM",""
"decompose_bilateral_variance","pRoteomics","docs/active_script_io_audit.tsv","69: analysis/spatial_validation/decompose_bilateral_variance.R	active_optional	required: results/tables/06_modules_WGCNA/group_effects/<dataset>/WGCNA_group_effect_","ANALYSIS_REFERENCE","decompose_bilateral_variance","","GENERATED_RECORD","active",FALSE,"MEDIUM",""
"decompose_bilateral_variance","pRoteomics","docs/active_script_io_audit.tsv","69: analysis/spatial_validation/decompose_bilateral_variance.R	active_optional	required: results/tables/06_modules_WGCNA/group_effects/<dataset>/WGCNA_group_effect_","ANALYSIS_REFERENCE","decompose_bilateral_variance.R","","GENERATED_RECORD","active",FALSE,"MEDIUM",""
"decompose_bilateral_variance","pRoteomics","audits/migration/generate_prerestructure_freeze.R","104: for (f in c(""results/tables/11_spatial_systems/atlas/protein_spatial_cell_affinity.csv"",","NAMESPACE_BASENAME","11_spatial_systems","","PROVENANCE","historical",FALSE,"MEDIUM",""
"decompose_bilateral_variance","pRoteomics","audits/migration/generate_prerestructure_freeze.R","106: ""results/tables/11_spatial_systems/bilateral/bilateral_spatial_identity_summary.csv"",","NAMESPACE_BASENAME","11_spatial_systems","","PROVENANCE","historical",FALSE,"MEDIUM",""
"decompose_bilateral_variance","pRoteomics","audits/part29/bh_family_and_fgsea_floor_audit.R","26: OUT_EPS <- file.path(OUT_DIR, ""gsea_numerical_precision_audit.csv"")","NAMESPACE_BASENAME","precision","file.path","PROVENANCE","historical",FALSE,"HIGH",""
"decompose_bilateral_variance","pRoteomics","audits/part29/bh_family_and_fgsea_floor_audit.R","371: message(""[7/7] assembling the displayed-term numerical-precision audit"")","NAMESPACE_BASENAME","precision","file.path","PROVENANCE","historical",FALSE,"HIGH",""
"decompose_bilateral_variance","pRoteomics","audits/part29/wgcna_registry_final_review.R","91: aff <- rd(""results"", ""tables"", ""11_spatial_systems"", ""atlas"",","NAMESPACE_BASENAME","11_spatial_systems","","PROVENANCE","historical",FALSE,"MEDIUM",""
"decompose_bilateral_variance","pRoteomics","audits/part29/wgcna_registry_final_review.R","96: ewce <- rd(""results"", ""tables"", ""11_spatial_systems"", ""celltype_annotation"",","NAMESPACE_BASENAME","11_spatial_systems","","PROVENANCE","historical",FALSE,"MEDIUM",""
"decompose_bilateral_variance","pRoteomics","audits/part29/wgcna_registry_final_review.R","440: EWP <- ""results/tables/11_spatial_systems/celltype_annotation/WGCNA_module_external_celltype_affinity_long.csv""","NAMESPACE_BASENAME","11_spatial_systems","","PROVENANCE","historical",FALSE,"MEDIUM",""
"decompose_bilateral_variance","pRoteomics","audits/part29/wgcna_registry_final_review.R","442: AFP <- ""results/tables/11_spatial_systems/atlas/WGCNA_module_spatial_cell_affinity.csv""","NAMESPACE_BASENAME","11_spatial_systems","","PROVENANCE","historical",FALSE,"MEDIUM",""
"decompose_bilateral_variance","pRoteomics","audits/phase6e_active_code_inventory.csv","100: ""analysis/03_spatial_validation/11_spatial_systems_atlas_workbook.R"",""11_spatial_systems_atlas_workbook.R"",""ANALYSIS_ENTRYPOINT"",""03_spatial_validation"",TRUE,9,","NAMESPACE_BASENAME","11_spatial_systems","","PROVENANCE","historical",FALSE,"MEDIUM",""
"decompose_bilateral_variance","pRoteomics","audits/phase6e_active_code_inventory.csv","101: ""analysis/03_spatial_validation/12_neuropil_spatial_precision_context.R"",""12_neuropil_spatial_precision_context.R"",""ANALYSIS_ENTRYPOINT"",""03_spatial_validation""","NAMESPACE_BASENAME","precision","","PROVENANCE","historical",FALSE,"MEDIUM",""
"decompose_bilateral_variance","pRoteomics","audits/phase6e_final_active_tree.csv","190: ""analysis/spatial_validation/quantify_neuropil_precision.R"",""quantify_neuropil_precision.R"",""spatial_validation"",""ANALYSIS_ENTRYPOINT"",""CANONICAL_ENTRYPOINT"",TR","NAMESPACE_BASENAME","precision","","PROVENANCE","historical",FALSE,"MEDIUM",""
"decompose_bilateral_variance","pRoteomics","audits/phase6e_final_active_tree.csv","185: ""analysis/spatial_validation/decompose_bilateral_variance.R"",""decompose_bilateral_variance.R"",""spatial_validation"",""ANALYSIS_ENTRYPOINT"",""CANONICAL_ENTRYPOINT"",","ANALYSIS_REFERENCE","decompose_bilateral_variance","","PROVENANCE","historical",FALSE,"MEDIUM",""
"decompose_bilateral_variance","pRoteomics","audits/phase6e_final_active_tree.csv","185: ""analysis/spatial_validation/decompose_bilateral_variance.R"",""decompose_bilateral_variance.R"",""spatial_validation"",""ANALYSIS_ENTRYPOINT"",""CANONICAL_ENTRYPOINT"",","ANALYSIS_REFERENCE","decompose_bilateral_variance.R","","PROVENANCE","historical",FALSE,"MEDIUM",""
"decompose_bilateral_variance","pRoteomics","audits/phase6e_naming_migration.csv","36: ""analysis/03_spatial_validation/11_spatial_systems_atlas_workbook.R"",""analysis/03_spatial_validation/summarize_spatial_atlas.R"",""ANALYSIS_ENTRYPOINT"",""HISTORICA","NAMESPACE_BASENAME","11_spatial_systems","","PROVENANCE","historical",FALSE,"MEDIUM",""
"decompose_bilateral_variance","pRoteomics","audits/phase6e_naming_migration.csv","34: ""analysis/03_spatial_validation/12_neuropil_spatial_precision_context.R"",""analysis/03_spatial_validation/quantify_neuropil_precision.R"",""ANALYSIS_ENTRYPOINT"",""H","NAMESPACE_BASENAME","precision","","PROVENANCE","historical",FALSE,"MEDIUM",""
"decompose_bilateral_variance","pRoteomics","audits/phase6e_naming_migration.csv","29: ""analysis/03_spatial_validation/06_bilateral_variance_decomposition.R"",""analysis/03_spatial_validation/decompose_bilateral_variance.R"",""ANALYSIS_ENTRYPOINT"",""HI","ANALYSIS_REFERENCE","decompose_bilateral_variance","","PROVENANCE","historical",FALSE,"MEDIUM",""
"decompose_bilateral_variance","pRoteomics","audits/phase6e_naming_migration.csv","29: ""analysis/03_spatial_validation/06_bilateral_variance_decomposition.R"",""analysis/03_spatial_validation/decompose_bilateral_variance.R"",""ANALYSIS_ENTRYPOINT"",""HI","ANALYSIS_REFERENCE","decompose_bilateral_variance.R","","PROVENANCE","historical",FALSE,"MEDIUM",""
"decompose_bilateral_variance","pRoteomics","audits/phase6f_output_inventory.csv","148: ""analysis/03_spatial_validation/decompose_bilateral_variance.R"",""results/tables/11_spatial_systems/precision/bilateral_variance_decomposition.csv"",""tables"",""CAN","FULL_PATH","results/tables/11_spatial_systems/precision/bilateral_variance_decomposition.csv","","PROVENANCE","historical",FALSE,"HIGH",""
"decompose_bilateral_variance","pRoteomics","audits/phase6f_output_inventory.csv","420: ""analysis/03_spatial_validation/decompose_bilateral_variance.R"",""results/tables/11_spatial_systems/precision/bilateral_precision_gain.csv"",""tables"",""PUBLICATION","FULL_PATH","results/tables/11_spatial_systems/precision/bilateral_precision_gain.csv","","PROVENANCE","historical",FALSE,"HIGH",""
"decompose_bilateral_variance","pRoteomics","audits/phase6f_output_inventory.csv","148: ""analysis/03_spatial_validation/decompose_bilateral_variance.R"",""results/tables/11_spatial_systems/precision/bilateral_variance_decomposition.csv"",""tables"",""CAN","FULL_PATH","results/spatial_validation/decompose_bilateral_variance/<dataset>/tables/bilateral_variance_decomposition.csv","","PROVENANCE","historical",FALSE,"HIGH",""
"decompose_bilateral_variance","pRoteomics","audits/phase6f_output_inventory.csv","420: ""analysis/03_spatial_validation/decompose_bilateral_variance.R"",""results/tables/11_spatial_systems/precision/bilateral_precision_gain.csv"",""tables"",""PUBLICATION","FULL_PATH","results/spatial_validation/decompose_bilateral_variance/<dataset>/tables/bilateral_precision_gain.csv","","PROVENANCE","historical",FALSE,"HIGH",""
"decompose_bilateral_variance","pRoteomics","audits/phase6f_output_inventory.csv","97: ""analysis/03_spatial_validation/quantify_neuropil_precision.R"",""results/tables/11_spatial_systems/atlas/ca2_slm_imputation_artifact_test.csv"",""tables"",""CANONICA","NAMESPACE_BASENAME","11_spatial_systems","","PROVENANCE","historical",FALSE,"MEDIUM",""
"decompose_bilateral_variance","pRoteomics","audits/phase6f_output_inventory.csv","98: ""analysis/03_spatial_validation/quantify_neuropil_detection_context.R"",""results/tables/11_spatial_systems/atlas/neuropil_spatial_detection_context.csv"",""tables""","NAMESPACE_BASENAME","11_spatial_systems","","PROVENANCE","historical",FALSE,"MEDIUM",""
"decompose_bilateral_variance","pRoteomics","audits/phase6f_output_inventory.csv","99: ""analysis/03_spatial_validation/quantify_neuropil_precision.R"",""results/tables/11_spatial_systems/atlas/neuropil_spatial_precision_context.csv"",""tables"",""CANONI","NAMESPACE_BASENAME","11_spatial_systems","","PROVENANCE","historical",FALSE,"MEDIUM",""
"decompose_bilateral_variance","pRoteomics","audits/phase6f_output_inventory.csv","100: ""analysis/03_spatial_validation/build_protein_spatial_atlas.R"",""results/tables/11_spatial_systems/atlas/protein_baseline_spatial_profile.csv"",""tables"",""CANONICA","NAMESPACE_BASENAME","11_spatial_systems","","PROVENANCE","historical",FALSE,"MEDIUM",""
"decompose_bilateral_variance","pRoteomics","audits/phase6f_output_inventory.csv","101: ""analysis/03_spatial_validation/audit_stress_identity_robustness.R"",""results/tables/11_spatial_systems/atlas/protein_claimability_annotation.csv"",""tables"",""CANO","NAMESPACE_BASENAME","11_spatial_systems","","PROVENANCE","historical",FALSE,"MEDIUM",""
"decompose_bilateral_variance","pRoteomics","audits/phase6f_output_inventory.csv","102: ""analysis/03_spatial_validation/test_network_group_organization.R"",""results/tables/11_spatial_systems/atlas/protein_network_context.csv"",""tables"",""CANONICAL_RES","NAMESPACE_BASENAME","11_spatial_systems","","PROVENANCE","historical",FALSE,"MEDIUM",""
"decompose_bilateral_variance","pRoteomics","audits/phase6f_output_inventory.csv","103: ""analysis/03_spatial_validation/build_module_spatial_atlas.R"",""results/tables/11_spatial_systems/atlas/WGCNA_label_spatial_cell_context_audit.csv"",""tables"",""CAN","NAMESPACE_BASENAME","11_spatial_systems","","PROVENANCE","historical",FALSE,"MEDIUM",""
"decompose_bilateral_variance","pRoteomics","audits/phase6f_output_inventory.csv","104: ""analysis/03_spatial_validation/build_module_spatial_atlas.R"",""results/tables/11_spatial_systems/atlas/WGCNA_module_baseline_spatial_profile_long.csv"",""tables"",","NAMESPACE_BASENAME","11_spatial_systems","","PROVENANCE","historical",FALSE,"MEDIUM",""
"decompose_bilateral_variance","pRoteomics","audits/phase6f_output_inventory.csv","105: ""analysis/03_spatial_validation/build_module_spatial_atlas.R"",""results/tables/11_spatial_systems/atlas/WGCNA_module_empirical_compartment_affinity_long.csv"",""ta","NAMESPACE_BASENAME","11_spatial_systems","","PROVENANCE","historical",FALSE,"MEDIUM",""
"decompose_bilateral_variance","pRoteomics","audits/phase6f_output_inventory.csv","106: ""analysis/03_spatial_validation/test_network_group_organization.R"",""results/tables/11_spatial_systems/atlas/WGCNA_module_network_context.csv"",""tables"",""CANONICA","NAMESPACE_BASENAME","11_spatial_systems","","PROVENANCE","historical",FALSE,"MEDIUM",""
"decompose_bilateral_variance","pRoteomics","audits/phase6f_output_inventory.csv","107: ""analysis/03_spatial_validation/build_module_spatial_atlas.R"",""results/tables/11_spatial_systems/atlas/WGCNA_module_reference_marker_affinity_long.csv"",""tables""","NAMESPACE_BASENAME","11_spatial_systems","","PROVENANCE","historical",FALSE,"MEDIUM",""
"decompose_bilateral_variance","pRoteomics","audits/phase6f_output_inventory.csv","108: ""analysis/03_spatial_validation/build_module_spatial_atlas.R"",""results/tables/11_spatial_systems/atlas/WGCNA_module_spatial_fingerprints_raw.csv"",""tables"",""CANO","NAMESPACE_BASENAME","11_spatial_systems","","PROVENANCE","historical",FALSE,"MEDIUM",""
"decompose_bilateral_variance","pRoteomics","audits/phase6f_output_inventory.csv","109: ""analysis/03_spatial_validation/build_module_spatial_atlas.R"",""results/tables/11_spatial_systems/atlas/WGCNA_module_spatial_fingerprints_z.csv"",""tables"",""CANONI","NAMESPACE_BASENAME","11_spatial_systems","","PROVENANCE","historical",FALSE,"MEDIUM",""
"decompose_bilateral_variance","pRoteomics","audits/phase6f_output_inventory.csv","110: ""analysis/03_spatial_validation/build_module_spatial_atlas.R"",""results/tables/11_spatial_systems/atlas/WGCNA_module_spatial_similarity.csv"",""tables"",""CANONICAL_","NAMESPACE_BASENAME","11_spatial_systems","","PROVENANCE","historical",FALSE,"MEDIUM",""
"decompose_bilateral_variance","pRoteomics","audits/phase6f_output_inventory.csv","111: ""analysis/03_spatial_validation/build_module_spatial_atlas.R"",""results/tables/11_spatial_systems/atlas/WGCNA_supermodule_spatial_cell_context.csv"",""tables"",""CAN","NAMESPACE_BASENAME","11_spatial_systems","","PROVENANCE","historical",FALSE,"MEDIUM",""
"decompose_bilateral_variance","pRoteomics","audits/phase6f_output_inventory.csv","112: ""analysis/03_spatial_validation/build_module_spatial_atlas.R"",""results/tables/11_spatial_systems/atlas/WGCNA_supermodule_spatial_coherence.csv"",""tables"",""CANONI","NAMESPACE_BASENAME","11_spatial_systems","","PROVENANCE","historical",FALSE,"MEDIUM",""
"decompose_bilateral_variance","pRoteomics","audits/phase6f_output_inventory.csv","113: ""analysis/03_spatial_validation/quantify_empirical_compartments.R"",""results/tables/11_spatial_systems/bilateral/bilateral_empirical_compartment_protein_level.cs","NAMESPACE_BASENAME","11_spatial_systems","","PROVENANCE","historical",FALSE,"MEDIUM",""
"decompose_bilateral_variance","pRoteomics","audits/phase6f_output_inventory.csv","114: ""analysis/03_spatial_validation/quantify_empirical_compartments.R"",""results/tables/11_spatial_systems/bilateral/bilateral_empirical_compartment_summary.csv"",""ta","NAMESPACE_BASENAME","11_spatial_systems","","PROVENANCE","historical",FALSE,"MEDIUM",""
"decompose_bilateral_variance","pRoteomics","audits/phase6f_output_inventory.csv","115: ""analysis/03_spatial_validation/quantify_empirical_compartments.R"",""results/tables/11_spatial_systems/bilateral/bilateral_empirical_marker_transfer.csv"",""tables","NAMESPACE_BASENAME","11_spatial_systems","","PROVENANCE","historical",FALSE,"MEDIUM",""
"decompose_bilateral_variance","pRoteomics","audits/phase6f_output_inventory.csv","116: ""analysis/03_spatial_validation/quantify_module_bilateral_identity.R"",""results/tables/11_spatial_systems/bilateral/WGCNA_module_bilateral_reproducibility.csv"",""","NAMESPACE_BASENAME","11_spatial_systems","","PROVENANCE","historical",FALSE,"MEDIUM",""
"decompose_bilateral_variance","pRoteomics","audits/phase6f_output_inventory.csv","117: ""analysis/03_spatial_validation/quantify_module_bilateral_identity.R"",""results/tables/11_spatial_systems/bilateral/WGCNA_module_bilateral_spatial_profile_reprod","NAMESPACE_BASENAME","11_spatial_systems","","PROVENANCE","historical",FALSE,"MEDIUM",""
"decompose_bilateral_variance","pRoteomics","audits/phase6f_output_inventory.csv","118: ""analysis/03_spatial_validation/quantify_module_bilateral_identity.R"",""results/tables/11_spatial_systems/bilateral/WGCNA_module_bilateral_spatial_profile_summar","NAMESPACE_BASENAME","11_spatial_systems","","PROVENANCE","historical",FALSE,"MEDIUM",""
"decompose_bilateral_variance","pRoteomics","audits/phase6f_output_inventory.csv","119: ""analysis/03_spatial_validation/audit_stress_identity_robustness.R"",""results/tables/11_spatial_systems/ca2_slm_robustness/CA2_SLM_DAP_robustness_annotated.csv"",","NAMESPACE_BASENAME","11_spatial_systems","","PROVENANCE","historical",FALSE,"MEDIUM",""
"decompose_bilateral_variance","pRoteomics","audits/phase6f_output_inventory.csv","120: ""analysis/03_spatial_validation/audit_stress_identity_robustness.R"",""results/tables/11_spatial_systems/ca2_slm_robustness/CA2_SLM_effect_across_neuropil_units.c","NAMESPACE_BASENAME","11_spatial_systems","","PROVENANCE","historical",FALSE,"MEDIUM",""
"decompose_bilateral_variance","pRoteomics","audits/phase6f_output_inventory.csv","121: ""analysis/03_spatial_validation/audit_ca2_slm_robustness.R"",""results/tables/11_spatial_systems/ca2_slm_robustness/CA2_SLM_fully_observed_DAP_audit.csv"",""tables""","NAMESPACE_BASENAME","11_spatial_systems","","PROVENANCE","historical",FALSE,"MEDIUM",""
"decompose_bilateral_variance","pRoteomics","audits/phase6f_output_inventory.csv","122: ""analysis/03_spatial_validation/audit_ca2_slm_robustness.R"",""results/tables/11_spatial_systems/ca2_slm_robustness/CA2_SLM_leave_one_animal_out_long.csv"",""tables","NAMESPACE_BASENAME","11_spatial_systems","","PROVENANCE","historical",FALSE,"MEDIUM",""
"decompose_bilateral_variance","pRoteomics","audits/phase6f_output_inventory.csv","123: ""analysis/03_spatial_validation/audit_ca2_slm_robustness.R"",""results/tables/11_spatial_systems/ca2_slm_robustness/CA2_SLM_prespecified_thresholds.csv"",""tables"",","NAMESPACE_BASENAME","11_spatial_systems","","PROVENANCE","historical",FALSE,"MEDIUM",""
"decompose_bilateral_variance","pRoteomics","audits/phase6f_output_inventory.csv","124: ""analysis/03_spatial_validation/summarize_ca2_slm_robustness.R"",""results/tables/11_spatial_systems/ca2_slm_robustness/CA2_SLM_robustness_validation.csv"",""tables","NAMESPACE_BASENAME","11_spatial_systems","","PROVENANCE","historical",FALSE,"MEDIUM",""
"decompose_bilateral_variance","pRoteomics","audits/phase6f_output_inventory.csv","125: ""analysis/03_spatial_validation/audit_stress_identity_robustness.R"",""results/tables/11_spatial_systems/ca2_slm_robustness/CA2_SLM_spatial_specificity.csv"",""tabl","NAMESPACE_BASENAME","11_spatial_systems","","PROVENANCE","historical",FALSE,"MEDIUM",""
"decompose_bilateral_variance","pRoteomics","audits/phase6f_output_inventory.csv","126: ""analysis/03_spatial_validation/audit_stress_identity_robustness.R"",""results/tables/11_spatial_systems/ca2_slm_robustness/fdr_supported_hit_observation_status.c","NAMESPACE_BASENAME","11_spatial_systems","","PROVENANCE","historical",FALSE,"MEDIUM",""
"decompose_bilateral_variance","pRoteomics","audits/phase6f_output_inventory.csv","127: ""analysis/03_spatial_validation/summarize_ca2_slm_robustness.R"",""results/tables/11_spatial_systems/CA2_SLM_robustness_audit.xlsx"",""tables"",""CANONICAL_RESULT"",""""","NAMESPACE_BASENAME","11_spatial_systems","","PROVENANCE","historical",FALSE,"MEDIUM",""
"decompose_bilateral_variance","pRoteomics","audits/phase6f_output_inventory.csv","128: ""analysis/03_spatial_validation/annotate_module_celltypes.R"",""results/tables/11_spatial_systems/celltype_annotation/WGCNA_module_external_celltype_affinity_long","NAMESPACE_BASENAME","11_spatial_systems","","PROVENANCE","historical",FALSE,"MEDIUM",""
"decompose_bilateral_variance","pRoteomics","audits/phase6f_output_inventory.csv","129: ""analysis/03_spatial_validation/annotate_module_celltypes.R"",""results/tables/11_spatial_systems/celltype_annotation/WGCNA_module_external_celltype_affinity_summ","NAMESPACE_BASENAME","11_spatial_systems","","PROVENANCE","historical",FALSE,"MEDIUM",""
"decompose_bilateral_variance","pRoteomics","audits/phase6f_output_inventory.csv","130: ""analysis/03_spatial_validation/build_spatial_data_contract.R"",""results/tables/11_spatial_systems/data_contract/spatial_systems_aggregation_validation.csv"",""tab","NAMESPACE_BASENAME","11_spatial_systems","","PROVENANCE","historical",FALSE,"MEDIUM",""
"decompose_bilateral_variance","pRoteomics","audits/phase6f_output_inventory.csv","131: ""analysis/03_spatial_validation/build_spatial_data_contract.R"",""results/tables/11_spatial_systems/data_contract/spatial_systems_evidence_dependence.csv"",""tables","NAMESPACE_BASENAME","11_spatial_systems","","PROVENANCE","historical",FALSE,"MEDIUM",""
"decompose_bilateral_variance","pRoteomics","audits/phase6f_output_inventory.csv","132: ""analysis/03_spatial_validation/build_spatial_data_contract.R"",""results/tables/11_spatial_systems/data_contract/spatial_systems_hemisphere_inventory.csv"",""table","NAMESPACE_BASENAME","11_spatial_systems","","PROVENANCE","historical",FALSE,"MEDIUM",""
"decompose_bilateral_variance","pRoteomics","audits/phase6f_output_inventory.csv","133: ""analysis/03_spatial_validation/build_animal_spatial_networks.R"",""results/tables/11_spatial_systems/networks/animal_network_bilateral_reproducibility.csv"",""tabl","NAMESPACE_BASENAME","11_spatial_systems","","PROVENANCE","historical",FALSE,"MEDIUM",""
"decompose_bilateral_variance","pRoteomics","audits/phase6f_output_inventory.csv","134: ""analysis/03_spatial_validation/build_animal_spatial_networks.R"",""results/tables/11_spatial_systems/networks/animal_network_edges.csv"",""tables"",""CANONICAL_RESUL","NAMESPACE_BASENAME","11_spatial_systems","","PROVENANCE","historical",FALSE,"MEDIUM",""
"decompose_bilateral_variance","pRoteomics","audits/phase6f_output_inventory.csv","135: ""analysis/03_spatial_validation/test_network_group_organization.R"",""results/tables/11_spatial_systems/networks/animal_network_global_metrics.csv"",""tables"",""CANO","NAMESPACE_BASENAME","11_spatial_systems","","PROVENANCE","historical",FALSE,"MEDIUM",""
"decompose_bilateral_variance","pRoteomics","audits/phase6f_output_inventory.csv","136: ""analysis/03_spatial_validation/build_animal_spatial_networks.R"",""results/tables/11_spatial_systems/networks/animal_network_nodes.csv"",""tables"",""CANONICAL_RESUL","NAMESPACE_BASENAME","11_spatial_systems","","PROVENANCE","historical",FALSE,"MEDIUM",""
"decompose_bilateral_variance","pRoteomics","audits/phase6f_output_inventory.csv","137: ""analysis/03_spatial_validation/build_animal_spatial_networks.R"",""results/tables/11_spatial_systems/networks/animal_network_objects.rds"",""tables"",""CANONICAL_RES","NAMESPACE_BASENAME","11_spatial_systems","","PROVENANCE","historical",FALSE,"MEDIUM",""
"decompose_bilateral_variance","pRoteomics","audits/phase6f_output_inventory.csv","138: ""analysis/03_spatial_validation/build_animal_spatial_networks.R"",""results/tables/11_spatial_systems/networks/edge_bilateral_reproducibility.csv"",""tables"",""CANON","NAMESPACE_BASENAME","11_spatial_systems","","PROVENANCE","historical",FALSE,"MEDIUM",""
"decompose_bilateral_variance","pRoteomics","audits/phase6f_output_inventory.csv","139: ""analysis/03_spatial_validation/build_animal_spatial_networks.R"",""results/tables/11_spatial_systems/networks/matrices/"",""tables"",""CANONICAL_RESULT"","""",0,FALSE,7","NAMESPACE_BASENAME","11_spatial_systems","","PROVENANCE","historical",FALSE,"MEDIUM",""
"decompose_bilateral_variance","pRoteomics","audits/phase6f_output_inventory.csv","140: ""analysis/03_spatial_validation/validate_network_workbook.R"",""results/tables/11_spatial_systems/networks/network_behavior_coupling_audit.csv"",""tables"",""CANONICA","NAMESPACE_BASENAME","11_spatial_systems","","PROVENANCE","historical",FALSE,"MEDIUM",""
"decompose_bilateral_variance","pRoteomics","audits/phase6f_output_inventory.csv","141: ""analysis/03_spatial_validation/test_network_group_organization.R"",""results/tables/11_spatial_systems/networks/network_edge_group_differences.csv"",""tables"",""CAN","NAMESPACE_BASENAME","11_spatial_systems","","PROVENANCE","historical",FALSE,"MEDIUM",""
"decompose_bilateral_variance","pRoteomics","audits/phase6f_output_inventory.csv","142: ""analysis/03_spatial_validation/test_network_group_organization.R"",""results/tables/11_spatial_systems/networks/network_metric_redundancy.csv"",""tables"",""CANONICA","NAMESPACE_BASENAME","11_spatial_systems","","PROVENANCE","historical",FALSE,"MEDIUM",""
"decompose_bilateral_variance","pRoteomics","audits/phase6f_output_inventory.csv","143: ""analysis/03_spatial_validation/build_animal_spatial_networks.R"",""results/tables/11_spatial_systems/networks/network_representation_selection.csv"",""tables"",""CAN","NAMESPACE_BASENAME","11_spatial_systems","","PROVENANCE","historical",FALSE,"MEDIUM",""
"decompose_bilateral_variance","pRoteomics","audits/phase6f_output_inventory.csv","144: ""analysis/03_spatial_validation/test_network_group_organization.R"",""results/tables/11_spatial_systems/networks/spatial_edge_module_context.csv"",""tables"",""CANONI","NAMESPACE_BASENAME","11_spatial_systems","","PROVENANCE","historical",FALSE,"MEDIUM",""
"decompose_bilateral_variance","pRoteomics","audits/phase6f_output_inventory.csv","145: ""analysis/03_spatial_validation/validate_network_workbook.R"",""results/tables/11_spatial_systems/networks/spatial_network_validation_status.csv"",""tables"",""CANONI","NAMESPACE_BASENAME","11_spatial_systems","","PROVENANCE","historical",FALSE,"MEDIUM",""
"decompose_bilateral_variance","pRoteomics","audits/phase6f_output_inventory.csv","146: ""analysis/03_spatial_validation/test_network_group_organization.R"",""results/tables/11_spatial_systems/networks/spatial_node_cell_context.csv"",""tables"",""CANONICA","NAMESPACE_BASENAME","11_spatial_systems","","PROVENANCE","historical",FALSE,"MEDIUM",""
"decompose_bilateral_variance","pRoteomics","audits/phase6f_output_inventory.csv","147: ""analysis/03_spatial_validation/test_network_group_organization.R"",""results/tables/11_spatial_systems/networks/spatial_node_network_integration.csv"",""tables"",""C","NAMESPACE_BASENAME","11_spatial_systems","","PROVENANCE","historical",FALSE,"MEDIUM",""
"decompose_bilateral_variance","pRoteomics","audits/phase6f_output_inventory.csv","148: ""analysis/03_spatial_validation/decompose_bilateral_variance.R"",""results/tables/11_spatial_systems/precision/bilateral_variance_decomposition.csv"",""tables"",""CAN","NAMESPACE_BASENAME","11_spatial_systems","","PROVENANCE","historical",FALSE,"MEDIUM",""
"decompose_bilateral_variance","pRoteomics","audits/phase6f_output_inventory.csv","149: ""analysis/03_spatial_validation/summarize_spatial_atlas.R"",""results/tables/11_spatial_systems/spatial_systems_atlas.xlsx"",""tables"",""CANONICAL_RESULT"","""",0,FALSE","NAMESPACE_BASENAME","11_spatial_systems","","PROVENANCE","historical",FALSE,"MEDIUM",""
"decompose_bilateral_variance","pRoteomics","audits/phase6f_output_inventory.csv","150: ""analysis/03_spatial_validation/summarize_spatial_atlas.R"",""results/tables/11_spatial_systems/spatial_systems_atlas_validation.csv"",""tables"",""CANONICAL_RESULT"",","NAMESPACE_BASENAME","11_spatial_systems","","PROVENANCE","historical",FALSE,"MEDIUM",""
"decompose_bilateral_variance","pRoteomics","audits/phase6f_output_inventory.csv","151: ""analysis/03_spatial_validation/validate_spatial_foundations.R"",""results/tables/11_spatial_systems/spatial_systems_foundation_validation.csv"",""tables"",""CANONICA","NAMESPACE_BASENAME","11_spatial_systems","","PROVENANCE","historical",FALSE,"MEDIUM",""
"decompose_bilateral_variance","pRoteomics","audits/phase6f_output_inventory.csv","152: ""analysis/03_spatial_validation/validate_network_workbook.R"",""results/tables/11_spatial_systems/spatial_systems_networks.xlsx"",""tables"",""CANONICAL_RESULT"","""",0,","NAMESPACE_BASENAME","11_spatial_systems","","PROVENANCE","historical",FALSE,"MEDIUM",""
"decompose_bilateral_variance","pRoteomics","audits/phase6f_output_inventory.csv","225: ""analysis/03_spatial_validation/summarize_spatial_atlas.R"",""results/figures/11_spatial_systems/atlas/"",""figures"",""DIAGNOSTIC"","""",0,FALSE,591049,FALSE,FALSE,0,TR","NAMESPACE_BASENAME","11_spatial_systems","","PROVENANCE","historical",FALSE,"MEDIUM",""
"decompose_bilateral_variance","pRoteomics","audits/phase6f_output_inventory.csv","226: ""analysis/03_spatial_validation/summarize_ca2_slm_robustness.R"",""results/figures/11_spatial_systems/ca2_slm_robustness/"",""figures"",""DIAGNOSTIC"","""",0,FALSE,38630","NAMESPACE_BASENAME","11_spatial_systems","","PROVENANCE","historical",FALSE,"MEDIUM",""
"decompose_bilateral_variance","pRoteomics","audits/phase6f_output_inventory.csv","227: ""analysis/03_spatial_validation/validate_network_workbook.R"",""results/figures/11_spatial_systems/networks/"",""figures"",""DIAGNOSTIC"","""",0,FALSE,435743,FALSE,FALSE","NAMESPACE_BASENAME","11_spatial_systems","","PROVENANCE","historical",FALSE,"MEDIUM",""
"decompose_bilateral_variance","pRoteomics","audits/phase6f_output_inventory.csv","283: ""analysis/03_spatial_validation/audit_stress_identity_robustness.R"",""results/tables/11_spatial_systems/ca2_slm_robustness/CA2_SLM_module_distribution_comparison","NAMESPACE_BASENAME","11_spatial_systems","","PROVENANCE","historical",FALSE,"MEDIUM",""
"decompose_bilateral_variance","pRoteomics","audits/phase6f_output_inventory.csv","284: ""analysis/03_spatial_validation/audit_stress_identity_robustness.R"",""results/tables/11_spatial_systems/ca2_slm_robustness/stress_identity_robustness_comparison.","NAMESPACE_BASENAME","11_spatial_systems","","PROVENANCE","historical",FALSE,"MEDIUM",""
"decompose_bilateral_variance","pRoteomics","audits/phase6f_output_inventory.csv","285: ""analysis/03_spatial_validation/validate_network_workbook.R"",""results/tables/11_spatial_systems/networks/legacy_spatial_network_comparison.csv"",""tables"",""HISTOR","NAMESPACE_BASENAME","11_spatial_systems","","PROVENANCE","historical",FALSE,"MEDIUM",""
"decompose_bilateral_variance","pRoteomics","audits/phase6f_output_inventory.csv","286: ""analysis/03_spatial_validation/test_network_group_organization.R"",""results/tables/11_spatial_systems/networks/network_group_metric_comparison.csv"",""tables"",""HI","NAMESPACE_BASENAME","11_spatial_systems","","PROVENANCE","historical",FALSE,"MEDIUM",""
"decompose_bilateral_variance","pRoteomics","audits/phase6f_output_inventory.csv","409: ""analysis/03_spatial_validation/build_protein_spatial_atlas.R"",""results/tables/11_spatial_systems/atlas/protein_spatial_cell_affinity.csv"",""tables"",""PUBLICATION","NAMESPACE_BASENAME","11_spatial_systems","","PROVENANCE","historical",FALSE,"MEDIUM",""
"decompose_bilateral_variance","pRoteomics","audits/phase6f_output_inventory.csv","410: ""analysis/03_spatial_validation/build_protein_spatial_atlas.R"",""results/tables/11_spatial_systems/atlas/protein_sus_res_fdr_supported_atlas.csv"",""tables"",""PUBLI","NAMESPACE_BASENAME","11_spatial_systems","","PROVENANCE","historical",FALSE,"MEDIUM",""
"decompose_bilateral_variance","pRoteomics","audits/phase6f_output_inventory.csv","411: ""analysis/03_spatial_validation/build_module_spatial_atlas.R"",""results/tables/11_spatial_systems/atlas/WGCNA_module_spatial_cell_affinity.csv"",""tables"",""PUBLICA","NAMESPACE_BASENAME","11_spatial_systems","","PROVENANCE","historical",FALSE,"MEDIUM",""
"decompose_bilateral_variance","pRoteomics","audits/phase6f_output_inventory.csv","412: ""analysis/03_spatial_validation/quantify_bilateral_spatial_identity.R"",""results/tables/11_spatial_systems/bilateral/bilateral_spatial_identity_protein_level.csv","NAMESPACE_BASENAME","11_spatial_systems","","PROVENANCE","historical",FALSE,"MEDIUM",""
"decompose_bilateral_variance","pRoteomics","audits/phase6f_output_inventory.csv","413: ""analysis/03_spatial_validation/quantify_bilateral_spatial_identity.R"",""results/tables/11_spatial_systems/bilateral/bilateral_spatial_identity_summary.csv"",""tab","NAMESPACE_BASENAME","11_spatial_systems","","PROVENANCE","historical",FALSE,"MEDIUM",""
"decompose_bilateral_variance","pRoteomics","audits/phase6f_output_inventory.csv","414: ""analysis/03_spatial_validation/audit_ca2_slm_robustness.R"",""results/tables/11_spatial_systems/ca2_slm_robustness/CA2_SLM_DAP_robustness.csv"",""tables"",""PUBLICAT","NAMESPACE_BASENAME","11_spatial_systems","","PROVENANCE","historical",FALSE,"MEDIUM",""
"decompose_bilateral_variance","pRoteomics","audits/phase6f_output_inventory.csv","415: ""analysis/03_spatial_validation/audit_ca2_slm_robustness.R"",""results/tables/11_spatial_systems/ca2_slm_robustness/CA2_SLM_normalization_bias_context.csv"",""table","NAMESPACE_BASENAME","11_spatial_systems","","PROVENANCE","historical",FALSE,"MEDIUM",""
"decompose_bilateral_variance","pRoteomics","audits/phase6f_output_inventory.csv","416: ""analysis/03_spatial_validation/audit_ca2_slm_robustness.R"",""results/tables/11_spatial_systems/ca2_slm_robustness/CA2_SLM_sample_context.csv"",""tables"",""PUBLICAT","NAMESPACE_BASENAME","11_spatial_systems","","PROVENANCE","historical",FALSE,"MEDIUM",""
"decompose_bilateral_variance","pRoteomics","audits/phase6f_output_inventory.csv","417: ""analysis/03_spatial_validation/test_network_group_organization.R"",""results/tables/11_spatial_systems/networks/animal_network_distance_from_CON.csv"",""tables"",""P","NAMESPACE_BASENAME","11_spatial_systems","","PROVENANCE","historical",FALSE,"MEDIUM",""
"decompose_bilateral_variance","pRoteomics","audits/phase6f_output_inventory.csv","418: ""analysis/03_spatial_validation/test_network_group_organization.R"",""results/tables/11_spatial_systems/networks/CON_spatial_molecular_similarity_matrix.csv"",""tab","NAMESPACE_BASENAME","11_spatial_systems","","PROVENANCE","historical",FALSE,"MEDIUM",""
"decompose_bilateral_variance","pRoteomics","audits/phase6f_output_inventory.csv","419: ""analysis/03_spatial_validation/test_network_group_organization.R"",""results/tables/11_spatial_systems/networks/network_global_multivariate_test.csv"",""tables"",""P","NAMESPACE_BASENAME","11_spatial_systems","","PROVENANCE","historical",FALSE,"MEDIUM",""
"decompose_bilateral_variance","pRoteomics","audits/phase6f_output_inventory.csv","420: ""analysis/03_spatial_validation/decompose_bilateral_variance.R"",""results/tables/11_spatial_systems/precision/bilateral_precision_gain.csv"",""tables"",""PUBLICATION","NAMESPACE_BASENAME","11_spatial_systems","","PROVENANCE","historical",FALSE,"MEDIUM",""
"decompose_bilateral_variance","pRoteomics","audits/phase6f_output_inventory.csv","5: ""analysis/02_qc/assess_dataset_quality.R"",""results/tables/03_qc_exploration/00_dataset_qc_report/<dataset>/dataset_qc_report.xlsx"",""tables"",""CANONICAL_RESULT"",""","NAMESPACE_BASENAME","precision","","PROVENANCE","historical",FALSE,"MEDIUM",""
"decompose_bilateral_variance","pRoteomics","audits/phase6f_output_inventory.csv","6: ""analysis/02_qc/assess_sample_quality.R"",""results/tables/03_qc_exploration/01_sample_qc_quicksearch/<dataset>/qc_summary_tables.xlsx"",""tables"",""CANONICAL_RESULT","NAMESPACE_BASENAME","precision","","PROVENANCE","historical",FALSE,"MEDIUM",""
"decompose_bilateral_variance","pRoteomics","audits/phase6f_output_inventory.csv","7: ""analysis/02_qc/summarize_missingness.R"",""results/tables/03_qc_exploration/02_missingness_diagnostics/<dataset>/missingness_diagnostics.xlsx"",""tables"",""CANONICA","NAMESPACE_BASENAME","precision","","PROVENANCE","historical",FALSE,"MEDIUM",""
"decompose_bilateral_variance","pRoteomics","audits/phase6f_output_inventory.csv","8: ""analysis/02_qc/assess_replicate_consistency.R"",""results/tables/03_qc_exploration/03_replicate_consistency/<dataset>/replicate_consistency.xlsx"",""tables"",""CANON","NAMESPACE_BASENAME","precision","","PROVENANCE","historical",FALSE,"MEDIUM",""
"decompose_bilateral_variance","pRoteomics","audits/phase6f_output_inventory.csv","9: ""analysis/02_qc/assess_marker_rank_abundance.R"",""results/tables/03_qc_exploration/04_marker_rank_abundance_qc/<dataset>/"",""tables"",""CANONICAL_RESULT"",""summarize","NAMESPACE_BASENAME","precision","","PROVENANCE","historical",FALSE,"MEDIUM",""
"decompose_bilateral_variance","pRoteomics","audits/phase6f_output_inventory.csv","10: ""analysis/02_qc/summarize_marker_detectability.R"",""results/tables/03_qc_exploration/04c_marker_detectability_and_wgcna_bridge/<dataset>/"",""tables"",""CANONICAL_RE","NAMESPACE_BASENAME","precision","","PROVENANCE","historical",FALSE,"MEDIUM",""
"decompose_bilateral_variance","pRoteomics","audits/phase6f_output_inventory.csv","11: ""analysis/02_qc/discover_empirical_roi_markers.R"",""results/tables/03_qc_exploration/05_empirical_roi_marker_discovery/empirical_roi_marker_sets.csv"",""tables"",""C","NAMESPACE_BASENAME","precision","","PROVENANCE","historical",FALSE,"MEDIUM",""
"decompose_bilateral_variance","pRoteomics","audits/phase6f_output_inventory.csv","12: ""analysis/02_qc/assess_pca_confounding.R"",""results/tables/03_qc_exploration/05_pca_confounding_qc/<dataset>/"",""tables"",""CANONICAL_RESULT"",""summarize_qc_confound","NAMESPACE_BASENAME","precision","","PROVENANCE","historical",FALSE,"MEDIUM",""
"decompose_bilateral_variance","pRoteomics","audits/phase6f_output_inventory.csv","13: ""analysis/02_qc/partition_variance.R"",""results/tables/03_qc_exploration/06_variance_partitioning/<dataset>/"",""tables"",""CANONICAL_RESULT"",""summarize_qc_confoundi","NAMESPACE_BASENAME","precision","","PROVENANCE","historical",FALSE,"MEDIUM",""
"decompose_bilateral_variance","pRoteomics","audits/phase6f_output_inventory.csv","14: ""analysis/02_qc/export_marker_traits.R"",""results/tables/03_qc_exploration/06_wgcna_marker_trait_export/<dataset>/"",""tables"",""CANONICAL_RESULT"",""test_microglia_n","NAMESPACE_BASENAME","precision","","PROVENANCE","historical",FALSE,"MEDIUM",""
"decompose_bilateral_variance","pRoteomics","audits/phase6f_output_inventory.csv","15: ""analysis/02_qc/build_reference_marker_registry.R"",""results/tables/03_qc_exploration/reference_marker_import/"",""tables"",""CANONICAL_RESULT"",""quantify_neuropil_pr","NAMESPACE_BASENAME","precision","","PROVENANCE","historical",FALSE,"MEDIUM",""
"decompose_bilateral_variance","pRoteomics","audits/phase6f_output_inventory.csv","97: ""analysis/03_spatial_validation/quantify_neuropil_precision.R"",""results/tables/11_spatial_systems/atlas/ca2_slm_imputation_artifact_test.csv"",""tables"",""CANONICA","NAMESPACE_BASENAME","precision","","PROVENANCE","historical",FALSE,"MEDIUM",""
"decompose_bilateral_variance","pRoteomics","audits/phase6f_output_inventory.csv","99: ""analysis/03_spatial_validation/quantify_neuropil_precision.R"",""results/tables/11_spatial_systems/atlas/neuropil_spatial_precision_context.csv"",""tables"",""CANONI","NAMESPACE_BASENAME","precision","","PROVENANCE","historical",FALSE,"MEDIUM",""
"decompose_bilateral_variance","pRoteomics","audits/phase6f_output_inventory.csv","148: ""analysis/03_spatial_validation/decompose_bilateral_variance.R"",""results/tables/11_spatial_systems/precision/bilateral_variance_decomposition.csv"",""tables"",""CAN","NAMESPACE_BASENAME","precision","","PROVENANCE","historical",FALSE,"MEDIUM",""
"decompose_bilateral_variance","pRoteomics","audits/phase6f_output_inventory.csv","387: ""analysis/02_qc/assess_joint_compartment_quality.R"",""results/tables/03_qc_exploration/00b_joint_compartment_qc/global/"",""tables"",""PUBLICATION_EXPORT"",""render_jo","NAMESPACE_BASENAME","precision","","PROVENANCE","historical",FALSE,"MEDIUM",""
"decompose_bilateral_variance","pRoteomics","audits/phase6f_output_inventory.csv","420: ""analysis/03_spatial_validation/decompose_bilateral_variance.R"",""results/tables/11_spatial_systems/precision/bilateral_precision_gain.csv"",""tables"",""PUBLICATION","NAMESPACE_BASENAME","precision","","PROVENANCE","historical",FALSE,"MEDIUM",""
"decompose_bilateral_variance","pRoteomics","audits/phase6f_output_inventory.csv","2: ""analysis/02_qc/build_reference_marker_registry.R"",""config/marker_panels/wgcna_reference_marker_sets.csv"",""config_table"",""AMBIGUOUS_WRITES_INTO_CONFIG"",""assess_","ANALYSIS_REFERENCE","decompose_bilateral_variance","","PROVENANCE","historical",FALSE,"MEDIUM",""
"decompose_bilateral_variance","pRoteomics","audits/phase6f_output_inventory.csv","11: ""analysis/02_qc/discover_empirical_roi_markers.R"",""results/tables/03_qc_exploration/05_empirical_roi_marker_discovery/empirical_roi_marker_sets.csv"",""tables"",""C","ANALYSIS_REFERENCE","decompose_bilateral_variance","","PROVENANCE","historical",FALSE,"MEDIUM",""
"decompose_bilateral_variance","pRoteomics","audits/phase6f_output_inventory.csv","148: ""analysis/03_spatial_validation/decompose_bilateral_variance.R"",""results/tables/11_spatial_systems/precision/bilateral_variance_decomposition.csv"",""tables"",""CAN","ANALYSIS_REFERENCE","decompose_bilateral_variance","","PROVENANCE","historical",FALSE,"MEDIUM",""
"decompose_bilateral_variance","pRoteomics","audits/phase6f_output_inventory.csv","388: ""analysis/05_wgcna/test_module_phenotypes.R"",""results/tables/06_modules_WGCNA/group_effects/<dataset>/all_supermodule_eigengene_group_values.csv"",""tables"",""PUBL","ANALYSIS_REFERENCE","decompose_bilateral_variance","","PROVENANCE","historical",FALSE,"MEDIUM",""
"decompose_bilateral_variance","pRoteomics","audits/phase6f_output_inventory.csv","389: ""analysis/05_wgcna/test_module_phenotypes.R"",""results/tables/06_modules_WGCNA/group_effects/<dataset>/all_supermodule_eigengene_spatial_group_values.csv"",""table","ANALYSIS_REFERENCE","decompose_bilateral_variance","","PROVENANCE","historical",FALSE,"MEDIUM",""
"decompose_bilateral_variance","pRoteomics","audits/phase6f_output_inventory.csv","390: ""analysis/05_wgcna/test_module_phenotypes.R"",""results/tables/06_modules_WGCNA/group_effects/<dataset>/module_group_effects.csv"",""tables"",""PUBLICATION_EXPORT"",""b","ANALYSIS_REFERENCE","decompose_bilateral_variance","","PROVENANCE","historical",FALSE,"MEDIUM",""
"decompose_bilateral_variance","pRoteomics","audits/phase6f_output_inventory.csv","391: ""analysis/05_wgcna/test_module_phenotypes.R"",""results/tables/06_modules_WGCNA/group_effects/<dataset>/supermodule_composition.csv"",""tables"",""PUBLICATION_EXPORT""","ANALYSIS_REFERENCE","decompose_bilateral_variance","","PROVENANCE","historical",FALSE,"MEDIUM",""
"decompose_bilateral_variance","pRoteomics","audits/phase6f_output_inventory.csv","392: ""analysis/05_wgcna/test_module_phenotypes.R"",""results/tables/06_modules_WGCNA/group_effects/<dataset>/supermodule_group_effects.csv"",""tables"",""PUBLICATION_EXPOR","ANALYSIS_REFERENCE","decompose_bilateral_variance","","PROVENANCE","historical",FALSE,"MEDIUM",""
"decompose_bilateral_variance","pRoteomics","audits/phase6f_output_inventory.csv","393: ""analysis/05_wgcna/test_module_phenotypes.R"",""results/tables/06_modules_WGCNA/group_effects/<dataset>/supermodule_pca_eigenvalues.csv"",""tables"",""PUBLICATION_EXP","ANALYSIS_REFERENCE","decompose_bilateral_variance","","PROVENANCE","historical",FALSE,"MEDIUM",""
"decompose_bilateral_variance","pRoteomics","audits/phase6f_output_inventory.csv","394: ""analysis/05_wgcna/test_module_phenotypes.R"",""results/tables/06_modules_WGCNA/group_effects/<dataset>/supermodule_pca_input_audit.csv"",""tables"",""PUBLICATION_EXP","ANALYSIS_REFERENCE","decompose_bilateral_variance","","PROVENANCE","historical",FALSE,"MEDIUM",""
"decompose_bilateral_variance","pRoteomics","audits/phase6f_output_inventory.csv","395: ""analysis/05_wgcna/test_module_phenotypes.R"",""results/tables/06_modules_WGCNA/group_effects/<dataset>/supermodule_pca_member_loadings.csv"",""tables"",""PUBLICATION","ANALYSIS_REFERENCE","decompose_bilateral_variance","","PROVENANCE","historical",FALSE,"MEDIUM",""
"decompose_bilateral_variance","pRoteomics","audits/phase6f_output_inventory.csv","396: ""analysis/05_wgcna/test_module_phenotypes.R"",""results/tables/06_modules_WGCNA/group_effects/<dataset>/WGCNA_group_effect_animal_spatial_unit_values.csv"",""tables","ANALYSIS_REFERENCE","decompose_bilateral_variance","","PROVENANCE","historical",FALSE,"MEDIUM",""
"decompose_bilateral_variance","pRoteomics","audits/phase6f_output_inventory.csv","397: ""analysis/05_wgcna/test_module_phenotypes.R"",""results/tables/06_modules_WGCNA/group_effects/<dataset>/WGCNA_group_effect_contract_status.csv"",""tables"",""PUBLICAT","ANALYSIS_REFERENCE","decompose_bilateral_variance","","PROVENANCE","historical",FALSE,"MEDIUM",""
"decompose_bilateral_variance","pRoteomics","audits/phase6f_output_inventory.csv","398: ""analysis/05_wgcna/test_module_phenotypes.R"",""results/tables/06_modules_WGCNA/group_effects/<dataset>/WGCNA_group_effect_downstream_consumer_migration_audit.csv","ANALYSIS_REFERENCE","decompose_bilateral_variance","","PROVENANCE","historical",FALSE,"MEDIUM",""
"decompose_bilateral_variance","pRoteomics","audits/phase6f_output_inventory.csv","399: ""analysis/05_wgcna/test_module_phenotypes.R"",""results/tables/06_modules_WGCNA/group_effects/<dataset>/WGCNA_group_effect_endpoint_provenance.csv"",""tables"",""PUBL","ANALYSIS_REFERENCE","decompose_bilateral_variance","","PROVENANCE","historical",FALSE,"MEDIUM",""
"decompose_bilateral_variance","pRoteomics","audits/phase6f_output_inventory.csv","400: ""analysis/05_wgcna/test_module_phenotypes.R"",""results/tables/06_modules_WGCNA/group_effects/<dataset>/WGCNA_group_effect_hemisphere_values.csv"",""tables"",""PUBLIC","ANALYSIS_REFERENCE","decompose_bilateral_variance","","PROVENANCE","historical",FALSE,"MEDIUM",""
"decompose_bilateral_variance","pRoteomics","audits/phase6f_output_inventory.csv","401: ""analysis/05_wgcna/test_module_phenotypes.R"",""results/tables/06_modules_WGCNA/group_effects/<dataset>/WGCNA_group_effect_interaction_conditional_followup.csv"",""","ANALYSIS_REFERENCE","decompose_bilateral_variance","","PROVENANCE","historical",FALSE,"MEDIUM",""
"decompose_bilateral_variance","pRoteomics","audits/phase6f_output_inventory.csv","402: ""analysis/05_wgcna/test_module_phenotypes.R"",""results/tables/06_modules_WGCNA/group_effects/<dataset>/WGCNA_group_effect_left_right_concordance.csv"",""tables"",""P","ANALYSIS_REFERENCE","decompose_bilateral_variance","","PROVENANCE","historical",FALSE,"MEDIUM",""
"decompose_bilateral_variance","pRoteomics","audits/phase6f_output_inventory.csv","403: ""analysis/05_wgcna/test_module_phenotypes.R"",""results/tables/06_modules_WGCNA/group_effects/<dataset>/WGCNA_group_effect_legacy_output_staleness_audit.csv"",""tab","ANALYSIS_REFERENCE","decompose_bilateral_variance","","PROVENANCE","historical",FALSE,"MEDIUM",""
"decompose_bilateral_variance","pRoteomics","audits/phase6f_output_inventory.csv","404: ""analysis/05_wgcna/test_module_phenotypes.R"",""results/tables/06_modules_WGCNA/group_effects/<dataset>/WGCNA_group_effect_model_validation.csv"",""tables"",""PUBLICA","ANALYSIS_REFERENCE","decompose_bilateral_variance","","PROVENANCE","historical",FALSE,"MEDIUM",""
"decompose_bilateral_variance","pRoteomics","audits/phase6f_output_inventory.csv","405: ""analysis/05_wgcna/test_module_phenotypes.R"",""results/tables/06_modules_WGCNA/group_effects/<dataset>/WGCNA_group_effect_sample_inclusion_audit.csv"",""tables"",""P","ANALYSIS_REFERENCE","decompose_bilateral_variance","","PROVENANCE","historical",FALSE,"MEDIUM",""
"decompose_bilateral_variance","pRoteomics","audits/phase6f_output_inventory.csv","406: ""analysis/05_wgcna/test_module_phenotypes.R"",""results/tables/06_modules_WGCNA/group_effects/<dataset>/WGCNA_group_effect_sensitivity.csv"",""tables"",""PUBLICATION_","ANALYSIS_REFERENCE","decompose_bilateral_variance","","PROVENANCE","historical",FALSE,"MEDIUM",""
"decompose_bilateral_variance","pRoteomics","audits/phase6f_output_inventory.csv","420: ""analysis/03_spatial_validation/decompose_bilateral_variance.R"",""results/tables/11_spatial_systems/precision/bilateral_precision_gain.csv"",""tables"",""PUBLICATION","ANALYSIS_REFERENCE","decompose_bilateral_variance","","PROVENANCE","historical",FALSE,"MEDIUM",""
"decompose_bilateral_variance","pRoteomics","audits/phase6f_output_inventory.csv","2: ""analysis/02_qc/build_reference_marker_registry.R"",""config/marker_panels/wgcna_reference_marker_sets.csv"",""config_table"",""AMBIGUOUS_WRITES_INTO_CONFIG"",""assess_","ANALYSIS_REFERENCE","decompose_bilateral_variance.R","","PROVENANCE","historical",FALSE,"MEDIUM",""
"decompose_bilateral_variance","pRoteomics","audits/phase6f_output_inventory.csv","11: ""analysis/02_qc/discover_empirical_roi_markers.R"",""results/tables/03_qc_exploration/05_empirical_roi_marker_discovery/empirical_roi_marker_sets.csv"",""tables"",""C","ANALYSIS_REFERENCE","decompose_bilateral_variance.R","","PROVENANCE","historical",FALSE,"MEDIUM",""
"decompose_bilateral_variance","pRoteomics","audits/phase6f_output_inventory.csv","148: ""analysis/03_spatial_validation/decompose_bilateral_variance.R"",""results/tables/11_spatial_systems/precision/bilateral_variance_decomposition.csv"",""tables"",""CAN","ANALYSIS_REFERENCE","decompose_bilateral_variance.R","","PROVENANCE","historical",FALSE,"MEDIUM",""
"decompose_bilateral_variance","pRoteomics","audits/phase6f_output_inventory.csv","388: ""analysis/05_wgcna/test_module_phenotypes.R"",""results/tables/06_modules_WGCNA/group_effects/<dataset>/all_supermodule_eigengene_group_values.csv"",""tables"",""PUBL","ANALYSIS_REFERENCE","decompose_bilateral_variance.R","","PROVENANCE","historical",FALSE,"MEDIUM",""
"decompose_bilateral_variance","pRoteomics","audits/phase6f_output_inventory.csv","389: ""analysis/05_wgcna/test_module_phenotypes.R"",""results/tables/06_modules_WGCNA/group_effects/<dataset>/all_supermodule_eigengene_spatial_group_values.csv"",""table","ANALYSIS_REFERENCE","decompose_bilateral_variance.R","","PROVENANCE","historical",FALSE,"MEDIUM",""
"decompose_bilateral_variance","pRoteomics","audits/phase6f_output_inventory.csv","390: ""analysis/05_wgcna/test_module_phenotypes.R"",""results/tables/06_modules_WGCNA/group_effects/<dataset>/module_group_effects.csv"",""tables"",""PUBLICATION_EXPORT"",""b","ANALYSIS_REFERENCE","decompose_bilateral_variance.R","","PROVENANCE","historical",FALSE,"MEDIUM",""
"decompose_bilateral_variance","pRoteomics","audits/phase6f_output_inventory.csv","391: ""analysis/05_wgcna/test_module_phenotypes.R"",""results/tables/06_modules_WGCNA/group_effects/<dataset>/supermodule_composition.csv"",""tables"",""PUBLICATION_EXPORT""","ANALYSIS_REFERENCE","decompose_bilateral_variance.R","","PROVENANCE","historical",FALSE,"MEDIUM",""
"decompose_bilateral_variance","pRoteomics","audits/phase6f_output_inventory.csv","392: ""analysis/05_wgcna/test_module_phenotypes.R"",""results/tables/06_modules_WGCNA/group_effects/<dataset>/supermodule_group_effects.csv"",""tables"",""PUBLICATION_EXPOR","ANALYSIS_REFERENCE","decompose_bilateral_variance.R","","PROVENANCE","historical",FALSE,"MEDIUM",""
"decompose_bilateral_variance","pRoteomics","audits/phase6f_output_inventory.csv","393: ""analysis/05_wgcna/test_module_phenotypes.R"",""results/tables/06_modules_WGCNA/group_effects/<dataset>/supermodule_pca_eigenvalues.csv"",""tables"",""PUBLICATION_EXP","ANALYSIS_REFERENCE","decompose_bilateral_variance.R","","PROVENANCE","historical",FALSE,"MEDIUM",""
"decompose_bilateral_variance","pRoteomics","audits/phase6f_output_inventory.csv","394: ""analysis/05_wgcna/test_module_phenotypes.R"",""results/tables/06_modules_WGCNA/group_effects/<dataset>/supermodule_pca_input_audit.csv"",""tables"",""PUBLICATION_EXP","ANALYSIS_REFERENCE","decompose_bilateral_variance.R","","PROVENANCE","historical",FALSE,"MEDIUM",""
"decompose_bilateral_variance","pRoteomics","audits/phase6f_output_inventory.csv","395: ""analysis/05_wgcna/test_module_phenotypes.R"",""results/tables/06_modules_WGCNA/group_effects/<dataset>/supermodule_pca_member_loadings.csv"",""tables"",""PUBLICATION","ANALYSIS_REFERENCE","decompose_bilateral_variance.R","","PROVENANCE","historical",FALSE,"MEDIUM",""
"decompose_bilateral_variance","pRoteomics","audits/phase6f_output_inventory.csv","396: ""analysis/05_wgcna/test_module_phenotypes.R"",""results/tables/06_modules_WGCNA/group_effects/<dataset>/WGCNA_group_effect_animal_spatial_unit_values.csv"",""tables","ANALYSIS_REFERENCE","decompose_bilateral_variance.R","","PROVENANCE","historical",FALSE,"MEDIUM",""
"decompose_bilateral_variance","pRoteomics","audits/phase6f_output_inventory.csv","397: ""analysis/05_wgcna/test_module_phenotypes.R"",""results/tables/06_modules_WGCNA/group_effects/<dataset>/WGCNA_group_effect_contract_status.csv"",""tables"",""PUBLICAT","ANALYSIS_REFERENCE","decompose_bilateral_variance.R","","PROVENANCE","historical",FALSE,"MEDIUM",""
"decompose_bilateral_variance","pRoteomics","audits/phase6f_output_inventory.csv","398: ""analysis/05_wgcna/test_module_phenotypes.R"",""results/tables/06_modules_WGCNA/group_effects/<dataset>/WGCNA_group_effect_downstream_consumer_migration_audit.csv","ANALYSIS_REFERENCE","decompose_bilateral_variance.R","","PROVENANCE","historical",FALSE,"MEDIUM",""
"decompose_bilateral_variance","pRoteomics","audits/phase6f_output_inventory.csv","399: ""analysis/05_wgcna/test_module_phenotypes.R"",""results/tables/06_modules_WGCNA/group_effects/<dataset>/WGCNA_group_effect_endpoint_provenance.csv"",""tables"",""PUBL","ANALYSIS_REFERENCE","decompose_bilateral_variance.R","","PROVENANCE","historical",FALSE,"MEDIUM",""
"decompose_bilateral_variance","pRoteomics","audits/phase6f_output_inventory.csv","400: ""analysis/05_wgcna/test_module_phenotypes.R"",""results/tables/06_modules_WGCNA/group_effects/<dataset>/WGCNA_group_effect_hemisphere_values.csv"",""tables"",""PUBLIC","ANALYSIS_REFERENCE","decompose_bilateral_variance.R","","PROVENANCE","historical",FALSE,"MEDIUM",""
"decompose_bilateral_variance","pRoteomics","audits/phase6f_output_inventory.csv","401: ""analysis/05_wgcna/test_module_phenotypes.R"",""results/tables/06_modules_WGCNA/group_effects/<dataset>/WGCNA_group_effect_interaction_conditional_followup.csv"",""","ANALYSIS_REFERENCE","decompose_bilateral_variance.R","","PROVENANCE","historical",FALSE,"MEDIUM",""
"decompose_bilateral_variance","pRoteomics","audits/phase6f_output_inventory.csv","402: ""analysis/05_wgcna/test_module_phenotypes.R"",""results/tables/06_modules_WGCNA/group_effects/<dataset>/WGCNA_group_effect_left_right_concordance.csv"",""tables"",""P","ANALYSIS_REFERENCE","decompose_bilateral_variance.R","","PROVENANCE","historical",FALSE,"MEDIUM",""
"decompose_bilateral_variance","pRoteomics","audits/phase6f_output_inventory.csv","403: ""analysis/05_wgcna/test_module_phenotypes.R"",""results/tables/06_modules_WGCNA/group_effects/<dataset>/WGCNA_group_effect_legacy_output_staleness_audit.csv"",""tab","ANALYSIS_REFERENCE","decompose_bilateral_variance.R","","PROVENANCE","historical",FALSE,"MEDIUM",""
"decompose_bilateral_variance","pRoteomics","audits/phase6f_output_inventory.csv","404: ""analysis/05_wgcna/test_module_phenotypes.R"",""results/tables/06_modules_WGCNA/group_effects/<dataset>/WGCNA_group_effect_model_validation.csv"",""tables"",""PUBLICA","ANALYSIS_REFERENCE","decompose_bilateral_variance.R","","PROVENANCE","historical",FALSE,"MEDIUM",""
"decompose_bilateral_variance","pRoteomics","audits/phase6f_output_inventory.csv","405: ""analysis/05_wgcna/test_module_phenotypes.R"",""results/tables/06_modules_WGCNA/group_effects/<dataset>/WGCNA_group_effect_sample_inclusion_audit.csv"",""tables"",""P","ANALYSIS_REFERENCE","decompose_bilateral_variance.R","","PROVENANCE","historical",FALSE,"MEDIUM",""
"decompose_bilateral_variance","pRoteomics","audits/phase6f_output_inventory.csv","406: ""analysis/05_wgcna/test_module_phenotypes.R"",""results/tables/06_modules_WGCNA/group_effects/<dataset>/WGCNA_group_effect_sensitivity.csv"",""tables"",""PUBLICATION_","ANALYSIS_REFERENCE","decompose_bilateral_variance.R","","PROVENANCE","historical",FALSE,"MEDIUM",""
"decompose_bilateral_variance","pRoteomics","audits/phase6f_output_inventory.csv","420: ""analysis/03_spatial_validation/decompose_bilateral_variance.R"",""results/tables/11_spatial_systems/precision/bilateral_precision_gain.csv"",""tables"",""PUBLICATION","ANALYSIS_REFERENCE","decompose_bilateral_variance.R","","PROVENANCE","historical",FALSE,"MEDIUM",""
"decompose_bilateral_variance","pRoteomics","audits/phase6g_coordinating_families_spatial_validation_premigration.csv","2: ""results/tables/11_spatial_systems/atlas"",""CANONICAL_OWNER"",""analysis/spatial_validation/build_protein_spatial_atlas.R"",""build_protein_spatial_atlas"",""results/t","NAMESPACE_BASENAME","11_spatial_systems","","PROVENANCE","historical",FALSE,"MEDIUM",""
"decompose_bilateral_variance","pRoteomics","audits/phase6g_coordinating_families_spatial_validation_premigration.csv","3: ""results/tables/11_spatial_systems/atlas"",""CANONICAL_OWNER"",""analysis/spatial_validation/build_protein_spatial_atlas.R"",""build_protein_spatial_atlas"",""results/t","NAMESPACE_BASENAME","11_spatial_systems","","PROVENANCE","historical",FALSE,"MEDIUM",""
"decompose_bilateral_variance","pRoteomics","audits/phase6g_coordinating_families_spatial_validation_premigration.csv","4: ""results/tables/11_spatial_systems/atlas"",""CANONICAL_OWNER"",""analysis/spatial_validation/build_protein_spatial_atlas.R"",""build_protein_spatial_atlas"",""results/t","NAMESPACE_BASENAME","11_spatial_systems","","PROVENANCE","historical",FALSE,"MEDIUM",""
"decompose_bilateral_variance","pRoteomics","audits/phase6g_coordinating_families_spatial_validation_premigration.csv","5: ""results/tables/11_spatial_systems/atlas"",""CONTRIBUTOR"",""analysis/spatial_validation/build_module_spatial_atlas.R"",""build_module_spatial_atlas"",""results/tables/","NAMESPACE_BASENAME","11_spatial_systems","","PROVENANCE","historical",FALSE,"MEDIUM",""
"decompose_bilateral_variance","pRoteomics","audits/phase6g_coordinating_families_spatial_validation_premigration.csv","6: ""results/tables/11_spatial_systems/atlas"",""CONTRIBUTOR"",""analysis/spatial_validation/build_module_spatial_atlas.R"",""build_module_spatial_atlas"",""results/tables/","NAMESPACE_BASENAME","11_spatial_systems","","PROVENANCE","historical",FALSE,"MEDIUM",""
"decompose_bilateral_variance","pRoteomics","audits/phase6g_coordinating_families_spatial_validation_premigration.csv","7: ""results/tables/11_spatial_systems/atlas"",""CONTRIBUTOR"",""analysis/spatial_validation/build_module_spatial_atlas.R"",""build_module_spatial_atlas"",""results/tables/","NAMESPACE_BASENAME","11_spatial_systems","","PROVENANCE","historical",FALSE,"MEDIUM",""
"decompose_bilateral_variance","pRoteomics","audits/phase6g_coordinating_families_spatial_validation_premigration.csv","8: ""results/tables/11_spatial_systems/atlas"",""CONTRIBUTOR"",""analysis/spatial_validation/build_module_spatial_atlas.R"",""build_module_spatial_atlas"",""results/tables/","NAMESPACE_BASENAME","11_spatial_systems","","PROVENANCE","historical",FALSE,"MEDIUM",""
"decompose_bilateral_variance","pRoteomics","audits/phase6g_coordinating_families_spatial_validation_premigration.csv","9: ""results/tables/11_spatial_systems/atlas"",""CONTRIBUTOR"",""analysis/spatial_validation/build_module_spatial_atlas.R"",""build_module_spatial_atlas"",""results/tables/","NAMESPACE_BASENAME","11_spatial_systems","","PROVENANCE","historical",FALSE,"MEDIUM",""
"decompose_bilateral_variance","pRoteomics","audits/phase6g_coordinating_families_spatial_validation_premigration.csv","10: ""results/tables/11_spatial_systems/atlas"",""CONTRIBUTOR"",""analysis/spatial_validation/build_module_spatial_atlas.R"",""build_module_spatial_atlas"",""results/tables/","NAMESPACE_BASENAME","11_spatial_systems","","PROVENANCE","historical",FALSE,"MEDIUM",""
"decompose_bilateral_variance","pRoteomics","audits/phase6g_coordinating_families_spatial_validation_premigration.csv","11: ""results/tables/11_spatial_systems/atlas"",""CONTRIBUTOR"",""analysis/spatial_validation/build_module_spatial_atlas.R"",""build_module_spatial_atlas"",""results/tables/","NAMESPACE_BASENAME","11_spatial_systems","","PROVENANCE","historical",FALSE,"MEDIUM",""
"decompose_bilateral_variance","pRoteomics","audits/phase6g_coordinating_families_spatial_validation_premigration.csv","12: ""results/tables/11_spatial_systems/atlas"",""CONTRIBUTOR"",""analysis/spatial_validation/build_module_spatial_atlas.R"",""build_module_spatial_atlas"",""results/tables/","NAMESPACE_BASENAME","11_spatial_systems","","PROVENANCE","historical",FALSE,"MEDIUM",""
"decompose_bilateral_variance","pRoteomics","audits/phase6g_coordinating_families_spatial_validation_premigration.csv","13: ""results/tables/11_spatial_systems/atlas"",""CONTRIBUTOR"",""analysis/spatial_validation/build_module_spatial_atlas.R"",""build_module_spatial_atlas"",""results/tables/","NAMESPACE_BASENAME","11_spatial_systems","","PROVENANCE","historical",FALSE,"MEDIUM",""
"decompose_bilateral_variance","pRoteomics","audits/phase6g_coordinating_families_spatial_validation_premigration.csv","14: ""results/tables/11_spatial_systems/atlas"",""CONTRIBUTOR"",""analysis/spatial_validation/build_module_spatial_atlas.R"",""build_module_spatial_atlas"",""results/tables/","NAMESPACE_BASENAME","11_spatial_systems","","PROVENANCE","historical",FALSE,"MEDIUM",""
"decompose_bilateral_variance","pRoteomics","audits/phase6g_coordinating_families_spatial_validation_premigration.csv","15: ""results/tables/11_spatial_systems/atlas"",""CONTRIBUTOR"",""analysis/spatial_validation/quantify_neuropil_detection_context.R"",""quantify_neuropil_detection_context","NAMESPACE_BASENAME","11_spatial_systems","","PROVENANCE","historical",FALSE,"MEDIUM",""
"decompose_bilateral_variance","pRoteomics","audits/phase6g_coordinating_families_spatial_validation_premigration.csv","16: ""results/tables/11_spatial_systems/atlas"",""CONTRIBUTOR"",""analysis/spatial_validation/quantify_neuropil_precision.R"",""quantify_neuropil_precision"",""results/table","NAMESPACE_BASENAME","11_spatial_systems","","PROVENANCE","historical",FALSE,"MEDIUM",""
"decompose_bilateral_variance","pRoteomics","audits/phase6g_coordinating_families_spatial_validation_premigration.csv","17: ""results/tables/11_spatial_systems/atlas"",""CONTRIBUTOR"",""analysis/spatial_validation/quantify_neuropil_precision.R"",""quantify_neuropil_precision"",""results/table","NAMESPACE_BASENAME","11_spatial_systems","","PROVENANCE","historical",FALSE,"MEDIUM",""
"decompose_bilateral_variance","pRoteomics","audits/phase6g_coordinating_families_spatial_validation_premigration.csv","18: ""results/tables/11_spatial_systems/atlas"",""CONTRIBUTOR"",""analysis/spatial_validation/test_network_group_organization.R"",""test_network_group_organization"",""resul","NAMESPACE_BASENAME","11_spatial_systems","","PROVENANCE","historical",FALSE,"MEDIUM",""
"decompose_bilateral_variance","pRoteomics","audits/phase6g_coordinating_families_spatial_validation_premigration.csv","19: ""results/tables/11_spatial_systems/atlas"",""CONTRIBUTOR"",""analysis/spatial_validation/test_network_group_organization.R"",""test_network_group_organization"",""resul","NAMESPACE_BASENAME","11_spatial_systems","","PROVENANCE","historical",FALSE,"MEDIUM",""
"decompose_bilateral_variance","pRoteomics","audits/phase6g_coordinating_families_spatial_validation_premigration.csv","20: ""results/tables/11_spatial_systems/atlas"",""CONTRIBUTOR"",""analysis/spatial_validation/audit_stress_identity_robustness.R"",""audit_stress_identity_robustness"",""res","NAMESPACE_BASENAME","11_spatial_systems","","PROVENANCE","historical",FALSE,"MEDIUM",""
"decompose_bilateral_variance","pRoteomics","audits/phase6g_coordinating_families_spatial_validation_premigration.csv","21: ""results/tables/11_spatial_systems/bilateral"",""CANONICAL_OWNER"",""analysis/spatial_validation/quantify_bilateral_spatial_identity.R"",""quantify_bilateral_spatial_","NAMESPACE_BASENAME","11_spatial_systems","","PROVENANCE","historical",FALSE,"MEDIUM",""
"decompose_bilateral_variance","pRoteomics","audits/phase6g_coordinating_families_spatial_validation_premigration.csv","22: ""results/tables/11_spatial_systems/bilateral"",""CANONICAL_OWNER"",""analysis/spatial_validation/quantify_bilateral_spatial_identity.R"",""quantify_bilateral_spatial_","NAMESPACE_BASENAME","11_spatial_systems","","PROVENANCE","historical",FALSE,"MEDIUM",""
"decompose_bilateral_variance","pRoteomics","audits/phase6g_coordinating_families_spatial_validation_premigration.csv","23: ""results/tables/11_spatial_systems/bilateral"",""CONTRIBUTOR"",""analysis/spatial_validation/quantify_empirical_compartments.R"",""quantify_empirical_compartments"",""r","NAMESPACE_BASENAME","11_spatial_systems","","PROVENANCE","historical",FALSE,"MEDIUM",""
"decompose_bilateral_variance","pRoteomics","audits/phase6g_coordinating_families_spatial_validation_premigration.csv","24: ""results/tables/11_spatial_systems/bilateral"",""CONTRIBUTOR"",""analysis/spatial_validation/quantify_empirical_compartments.R"",""quantify_empirical_compartments"",""r","NAMESPACE_BASENAME","11_spatial_systems","","PROVENANCE","historical",FALSE,"MEDIUM",""
"decompose_bilateral_variance","pRoteomics","audits/phase6g_coordinating_families_spatial_validation_premigration.csv","25: ""results/tables/11_spatial_systems/bilateral"",""CONTRIBUTOR"",""analysis/spatial_validation/quantify_empirical_compartments.R"",""quantify_empirical_compartments"",""r","NAMESPACE_BASENAME","11_spatial_systems","","PROVENANCE","historical",FALSE,"MEDIUM",""
"decompose_bilateral_variance","pRoteomics","audits/phase6g_coordinating_families_spatial_validation_premigration.csv","26: ""results/tables/11_spatial_systems/bilateral"",""CONTRIBUTOR"",""analysis/spatial_validation/quantify_module_bilateral_identity.R"",""quantify_module_bilateral_identi","NAMESPACE_BASENAME","11_spatial_systems","","PROVENANCE","historical",FALSE,"MEDIUM",""
"decompose_bilateral_variance","pRoteomics","audits/phase6g_coordinating_families_spatial_validation_premigration.csv","27: ""results/tables/11_spatial_systems/bilateral"",""CONTRIBUTOR"",""analysis/spatial_validation/quantify_module_bilateral_identity.R"",""quantify_module_bilateral_identi","NAMESPACE_BASENAME","11_spatial_systems","","PROVENANCE","historical",FALSE,"MEDIUM",""
"decompose_bilateral_variance","pRoteomics","audits/phase6g_coordinating_families_spatial_validation_premigration.csv","28: ""results/tables/11_spatial_systems/bilateral"",""CONTRIBUTOR"",""analysis/spatial_validation/quantify_module_bilateral_identity.R"",""quantify_module_bilateral_identi","NAMESPACE_BASENAME","11_spatial_systems","","PROVENANCE","historical",FALSE,"MEDIUM",""
"decompose_bilateral_variance","pRoteomics","audits/phase6g_coordinating_families_spatial_validation_premigration.csv","29: ""results/tables/11_spatial_systems/ca2_slm_robustness"",""CANONICAL_OWNER"",""analysis/spatial_validation/audit_ca2_slm_robustness.R"",""audit_ca2_slm_robustness"",""re","NAMESPACE_BASENAME","11_spatial_systems","","PROVENANCE","historical",FALSE,"MEDIUM",""
"decompose_bilateral_variance","pRoteomics","audits/phase6g_coordinating_families_spatial_validation_premigration.csv","30: ""results/tables/11_spatial_systems/ca2_slm_robustness"",""CANONICAL_OWNER"",""analysis/spatial_validation/audit_ca2_slm_robustness.R"",""audit_ca2_slm_robustness"",""re","NAMESPACE_BASENAME","11_spatial_systems","","PROVENANCE","historical",FALSE,"MEDIUM",""
"decompose_bilateral_variance","pRoteomics","audits/phase6g_coordinating_families_spatial_validation_premigration.csv","31: ""results/tables/11_spatial_systems/ca2_slm_robustness"",""CANONICAL_OWNER"",""analysis/spatial_validation/audit_ca2_slm_robustness.R"",""audit_ca2_slm_robustness"",""re","NAMESPACE_BASENAME","11_spatial_systems","","PROVENANCE","historical",FALSE,"MEDIUM",""
"decompose_bilateral_variance","pRoteomics","audits/phase6g_coordinating_families_spatial_validation_premigration.csv","32: ""results/tables/11_spatial_systems/ca2_slm_robustness"",""CANONICAL_OWNER"",""analysis/spatial_validation/audit_ca2_slm_robustness.R"",""audit_ca2_slm_robustness"",""re","NAMESPACE_BASENAME","11_spatial_systems","","PROVENANCE","historical",FALSE,"MEDIUM",""
"decompose_bilateral_variance","pRoteomics","audits/phase6g_coordinating_families_spatial_validation_premigration.csv","33: ""results/tables/11_spatial_systems/ca2_slm_robustness"",""CANONICAL_OWNER"",""analysis/spatial_validation/audit_ca2_slm_robustness.R"",""audit_ca2_slm_robustness"",""re","NAMESPACE_BASENAME","11_spatial_systems","","PROVENANCE","historical",FALSE,"MEDIUM",""
"decompose_bilateral_variance","pRoteomics","audits/phase6g_coordinating_families_spatial_validation_premigration.csv","34: ""results/tables/11_spatial_systems/ca2_slm_robustness"",""CANONICAL_OWNER"",""analysis/spatial_validation/audit_ca2_slm_robustness.R"",""audit_ca2_slm_robustness"",""re","NAMESPACE_BASENAME","11_spatial_systems","","PROVENANCE","historical",FALSE,"MEDIUM",""
"decompose_bilateral_variance","pRoteomics","audits/phase6g_coordinating_families_spatial_validation_premigration.csv","35: ""results/tables/11_spatial_systems/ca2_slm_robustness"",""CONTRIBUTOR"",""analysis/spatial_validation/audit_stress_identity_robustness.R"",""audit_stress_identity_rob","NAMESPACE_BASENAME","11_spatial_systems","","PROVENANCE","historical",FALSE,"MEDIUM",""
"decompose_bilateral_variance","pRoteomics","audits/phase6g_coordinating_families_spatial_validation_premigration.csv","36: ""results/tables/11_spatial_systems/ca2_slm_robustness"",""CONTRIBUTOR"",""analysis/spatial_validation/audit_stress_identity_robustness.R"",""audit_stress_identity_rob","NAMESPACE_BASENAME","11_spatial_systems","","PROVENANCE","historical",FALSE,"MEDIUM",""
"decompose_bilateral_variance","pRoteomics","audits/phase6g_coordinating_families_spatial_validation_premigration.csv","37: ""results/tables/11_spatial_systems/ca2_slm_robustness"",""CONTRIBUTOR"",""analysis/spatial_validation/audit_stress_identity_robustness.R"",""audit_stress_identity_rob","NAMESPACE_BASENAME","11_spatial_systems","","PROVENANCE","historical",FALSE,"MEDIUM",""
"decompose_bilateral_variance","pRoteomics","audits/phase6g_coordinating_families_spatial_validation_premigration.csv","38: ""results/tables/11_spatial_systems/ca2_slm_robustness"",""CONTRIBUTOR"",""analysis/spatial_validation/audit_stress_identity_robustness.R"",""audit_stress_identity_rob","NAMESPACE_BASENAME","11_spatial_systems","","PROVENANCE","historical",FALSE,"MEDIUM",""
"decompose_bilateral_variance","pRoteomics","audits/phase6g_coordinating_families_spatial_validation_premigration.csv","39: ""results/tables/11_spatial_systems/ca2_slm_robustness"",""CONTRIBUTOR"",""analysis/spatial_validation/audit_stress_identity_robustness.R"",""audit_stress_identity_rob","NAMESPACE_BASENAME","11_spatial_systems","","PROVENANCE","historical",FALSE,"MEDIUM",""
"decompose_bilateral_variance","pRoteomics","audits/phase6g_coordinating_families_spatial_validation_premigration.csv","40: ""results/tables/11_spatial_systems/ca2_slm_robustness"",""CONTRIBUTOR"",""analysis/spatial_validation/audit_stress_identity_robustness.R"",""audit_stress_identity_rob","NAMESPACE_BASENAME","11_spatial_systems","","PROVENANCE","historical",FALSE,"MEDIUM",""
"decompose_bilateral_variance","pRoteomics","audits/phase6g_coordinating_families_spatial_validation_premigration.csv","41: ""results/tables/11_spatial_systems/ca2_slm_robustness"",""CONTRIBUTOR"",""analysis/spatial_validation/summarize_ca2_slm_robustness.R"",""summarize_ca2_slm_robustness""","NAMESPACE_BASENAME","11_spatial_systems","","PROVENANCE","historical",FALSE,"MEDIUM",""
"decompose_bilateral_variance","pRoteomics","audits/phase6g_coordinating_families_spatial_validation_premigration.csv","42: ""results/tables/11_spatial_systems/networks"",""CANONICAL_OWNER"",""analysis/spatial_validation/test_network_group_organization.R"",""test_network_group_organization""","NAMESPACE_BASENAME","11_spatial_systems","","PROVENANCE","historical",FALSE,"MEDIUM",""
"decompose_bilateral_variance","pRoteomics","audits/phase6g_coordinating_families_spatial_validation_premigration.csv","43: ""results/tables/11_spatial_systems/networks"",""CANONICAL_OWNER"",""analysis/spatial_validation/test_network_group_organization.R"",""test_network_group_organization""","NAMESPACE_BASENAME","11_spatial_systems","","PROVENANCE","historical",FALSE,"MEDIUM",""
"decompose_bilateral_variance","pRoteomics","audits/phase6g_coordinating_families_spatial_validation_premigration.csv","44: ""results/tables/11_spatial_systems/networks"",""CANONICAL_OWNER"",""analysis/spatial_validation/test_network_group_organization.R"",""test_network_group_organization""","NAMESPACE_BASENAME","11_spatial_systems","","PROVENANCE","historical",FALSE,"MEDIUM",""
"decompose_bilateral_variance","pRoteomics","audits/phase6g_coordinating_families_spatial_validation_premigration.csv","45: ""results/tables/11_spatial_systems/networks"",""CANONICAL_OWNER"",""analysis/spatial_validation/test_network_group_organization.R"",""test_network_group_organization""","NAMESPACE_BASENAME","11_spatial_systems","","PROVENANCE","historical",FALSE,"MEDIUM",""
"decompose_bilateral_variance","pRoteomics","audits/phase6g_coordinating_families_spatial_validation_premigration.csv","46: ""results/tables/11_spatial_systems/networks"",""CANONICAL_OWNER"",""analysis/spatial_validation/test_network_group_organization.R"",""test_network_group_organization""","NAMESPACE_BASENAME","11_spatial_systems","","PROVENANCE","historical",FALSE,"MEDIUM",""
"decompose_bilateral_variance","pRoteomics","audits/phase6g_coordinating_families_spatial_validation_premigration.csv","47: ""results/tables/11_spatial_systems/networks"",""CANONICAL_OWNER"",""analysis/spatial_validation/test_network_group_organization.R"",""test_network_group_organization""","NAMESPACE_BASENAME","11_spatial_systems","","PROVENANCE","historical",FALSE,"MEDIUM",""
"decompose_bilateral_variance","pRoteomics","audits/phase6g_coordinating_families_spatial_validation_premigration.csv","48: ""results/tables/11_spatial_systems/networks"",""CANONICAL_OWNER"",""analysis/spatial_validation/test_network_group_organization.R"",""test_network_group_organization""","NAMESPACE_BASENAME","11_spatial_systems","","PROVENANCE","historical",FALSE,"MEDIUM",""
"decompose_bilateral_variance","pRoteomics","audits/phase6g_coordinating_families_spatial_validation_premigration.csv","49: ""results/tables/11_spatial_systems/networks"",""CANONICAL_OWNER"",""analysis/spatial_validation/test_network_group_organization.R"",""test_network_group_organization""","NAMESPACE_BASENAME","11_spatial_systems","","PROVENANCE","historical",FALSE,"MEDIUM",""
"decompose_bilateral_variance","pRoteomics","audits/phase6g_coordinating_families_spatial_validation_premigration.csv","50: ""results/tables/11_spatial_systems/networks"",""CANONICAL_OWNER"",""analysis/spatial_validation/test_network_group_organization.R"",""test_network_group_organization""","NAMESPACE_BASENAME","11_spatial_systems","","PROVENANCE","historical",FALSE,"MEDIUM",""
"decompose_bilateral_variance","pRoteomics","audits/phase6g_coordinating_families_spatial_validation_premigration.csv","51: ""results/tables/11_spatial_systems/networks"",""CANONICAL_OWNER"",""analysis/spatial_validation/test_network_group_organization.R"",""test_network_group_organization""","NAMESPACE_BASENAME","11_spatial_systems","","PROVENANCE","historical",FALSE,"MEDIUM",""
"decompose_bilateral_variance","pRoteomics","audits/phase6g_coordinating_families_spatial_validation_premigration.csv","52: ""results/tables/11_spatial_systems/networks"",""CONTRIBUTOR"",""analysis/spatial_validation/build_animal_spatial_networks.R"",""build_animal_spatial_networks"",""result","NAMESPACE_BASENAME","11_spatial_systems","","PROVENANCE","historical",FALSE,"MEDIUM",""
"decompose_bilateral_variance","pRoteomics","audits/phase6g_coordinating_families_spatial_validation_premigration.csv","53: ""results/tables/11_spatial_systems/networks"",""CONTRIBUTOR"",""analysis/spatial_validation/build_animal_spatial_networks.R"",""build_animal_spatial_networks"",""result","NAMESPACE_BASENAME","11_spatial_systems","","PROVENANCE","historical",FALSE,"MEDIUM",""
"decompose_bilateral_variance","pRoteomics","audits/phase6g_coordinating_families_spatial_validation_premigration.csv","54: ""results/tables/11_spatial_systems/networks"",""CONTRIBUTOR"",""analysis/spatial_validation/build_animal_spatial_networks.R"",""build_animal_spatial_networks"",""result","NAMESPACE_BASENAME","11_spatial_systems","","PROVENANCE","historical",FALSE,"MEDIUM",""
"decompose_bilateral_variance","pRoteomics","audits/phase6g_coordinating_families_spatial_validation_premigration.csv","55: ""results/tables/11_spatial_systems/networks"",""CONTRIBUTOR"",""analysis/spatial_validation/build_animal_spatial_networks.R"",""build_animal_spatial_networks"",""result","NAMESPACE_BASENAME","11_spatial_systems","","PROVENANCE","historical",FALSE,"MEDIUM",""
"decompose_bilateral_variance","pRoteomics","audits/phase6g_coordinating_families_spatial_validation_premigration.csv","56: ""results/tables/11_spatial_systems/networks"",""CONTRIBUTOR"",""analysis/spatial_validation/build_animal_spatial_networks.R"",""build_animal_spatial_networks"",""result","NAMESPACE_BASENAME","11_spatial_systems","","PROVENANCE","historical",FALSE,"MEDIUM",""
"decompose_bilateral_variance","pRoteomics","audits/phase6g_coordinating_families_spatial_validation_premigration.csv","57: ""results/tables/11_spatial_systems/networks"",""CONTRIBUTOR"",""analysis/spatial_validation/build_animal_spatial_networks.R"",""build_animal_spatial_networks"",""result","NAMESPACE_BASENAME","11_spatial_systems","","PROVENANCE","historical",FALSE,"MEDIUM",""
"decompose_bilateral_variance","pRoteomics","audits/phase6g_coordinating_families_spatial_validation_premigration.csv","58: ""results/tables/11_spatial_systems/networks"",""CONTRIBUTOR"",""analysis/spatial_validation/build_animal_spatial_networks.R"",""build_animal_spatial_networks"",""result","NAMESPACE_BASENAME","11_spatial_systems","","PROVENANCE","historical",FALSE,"MEDIUM",""
"decompose_bilateral_variance","pRoteomics","audits/phase6g_coordinating_families_spatial_validation_premigration.csv","59: ""results/tables/11_spatial_systems/networks"",""CONTRIBUTOR"",""analysis/spatial_validation/validate_network_workbook.R"",""validate_network_workbook"",""results/tables","NAMESPACE_BASENAME","11_spatial_systems","","PROVENANCE","historical",FALSE,"MEDIUM",""
"decompose_bilateral_variance","pRoteomics","audits/phase6g_coordinating_families_spatial_validation_premigration.csv","60: ""results/tables/11_spatial_systems/networks"",""CONTRIBUTOR"",""analysis/spatial_validation/validate_network_workbook.R"",""validate_network_workbook"",""results/tables","NAMESPACE_BASENAME","11_spatial_systems","","PROVENANCE","historical",FALSE,"MEDIUM",""
"decompose_bilateral_variance","pRoteomics","audits/phase6g_coordinating_families_spatial_validation_premigration.csv","61: ""results/tables/11_spatial_systems/networks"",""CONTRIBUTOR"",""analysis/spatial_validation/validate_network_workbook.R"",""validate_network_workbook"",""results/tables","NAMESPACE_BASENAME","11_spatial_systems","","PROVENANCE","historical",FALSE,"MEDIUM",""
"decompose_bilateral_variance","pRoteomics","audits/phase6g_coordinating_families_spatial_validation_premigration.csv","16: ""results/tables/11_spatial_systems/atlas"",""CONTRIBUTOR"",""analysis/spatial_validation/quantify_neuropil_precision.R"",""quantify_neuropil_precision"",""results/table","NAMESPACE_BASENAME","precision","","PROVENANCE","historical",FALSE,"MEDIUM",""
"decompose_bilateral_variance","pRoteomics","audits/phase6g_coordinating_families_spatial_validation_premigration.csv","17: ""results/tables/11_spatial_systems/atlas"",""CONTRIBUTOR"",""analysis/spatial_validation/quantify_neuropil_precision.R"",""quantify_neuropil_precision"",""results/table","NAMESPACE_BASENAME","precision","","PROVENANCE","historical",FALSE,"MEDIUM",""
"decompose_bilateral_variance","pRoteomics","audits/phase6g_writer_namespace_audit.csv","16: ""spatial_validation"",""decompose_bilateral_variance"",""analysis/spatial_validation/decompose_bilateral_variance.R"",""results/spatial_validation/decompose_bilateral","FULL_PATH","results/spatial_validation/decompose_bilateral_variance/global/tables/bilateral_variance_decomposition.csv","","PROVENANCE","historical",FALSE,"HIGH",""
"decompose_bilateral_variance","pRoteomics","audits/phase6g_writer_namespace_audit.csv","16: ""spatial_validation"",""decompose_bilateral_variance"",""analysis/spatial_validation/decompose_bilateral_variance.R"",""results/spatial_validation/decompose_bilateral","FULL_PATH","results/spatial_validation/decompose_bilateral_variance/global/tables/bilateral_precision_gain.csv","","PROVENANCE","historical",FALSE,"HIGH",""
"decompose_bilateral_variance","pRoteomics","audits/phase6g_writer_namespace_audit.csv","16: ""spatial_validation"",""decompose_bilateral_variance"",""analysis/spatial_validation/decompose_bilateral_variance.R"",""results/spatial_validation/decompose_bilateral","NAMESPACE_BASENAME","precision","","PROVENANCE","historical",FALSE,"MEDIUM",""
"decompose_bilateral_variance","pRoteomics","audits/phase6g_writer_namespace_audit.csv","21: ""spatial_validation"",""quantify_neuropil_precision"",""analysis/spatial_validation/quantify_neuropil_precision.R"",""results/spatial_validation/quantify_neuropil_pre","NAMESPACE_BASENAME","precision","","PROVENANCE","historical",FALSE,"MEDIUM",""
"decompose_bilateral_variance","pRoteomics","audits/phase6g_writer_namespace_audit.csv","16: ""spatial_validation"",""decompose_bilateral_variance"",""analysis/spatial_validation/decompose_bilateral_variance.R"",""results/spatial_validation/decompose_bilateral","ANALYSIS_REFERENCE","decompose_bilateral_variance","","PROVENANCE","historical",FALSE,"MEDIUM",""
"decompose_bilateral_variance","pRoteomics","audits/phase6g_writer_namespace_audit.csv","16: ""spatial_validation"",""decompose_bilateral_variance"",""analysis/spatial_validation/decompose_bilateral_variance.R"",""results/spatial_validation/decompose_bilateral","ANALYSIS_REFERENCE","decompose_bilateral_variance.R","","PROVENANCE","historical",FALSE,"MEDIUM",""
"decompose_bilateral_variance","pRoteomics","audits/publication_hardening/01_manuscript_contract.R","150: ""none - descriptive precision context"",","NAMESPACE_BASENAME","precision","","PROVENANCE","historical",FALSE,"MEDIUM",""
"decompose_bilateral_variance","pRoteomics","audits/publication_hardening/02_statistical_audits.R","97: S(""bilateral precision"", ""intraclass correlation (ICC)"",","NAMESPACE_BASENAME","precision","","PROVENANCE","historical",FALSE,"MEDIUM",""
"decompose_bilateral_variance","pRoteomics","audits/publication_hardening/02_statistical_audits.R","99: ""axis reads ICC; caption states descriptive precision context""),","NAMESPACE_BASENAME","precision","","PROVENANCE","historical",FALSE,"MEDIUM",""
"decompose_bilateral_variance","pRoteomics","audits/publication_hardening/06_target_structure_and_risk.R","31: ""00_setup .. 11_spatial_systems, 122 scripts, 141 registered steps"",","NAMESPACE_BASENAME","11_spatial_systems","","PROVENANCE","historical",FALSE,"MEDIUM",""
"decompose_bilateral_variance","pRoteomics","audits/publication_hardening/10_manuscript_provenance.R","91: file.path(TB, ""11_spatial_systems/bilateral/bilateral_spatial_identity_summary.csv""),","NAMESPACE_BASENAME","11_spatial_systems","file.path","PROVENANCE","historical",FALSE,"HIGH",""
"decompose_bilateral_variance","pRoteomics","audits/publication_hardening/10_manuscript_provenance.R","97: file.path(TB, ""11_spatial_systems/bilateral/bilateral_spatial_identity_summary.csv""),","NAMESPACE_BASENAME","11_spatial_systems","file.path","PROVENANCE","historical",FALSE,"HIGH",""
"decompose_bilateral_variance","pRoteomics","audits/publication_hardening/10_manuscript_provenance.R","102: file.path(TB, ""11_spatial_systems/bilateral/bilateral_spatial_identity_summary.csv""),","NAMESPACE_BASENAME","11_spatial_systems","file.path","PROVENANCE","historical",FALSE,"HIGH",""
"decompose_bilateral_variance","pRoteomics","audits/publication_hardening/10_manuscript_provenance.R","107: file.path(TB, ""11_spatial_systems/bilateral/bilateral_spatial_identity_summary.csv""),","NAMESPACE_BASENAME","11_spatial_systems","file.path","PROVENANCE","historical",FALSE,"HIGH",""
"decompose_bilateral_variance","pRoteomics","audits/publication_hardening/10_manuscript_provenance.R","111: file.path(TB, ""11_spatial_systems/bilateral/bilateral_spatial_identity_summary.csv""),","NAMESPACE_BASENAME","11_spatial_systems","file.path","PROVENANCE","historical",FALSE,"HIGH",""
"decompose_bilateral_variance","pRoteomics","audits/publication_hardening/10_manuscript_provenance.R","117: file.path(TB, ""11_spatial_systems/bilateral/bilateral_spatial_identity_summary.csv""),","NAMESPACE_BASENAME","11_spatial_systems","file.path","PROVENANCE","historical",FALSE,"HIGH",""
"decompose_bilateral_variance","pRoteomics","audits/publication_hardening/10_manuscript_provenance.R","160: file.path(TB, ""11_spatial_systems/ca2_slm_robustness""),","NAMESPACE_BASENAME","11_spatial_systems","file.path","PROVENANCE","historical",FALSE,"HIGH",""
"decompose_bilateral_variance","pRoteomics","audits/publication_hardening/10_manuscript_provenance.R","169: file.path(TB, ""11_spatial_systems/ca2_slm_robustness""), ""robustness class"",","NAMESPACE_BASENAME","11_spatial_systems","file.path","PROVENANCE","historical",FALSE,"HIGH",""
"decompose_bilateral_variance","pRoteomics","audits/publication_hardening/10_manuscript_provenance.R","124: file.path(SD, ""extended_data/v9_ed_precision_source_data.csv""),","NAMESPACE_BASENAME","precision","file.path","PROVENANCE","historical",FALSE,"HIGH",""
"decompose_bilateral_variance","pRoteomics","audits/publication_hardening/10_manuscript_provenance.R","323: ""v9_ed_precision_source_data.csv"", ""none - descriptive; no test applied"",","NAMESPACE_BASENAME","precision","file.path","PROVENANCE","historical",FALSE,"HIGH",""
"decompose_bilateral_variance","pRoteomics","audits/publication_hardening/11_manuscript_phase2_contracts.R","183: ""results/tables/11_spatial_systems/bilateral/bilateral_spatial_identity_summary.csv"",","NAMESPACE_BASENAME","11_spatial_systems","","PROVENANCE","historical",FALSE,"MEDIUM",""
"decompose_bilateral_variance","pRoteomics","audits/restructure_migration_map.csv","3: ""pRoteomics"",""results/tables/11_spatial_systems/precision/bilateral_precision_gain.csv"",""3496f108d7f64128f48c6595578451f72c28a1812f24a1cabe39767a617e176b"",""pRot","FULL_PATH","results/tables/11_spatial_systems/precision/bilateral_precision_gain.csv","","PROVENANCE","historical",FALSE,"HIGH",""
"decompose_bilateral_variance","pRoteomics","audits/restructure_migration_map.csv","2: ""pRoteomics"",""results/tables/11_spatial_systems/bilateral/bilateral_spatial_identity_summary.csv"",""d2edfdfbdac525bf4574b4e7e41dc5b2863f8f6188223d0d44c42c1960f2d","NAMESPACE_BASENAME","11_spatial_systems","","PROVENANCE","historical",FALSE,"MEDIUM",""
"decompose_bilateral_variance","pRoteomics","audits/restructure_migration_map.csv","3: ""pRoteomics"",""results/tables/11_spatial_systems/precision/bilateral_precision_gain.csv"",""3496f108d7f64128f48c6595578451f72c28a1812f24a1cabe39767a617e176b"",""pRot","NAMESPACE_BASENAME","11_spatial_systems","","PROVENANCE","historical",FALSE,"MEDIUM",""
"decompose_bilateral_variance","pRoteomics","audits/restructure_migration_map.csv","6: ""pRoteomics"",""results/tables/11_spatial_systems/ca2_slm_robustness/CA2_SLM_DAP_robustness.csv"",""bf9b9305dcbbdcc0df9fe09f946f8e2e9aa7641cbc0c2174ab5af4d8c3deeb5b","NAMESPACE_BASENAME","11_spatial_systems","","PROVENANCE","historical",FALSE,"MEDIUM",""
"decompose_bilateral_variance","pRoteomics","audits/restructure_migration_map.csv","7: ""pRoteomics"",""results/tables/11_spatial_systems/ca2_slm_robustness/CA2_SLM_normalization_bias_context.csv"",""980adb698dc1566c7ff28d543da290d060bb1665bdb80dc58d65","NAMESPACE_BASENAME","11_spatial_systems","","PROVENANCE","historical",FALSE,"MEDIUM",""
"decompose_bilateral_variance","pRoteomics","audits/restructure_migration_map.csv","8: ""pRoteomics"",""results/tables/11_spatial_systems/ca2_slm_robustness/CA2_SLM_sample_context.csv"",""8d4f6feddf4da77fd265a94cac7ef6f17b0b91aed607715309fbd6430d430b8b","NAMESPACE_BASENAME","11_spatial_systems","","PROVENANCE","historical",FALSE,"MEDIUM",""
"decompose_bilateral_variance","pRoteomics","audits/restructure_migration_map.csv","13: ""pRoteomics"",""results/tables/11_spatial_systems/networks/animal_network_distance_from_CON.csv"",""3b5c28197615fc3fef706603d46216e12015d189eada4c46cce6cf10f0310443","NAMESPACE_BASENAME","11_spatial_systems","","PROVENANCE","historical",FALSE,"MEDIUM",""
"decompose_bilateral_variance","pRoteomics","audits/restructure_migration_map.csv","14: ""pRoteomics"",""results/tables/11_spatial_systems/networks/CON_spatial_molecular_similarity_matrix.csv"",""8d8cbdf9d88bbc7ed3decbfe754ddc43a059ec2262ad0027a2e6da8d6","NAMESPACE_BASENAME","11_spatial_systems","","PROVENANCE","historical",FALSE,"MEDIUM",""
"decompose_bilateral_variance","pRoteomics","audits/restructure_migration_map.csv","15: ""pRoteomics"",""results/tables/11_spatial_systems/networks/network_global_multivariate_test.csv"",""19fcd9bd15800f63acfee6169aaae7cbd36127aa1fad2d279a33449084397cd2","NAMESPACE_BASENAME","11_spatial_systems","","PROVENANCE","historical",FALSE,"MEDIUM",""
"decompose_bilateral_variance","pRoteomics","audits/restructure_migration_map.csv","27: ""pRoteomics"",""results/tables/11_spatial_systems/bilateral/bilateral_spatial_identity_protein_level.csv"",""46c54b479c068823f82bd4b1a1b73016ad8974bc55749d3069f8469","NAMESPACE_BASENAME","11_spatial_systems","","PROVENANCE","historical",FALSE,"MEDIUM",""
"decompose_bilateral_variance","pRoteomics","audits/restructure_migration_map.csv","29: ""pRoteomics"",""results/tables/11_spatial_systems/atlas/protein_spatial_cell_affinity.csv"",""2c054c2b5b37fc430304bc9a08bd6111897a4c1b61211b62ba540c0b1f4537f3"",""pRo","NAMESPACE_BASENAME","11_spatial_systems","","PROVENANCE","historical",FALSE,"MEDIUM",""
"decompose_bilateral_variance","pRoteomics","audits/restructure_migration_map.csv","30: ""pRoteomics"",""results/tables/11_spatial_systems/atlas/protein_sus_res_fdr_supported_atlas.csv"",""021e5bed7eeccf4f85d0c4e0d46aa20b29a75fdf1f655581b111ca0d208d8c6e","NAMESPACE_BASENAME","11_spatial_systems","","PROVENANCE","historical",FALSE,"MEDIUM",""
"decompose_bilateral_variance","pRoteomics","audits/restructure_migration_map.csv","3: ""pRoteomics"",""results/tables/11_spatial_systems/precision/bilateral_precision_gain.csv"",""3496f108d7f64128f48c6595578451f72c28a1812f24a1cabe39767a617e176b"",""pRot","NAMESPACE_BASENAME","precision","","PROVENANCE","historical",FALSE,"MEDIUM",""
"decompose_bilateral_variance","pRoteomics","audits/restructure_migration_map.csv","62: ""pRoteomics"",""results/figures/manuscript_candidates/final_truth_v9/extended_data/panels/v9_ed_precision.svg"",""756b235cd8aa414d100e9720ae41cd4ae7535fec1f474c3320","NAMESPACE_BASENAME","precision","","PROVENANCE","historical",FALSE,"MEDIUM",""
"decompose_bilateral_variance","pRoteomics","audits/restructure_migration_map.csv","171: ""pRoteomics"",""results/source_data/manuscript_candidates/final_truth_v9/extended_data/v9_ed_precision_source_data.csv"",""299c8a71c7dd7e719a6bcd6e0925aac59db91d10c","NAMESPACE_BASENAME","precision","","PROVENANCE","historical",FALSE,"MEDIUM",""
"decompose_bilateral_variance","pRoteomics","audits/verify_scientific_contracts.R","52: ""results/tables/11_spatial_systems/precision/bilateral_precision_gain.csv"")),","FULL_PATH","results/tables/11_spatial_systems/precision/bilateral_precision_gain.csv","","PROVENANCE","active",FALSE,"HIGH",""
"decompose_bilateral_variance","pRoteomics","audits/verify_scientific_contracts.R","29: ""results/tables/11_spatial_systems/ca2_slm_robustness/CA2_SLM_DAP_robustness.csv"",","NAMESPACE_BASENAME","11_spatial_systems","","PROVENANCE","active",FALSE,"MEDIUM",""
"decompose_bilateral_variance","pRoteomics","audits/verify_scientific_contracts.R","30: ""results/tables/11_spatial_systems/ca2_slm_robustness/CA2_SLM_normalization_bias_context.csv"",","NAMESPACE_BASENAME","11_spatial_systems","","PROVENANCE","active",FALSE,"MEDIUM",""
"decompose_bilateral_variance","pRoteomics","audits/verify_scientific_contracts.R","31: ""results/tables/11_spatial_systems/ca2_slm_robustness/CA2_SLM_sample_context.csv"")),","NAMESPACE_BASENAME","11_spatial_systems","","PROVENANCE","active",FALSE,"MEDIUM",""
"decompose_bilateral_variance","pRoteomics","audits/verify_scientific_contracts.R","45: objects = ""results/tables/11_spatial_systems/atlas/protein_sus_res_fdr_supported_atlas.csv""),","NAMESPACE_BASENAME","11_spatial_systems","","PROVENANCE","active",FALSE,"MEDIUM",""
"decompose_bilateral_variance","pRoteomics","audits/verify_scientific_contracts.R","50: ""results/tables/11_spatial_systems/bilateral/bilateral_spatial_identity_summary.csv"",","NAMESPACE_BASENAME","11_spatial_systems","","PROVENANCE","active",FALSE,"MEDIUM",""
"decompose_bilateral_variance","pRoteomics","audits/verify_scientific_contracts.R","51: ""results/tables/11_spatial_systems/bilateral/bilateral_spatial_identity_protein_level.csv"",","NAMESPACE_BASENAME","11_spatial_systems","","PROVENANCE","active",FALSE,"MEDIUM",""
"decompose_bilateral_variance","pRoteomics","audits/verify_scientific_contracts.R","52: ""results/tables/11_spatial_systems/precision/bilateral_precision_gain.csv"")),","NAMESPACE_BASENAME","11_spatial_systems","","PROVENANCE","active",FALSE,"MEDIUM",""
"decompose_bilateral_variance","pRoteomics","audits/verify_scientific_contracts.R","57: ""results/tables/11_spatial_systems/networks/network_global_multivariate_test.csv"",","NAMESPACE_BASENAME","11_spatial_systems","","PROVENANCE","active",FALSE,"MEDIUM",""
"decompose_bilateral_variance","pRoteomics","audits/verify_scientific_contracts.R","58: ""results/tables/11_spatial_systems/networks/animal_network_distance_from_CON.csv"",","NAMESPACE_BASENAME","11_spatial_systems","","PROVENANCE","active",FALSE,"MEDIUM",""
"decompose_bilateral_variance","pRoteomics","audits/verify_scientific_contracts.R","59: ""results/tables/11_spatial_systems/networks/CON_spatial_molecular_similarity_matrix.csv"")),","NAMESPACE_BASENAME","11_spatial_systems","","PROVENANCE","active",FALSE,"MEDIUM",""
"decompose_bilateral_variance","pRoteomics","audits/verify_scientific_contracts.R","63: objects = ""results/tables/11_spatial_systems/atlas/protein_spatial_cell_affinity.csv""),","NAMESPACE_BASENAME","11_spatial_systems","","PROVENANCE","active",FALSE,"MEDIUM",""
"decompose_bilateral_variance","pRoteomics","audits/verify_scientific_contracts.R","48: description = ""Bilateral spatial identity and precision-gain metrics"",","NAMESPACE_BASENAME","precision","","PROVENANCE","active",FALSE,"MEDIUM",""
"decompose_bilateral_variance","pRoteomics","audits/verify_scientific_contracts.R","52: ""results/tables/11_spatial_systems/precision/bilateral_precision_gain.csv"")),","NAMESPACE_BASENAME","precision","","PROVENANCE","active",FALSE,"MEDIUM",""
"decompose_bilateral_variance","pRoteomics","docs/restructure_inventory.csv","659: ""results/tables/11_spatial_systems/precision/bilateral_precision_gain.csv"",""CANONICAL_ANALYSIS_OUTPUT"",""proteomics"",""ACTIVE_CANONICAL"",FALSE,TRUE,""pRoteomics"",""","FULL_PATH","results/tables/11_spatial_systems/precision/bilateral_precision_gain.csv","","PROVENANCE","historical",FALSE,"HIGH",""
"decompose_bilateral_variance","pRoteomics","docs/restructure_inventory.csv","119: ""11_spatial_systems/build_spatial_data_contract.R"",""ANALYSIS_ENTRYPOINT"",""proteomics"",""ACTIVE_CANONICAL"",TRUE,FALSE,""pRoteomics"",""analysis/03_spatial_validation","NAMESPACE_BASENAME","11_spatial_systems","","PROVENANCE","historical",FALSE,"MEDIUM",""
"decompose_bilateral_variance","pRoteomics","docs/restructure_inventory.csv","120: ""11_spatial_systems/quantify_bilateral_spatial_identity.R"",""ANALYSIS_ENTRYPOINT"",""proteomics"",""ACTIVE_CANONICAL"",TRUE,FALSE,""pRoteomics"",""analysis/03_spatial_va","NAMESPACE_BASENAME","11_spatial_systems","","PROVENANCE","historical",FALSE,"MEDIUM",""
"decompose_bilateral_variance","pRoteomics","docs/restructure_inventory.csv","121: ""11_spatial_systems/quantify_empirical_compartments.R"",""ANALYSIS_ENTRYPOINT"",""proteomics"",""ACTIVE_CANONICAL"",TRUE,FALSE,""pRoteomics"",""analysis/03_spatial_valida","NAMESPACE_BASENAME","11_spatial_systems","","PROVENANCE","historical",FALSE,"MEDIUM",""
"decompose_bilateral_variance","pRoteomics","docs/restructure_inventory.csv","122: ""11_spatial_systems/quantify_module_bilateral_identity.R"",""ANALYSIS_ENTRYPOINT"",""proteomics"",""ACTIVE_CANONICAL"",TRUE,FALSE,""pRoteomics"",""analysis/03_spatial_val","NAMESPACE_BASENAME","11_spatial_systems","","PROVENANCE","historical",FALSE,"MEDIUM",""
"decompose_bilateral_variance","pRoteomics","docs/restructure_inventory.csv","123: ""11_spatial_systems/annotate_module_celltypes.R"",""ANALYSIS_ENTRYPOINT"",""proteomics"",""ACTIVE_CANONICAL"",TRUE,FALSE,""pRoteomics"",""analysis/03_spatial_validation/a","NAMESPACE_BASENAME","11_spatial_systems","","PROVENANCE","historical",FALSE,"MEDIUM",""
"decompose_bilateral_variance","pRoteomics","docs/restructure_inventory.csv","124: ""11_spatial_systems/decompose_bilateral_variance.R"",""ANALYSIS_ENTRYPOINT"",""proteomics"",""ACTIVE_CANONICAL"",TRUE,FALSE,""pRoteomics"",""analysis/03_spatial_validatio","NAMESPACE_BASENAME","11_spatial_systems","","PROVENANCE","historical",FALSE,"MEDIUM",""
"decompose_bilateral_variance","pRoteomics","docs/restructure_inventory.csv","125: ""11_spatial_systems/validate_spatial_foundations.R"",""ANALYSIS_ENTRYPOINT"",""proteomics"",""ACTIVE_CANONICAL"",TRUE,FALSE,""pRoteomics"",""analysis/03_spatial_validatio","NAMESPACE_BASENAME","11_spatial_systems","","PROVENANCE","historical",FALSE,"MEDIUM",""
"decompose_bilateral_variance","pRoteomics","docs/restructure_inventory.csv","126: ""11_spatial_systems/build_module_spatial_atlas.R"",""ANALYSIS_ENTRYPOINT"",""proteomics"",""ACTIVE_CANONICAL"",TRUE,FALSE,""pRoteomics"",""analysis/03_spatial_validation/","NAMESPACE_BASENAME","11_spatial_systems","","PROVENANCE","historical",FALSE,"MEDIUM",""
"decompose_bilateral_variance","pRoteomics","docs/restructure_inventory.csv","127: ""11_spatial_systems/build_protein_spatial_atlas.R"",""ANALYSIS_ENTRYPOINT"",""proteomics"",""ACTIVE_CANONICAL"",TRUE,FALSE,""pRoteomics"",""analysis/03_spatial_validation","NAMESPACE_BASENAME","11_spatial_systems","","PROVENANCE","historical",FALSE,"MEDIUM",""
"decompose_bilateral_variance","pRoteomics","docs/restructure_inventory.csv","128: ""11_spatial_systems/quantify_neuropil_detection_context.R"",""ANALYSIS_ENTRYPOINT"",""proteomics"",""ACTIVE_CANONICAL"",TRUE,FALSE,""pRoteomics"",""analysis/03_spatial_va","NAMESPACE_BASENAME","11_spatial_systems","","PROVENANCE","historical",FALSE,"MEDIUM",""
"decompose_bilateral_variance","pRoteomics","docs/restructure_inventory.csv","129: ""11_spatial_systems/summarize_spatial_atlas.R"",""ANALYSIS_ENTRYPOINT"",""proteomics"",""ACTIVE_CANONICAL"",TRUE,FALSE,""pRoteomics"",""analysis/03_spatial_validation/sum","NAMESPACE_BASENAME","11_spatial_systems","","PROVENANCE","historical",FALSE,"MEDIUM",""
"decompose_bilateral_variance","pRoteomics","docs/restructure_inventory.csv","130: ""11_spatial_systems/quantify_neuropil_precision.R"",""ANALYSIS_ENTRYPOINT"",""proteomics"",""ACTIVE_CANONICAL"",TRUE,FALSE,""pRoteomics"",""analysis/03_spatial_validation","NAMESPACE_BASENAME","11_spatial_systems","","PROVENANCE","historical",FALSE,"MEDIUM",""
"decompose_bilateral_variance","pRoteomics","docs/restructure_inventory.csv","131: ""11_spatial_systems/build_animal_spatial_networks.R"",""ANALYSIS_ENTRYPOINT"",""proteomics"",""ACTIVE_CANONICAL"",TRUE,FALSE,""pRoteomics"",""analysis/03_spatial_validati","NAMESPACE_BASENAME","11_spatial_systems","","PROVENANCE","historical",FALSE,"MEDIUM",""
"decompose_bilateral_variance","pRoteomics","docs/restructure_inventory.csv","132: ""11_spatial_systems/test_network_group_organization.R"",""ANALYSIS_ENTRYPOINT"",""proteomics"",""ACTIVE_CANONICAL"",TRUE,FALSE,""pRoteomics"",""analysis/03_spatial_valida","NAMESPACE_BASENAME","11_spatial_systems","","PROVENANCE","historical",FALSE,"MEDIUM",""
"decompose_bilateral_variance","pRoteomics","docs/restructure_inventory.csv","133: ""11_spatial_systems/validate_network_workbook.R"",""ANALYSIS_ENTRYPOINT"",""proteomics"",""ACTIVE_CANONICAL"",TRUE,FALSE,""pRoteomics"",""analysis/03_spatial_validation/v","NAMESPACE_BASENAME","11_spatial_systems","","PROVENANCE","historical",FALSE,"MEDIUM",""
"decompose_bilateral_variance","pRoteomics","docs/restructure_inventory.csv","134: ""11_spatial_systems/audit_ca2_slm_robustness.R"",""ANALYSIS_ENTRYPOINT"",""proteomics"",""ACTIVE_CANONICAL"",TRUE,FALSE,""pRoteomics"",""analysis/03_spatial_validation/au","NAMESPACE_BASENAME","11_spatial_systems","","PROVENANCE","historical",FALSE,"MEDIUM",""
"decompose_bilateral_variance","pRoteomics","docs/restructure_inventory.csv","135: ""11_spatial_systems/audit_stress_identity_robustness.R"",""ANALYSIS_ENTRYPOINT"",""proteomics"",""ACTIVE_CANONICAL"",TRUE,FALSE,""pRoteomics"",""analysis/03_spatial_valid","NAMESPACE_BASENAME","11_spatial_systems","","PROVENANCE","historical",FALSE,"MEDIUM",""
"decompose_bilateral_variance","pRoteomics","docs/restructure_inventory.csv","136: ""11_spatial_systems/summarize_ca2_slm_robustness.R"",""ANALYSIS_ENTRYPOINT"",""proteomics"",""ACTIVE_CANONICAL"",TRUE,FALSE,""pRoteomics"",""analysis/03_spatial_validatio","NAMESPACE_BASENAME","11_spatial_systems","","PROVENANCE","historical",FALSE,"MEDIUM",""
"decompose_bilateral_variance","pRoteomics","docs/restructure_inventory.csv","658: ""results/tables/11_spatial_systems/bilateral/bilateral_spatial_identity_summary.csv"",""CANONICAL_ANALYSIS_OUTPUT"",""proteomics"",""ACTIVE_CANONICAL"",FALSE,TRUE,""pRo","NAMESPACE_BASENAME","11_spatial_systems","","PROVENANCE","historical",FALSE,"MEDIUM",""
"decompose_bilateral_variance","pRoteomics","docs/restructure_inventory.csv","659: ""results/tables/11_spatial_systems/precision/bilateral_precision_gain.csv"",""CANONICAL_ANALYSIS_OUTPUT"",""proteomics"",""ACTIVE_CANONICAL"",FALSE,TRUE,""pRoteomics"",""","NAMESPACE_BASENAME","11_spatial_systems","","PROVENANCE","historical",FALSE,"MEDIUM",""
"decompose_bilateral_variance","pRoteomics","docs/restructure_inventory.csv","662: ""results/tables/11_spatial_systems/ca2_slm_robustness/CA2_SLM_DAP_robustness.csv"",""CANONICAL_ANALYSIS_OUTPUT"",""proteomics"",""ACTIVE_CANONICAL"",FALSE,TRUE,""pRoteo","NAMESPACE_BASENAME","11_spatial_systems","","PROVENANCE","historical",FALSE,"MEDIUM",""
"decompose_bilateral_variance","pRoteomics","docs/restructure_inventory.csv","663: ""results/tables/11_spatial_systems/ca2_slm_robustness/CA2_SLM_normalization_bias_context.csv"",""CANONICAL_ANALYSIS_OUTPUT"",""proteomics"",""ACTIVE_CANONICAL"",FALSE,","NAMESPACE_BASENAME","11_spatial_systems","","PROVENANCE","historical",FALSE,"MEDIUM",""
"decompose_bilateral_variance","pRoteomics","docs/restructure_inventory.csv","664: ""results/tables/11_spatial_systems/ca2_slm_robustness/CA2_SLM_sample_context.csv"",""CANONICAL_ANALYSIS_OUTPUT"",""proteomics"",""ACTIVE_CANONICAL"",FALSE,TRUE,""pRoteo","NAMESPACE_BASENAME","11_spatial_systems","","PROVENANCE","historical",FALSE,"MEDIUM",""
"decompose_bilateral_variance","pRoteomics","docs/restructure_inventory.csv","667: ""results/tables/11_spatial_systems/networks/animal_network_distance_from_CON.csv"",""CANONICAL_ANALYSIS_OUTPUT"",""proteomics"",""ACTIVE_CANONICAL"",FALSE,TRUE,""pRoteo","NAMESPACE_BASENAME","11_spatial_systems","","PROVENANCE","historical",FALSE,"MEDIUM",""
"decompose_bilateral_variance","pRoteomics","docs/restructure_inventory.csv","668: ""results/tables/11_spatial_systems/networks/CON_spatial_molecular_similarity_matrix.csv"",""CANONICAL_ANALYSIS_OUTPUT"",""proteomics"",""ACTIVE_CANONICAL"",FALSE,TRUE,","NAMESPACE_BASENAME","11_spatial_systems","","PROVENANCE","historical",FALSE,"MEDIUM",""
"decompose_bilateral_variance","pRoteomics","docs/restructure_inventory.csv","669: ""results/tables/11_spatial_systems/networks/network_global_multivariate_test.csv"",""CANONICAL_ANALYSIS_OUTPUT"",""proteomics"",""ACTIVE_CANONICAL"",FALSE,TRUE,""pRoteo","NAMESPACE_BASENAME","11_spatial_systems","","PROVENANCE","historical",FALSE,"MEDIUM",""
"decompose_bilateral_variance","pRoteomics","docs/restructure_inventory.csv","675: ""results/tables/11_spatial_systems/bilateral/bilateral_spatial_identity_protein_level.csv"",""CANONICAL_ANALYSIS_OUTPUT"",""proteomics"",""ACTIVE_CANONICAL"",FALSE,TRU","NAMESPACE_BASENAME","11_spatial_systems","","PROVENANCE","historical",FALSE,"MEDIUM",""
"decompose_bilateral_variance","pRoteomics","docs/restructure_inventory.csv","677: ""results/tables/11_spatial_systems/atlas/protein_spatial_cell_affinity.csv"",""CANONICAL_ANALYSIS_OUTPUT"",""proteomics"",""ACTIVE_CANONICAL"",FALSE,TRUE,""pRoteomics"",","NAMESPACE_BASENAME","11_spatial_systems","","PROVENANCE","historical",FALSE,"MEDIUM",""
"decompose_bilateral_variance","pRoteomics","docs/restructure_inventory.csv","678: ""results/tables/11_spatial_systems/atlas/protein_sus_res_fdr_supported_atlas.csv"",""CANONICAL_ANALYSIS_OUTPUT"",""proteomics"",""ACTIVE_CANONICAL"",FALSE,TRUE,""pRoteo","NAMESPACE_BASENAME","11_spatial_systems","","PROVENANCE","historical",FALSE,"MEDIUM",""
"decompose_bilateral_variance","pRoteomics","docs/restructure_inventory.csv","130: ""11_spatial_systems/quantify_neuropil_precision.R"",""ANALYSIS_ENTRYPOINT"",""proteomics"",""ACTIVE_CANONICAL"",TRUE,FALSE,""pRoteomics"",""analysis/03_spatial_validation","NAMESPACE_BASENAME","precision","","PROVENANCE","historical",FALSE,"MEDIUM",""
"decompose_bilateral_variance","pRoteomics","docs/restructure_inventory.csv","659: ""results/tables/11_spatial_systems/precision/bilateral_precision_gain.csv"",""CANONICAL_ANALYSIS_OUTPUT"",""proteomics"",""ACTIVE_CANONICAL"",FALSE,TRUE,""pRoteomics"",""","NAMESPACE_BASENAME","precision","","PROVENANCE","historical",FALSE,"MEDIUM",""
"decompose_bilateral_variance","pRoteomics","docs/restructure_inventory.csv","710: ""results/figures/manuscript_candidates/final_truth_v9/extended_data/panels/v9_ed_precision.svg"",""CANONICAL_ANALYSIS_OUTPUT"",""proteomics"",""ACTIVE_CANONICAL"",FALS","NAMESPACE_BASENAME","precision","","PROVENANCE","historical",FALSE,"MEDIUM",""
"decompose_bilateral_variance","pRoteomics","docs/restructure_inventory.csv","754: ""results/source_data/manuscript_candidates/final_truth_v9/extended_data/v9_ed_precision_source_data.csv"",""PUBLICATION_SOURCE_DATA"",""proteomics"",""ACTIVE_CANONICA","NAMESPACE_BASENAME","precision","","PROVENANCE","historical",FALSE,"MEDIUM",""
"decompose_bilateral_variance","pRoteomics","docs/restructure_inventory.csv","124: ""11_spatial_systems/decompose_bilateral_variance.R"",""ANALYSIS_ENTRYPOINT"",""proteomics"",""ACTIVE_CANONICAL"",TRUE,FALSE,""pRoteomics"",""analysis/03_spatial_validatio","ANALYSIS_REFERENCE","decompose_bilateral_variance","","PROVENANCE","historical",FALSE,"MEDIUM",""
"decompose_bilateral_variance","pRoteomics","docs/restructure_inventory.csv","124: ""11_spatial_systems/decompose_bilateral_variance.R"",""ANALYSIS_ENTRYPOINT"",""proteomics"",""ACTIVE_CANONICAL"",TRUE,FALSE,""pRoteomics"",""analysis/03_spatial_validatio","ANALYSIS_REFERENCE","decompose_bilateral_variance.R","","PROVENANCE","historical",FALSE,"MEDIUM",""
"decompose_bilateral_variance","pRoteomics","tools/verify_path_contract_rewrites.R","49: c(""11_spatial_systems"",                    ""analysis/spatial_validation"")","NAMESPACE_BASENAME","11_spatial_systems","","PROVENANCE","active",FALSE,"MEDIUM",""
"decompose_bilateral_variance","pRoteomics","tests/testthat/test-writer-audit-vocabulary.R","153: ""annotate_module_celltypes"", ""decompose_bilateral_variance"",","ANALYSIS_REFERENCE","decompose_bilateral_variance","","TEST","active",FALSE,"MEDIUM",""
"decompose_bilateral_variance","pRoteomics","analysis/integration/screen_immunostaining_panel.R","330: ca2_robustness_input = ""results/tables/11_spatial_systems/ca2_slm_robustness/CA2_SLM_DAP_robustness.csv"",","NAMESPACE_BASENAME","11_spatial_systems","write.csv","WRITER_NOT_CONSUMER","active",FALSE,"MEDIUM",""
"decompose_bilateral_variance","pRoteomics","analysis/spatial_validation/quantify_neuropil_precision.R","47: ANALYSIS_ID <- ""quantify_neuropil_precision""","NAMESPACE_BASENAME","precision","write_csv_safe","WRITER_NOT_CONSUMER","active",FALSE,"MEDIUM",""
"decompose_bilateral_variance","pRoteomics","analysis/spatial_validation/quantify_neuropil_precision.R","52: SCRIPT_ID <- ""analysis/spatial_validation/quantify_neuropil_precision.R""","NAMESPACE_BASENAME","precision","write_csv_safe","WRITER_NOT_CONSUMER","active",FALSE,"MEDIUM",""
"decompose_bilateral_variance","pRoteomics","analysis/spatial_validation/quantify_neuropil_precision.R","66: cat(""[DRY-RUN] Neuropil spatial precision context (final CA2-SLM power audit).\n"")","NAMESPACE_BASENAME","precision","write_csv_safe","WRITER_NOT_CONSUMER","active",FALSE,"MEDIUM",""
"decompose_bilateral_variance","pRoteomics","analysis/spatial_validation/quantify_neuropil_precision.R","259: write_csv_safe(ctx, file.path(root, ""neuropil_spatial_precision_context.csv""))","NAMESPACE_BASENAME","precision","write_csv_safe","WRITER_NOT_CONSUMER","active",FALSE,"MEDIUM",""
"decompose_bilateral_variance","pRoteomics","analysis/spatial_validation/quantify_neuropil_precision.R","276: cat(""\n===== Neuropil spatial precision context =====\n"")","NAMESPACE_BASENAME","precision","write_csv_safe","WRITER_NOT_CONSUMER","active",FALSE,"MEDIUM",""
"decompose_bilateral_variance","pRoteomics","analysis/spatial_validation/quantify_neuropil_precision.R","329: cat(""\nOutput:"", relative_to(file.path(root, ""neuropil_spatial_precision_context.csv"")), ""\n"")","NAMESPACE_BASENAME","precision","write_csv_safe","WRITER_NOT_CONSUMER","active",FALSE,"MEDIUM",""
