"analysis_id","repo","consumer_file","line_or_expression","match_type","matched_token","enclosing_call","dependency_kind","active_or_historical","runtime_relevant","confidence","adjudication"
"extract_protigy_contrasts","pRoteomics","audits/preprocessing/01b_animal_level_mapping_audit.r","16: legacy_extract_root <- path_processed(""01_preprocessing"", ""gct_extractR"")","NAMESPACE_BASENAME","gct_extractR","","AUDIT_READER","active",TRUE,"MEDIUM",""
"extract_protigy_contrasts","pRoteomics","audits/preprocessing/03b_directionality_audit_raw_vs_protigy.r","284: gct_dir <- Sys.getenv(""PROTEOMICS_DIRECTIONALITY_GCT_EXTRACT_DIR"", unset = path_processed(""01_preprocessing"", ""gct_extractR"", dataset))","NAMESPACE_BASENAME","gct_extractR","","AUDIT_READER","active",TRUE,"MEDIUM",""
"extract_protigy_contrasts","pRoteomics","config/example_config.yml","16: - 01_preprocessing/output","NAMESPACE_BASENAME","01_preprocessing","","CONFIG","active",TRUE,"MEDIUM",""
"extract_protigy_contrasts","pRoteomics","pipeline.yml","16: produces: [""results/preprocessing/extract_protigy_contrasts/<dataset>/tables/forward/*.csv"", ""results/preprocessing/extract_protigy_contrasts/<dataset>/","CONFIG_GLOB","results/preprocessing/extract_protigy_contrasts/<dataset>/tables/forward/*.csv","","CONFIG","active",TRUE,"HIGH",""
"extract_protigy_contrasts","pRoteomics","pipeline.yml","39: consumes_required: [""results/preprocessing/extract_protigy_contrasts/<dataset>/tables/forward/*.csv"", ""data/processed/01_preprocessing/gct_extractR/<dat","REGISTRY_DEPENDENCY","results/preprocessing/extract_protigy_contrasts/<dataset>/tables/forward/*.csv","","CONFIG","active",TRUE,"HIGH",""
"extract_protigy_contrasts","pRoteomics","pipeline.yml","16: produces: [""results/preprocessing/extract_protigy_contrasts/<dataset>/tables/forward/*.csv"", ""results/preprocessing/extract_protigy_contrasts/<dataset>/","CONFIG_GLOB","results/preprocessing/extract_protigy_contrasts/<dataset>/tables/reverse/*.csv","","CONFIG","active",TRUE,"HIGH",""
"extract_protigy_contrasts","pRoteomics","pipeline.yml","16: produces: [""results/preprocessing/extract_protigy_contrasts/<dataset>/tables/forward/*.csv"", ""results/preprocessing/extract_protigy_contrasts/<dataset>/","CONFIG_GLOB","results/preprocessing/extract_protigy_contrasts/<dataset>/manifests/indexComparisons.csv","","CONFIG","active",TRUE,"HIGH",""
"extract_protigy_contrasts","pRoteomics","pipeline.yml","16: produces: [""results/preprocessing/extract_protigy_contrasts/<dataset>/tables/forward/*.csv"", ""results/preprocessing/extract_protigy_contrasts/<dataset>/","CONFIG_GLOB","results/preprocessing/extract_protigy_contrasts/<dataset>/manifests/canonical_gct_extract_manifest.csv","","CONFIG","active",TRUE,"HIGH",""
"extract_protigy_contrasts","pRoteomics","pipeline.yml","39: consumes_required: [""results/preprocessing/extract_protigy_contrasts/<dataset>/tables/forward/*.csv"", ""data/processed/01_preprocessing/gct_extractR/<dat","REGISTRY_DEPENDENCY","data/processed/01_preprocessing/gct_extractR/<dataset>/forward/*.csv","","CONFIG","active",TRUE,"HIGH",""
"extract_protigy_contrasts","pRoteomics","pipeline.yml","17: consumes_required: [""data/processed/01_preprocessing/protigy_output/<dataset>/*.gct""]","REGISTRY_DEPENDENCY","01_preprocessing","","CONFIG","active",TRUE,"HIGH",""
"extract_protigy_contrasts","pRoteomics","pipeline.yml","18: consumes_optional: [""data/processed/01_preprocessing/protigy_output/<dataset>/protigy_manifest.csv"", ""data/processed/01_preprocessing/protigy_output/pro","REGISTRY_DEPENDENCY","01_preprocessing","","CONFIG","active",TRUE,"HIGH",""
"extract_protigy_contrasts","pRoteomics","pipeline.yml","28: consumes_required: [""data/processed/01_preprocessing/**/*.xlsx""]","REGISTRY_DEPENDENCY","01_preprocessing","","CONFIG","active",TRUE,"HIGH",""
"extract_protigy_contrasts","pRoteomics","pipeline.yml","39: consumes_required: [""results/preprocessing/extract_protigy_contrasts/<dataset>/tables/forward/*.csv"", ""data/processed/01_preprocessing/gct_extractR/<dat","REGISTRY_DEPENDENCY","01_preprocessing","","CONFIG","active",TRUE,"HIGH",""
"extract_protigy_contrasts","pRoteomics","pipeline.yml","67: consumes_required: [""results/preprocessing/build_joint_protigy_input/global/models/joint_compartment_qc_matrices.rds"", ""data/processed/01_preprocessing/","REGISTRY_DEPENDENCY","01_preprocessing","","CONFIG","active",TRUE,"HIGH",""
"extract_protigy_contrasts","pRoteomics","pipeline.yml","78: consumes_required: [""results/preprocessing/build_joint_protigy_input/global/models/joint_compartment_qc_matrices.rds"", ""data/processed/01_preprocessing/","REGISTRY_DEPENDENCY","01_preprocessing","","CONFIG","active",TRUE,"HIGH",""
"extract_protigy_contrasts","pRoteomics","pipeline.yml","100: consumes_required: [""data/processed/01_preprocessing/impute/*_pgmatrix_imputed_neuron_neuropil_*_missing70pct.xlsx"", ""data/processed/01_preprocessing/im","REGISTRY_DEPENDENCY","01_preprocessing","","CONFIG","active",TRUE,"HIGH",""
"extract_protigy_contrasts","pRoteomics","pipeline.yml","158: consumes_required: [""data/processed/01_preprocessing/impute/*_pgmatrix_imputed_<dataset>_*_missing70pct.xlsx"", ""data/external/MOUSE_10090_idmapping.dat""","REGISTRY_DEPENDENCY","01_preprocessing","","CONFIG","active",TRUE,"HIGH",""
"extract_protigy_contrasts","pRoteomics","pipeline.yml","169: consumes_required: [""data/processed/01_preprocessing/impute/*_pgmatrix_imputed_<dataset>_*_missing70pct.xlsx"", ""data/external/MOUSE_10090_idmapping.dat""","REGISTRY_DEPENDENCY","01_preprocessing","","CONFIG","active",TRUE,"HIGH",""
"extract_protigy_contrasts","pRoteomics","pipeline.yml","202: consumes_required: [""data/processed/01_preprocessing/impute/*_pgmatrix_imputed_<dataset>_*_missing70pct.xlsx"", ""data/external/MOUSE_10090_idmapping.dat""","REGISTRY_DEPENDENCY","01_preprocessing","","CONFIG","active",TRUE,"HIGH",""
"extract_protigy_contrasts","pRoteomics","pipeline.yml","227: consumes_required: [""results/preprocessing/build_joint_protigy_input/global/models/joint_compartment_qc_matrices.rds"", ""data/processed/01_preprocessing/","REGISTRY_DEPENDENCY","01_preprocessing","","CONFIG","active",TRUE,"HIGH",""
"extract_protigy_contrasts","pRoteomics","pipeline.yml","376: consumes_required: [""data/processed/01_preprocessing/impute/*_pgmatrix_imputed_<dataset>_*_missing70pct.xlsx"", ""data/metadata/TPE9_sample_metadata_males","REGISTRY_DEPENDENCY","01_preprocessing","","CONFIG","active",TRUE,"HIGH",""
"extract_protigy_contrasts","pRoteomics","pipeline.yml","424: consumes_optional: [""results/preprocessing/build_module_score_metadata/<dataset>/tables/sample_metadata_merged_clean_for_module_scores.xlsx"", ""data/proc","REGISTRY_DEPENDENCY","01_preprocessing","","CONFIG","active",TRUE,"HIGH",""
"extract_protigy_contrasts","pRoteomics","pipeline.yml","437: consumes_optional: [""results/preprocessing/build_module_score_metadata/<dataset>/tables/sample_metadata_merged_clean_for_module_scores.xlsx"", ""data/proc","REGISTRY_DEPENDENCY","01_preprocessing","","CONFIG","active",TRUE,"HIGH",""
"extract_protigy_contrasts","pRoteomics","pipeline.yml","843: - ""data/processed/01_preprocessing/06_merged_metadata_module_score/<dataset>/sample_metadata_merged_clean_for_module_scores.xlsx""","NAMESPACE_BASENAME","01_preprocessing","","CONFIG","active",TRUE,"MEDIUM",""
"extract_protigy_contrasts","pRoteomics","pipeline.yml","859: - ""data/processed/01_preprocessing/06_merged_metadata_module_score/<dataset>/sample_metadata_merged_clean_for_module_scores.xlsx""","NAMESPACE_BASENAME","01_preprocessing","","CONFIG","active",TRUE,"MEDIUM",""
"extract_protigy_contrasts","pRoteomics","pipeline.yml","1062: - ""data/processed/01_preprocessing/06_merged_metadata_module_score/<dataset>/sample_metadata_merged_clean_for_module_scores.xlsx""","NAMESPACE_BASENAME","01_preprocessing","","CONFIG","active",TRUE,"MEDIUM",""
"extract_protigy_contrasts","pRoteomics","pipeline.yml","1144: - ""data/processed/01_preprocessing/protigy_input_animal_level/neuron_neuropil/neuron_neuropil_animal_level.gct""","NAMESPACE_BASENAME","01_preprocessing","","CONFIG","active",TRUE,"MEDIUM",""
"extract_protigy_contrasts","pRoteomics","pipeline.yml","1145: - ""data/processed/01_preprocessing/impute/20260601_pgmatrix_imputed_neuron_neuropil_180samples_missing70pct.xlsx""","NAMESPACE_BASENAME","01_preprocessing","","CONFIG","active",TRUE,"MEDIUM",""
"extract_protigy_contrasts","pRoteomics","pipeline.yml","1201: - ""data/processed/01_preprocessing/impute/20260601_pgmatrix_imputed_neuron_neuropil_180samples_missing70pct.xlsx""","NAMESPACE_BASENAME","01_preprocessing","","CONFIG","active",TRUE,"MEDIUM",""
"extract_protigy_contrasts","pRoteomics","pipeline.yml","1360: consumes_required: [""data/processed/01_preprocessing/protigy_input_animal_level/neuron_neuropil/neuron_neuropil_animal_level.gct"", ""results/preprocessin","REGISTRY_DEPENDENCY","01_preprocessing","","CONFIG","active",TRUE,"HIGH",""
"extract_protigy_contrasts","pRoteomics","pipeline.yml","1371: consumes_required: [""results/preprocessing/map_protein_identifiers/neuron_neuropil/tables/mapped/forward/per_file/"", ""data/processed/02_id_mapping/mappe","REGISTRY_DEPENDENCY","01_preprocessing","","CONFIG","active",TRUE,"HIGH",""
"extract_protigy_contrasts","pRoteomics","pipeline.yml","1382: consumes_required: [""data/processed/01_preprocessing/protigy_input_animal_level/neuron_neuropil/neuron_neuropil_animal_level.gct"", ""data/raw/pg_matrix/q","REGISTRY_DEPENDENCY","01_preprocessing","","CONFIG","active",TRUE,"HIGH",""
"extract_protigy_contrasts","pRoteomics","pipeline.yml","1506: consumes_required: [""data/raw/pg_matrix/"", ""data/processed/01_preprocessing/"", ""data/processed/02_id_mapping/""]","REGISTRY_DEPENDENCY","01_preprocessing","","CONFIG","active",TRUE,"HIGH",""
"extract_protigy_contrasts","pRoteomics","pipeline.yml","1581: - script: ""archive/01_preprocessing/03c_legacy_vs_animal_level_da_audit.r""","NAMESPACE_BASENAME","01_preprocessing","","CONFIG","active",TRUE,"MEDIUM",""
"extract_protigy_contrasts","pRoteomics","pipeline.yml","1584: - script: ""archive/01_preprocessing/01_impute.r""","NAMESPACE_BASENAME","01_preprocessing","","CONFIG","active",TRUE,"MEDIUM",""
"extract_protigy_contrasts","pRoteomics","pipeline.yml","1587: - script: ""archive/01_preprocessing/02_excel_convert.r""","NAMESPACE_BASENAME","01_preprocessing","","CONFIG","active",TRUE,"MEDIUM",""
"extract_protigy_contrasts","pRoteomics","pipeline.yml","1590: - script: ""archive/01_preprocessing/04_format_metadata.r""","NAMESPACE_BASENAME","01_preprocessing","","CONFIG","active",TRUE,"MEDIUM",""
"extract_protigy_contrasts","pRoteomics","pipeline.yml","1593: - script: ""archive/01_preprocessing/05_metadata_create.r""","NAMESPACE_BASENAME","01_preprocessing","","CONFIG","active",TRUE,"MEDIUM",""
"extract_protigy_contrasts","pRoteomics","pipeline.yml","39: consumes_required: [""results/preprocessing/extract_protigy_contrasts/<dataset>/tables/forward/*.csv"", ""data/processed/01_preprocessing/gct_extractR/<dat","REGISTRY_DEPENDENCY","gct_extractR","","CONFIG","active",TRUE,"HIGH",""
"extract_protigy_contrasts","pRoteomics","R/data_contracts/dataset_inputs.R","86: latest_roots = path_processed(""01_preprocessing"", ""impute""),","NAMESPACE_BASENAME","01_preprocessing","resolve_input_path","DIRECT_READER","active",TRUE,"HIGH",""
"extract_protigy_contrasts","pRoteomics","R/data_contracts/dataset_inputs.R","93: producer_script_or_artifact_id = ""01_preprocessing/impute"",","NAMESPACE_BASENAME","01_preprocessing","resolve_input_path","DIRECT_READER","active",TRUE,"HIGH",""
"extract_protigy_contrasts","pRoteomics","R/data_contracts/dataset_inputs.R","116: path_processed(""01_preprocessing""),","NAMESPACE_BASENAME","01_preprocessing","resolve_input_path","DIRECT_READER","active",TRUE,"HIGH",""
"extract_protigy_contrasts","pRoteomics","R/data_contracts/dataset_inputs.R","117: path_processed(""01_preprocessing"", ""excel_convert""),","NAMESPACE_BASENAME","01_preprocessing","resolve_input_path","DIRECT_READER","active",TRUE,"HIGH",""
"extract_protigy_contrasts","pRoteomics","R/data_contracts/dataset_inputs.R","125: producer_script_or_artifact_id = ""archive/01_preprocessing/02_excel_convert.r"",","NAMESPACE_BASENAME","01_preprocessing","resolve_input_path","DIRECT_READER","active",TRUE,"HIGH",""
"extract_protigy_contrasts","pRoteomics","R/data_contracts/dataset_inputs.R","140: path_processed(""01_preprocessing"", ""06_merged_metadata_module_score"", dataset,","NAMESPACE_BASENAME","01_preprocessing","resolve_input_path","DIRECT_READER","active",TRUE,"HIGH",""
"extract_protigy_contrasts","pRoteomics","R/data_contracts/dataset_inputs.R","143: path_processed(""01_preprocessing"", dataset, ""sample_metadata_merged_clean_for_module_scores.xlsx"")","NAMESPACE_BASENAME","01_preprocessing","resolve_input_path","DIRECT_READER","active",TRUE,"HIGH",""
"extract_protigy_contrasts","pRoteomics","R/data_contracts/dataset_inputs.R","176: impute_root <- path_processed(""01_preprocessing"", ""impute"")","NAMESPACE_BASENAME","01_preprocessing","resolve_input_path","DIRECT_READER","active",TRUE,"HIGH",""
"extract_protigy_contrasts","pRoteomics","R/data_contracts/dataset_inputs.R","194: producer_script_or_artifact_id = ""archive/01_preprocessing/01_impute.r"",","NAMESPACE_BASENAME","01_preprocessing","resolve_input_path","DIRECT_READER","active",TRUE,"HIGH",""
"extract_protigy_contrasts","pRoteomics","analysis/preprocessing/build_module_score_metadata.R","149: ""\n\nIf the proteomics workbook is missing, run source('archive/01_preprocessing/02_excel_convert.r') "",","NAMESPACE_BASENAME","01_preprocessing","","DOWNSTREAM_ANALYSIS","active",TRUE,"MEDIUM",""
"extract_protigy_contrasts","pRoteomics","analysis/preprocessing/build_module_score_metadata.R","164: module_id <- ""01_preprocessing""","NAMESPACE_BASENAME","01_preprocessing","","DOWNSTREAM_ANALYSIS","active",TRUE,"MEDIUM",""
"extract_protigy_contrasts","pRoteomics","analysis/publication_source_data/build_methods_summary.R","93: ""2. **Preprocessing** — imputation, dataset splits, ProTigy/GCT handoff (`data/processed/01_preprocessing/`)."",","NAMESPACE_BASENAME","01_preprocessing","","DOWNSTREAM_ANALYSIS","active",TRUE,"MEDIUM",""
"extract_protigy_contrasts","pRoteomics","analysis/spatial_networks/build_spatial_networks.R","183: producer_script_or_artifact_id = ""01_preprocessing/impute""","NAMESPACE_BASENAME","01_preprocessing","","DOWNSTREAM_ANALYSIS","active",TRUE,"MEDIUM",""
"extract_protigy_contrasts","pRoteomics","analysis/wgcna/build_wgcna_modules.R","1711: ""rerun archive/01_preprocessing/01_impute.r and ensure TPE9_sample_metadata_males.xlsx is available."",","NAMESPACE_BASENAME","01_preprocessing","","DOWNSTREAM_ANALYSIS","active",TRUE,"MEDIUM",""
"extract_protigy_contrasts","pRoteomics","analysis/wgcna/score_module_activity.R","305: ""- Protein matrix with metadata: source('archive/01_preprocessing/02_excel_convert.r')"",","NAMESPACE_BASENAME","01_preprocessing","","DOWNSTREAM_ANALYSIS","active",TRUE,"MEDIUM",""
"extract_protigy_contrasts","pRoteomics","analysis/enrichment/run_ewce_celltype_enrichment.R","129: imputation_qc_path <- path_processed(""01_preprocessing"", ""impute"", ""imputation_qc.csv"")","NAMESPACE_BASENAME","01_preprocessing","path_processed","INDIRECT_READER_VIA_HELPER","active",TRUE,"HIGH",""
"extract_protigy_contrasts","pRoteomics","analysis/enrichment/run_ewce_celltype_enrichment.R","150: legacy_path <- path_processed(""01_preprocessing"", paste0(""20260218_pgmatrix_imputed_"", EWCE_DATASET, ""_180samples_missing70pct.xlsx""))","NAMESPACE_BASENAME","01_preprocessing","path_processed","INDIRECT_READER_VIA_HELPER","active",TRUE,"HIGH",""
"extract_protigy_contrasts","pRoteomics","analysis/enrichment/run_ewce_celltype_enrichment.R","156: path_processed(""01_preprocessing"", ""impute""),","NAMESPACE_BASENAME","01_preprocessing","path_processed","INDIRECT_READER_VIA_HELPER","active",TRUE,"HIGH",""
"extract_protigy_contrasts","pRoteomics","analysis/integration/build_immunostaining_candidates.R","60: GCT <- repo_path(""data"", ""processed"", ""01_preprocessing"",","NAMESPACE_BASENAME","01_preprocessing","repo_path","INDIRECT_READER_VIA_HELPER","active",TRUE,"HIGH",""
"extract_protigy_contrasts","pRoteomics","analysis/integration/build_immunostaining_candidates.R","277: ""data/processed/01_preprocessing/protigy_input_animal_level"", DATASET,","NAMESPACE_BASENAME","01_preprocessing","repo_path","INDIRECT_READER_VIA_HELPER","active",TRUE,"HIGH",""
"extract_protigy_contrasts","pRoteomics","analysis/integration/screen_immunostaining_panel.R","267: GCT <- repo_path(""data"", ""processed"", ""01_preprocessing"",","NAMESPACE_BASENAME","01_preprocessing","repo_path","INDIRECT_READER_VIA_HELPER","active",TRUE,"HIGH",""
"extract_protigy_contrasts","pRoteomics","analysis/integration/screen_immunostaining_separation.R","86: GCT <- repo_path(""data"", ""processed"", ""01_preprocessing"",","NAMESPACE_BASENAME","01_preprocessing","repo_path","INDIRECT_READER_VIA_HELPER","active",TRUE,"HIGH",""
"extract_protigy_contrasts","pRoteomics","analysis/integration/screen_immunostaining_separation.R","290: canonical_abundance_input = ""data/processed/01_preprocessing/protigy_input_animal_level/neuron_neuropil/neuron_neuropil_animal_level.gct"",","NAMESPACE_BASENAME","01_preprocessing","repo_path","INDIRECT_READER_VIA_HELPER","active",TRUE,"HIGH",""
"extract_protigy_contrasts","pRoteomics","analysis/integration/test_behaviour_proteomics_associations.R","41: unset = path_processed(""01_preprocessing/excel_convert"", ""20260526_pgmatrix_imputed_neuron_soma_71samples_missing70pct_with_metadata.xlsx"")","NAMESPACE_BASENAME","01_preprocessing","path_processed","INDIRECT_READER_VIA_HELPER","active",TRUE,"HIGH",""
"extract_protigy_contrasts","pRoteomics","analysis/preprocessing/build_animal_level_protigy_input.R","34: MODULE_ID <- ""01_preprocessing/02a_prepare_animal_level_protigy_input""","NAMESPACE_BASENAME","01_preprocessing","path_processed","INDIRECT_READER_VIA_HELPER","active",TRUE,"HIGH",""
"extract_protigy_contrasts","pRoteomics","analysis/preprocessing/build_animal_level_protigy_input.R","57: ""01_preprocessing"",","NAMESPACE_BASENAME","01_preprocessing","path_processed","INDIRECT_READER_VIA_HELPER","active",TRUE,"HIGH",""
"extract_protigy_contrasts","pRoteomics","analysis/spatial_validation/audit_ca2_slm_robustness.R","87: GCT <- path_processed(""01_preprocessing"", ""protigy_input_animal_level"", DS,","NAMESPACE_BASENAME","01_preprocessing","path_processed","INDIRECT_READER_VIA_HELPER","active",TRUE,"HIGH",""
"extract_protigy_contrasts","pRoteomics","analysis/spatial_validation/audit_ca2_slm_robustness.R","91: IMPUTED <- path_processed(""01_preprocessing"", ""impute"",","NAMESPACE_BASENAME","01_preprocessing","path_processed","INDIRECT_READER_VIA_HELPER","active",TRUE,"HIGH",""
"extract_protigy_contrasts","pRoteomics","analysis/spatial_validation/summarize_ca2_slm_robustness.R","55: IMPUTED <- path_processed(""01_preprocessing"", ""impute"",","NAMESPACE_BASENAME","01_preprocessing","path_processed","INDIRECT_READER_VIA_HELPER","active",TRUE,"HIGH",""
"extract_protigy_contrasts","pRoteomics","audits/preprocessing/01b_animal_level_mapping_audit.r","14: corrected_extract_root <- path_processed(""01_preprocessing"", ""gct_extractR_animal_level"")","NAMESPACE_BASENAME","01_preprocessing","path_processed","INDIRECT_READER_VIA_HELPER","active",TRUE,"HIGH",""
"extract_protigy_contrasts","pRoteomics","audits/preprocessing/01b_animal_level_mapping_audit.r","16: legacy_extract_root <- path_processed(""01_preprocessing"", ""gct_extractR"")","NAMESPACE_BASENAME","01_preprocessing","path_processed","INDIRECT_READER_VIA_HELPER","active",TRUE,"HIGH",""
"extract_protigy_contrasts","pRoteomics","audits/preprocessing/03b_directionality_audit_raw_vs_protigy.r","28: module_id <- ""01_preprocessing/03b_directionality_audit_raw_vs_protigy""","NAMESPACE_BASENAME","01_preprocessing","path_processed","INDIRECT_READER_VIA_HELPER","active",TRUE,"HIGH",""
"extract_protigy_contrasts","pRoteomics","audits/preprocessing/03b_directionality_audit_raw_vs_protigy.r","284: gct_dir <- Sys.getenv(""PROTEOMICS_DIRECTIONALITY_GCT_EXTRACT_DIR"", unset = path_processed(""01_preprocessing"", ""gct_extractR"", dataset))","NAMESPACE_BASENAME","01_preprocessing","path_processed","INDIRECT_READER_VIA_HELPER","active",TRUE,"HIGH",""
"extract_protigy_contrasts","pRoteomics","audits/spatial/spatial_v6_baseline_profile.R","72: md <- path_processed(""01_preprocessing"", ""06_merged_metadata_module_score"", ds,","NAMESPACE_BASENAME","01_preprocessing","path_processed","INDIRECT_READER_VIA_HELPER","active",TRUE,"HIGH",""
"extract_protigy_contrasts","pRoteomics","R/data_contracts/mapping_branch_utils.R","37: path_processed(""01_preprocessing"", ""gct_extractR"")","NAMESPACE_BASENAME","01_preprocessing","path_processed","INDIRECT_READER_VIA_HELPER","active",TRUE,"HIGH",""
"extract_protigy_contrasts","pRoteomics","R/data_contracts/mapping_branch_utils.R","37: path_processed(""01_preprocessing"", ""gct_extractR"")","NAMESPACE_BASENAME","gct_extractR","","INDIRECT_READER_VIA_HELPER","active",TRUE,"MEDIUM",""
"extract_protigy_contrasts","pRoteomics","R/data_contracts/protigy_stat_gct_utils.R","219: legacy_root <- path_processed(""01_preprocessing"", ""protigy_output"")","NAMESPACE_BASENAME","01_preprocessing","path_processed","INDIRECT_READER_VIA_HELPER","active",TRUE,"HIGH",""
"extract_protigy_contrasts","pRoteomics","R/data_contracts/protigy_stat_gct_utils.R","225: if (legacy_mode) path_processed(""01_preprocessing"", ""protigy_output"") else path_processed(""01_preprocessing"", ""protigy_output_animal_level"")","NAMESPACE_BASENAME","01_preprocessing","path_processed","INDIRECT_READER_VIA_HELPER","active",TRUE,"HIGH",""
"extract_protigy_contrasts","pRoteomics","R/data_contracts/protigy_stat_gct_utils.R","229: if (legacy_mode) path_processed(""01_preprocessing"", ""gct_extractR_legacy"") else path_processed(""01_preprocessing"", ""gct_extractR"")","NAMESPACE_BASENAME","01_preprocessing","path_processed","INDIRECT_READER_VIA_HELPER","active",TRUE,"HIGH",""
"extract_protigy_contrasts","pRoteomics","R/data_contracts/protigy_stat_gct_utils.R","229: if (legacy_mode) path_processed(""01_preprocessing"", ""gct_extractR_legacy"") else path_processed(""01_preprocessing"", ""gct_extractR"")","NAMESPACE_BASENAME","gct_extractR","","INDIRECT_READER_VIA_HELPER","active",TRUE,"MEDIUM",""
"extract_protigy_contrasts","pRoteomics","R/data_contracts/spatial_systems_endpoint_utils.R","37: legacy_stage = ""01_preprocessing"",","NAMESPACE_BASENAME","01_preprocessing","","INDIRECT_READER_VIA_HELPER","active",TRUE,"MEDIUM",""
"extract_protigy_contrasts","pRoteomics","R/preprocessing/preprocessing_paths.R","171: legacy_stage = ""01_preprocessing"",","NAMESPACE_BASENAME","01_preprocessing","","INDIRECT_READER_VIA_HELPER","active",TRUE,"MEDIUM",""
"extract_protigy_contrasts","pRoteomics","R/preprocessing/preprocessing_paths.R","182: legacy_stage = ""01_preprocessing"",","NAMESPACE_BASENAME","01_preprocessing","","INDIRECT_READER_VIA_HELPER","active",TRUE,"MEDIUM",""
"extract_protigy_contrasts","pRoteomics","R/preprocessing/preprocessing_paths.R","190: preprocessing_dir_any(""build_joint_protigy_input"", ""01_preprocessing"",","NAMESPACE_BASENAME","01_preprocessing","","INDIRECT_READER_VIA_HELPER","active",TRUE,"MEDIUM",""
"extract_protigy_contrasts","pRoteomics","R/preprocessing/preprocessing_paths.R","238: default_root = path_processed(""01_preprocessing"", ""gct_extractR"")) {","NAMESPACE_BASENAME","01_preprocessing","","INDIRECT_READER_VIA_HELPER","active",TRUE,"MEDIUM",""
"extract_protigy_contrasts","pRoteomics","R/preprocessing/preprocessing_paths.R","249: default_root = path_processed(""01_preprocessing"", ""gct_extractR"")) {","NAMESPACE_BASENAME","01_preprocessing","","INDIRECT_READER_VIA_HELPER","active",TRUE,"MEDIUM",""
"extract_protigy_contrasts","pRoteomics","R/preprocessing/preprocessing_paths.R","264: default_root = path_processed(""01_preprocessing"", ""gct_extractR"")) {","NAMESPACE_BASENAME","01_preprocessing","","INDIRECT_READER_VIA_HELPER","active",TRUE,"MEDIUM",""
"extract_protigy_contrasts","pRoteomics","R/preprocessing/preprocessing_paths.R","275: default_root = path_processed(""01_preprocessing"", ""gct_extractR"")) {","NAMESPACE_BASENAME","01_preprocessing","","INDIRECT_READER_VIA_HELPER","active",TRUE,"MEDIUM",""
"extract_protigy_contrasts","pRoteomics","R/preprocessing/preprocessing_paths.R","287: default_root = path_processed(""01_preprocessing"", ""gct_extractR"")) {","NAMESPACE_BASENAME","01_preprocessing","","INDIRECT_READER_VIA_HELPER","active",TRUE,"MEDIUM",""
"extract_protigy_contrasts","pRoteomics","R/preprocessing/preprocessing_paths.R","238: default_root = path_processed(""01_preprocessing"", ""gct_extractR"")) {","NAMESPACE_BASENAME","gct_extractR","","INDIRECT_READER_VIA_HELPER","active",TRUE,"MEDIUM",""
"extract_protigy_contrasts","pRoteomics","R/preprocessing/preprocessing_paths.R","249: default_root = path_processed(""01_preprocessing"", ""gct_extractR"")) {","NAMESPACE_BASENAME","gct_extractR","","INDIRECT_READER_VIA_HELPER","active",TRUE,"MEDIUM",""
"extract_protigy_contrasts","pRoteomics","R/preprocessing/preprocessing_paths.R","264: default_root = path_processed(""01_preprocessing"", ""gct_extractR"")) {","NAMESPACE_BASENAME","gct_extractR","","INDIRECT_READER_VIA_HELPER","active",TRUE,"MEDIUM",""
"extract_protigy_contrasts","pRoteomics","R/preprocessing/preprocessing_paths.R","275: default_root = path_processed(""01_preprocessing"", ""gct_extractR"")) {","NAMESPACE_BASENAME","gct_extractR","","INDIRECT_READER_VIA_HELPER","active",TRUE,"MEDIUM",""
"extract_protigy_contrasts","pRoteomics","R/preprocessing/preprocessing_paths.R","287: default_root = path_processed(""01_preprocessing"", ""gct_extractR"")) {","NAMESPACE_BASENAME","gct_extractR","","INDIRECT_READER_VIA_HELPER","active",TRUE,"MEDIUM",""
"extract_protigy_contrasts","pRoteomics","R/qc/control_compartment_abundance_workflow.R","63: legacy_stage = ""01_preprocessing"",","NAMESPACE_BASENAME","01_preprocessing","","INDIRECT_READER_VIA_HELPER","active",TRUE,"MEDIUM",""
"extract_protigy_contrasts","pRoteomics","R/qc/empirical_roi_marker_utils.R","475: root = preprocessing_dir_any(""build_joint_protigy_input"", ""01_preprocessing"",","NAMESPACE_BASENAME","01_preprocessing","","INDIRECT_READER_VIA_HELPER","active",TRUE,"MEDIUM",""
"extract_protigy_contrasts","pRoteomics","R/qc/joint_compartment_qc_utils.R","252: joint_qc_observed_detection_provenance <- function(protein_ids, dataset, root = preprocessing_dir_any(""build_joint_protigy_input"", ""01_preprocessing"", ""joint_co","HELPER_FUNCTION","01_preprocessing","","INDIRECT_READER_VIA_HELPER","active",TRUE,"MEDIUM",""
"extract_protigy_contrasts","pRoteomics","R/qc/qc_exploration_utils.R","56: qc_latest(path_processed(""01_preprocessing"", ""impute""), paste0(""pgmatrix.*"", dataset, "".*\\.(xlsx|csv|tsv)$"")),","NAMESPACE_BASENAME","01_preprocessing","path_processed","INDIRECT_READER_VIA_HELPER","active",TRUE,"HIGH",""
"extract_protigy_contrasts","pRoteomics","R/qc/qc_exploration_utils.R","57: qc_latest(path_processed(""01_preprocessing""), paste0(""pgmatrix.*"", dataset, "".*\\.(xlsx|csv|tsv|gct)$"")),","NAMESPACE_BASENAME","01_preprocessing","path_processed","INDIRECT_READER_VIA_HELPER","active",TRUE,"HIGH",""
"extract_protigy_contrasts","pRoteomics","R/qc/qc_exploration_utils.R","58: qc_latest(path_processed(""01_preprocessing"", ""excel_convert""), paste0("".*"", dataset, "".*\\.(gct|xlsx|csv|tsv)$"")),","NAMESPACE_BASENAME","01_preprocessing","path_processed","INDIRECT_READER_VIA_HELPER","active",TRUE,"HIGH",""
"extract_protigy_contrasts","pRoteomics","R/qc/qc_exploration_utils.R","59: path_processed(""01_preprocessing"", ""impute"", paste0(""pgmatrix_imputed_"", dataset, "".xlsx""))","NAMESPACE_BASENAME","01_preprocessing","path_processed","INDIRECT_READER_VIA_HELPER","active",TRUE,"HIGH",""
"extract_protigy_contrasts","pRoteomics","R/statistics/pride_helpers.R","39: ""01_preprocessing/output/sample_metadata_clean.tsv"",","NAMESPACE_BASENAME","01_preprocessing","file.path","INDIRECT_READER_VIA_HELPER","active",TRUE,"HIGH",""
"extract_protigy_contrasts","pRoteomics","R/statistics/pride_helpers.R","40: ""01_preprocessing/output/sample_metadata_clean.csv"",","NAMESPACE_BASENAME","01_preprocessing","file.path","INDIRECT_READER_VIA_HELPER","active",TRUE,"HIGH",""
"extract_protigy_contrasts","pRoteomics","R/statistics/pride_helpers.R","41: ""01_preprocessing/sample_metadata_clean.tsv"",","NAMESPACE_BASENAME","01_preprocessing","file.path","INDIRECT_READER_VIA_HELPER","active",TRUE,"HIGH",""
"extract_protigy_contrasts","pRoteomics","R/statistics/pride_helpers.R","42: ""01_preprocessing/sample_metadata_clean.csv""","NAMESPACE_BASENAME","01_preprocessing","file.path","INDIRECT_READER_VIA_HELPER","active",TRUE,"HIGH",""
"extract_protigy_contrasts","pRoteomics","R/utilities/export_helpers.R","777: if (grepl(""/01_preprocessing/"", p) ||","NAMESPACE_BASENAME","01_preprocessing","grepl","INDIRECT_READER_VIA_HELPER","active",TRUE,"MEDIUM",""
"extract_protigy_contrasts","pRoteomics","R/utilities/export_helpers.R","683: if (sub %in% c(""gct_extractR"", ""protigy_output"")) {","NAMESPACE_BASENAME","gct_extractR","","INDIRECT_READER_VIA_HELPER","active",TRUE,"MEDIUM",""
"extract_protigy_contrasts","pRoteomics","R/utilities/export_helpers.R","693: if (identical(sub, ""gct_extractR"")) {","NAMESPACE_BASENAME","gct_extractR","","INDIRECT_READER_VIA_HELPER","active",TRUE,"MEDIUM",""
"extract_protigy_contrasts","pRoteomics","tools/reference_data/derive_allen_mouse_ctx_hip_10x_markers.r","425: file.path(repo_root, ""data/processed/01_preprocessing/detected_genes_microglia.csv""),","NAMESPACE_BASENAME","01_preprocessing","file.path","INDIRECT_READER_VIA_HELPER","active",TRUE,"HIGH",""
"extract_protigy_contrasts","pRoteomics","tools/reference_data/derive_allen_mouse_ctx_hip_10x_markers.r","426: file.path(repo_root, ""data/processed/01_preprocessing/detected_genes_neuron_neuropil.csv""),","NAMESPACE_BASENAME","01_preprocessing","file.path","INDIRECT_READER_VIA_HELPER","active",TRUE,"HIGH",""
"extract_protigy_contrasts","pRoteomics","tools/reference_data/derive_allen_mouse_ctx_hip_10x_markers.r","427: file.path(repo_root, ""data/processed/01_preprocessing/detected_genes_neuron_soma.csv""),","NAMESPACE_BASENAME","01_preprocessing","file.path","INDIRECT_READER_VIA_HELPER","active",TRUE,"HIGH",""
"extract_protigy_contrasts","pRoteomics","tests/testthat/test-animal-id-contract.R","163: p <- path_processed(""01_preprocessing"", ""06_merged_metadata_module_score"",","TEST_FRAGMENT","01_preprocessing","path_processed","TEST","active",TRUE,"HIGH",""
"extract_protigy_contrasts","pRoteomics","tests/testthat/test-animal-id-contract.R","182: p <- path_processed(""01_preprocessing"", ""06_merged_metadata_module_score"", ds,","TEST_FRAGMENT","01_preprocessing","path_processed","TEST","active",TRUE,"HIGH",""
"extract_protigy_contrasts","pRoteomics","tests/testthat/test-integration-writer-namespace.R","35: PENDING_STAGES <- c(""06_modules_WGCNA"", ""01_preprocessing"", ""02_id_mapping"")","TEST_FRAGMENT","01_preprocessing","","TEST","active",TRUE,"MEDIUM",""
"extract_protigy_contrasts","pRoteomics","tests/testthat/test-mapping-branch-utils.R","11: normalizePath(path_processed(""01_preprocessing"", ""gct_extractR""), winslash = ""/"", mustWork = FALSE)","TEST_FRAGMENT","01_preprocessing","expect_identical","TEST","active",TRUE,"MEDIUM",""
"extract_protigy_contrasts","pRoteomics","tests/testthat/test-mapping-branch-utils.R","33: gct_extract_root = ""data/processed/01_preprocessing/gct_extractR_animal_level"",","TEST_FRAGMENT","01_preprocessing","expect_identical","TEST","active",TRUE,"MEDIUM",""
"extract_protigy_contrasts","pRoteomics","tests/testthat/test-mapping-branch-utils.R","39: normalizePath(path_processed(""01_preprocessing"", ""gct_extractR_animal_level"", ""neuron_soma"", ""forward""), winslash = ""/"", mustWork = FALSE)","TEST_FRAGMENT","01_preprocessing","expect_identical","TEST","active",TRUE,"MEDIUM",""
"extract_protigy_contrasts","pRoteomics","tests/testthat/test-mapping-branch-utils.R","85: ""data/processed/01_preprocessing/gct_extractR_animal_level"",","TEST_FRAGMENT","01_preprocessing","expect_identical","TEST","active",TRUE,"MEDIUM",""
"extract_protigy_contrasts","pRoteomics","tests/testthat/test-mapping-branch-utils.R","102: ""data/processed/01_preprocessing/gct_extractR_animal_level"",","TEST_FRAGMENT","01_preprocessing","expect_identical","TEST","active",TRUE,"MEDIUM",""
"extract_protigy_contrasts","pRoteomics","tests/testthat/test-mapping-branch-utils.R","11: normalizePath(path_processed(""01_preprocessing"", ""gct_extractR""), winslash = ""/"", mustWork = FALSE)","TEST_FRAGMENT","gct_extractR","expect_identical","TEST","active",TRUE,"MEDIUM",""
"extract_protigy_contrasts","pRoteomics","tests/testthat/test-module-score-metadata-resolution.R","10: testthat::expect_true(grepl(""data/processed/01_preprocessing/06_merged_metadata_module_score/<dataset>"", txt, fixed = TRUE) || grepl(""path_processed(module_id","TEST_FRAGMENT","01_preprocessing","expect_true","TEST","active",TRUE,"MEDIUM",""
"extract_protigy_contrasts","pRoteomics","tests/testthat/test-output-namespace-contract.R","16: ""data/processed/01_preprocessing/input.rds"",","TEST_FRAGMENT","01_preprocessing","","TEST","active",TRUE,"MEDIUM",""
"extract_protigy_contrasts","pRoteomics","tests/testthat/test-preprocessing-writer-namespace.R","22: LEGACY_NS <- c(""01_preprocessing"", ""02_id_mapping"")","TEST_FRAGMENT","01_preprocessing","expect_true","TEST","active",TRUE,"MEDIUM",""
"extract_protigy_contrasts","pRoteomics","tests/testthat/test-preprocessing-writer-namespace.R","319: ""01_preprocessing"", ""joint_compartment_qc"",","TEST_FRAGMENT","01_preprocessing","expect_true","TEST","active",TRUE,"MEDIUM",""
"extract_protigy_contrasts","pRoteomics","tests/testthat/test-preprocessing-writer-namespace.R","327: ""01_preprocessing"", ""joint_compartment_qc"", ""global"", ""models"", ""processed"")","TEST_FRAGMENT","01_preprocessing","expect_true","TEST","active",TRUE,"MEDIUM",""
"extract_protigy_contrasts","pRoteomics","tests/testthat/test-preprocessing-writer-namespace.R","331: testthat::expect_true(grepl(""data/processed/01_preprocessing/joint_compartment_qc/global/joint_compartment_qc_matrices.rds$"",","TEST_FRAGMENT","01_preprocessing","expect_true","TEST","active",TRUE,"MEDIUM",""
"extract_protigy_contrasts","pRoteomics","tests/testthat/test-preprocessing-writer-namespace.R","461: hist <- file.path(root, ""data"", ""processed"", ""01_preprocessing"",","TEST_FRAGMENT","01_preprocessing","expect_true","TEST","active",TRUE,"MEDIUM",""
"extract_protigy_contrasts","pRoteomics","tests/testthat/test-preprocessing-writer-namespace.R","575: ""data/processed/01_preprocessing/joint_compartment_qc/global/joint_compartment_qc_matrices.rds"",","TEST_FRAGMENT","01_preprocessing","expect_true","TEST","active",TRUE,"MEDIUM",""
"extract_protigy_contrasts","pRoteomics","tests/testthat/test-preprocessing-writer-namespace.R","654: root = path_processed(""01_preprocessing"", ""gct_extractR""))","TEST_FRAGMENT","01_preprocessing","expect_true","TEST","active",TRUE,"MEDIUM",""
"extract_protigy_contrasts","pRoteomics","tests/testthat/test-preprocessing-writer-namespace.R","668: path_processed(""01_preprocessing"", ""gct_extractR""), ""neuron_neuropil"")","TEST_FRAGMENT","01_preprocessing","expect_true","TEST","active",TRUE,"MEDIUM",""
"extract_protigy_contrasts","pRoteomics","tests/testthat/test-preprocessing-writer-namespace.R","676: path_processed(""01_preprocessing"", ""gct_extractR""), ""neuron_neuropil"")","TEST_FRAGMENT","01_preprocessing","expect_true","TEST","active",TRUE,"MEDIUM",""
"extract_protigy_contrasts","pRoteomics","tests/testthat/test-preprocessing-writer-namespace.R","654: root = path_processed(""01_preprocessing"", ""gct_extractR""))","TEST_FRAGMENT","gct_extractR","","TEST","active",TRUE,"MEDIUM",""
"extract_protigy_contrasts","pRoteomics","tests/testthat/test-preprocessing-writer-namespace.R","668: path_processed(""01_preprocessing"", ""gct_extractR""), ""neuron_neuropil"")","TEST_FRAGMENT","gct_extractR","","TEST","active",TRUE,"MEDIUM",""
"extract_protigy_contrasts","pRoteomics","tests/testthat/test-preprocessing-writer-namespace.R","676: path_processed(""01_preprocessing"", ""gct_extractR""), ""neuron_neuropil"")","TEST_FRAGMENT","gct_extractR","","TEST","active",TRUE,"MEDIUM",""
"extract_protigy_contrasts","pRoteomics","tests/testthat/test-protigy-stat-gct-utils.R","119: normalizePath(path_processed(""01_preprocessing"", ""protigy_output_animal_level""), winslash = ""/"", mustWork = FALSE)","TEST_FRAGMENT","01_preprocessing","expect_identical","TEST","active",TRUE,"MEDIUM",""
"extract_protigy_contrasts","pRoteomics","tests/testthat/test-protigy-stat-gct-utils.R","122: testthat::expect_identical(legacy$input_root, normalizePath(path_processed(""01_preprocessing"", ""protigy_output""), winslash = ""/"", mustWork = FALSE))","TEST_FRAGMENT","01_preprocessing","expect_identical","TEST","active",TRUE,"MEDIUM",""
"extract_protigy_contrasts","pRoteomics","tests/testthat/test-protigy-stat-gct-utils.R","123: testthat::expect_identical(legacy$output_root, normalizePath(path_processed(""01_preprocessing"", ""gct_extractR_legacy""), winslash = ""/"", mustWork = FALSE))","TEST_FRAGMENT","01_preprocessing","expect_identical","TEST","active",TRUE,"MEDIUM",""
"extract_protigy_contrasts","pRoteomics","tests/testthat/test-protigy-stat-gct-utils.R","127: normalizePath(path_processed(""01_preprocessing"", ""gct_extractR""), winslash = ""/"", mustWork = FALSE)","TEST_FRAGMENT","01_preprocessing","expect_identical","TEST","active",TRUE,"MEDIUM",""
"extract_protigy_contrasts","pRoteomics","tests/testthat/test-protigy-stat-gct-utils.R","127: normalizePath(path_processed(""01_preprocessing"", ""gct_extractR""), winslash = ""/"", mustWork = FALSE)","TEST_FRAGMENT","gct_extractR","expect_identical","TEST","active",TRUE,"MEDIUM",""
"extract_protigy_contrasts","pRoteomics","tests/testthat/test-source-data-journal-scope.R","372: ""results/tables/01_preprocessing/03c_legacy_vs_animal_level_da_audit/"",","TEST_FRAGMENT","01_preprocessing","","TEST","active",TRUE,"MEDIUM",""
"extract_protigy_contrasts","pRoteomics","pipeline.yml","11: - script: ""analysis/preprocessing/extract_protigy_contrasts.R""","ANALYSIS_REFERENCE","extract_protigy_contrasts","","CONFIG","active",FALSE,"MEDIUM",""
"extract_protigy_contrasts","pRoteomics","pipeline.yml","16: produces: [""results/preprocessing/extract_protigy_contrasts/<dataset>/tables/forward/*.csv"", ""results/preprocessing/extract_protigy_contrasts/<dataset>/","ANALYSIS_REFERENCE","extract_protigy_contrasts","","CONFIG","active",FALSE,"MEDIUM",""
"extract_protigy_contrasts","pRoteomics","pipeline.yml","39: consumes_required: [""results/preprocessing/extract_protigy_contrasts/<dataset>/tables/forward/*.csv"", ""data/processed/01_preprocessing/gct_extractR/<dat","REGISTRY_DEPENDENCY","extract_protigy_contrasts","","CONFIG","active",FALSE,"HIGH",""
"extract_protigy_contrasts","pRoteomics","pipeline.yml","1585: replacement: ""analysis/preprocessing/extract_protigy_contrasts.R""","ANALYSIS_REFERENCE","extract_protigy_contrasts","","CONFIG","active",FALSE,"MEDIUM",""
"extract_protigy_contrasts","pRoteomics","pipeline.yml","1588: replacement: ""analysis/preprocessing/extract_protigy_contrasts.R""","ANALYSIS_REFERENCE","extract_protigy_contrasts","","CONFIG","active",FALSE,"MEDIUM",""
"extract_protigy_contrasts","pRoteomics","pipeline.yml","11: - script: ""analysis/preprocessing/extract_protigy_contrasts.R""","ANALYSIS_REFERENCE","extract_protigy_contrasts.R","","CONFIG","active",FALSE,"MEDIUM",""
"extract_protigy_contrasts","pRoteomics","pipeline.yml","1585: replacement: ""analysis/preprocessing/extract_protigy_contrasts.R""","ANALYSIS_REFERENCE","extract_protigy_contrasts.R","","CONFIG","active",FALSE,"MEDIUM",""
"extract_protigy_contrasts","pRoteomics","pipeline.yml","1588: replacement: ""analysis/preprocessing/extract_protigy_contrasts.R""","ANALYSIS_REFERENCE","extract_protigy_contrasts.R","","CONFIG","active",FALSE,"MEDIUM",""
"extract_protigy_contrasts","pRoteomics","analysis/enrichment/run_ewce_celltype_enrichment.R","14: #   - processed proteomics matrix from data/processed/01_preprocessing/ or local config override","DOCUMENTATION_ONLY","01_preprocessing","path_processed","DOCUMENTATION","active",FALSE,"HIGH",""
"extract_protigy_contrasts","pRoteomics","analysis/integration/build_immunostaining_candidates.R","6: # Consumes: required data/processed/01_preprocessing/protigy_input_animal_level/neuron_neuropil/neuron_neuropil_animal_level.gct; data/processed/02_id_mapping/m","DOCUMENTATION_ONLY","01_preprocessing","repo_path","DOCUMENTATION","active",FALSE,"HIGH",""
"extract_protigy_contrasts","pRoteomics","analysis/integration/screen_immunostaining_panel.R","6: # Consumes: required data/processed/02_id_mapping/mapped/neuron_neuropil/forward/per_file/; data/processed/01_preprocessing/protigy_input_animal_level/neuron_ne","DOCUMENTATION_ONLY","01_preprocessing","repo_path","DOCUMENTATION","active",FALSE,"HIGH",""
"extract_protigy_contrasts","pRoteomics","analysis/integration/screen_immunostaining_separation.R","6: # Consumes: required data/processed/01_preprocessing/protigy_input_animal_level/neuron_neuropil/neuron_neuropil_animal_level.gct; data/raw/pg_matrix/quicksearch","DOCUMENTATION_ONLY","01_preprocessing","repo_path","DOCUMENTATION","active",FALSE,"HIGH",""
"extract_protigy_contrasts","pRoteomics","analysis/integration/screen_immunostaining_separation.R","31: #   (archive/01_preprocessing/01_impute.r uses rnorm with a narrow sd). Imputed cells","DOCUMENTATION_ONLY","01_preprocessing","repo_path","DOCUMENTATION","active",FALSE,"HIGH",""
"extract_protigy_contrasts","pRoteomics","analysis/preprocessing/build_module_score_metadata.R","5: # Consumes: required data/processed/01_preprocessing/**/*.xlsx; optional data/external/behavior/auc_individual_animals_all.csv; data/external/behavior/auc_indiv","DOCUMENTATION_ONLY","01_preprocessing","","DOCUMENTATION","active",FALSE,"N/A",""
"extract_protigy_contrasts","pRoteomics","analysis/preprocessing/map_protein_identifiers.R","5: # Consumes: required results/preprocessing/extract_protigy_contrasts/<dataset>/tables/forward/*.csv; data/processed/01_preprocessing/gct_extractR/<dataset>/forw","DOCUMENTATION_ONLY","results/preprocessing/extract_protigy_contrasts/<dataset>/tables/forward/*.csv","","DOCUMENTATION","active",FALSE,"N/A",""
"extract_protigy_contrasts","pRoteomics","analysis/preprocessing/map_protein_identifiers.R","5: # Consumes: required results/preprocessing/extract_protigy_contrasts/<dataset>/tables/forward/*.csv; data/processed/01_preprocessing/gct_extractR/<dataset>/forw","DOCUMENTATION_ONLY","data/processed/01_preprocessing/gct_extractR/<dataset>/forward/*.csv","","DOCUMENTATION","active",FALSE,"N/A",""
"extract_protigy_contrasts","pRoteomics","analysis/preprocessing/map_protein_identifiers.R","5: # Consumes: required results/preprocessing/extract_protigy_contrasts/<dataset>/tables/forward/*.csv; data/processed/01_preprocessing/gct_extractR/<dataset>/forw","DOCUMENTATION_ONLY","01_preprocessing","","DOCUMENTATION","active",FALSE,"N/A",""
"extract_protigy_contrasts","pRoteomics","analysis/preprocessing/map_protein_identifiers.R","35: #'     falling back to data/processed/01_preprocessing/gct_extractR/<comparison>/<forward|reverse>/","DOCUMENTATION_ONLY","01_preprocessing","","DOCUMENTATION","active",FALSE,"N/A",""
"extract_protigy_contrasts","pRoteomics","analysis/preprocessing/map_protein_identifiers.R","5: # Consumes: required results/preprocessing/extract_protigy_contrasts/<dataset>/tables/forward/*.csv; data/processed/01_preprocessing/gct_extractR/<dataset>/forw","DOCUMENTATION_ONLY","gct_extractR","","DOCUMENTATION","active",FALSE,"N/A",""
"extract_protigy_contrasts","pRoteomics","analysis/preprocessing/map_protein_identifiers.R","35: #'     falling back to data/processed/01_preprocessing/gct_extractR/<comparison>/<forward|reverse>/","DOCUMENTATION_ONLY","gct_extractR","","DOCUMENTATION","active",FALSE,"N/A",""
"extract_protigy_contrasts","pRoteomics","analysis/preprocessing/map_protein_identifiers.R","5: # Consumes: required results/preprocessing/extract_protigy_contrasts/<dataset>/tables/forward/*.csv; data/processed/01_preprocessing/gct_extractR/<dataset>/forw","DOCUMENTATION_ONLY","extract_protigy_contrasts","","DOCUMENTATION","active",FALSE,"N/A",""
"extract_protigy_contrasts","pRoteomics","analysis/preprocessing/map_protein_identifiers.R","34: #'   - contrast CSVs from results/preprocessing/extract_protigy_contrasts/<comparison>/tables/<forward|reverse>/,","DOCUMENTATION_ONLY","extract_protigy_contrasts","","DOCUMENTATION","active",FALSE,"N/A",""
"extract_protigy_contrasts","pRoteomics","analysis/publication_source_data/export_processed_matrices.R","6: # Consumes: required data/raw/pg_matrix/; data/processed/01_preprocessing/; +1 more; optional none.","DOCUMENTATION_ONLY","01_preprocessing","","DOCUMENTATION","active",FALSE,"N/A",""
"extract_protigy_contrasts","pRoteomics","analysis/qc/assess_joint_compartment_quality.R","5: # Consumes: required data/processed/01_preprocessing/joint_compartment_qc/global/joint_compartment_qc_matrices.rds; optional none declared in pipeline.yml","DOCUMENTATION_ONLY","01_preprocessing","","DOCUMENTATION","active",FALSE,"N/A",""
"extract_protigy_contrasts","pRoteomics","analysis/qc/assess_marker_rank_abundance.R","5: # Consumes: required data/processed/01_preprocessing/impute/*_pgmatrix_imputed_<dataset>_*_missing70pct.xlsx; data/external/MOUSE_10090_idmapping.dat; data/meta","DOCUMENTATION_ONLY","01_preprocessing","","DOCUMENTATION","active",FALSE,"N/A",""
"extract_protigy_contrasts","pRoteomics","analysis/qc/discover_empirical_roi_markers.R","6: # Consumes: required data/processed/01_preprocessing/impute/*_pgmatrix_imputed_neuron_neuropil_*_missing70pct.xlsx; data/processed/01_preprocessing/impute/*_pgm","DOCUMENTATION_ONLY","01_preprocessing","","DOCUMENTATION","active",FALSE,"N/A",""
"extract_protigy_contrasts","pRoteomics","analysis/qc/export_marker_traits.R","6: # Consumes: required data/processed/01_preprocessing/impute/*_pgmatrix_imputed_<dataset>_*_missing70pct.xlsx; data/external/MOUSE_10090_idmapping.dat; data/meta","DOCUMENTATION_ONLY","01_preprocessing","","DOCUMENTATION","active",FALSE,"N/A",""
"extract_protigy_contrasts","pRoteomics","analysis/qc/render_compartment_abundance_figures.R","8: # Consumes: required data/processed/01_preprocessing/joint_compartment_qc/global/joint_compartment_qc_matrices.rds; config/marker_panels/wgcna_reference_marker_","DOCUMENTATION_ONLY","01_preprocessing","","DOCUMENTATION","active",FALSE,"N/A",""
"extract_protigy_contrasts","pRoteomics","analysis/qc/render_joint_compartment_qc_figures.R","8: # Consumes: required data/processed/01_preprocessing/joint_compartment_qc/global/joint_compartment_qc_matrices.rds; results/tables/03_qc_exploration/00b_joint_c","DOCUMENTATION_ONLY","01_preprocessing","","DOCUMENTATION","active",FALSE,"N/A",""
"extract_protigy_contrasts","pRoteomics","analysis/qc/summarize_marker_detectability.R","5: # Consumes: required data/processed/01_preprocessing/impute/*_pgmatrix_imputed_<dataset>_*_missing70pct.xlsx; data/external/MOUSE_10090_idmapping.dat; data/meta","DOCUMENTATION_ONLY","01_preprocessing","","DOCUMENTATION","active",FALSE,"N/A",""
"extract_protigy_contrasts","pRoteomics","analysis/spatial_networks/build_spatial_networks.R","12: #   - processed proteomics matrix from data/processed/01_preprocessing/","DOCUMENTATION_ONLY","01_preprocessing","","DOCUMENTATION","active",FALSE,"N/A",""
"extract_protigy_contrasts","pRoteomics","analysis/spatial_validation/build_animal_spatial_networks.R","24: # Consumes: required data/processed/01_preprocessing/06_merged_metadata_module_score/<dataset>/sample_metadata_merged_clean_for_module_scores.xlsx; optional res","DOCUMENTATION_ONLY","01_preprocessing","","DOCUMENTATION","active",FALSE,"N/A",""
"extract_protigy_contrasts","pRoteomics","analysis/spatial_validation/build_spatial_data_contract.R","25: # Consumes: required data/processed/01_preprocessing/06_merged_metadata_module_score/<dataset>/sample_metadata_merged_clean_for_module_scores.xlsx; optional res","DOCUMENTATION_ONLY","01_preprocessing","","DOCUMENTATION","active",FALSE,"N/A",""
"extract_protigy_contrasts","pRoteomics","analysis/spatial_validation/quantify_bilateral_spatial_identity.R","28: # Consumes: required data/processed/01_preprocessing/06_merged_metadata_module_score/<dataset>/sample_metadata_merged_clean_for_module_scores.xlsx; optional res","DOCUMENTATION_ONLY","01_preprocessing","","DOCUMENTATION","active",FALSE,"N/A",""
"extract_protigy_contrasts","pRoteomics","docs/ANALYSIS_ENTRYPOINTS.md","26: | inputs | `data/processed/01_preprocessing/protigy_output/<dataset>/*.gct`, `data/processed/01_preprocessing/**/*.xlsx`, `results/preprocessing/extract_protigy","FULL_PATH","results/preprocessing/extract_protigy_contrasts/<dataset>/tables/forward/*.csv","","DOCUMENTATION","active",FALSE,"HIGH",""
"extract_protigy_contrasts","pRoteomics","docs/ANALYSIS_ENTRYPOINTS.md","28: | outputs | `results/preprocessing/extract_protigy_contrasts/<dataset>/tables/forward/*.csv`, `results/preprocessing/extract_protigy_contrasts/<dataset>/tables/","FULL_PATH","results/preprocessing/extract_protigy_contrasts/<dataset>/tables/forward/*.csv","","DOCUMENTATION","active",FALSE,"HIGH",""
"extract_protigy_contrasts","pRoteomics","docs/ANALYSIS_ENTRYPOINTS.md","28: | outputs | `results/preprocessing/extract_protigy_contrasts/<dataset>/tables/forward/*.csv`, `results/preprocessing/extract_protigy_contrasts/<dataset>/tables/","FULL_PATH","results/preprocessing/extract_protigy_contrasts/<dataset>/tables/reverse/*.csv","","DOCUMENTATION","active",FALSE,"HIGH",""
"extract_protigy_contrasts","pRoteomics","docs/ANALYSIS_ENTRYPOINTS.md","28: | outputs | `results/preprocessing/extract_protigy_contrasts/<dataset>/tables/forward/*.csv`, `results/preprocessing/extract_protigy_contrasts/<dataset>/tables/","FULL_PATH","results/preprocessing/extract_protigy_contrasts/<dataset>/manifests/indexComparisons.csv","","DOCUMENTATION","active",FALSE,"HIGH",""
"extract_protigy_contrasts","pRoteomics","docs/ANALYSIS_ENTRYPOINTS.md","28: | outputs | `results/preprocessing/extract_protigy_contrasts/<dataset>/tables/forward/*.csv`, `results/preprocessing/extract_protigy_contrasts/<dataset>/tables/","FULL_PATH","results/preprocessing/extract_protigy_contrasts/<dataset>/manifests/canonical_gct_extract_manifest.csv","","DOCUMENTATION","active",FALSE,"HIGH",""
"extract_protigy_contrasts","pRoteomics","docs/ANALYSIS_ENTRYPOINTS.md","26: | inputs | `data/processed/01_preprocessing/protigy_output/<dataset>/*.gct`, `data/processed/01_preprocessing/**/*.xlsx`, `results/preprocessing/extract_protigy","NAMESPACE_BASENAME","01_preprocessing","","DOCUMENTATION","active",FALSE,"MEDIUM",""
"extract_protigy_contrasts","pRoteomics","docs/ANALYSIS_ENTRYPOINTS.md","27: | optional_inputs | `data/processed/01_preprocessing/protigy_output/<dataset>/protigy_manifest.csv`, `data/processed/01_preprocessing/protigy_output/protigy_man","NAMESPACE_BASENAME","01_preprocessing","","DOCUMENTATION","active",FALSE,"MEDIUM",""
"extract_protigy_contrasts","pRoteomics","docs/ANALYSIS_ENTRYPOINTS.md","52: | inputs | `results/preprocessing/build_joint_protigy_input/global/models/joint_compartment_qc_matrices.rds`, `data/processed/01_preprocessing/joint_compartment","NAMESPACE_BASENAME","01_preprocessing","","DOCUMENTATION","active",FALSE,"MEDIUM",""
"extract_protigy_contrasts","pRoteomics","docs/ANALYSIS_ENTRYPOINTS.md","89: | inputs | `results/preprocessing/build_module_score_metadata/<dataset>/tables/sample_metadata_merged_clean_for_module_scores.xlsx`, `data/processed/01_preproce","NAMESPACE_BASENAME","01_preprocessing","","DOCUMENTATION","active",FALSE,"MEDIUM",""
"extract_protigy_contrasts","pRoteomics","docs/ANALYSIS_ENTRYPOINTS.md","162: | inputs | `data/processed/01_preprocessing/impute/*_pgmatrix_imputed_<dataset>_*_missing70pct.xlsx`, `data/metadata/TPE9_sample_metadata_males.xlsx`, `data/ext","NAMESPACE_BASENAME","01_preprocessing","","DOCUMENTATION","active",FALSE,"MEDIUM",""
"extract_protigy_contrasts","pRoteomics","docs/ANALYSIS_ENTRYPOINTS.md","24: | entrypoint | `analysis/preprocessing/extract_protigy_contrasts.R` |","ANALYSIS_REFERENCE","extract_protigy_contrasts","","DOCUMENTATION","active",FALSE,"MEDIUM",""
"extract_protigy_contrasts","pRoteomics","docs/ANALYSIS_ENTRYPOINTS.md","26: | inputs | `data/processed/01_preprocessing/protigy_output/<dataset>/*.gct`, `data/processed/01_preprocessing/**/*.xlsx`, `results/preprocessing/extract_protigy","ANALYSIS_REFERENCE","extract_protigy_contrasts","","DOCUMENTATION","active",FALSE,"MEDIUM",""
"extract_protigy_contrasts","pRoteomics","docs/ANALYSIS_ENTRYPOINTS.md","28: | outputs | `results/preprocessing/extract_protigy_contrasts/<dataset>/tables/forward/*.csv`, `results/preprocessing/extract_protigy_contrasts/<dataset>/tables/","ANALYSIS_REFERENCE","extract_protigy_contrasts","","DOCUMENTATION","active",FALSE,"MEDIUM",""
"extract_protigy_contrasts","pRoteomics","docs/ANALYSIS_ENTRYPOINTS.md","37: - `analysis/preprocessing/extract_protigy_contrasts.R` - stage `core`, scope `dataset_specific`, required","ANALYSIS_REFERENCE","extract_protigy_contrasts","","DOCUMENTATION","active",FALSE,"MEDIUM",""
"extract_protigy_contrasts","pRoteomics","docs/ANALYSIS_ENTRYPOINTS.md","24: | entrypoint | `analysis/preprocessing/extract_protigy_contrasts.R` |","ANALYSIS_REFERENCE","extract_protigy_contrasts.R","","DOCUMENTATION","active",FALSE,"MEDIUM",""
"extract_protigy_contrasts","pRoteomics","docs/ANALYSIS_ENTRYPOINTS.md","37: - `analysis/preprocessing/extract_protigy_contrasts.R` - stage `core`, scope `dataset_specific`, required","ANALYSIS_REFERENCE","extract_protigy_contrasts.R","","DOCUMENTATION","active",FALSE,"MEDIUM",""
"extract_protigy_contrasts","pRoteomics","docs/CANONICAL_ANALYSIS_ENTRYPOINTS.md","29: | GCT extraction, merged metadata | `analysis/preprocessing/extract_protigy_contrasts.R`, `analysis/preprocessing/build_module_score_metadata.R` | core |","ANALYSIS_REFERENCE","extract_protigy_contrasts","","DOCUMENTATION","active",FALSE,"MEDIUM",""
"extract_protigy_contrasts","pRoteomics","docs/CANONICAL_ANALYSIS_ENTRYPOINTS.md","29: | GCT extraction, merged metadata | `analysis/preprocessing/extract_protigy_contrasts.R`, `analysis/preprocessing/build_module_score_metadata.R` | core |","ANALYSIS_REFERENCE","extract_protigy_contrasts.R","","DOCUMENTATION","active",FALSE,"MEDIUM",""
"extract_protigy_contrasts","pRoteomics","docs/current_data_flow.md","87: `data/processed/01_preprocessing/06_merged_metadata_module_score/<dataset>/sample_metadata_merged_clean_for_module_scores.xlsx`","NAMESPACE_BASENAME","01_preprocessing","","DOCUMENTATION","active",FALSE,"MEDIUM",""
"extract_protigy_contrasts","pRoteomics","docs/current_data_flow.md","91: - `results/tables/01_preprocessing/06_merged_metadata_module_score/<dataset>/`","NAMESPACE_BASENAME","01_preprocessing","","DOCUMENTATION","active",FALSE,"MEDIUM",""
"extract_protigy_contrasts","pRoteomics","docs/current_data_flow.md","92: - `results/reports/01_preprocessing/06_merged_metadata_module_score/<dataset>/`","NAMESPACE_BASENAME","01_preprocessing","","DOCUMENTATION","active",FALSE,"MEDIUM",""
"extract_protigy_contrasts","pRoteomics","docs/current_data_flow.md","93: - `results/logs/01_preprocessing/06_merged_metadata_module_score/<dataset>/`","NAMESPACE_BASENAME","01_preprocessing","","DOCUMENTATION","active",FALSE,"MEDIUM",""
"extract_protigy_contrasts","pRoteomics","docs/current_data_flow.md","121: - `archive/01_preprocessing/04_format_metadata.r`","NAMESPACE_BASENAME","01_preprocessing","","DOCUMENTATION","active",FALSE,"MEDIUM",""
"extract_protigy_contrasts","pRoteomics","docs/current_data_flow.md","122: - `archive/01_preprocessing/05_metadata_create.r`","NAMESPACE_BASENAME","01_preprocessing","","DOCUMENTATION","active",FALSE,"MEDIUM",""
"extract_protigy_contrasts","pRoteomics","docs/current_data_flow.md","140: | `Datasets/raw` | `data/raw/` or `data/processed/01_preprocessing/` | Raw vendor/search exports belong in raw; derived matrices belong in processed. |","NAMESPACE_BASENAME","01_preprocessing","","DOCUMENTATION","active",FALSE,"MEDIUM",""
"extract_protigy_contrasts","pRoteomics","docs/current_data_flow.md","145: | `module_scores` | `data/processed/01_preprocessing/06_merged_metadata_module_score/<dataset>/` for metadata handoff; `data/processed/06_modules_WGCNA/` and `r","NAMESPACE_BASENAME","01_preprocessing","","DOCUMENTATION","active",FALSE,"MEDIUM",""
"extract_protigy_contrasts","pRoteomics","docs/current_data_flow.md","153: - `archive/01_preprocessing/01_impute.r`, `archive/01_preprocessing/02_excel_convert.r`, `analysis/preprocessing/extract_protigy_contrasts.R`","NAMESPACE_BASENAME","01_preprocessing","","DOCUMENTATION","active",FALSE,"MEDIUM",""
"extract_protigy_contrasts","pRoteomics","docs/current_data_flow.md","170: - `analysis/preprocessing/extract_protigy_contrasts.R` reads a GCT from `data/processed/01_preprocessing/protigy_output/<comparison>/` and writes split contrast","NAMESPACE_BASENAME","01_preprocessing","","DOCUMENTATION","active",FALSE,"MEDIUM",""
"extract_protigy_contrasts","pRoteomics","docs/current_data_flow.md","170: - `analysis/preprocessing/extract_protigy_contrasts.R` reads a GCT from `data/processed/01_preprocessing/protigy_output/<comparison>/` and writes split contrast","NAMESPACE_BASENAME","gct_extractR","","DOCUMENTATION","active",FALSE,"MEDIUM",""
"extract_protigy_contrasts","pRoteomics","docs/current_data_flow.md","153: - `archive/01_preprocessing/01_impute.r`, `archive/01_preprocessing/02_excel_convert.r`, `analysis/preprocessing/extract_protigy_contrasts.R`","ANALYSIS_REFERENCE","extract_protigy_contrasts","","DOCUMENTATION","active",FALSE,"MEDIUM",""
"extract_protigy_contrasts","pRoteomics","docs/current_data_flow.md","170: - `analysis/preprocessing/extract_protigy_contrasts.R` reads a GCT from `data/processed/01_preprocessing/protigy_output/<comparison>/` and writes split contrast","ANALYSIS_REFERENCE","extract_protigy_contrasts","","DOCUMENTATION","active",FALSE,"MEDIUM",""
"extract_protigy_contrasts","pRoteomics","docs/current_data_flow.md","153: - `archive/01_preprocessing/01_impute.r`, `archive/01_preprocessing/02_excel_convert.r`, `analysis/preprocessing/extract_protigy_contrasts.R`","ANALYSIS_REFERENCE","extract_protigy_contrasts.R","","DOCUMENTATION","active",FALSE,"MEDIUM",""
"extract_protigy_contrasts","pRoteomics","docs/current_data_flow.md","170: - `analysis/preprocessing/extract_protigy_contrasts.R` reads a GCT from `data/processed/01_preprocessing/protigy_output/<comparison>/` and writes split contrast","ANALYSIS_REFERENCE","extract_protigy_contrasts.R","","DOCUMENTATION","active",FALSE,"MEDIUM",""
"extract_protigy_contrasts","pRoteomics","docs/hardcoded_path_inventory.md","12: - `archive/01_preprocessing/01_impute.r`: `S:/...` metadata, raw matrix and imputed output roots.","NAMESPACE_BASENAME","01_preprocessing","","DOCUMENTATION","active",FALSE,"MEDIUM",""
"extract_protigy_contrasts","pRoteomics","docs/hardcoded_path_inventory.md","13: - `archive/01_preprocessing/02_excel_convert.r`: `S:/...` imputed workbook, grouped folder, metadata and Morpheus output roots.","NAMESPACE_BASENAME","01_preprocessing","","DOCUMENTATION","active",FALSE,"MEDIUM",""
"extract_protigy_contrasts","pRoteomics","docs/hardcoded_path_inventory.md","15: - `archive/01_preprocessing/04_format_metadata.r`: refactored in Phase 3; no committed active machine path remains.","NAMESPACE_BASENAME","01_preprocessing","","DOCUMENTATION","active",FALSE,"MEDIUM",""
"extract_protigy_contrasts","pRoteomics","docs/hardcoded_path_inventory.md","16: - `archive/01_preprocessing/05_metadata_create.r`: refactored in Phase 3; no committed active machine path remains.","NAMESPACE_BASENAME","01_preprocessing","","DOCUMENTATION","active",FALSE,"MEDIUM",""
"extract_protigy_contrasts","pRoteomics","docs/hardcoded_path_inventory.md","55: - Already partially/refactored: `analysis/differential_abundance/run_clusterprofiler_enrichment.R`, `analysis/differential_abundance/compare_go_enrichment.R`, `","NAMESPACE_BASENAME","01_preprocessing","","DOCUMENTATION","active",FALSE,"MEDIUM",""
"extract_protigy_contrasts","pRoteomics","docs/hardcoded_path_inventory.md","56: - Requires data-aware review before edits: `archive/01_preprocessing/01_impute.r`, `archive/01_preprocessing/02_excel_convert.r`, `analysis/preprocessing/build_","NAMESPACE_BASENAME","01_preprocessing","","DOCUMENTATION","active",FALSE,"MEDIUM",""
"extract_protigy_contrasts","pRoteomics","docs/hardcoded_path_inventory.md","14: - `analysis/preprocessing/extract_protigy_contrasts.R`: refactored in Phase 4; no committed active machine path or `setwd()` remains.","ANALYSIS_REFERENCE","extract_protigy_contrasts","","DOCUMENTATION","active",FALSE,"MEDIUM",""
"extract_protigy_contrasts","pRoteomics","docs/hardcoded_path_inventory.md","55: - Already partially/refactored: `analysis/differential_abundance/run_clusterprofiler_enrichment.R`, `analysis/differential_abundance/compare_go_enrichment.R`, `","ANALYSIS_REFERENCE","extract_protigy_contrasts","","DOCUMENTATION","active",FALSE,"MEDIUM",""
"extract_protigy_contrasts","pRoteomics","docs/hardcoded_path_inventory.md","14: - `analysis/preprocessing/extract_protigy_contrasts.R`: refactored in Phase 4; no committed active machine path or `setwd()` remains.","ANALYSIS_REFERENCE","extract_protigy_contrasts.R","","DOCUMENTATION","active",FALSE,"MEDIUM",""
"extract_protigy_contrasts","pRoteomics","docs/hardcoded_path_inventory.md","55: - Already partially/refactored: `analysis/differential_abundance/run_clusterprofiler_enrichment.R`, `analysis/differential_abundance/compare_go_enrichment.R`, `","ANALYSIS_REFERENCE","extract_protigy_contrasts.R","","DOCUMENTATION","active",FALSE,"MEDIUM",""
"extract_protigy_contrasts","pRoteomics","docs/INPUT_CONTRACTS.md","8: | protein matrix | `protein_matrix.yml` | `protein_id` | `data/processed/01_preprocessing/` or configured source | Rows are proteins; columns are samples after","NAMESPACE_BASENAME","01_preprocessing","","DOCUMENTATION","active",FALSE,"MEDIUM",""
"extract_protigy_contrasts","pRoteomics","docs/INPUT_CONTRACTS.md","9: | joint compartment QC matrix | `joint_compartment_qc_v1` | `ProteinGroupID`, raw-derived observed detection audit, canonical metadata, complete finite primary","NAMESPACE_BASENAME","01_preprocessing","","DOCUMENTATION","active",FALSE,"MEDIUM",""
"extract_protigy_contrasts","pRoteomics","docs/INPUT_CONTRACTS.md","10: | control compartment marker abundance | `control_compartment_abundance_v2` | joint-bundle raw quantitative sample columns, sample offsets estimated from the pr","NAMESPACE_BASENAME","01_preprocessing","","DOCUMENTATION","active",FALSE,"MEDIUM",""
"extract_protigy_contrasts","pRoteomics","docs/INPUT_CONTRACTS.md","11: | joint ProTIGY input | strict `GCT v1.3` | `ProteinGroupID` row identity, finite normalized primary values, canonical sample metadata rows | `data/processed/01","NAMESPACE_BASENAME","01_preprocessing","","DOCUMENTATION","active",FALSE,"MEDIUM",""
"extract_protigy_contrasts","pRoteomics","docs/INPUT_CONTRACTS.md","12: | canonical marker-QC expression | `protein_group_id_v1` | stable `Protein.Group` provenance plus quantitative sample columns | `data/processed/01_preprocessing","NAMESPACE_BASENAME","01_preprocessing","","DOCUMENTATION","active",FALSE,"MEDIUM",""
"extract_protigy_contrasts","pRoteomics","docs/INPUT_CONTRACTS.md","13: | canonical WGCNA expression source | `protein_group_id_v1` | stable `Protein.Group` provenance plus quantitative sample columns | `data/processed/01_preprocess","NAMESPACE_BASENAME","01_preprocessing","","DOCUMENTATION","active",FALSE,"MEDIUM",""
"extract_protigy_contrasts","pRoteomics","docs/OUTPUT_CONTRACTS.md","164: | module-score merged metadata | module-score metadata merge contract | `data/processed/01_preprocessing/06_merged_metadata_module_score/<dataset>/sample_metada","NAMESPACE_BASENAME","01_preprocessing","","DOCUMENTATION","active",FALSE,"MEDIUM",""
"extract_protigy_contrasts","pRoteomics","docs/OUTPUT_LAYOUT.md","90: canonical_work_path(""preprocessing"", ""extract_protigy_contrasts.R"", dataset)","ANALYSIS_REFERENCE","extract_protigy_contrasts","","DOCUMENTATION","active",FALSE,"MEDIUM",""
"extract_protigy_contrasts","pRoteomics","docs/OUTPUT_LAYOUT.md","90: canonical_work_path(""preprocessing"", ""extract_protigy_contrasts.R"", dataset)","ANALYSIS_REFERENCE","extract_protigy_contrasts.R","","DOCUMENTATION","active",FALSE,"MEDIUM",""
"extract_protigy_contrasts","pRoteomics","docs/PRIDE_submission_workflow.md","9: Canonical processed quantitative matrices should come from `data/processed/01_preprocessing/` and include normalization, filtering, missingness and imputation m","NAMESPACE_BASENAME","01_preprocessing","","DOCUMENTATION","active",FALSE,"MEDIUM",""
"extract_protigy_contrasts","pRoteomics","docs/RESULTS_OWNERSHIP.md","72: | `results/preprocessing/extract_protigy_contrasts/<dataset>` | `extract_protigy_contrasts.R` | 1 | 4 |","ANALYSIS_REFERENCE","extract_protigy_contrasts","","DOCUMENTATION","active",FALSE,"MEDIUM",""
"extract_protigy_contrasts","pRoteomics","docs/RESULTS_OWNERSHIP.md","72: | `results/preprocessing/extract_protigy_contrasts/<dataset>` | `extract_protigy_contrasts.R` | 1 | 4 |","ANALYSIS_REFERENCE","extract_protigy_contrasts.R","","DOCUMENTATION","active",FALSE,"MEDIUM",""
"extract_protigy_contrasts","pRoteomics","docs/WGCNA_WORKFLOW.md","12: data/processed/01_preprocessing/impute/*pgmatrix_imputed_<dataset>*.xlsx","NAMESPACE_BASENAME","01_preprocessing","","DOCUMENTATION","active",FALSE,"MEDIUM",""
"extract_protigy_contrasts","pRoteomics","docs/WGCNA_WORKFLOW.md","48: - `data/processed/01_preprocessing/06_merged_metadata_module_score/<dataset>/sample_metadata_merged_clean_for_module_scores.xlsx`","NAMESPACE_BASENAME","01_preprocessing","","DOCUMENTATION","active",FALSE,"MEDIUM",""
"extract_protigy_contrasts","pRoteomics","R/data_contracts/mapping_branch_utils.R","98: ## raw_dir is a read of extract_protigy_contrasts' output: normalized","DOCUMENTATION_ONLY","extract_protigy_contrasts","","DOCUMENTATION","active",FALSE,"N/A",""
"extract_protigy_contrasts","pRoteomics","R/data_contracts/mapping_branch_utils.R","127: ## A read of extract_protigy_contrasts' provenance manifest, so normalized","DOCUMENTATION_ONLY","extract_protigy_contrasts","","DOCUMENTATION","active",FALSE,"N/A",""
"extract_protigy_contrasts","pRoteomics","R/preprocessing/preprocessing_paths.R","229: # Historical: data/processed/01_preprocessing/gct_extractR/<dataset>/<direction>","DOCUMENTATION_ONLY","01_preprocessing","","DOCUMENTATION","active",FALSE,"N/A",""
"extract_protigy_contrasts","pRoteomics","R/preprocessing/preprocessing_paths.R","229: # Historical: data/processed/01_preprocessing/gct_extractR/<dataset>/<direction>","DOCUMENTATION_ONLY","gct_extractR","","DOCUMENTATION","active",FALSE,"N/A",""
"extract_protigy_contrasts","pRoteomics","R/preprocessing/preprocessing_paths.R","230: # Normalized: results/preprocessing/extract_protigy_contrasts/<dataset>/tables/<direction>","DOCUMENTATION_ONLY","extract_protigy_contrasts","canonical_result_path","DOCUMENTATION","active",FALSE,"HIGH",""
"extract_protigy_contrasts","pRoteomics","R/spatial/ca2_slm_robustness_utils.R","59: # ExpGroup 1/2/3 -> CON/RES/SUS, matching 01_preprocessing/06_merged_metadata.","DOCUMENTATION_ONLY","01_preprocessing","","DOCUMENTATION","active",FALSE,"N/A",""
"extract_protigy_contrasts","pRoteomics","R/spatial/ca2_slm_robustness_utils.R","111: # archive/01_preprocessing/01_impute.r is reproduced so the analysed row set matches","DOCUMENTATION_ONLY","01_preprocessing","","DOCUMENTATION","active",FALSE,"N/A",""
"extract_protigy_contrasts","pRoteomics","R/spatial/ca2_slm_robustness_utils.R","139: # archive/01_preprocessing/01_impute.r median-centres each sample column on its","DOCUMENTATION_ONLY","01_preprocessing","","DOCUMENTATION","active",FALSE,"N/A",""
"extract_protigy_contrasts","pRoteomics","R/utilities/export_helpers.R","689: ## extract_protigy_contrasts now writes the split contrast tables and the","DOCUMENTATION_ONLY","extract_protigy_contrasts","repo_path","DOCUMENTATION","active",FALSE,"HIGH",""
"extract_protigy_contrasts","pRoteomics","tools/audit_writer_namespaces.R","12: # path_processed(""01_preprocessing"", ...), which is preprocessing's output, and","DOCUMENTATION_ONLY","01_preprocessing","","DOCUMENTATION","active",FALSE,"N/A",""
"extract_protigy_contrasts","pRoteomics","tools/verify_path_contract_rewrites.R","16: #   1. analysis stage roots moved     01_preprocessing/ -> analysis/01_preprocessing/","DOCUMENTATION_ONLY","01_preprocessing","","DOCUMENTATION","active",FALSE,"N/A",""
"extract_protigy_contrasts","pRoteomics","analysis/preprocessing/map_protein_identifiers.R","169: dry_run_line(""Required upstream step"", ""Rscript analysis/preprocessing/extract_protigy_contrasts.R without --dry-run"")","ANALYSIS_REFERENCE","extract_protigy_contrasts","","DOWNSTREAM_ANALYSIS","active",FALSE,"MEDIUM",""
"extract_protigy_contrasts","pRoteomics","analysis/preprocessing/map_protein_identifiers.R","169: dry_run_line(""Required upstream step"", ""Rscript analysis/preprocessing/extract_protigy_contrasts.R without --dry-run"")","ANALYSIS_REFERENCE","extract_protigy_contrasts.R","","DOWNSTREAM_ANALYSIS","active",FALSE,"MEDIUM",""
"extract_protigy_contrasts","pRoteomics","config/results_ownership.csv","52: ""results/preprocessing/extract_protigy_contrasts/<dataset>"",""results/preprocessing/extract_protigy_contrasts"",""analysis/preprocessing/extract_protigy_contrasts.","FULL_PATH","results/preprocessing/extract_protigy_contrasts/<dataset>/tables/forward/*.csv","","GENERATED_RECORD","active",FALSE,"HIGH",""
"extract_protigy_contrasts","pRoteomics","config/results_ownership.csv","52: ""results/preprocessing/extract_protigy_contrasts/<dataset>"",""results/preprocessing/extract_protigy_contrasts"",""analysis/preprocessing/extract_protigy_contrasts.","FULL_PATH","results/preprocessing/extract_protigy_contrasts/<dataset>/tables/reverse/*.csv","","GENERATED_RECORD","active",FALSE,"HIGH",""
"extract_protigy_contrasts","pRoteomics","config/results_ownership.csv","52: ""results/preprocessing/extract_protigy_contrasts/<dataset>"",""results/preprocessing/extract_protigy_contrasts"",""analysis/preprocessing/extract_protigy_contrasts.","FULL_PATH","results/preprocessing/extract_protigy_contrasts/<dataset>/manifests/indexComparisons.csv","","GENERATED_RECORD","active",FALSE,"HIGH",""
"extract_protigy_contrasts","pRoteomics","config/results_ownership.csv","52: ""results/preprocessing/extract_protigy_contrasts/<dataset>"",""results/preprocessing/extract_protigy_contrasts"",""analysis/preprocessing/extract_protigy_contrasts.","FULL_PATH","results/preprocessing/extract_protigy_contrasts/<dataset>/manifests/canonical_gct_extract_manifest.csv","","GENERATED_RECORD","active",FALSE,"HIGH",""
"extract_protigy_contrasts","pRoteomics","config/results_ownership.csv","52: ""results/preprocessing/extract_protigy_contrasts/<dataset>"",""results/preprocessing/extract_protigy_contrasts"",""analysis/preprocessing/extract_protigy_contrasts.","ANALYSIS_REFERENCE","extract_protigy_contrasts","","GENERATED_RECORD","active",FALSE,"MEDIUM",""
"extract_protigy_contrasts","pRoteomics","config/results_ownership.csv","52: ""results/preprocessing/extract_protigy_contrasts/<dataset>"",""results/preprocessing/extract_protigy_contrasts"",""analysis/preprocessing/extract_protigy_contrasts.","ANALYSIS_REFERENCE","extract_protigy_contrasts.R","","GENERATED_RECORD","active",FALSE,"MEDIUM",""
"extract_protigy_contrasts","pRoteomics","docs/active_script_io_audit.tsv","3: analysis/preprocessing/extract_protigy_contrasts.R	active_required	required: data/processed/01_preprocessing/protigy_output/<dataset>/*.gct; optional: data/proc","FULL_PATH","results/preprocessing/extract_protigy_contrasts/<dataset>/tables/forward/*.csv","","GENERATED_RECORD","active",FALSE,"HIGH",""
"extract_protigy_contrasts","pRoteomics","docs/active_script_io_audit.tsv","5: analysis/preprocessing/map_protein_identifiers.R	active_required	required: results/preprocessing/extract_protigy_contrasts/<dataset>/tables/forward/*.csv|data/p","FULL_PATH","results/preprocessing/extract_protigy_contrasts/<dataset>/tables/forward/*.csv","","GENERATED_RECORD","active",FALSE,"HIGH",""
"extract_protigy_contrasts","pRoteomics","docs/active_script_io_audit.tsv","3: analysis/preprocessing/extract_protigy_contrasts.R	active_required	required: data/processed/01_preprocessing/protigy_output/<dataset>/*.gct; optional: data/proc","FULL_PATH","results/preprocessing/extract_protigy_contrasts/<dataset>/tables/reverse/*.csv","","GENERATED_RECORD","active",FALSE,"HIGH",""
"extract_protigy_contrasts","pRoteomics","docs/active_script_io_audit.tsv","3: analysis/preprocessing/extract_protigy_contrasts.R	active_required	required: data/processed/01_preprocessing/protigy_output/<dataset>/*.gct; optional: data/proc","FULL_PATH","results/preprocessing/extract_protigy_contrasts/<dataset>/manifests/indexComparisons.csv","","GENERATED_RECORD","active",FALSE,"HIGH",""
"extract_protigy_contrasts","pRoteomics","docs/active_script_io_audit.tsv","3: analysis/preprocessing/extract_protigy_contrasts.R	active_required	required: data/processed/01_preprocessing/protigy_output/<dataset>/*.gct; optional: data/proc","FULL_PATH","results/preprocessing/extract_protigy_contrasts/<dataset>/manifests/canonical_gct_extract_manifest.csv","","GENERATED_RECORD","active",FALSE,"HIGH",""
"extract_protigy_contrasts","pRoteomics","docs/active_script_io_audit.tsv","5: analysis/preprocessing/map_protein_identifiers.R	active_required	required: results/preprocessing/extract_protigy_contrasts/<dataset>/tables/forward/*.csv|data/p","FULL_PATH","data/processed/01_preprocessing/gct_extractR/<dataset>/forward/*.csv","","GENERATED_RECORD","active",FALSE,"HIGH",""
"extract_protigy_contrasts","pRoteomics","docs/active_script_io_audit.tsv","3: analysis/preprocessing/extract_protigy_contrasts.R	active_required	required: data/processed/01_preprocessing/protigy_output/<dataset>/*.gct; optional: data/proc","NAMESPACE_BASENAME","01_preprocessing","","GENERATED_RECORD","active",FALSE,"MEDIUM",""
"extract_protigy_contrasts","pRoteomics","docs/active_script_io_audit.tsv","4: analysis/preprocessing/build_module_score_metadata.R	active_optional	required: data/processed/01_preprocessing/**/*.xlsx; optional: data/external/behavior/auc_i","NAMESPACE_BASENAME","01_preprocessing","","GENERATED_RECORD","active",FALSE,"MEDIUM",""
"extract_protigy_contrasts","pRoteomics","docs/active_script_io_audit.tsv","5: analysis/preprocessing/map_protein_identifiers.R	active_required	required: results/preprocessing/extract_protigy_contrasts/<dataset>/tables/forward/*.csv|data/p","NAMESPACE_BASENAME","01_preprocessing","","GENERATED_RECORD","active",FALSE,"MEDIUM",""
"extract_protigy_contrasts","pRoteomics","docs/active_script_io_audit.tsv","7: analysis/qc/assess_joint_compartment_quality.R	active_optional	required: results/preprocessing/build_joint_protigy_input/global/models/joint_compartment_qc_matr","NAMESPACE_BASENAME","01_preprocessing","","GENERATED_RECORD","active",FALSE,"MEDIUM",""
"extract_protigy_contrasts","pRoteomics","docs/active_script_io_audit.tsv","8: analysis/qc/render_joint_compartment_qc_figures.R	active_optional	required: results/preprocessing/build_joint_protigy_input/global/models/joint_compartment_qc_m","NAMESPACE_BASENAME","01_preprocessing","","GENERATED_RECORD","active",FALSE,"MEDIUM",""
"extract_protigy_contrasts","pRoteomics","docs/active_script_io_audit.tsv","10: analysis/qc/discover_empirical_roi_markers.R	active_optional	required: data/processed/01_preprocessing/impute/*_pgmatrix_imputed_neuron_neuropil_*_missing70pct.","NAMESPACE_BASENAME","01_preprocessing","","GENERATED_RECORD","active",FALSE,"MEDIUM",""
"extract_protigy_contrasts","pRoteomics","docs/active_script_io_audit.tsv","15: analysis/qc/assess_marker_rank_abundance.R	active_optional	required: data/processed/01_preprocessing/impute/*_pgmatrix_imputed_<dataset>_*_missing70pct.xlsx|dat","NAMESPACE_BASENAME","01_preprocessing","","GENERATED_RECORD","active",FALSE,"MEDIUM",""
"extract_protigy_contrasts","pRoteomics","docs/active_script_io_audit.tsv","16: analysis/qc/summarize_marker_detectability.R	active_optional	required: data/processed/01_preprocessing/impute/*_pgmatrix_imputed_<dataset>_*_missing70pct.xlsx|d","NAMESPACE_BASENAME","01_preprocessing","","GENERATED_RECORD","active",FALSE,"MEDIUM",""
"extract_protigy_contrasts","pRoteomics","docs/active_script_io_audit.tsv","19: analysis/qc/export_marker_traits.R	active_optional	required: data/processed/01_preprocessing/impute/*_pgmatrix_imputed_<dataset>_*_missing70pct.xlsx|data/extern","NAMESPACE_BASENAME","01_preprocessing","","GENERATED_RECORD","active",FALSE,"MEDIUM",""
"extract_protigy_contrasts","pRoteomics","docs/active_script_io_audit.tsv","21: analysis/qc/render_compartment_abundance_figures.R	active_optional	required: results/preprocessing/build_joint_protigy_input/global/models/joint_compartment_qc_","NAMESPACE_BASENAME","01_preprocessing","","GENERATED_RECORD","active",FALSE,"MEDIUM",""
"extract_protigy_contrasts","pRoteomics","docs/active_script_io_audit.tsv","34: analysis/wgcna/build_wgcna_modules.R	active_required	required: data/processed/01_preprocessing/impute/*_pgmatrix_imputed_<dataset>_*_missing70pct.xlsx|data/meta","NAMESPACE_BASENAME","01_preprocessing","","GENERATED_RECORD","active",FALSE,"MEDIUM",""
"extract_protigy_contrasts","pRoteomics","docs/active_script_io_audit.tsv","38: analysis/wgcna/score_module_activity.R	active_optional	required: results/tables/06_modules_WGCNA/01_WGCNA/<dataset>/modules/|results/preprocessing/map_protein_i","NAMESPACE_BASENAME","01_preprocessing","","GENERATED_RECORD","active",FALSE,"MEDIUM",""
"extract_protigy_contrasts","pRoteomics","docs/active_script_io_audit.tsv","64: analysis/spatial_validation/build_spatial_data_contract.R	active_optional	required: results/preprocessing/build_module_score_metadata/<dataset>/tables/sample_me","NAMESPACE_BASENAME","01_preprocessing","","GENERATED_RECORD","active",FALSE,"MEDIUM",""
"extract_protigy_contrasts","pRoteomics","docs/active_script_io_audit.tsv","65: analysis/spatial_validation/quantify_bilateral_spatial_identity.R	active_optional	required: results/preprocessing/build_module_score_metadata/<dataset>/tables/s","NAMESPACE_BASENAME","01_preprocessing","","GENERATED_RECORD","active",FALSE,"MEDIUM",""
"extract_protigy_contrasts","pRoteomics","docs/active_script_io_audit.tsv","76: analysis/spatial_validation/build_animal_spatial_networks.R	active_optional	required: results/preprocessing/build_module_score_metadata/<dataset>/tables/sample_","NAMESPACE_BASENAME","01_preprocessing","","GENERATED_RECORD","active",FALSE,"MEDIUM",""
"extract_protigy_contrasts","pRoteomics","docs/active_script_io_audit.tsv","79: analysis/spatial_validation/audit_ca2_slm_robustness.R	active_optional	required: results/preprocessing/map_protein_identifiers/neuron_neuropil/tables/mapped/for","NAMESPACE_BASENAME","01_preprocessing","","GENERATED_RECORD","active",FALSE,"MEDIUM",""
"extract_protigy_contrasts","pRoteomics","docs/active_script_io_audit.tsv","81: analysis/spatial_validation/summarize_ca2_slm_robustness.R	active_optional	required: results/spatial_validation/audit_ca2_slm_robustness/global/tables/CA2_SLM_D","NAMESPACE_BASENAME","01_preprocessing","","GENERATED_RECORD","active",FALSE,"MEDIUM",""
"extract_protigy_contrasts","pRoteomics","docs/active_script_io_audit.tsv","94: analysis/integration/build_immunostaining_candidates.R	active_optional	required: data/processed/01_preprocessing/protigy_input_animal_level/neuron_neuropil/neur","NAMESPACE_BASENAME","01_preprocessing","","GENERATED_RECORD","active",FALSE,"MEDIUM",""
"extract_protigy_contrasts","pRoteomics","docs/active_script_io_audit.tsv","95: analysis/integration/screen_immunostaining_panel.R	active_optional	required: results/preprocessing/map_protein_identifiers/neuron_neuropil/tables/mapped/forward","NAMESPACE_BASENAME","01_preprocessing","","GENERATED_RECORD","active",FALSE,"MEDIUM",""
"extract_protigy_contrasts","pRoteomics","docs/active_script_io_audit.tsv","96: analysis/integration/screen_immunostaining_separation.R	active_optional	required: data/processed/01_preprocessing/protigy_input_animal_level/neuron_neuropil/neu","NAMESPACE_BASENAME","01_preprocessing","","GENERATED_RECORD","active",FALSE,"MEDIUM",""
"extract_protigy_contrasts","pRoteomics","docs/active_script_io_audit.tsv","101: analysis/publication_source_data/export_processed_matrices.R	active_optional	required: data/raw/pg_matrix/|data/processed/01_preprocessing/|data/processed/02_id","NAMESPACE_BASENAME","01_preprocessing","","GENERATED_RECORD","active",FALSE,"MEDIUM",""
"extract_protigy_contrasts","pRoteomics","docs/active_script_io_audit.tsv","109: archive/01_preprocessing/03c_legacy_vs_animal_level_da_audit.r	registry_excluded	replacement: standalone pre-promotion DA audit		excluded from active pipeline s","NAMESPACE_BASENAME","01_preprocessing","","GENERATED_RECORD","active",FALSE,"MEDIUM",""
"extract_protigy_contrasts","pRoteomics","docs/active_script_io_audit.tsv","110: archive/01_preprocessing/01_impute.r	legacy_deprecated	replacement: analysis/preprocessing/extract_protigy_contrasts.R		excluded from active pipeline stages	not","NAMESPACE_BASENAME","01_preprocessing","","GENERATED_RECORD","active",FALSE,"MEDIUM",""
"extract_protigy_contrasts","pRoteomics","docs/active_script_io_audit.tsv","111: archive/01_preprocessing/02_excel_convert.r	legacy_deprecated	replacement: analysis/preprocessing/extract_protigy_contrasts.R		excluded from active pipeline sta","NAMESPACE_BASENAME","01_preprocessing","","GENERATED_RECORD","active",FALSE,"MEDIUM",""
"extract_protigy_contrasts","pRoteomics","docs/active_script_io_audit.tsv","112: archive/01_preprocessing/04_format_metadata.r	legacy_deprecated	replacement: analysis/preprocessing/build_module_score_metadata.R		excluded from active pipeline","NAMESPACE_BASENAME","01_preprocessing","","GENERATED_RECORD","active",FALSE,"MEDIUM",""
"extract_protigy_contrasts","pRoteomics","docs/active_script_io_audit.tsv","113: archive/01_preprocessing/05_metadata_create.r	legacy_deprecated	replacement: analysis/preprocessing/build_module_score_metadata.R		excluded from active pipeline","NAMESPACE_BASENAME","01_preprocessing","","GENERATED_RECORD","active",FALSE,"MEDIUM",""
"extract_protigy_contrasts","pRoteomics","docs/active_script_io_audit.tsv","5: analysis/preprocessing/map_protein_identifiers.R	active_required	required: results/preprocessing/extract_protigy_contrasts/<dataset>/tables/forward/*.csv|data/p","NAMESPACE_BASENAME","gct_extractR","","GENERATED_RECORD","active",FALSE,"MEDIUM",""
"extract_protigy_contrasts","pRoteomics","docs/active_script_io_audit.tsv","3: analysis/preprocessing/extract_protigy_contrasts.R	active_required	required: data/processed/01_preprocessing/protigy_output/<dataset>/*.gct; optional: data/proc","ANALYSIS_REFERENCE","extract_protigy_contrasts","","GENERATED_RECORD","active",FALSE,"MEDIUM",""
"extract_protigy_contrasts","pRoteomics","docs/active_script_io_audit.tsv","5: analysis/preprocessing/map_protein_identifiers.R	active_required	required: results/preprocessing/extract_protigy_contrasts/<dataset>/tables/forward/*.csv|data/p","ANALYSIS_REFERENCE","extract_protigy_contrasts","","GENERATED_RECORD","active",FALSE,"MEDIUM",""
"extract_protigy_contrasts","pRoteomics","docs/active_script_io_audit.tsv","110: archive/01_preprocessing/01_impute.r	legacy_deprecated	replacement: analysis/preprocessing/extract_protigy_contrasts.R		excluded from active pipeline stages	not","ANALYSIS_REFERENCE","extract_protigy_contrasts","","GENERATED_RECORD","active",FALSE,"MEDIUM",""
"extract_protigy_contrasts","pRoteomics","docs/active_script_io_audit.tsv","111: archive/01_preprocessing/02_excel_convert.r	legacy_deprecated	replacement: analysis/preprocessing/extract_protigy_contrasts.R		excluded from active pipeline sta","ANALYSIS_REFERENCE","extract_protigy_contrasts","","GENERATED_RECORD","active",FALSE,"MEDIUM",""
"extract_protigy_contrasts","pRoteomics","docs/active_script_io_audit.tsv","3: analysis/preprocessing/extract_protigy_contrasts.R	active_required	required: data/processed/01_preprocessing/protigy_output/<dataset>/*.gct; optional: data/proc","ANALYSIS_REFERENCE","extract_protigy_contrasts.R","","GENERATED_RECORD","active",FALSE,"MEDIUM",""
"extract_protigy_contrasts","pRoteomics","docs/active_script_io_audit.tsv","110: archive/01_preprocessing/01_impute.r	legacy_deprecated	replacement: analysis/preprocessing/extract_protigy_contrasts.R		excluded from active pipeline stages	not","ANALYSIS_REFERENCE","extract_protigy_contrasts.R","","GENERATED_RECORD","active",FALSE,"MEDIUM",""
"extract_protigy_contrasts","pRoteomics","docs/active_script_io_audit.tsv","111: archive/01_preprocessing/02_excel_convert.r	legacy_deprecated	replacement: analysis/preprocessing/extract_protigy_contrasts.R		excluded from active pipeline sta","ANALYSIS_REFERENCE","extract_protigy_contrasts.R","","GENERATED_RECORD","active",FALSE,"MEDIUM",""
"extract_protigy_contrasts","pRoteomics","docs/file_contracts.tsv","2: raw_contrast_csv	results/preprocessing/extract_protigy_contrasts/<comparison>/tables/{forward,reverse}/*.csv; data/processed/01_preprocessing/gct_extractR/<comp","NAMESPACE_BASENAME","01_preprocessing","","GENERATED_RECORD","active",FALSE,"MEDIUM",""
"extract_protigy_contrasts","pRoteomics","docs/file_contracts.tsv","2: raw_contrast_csv	results/preprocessing/extract_protigy_contrasts/<comparison>/tables/{forward,reverse}/*.csv; data/processed/01_preprocessing/gct_extractR/<comp","NAMESPACE_BASENAME","gct_extractR","","GENERATED_RECORD","active",FALSE,"MEDIUM",""
"extract_protigy_contrasts","pRoteomics","docs/file_contracts.tsv","2: raw_contrast_csv	results/preprocessing/extract_protigy_contrasts/<comparison>/tables/{forward,reverse}/*.csv; data/processed/01_preprocessing/gct_extractR/<comp","ANALYSIS_REFERENCE","extract_protigy_contrasts","","GENERATED_RECORD","active",FALSE,"MEDIUM",""
"extract_protigy_contrasts","pRoteomics","docs/file_contracts.tsv","2: raw_contrast_csv	results/preprocessing/extract_protigy_contrasts/<comparison>/tables/{forward,reverse}/*.csv; data/processed/01_preprocessing/gct_extractR/<comp","ANALYSIS_REFERENCE","extract_protigy_contrasts.R","","GENERATED_RECORD","active",FALSE,"MEDIUM",""
"extract_protigy_contrasts","pRoteomics","R/preprocessing/preprocessing_paths.R","242: unname(canonical_result_path(PREPROCESSING_DOMAIN, ""extract_protigy_contrasts"",","ANALYSIS_REFERENCE","extract_protigy_contrasts","canonical_result_path","INDIRECT_READER_VIA_HELPER","active",FALSE,"HIGH",""
"extract_protigy_contrasts","pRoteomics","R/preprocessing/preprocessing_paths.R","253: unname(canonical_result_path(PREPROCESSING_DOMAIN, ""extract_protigy_contrasts"",","ANALYSIS_REFERENCE","extract_protigy_contrasts","canonical_result_path","INDIRECT_READER_VIA_HELPER","active",FALSE,"HIGH",""
"extract_protigy_contrasts","pRoteomics","R/utilities/export_helpers.R","694: for (d in repo_path(""results"", ""preprocessing"", ""extract_protigy_contrasts"",","ANALYSIS_REFERENCE","extract_protigy_contrasts","repo_path","INDIRECT_READER_VIA_HELPER","active",FALSE,"HIGH",""
"extract_protigy_contrasts","pRoteomics","audits/part29/camera_feasibility.R","79: neuron_neuropil = ""data/processed/01_preprocessing/protigy_output_animal_level/neuron_neuropil/stat_results_for_ssGSEA_neuropil_proteome.gct"",","NAMESPACE_BASENAME","01_preprocessing","read.csv","PROVENANCE","historical",FALSE,"HIGH",""
"extract_protigy_contrasts","pRoteomics","audits/part29/camera_feasibility.R","80: neuron_soma     = ""data/processed/01_preprocessing/protigy_output_animal_level/neuron_soma/stat_results_for_ssGSEA_soma_proteome.gct"",","NAMESPACE_BASENAME","01_preprocessing","read.csv","PROVENANCE","historical",FALSE,"HIGH",""
"extract_protigy_contrasts","pRoteomics","audits/part29/camera_feasibility.R","81: microglia       = ""data/processed/01_preprocessing/protigy_output_animal_level/microglia/stat_results_for_ssGSEA_microglia_proteome.gct""","NAMESPACE_BASENAME","01_preprocessing","read.csv","PROVENANCE","historical",FALSE,"HIGH",""
"extract_protigy_contrasts","pRoteomics","audits/part29/camera_feasibility.R","84: neuron_neuropil = ""data/processed/01_preprocessing/protigy_input_animal_level/neuron_neuropil/neuron_neuropil_animal_level.gct"",","NAMESPACE_BASENAME","01_preprocessing","read.csv","PROVENANCE","historical",FALSE,"HIGH",""
"extract_protigy_contrasts","pRoteomics","audits/part29/camera_feasibility.R","85: neuron_soma     = ""data/processed/01_preprocessing/protigy_input_animal_level/neuron_soma/neuron_soma_animal_level.gct"",","NAMESPACE_BASENAME","01_preprocessing","read.csv","PROVENANCE","historical",FALSE,"HIGH",""
"extract_protigy_contrasts","pRoteomics","audits/part29/camera_feasibility.R","86: microglia       = ""data/processed/01_preprocessing/protigy_input_animal_level/microglia/microglia_animal_level.gct""","NAMESPACE_BASENAME","01_preprocessing","read.csv","PROVENANCE","historical",FALSE,"HIGH",""
"extract_protigy_contrasts","pRoteomics","audits/part29/camera_feasibility.R","90: EXTRACT_MANIFEST <- ""data/processed/01_preprocessing/gct_extractR/%s/canonical_gct_extract_manifest.csv""","NAMESPACE_BASENAME","01_preprocessing","read.csv","PROVENANCE","historical",FALSE,"HIGH",""
"extract_protigy_contrasts","pRoteomics","audits/part29/camera_feasibility.R","91: AGG_SUMMARY <- ""results/tables/01_preprocessing/02a_prepare_animal_level_protigy_input/%s/aggregation_summary.csv""","NAMESPACE_BASENAME","01_preprocessing","read.csv","PROVENANCE","historical",FALSE,"HIGH",""
"extract_protigy_contrasts","pRoteomics","audits/part29/camera_feasibility.R","92: AGG_AUDIT   <- ""results/tables/01_preprocessing/02a_prepare_animal_level_protigy_input/%s/aggregation_audit.csv""","NAMESPACE_BASENAME","01_preprocessing","read.csv","PROVENANCE","historical",FALSE,"HIGH",""
"extract_protigy_contrasts","pRoteomics","audits/part29/camera_feasibility.R","93: SRC_ASSIGN  <- ""results/tables/01_preprocessing/02a_prepare_animal_level_protigy_input/%s/source_sample_assignment.csv""","NAMESPACE_BASENAME","01_preprocessing","read.csv","PROVENANCE","historical",FALSE,"HIGH",""
"extract_protigy_contrasts","pRoteomics","audits/part29/camera_feasibility.R","352: imput_qc <- utils::read.csv(""data/processed/01_preprocessing/impute/imputation_qc.csv"", stringsAsFactors = FALSE)","NAMESPACE_BASENAME","01_preprocessing","read.csv","PROVENANCE","historical",FALSE,"HIGH",""
"extract_protigy_contrasts","pRoteomics","audits/part29/camera_feasibility.R","394: ""(a) The Protigy INPUT matrices data/processed/01_preprocessing/protigy_input_animal_level/<ds>/<ds>_animal_level.gct. "",","NAMESPACE_BASENAME","01_preprocessing","read.csv","PROVENANCE","historical",FALSE,"HIGH",""
"extract_protigy_contrasts","pRoteomics","audits/part29/camera_feasibility.R","396: ""data/processed/01_preprocessing/protigy_output_animal_level/<ds>/stat_results_for_ssGSEA_*.gct, "",","NAMESPACE_BASENAME","01_preprocessing","read.csv","PROVENANCE","historical",FALSE,"HIGH",""
"extract_protigy_contrasts","pRoteomics","audits/part29/camera_feasibility.R","435: ""results/tables/01_preprocessing/02a_prepare_animal_level_protigy_input/<ds>/source_sample_assignment.csv and aggregation_audit.csv, "",","NAMESPACE_BASENAME","01_preprocessing","read.csv","PROVENANCE","historical",FALSE,"HIGH",""
"extract_protigy_contrasts","pRoteomics","audits/part29/camera_feasibility.R","436: ""and data/processed/01_preprocessing/gct_extractR/<ds>/indexComparisons.csv (comparison -> forward/reverse contrast names). "",","NAMESPACE_BASENAME","01_preprocessing","read.csv","PROVENANCE","historical",FALSE,"HIGH",""
"extract_protigy_contrasts","pRoteomics","audits/part29/camera_feasibility.R","480: ""results/tables/01_preprocessing/02a_prepare_animal_level_protigy_input/animal_level_protigy_handoff_manifest.csv""),","NAMESPACE_BASENAME","01_preprocessing","read.csv","PROVENANCE","historical",FALSE,"HIGH",""
"extract_protigy_contrasts","pRoteomics","audits/part29/camera_feasibility.R","488: ""data/processed/01_preprocessing/protigy_input/global/joint_shared_core_log2_median_normalized_imputed.gct"",","NAMESPACE_BASENAME","01_preprocessing","read.csv","PROVENANCE","historical",FALSE,"HIGH",""
"extract_protigy_contrasts","pRoteomics","audits/part29/camera_feasibility.R","492: sprintf(""data/processed/01_preprocessing/gct_extractR/%s/indexComparisons.csv"", DATASETS),","NAMESPACE_BASENAME","01_preprocessing","read.csv","PROVENANCE","historical",FALSE,"HIGH",""
"extract_protigy_contrasts","pRoteomics","audits/part29/camera_feasibility.R","90: EXTRACT_MANIFEST <- ""data/processed/01_preprocessing/gct_extractR/%s/canonical_gct_extract_manifest.csv""","NAMESPACE_BASENAME","gct_extractR","","PROVENANCE","historical",FALSE,"MEDIUM",""
"extract_protigy_contrasts","pRoteomics","audits/part29/camera_feasibility.R","398: ""(gct_extractR/<ds>/canonical_gct_extract_manifest.csv, contract animal_level_protigy_da_v1). "",","NAMESPACE_BASENAME","gct_extractR","","PROVENANCE","historical",FALSE,"MEDIUM",""
"extract_protigy_contrasts","pRoteomics","audits/part29/camera_feasibility.R","412: ""gct_extractR/<ds>/indexComparisons.csv. "",","NAMESPACE_BASENAME","gct_extractR","","PROVENANCE","historical",FALSE,"MEDIUM",""
"extract_protigy_contrasts","pRoteomics","audits/part29/camera_feasibility.R","436: ""and data/processed/01_preprocessing/gct_extractR/<ds>/indexComparisons.csv (comparison -> forward/reverse contrast names). "",","NAMESPACE_BASENAME","gct_extractR","","PROVENANCE","historical",FALSE,"MEDIUM",""
"extract_protigy_contrasts","pRoteomics","audits/part29/camera_feasibility.R","492: sprintf(""data/processed/01_preprocessing/gct_extractR/%s/indexComparisons.csv"", DATASETS),","NAMESPACE_BASENAME","gct_extractR","","PROVENANCE","historical",FALSE,"MEDIUM",""
"extract_protigy_contrasts","pRoteomics","audits/part29/canonical_gsea_contract_audit.R","121: i <- rd(file.path(""data/processed/01_preprocessing/gct_extractR_animal_level"", d,","NAMESPACE_BASENAME","01_preprocessing","file.path","PROVENANCE","historical",FALSE,"HIGH",""
"extract_protigy_contrasts","pRoteomics","audits/part29/canonical_gsea_contract_audit.R","145: a <- rd(file.path(""results/tables/01_preprocessing/02a_prepare_animal_level_protigy_input"",","NAMESPACE_BASENAME","01_preprocessing","file.path","PROVENANCE","historical",FALSE,"HIGH",""
"extract_protigy_contrasts","pRoteomics","audits/part29/canonical_gsea_contract_audit.R","349: ""analysis/01_preprocessing/02a_prepare_animal_level_protigy_input.r); two-group comparison fitted "",","NAMESPACE_BASENAME","01_preprocessing","file.path","PROVENANCE","historical",FALSE,"HIGH",""
"extract_protigy_contrasts","pRoteomics","audits/part29/canonical_gsea_contract_audit.R","351: ""analysis/01_preprocessing/03_gct_extractR.r and carried into 02_id_mapping as log2fc/aveExpr/t/pval/padj/B""),","NAMESPACE_BASENAME","01_preprocessing","file.path","PROVENANCE","historical",FALSE,"HIGH",""
"extract_protigy_contrasts","pRoteomics","audits/phase6e_active_code_inventory.csv","70: ""analysis/01_preprocessing/01_MapThatProt_batch.r"",""01_MapThatProt_batch.r"",""ANALYSIS_ENTRYPOINT"",""01_preprocessing"",TRUE,5,1,1,10,2,""numeric_prefix+MapThatProt","NAMESPACE_BASENAME","01_preprocessing","","PROVENANCE","historical",FALSE,"MEDIUM",""
"extract_protigy_contrasts","pRoteomics","audits/phase6e_active_code_inventory.csv","71: ""analysis/01_preprocessing/01_prepare_joint_protigy_input.r"",""01_prepare_joint_protigy_input.r"",""ANALYSIS_ENTRYPOINT"",""01_preprocessing"",TRUE,1,1,3,8,1,""numeric","NAMESPACE_BASENAME","01_preprocessing","","PROVENANCE","historical",FALSE,"MEDIUM",""
"extract_protigy_contrasts","pRoteomics","audits/phase6e_active_code_inventory.csv","72: ""analysis/01_preprocessing/02a_prepare_animal_level_protigy_input.r"",""02a_prepare_animal_level_protigy_input.r"",""SUPPORT_SCRIPT"",""01_preprocessing"",FALSE,5,0,0,","NAMESPACE_BASENAME","01_preprocessing","","PROVENANCE","historical",FALSE,"MEDIUM",""
"extract_protigy_contrasts","pRoteomics","audits/phase6e_active_code_inventory.csv","73: ""analysis/01_preprocessing/03_gct_extractR.r"",""03_gct_extractR.r"",""ANALYSIS_ENTRYPOINT"",""01_preprocessing"",TRUE,5,0,3,11,1,""numeric_prefix+gct_extractR"","""","""",N","NAMESPACE_BASENAME","01_preprocessing","","PROVENANCE","historical",FALSE,"MEDIUM",""
"extract_protigy_contrasts","pRoteomics","audits/phase6e_active_code_inventory.csv","74: ""analysis/01_preprocessing/06_merged_metadata_module_score.r"",""06_merged_metadata_module_score.r"",""ANALYSIS_ENTRYPOINT"",""01_preprocessing"",TRUE,11,3,1,13,1,""num","NAMESPACE_BASENAME","01_preprocessing","","PROVENANCE","historical",FALSE,"MEDIUM",""
"extract_protigy_contrasts","pRoteomics","audits/phase6e_final_active_tree.csv","77: ""analysis/preprocessing/extract_protigy_contrasts.R"",""extract_protigy_contrasts.R"",""preprocessing"",""ANALYSIS_ENTRYPOINT"",""CANONICAL_ENTRYPOINT"",TRUE,3,FALSE,13,","ANALYSIS_REFERENCE","extract_protigy_contrasts","","PROVENANCE","historical",FALSE,"MEDIUM",""
"extract_protigy_contrasts","pRoteomics","audits/phase6e_final_active_tree.csv","77: ""analysis/preprocessing/extract_protigy_contrasts.R"",""extract_protigy_contrasts.R"",""preprocessing"",""ANALYSIS_ENTRYPOINT"",""CANONICAL_ENTRYPOINT"",TRUE,3,FALSE,13,","ANALYSIS_REFERENCE","extract_protigy_contrasts.R","","PROVENANCE","historical",FALSE,"MEDIUM",""
"extract_protigy_contrasts","pRoteomics","audits/phase6e_naming_migration.csv","2: ""analysis/01_preprocessing/02a_prepare_animal_level_protigy_input.r"",""analysis/01_preprocessing/build_animal_level_protigy_input.R"",""SUPPORT_SCRIPT"",""HISTORICAL","NAMESPACE_BASENAME","01_preprocessing","","PROVENANCE","historical",FALSE,"MEDIUM",""
"extract_protigy_contrasts","pRoteomics","audits/phase6e_naming_migration.csv","3: ""analysis/01_preprocessing/01_prepare_joint_protigy_input.r"",""analysis/01_preprocessing/build_joint_protigy_input.R"",""ANALYSIS_ENTRYPOINT"",""HISTORICAL_PREFIX_RE","NAMESPACE_BASENAME","01_preprocessing","","PROVENANCE","historical",FALSE,"MEDIUM",""
"extract_protigy_contrasts","pRoteomics","audits/phase6e_naming_migration.csv","4: ""analysis/01_preprocessing/06_merged_metadata_module_score.r"",""analysis/01_preprocessing/build_module_score_metadata.R"",""ANALYSIS_ENTRYPOINT"",""HISTORICAL_PREFIX","NAMESPACE_BASENAME","01_preprocessing","","PROVENANCE","historical",FALSE,"MEDIUM",""
"extract_protigy_contrasts","pRoteomics","audits/phase6e_naming_migration.csv","5: ""analysis/01_preprocessing/03_gct_extractR.r"",""analysis/01_preprocessing/extract_protigy_contrasts.R"",""ANALYSIS_ENTRYPOINT"",""HISTORICAL_PREFIX_REMOVED_VERB_NAME","NAMESPACE_BASENAME","01_preprocessing","","PROVENANCE","historical",FALSE,"MEDIUM",""
"extract_protigy_contrasts","pRoteomics","audits/phase6e_naming_migration.csv","6: ""analysis/01_preprocessing/01_MapThatProt_batch.r"",""analysis/01_preprocessing/map_protein_identifiers.R"",""ANALYSIS_ENTRYPOINT"",""HISTORICAL_PREFIX_REMOVED_VERB_N","NAMESPACE_BASENAME","01_preprocessing","","PROVENANCE","historical",FALSE,"MEDIUM",""
"extract_protigy_contrasts","pRoteomics","audits/phase6e_naming_migration.csv","5: ""analysis/01_preprocessing/03_gct_extractR.r"",""analysis/01_preprocessing/extract_protigy_contrasts.R"",""ANALYSIS_ENTRYPOINT"",""HISTORICAL_PREFIX_REMOVED_VERB_NAME","ANALYSIS_REFERENCE","extract_protigy_contrasts","","PROVENANCE","historical",FALSE,"MEDIUM",""
"extract_protigy_contrasts","pRoteomics","audits/phase6e_naming_migration.csv","5: ""analysis/01_preprocessing/03_gct_extractR.r"",""analysis/01_preprocessing/extract_protigy_contrasts.R"",""ANALYSIS_ENTRYPOINT"",""HISTORICAL_PREFIX_REMOVED_VERB_NAME","ANALYSIS_REFERENCE","extract_protigy_contrasts.R","","PROVENANCE","historical",FALSE,"MEDIUM",""
"extract_protigy_contrasts","pRoteomics","audits/phase6f_output_inventory.csv","422: ""analysis/01_preprocessing/extract_protigy_contrasts.R"",""data/processed/01_preprocessing/gct_extractR/<dataset>/forward/*.csv"",""processed_matrix"",""REGENERABLE_I","FULL_PATH","data/processed/01_preprocessing/gct_extractR/<dataset>/forward/*.csv","","PROVENANCE","historical",FALSE,"HIGH",""
"extract_protigy_contrasts","pRoteomics","audits/phase6f_output_inventory.csv","423: ""analysis/01_preprocessing/extract_protigy_contrasts.R"",""data/processed/01_preprocessing/gct_extractR/<dataset>/indexComparisons.csv"",""processed_matrix"",""REGENE","FULL_PATH","data/processed/01_preprocessing/gct_extractR/<dataset>/indexComparisons.csv","","PROVENANCE","historical",FALSE,"HIGH",""
"extract_protigy_contrasts","pRoteomics","audits/phase6f_output_inventory.csv","424: ""analysis/01_preprocessing/extract_protigy_contrasts.R"",""data/processed/01_preprocessing/gct_extractR/<dataset>/reverse/*.csv"",""processed_matrix"",""REGENERABLE_I","FULL_PATH","data/processed/01_preprocessing/gct_extractR/<dataset>/reverse/*.csv","","PROVENANCE","historical",FALSE,"HIGH",""
"extract_protigy_contrasts","pRoteomics","audits/phase6f_output_inventory.csv","422: ""analysis/01_preprocessing/extract_protigy_contrasts.R"",""data/processed/01_preprocessing/gct_extractR/<dataset>/forward/*.csv"",""processed_matrix"",""REGENERABLE_I","FULL_PATH","work/preprocessing/extract_protigy_contrasts/<dataset>/forward/*.csv","","PROVENANCE","historical",FALSE,"HIGH",""
"extract_protigy_contrasts","pRoteomics","audits/phase6f_output_inventory.csv","423: ""analysis/01_preprocessing/extract_protigy_contrasts.R"",""data/processed/01_preprocessing/gct_extractR/<dataset>/indexComparisons.csv"",""processed_matrix"",""REGENE","FULL_PATH","work/preprocessing/extract_protigy_contrasts/<dataset>/indexComparisons.csv","","PROVENANCE","historical",FALSE,"HIGH",""
"extract_protigy_contrasts","pRoteomics","audits/phase6f_output_inventory.csv","424: ""analysis/01_preprocessing/extract_protigy_contrasts.R"",""data/processed/01_preprocessing/gct_extractR/<dataset>/reverse/*.csv"",""processed_matrix"",""REGENERABLE_I","FULL_PATH","work/preprocessing/extract_protigy_contrasts/<dataset>/reverse/*.csv","","PROVENANCE","historical",FALSE,"HIGH",""
"extract_protigy_contrasts","pRoteomics","audits/phase6f_output_inventory.csv","3: ""analysis/01_preprocessing/build_module_score_metadata.R"",""results/tables/01_preprocessing/06_merged_metadata_module_score/<dataset>/metadata_merge_qc_summary.c","NAMESPACE_BASENAME","01_preprocessing","","PROVENANCE","historical",FALSE,"MEDIUM",""
"extract_protigy_contrasts","pRoteomics","audits/phase6f_output_inventory.csv","4: ""analysis/01_preprocessing/map_protein_identifiers.R"",""results/tables/02_id_mapping/MapThatProt_batch/<dataset>/mapped/forward/summaries/*.csv"",""tables"",""CANONI","NAMESPACE_BASENAME","01_preprocessing","","PROVENANCE","historical",FALSE,"MEDIUM",""
"extract_protigy_contrasts","pRoteomics","audits/phase6f_output_inventory.csv","228: ""analysis/01_preprocessing/build_module_score_metadata.R"",""results/reports/01_preprocessing/06_merged_metadata_module_score/<dataset>/metadata_merge_summary.md""","NAMESPACE_BASENAME","01_preprocessing","","PROVENANCE","historical",FALSE,"MEDIUM",""
"extract_protigy_contrasts","pRoteomics","audits/phase6f_output_inventory.csv","289: ""analysis/01_preprocessing/build_joint_protigy_input.R"",""results/logs/01_preprocessing/01_prepare_joint_protigy_input/global/run_manifest.yml"",""logs"",""PROVENANC","NAMESPACE_BASENAME","01_preprocessing","","PROVENANCE","historical",FALSE,"MEDIUM",""
"extract_protigy_contrasts","pRoteomics","audits/phase6f_output_inventory.csv","290: ""analysis/01_preprocessing/build_module_score_metadata.R"",""results/logs/01_preprocessing/06_merged_metadata_module_score/<dataset>/run_manifest.yml"",""logs"",""PRO","NAMESPACE_BASENAME","01_preprocessing","","PROVENANCE","historical",FALSE,"MEDIUM",""
"extract_protigy_contrasts","pRoteomics","audits/phase6f_output_inventory.csv","421: ""analysis/01_preprocessing/build_module_score_metadata.R"",""data/processed/01_preprocessing/06_merged_metadata_module_score/<dataset>/sample_metadata_merged_clea","NAMESPACE_BASENAME","01_preprocessing","","PROVENANCE","historical",FALSE,"MEDIUM",""
"extract_protigy_contrasts","pRoteomics","audits/phase6f_output_inventory.csv","422: ""analysis/01_preprocessing/extract_protigy_contrasts.R"",""data/processed/01_preprocessing/gct_extractR/<dataset>/forward/*.csv"",""processed_matrix"",""REGENERABLE_I","NAMESPACE_BASENAME","01_preprocessing","","PROVENANCE","historical",FALSE,"MEDIUM",""
"extract_protigy_contrasts","pRoteomics","audits/phase6f_output_inventory.csv","423: ""analysis/01_preprocessing/extract_protigy_contrasts.R"",""data/processed/01_preprocessing/gct_extractR/<dataset>/indexComparisons.csv"",""processed_matrix"",""REGENE","NAMESPACE_BASENAME","01_preprocessing","","PROVENANCE","historical",FALSE,"MEDIUM",""
"extract_protigy_contrasts","pRoteomics","audits/phase6f_output_inventory.csv","424: ""analysis/01_preprocessing/extract_protigy_contrasts.R"",""data/processed/01_preprocessing/gct_extractR/<dataset>/reverse/*.csv"",""processed_matrix"",""REGENERABLE_I","NAMESPACE_BASENAME","01_preprocessing","","PROVENANCE","historical",FALSE,"MEDIUM",""
"extract_protigy_contrasts","pRoteomics","audits/phase6f_output_inventory.csv","425: ""analysis/01_preprocessing/build_joint_protigy_input.R"",""data/processed/01_preprocessing/joint_compartment_qc/global/feature_filter_audit.csv"",""processed_matrix","NAMESPACE_BASENAME","01_preprocessing","","PROVENANCE","historical",FALSE,"MEDIUM",""
"extract_protigy_contrasts","pRoteomics","audits/phase6f_output_inventory.csv","426: ""analysis/01_preprocessing/build_joint_protigy_input.R"",""data/processed/01_preprocessing/joint_compartment_qc/global/joint_compartment_qc_matrices.rds"",""process","NAMESPACE_BASENAME","01_preprocessing","","PROVENANCE","historical",FALSE,"MEDIUM",""
"extract_protigy_contrasts","pRoteomics","audits/phase6f_output_inventory.csv","427: ""analysis/01_preprocessing/build_joint_protigy_input.R"",""data/processed/01_preprocessing/protigy_input/global/joint_shared_core_log2_median_normalized_imputed.g","NAMESPACE_BASENAME","01_preprocessing","","PROVENANCE","historical",FALSE,"MEDIUM",""
"extract_protigy_contrasts","pRoteomics","audits/phase6f_output_inventory.csv","428: ""analysis/01_preprocessing/map_protein_identifiers.R"",""data/processed/02_id_mapping/mapped/<dataset>/forward/per_file/*.csv"",""processed_matrix"",""REGENERABLE_INT","NAMESPACE_BASENAME","01_preprocessing","","PROVENANCE","historical",FALSE,"MEDIUM",""
"extract_protigy_contrasts","pRoteomics","audits/phase6f_output_inventory.csv","422: ""analysis/01_preprocessing/extract_protigy_contrasts.R"",""data/processed/01_preprocessing/gct_extractR/<dataset>/forward/*.csv"",""processed_matrix"",""REGENERABLE_I","NAMESPACE_BASENAME","gct_extractR","","PROVENANCE","historical",FALSE,"MEDIUM",""
"extract_protigy_contrasts","pRoteomics","audits/phase6f_output_inventory.csv","423: ""analysis/01_preprocessing/extract_protigy_contrasts.R"",""data/processed/01_preprocessing/gct_extractR/<dataset>/indexComparisons.csv"",""processed_matrix"",""REGENE","NAMESPACE_BASENAME","gct_extractR","","PROVENANCE","historical",FALSE,"MEDIUM",""
"extract_protigy_contrasts","pRoteomics","audits/phase6f_output_inventory.csv","424: ""analysis/01_preprocessing/extract_protigy_contrasts.R"",""data/processed/01_preprocessing/gct_extractR/<dataset>/reverse/*.csv"",""processed_matrix"",""REGENERABLE_I","NAMESPACE_BASENAME","gct_extractR","","PROVENANCE","historical",FALSE,"MEDIUM",""
"extract_protigy_contrasts","pRoteomics","audits/phase6f_output_inventory.csv","422: ""analysis/01_preprocessing/extract_protigy_contrasts.R"",""data/processed/01_preprocessing/gct_extractR/<dataset>/forward/*.csv"",""processed_matrix"",""REGENERABLE_I","ANALYSIS_REFERENCE","extract_protigy_contrasts","","PROVENANCE","historical",FALSE,"MEDIUM",""
"extract_protigy_contrasts","pRoteomics","audits/phase6f_output_inventory.csv","423: ""analysis/01_preprocessing/extract_protigy_contrasts.R"",""data/processed/01_preprocessing/gct_extractR/<dataset>/indexComparisons.csv"",""processed_matrix"",""REGENE","ANALYSIS_REFERENCE","extract_protigy_contrasts","","PROVENANCE","historical",FALSE,"MEDIUM",""
"extract_protigy_contrasts","pRoteomics","audits/phase6f_output_inventory.csv","424: ""analysis/01_preprocessing/extract_protigy_contrasts.R"",""data/processed/01_preprocessing/gct_extractR/<dataset>/reverse/*.csv"",""processed_matrix"",""REGENERABLE_I","ANALYSIS_REFERENCE","extract_protigy_contrasts","","PROVENANCE","historical",FALSE,"MEDIUM",""
"extract_protigy_contrasts","pRoteomics","audits/phase6f_output_inventory.csv","422: ""analysis/01_preprocessing/extract_protigy_contrasts.R"",""data/processed/01_preprocessing/gct_extractR/<dataset>/forward/*.csv"",""processed_matrix"",""REGENERABLE_I","ANALYSIS_REFERENCE","extract_protigy_contrasts.R","","PROVENANCE","historical",FALSE,"MEDIUM",""
"extract_protigy_contrasts","pRoteomics","audits/phase6f_output_inventory.csv","423: ""analysis/01_preprocessing/extract_protigy_contrasts.R"",""data/processed/01_preprocessing/gct_extractR/<dataset>/indexComparisons.csv"",""processed_matrix"",""REGENE","ANALYSIS_REFERENCE","extract_protigy_contrasts.R","","PROVENANCE","historical",FALSE,"MEDIUM",""
"extract_protigy_contrasts","pRoteomics","audits/phase6f_output_inventory.csv","424: ""analysis/01_preprocessing/extract_protigy_contrasts.R"",""data/processed/01_preprocessing/gct_extractR/<dataset>/reverse/*.csv"",""processed_matrix"",""REGENERABLE_I","ANALYSIS_REFERENCE","extract_protigy_contrasts.R","","PROVENANCE","historical",FALSE,"MEDIUM",""
"extract_protigy_contrasts","pRoteomics","audits/phase6g_preprocessing_lifecycle.csv","2: ""extract_protigy_contrasts"",""data/processed/01_preprocessing/gct_extractR/<dataset>/forward/*.csv"",""results/preprocessing/extract_protigy_contrasts/<dataset>/ta","FULL_PATH","results/preprocessing/extract_protigy_contrasts/<dataset>/tables/forward/*.csv","","PROVENANCE","historical",FALSE,"HIGH",""
"extract_protigy_contrasts","pRoteomics","audits/phase6g_preprocessing_lifecycle.csv","3: ""extract_protigy_contrasts"",""data/processed/01_preprocessing/gct_extractR/<dataset>/reverse/*.csv"",""results/preprocessing/extract_protigy_contrasts/<dataset>/ta","FULL_PATH","results/preprocessing/extract_protigy_contrasts/<dataset>/tables/reverse/*.csv","","PROVENANCE","historical",FALSE,"HIGH",""
"extract_protigy_contrasts","pRoteomics","audits/phase6g_preprocessing_lifecycle.csv","4: ""extract_protigy_contrasts"",""data/processed/01_preprocessing/gct_extractR/<dataset>/indexComparisons.csv"",""results/preprocessing/extract_protigy_contrasts/<data","FULL_PATH","results/preprocessing/extract_protigy_contrasts/<dataset>/manifests/indexComparisons.csv","","PROVENANCE","historical",FALSE,"HIGH",""
"extract_protigy_contrasts","pRoteomics","audits/phase6g_preprocessing_lifecycle.csv","5: ""extract_protigy_contrasts"",""data/processed/01_preprocessing/gct_extractR/<dataset>/canonical_gct_extract_manifest.csv"",""results/preprocessing/extract_protigy_c","FULL_PATH","results/preprocessing/extract_protigy_contrasts/<dataset>/manifests/canonical_gct_extract_manifest.csv","","PROVENANCE","historical",FALSE,"HIGH",""
"extract_protigy_contrasts","pRoteomics","audits/phase6g_preprocessing_lifecycle.csv","2: ""extract_protigy_contrasts"",""data/processed/01_preprocessing/gct_extractR/<dataset>/forward/*.csv"",""results/preprocessing/extract_protigy_contrasts/<dataset>/ta","FULL_PATH","data/processed/01_preprocessing/gct_extractR/<dataset>/forward/*.csv","","PROVENANCE","historical",FALSE,"HIGH",""
"extract_protigy_contrasts","pRoteomics","audits/phase6g_preprocessing_lifecycle.csv","4: ""extract_protigy_contrasts"",""data/processed/01_preprocessing/gct_extractR/<dataset>/indexComparisons.csv"",""results/preprocessing/extract_protigy_contrasts/<data","FULL_PATH","data/processed/01_preprocessing/gct_extractR/<dataset>/indexComparisons.csv","","PROVENANCE","historical",FALSE,"HIGH",""
"extract_protigy_contrasts","pRoteomics","audits/phase6g_preprocessing_lifecycle.csv","3: ""extract_protigy_contrasts"",""data/processed/01_preprocessing/gct_extractR/<dataset>/reverse/*.csv"",""results/preprocessing/extract_protigy_contrasts/<dataset>/ta","FULL_PATH","data/processed/01_preprocessing/gct_extractR/<dataset>/reverse/*.csv","","PROVENANCE","historical",FALSE,"HIGH",""
"extract_protigy_contrasts","pRoteomics","audits/phase6g_preprocessing_lifecycle.csv","2: ""extract_protigy_contrasts"",""data/processed/01_preprocessing/gct_extractR/<dataset>/forward/*.csv"",""results/preprocessing/extract_protigy_contrasts/<dataset>/ta","NAMESPACE_BASENAME","01_preprocessing","","PROVENANCE","historical",FALSE,"MEDIUM",""
"extract_protigy_contrasts","pRoteomics","audits/phase6g_preprocessing_lifecycle.csv","3: ""extract_protigy_contrasts"",""data/processed/01_preprocessing/gct_extractR/<dataset>/reverse/*.csv"",""results/preprocessing/extract_protigy_contrasts/<dataset>/ta","NAMESPACE_BASENAME","01_preprocessing","","PROVENANCE","historical",FALSE,"MEDIUM",""
"extract_protigy_contrasts","pRoteomics","audits/phase6g_preprocessing_lifecycle.csv","4: ""extract_protigy_contrasts"",""data/processed/01_preprocessing/gct_extractR/<dataset>/indexComparisons.csv"",""results/preprocessing/extract_protigy_contrasts/<data","NAMESPACE_BASENAME","01_preprocessing","","PROVENANCE","historical",FALSE,"MEDIUM",""
"extract_protigy_contrasts","pRoteomics","audits/phase6g_preprocessing_lifecycle.csv","5: ""extract_protigy_contrasts"",""data/processed/01_preprocessing/gct_extractR/<dataset>/canonical_gct_extract_manifest.csv"",""results/preprocessing/extract_protigy_c","NAMESPACE_BASENAME","01_preprocessing","","PROVENANCE","historical",FALSE,"MEDIUM",""
"extract_protigy_contrasts","pRoteomics","audits/phase6g_preprocessing_lifecycle.csv","6: ""extract_protigy_contrasts"",""results/logs/01_preprocessing/gct_extractR/<dataset>/run_manifest.yml"",""results/preprocessing/extract_protigy_contrasts/<dataset>/m","NAMESPACE_BASENAME","01_preprocessing","","PROVENANCE","historical",FALSE,"MEDIUM",""
"extract_protigy_contrasts","pRoteomics","audits/phase6g_preprocessing_lifecycle.csv","7: ""build_module_score_metadata"",""data/processed/01_preprocessing/06_merged_metadata_module_score/<dataset>/sample_metadata_merged_clean_for_module_scores.xlsx"",""r","NAMESPACE_BASENAME","01_preprocessing","","PROVENANCE","historical",FALSE,"MEDIUM",""
"extract_protigy_contrasts","pRoteomics","audits/phase6g_preprocessing_lifecycle.csv","8: ""build_module_score_metadata"",""results/tables/01_preprocessing/06_merged_metadata_module_score/<dataset>/metadata_merge_qc_summary.csv"",""results/preprocessing/b","NAMESPACE_BASENAME","01_preprocessing","","PROVENANCE","historical",FALSE,"MEDIUM",""
"extract_protigy_contrasts","pRoteomics","audits/phase6g_preprocessing_lifecycle.csv","9: ""build_module_score_metadata"",""results/reports/01_preprocessing/06_merged_metadata_module_score/<dataset>/metadata_merge_summary.md"",""results/preprocessing/buil","NAMESPACE_BASENAME","01_preprocessing","","PROVENANCE","historical",FALSE,"MEDIUM",""
"extract_protigy_contrasts","pRoteomics","audits/phase6g_preprocessing_lifecycle.csv","10: ""build_module_score_metadata"",""results/logs/01_preprocessing/06_merged_metadata_module_score/<dataset>/run_manifest.yml"",""results/preprocessing/build_module_sco","NAMESPACE_BASENAME","01_preprocessing","","PROVENANCE","historical",FALSE,"MEDIUM",""
"extract_protigy_contrasts","pRoteomics","audits/phase6g_preprocessing_lifecycle.csv","15: ""build_joint_protigy_input"",""data/processed/01_preprocessing/joint_compartment_qc/global/joint_compartment_qc_matrices.rds"",""results/preprocessing/build_joint_p","NAMESPACE_BASENAME","01_preprocessing","","PROVENANCE","historical",FALSE,"MEDIUM",""
"extract_protigy_contrasts","pRoteomics","audits/phase6g_preprocessing_lifecycle.csv","16: ""build_joint_protigy_input"",""data/processed/01_preprocessing/joint_compartment_qc/global/feature_filter_audit.csv"",""results/preprocessing/build_joint_protigy_in","NAMESPACE_BASENAME","01_preprocessing","","PROVENANCE","historical",FALSE,"MEDIUM",""
"extract_protigy_contrasts","pRoteomics","audits/phase6g_preprocessing_lifecycle.csv","17: ""build_joint_protigy_input"",""data/processed/01_preprocessing/protigy_input/global/joint_shared_core_log2_median_normalized_imputed.gct"",""results/preprocessing/b","NAMESPACE_BASENAME","01_preprocessing","","PROVENANCE","historical",FALSE,"MEDIUM",""
"extract_protigy_contrasts","pRoteomics","audits/phase6g_preprocessing_lifecycle.csv","18: ""build_joint_protigy_input"",""results/logs/01_preprocessing/01_prepare_joint_protigy_input/global/run_manifest.yml"",""results/preprocessing/build_joint_protigy_in","NAMESPACE_BASENAME","01_preprocessing","","PROVENANCE","historical",FALSE,"MEDIUM",""
"extract_protigy_contrasts","pRoteomics","audits/phase6g_preprocessing_lifecycle.csv","2: ""extract_protigy_contrasts"",""data/processed/01_preprocessing/gct_extractR/<dataset>/forward/*.csv"",""results/preprocessing/extract_protigy_contrasts/<dataset>/ta","NAMESPACE_BASENAME","gct_extractR","","PROVENANCE","historical",FALSE,"MEDIUM",""
"extract_protigy_contrasts","pRoteomics","audits/phase6g_preprocessing_lifecycle.csv","3: ""extract_protigy_contrasts"",""data/processed/01_preprocessing/gct_extractR/<dataset>/reverse/*.csv"",""results/preprocessing/extract_protigy_contrasts/<dataset>/ta","NAMESPACE_BASENAME","gct_extractR","","PROVENANCE","historical",FALSE,"MEDIUM",""
"extract_protigy_contrasts","pRoteomics","audits/phase6g_preprocessing_lifecycle.csv","4: ""extract_protigy_contrasts"",""data/processed/01_preprocessing/gct_extractR/<dataset>/indexComparisons.csv"",""results/preprocessing/extract_protigy_contrasts/<data","NAMESPACE_BASENAME","gct_extractR","","PROVENANCE","historical",FALSE,"MEDIUM",""
"extract_protigy_contrasts","pRoteomics","audits/phase6g_preprocessing_lifecycle.csv","5: ""extract_protigy_contrasts"",""data/processed/01_preprocessing/gct_extractR/<dataset>/canonical_gct_extract_manifest.csv"",""results/preprocessing/extract_protigy_c","NAMESPACE_BASENAME","gct_extractR","","PROVENANCE","historical",FALSE,"MEDIUM",""
"extract_protigy_contrasts","pRoteomics","audits/phase6g_preprocessing_lifecycle.csv","6: ""extract_protigy_contrasts"",""results/logs/01_preprocessing/gct_extractR/<dataset>/run_manifest.yml"",""results/preprocessing/extract_protigy_contrasts/<dataset>/m","NAMESPACE_BASENAME","gct_extractR","","PROVENANCE","historical",FALSE,"MEDIUM",""
"extract_protigy_contrasts","pRoteomics","audits/phase6g_preprocessing_lifecycle.csv","2: ""extract_protigy_contrasts"",""data/processed/01_preprocessing/gct_extractR/<dataset>/forward/*.csv"",""results/preprocessing/extract_protigy_contrasts/<dataset>/ta","ANALYSIS_REFERENCE","extract_protigy_contrasts","","PROVENANCE","historical",FALSE,"MEDIUM",""
"extract_protigy_contrasts","pRoteomics","audits/phase6g_preprocessing_lifecycle.csv","3: ""extract_protigy_contrasts"",""data/processed/01_preprocessing/gct_extractR/<dataset>/reverse/*.csv"",""results/preprocessing/extract_protigy_contrasts/<dataset>/ta","ANALYSIS_REFERENCE","extract_protigy_contrasts","","PROVENANCE","historical",FALSE,"MEDIUM",""
"extract_protigy_contrasts","pRoteomics","audits/phase6g_preprocessing_lifecycle.csv","4: ""extract_protigy_contrasts"",""data/processed/01_preprocessing/gct_extractR/<dataset>/indexComparisons.csv"",""results/preprocessing/extract_protigy_contrasts/<data","ANALYSIS_REFERENCE","extract_protigy_contrasts","","PROVENANCE","historical",FALSE,"MEDIUM",""
"extract_protigy_contrasts","pRoteomics","audits/phase6g_preprocessing_lifecycle.csv","5: ""extract_protigy_contrasts"",""data/processed/01_preprocessing/gct_extractR/<dataset>/canonical_gct_extract_manifest.csv"",""results/preprocessing/extract_protigy_c","ANALYSIS_REFERENCE","extract_protigy_contrasts","","PROVENANCE","historical",FALSE,"MEDIUM",""
"extract_protigy_contrasts","pRoteomics","audits/phase6g_preprocessing_lifecycle.csv","6: ""extract_protigy_contrasts"",""results/logs/01_preprocessing/gct_extractR/<dataset>/run_manifest.yml"",""results/preprocessing/extract_protigy_contrasts/<dataset>/m","ANALYSIS_REFERENCE","extract_protigy_contrasts","","PROVENANCE","historical",FALSE,"MEDIUM",""
"extract_protigy_contrasts","pRoteomics","audits/phase6g_preprocessing_lifecycle.csv","2: ""extract_protigy_contrasts"",""data/processed/01_preprocessing/gct_extractR/<dataset>/forward/*.csv"",""results/preprocessing/extract_protigy_contrasts/<dataset>/ta","ANALYSIS_REFERENCE","extract_protigy_contrasts.R","","PROVENANCE","historical",FALSE,"MEDIUM",""
"extract_protigy_contrasts","pRoteomics","audits/phase6g_preprocessing_lifecycle.csv","3: ""extract_protigy_contrasts"",""data/processed/01_preprocessing/gct_extractR/<dataset>/reverse/*.csv"",""results/preprocessing/extract_protigy_contrasts/<dataset>/ta","ANALYSIS_REFERENCE","extract_protigy_contrasts.R","","PROVENANCE","historical",FALSE,"MEDIUM",""
"extract_protigy_contrasts","pRoteomics","audits/phase6g_preprocessing_lifecycle.csv","4: ""extract_protigy_contrasts"",""data/processed/01_preprocessing/gct_extractR/<dataset>/indexComparisons.csv"",""results/preprocessing/extract_protigy_contrasts/<data","ANALYSIS_REFERENCE","extract_protigy_contrasts.R","","PROVENANCE","historical",FALSE,"MEDIUM",""
"extract_protigy_contrasts","pRoteomics","audits/phase6g_preprocessing_lifecycle.csv","5: ""extract_protigy_contrasts"",""data/processed/01_preprocessing/gct_extractR/<dataset>/canonical_gct_extract_manifest.csv"",""results/preprocessing/extract_protigy_c","ANALYSIS_REFERENCE","extract_protigy_contrasts.R","","PROVENANCE","historical",FALSE,"MEDIUM",""
"extract_protigy_contrasts","pRoteomics","audits/phase6g_preprocessing_lifecycle.csv","6: ""extract_protigy_contrasts"",""results/logs/01_preprocessing/gct_extractR/<dataset>/run_manifest.yml"",""results/preprocessing/extract_protigy_contrasts/<dataset>/m","ANALYSIS_REFERENCE","extract_protigy_contrasts.R","","PROVENANCE","historical",FALSE,"MEDIUM",""
"extract_protigy_contrasts","pRoteomics","audits/phase6g_writer_namespace_audit.csv","35: ""preprocessing"",""extract_protigy_contrasts"",""analysis/preprocessing/extract_protigy_contrasts.R"",""results/preprocessing/extract_protigy_contrasts/<dataset>/tabl","FULL_PATH","results/preprocessing/extract_protigy_contrasts/<dataset>/tables/forward/*.csv","","PROVENANCE","historical",FALSE,"HIGH",""
"extract_protigy_contrasts","pRoteomics","audits/phase6g_writer_namespace_audit.csv","35: ""preprocessing"",""extract_protigy_contrasts"",""analysis/preprocessing/extract_protigy_contrasts.R"",""results/preprocessing/extract_protigy_contrasts/<dataset>/tabl","FULL_PATH","results/preprocessing/extract_protigy_contrasts/<dataset>/tables/reverse/*.csv","","PROVENANCE","historical",FALSE,"HIGH",""
"extract_protigy_contrasts","pRoteomics","audits/phase6g_writer_namespace_audit.csv","35: ""preprocessing"",""extract_protigy_contrasts"",""analysis/preprocessing/extract_protigy_contrasts.R"",""results/preprocessing/extract_protigy_contrasts/<dataset>/tabl","FULL_PATH","results/preprocessing/extract_protigy_contrasts/<dataset>/manifests/indexComparisons.csv","","PROVENANCE","historical",FALSE,"HIGH",""
"extract_protigy_contrasts","pRoteomics","audits/phase6g_writer_namespace_audit.csv","35: ""preprocessing"",""extract_protigy_contrasts"",""analysis/preprocessing/extract_protigy_contrasts.R"",""results/preprocessing/extract_protigy_contrasts/<dataset>/tabl","ANALYSIS_REFERENCE","extract_protigy_contrasts","","PROVENANCE","historical",FALSE,"MEDIUM",""
"extract_protigy_contrasts","pRoteomics","audits/phase6g_writer_namespace_audit.csv","35: ""preprocessing"",""extract_protigy_contrasts"",""analysis/preprocessing/extract_protigy_contrasts.R"",""results/preprocessing/extract_protigy_contrasts/<dataset>/tabl","ANALYSIS_REFERENCE","extract_protigy_contrasts.R","","PROVENANCE","historical",FALSE,"MEDIUM",""
"extract_protigy_contrasts","pRoteomics","audits/publication_hardening/11_manuscript_phase2_contracts.R","43: ""read at analysis/01_preprocessing/06_merged_metadata_module_score.r:399-427"",","NAMESPACE_BASENAME","01_preprocessing","","PROVENANCE","historical",FALSE,"MEDIUM",""
"extract_protigy_contrasts","pRoteomics","audits/publication_hardening/11_manuscript_phase2_contracts.R","47: ""analysis/01_preprocessing/06_merged_metadata_module_score.r StressGroup = case_when(!is.na(group_auc_all) ~ group_auc_all, ...)"",","NAMESPACE_BASENAME","01_preprocessing","","PROVENANCE","historical",FALSE,"MEDIUM",""
"extract_protigy_contrasts","pRoteomics","docs/restructure_inventory.csv","7: ""01_preprocessing/01_impute.r"",""LEGACY_SUPERSEDED"",""proteomics"",""SUPERSEDED_PROVENANCE"",TRUE,FALSE,""pRoteomics"",""archive/01_preprocessing/01_impute.r"",""pipeline","NAMESPACE_BASENAME","01_preprocessing","","PROVENANCE","historical",FALSE,"MEDIUM",""
"extract_protigy_contrasts","pRoteomics","docs/restructure_inventory.csv","8: ""01_preprocessing/build_joint_protigy_input.R"",""ANALYSIS_ENTRYPOINT"",""proteomics"",""ACTIVE_CANONICAL"",TRUE,FALSE,""pRoteomics"",""analysis/01_preprocessing/build_jo","NAMESPACE_BASENAME","01_preprocessing","","PROVENANCE","historical",FALSE,"MEDIUM",""
"extract_protigy_contrasts","pRoteomics","docs/restructure_inventory.csv","9: ""01_preprocessing/02_excel_convert.r"",""LEGACY_SUPERSEDED"",""proteomics"",""SUPERSEDED_PROVENANCE"",TRUE,FALSE,""pRoteomics"",""archive/01_preprocessing/02_excel_conver","NAMESPACE_BASENAME","01_preprocessing","","PROVENANCE","historical",FALSE,"MEDIUM",""
"extract_protigy_contrasts","pRoteomics","docs/restructure_inventory.csv","10: ""01_preprocessing/build_animal_level_protigy_input.R"",""ANALYSIS_ENTRYPOINT"",""proteomics"",""ACTIVE_CANONICAL"",TRUE,FALSE,""pRoteomics"",""analysis/01_preprocessing/b","NAMESPACE_BASENAME","01_preprocessing","","PROVENANCE","historical",FALSE,"MEDIUM",""
"extract_protigy_contrasts","pRoteomics","docs/restructure_inventory.csv","11: ""01_preprocessing/extract_protigy_contrasts.R"",""ANALYSIS_ENTRYPOINT"",""proteomics"",""ACTIVE_CANONICAL"",TRUE,FALSE,""pRoteomics"",""analysis/01_preprocessing/extract_","NAMESPACE_BASENAME","01_preprocessing","","PROVENANCE","historical",FALSE,"MEDIUM",""
"extract_protigy_contrasts","pRoteomics","docs/restructure_inventory.csv","12: ""01_preprocessing/03b_directionality_audit_raw_vs_protigy.r"",""AUDIT"",""proteomics"",""ACTIVE_SUPPORT"",TRUE,FALSE,""pRoteomics"",""audits/preprocessing/03b_directional","NAMESPACE_BASENAME","01_preprocessing","","PROVENANCE","historical",FALSE,"MEDIUM",""
"extract_protigy_contrasts","pRoteomics","docs/restructure_inventory.csv","13: ""01_preprocessing/03c_legacy_vs_animal_level_da_audit.r"",""LEGACY_ACTIVE"",""proteomics"",""SUPERSEDED_PROVENANCE"",TRUE,FALSE,""pRoteomics"",""archive/01_preprocessing/","NAMESPACE_BASENAME","01_preprocessing","","PROVENANCE","historical",FALSE,"MEDIUM",""
"extract_protigy_contrasts","pRoteomics","docs/restructure_inventory.csv","14: ""01_preprocessing/04_format_metadata.r"",""LEGACY_SUPERSEDED"",""proteomics"",""SUPERSEDED_PROVENANCE"",TRUE,FALSE,""pRoteomics"",""archive/01_preprocessing/04_format_met","NAMESPACE_BASENAME","01_preprocessing","","PROVENANCE","historical",FALSE,"MEDIUM",""
"extract_protigy_contrasts","pRoteomics","docs/restructure_inventory.csv","15: ""01_preprocessing/05_metadata_create.r"",""LEGACY_SUPERSEDED"",""proteomics"",""SUPERSEDED_PROVENANCE"",TRUE,FALSE,""pRoteomics"",""archive/01_preprocessing/05_metadata_c","NAMESPACE_BASENAME","01_preprocessing","","PROVENANCE","historical",FALSE,"MEDIUM",""
"extract_protigy_contrasts","pRoteomics","docs/restructure_inventory.csv","16: ""01_preprocessing/build_module_score_metadata.R"",""ANALYSIS_ENTRYPOINT"",""proteomics"",""ACTIVE_CANONICAL"",TRUE,FALSE,""pRoteomics"",""analysis/01_preprocessing/build_","NAMESPACE_BASENAME","01_preprocessing","","PROVENANCE","historical",FALSE,"MEDIUM",""
"extract_protigy_contrasts","pRoteomics","docs/restructure_inventory.csv","17: ""02_id_mapping/map_protein_identifiers.R"",""ANALYSIS_ENTRYPOINT"",""proteomics"",""ACTIVE_CANONICAL"",TRUE,FALSE,""pRoteomics"",""analysis/01_preprocessing/map_protein_i","NAMESPACE_BASENAME","01_preprocessing","","PROVENANCE","historical",FALSE,"MEDIUM",""
"extract_protigy_contrasts","pRoteomics","docs/restructure_inventory.csv","11: ""01_preprocessing/extract_protigy_contrasts.R"",""ANALYSIS_ENTRYPOINT"",""proteomics"",""ACTIVE_CANONICAL"",TRUE,FALSE,""pRoteomics"",""analysis/01_preprocessing/extract_","ANALYSIS_REFERENCE","extract_protigy_contrasts","","PROVENANCE","historical",FALSE,"MEDIUM",""
"extract_protigy_contrasts","pRoteomics","docs/restructure_inventory.csv","11: ""01_preprocessing/extract_protigy_contrasts.R"",""ANALYSIS_ENTRYPOINT"",""proteomics"",""ACTIVE_CANONICAL"",TRUE,FALSE,""pRoteomics"",""analysis/01_preprocessing/extract_","ANALYSIS_REFERENCE","extract_protigy_contrasts.R","","PROVENANCE","historical",FALSE,"MEDIUM",""
"extract_protigy_contrasts","pRoteomics","tools/verify_path_contract_rewrites.R","38: c(""01_preprocessing"",                      ""analysis/preprocessing""),","NAMESPACE_BASENAME","01_preprocessing","","PROVENANCE","active",FALSE,"MEDIUM",""
"extract_protigy_contrasts","pRoteomics","tests/testthat/test-dataset-cli-contracts.R","5: ""analysis/preprocessing/extract_protigy_contrasts.R"",","ANALYSIS_REFERENCE","extract_protigy_contrasts","","TEST","active",FALSE,"MEDIUM",""
"extract_protigy_contrasts","pRoteomics","tests/testthat/test-dataset-cli-contracts.R","5: ""analysis/preprocessing/extract_protigy_contrasts.R"",","ANALYSIS_REFERENCE","extract_protigy_contrasts.R","","TEST","active",FALSE,"MEDIUM",""
"extract_protigy_contrasts","pRoteomics","tests/testthat/test-preprocessing-writer-namespace.R","20: WRITERS <- c(""extract_protigy_contrasts"", ""build_module_score_metadata"",","ANALYSIS_REFERENCE","extract_protigy_contrasts","expect_true","TEST","active",FALSE,"MEDIUM",""
"extract_protigy_contrasts","pRoteomics","tests/testthat/test-preprocessing-writer-namespace.R","339: testthat::expect_true(endsWith(fwd, ""extract_protigy_contrasts/neuron_neuropil/tables/forward""))","ANALYSIS_REFERENCE","extract_protigy_contrasts","expect_true","TEST","active",FALSE,"MEDIUM",""
"extract_protigy_contrasts","pRoteomics","tests/testthat/test-preprocessing-writer-namespace.R","340: testthat::expect_true(endsWith(rev, ""extract_protigy_contrasts/neuron_neuropil/tables/reverse""))","ANALYSIS_REFERENCE","extract_protigy_contrasts","expect_true","TEST","active",FALSE,"MEDIUM",""
"extract_protigy_contrasts","pRoteomics","tests/testthat/test-preprocessing-writer-namespace.R","369: PATH_TESTABLE <- c(""extract_protigy_contrasts"", ""map_protein_identifiers"",","ANALYSIS_REFERENCE","extract_protigy_contrasts","expect_true","TEST","active",FALSE,"MEDIUM",""
"extract_protigy_contrasts","pRoteomics","tests/testthat/test-preprocessing-writer-namespace.R","655: testthat::expect_true(grepl(""results/preprocessing/extract_protigy_contrasts/"", d,","ANALYSIS_REFERENCE","extract_protigy_contrasts","expect_true","TEST","active",FALSE,"MEDIUM",""
"extract_protigy_contrasts","pRoteomics","tests/testthat/test-preprocessing-writer-namespace.R","670: ""results/preprocessing/extract_protigy_contrasts/neuron_neuropil/manifests/canonical_gct_extract_manifest.csv$"",","ANALYSIS_REFERENCE","extract_protigy_contrasts","expect_true","TEST","active",FALSE,"MEDIUM",""
