"analysis_id","repo","consumer_file","line_or_expression","match_type","matched_token","enclosing_call","dependency_kind","active_or_historical","runtime_relevant","confidence","adjudication"
"map_protein_identifiers","pRoteomics","audits/preprocessing/01b_animal_level_mapping_audit.r","17: legacy_mapping_root <- path_processed(""02_id_mapping"")","NAMESPACE_BASENAME","02_id_mapping","","AUDIT_READER","active",TRUE,"MEDIUM",""
"map_protein_identifiers","pRoteomics","analysis/publication_source_data/config/export_config.yml","45: root: data/processed/02_id_mapping/mapped","NAMESPACE_BASENAME","02_id_mapping","","CONFIG","active",TRUE,"MEDIUM",""
"map_protein_identifiers","pRoteomics","config/clusterProfiler_config.yml","11: # Dataset family. This selects data/processed/02_id_mapping/mapped/<dataset>/forward/per_file","NAMESPACE_BASENAME","02_id_mapping","","CONFIG","active",TRUE,"MEDIUM",""
"map_protein_identifiers","pRoteomics","config/clusterProfiler_config.yml","11: # Dataset family. This selects data/processed/02_id_mapping/mapped/<dataset>/forward/per_file","NAMESPACE_BASENAME","mapped","","CONFIG","active",TRUE,"MEDIUM",""
"map_protein_identifiers","pRoteomics","pipeline.yml","38: produces: [""results/preprocessing/map_protein_identifiers/<dataset>/tables/mapped/forward/per_file/*.csv"", ""results/preprocessing/map_protein_identifier","CONFIG_GLOB","results/preprocessing/map_protein_identifiers/<dataset>/tables/mapped/forward/per_file/*.csv","","CONFIG","active",TRUE,"HIGH",""
"map_protein_identifiers","pRoteomics","pipeline.yml","114: consumes_required: [""results/preprocessing/map_protein_identifiers/<dataset>/tables/mapped/forward/per_file/*.csv"", ""data/processed/02_id_mapping/mapped","REGISTRY_DEPENDENCY","results/preprocessing/map_protein_identifiers/<dataset>/tables/mapped/forward/per_file/*.csv","","CONFIG","active",TRUE,"HIGH",""
"map_protein_identifiers","pRoteomics","pipeline.yml","136: consumes_required: [""results/preprocessing/map_protein_identifiers/<dataset>/tables/mapped/forward/per_file/*.csv"", ""data/processed/02_id_mapping/mapped","REGISTRY_DEPENDENCY","results/preprocessing/map_protein_identifiers/<dataset>/tables/mapped/forward/per_file/*.csv","","CONFIG","active",TRUE,"HIGH",""
"map_protein_identifiers","pRoteomics","pipeline.yml","147: consumes_required: [""results/preprocessing/map_protein_identifiers/<dataset>/tables/mapped/forward/per_file/*.csv"", ""data/processed/02_id_mapping/mapped","REGISTRY_DEPENDENCY","results/preprocessing/map_protein_identifiers/<dataset>/tables/mapped/forward/per_file/*.csv","","CONFIG","active",TRUE,"HIGH",""
"map_protein_identifiers","pRoteomics","pipeline.yml","180: consumes_required: [""results/preprocessing/map_protein_identifiers/<dataset>/tables/mapped/forward/per_file/*.csv"", ""data/processed/02_id_mapping/mapped","REGISTRY_DEPENDENCY","results/preprocessing/map_protein_identifiers/<dataset>/tables/mapped/forward/per_file/*.csv","","CONFIG","active",TRUE,"HIGH",""
"map_protein_identifiers","pRoteomics","pipeline.yml","191: consumes_required: [""results/preprocessing/map_protein_identifiers/<dataset>/tables/mapped/forward/per_file/*.csv"", ""data/processed/02_id_mapping/mapped","REGISTRY_DEPENDENCY","results/preprocessing/map_protein_identifiers/<dataset>/tables/mapped/forward/per_file/*.csv","","CONFIG","active",TRUE,"HIGH",""
"map_protein_identifiers","pRoteomics","pipeline.yml","241: consumes_required: [""results/preprocessing/map_protein_identifiers/<dataset>/tables/mapped/forward/per_file/*.csv"", ""data/processed/02_id_mapping/mapped","REGISTRY_DEPENDENCY","results/preprocessing/map_protein_identifiers/<dataset>/tables/mapped/forward/per_file/*.csv","","CONFIG","active",TRUE,"HIGH",""
"map_protein_identifiers","pRoteomics","pipeline.yml","252: consumes_required: [""results/differential_abundance/run_clusterprofiler_enrichment/<dataset>/models/clusterProfiler_manifest.csv"", ""data/processed/04_di","REGISTRY_DEPENDENCY","results/preprocessing/map_protein_identifiers/<dataset>/tables/mapped/forward/per_file/*.csv","","CONFIG","active",TRUE,"HIGH",""
"map_protein_identifiers","pRoteomics","pipeline.yml","423: consumes_required: [""results/tables/06_modules_WGCNA/01_WGCNA/<dataset>/modules/"", ""results/preprocessing/map_protein_identifiers/<dataset>/tables/mappe","REGISTRY_DEPENDENCY","results/preprocessing/map_protein_identifiers/<dataset>/tables/mapped/forward/per_file/*.csv","","CONFIG","active",TRUE,"HIGH",""
"map_protein_identifiers","pRoteomics","pipeline.yml","436: consumes_required: [""results/tables/06_modules_WGCNA/01_WGCNA/<dataset>/modules/"", ""results/preprocessing/map_protein_identifiers/<dataset>/tables/mappe","REGISTRY_DEPENDENCY","results/preprocessing/map_protein_identifiers/<dataset>/tables/mapped/forward/per_file/*.csv","","CONFIG","active",TRUE,"HIGH",""
"map_protein_identifiers","pRoteomics","pipeline.yml","772: consumes_required: [""results/preprocessing/map_protein_identifiers/<dataset>/tables/mapped/forward/per_file/*.csv"", ""data/processed/02_id_mapping/mapped","REGISTRY_DEPENDENCY","results/preprocessing/map_protein_identifiers/<dataset>/tables/mapped/forward/per_file/*.csv","","CONFIG","active",TRUE,"HIGH",""
"map_protein_identifiers","pRoteomics","pipeline.yml","38: produces: [""results/preprocessing/map_protein_identifiers/<dataset>/tables/mapped/forward/per_file/*.csv"", ""results/preprocessing/map_protein_identifier","CONFIG_GLOB","results/preprocessing/map_protein_identifiers/<dataset>/tables/mapped/forward/summaries/*.csv","","CONFIG","active",TRUE,"HIGH",""
"map_protein_identifiers","pRoteomics","pipeline.yml","114: consumes_required: [""results/preprocessing/map_protein_identifiers/<dataset>/tables/mapped/forward/per_file/*.csv"", ""data/processed/02_id_mapping/mapped","REGISTRY_DEPENDENCY","data/processed/02_id_mapping/mapped/<dataset>/forward/per_file/*.csv","","CONFIG","active",TRUE,"HIGH",""
"map_protein_identifiers","pRoteomics","pipeline.yml","136: consumes_required: [""results/preprocessing/map_protein_identifiers/<dataset>/tables/mapped/forward/per_file/*.csv"", ""data/processed/02_id_mapping/mapped","REGISTRY_DEPENDENCY","data/processed/02_id_mapping/mapped/<dataset>/forward/per_file/*.csv","","CONFIG","active",TRUE,"HIGH",""
"map_protein_identifiers","pRoteomics","pipeline.yml","147: consumes_required: [""results/preprocessing/map_protein_identifiers/<dataset>/tables/mapped/forward/per_file/*.csv"", ""data/processed/02_id_mapping/mapped","REGISTRY_DEPENDENCY","data/processed/02_id_mapping/mapped/<dataset>/forward/per_file/*.csv","","CONFIG","active",TRUE,"HIGH",""
"map_protein_identifiers","pRoteomics","pipeline.yml","180: consumes_required: [""results/preprocessing/map_protein_identifiers/<dataset>/tables/mapped/forward/per_file/*.csv"", ""data/processed/02_id_mapping/mapped","REGISTRY_DEPENDENCY","data/processed/02_id_mapping/mapped/<dataset>/forward/per_file/*.csv","","CONFIG","active",TRUE,"HIGH",""
"map_protein_identifiers","pRoteomics","pipeline.yml","191: consumes_required: [""results/preprocessing/map_protein_identifiers/<dataset>/tables/mapped/forward/per_file/*.csv"", ""data/processed/02_id_mapping/mapped","REGISTRY_DEPENDENCY","data/processed/02_id_mapping/mapped/<dataset>/forward/per_file/*.csv","","CONFIG","active",TRUE,"HIGH",""
"map_protein_identifiers","pRoteomics","pipeline.yml","241: consumes_required: [""results/preprocessing/map_protein_identifiers/<dataset>/tables/mapped/forward/per_file/*.csv"", ""data/processed/02_id_mapping/mapped","REGISTRY_DEPENDENCY","data/processed/02_id_mapping/mapped/<dataset>/forward/per_file/*.csv","","CONFIG","active",TRUE,"HIGH",""
"map_protein_identifiers","pRoteomics","pipeline.yml","252: consumes_required: [""results/differential_abundance/run_clusterprofiler_enrichment/<dataset>/models/clusterProfiler_manifest.csv"", ""data/processed/04_di","REGISTRY_DEPENDENCY","data/processed/02_id_mapping/mapped/<dataset>/forward/per_file/*.csv","","CONFIG","active",TRUE,"HIGH",""
"map_protein_identifiers","pRoteomics","pipeline.yml","423: consumes_required: [""results/tables/06_modules_WGCNA/01_WGCNA/<dataset>/modules/"", ""results/preprocessing/map_protein_identifiers/<dataset>/tables/mappe","REGISTRY_DEPENDENCY","data/processed/02_id_mapping/mapped/<dataset>/forward/per_file/*.csv","","CONFIG","active",TRUE,"HIGH",""
"map_protein_identifiers","pRoteomics","pipeline.yml","436: consumes_required: [""results/tables/06_modules_WGCNA/01_WGCNA/<dataset>/modules/"", ""results/preprocessing/map_protein_identifiers/<dataset>/tables/mappe","REGISTRY_DEPENDENCY","data/processed/02_id_mapping/mapped/<dataset>/forward/per_file/*.csv","","CONFIG","active",TRUE,"HIGH",""
"map_protein_identifiers","pRoteomics","pipeline.yml","772: consumes_required: [""results/preprocessing/map_protein_identifiers/<dataset>/tables/mapped/forward/per_file/*.csv"", ""data/processed/02_id_mapping/mapped","REGISTRY_DEPENDENCY","data/processed/02_id_mapping/mapped/<dataset>/forward/per_file/*.csv","","CONFIG","active",TRUE,"HIGH",""
"map_protein_identifiers","pRoteomics","pipeline.yml","114: consumes_required: [""results/preprocessing/map_protein_identifiers/<dataset>/tables/mapped/forward/per_file/*.csv"", ""data/processed/02_id_mapping/mapped","REGISTRY_DEPENDENCY","02_id_mapping","","CONFIG","active",TRUE,"HIGH",""
"map_protein_identifiers","pRoteomics","pipeline.yml","136: consumes_required: [""results/preprocessing/map_protein_identifiers/<dataset>/tables/mapped/forward/per_file/*.csv"", ""data/processed/02_id_mapping/mapped","REGISTRY_DEPENDENCY","02_id_mapping","","CONFIG","active",TRUE,"HIGH",""
"map_protein_identifiers","pRoteomics","pipeline.yml","147: consumes_required: [""results/preprocessing/map_protein_identifiers/<dataset>/tables/mapped/forward/per_file/*.csv"", ""data/processed/02_id_mapping/mapped","REGISTRY_DEPENDENCY","02_id_mapping","","CONFIG","active",TRUE,"HIGH",""
"map_protein_identifiers","pRoteomics","pipeline.yml","180: consumes_required: [""results/preprocessing/map_protein_identifiers/<dataset>/tables/mapped/forward/per_file/*.csv"", ""data/processed/02_id_mapping/mapped","REGISTRY_DEPENDENCY","02_id_mapping","","CONFIG","active",TRUE,"HIGH",""
"map_protein_identifiers","pRoteomics","pipeline.yml","191: consumes_required: [""results/preprocessing/map_protein_identifiers/<dataset>/tables/mapped/forward/per_file/*.csv"", ""data/processed/02_id_mapping/mapped","REGISTRY_DEPENDENCY","02_id_mapping","","CONFIG","active",TRUE,"HIGH",""
"map_protein_identifiers","pRoteomics","pipeline.yml","241: consumes_required: [""results/preprocessing/map_protein_identifiers/<dataset>/tables/mapped/forward/per_file/*.csv"", ""data/processed/02_id_mapping/mapped","REGISTRY_DEPENDENCY","02_id_mapping","","CONFIG","active",TRUE,"HIGH",""
"map_protein_identifiers","pRoteomics","pipeline.yml","252: consumes_required: [""results/differential_abundance/run_clusterprofiler_enrichment/<dataset>/models/clusterProfiler_manifest.csv"", ""data/processed/04_di","REGISTRY_DEPENDENCY","02_id_mapping","","CONFIG","active",TRUE,"HIGH",""
"map_protein_identifiers","pRoteomics","pipeline.yml","423: consumes_required: [""results/tables/06_modules_WGCNA/01_WGCNA/<dataset>/modules/"", ""results/preprocessing/map_protein_identifiers/<dataset>/tables/mappe","REGISTRY_DEPENDENCY","02_id_mapping","","CONFIG","active",TRUE,"HIGH",""
"map_protein_identifiers","pRoteomics","pipeline.yml","436: consumes_required: [""results/tables/06_modules_WGCNA/01_WGCNA/<dataset>/modules/"", ""results/preprocessing/map_protein_identifiers/<dataset>/tables/mappe","REGISTRY_DEPENDENCY","02_id_mapping","","CONFIG","active",TRUE,"HIGH",""
"map_protein_identifiers","pRoteomics","pipeline.yml","772: consumes_required: [""results/preprocessing/map_protein_identifiers/<dataset>/tables/mapped/forward/per_file/*.csv"", ""data/processed/02_id_mapping/mapped","REGISTRY_DEPENDENCY","02_id_mapping","","CONFIG","active",TRUE,"HIGH",""
"map_protein_identifiers","pRoteomics","pipeline.yml","827: consumes_required: [""data/processed/02_id_mapping/mapped/neuron-phenotypeWithinUnit/""]","REGISTRY_DEPENDENCY","02_id_mapping","","CONFIG","active",TRUE,"HIGH",""
"map_protein_identifiers","pRoteomics","pipeline.yml","1141: - ""data/processed/02_id_mapping/mapped/neuron_neuropil/forward/per_file/CA2slmsus_CA2slmres.csv""","NAMESPACE_BASENAME","02_id_mapping","","CONFIG","active",TRUE,"MEDIUM",""
"map_protein_identifiers","pRoteomics","pipeline.yml","1177: - ""data/processed/02_id_mapping/mapped/neuron_neuropil/forward/per_file/""","NAMESPACE_BASENAME","02_id_mapping","","CONFIG","active",TRUE,"MEDIUM",""
"map_protein_identifiers","pRoteomics","pipeline.yml","1195: - ""data/processed/02_id_mapping/mapped/neuron_neuropil/forward/per_file/CA2slmsus_CA2slmres.csv""","NAMESPACE_BASENAME","02_id_mapping","","CONFIG","active",TRUE,"MEDIUM",""
"map_protein_identifiers","pRoteomics","pipeline.yml","1360: consumes_required: [""data/processed/01_preprocessing/protigy_input_animal_level/neuron_neuropil/neuron_neuropil_animal_level.gct"", ""results/preprocessin","REGISTRY_DEPENDENCY","02_id_mapping","","CONFIG","active",TRUE,"HIGH",""
"map_protein_identifiers","pRoteomics","pipeline.yml","1371: consumes_required: [""results/preprocessing/map_protein_identifiers/neuron_neuropil/tables/mapped/forward/per_file/"", ""data/processed/02_id_mapping/mappe","REGISTRY_DEPENDENCY","02_id_mapping","","CONFIG","active",TRUE,"HIGH",""
"map_protein_identifiers","pRoteomics","pipeline.yml","1382: consumes_required: [""data/processed/01_preprocessing/protigy_input_animal_level/neuron_neuropil/neuron_neuropil_animal_level.gct"", ""data/raw/pg_matrix/q","REGISTRY_DEPENDENCY","02_id_mapping","","CONFIG","active",TRUE,"HIGH",""
"map_protein_identifiers","pRoteomics","pipeline.yml","1506: consumes_required: [""data/raw/pg_matrix/"", ""data/processed/01_preprocessing/"", ""data/processed/02_id_mapping/""]","REGISTRY_DEPENDENCY","02_id_mapping","","CONFIG","active",TRUE,"HIGH",""
"map_protein_identifiers","pRoteomics","pipeline.yml","38: produces: [""results/preprocessing/map_protein_identifiers/<dataset>/tables/mapped/forward/per_file/*.csv"", ""results/preprocessing/map_protein_identifier","CONFIG_GLOB","mapped","","CONFIG","active",TRUE,"HIGH",""
"map_protein_identifiers","pRoteomics","pipeline.yml","114: consumes_required: [""results/preprocessing/map_protein_identifiers/<dataset>/tables/mapped/forward/per_file/*.csv"", ""data/processed/02_id_mapping/mapped","REGISTRY_DEPENDENCY","mapped","","CONFIG","active",TRUE,"HIGH",""
"map_protein_identifiers","pRoteomics","pipeline.yml","136: consumes_required: [""results/preprocessing/map_protein_identifiers/<dataset>/tables/mapped/forward/per_file/*.csv"", ""data/processed/02_id_mapping/mapped","REGISTRY_DEPENDENCY","mapped","","CONFIG","active",TRUE,"HIGH",""
"map_protein_identifiers","pRoteomics","pipeline.yml","147: consumes_required: [""results/preprocessing/map_protein_identifiers/<dataset>/tables/mapped/forward/per_file/*.csv"", ""data/processed/02_id_mapping/mapped","REGISTRY_DEPENDENCY","mapped","","CONFIG","active",TRUE,"HIGH",""
"map_protein_identifiers","pRoteomics","pipeline.yml","180: consumes_required: [""results/preprocessing/map_protein_identifiers/<dataset>/tables/mapped/forward/per_file/*.csv"", ""data/processed/02_id_mapping/mapped","REGISTRY_DEPENDENCY","mapped","","CONFIG","active",TRUE,"HIGH",""
"map_protein_identifiers","pRoteomics","pipeline.yml","191: consumes_required: [""results/preprocessing/map_protein_identifiers/<dataset>/tables/mapped/forward/per_file/*.csv"", ""data/processed/02_id_mapping/mapped","REGISTRY_DEPENDENCY","mapped","","CONFIG","active",TRUE,"HIGH",""
"map_protein_identifiers","pRoteomics","pipeline.yml","241: consumes_required: [""results/preprocessing/map_protein_identifiers/<dataset>/tables/mapped/forward/per_file/*.csv"", ""data/processed/02_id_mapping/mapped","REGISTRY_DEPENDENCY","mapped","","CONFIG","active",TRUE,"HIGH",""
"map_protein_identifiers","pRoteomics","pipeline.yml","252: consumes_required: [""results/differential_abundance/run_clusterprofiler_enrichment/<dataset>/models/clusterProfiler_manifest.csv"", ""data/processed/04_di","REGISTRY_DEPENDENCY","mapped","","CONFIG","active",TRUE,"HIGH",""
"map_protein_identifiers","pRoteomics","pipeline.yml","423: consumes_required: [""results/tables/06_modules_WGCNA/01_WGCNA/<dataset>/modules/"", ""results/preprocessing/map_protein_identifiers/<dataset>/tables/mappe","REGISTRY_DEPENDENCY","mapped","","CONFIG","active",TRUE,"HIGH",""
"map_protein_identifiers","pRoteomics","pipeline.yml","436: consumes_required: [""results/tables/06_modules_WGCNA/01_WGCNA/<dataset>/modules/"", ""results/preprocessing/map_protein_identifiers/<dataset>/tables/mappe","REGISTRY_DEPENDENCY","mapped","","CONFIG","active",TRUE,"HIGH",""
"map_protein_identifiers","pRoteomics","pipeline.yml","772: consumes_required: [""results/preprocessing/map_protein_identifiers/<dataset>/tables/mapped/forward/per_file/*.csv"", ""data/processed/02_id_mapping/mapped","REGISTRY_DEPENDENCY","mapped","","CONFIG","active",TRUE,"HIGH",""
"map_protein_identifiers","pRoteomics","pipeline.yml","827: consumes_required: [""data/processed/02_id_mapping/mapped/neuron-phenotypeWithinUnit/""]","REGISTRY_DEPENDENCY","mapped","","CONFIG","active",TRUE,"HIGH",""
"map_protein_identifiers","pRoteomics","pipeline.yml","1040: - ""data/processed/02_id_mapping_animal_level/mapped/neuron_neuropil/forward/per_file/""","NAMESPACE_BASENAME","mapped","","CONFIG","active",TRUE,"MEDIUM",""
"map_protein_identifiers","pRoteomics","pipeline.yml","1140: - ""results/preprocessing/map_protein_identifiers/neuron_neuropil/tables/mapped/forward/per_file/CA2slmsus_CA2slmres.csv""","NAMESPACE_BASENAME","mapped","","CONFIG","active",TRUE,"MEDIUM",""
"map_protein_identifiers","pRoteomics","pipeline.yml","1141: - ""data/processed/02_id_mapping/mapped/neuron_neuropil/forward/per_file/CA2slmsus_CA2slmres.csv""","NAMESPACE_BASENAME","mapped","","CONFIG","active",TRUE,"MEDIUM",""
"map_protein_identifiers","pRoteomics","pipeline.yml","1176: - ""results/preprocessing/map_protein_identifiers/neuron_neuropil/tables/mapped/forward/per_file/""","NAMESPACE_BASENAME","mapped","","CONFIG","active",TRUE,"MEDIUM",""
"map_protein_identifiers","pRoteomics","pipeline.yml","1177: - ""data/processed/02_id_mapping/mapped/neuron_neuropil/forward/per_file/""","NAMESPACE_BASENAME","mapped","","CONFIG","active",TRUE,"MEDIUM",""
"map_protein_identifiers","pRoteomics","pipeline.yml","1194: - ""results/preprocessing/map_protein_identifiers/neuron_neuropil/tables/mapped/forward/per_file/CA2slmsus_CA2slmres.csv""","NAMESPACE_BASENAME","mapped","","CONFIG","active",TRUE,"MEDIUM",""
"map_protein_identifiers","pRoteomics","pipeline.yml","1195: - ""data/processed/02_id_mapping/mapped/neuron_neuropil/forward/per_file/CA2slmsus_CA2slmres.csv""","NAMESPACE_BASENAME","mapped","","CONFIG","active",TRUE,"MEDIUM",""
"map_protein_identifiers","pRoteomics","pipeline.yml","1360: consumes_required: [""data/processed/01_preprocessing/protigy_input_animal_level/neuron_neuropil/neuron_neuropil_animal_level.gct"", ""results/preprocessin","REGISTRY_DEPENDENCY","mapped","","CONFIG","active",TRUE,"HIGH",""
"map_protein_identifiers","pRoteomics","pipeline.yml","1371: consumes_required: [""results/preprocessing/map_protein_identifiers/neuron_neuropil/tables/mapped/forward/per_file/"", ""data/processed/02_id_mapping/mappe","REGISTRY_DEPENDENCY","mapped","","CONFIG","active",TRUE,"HIGH",""
"map_protein_identifiers","pRoteomics","pipeline.yml","1382: consumes_required: [""data/processed/01_preprocessing/protigy_input_animal_level/neuron_neuropil/neuron_neuropil_animal_level.gct"", ""data/raw/pg_matrix/q","REGISTRY_DEPENDENCY","mapped","","CONFIG","active",TRUE,"HIGH",""
"map_protein_identifiers","pRoteomics","analysis/differential_abundance/compare_go_enrichment.R","778: stop(""Manifest references missing mapped/log2FC file(s):\n"",","NAMESPACE_BASENAME","mapped","","DOWNSTREAM_ANALYSIS","active",TRUE,"MEDIUM",""
"map_protein_identifiers","pRoteomics","analysis/differential_abundance/compare_go_enrichment.R","786: stop(""Stale clusterProfiler manifest detected: mapped/log2FC input hash changed for "",","NAMESPACE_BASENAME","mapped","","DOWNSTREAM_ANALYSIS","active",TRUE,"MEDIUM",""
"map_protein_identifiers","pRoteomics","analysis/publication_source_data/build_methods_summary.R","94: ""3. **Identifier mapping** — protein-to-gene mapping for contrasts (`data/processed/02_id_mapping/`)."",","NAMESPACE_BASENAME","02_id_mapping","","DOWNSTREAM_ANALYSIS","active",TRUE,"MEDIUM",""
"map_protein_identifiers","pRoteomics","analysis/wgcna/audit_microglia_module_claims.R","1493: bridge$mapping_status == ""mapped"" & !is.na(bridge$GeneSymbol) & nzchar(bridge$GeneSymbol) &","NAMESPACE_BASENAME","mapped","","DOWNSTREAM_ANALYSIS","active",TRUE,"MEDIUM",""
"map_protein_identifiers","pRoteomics","analysis/wgcna/audit_microglia_module_claims.R","1498: ifelse(bridge$mapping_status != ""mapped"", paste0(""mapping_status:"", bridge$mapping_status),","NAMESPACE_BASENAME","mapped","","DOWNSTREAM_ANALYSIS","active",TRUE,"MEDIUM",""
"map_protein_identifiers","pRoteomics","analysis/wgcna/audit_microglia_module_claims.R","1508: mapped_protein_group_count = sum(z$mapping_status == ""mapped"", na.rm = TRUE),","NAMESPACE_BASENAME","mapped","","DOWNSTREAM_ANALYSIS","active",TRUE,"MEDIUM",""
"map_protein_identifiers","pRoteomics","analysis/differential_abundance/run_clusterprofiler_enrichment.R","904: legacy_mapped_dir <- normalizePath(path_processed(""02_id_mapping"", ""mapped"", ""forward"", ""per_file""), winslash = ""/"", mustWork = FALSE)","NAMESPACE_BASENAME","02_id_mapping","normalizePath","INDIRECT_READER_VIA_HELPER","active",TRUE,"HIGH",""
"map_protein_identifiers","pRoteomics","analysis/differential_abundance/run_clusterprofiler_enrichment.R","904: legacy_mapped_dir <- normalizePath(path_processed(""02_id_mapping"", ""mapped"", ""forward"", ""per_file""), winslash = ""/"", mustWork = FALSE)","NAMESPACE_BASENAME","mapped","normalizePath","INDIRECT_READER_VIA_HELPER","active",TRUE,"HIGH",""
"map_protein_identifiers","pRoteomics","analysis/publication_source_data/validate_pride_submission.R","76: ""tables"", ""mapped"", ""forward"", ""per_file"")","NAMESPACE_BASENAME","mapped","repo_path","INDIRECT_READER_VIA_HELPER","active",TRUE,"HIGH",""
"map_protein_identifiers","pRoteomics","analysis/spatial_networks/render_network_chord_diagram.R","40: in_dir  <- path_processed(""02_id_mapping"", ""mapped"", ""neuron-phenotypeWithinUnit"")","NAMESPACE_BASENAME","02_id_mapping","path_processed","INDIRECT_READER_VIA_HELPER","active",TRUE,"HIGH",""
"map_protein_identifiers","pRoteomics","analysis/spatial_networks/render_network_chord_diagram.R","40: in_dir  <- path_processed(""02_id_mapping"", ""mapped"", ""neuron-phenotypeWithinUnit"")","NAMESPACE_BASENAME","mapped","path_processed","INDIRECT_READER_VIA_HELPER","active",TRUE,"HIGH",""
"map_protein_identifiers","pRoteomics","analysis/spatial_validation/quantify_neuropil_precision.R","60: DA_DIR <- path_processed(""02_id_mapping_animal_level"", ""mapped"", DS, ""forward"", ""per_file"")","NAMESPACE_BASENAME","mapped","path_processed","INDIRECT_READER_VIA_HELPER","active",TRUE,"HIGH",""
"map_protein_identifiers","pRoteomics","audits/preprocessing/01b_animal_level_mapping_audit.r","75: mapped_dir <- file.path(corrected_mapping_root, ""mapped"", dataset, direction, ""per_file"")","NAMESPACE_BASENAME","mapped","file.path","INDIRECT_READER_VIA_HELPER","active",TRUE,"HIGH",""
"map_protein_identifiers","pRoteomics","audits/preprocessing/01b_animal_level_mapping_audit.r","79: legacy_mapped_dir <- file.path(legacy_mapping_root, ""mapped"", dataset, direction, ""per_file"")","NAMESPACE_BASENAME","mapped","file.path","INDIRECT_READER_VIA_HELPER","active",TRUE,"HIGH",""
"map_protein_identifiers","pRoteomics","audits/preprocessing/01b_animal_level_mapping_audit.r","116: failure <- c(failure, ""missing corrected mapped/unmapped/member-bridge output"")","NAMESPACE_BASENAME","mapped","file.path","INDIRECT_READER_VIA_HELPER","active",TRUE,"HIGH",""
"map_protein_identifiers","pRoteomics","audits/preprocessing/01b_animal_level_mapping_audit.r","159: mapped_count <- sum(mapped_status == ""mapped"", na.rm = TRUE)","NAMESPACE_BASENAME","mapped","file.path","INDIRECT_READER_VIA_HELPER","active",TRUE,"HIGH",""
"map_protein_identifiers","pRoteomics","R/data_contracts/mapping_branch_utils.R","41: if (legacy_mode) path_processed(""02_id_mapping_legacy"") else path_processed(""02_id_mapping"")","NAMESPACE_BASENAME","02_id_mapping","","INDIRECT_READER_VIA_HELPER","active",TRUE,"MEDIUM",""
"map_protein_identifiers","pRoteomics","R/data_contracts/mapping_branch_utils.R","57: default_root <- path_processed(""02_id_mapping"")","NAMESPACE_BASENAME","02_id_mapping","","INDIRECT_READER_VIA_HELPER","active",TRUE,"MEDIUM",""
"map_protein_identifiers","pRoteomics","R/data_contracts/mapping_branch_utils.R","59: return(""02_id_mapping"")","NAMESPACE_BASENAME","02_id_mapping","","INDIRECT_READER_VIA_HELPER","active",TRUE,"MEDIUM",""
"map_protein_identifiers","pRoteomics","R/data_contracts/mapping_branch_utils.R","95: mapped_dataset_dir = preprocessing_mapping_dir(""mapped"", dataset, direction,","NAMESPACE_BASENAME","mapped","","INDIRECT_READER_VIA_HELPER","active",TRUE,"MEDIUM",""
"map_protein_identifiers","pRoteomics","R/data_contracts/mapping_branch_utils.R","102: mapped_dir = preprocessing_mapping_dir(""mapped"", dataset, direction,","NAMESPACE_BASENAME","mapped","","INDIRECT_READER_VIA_HELPER","active",TRUE,"MEDIUM",""
"map_protein_identifiers","pRoteomics","R/data_contracts/protein_mapping_utils.R","422: mapped_col <- intersect(c(""mapped_gene_symbol"", ""mapped"", ""mapped_id"", ""final_accession"", ""accession"", ""uniprot"", ""uniprot_accession""), names(mm))","NAMESPACE_BASENAME","mapped","","INDIRECT_READER_VIA_HELPER","active",TRUE,"MEDIUM",""
"map_protein_identifiers","pRoteomics","R/data_contracts/protein_mapping_utils.R","765: member_mapping_status = ifelse(!is.na(acc) && nzchar(acc), ""mapped"", ""unmapped""),","NAMESPACE_BASENAME","mapped","","INDIRECT_READER_VIA_HELPER","active",TRUE,"MEDIUM",""
"map_protein_identifiers","pRoteomics","R/data_contracts/protein_mapping_utils.R","776: mapped <- member_bridge[member_bridge$member_mapping_status == ""mapped"", , drop = FALSE]","NAMESPACE_BASENAME","mapped","","INDIRECT_READER_VIA_HELPER","active",TRUE,"MEDIUM",""
"map_protein_identifiers","pRoteomics","R/data_contracts/protein_mapping_utils.R","783: partially_mapped <- n_mapped > 0 && any(member_bridge$member_mapping_status != ""mapped"")","NAMESPACE_BASENAME","mapped","","INDIRECT_READER_VIA_HELPER","active",TRUE,"MEDIUM",""
"map_protein_identifiers","pRoteomics","R/data_contracts/protein_mapping_utils.R","806: mapped <- member_bridge[member_bridge$member_mapping_status == ""mapped"", , drop = FALSE]","NAMESPACE_BASENAME","mapped","","INDIRECT_READER_VIA_HELPER","active",TRUE,"MEDIUM",""
"map_protein_identifiers","pRoteomics","R/data_contracts/protein_mapping_utils.R","1027: n_unmapped_members = sum(bridge$member_mapping_status != ""mapped""),","NAMESPACE_BASENAME","mapped","","INDIRECT_READER_VIA_HELPER","active",TRUE,"MEDIUM",""
"map_protein_identifiers","pRoteomics","R/data_contracts/protein_mapping_utils.R","1040: sum(bridge$member_mapping_status != ""mapped"") > 0 ~ ""partially_mapped"",","NAMESPACE_BASENAME","mapped","","INDIRECT_READER_VIA_HELPER","active",TRUE,"MEDIUM",""
"map_protein_identifiers","pRoteomics","R/data_contracts/protein_mapping_utils.R","1041: TRUE ~ ""mapped""","NAMESPACE_BASENAME","mapped","","INDIRECT_READER_VIA_HELPER","active",TRUE,"MEDIUM",""
"map_protein_identifiers","pRoteomics","R/data_contracts/protein_mapping_utils.R","1351: mapping_status = dplyr::if_else(!is.na(.data$resolved_uniprot) & nzchar(.data$resolved_uniprot), ""mapped"", ""unmapped"")","NAMESPACE_BASENAME","mapped","","INDIRECT_READER_VIA_HELPER","active",TRUE,"MEDIUM",""
"map_protein_identifiers","pRoteomics","R/data_contracts/protein_mapping_utils.R","1356: dplyr::filter(.data$mapping_status == ""mapped"") |>","NAMESPACE_BASENAME","mapped","","INDIRECT_READER_VIA_HELPER","active",TRUE,"MEDIUM",""
"map_protein_identifiers","pRoteomics","R/preprocessing/preprocessing_paths.R","326: default_root = path_processed(""02_id_mapping"")) {","NAMESPACE_BASENAME","02_id_mapping","","INDIRECT_READER_VIA_HELPER","active",TRUE,"MEDIUM",""
"map_protein_identifiers","pRoteomics","R/preprocessing/preprocessing_paths.R","343: default_root = path_processed(""02_id_mapping""),","NAMESPACE_BASENAME","02_id_mapping","","INDIRECT_READER_VIA_HELPER","active",TRUE,"MEDIUM",""
"map_protein_identifiers","pRoteomics","R/preprocessing/preprocessing_paths.R","344: namespace = ""02_id_mapping"") {","NAMESPACE_BASENAME","02_id_mapping","","INDIRECT_READER_VIA_HELPER","active",TRUE,"MEDIUM",""
"map_protein_identifiers","pRoteomics","R/preprocessing/preprocessing_paths.R","365: default_root = path_processed(""02_id_mapping"")) {","NAMESPACE_BASENAME","02_id_mapping","","INDIRECT_READER_VIA_HELPER","active",TRUE,"MEDIUM",""
"map_protein_identifiers","pRoteomics","R/preprocessing/preprocessing_paths.R","347: return(unname(pp_join(path_results(kind, namespace, ""MapThatProt_batch""), dataset)))","NAMESPACE_BASENAME","MapThatProt_batch","","INDIRECT_READER_VIA_HELPER","active",TRUE,"MEDIUM",""
"map_protein_identifiers","pRoteomics","R/preprocessing/preprocessing_paths.R","212: preprocessing_mapping_dir_find(""mapped"", dataset, direction)","NAMESPACE_BASENAME","mapped","","INDIRECT_READER_VIA_HELPER","active",TRUE,"MEDIUM",""
"map_protein_identifiers","pRoteomics","R/qc/empirical_roi_marker_utils.R","346: fully_mapped <- as.character(feature_table$mapping_status) == ""mapped"" & empirical_roi_nonempty(accessions)","NAMESPACE_BASENAME","mapped","","INDIRECT_READER_VIA_HELPER","active",TRUE,"MEDIUM",""
"map_protein_identifiers","pRoteomics","R/qc/empirical_roi_marker_utils.R","432: .data$global_mapping_status == ""mapped"",","NAMESPACE_BASENAME","mapped","","INDIRECT_READER_VIA_HELPER","active",TRUE,"MEDIUM",""
"map_protein_identifiers","pRoteomics","R/spatial/control_spatial_identity_utils.R","585: ifelse(is.na(candidates$canonical_official_gene_symbol), ""unmapped"", ""mapped"")","NAMESPACE_BASENAME","mapped","","INDIRECT_READER_VIA_HELPER","active",TRUE,"MEDIUM",""
"map_protein_identifiers","pRoteomics","R/spatial/control_spatial_identity_utils.R","594: mapped_keys <- unique(candidates$gene_match_key[candidates$gene_mapping_status == ""mapped""])","NAMESPACE_BASENAME","mapped","","INDIRECT_READER_VIA_HELPER","active",TRUE,"MEDIUM",""
"map_protein_identifiers","pRoteomics","R/spatial/control_spatial_identity_utils.R","595: mapped_symbols <- unique(candidates$canonical_official_gene_symbol[candidates$gene_mapping_status == ""mapped""])","NAMESPACE_BASENAME","mapped","","INDIRECT_READER_VIA_HELPER","active",TRUE,"MEDIUM",""
"map_protein_identifiers","pRoteomics","R/spatial/control_spatial_identity_utils.R","607: mapping_status = if (mapped_n < mapped_gene_threshold) ""below_mapping_threshold"" else ""mapped"",","NAMESPACE_BASENAME","mapped","","INDIRECT_READER_VIA_HELPER","active",TRUE,"MEDIUM",""
"map_protein_identifiers","pRoteomics","R/statistics/sus_res_spatial_dap_atlas_utils.R","125: repository_root, ""data"", ""processed"", ""02_id_mapping"", ""mapped"", dataset,","NAMESPACE_BASENAME","02_id_mapping","file.path","INDIRECT_READER_VIA_HELPER","active",TRUE,"HIGH",""
"map_protein_identifiers","pRoteomics","R/statistics/sus_res_spatial_dap_atlas_utils.R","120: preprocessing_mapping_dir_find(""mapped"", dataset, ""forward""),","NAMESPACE_BASENAME","mapped","file.path","INDIRECT_READER_VIA_HELPER","active",TRUE,"HIGH",""
"map_protein_identifiers","pRoteomics","R/statistics/sus_res_spatial_dap_atlas_utils.R","125: repository_root, ""data"", ""processed"", ""02_id_mapping"", ""mapped"", dataset,","NAMESPACE_BASENAME","mapped","file.path","INDIRECT_READER_VIA_HELPER","active",TRUE,"HIGH",""
"map_protein_identifiers","pRoteomics","R/statistics/wgcna_candidate_protein_utils.R","257: status %in% ""mapped"" &","NAMESPACE_BASENAME","mapped","","INDIRECT_READER_VIA_HELPER","active",TRUE,"MEDIUM",""
"map_protein_identifiers","pRoteomics","R/utilities/export_helpers.R","776: grepl(""/02_id_mapping/"", p)) return(""protein_id_mapping"")","NAMESPACE_BASENAME","02_id_mapping","grepl","INDIRECT_READER_VIA_HELPER","active",TRUE,"MEDIUM",""
"map_protein_identifiers","pRoteomics","tests/testthat/test-ca2-slm-robustness.R","15: DA_FILE <- path_processed(""02_id_mapping"", ""mapped"", ""neuron_neuropil"", ""forward"",","TEST_FRAGMENT","02_id_mapping","path_processed","TEST","active",TRUE,"HIGH",""
"map_protein_identifiers","pRoteomics","tests/testthat/test-ca2-slm-robustness.R","15: DA_FILE <- path_processed(""02_id_mapping"", ""mapped"", ""neuron_neuropil"", ""forward"",","TEST_FRAGMENT","mapped","path_processed","TEST","active",TRUE,"HIGH",""
"map_protein_identifiers","pRoteomics","tests/testthat/test-control-spatial-identity.R","104: p <- data.frame(ProteinGroupID=""P1"",original_identifier=""x"",member_accessions=""P1"",member_gene_symbols=""A"",representative_accession=""P1"",representative_gene_s","TEST_FRAGMENT","mapped","","TEST","active",TRUE,"MEDIUM",""
"map_protein_identifiers","pRoteomics","tests/testthat/test-empirical-roi-marker-discovery.R","93: mapping_status = c(""mapped"", ""mapped"", ""partially_mapped""),","TEST_FRAGMENT","mapped","","TEST","active",TRUE,"MEDIUM",""
"map_protein_identifiers","pRoteomics","tests/testthat/test-empirical-roi-marker-discovery.R","124: member_accessions = c(""P00001"", ""P00002""), mapping_status = ""mapped"",","TEST_FRAGMENT","mapped","","TEST","active",TRUE,"MEDIUM",""
"map_protein_identifiers","pRoteomics","tests/testthat/test-immunostaining-candidate-comparison.R","58: da_dir <- repo(""data"", ""processed"", ""02_id_mapping"", ""mapped"",","TEST_FRAGMENT","02_id_mapping","","TEST","active",TRUE,"MEDIUM",""
"map_protein_identifiers","pRoteomics","tests/testthat/test-immunostaining-candidate-comparison.R","159: da_dir <- repo(""data"", ""processed"", ""02_id_mapping"", ""mapped"",","TEST_FRAGMENT","02_id_mapping","","TEST","active",TRUE,"MEDIUM",""
"map_protein_identifiers","pRoteomics","tests/testthat/test-immunostaining-candidate-comparison.R","290: da_dir <- repo(""data"", ""processed"", ""02_id_mapping"", ""mapped"",","TEST_FRAGMENT","02_id_mapping","","TEST","active",TRUE,"MEDIUM",""
"map_protein_identifiers","pRoteomics","tests/testthat/test-immunostaining-candidate-comparison.R","58: da_dir <- repo(""data"", ""processed"", ""02_id_mapping"", ""mapped"",","TEST_FRAGMENT","mapped","","TEST","active",TRUE,"MEDIUM",""
"map_protein_identifiers","pRoteomics","tests/testthat/test-immunostaining-candidate-comparison.R","159: da_dir <- repo(""data"", ""processed"", ""02_id_mapping"", ""mapped"",","TEST_FRAGMENT","mapped","","TEST","active",TRUE,"MEDIUM",""
"map_protein_identifiers","pRoteomics","tests/testthat/test-immunostaining-candidate-comparison.R","290: da_dir <- repo(""data"", ""processed"", ""02_id_mapping"", ""mapped"",","TEST_FRAGMENT","mapped","","TEST","active",TRUE,"MEDIUM",""
"map_protein_identifiers","pRoteomics","tests/testthat/test-integration-writer-namespace.R","35: PENDING_STAGES <- c(""06_modules_WGCNA"", ""01_preprocessing"", ""02_id_mapping"")","TEST_FRAGMENT","02_id_mapping","","TEST","active",TRUE,"MEDIUM",""
"map_protein_identifiers","pRoteomics","tests/testthat/test-mapping-branch-utils.R","15: normalizePath(path_processed(""02_id_mapping""), winslash = ""/"", mustWork = FALSE)","TEST_FRAGMENT","02_id_mapping","expect_identical","TEST","active",TRUE,"MEDIUM",""
"map_protein_identifiers","pRoteomics","tests/testthat/test-mapping-branch-utils.R","20: normalizePath(path_processed(""02_id_mapping"", ""mapped"", ""microglia"", ""forward"", ""per_file""), winslash = ""/"", mustWork = FALSE)","TEST_FRAGMENT","02_id_mapping","expect_identical","TEST","active",TRUE,"MEDIUM",""
"map_protein_identifiers","pRoteomics","tests/testthat/test-mapping-branch-utils.R","22: testthat::expect_identical(paths$analysis_namespace, ""02_id_mapping"")","TEST_FRAGMENT","02_id_mapping","expect_identical","TEST","active",TRUE,"MEDIUM",""
"map_protein_identifiers","pRoteomics","tests/testthat/test-mapping-branch-utils.R","28: testthat::expect_false(mapping_paths_equal(roots$mapping_output_root, path_processed(""02_id_mapping"")))","TEST_FRAGMENT","02_id_mapping","expect_identical","TEST","active",TRUE,"MEDIUM",""
"map_protein_identifiers","pRoteomics","tests/testthat/test-mapping-branch-utils.R","46: testthat::expect_false(mapping_paths_equal(paths$mapped_dir, path_processed(""02_id_mapping"", ""mapped"", ""neuron_soma"", ""forward"", ""per_file"")))","TEST_FRAGMENT","02_id_mapping","expect_identical","TEST","active",TRUE,"MEDIUM",""
"map_protein_identifiers","pRoteomics","tests/testthat/test-mapping-branch-utils.R","88: canonical <- normalizePath(path_processed(""02_id_mapping""), winslash = ""/"", mustWork = FALSE)","TEST_FRAGMENT","02_id_mapping","expect_identical","TEST","active",TRUE,"MEDIUM",""
"map_protein_identifiers","pRoteomics","tests/testthat/test-mapping-branch-utils.R","20: normalizePath(path_processed(""02_id_mapping"", ""mapped"", ""microglia"", ""forward"", ""per_file""), winslash = ""/"", mustWork = FALSE)","TEST_FRAGMENT","mapped","expect_identical","TEST","active",TRUE,"MEDIUM",""
"map_protein_identifiers","pRoteomics","tests/testthat/test-mapping-branch-utils.R","43: normalizePath(path_processed(""02_id_mapping_animal_level"", ""mapped"", ""neuron_soma"", ""forward"", ""per_file""), winslash = ""/"", mustWork = FALSE)","TEST_FRAGMENT","mapped","expect_identical","TEST","active",TRUE,"MEDIUM",""
"map_protein_identifiers","pRoteomics","tests/testthat/test-mapping-branch-utils.R","46: testthat::expect_false(mapping_paths_equal(paths$mapped_dir, path_processed(""02_id_mapping"", ""mapped"", ""neuron_soma"", ""forward"", ""per_file"")))","TEST_FRAGMENT","mapped","expect_identical","TEST","active",TRUE,"MEDIUM",""
"map_protein_identifiers","pRoteomics","tests/testthat/test-mapping-branch-utils.R","55: testthat::expect_match(normalizePath(paths$mapped_dir, winslash = ""/"", mustWork = FALSE), paste0(""/mapped/"", dataset, ""/"", direction, ""/per_file$""))","TEST_FRAGMENT","mapped","expect_identical","TEST","active",TRUE,"MEDIUM",""
"map_protein_identifiers","pRoteomics","tests/testthat/test-preprocessing-writer-namespace.R","22: LEGACY_NS <- c(""01_preprocessing"", ""02_id_mapping"")","TEST_FRAGMENT","02_id_mapping","file.path","TEST","active",TRUE,"HIGH",""
"map_protein_identifiers","pRoteomics","tests/testthat/test-preprocessing-writer-namespace.R","499: hist <- file.path(root, ""data"", ""processed"", ""02_id_mapping"", ""mapped"",","TEST_FRAGMENT","02_id_mapping","file.path","TEST","active",TRUE,"HIGH",""
"map_protein_identifiers","pRoteomics","tests/testthat/test-preprocessing-writer-namespace.R","544: for (h in cons[grepl(""02_id_mapping/mapped"", cons, fixed = TRUE) |","TEST_FRAGMENT","02_id_mapping","file.path","TEST","active",TRUE,"HIGH",""
"map_protein_identifiers","pRoteomics","tests/testthat/test-preprocessing-writer-namespace.R","341: mp <- preprocessing_mapping_dir(""mapped"", ""microglia"", ""reverse"")","TEST_FRAGMENT","mapped","expect_true","TEST","active",TRUE,"MEDIUM",""
"map_protein_identifiers","pRoteomics","tests/testthat/test-preprocessing-writer-namespace.R","343: mp, ""map_protein_identifiers/microglia/tables/mapped/reverse/per_file""))","TEST_FRAGMENT","mapped","expect_true","TEST","active",TRUE,"MEDIUM",""
"map_protein_identifiers","pRoteomics","tests/testthat/test-preprocessing-writer-namespace.R","352: q <- preprocessing_mapping_dir(""mapped"", ""neuron_neuropil"", ""forward"", leaf = NULL)","TEST_FRAGMENT","mapped","expect_true","TEST","active",TRUE,"MEDIUM",""
"map_protein_identifiers","pRoteomics","tests/testthat/test-preprocessing-writer-namespace.R","498: ""neuron_neuropil"", ""tables"", ""mapped"", ""forward"", ""per_file"")","TEST_FRAGMENT","mapped","expect_true","TEST","active",TRUE,"MEDIUM",""
"map_protein_identifiers","pRoteomics","tests/testthat/test-preprocessing-writer-namespace.R","499: hist <- file.path(root, ""data"", ""processed"", ""02_id_mapping"", ""mapped"",","TEST_FRAGMENT","mapped","expect_true","TEST","active",TRUE,"MEDIUM",""
"map_protein_identifiers","pRoteomics","tests/testthat/test-preprocessing-writer-namespace.R","646: m <- preprocessing_mapping_dir(""mapped"", ""neuron_neuropil"", ""forward"", root = ov)","TEST_FRAGMENT","mapped","expect_true","TEST","active",TRUE,"MEDIUM",""
"map_protein_identifiers","pRoteomics","tests/testthat/test-preprocessing-writer-namespace.R","648: m, file.path(""replay_root"", ""mapped"", ""neuron_neuropil"", ""forward"", ""per_file"")))","TEST_FRAGMENT","mapped","expect_true","TEST","active",TRUE,"MEDIUM",""
"map_protein_identifiers","pRoteomics","tests/testthat/test-protein-group-enrichment-utils.R","9: gene_level_claim_allowed = c(TRUE, TRUE, FALSE, FALSE, FALSE), protein_level_claim_allowed = FALSE, mapping_status = ""mapped"",","TEST_FRAGMENT","mapped","","TEST","active",TRUE,"MEDIUM",""
"map_protein_identifiers","pRoteomics","tests/testthat/test-protein-group-enrichment-utils.R","47: mapping_status = ""mapped"", official_gene_symbol = ""A"", official_entrez_id = ""1"",","TEST_FRAGMENT","mapped","","TEST","active",TRUE,"MEDIUM",""
"map_protein_identifiers","pRoteomics","tests/testthat/test-protein-group-enrichment-utils.R","168: gene_level_claim_allowed = TRUE, protein_level_claim_allowed = TRUE, mapping_status = ""mapped"",","TEST_FRAGMENT","mapped","","TEST","active",TRUE,"MEDIUM",""
"map_protein_identifiers","pRoteomics","tests/testthat/test-schema-validation.R","118: mapping_status = ""mapped"",","TEST_FRAGMENT","mapped","","TEST","active",TRUE,"MEDIUM",""
"map_protein_identifiers","pRoteomics","tests/testthat/test-schema-validation.R","152: mapping_status = ""mapped"",","TEST_FRAGMENT","mapped","","TEST","active",TRUE,"MEDIUM",""
"map_protein_identifiers","pRoteomics","tests/testthat/test-spatial-network-dataset-awareness.R","28: testthat::expect_true(any(grepl(""data/processed/02_id_mapping/mapped/<dataset>/forward/per_file/*.csv"", producer$consumes_required, fixed = TRUE)))","TEST_FRAGMENT","data/processed/02_id_mapping/mapped/<dataset>/forward/per_file/*.csv","expect_true","TEST","active",TRUE,"MEDIUM",""
"map_protein_identifiers","pRoteomics","tests/testthat/test-spatial-network-dataset-awareness.R","28: testthat::expect_true(any(grepl(""data/processed/02_id_mapping/mapped/<dataset>/forward/per_file/*.csv"", producer$consumes_required, fixed = TRUE)))","TEST_FRAGMENT","02_id_mapping","expect_true","TEST","active",TRUE,"MEDIUM",""
"map_protein_identifiers","pRoteomics","tests/testthat/test-spatial-network-dataset-awareness.R","28: testthat::expect_true(any(grepl(""data/processed/02_id_mapping/mapped/<dataset>/forward/per_file/*.csv"", producer$consumes_required, fixed = TRUE)))","TEST_FRAGMENT","mapped","expect_true","TEST","active",TRUE,"MEDIUM",""
"map_protein_identifiers","pRoteomics","tests/testthat/test-sus-res-spatial-dap-atlas.R","18: mapping_status = ""mapped"",","TEST_FRAGMENT","mapped","","TEST","active",TRUE,"MEDIUM",""
"map_protein_identifiers","pRoteomics","tests/testthat/test-wgcna-candidate-protein-shortlist.R","15: mapping_status = ""mapped"",","TEST_FRAGMENT","mapped","","TEST","active",TRUE,"MEDIUM",""
"map_protein_identifiers","pRoteomics","tests/testthat/test-wgcna-candidate-protein-shortlist.R","108: mapping_status = c(""mapped"", ""mapped"", ""mapped"", ""unmapped"", ""mapped""),","TEST_FRAGMENT","mapped","","TEST","active",TRUE,"MEDIUM",""
"map_protein_identifiers","pRoteomics","tests/testthat/test-wgcna-module-id-palette.R","46: mapping_status = ""mapped"",","TEST_FRAGMENT","mapped","","TEST","active",TRUE,"MEDIUM",""
"map_protein_identifiers","pRoteomics","tests/testthat/test-wgcna-module-id-palette.R","94: mapping_status = ""mapped"",","TEST_FRAGMENT","mapped","","TEST","active",TRUE,"MEDIUM",""
"map_protein_identifiers","pRoteomics","pipeline.yml","33: - script: ""analysis/preprocessing/map_protein_identifiers.R""","ANALYSIS_REFERENCE","map_protein_identifiers","","CONFIG","active",FALSE,"MEDIUM",""
"map_protein_identifiers","pRoteomics","pipeline.yml","38: produces: [""results/preprocessing/map_protein_identifiers/<dataset>/tables/mapped/forward/per_file/*.csv"", ""results/preprocessing/map_protein_identifier","ANALYSIS_REFERENCE","map_protein_identifiers","","CONFIG","active",FALSE,"MEDIUM",""
"map_protein_identifiers","pRoteomics","pipeline.yml","114: consumes_required: [""results/preprocessing/map_protein_identifiers/<dataset>/tables/mapped/forward/per_file/*.csv"", ""data/processed/02_id_mapping/mapped","REGISTRY_DEPENDENCY","map_protein_identifiers","","CONFIG","active",FALSE,"HIGH",""
"map_protein_identifiers","pRoteomics","pipeline.yml","136: consumes_required: [""results/preprocessing/map_protein_identifiers/<dataset>/tables/mapped/forward/per_file/*.csv"", ""data/processed/02_id_mapping/mapped","REGISTRY_DEPENDENCY","map_protein_identifiers","","CONFIG","active",FALSE,"HIGH",""
"map_protein_identifiers","pRoteomics","pipeline.yml","147: consumes_required: [""results/preprocessing/map_protein_identifiers/<dataset>/tables/mapped/forward/per_file/*.csv"", ""data/processed/02_id_mapping/mapped","REGISTRY_DEPENDENCY","map_protein_identifiers","","CONFIG","active",FALSE,"HIGH",""
"map_protein_identifiers","pRoteomics","pipeline.yml","180: consumes_required: [""results/preprocessing/map_protein_identifiers/<dataset>/tables/mapped/forward/per_file/*.csv"", ""data/processed/02_id_mapping/mapped","REGISTRY_DEPENDENCY","map_protein_identifiers","","CONFIG","active",FALSE,"HIGH",""
"map_protein_identifiers","pRoteomics","pipeline.yml","191: consumes_required: [""results/preprocessing/map_protein_identifiers/<dataset>/tables/mapped/forward/per_file/*.csv"", ""data/processed/02_id_mapping/mapped","REGISTRY_DEPENDENCY","map_protein_identifiers","","CONFIG","active",FALSE,"HIGH",""
"map_protein_identifiers","pRoteomics","pipeline.yml","241: consumes_required: [""results/preprocessing/map_protein_identifiers/<dataset>/tables/mapped/forward/per_file/*.csv"", ""data/processed/02_id_mapping/mapped","REGISTRY_DEPENDENCY","map_protein_identifiers","","CONFIG","active",FALSE,"HIGH",""
"map_protein_identifiers","pRoteomics","pipeline.yml","252: consumes_required: [""results/differential_abundance/run_clusterprofiler_enrichment/<dataset>/models/clusterProfiler_manifest.csv"", ""data/processed/04_di","REGISTRY_DEPENDENCY","map_protein_identifiers","","CONFIG","active",FALSE,"HIGH",""
"map_protein_identifiers","pRoteomics","pipeline.yml","423: consumes_required: [""results/tables/06_modules_WGCNA/01_WGCNA/<dataset>/modules/"", ""results/preprocessing/map_protein_identifiers/<dataset>/tables/mappe","REGISTRY_DEPENDENCY","map_protein_identifiers","","CONFIG","active",FALSE,"HIGH",""
"map_protein_identifiers","pRoteomics","pipeline.yml","436: consumes_required: [""results/tables/06_modules_WGCNA/01_WGCNA/<dataset>/modules/"", ""results/preprocessing/map_protein_identifiers/<dataset>/tables/mappe","REGISTRY_DEPENDENCY","map_protein_identifiers","","CONFIG","active",FALSE,"HIGH",""
"map_protein_identifiers","pRoteomics","pipeline.yml","772: consumes_required: [""results/preprocessing/map_protein_identifiers/<dataset>/tables/mapped/forward/per_file/*.csv"", ""data/processed/02_id_mapping/mapped","REGISTRY_DEPENDENCY","map_protein_identifiers","","CONFIG","active",FALSE,"HIGH",""
"map_protein_identifiers","pRoteomics","pipeline.yml","1140: - ""results/preprocessing/map_protein_identifiers/neuron_neuropil/tables/mapped/forward/per_file/CA2slmsus_CA2slmres.csv""","ANALYSIS_REFERENCE","map_protein_identifiers","","CONFIG","active",FALSE,"MEDIUM",""
"map_protein_identifiers","pRoteomics","pipeline.yml","1176: - ""results/preprocessing/map_protein_identifiers/neuron_neuropil/tables/mapped/forward/per_file/""","ANALYSIS_REFERENCE","map_protein_identifiers","","CONFIG","active",FALSE,"MEDIUM",""
"map_protein_identifiers","pRoteomics","pipeline.yml","1194: - ""results/preprocessing/map_protein_identifiers/neuron_neuropil/tables/mapped/forward/per_file/CA2slmsus_CA2slmres.csv""","ANALYSIS_REFERENCE","map_protein_identifiers","","CONFIG","active",FALSE,"MEDIUM",""
"map_protein_identifiers","pRoteomics","pipeline.yml","1360: consumes_required: [""data/processed/01_preprocessing/protigy_input_animal_level/neuron_neuropil/neuron_neuropil_animal_level.gct"", ""results/preprocessin","REGISTRY_DEPENDENCY","map_protein_identifiers","","CONFIG","active",FALSE,"HIGH",""
"map_protein_identifiers","pRoteomics","pipeline.yml","1371: consumes_required: [""results/preprocessing/map_protein_identifiers/neuron_neuropil/tables/mapped/forward/per_file/"", ""data/processed/02_id_mapping/mappe","REGISTRY_DEPENDENCY","map_protein_identifiers","","CONFIG","active",FALSE,"HIGH",""
"map_protein_identifiers","pRoteomics","pipeline.yml","1382: consumes_required: [""data/processed/01_preprocessing/protigy_input_animal_level/neuron_neuropil/neuron_neuropil_animal_level.gct"", ""data/raw/pg_matrix/q","REGISTRY_DEPENDENCY","map_protein_identifiers","","CONFIG","active",FALSE,"HIGH",""
"map_protein_identifiers","pRoteomics","pipeline.yml","33: - script: ""analysis/preprocessing/map_protein_identifiers.R""","ANALYSIS_REFERENCE","map_protein_identifiers.R","","CONFIG","active",FALSE,"MEDIUM",""
"map_protein_identifiers","pRoteomics","analysis/differential_abundance/audit_gsea_protein_direction.R","5: # Consumes: required results/differential_abundance/run_clusterprofiler_enrichment/<dataset>/models/clusterProfiler_manifest.csv; data/processed/04_differential","DOCUMENTATION_ONLY","data/processed/02_id_mapping/mapped/<dataset>/forward/per_file/*.csv","","DOCUMENTATION","active",FALSE,"N/A",""
"map_protein_identifiers","pRoteomics","analysis/differential_abundance/audit_gsea_protein_direction.R","5: # Consumes: required results/differential_abundance/run_clusterprofiler_enrichment/<dataset>/models/clusterProfiler_manifest.csv; data/processed/04_differential","DOCUMENTATION_ONLY","02_id_mapping","","DOCUMENTATION","active",FALSE,"N/A",""
"map_protein_identifiers","pRoteomics","analysis/differential_abundance/audit_gsea_protein_direction.R","5: # Consumes: required results/differential_abundance/run_clusterprofiler_enrichment/<dataset>/models/clusterProfiler_manifest.csv; data/processed/04_differential","DOCUMENTATION_ONLY","mapped","","DOCUMENTATION","active",FALSE,"N/A",""
"map_protein_identifiers","pRoteomics","analysis/differential_abundance/compare_go_enrichment.R","15: #'   - mapped/log2FC contrast CSVs listed in that manifest","DOCUMENTATION_ONLY","mapped","","DOCUMENTATION","active",FALSE,"N/A",""
"map_protein_identifiers","pRoteomics","analysis/differential_abundance/run_clusterprofiler_enrichment.R","5: # Consumes: required data/processed/02_id_mapping/mapped/<dataset>/forward/per_file/*.csv; optional data/external/MOUSE_10090_idmapping.dat","DOCUMENTATION_ONLY","data/processed/02_id_mapping/mapped/<dataset>/forward/per_file/*.csv","","DOCUMENTATION","active",FALSE,"N/A",""
"map_protein_identifiers","pRoteomics","analysis/differential_abundance/run_clusterprofiler_enrichment.R","5: # Consumes: required data/processed/02_id_mapping/mapped/<dataset>/forward/per_file/*.csv; optional data/external/MOUSE_10090_idmapping.dat","DOCUMENTATION_ONLY","02_id_mapping","normalizePath","DOCUMENTATION","active",FALSE,"HIGH",""
"map_protein_identifiers","pRoteomics","analysis/differential_abundance/run_clusterprofiler_enrichment.R","13: #'   - mapped contrast CSVs from data/processed/02_id_mapping/... (configurable)","DOCUMENTATION_ONLY","02_id_mapping","normalizePath","DOCUMENTATION","active",FALSE,"HIGH",""
"map_protein_identifiers","pRoteomics","analysis/differential_abundance/run_clusterprofiler_enrichment.R","5: # Consumes: required data/processed/02_id_mapping/mapped/<dataset>/forward/per_file/*.csv; optional data/external/MOUSE_10090_idmapping.dat","DOCUMENTATION_ONLY","mapped","normalizePath","DOCUMENTATION","active",FALSE,"HIGH",""
"map_protein_identifiers","pRoteomics","analysis/differential_abundance/run_clusterprofiler_enrichment.R","954: #mapped_data_base <- file.path(working_base, ""Datasets/mapped/baseline_cell_type_profiling/US"")","DOCUMENTATION_ONLY","mapped","normalizePath","DOCUMENTATION","active",FALSE,"HIGH",""
"map_protein_identifiers","pRoteomics","analysis/integration/build_immunostaining_candidates.R","6: # Consumes: required data/processed/01_preprocessing/protigy_input_animal_level/neuron_neuropil/neuron_neuropil_animal_level.gct; data/processed/02_id_mapping/m","DOCUMENTATION_ONLY","02_id_mapping","","DOCUMENTATION","active",FALSE,"N/A",""
"map_protein_identifiers","pRoteomics","analysis/integration/build_immunostaining_candidates.R","6: # Consumes: required data/processed/01_preprocessing/protigy_input_animal_level/neuron_neuropil/neuron_neuropil_animal_level.gct; data/processed/02_id_mapping/m","DOCUMENTATION_ONLY","mapped","","DOCUMENTATION","active",FALSE,"N/A",""
"map_protein_identifiers","pRoteomics","analysis/integration/screen_immunostaining_panel.R","6: # Consumes: required data/processed/02_id_mapping/mapped/neuron_neuropil/forward/per_file/; data/processed/01_preprocessing/protigy_input_animal_level/neuron_ne","DOCUMENTATION_ONLY","02_id_mapping","","DOCUMENTATION","active",FALSE,"N/A",""
"map_protein_identifiers","pRoteomics","analysis/integration/screen_immunostaining_panel.R","6: # Consumes: required data/processed/02_id_mapping/mapped/neuron_neuropil/forward/per_file/; data/processed/01_preprocessing/protigy_input_animal_level/neuron_ne","DOCUMENTATION_ONLY","mapped","","DOCUMENTATION","active",FALSE,"N/A",""
"map_protein_identifiers","pRoteomics","analysis/integration/screen_immunostaining_separation.R","6: # Consumes: required data/processed/01_preprocessing/protigy_input_animal_level/neuron_neuropil/neuron_neuropil_animal_level.gct; data/raw/pg_matrix/quicksearch","DOCUMENTATION_ONLY","02_id_mapping","","DOCUMENTATION","active",FALSE,"N/A",""
"map_protein_identifiers","pRoteomics","analysis/integration/screen_immunostaining_separation.R","6: # Consumes: required data/processed/01_preprocessing/protigy_input_animal_level/neuron_neuropil/neuron_neuropil_animal_level.gct; data/raw/pg_matrix/quicksearch","DOCUMENTATION_ONLY","mapped","","DOCUMENTATION","active",FALSE,"N/A",""
"map_protein_identifiers","pRoteomics","analysis/publication_source_data/validate_pride_submission.R","70: ## Phase 6G.7: map_protein_identifiers writes into the normalized namespace,","DOCUMENTATION_ONLY","map_protein_identifiers","repo_path","DOCUMENTATION","active",FALSE,"HIGH",""
"map_protein_identifiers","pRoteomics","analysis/qc/assess_dataset_quality.R","7: # Consumes: required data/processed/02_id_mapping/mapped/<dataset>/forward/per_file/*.csv; optional data/metadata/*.xlsx","DOCUMENTATION_ONLY","data/processed/02_id_mapping/mapped/<dataset>/forward/per_file/*.csv","","DOCUMENTATION","active",FALSE,"N/A",""
"map_protein_identifiers","pRoteomics","analysis/qc/assess_dataset_quality.R","7: # Consumes: required data/processed/02_id_mapping/mapped/<dataset>/forward/per_file/*.csv; optional data/metadata/*.xlsx","DOCUMENTATION_ONLY","02_id_mapping","","DOCUMENTATION","active",FALSE,"N/A",""
"map_protein_identifiers","pRoteomics","analysis/qc/assess_dataset_quality.R","7: # Consumes: required data/processed/02_id_mapping/mapped/<dataset>/forward/per_file/*.csv; optional data/metadata/*.xlsx","DOCUMENTATION_ONLY","mapped","","DOCUMENTATION","active",FALSE,"N/A",""
"map_protein_identifiers","pRoteomics","analysis/qc/assess_pca_confounding.R","5: # Consumes: required data/processed/02_id_mapping/mapped/<dataset>/forward/per_file/*.csv; optional data/metadata/*.xlsx","DOCUMENTATION_ONLY","data/processed/02_id_mapping/mapped/<dataset>/forward/per_file/*.csv","","DOCUMENTATION","active",FALSE,"N/A",""
"map_protein_identifiers","pRoteomics","analysis/qc/assess_pca_confounding.R","5: # Consumes: required data/processed/02_id_mapping/mapped/<dataset>/forward/per_file/*.csv; optional data/metadata/*.xlsx","DOCUMENTATION_ONLY","02_id_mapping","","DOCUMENTATION","active",FALSE,"N/A",""
"map_protein_identifiers","pRoteomics","analysis/qc/assess_pca_confounding.R","5: # Consumes: required data/processed/02_id_mapping/mapped/<dataset>/forward/per_file/*.csv; optional data/metadata/*.xlsx","DOCUMENTATION_ONLY","mapped","","DOCUMENTATION","active",FALSE,"N/A",""
"map_protein_identifiers","pRoteomics","analysis/qc/assess_replicate_consistency.R","5: # Consumes: required data/processed/02_id_mapping/mapped/<dataset>/forward/per_file/*.csv; optional data/metadata/*.xlsx","DOCUMENTATION_ONLY","data/processed/02_id_mapping/mapped/<dataset>/forward/per_file/*.csv","","DOCUMENTATION","active",FALSE,"N/A",""
"map_protein_identifiers","pRoteomics","analysis/qc/assess_replicate_consistency.R","5: # Consumes: required data/processed/02_id_mapping/mapped/<dataset>/forward/per_file/*.csv; optional data/metadata/*.xlsx","DOCUMENTATION_ONLY","02_id_mapping","","DOCUMENTATION","active",FALSE,"N/A",""
"map_protein_identifiers","pRoteomics","analysis/qc/assess_replicate_consistency.R","5: # Consumes: required data/processed/02_id_mapping/mapped/<dataset>/forward/per_file/*.csv; optional data/metadata/*.xlsx","DOCUMENTATION_ONLY","mapped","","DOCUMENTATION","active",FALSE,"N/A",""
"map_protein_identifiers","pRoteomics","analysis/qc/partition_variance.R","5: # Consumes: required data/processed/02_id_mapping/mapped/<dataset>/forward/per_file/*.csv; optional data/metadata/*.xlsx","DOCUMENTATION_ONLY","data/processed/02_id_mapping/mapped/<dataset>/forward/per_file/*.csv","","DOCUMENTATION","active",FALSE,"N/A",""
"map_protein_identifiers","pRoteomics","analysis/qc/partition_variance.R","5: # Consumes: required data/processed/02_id_mapping/mapped/<dataset>/forward/per_file/*.csv; optional data/metadata/*.xlsx","DOCUMENTATION_ONLY","02_id_mapping","","DOCUMENTATION","active",FALSE,"N/A",""
"map_protein_identifiers","pRoteomics","analysis/qc/partition_variance.R","5: # Consumes: required data/processed/02_id_mapping/mapped/<dataset>/forward/per_file/*.csv; optional data/metadata/*.xlsx","DOCUMENTATION_ONLY","mapped","","DOCUMENTATION","active",FALSE,"N/A",""
"map_protein_identifiers","pRoteomics","analysis/qc/summarize_missingness.R","5: # Consumes: required data/processed/02_id_mapping/mapped/<dataset>/forward/per_file/*.csv; optional data/metadata/*.xlsx","DOCUMENTATION_ONLY","data/processed/02_id_mapping/mapped/<dataset>/forward/per_file/*.csv","","DOCUMENTATION","active",FALSE,"N/A",""
"map_protein_identifiers","pRoteomics","analysis/qc/summarize_missingness.R","5: # Consumes: required data/processed/02_id_mapping/mapped/<dataset>/forward/per_file/*.csv; optional data/metadata/*.xlsx","DOCUMENTATION_ONLY","02_id_mapping","","DOCUMENTATION","active",FALSE,"N/A",""
"map_protein_identifiers","pRoteomics","analysis/qc/summarize_missingness.R","5: # Consumes: required data/processed/02_id_mapping/mapped/<dataset>/forward/per_file/*.csv; optional data/metadata/*.xlsx","DOCUMENTATION_ONLY","mapped","","DOCUMENTATION","active",FALSE,"N/A",""
"map_protein_identifiers","pRoteomics","analysis/spatial_networks/build_spatial_networks.R","5: # Consumes: required data/processed/02_id_mapping/mapped/<dataset>/forward/per_file/*.csv; optional results/tables/06_modules_WGCNA/01_WGCNA/<dataset>/modules/.","DOCUMENTATION_ONLY","data/processed/02_id_mapping/mapped/<dataset>/forward/per_file/*.csv","","DOCUMENTATION","active",FALSE,"N/A",""
"map_protein_identifiers","pRoteomics","analysis/spatial_networks/build_spatial_networks.R","5: # Consumes: required data/processed/02_id_mapping/mapped/<dataset>/forward/per_file/*.csv; optional results/tables/06_modules_WGCNA/01_WGCNA/<dataset>/modules/.","DOCUMENTATION_ONLY","02_id_mapping","","DOCUMENTATION","active",FALSE,"N/A",""
"map_protein_identifiers","pRoteomics","analysis/spatial_networks/build_spatial_networks.R","5: # Consumes: required data/processed/02_id_mapping/mapped/<dataset>/forward/per_file/*.csv; optional results/tables/06_modules_WGCNA/01_WGCNA/<dataset>/modules/.","DOCUMENTATION_ONLY","mapped","","DOCUMENTATION","active",FALSE,"N/A",""
"map_protein_identifiers","pRoteomics","analysis/spatial_networks/render_network_chord_diagram.R","5: # Consumes: required data/processed/02_id_mapping/mapped/neuron-phenotypeWithinUnit/; optional results/tables/07_spatial_networks/.","DOCUMENTATION_ONLY","02_id_mapping","path_processed","DOCUMENTATION","active",FALSE,"HIGH",""
"map_protein_identifiers","pRoteomics","analysis/spatial_networks/render_network_chord_diagram.R","5: # Consumes: required data/processed/02_id_mapping/mapped/neuron-phenotypeWithinUnit/; optional results/tables/07_spatial_networks/.","DOCUMENTATION_ONLY","mapped","path_processed","DOCUMENTATION","active",FALSE,"HIGH",""
"map_protein_identifiers","pRoteomics","analysis/spatial_validation/audit_ca2_slm_robustness.R","52: # Consumes: required data/processed/02_id_mapping/mapped/neuron_neuropil/forward/per_file/CA2slmsus_CA2slmres.csv; data/raw/pg_matrix/quicksearch.pg_matrix.tsv;","DOCUMENTATION_ONLY","02_id_mapping","","DOCUMENTATION","active",FALSE,"N/A",""
"map_protein_identifiers","pRoteomics","analysis/spatial_validation/audit_ca2_slm_robustness.R","52: # Consumes: required data/processed/02_id_mapping/mapped/neuron_neuropil/forward/per_file/CA2slmsus_CA2slmres.csv; data/raw/pg_matrix/quicksearch.pg_matrix.tsv;","DOCUMENTATION_ONLY","mapped","","DOCUMENTATION","active",FALSE,"N/A",""
"map_protein_identifiers","pRoteomics","analysis/spatial_validation/audit_stress_identity_robustness.R","30: # Consumes: required results/spatial_validation/build_protein_spatial_atlas/global/tables/protein_spatial_cell_affinity.csv; results/tables/11_spatial_systems/a","DOCUMENTATION_ONLY","02_id_mapping","","DOCUMENTATION","active",FALSE,"N/A",""
"map_protein_identifiers","pRoteomics","analysis/spatial_validation/audit_stress_identity_robustness.R","30: # Consumes: required results/spatial_validation/build_protein_spatial_atlas/global/tables/protein_spatial_cell_affinity.csv; results/tables/11_spatial_systems/a","DOCUMENTATION_ONLY","mapped","","DOCUMENTATION","active",FALSE,"N/A",""
"map_protein_identifiers","pRoteomics","analysis/spatial_validation/quantify_neuropil_precision.R","28: # Consumes: required data/processed/02_id_mapping_animal_level/mapped/neuron_neuropil/forward/per_file/; optional data/raw/pg_matrix/quicksearch.pg_matrix.tsv;","DOCUMENTATION_ONLY","mapped","path_processed","DOCUMENTATION","active",FALSE,"HIGH",""
"map_protein_identifiers","pRoteomics","analysis/spatial_validation/summarize_ca2_slm_robustness.R","15: # Consumes: required results/spatial_validation/audit_ca2_slm_robustness/global/tables/CA2_SLM_DAP_robustness.csv; results/tables/11_spatial_systems/ca2_slm_rob","DOCUMENTATION_ONLY","02_id_mapping","","DOCUMENTATION","active",FALSE,"N/A",""
"map_protein_identifiers","pRoteomics","analysis/spatial_validation/summarize_ca2_slm_robustness.R","15: # Consumes: required results/spatial_validation/audit_ca2_slm_robustness/global/tables/CA2_SLM_DAP_robustness.csv; results/tables/11_spatial_systems/ca2_slm_rob","DOCUMENTATION_ONLY","mapped","","DOCUMENTATION","active",FALSE,"N/A",""
"map_protein_identifiers","pRoteomics","analysis/wgcna/score_module_activity.R","7: # Consumes: required results/tables/06_modules_WGCNA/01_WGCNA/<dataset>/modules/; data/processed/02_id_mapping/mapped/<dataset>/forward/per_file/*.csv; optional","DOCUMENTATION_ONLY","data/processed/02_id_mapping/mapped/<dataset>/forward/per_file/*.csv","","DOCUMENTATION","active",FALSE,"N/A",""
"map_protein_identifiers","pRoteomics","analysis/wgcna/score_module_activity.R","7: # Consumes: required results/tables/06_modules_WGCNA/01_WGCNA/<dataset>/modules/; data/processed/02_id_mapping/mapped/<dataset>/forward/per_file/*.csv; optional","DOCUMENTATION_ONLY","02_id_mapping","","DOCUMENTATION","active",FALSE,"N/A",""
"map_protein_identifiers","pRoteomics","analysis/wgcna/score_module_activity.R","7: # Consumes: required results/tables/06_modules_WGCNA/01_WGCNA/<dataset>/modules/; data/processed/02_id_mapping/mapped/<dataset>/forward/per_file/*.csv; optional","DOCUMENTATION_ONLY","mapped","","DOCUMENTATION","active",FALSE,"N/A",""
"map_protein_identifiers","pRoteomics","docs/ANALYSIS_ENTRYPOINTS.md","129: | inputs | `results/preprocessing/map_protein_identifiers/<dataset>/tables/mapped/forward/per_file/*.csv`, `data/processed/02_id_mapping/mapped/<dataset>/forwar","FULL_PATH","results/preprocessing/map_protein_identifiers/<dataset>/tables/mapped/forward/per_file/*.csv","","DOCUMENTATION","active",FALSE,"HIGH",""
"map_protein_identifiers","pRoteomics","docs/ANALYSIS_ENTRYPOINTS.md","231: | inputs | `results/preprocessing/map_protein_identifiers/<dataset>/tables/mapped/forward/per_file/*.csv`, `data/processed/02_id_mapping/mapped/<dataset>/forwar","FULL_PATH","results/preprocessing/map_protein_identifiers/<dataset>/tables/mapped/forward/per_file/*.csv","","DOCUMENTATION","active",FALSE,"HIGH",""
"map_protein_identifiers","pRoteomics","docs/ANALYSIS_ENTRYPOINTS.md","129: | inputs | `results/preprocessing/map_protein_identifiers/<dataset>/tables/mapped/forward/per_file/*.csv`, `data/processed/02_id_mapping/mapped/<dataset>/forwar","FULL_PATH","data/processed/02_id_mapping/mapped/<dataset>/forward/per_file/*.csv","","DOCUMENTATION","active",FALSE,"HIGH",""
"map_protein_identifiers","pRoteomics","docs/ANALYSIS_ENTRYPOINTS.md","231: | inputs | `results/preprocessing/map_protein_identifiers/<dataset>/tables/mapped/forward/per_file/*.csv`, `data/processed/02_id_mapping/mapped/<dataset>/forwar","FULL_PATH","data/processed/02_id_mapping/mapped/<dataset>/forward/per_file/*.csv","","DOCUMENTATION","active",FALSE,"HIGH",""
"map_protein_identifiers","pRoteomics","docs/ANALYSIS_ENTRYPOINTS.md","129: | inputs | `results/preprocessing/map_protein_identifiers/<dataset>/tables/mapped/forward/per_file/*.csv`, `data/processed/02_id_mapping/mapped/<dataset>/forwar","NAMESPACE_BASENAME","02_id_mapping","","DOCUMENTATION","active",FALSE,"MEDIUM",""
"map_protein_identifiers","pRoteomics","docs/ANALYSIS_ENTRYPOINTS.md","231: | inputs | `results/preprocessing/map_protein_identifiers/<dataset>/tables/mapped/forward/per_file/*.csv`, `data/processed/02_id_mapping/mapped/<dataset>/forwar","NAMESPACE_BASENAME","02_id_mapping","","DOCUMENTATION","active",FALSE,"MEDIUM",""
"map_protein_identifiers","pRoteomics","docs/ANALYSIS_ENTRYPOINTS.md","129: | inputs | `results/preprocessing/map_protein_identifiers/<dataset>/tables/mapped/forward/per_file/*.csv`, `data/processed/02_id_mapping/mapped/<dataset>/forwar","NAMESPACE_BASENAME","mapped","","DOCUMENTATION","active",FALSE,"MEDIUM",""
"map_protein_identifiers","pRoteomics","docs/ANALYSIS_ENTRYPOINTS.md","231: | inputs | `results/preprocessing/map_protein_identifiers/<dataset>/tables/mapped/forward/per_file/*.csv`, `data/processed/02_id_mapping/mapped/<dataset>/forwar","NAMESPACE_BASENAME","mapped","","DOCUMENTATION","active",FALSE,"MEDIUM",""
"map_protein_identifiers","pRoteomics","docs/ANALYSIS_ENTRYPOINTS.md","39: - `analysis/preprocessing/map_protein_identifiers.R` - stage `core`, scope `dataset_specific`, required","ANALYSIS_REFERENCE","map_protein_identifiers","","DOCUMENTATION","active",FALSE,"MEDIUM",""
"map_protein_identifiers","pRoteomics","docs/ANALYSIS_ENTRYPOINTS.md","129: | inputs | `results/preprocessing/map_protein_identifiers/<dataset>/tables/mapped/forward/per_file/*.csv`, `data/processed/02_id_mapping/mapped/<dataset>/forwar","ANALYSIS_REFERENCE","map_protein_identifiers","","DOCUMENTATION","active",FALSE,"MEDIUM",""
"map_protein_identifiers","pRoteomics","docs/ANALYSIS_ENTRYPOINTS.md","231: | inputs | `results/preprocessing/map_protein_identifiers/<dataset>/tables/mapped/forward/per_file/*.csv`, `data/processed/02_id_mapping/mapped/<dataset>/forwar","ANALYSIS_REFERENCE","map_protein_identifiers","","DOCUMENTATION","active",FALSE,"MEDIUM",""
"map_protein_identifiers","pRoteomics","docs/ANALYSIS_ENTRYPOINTS.md","39: - `analysis/preprocessing/map_protein_identifiers.R` - stage `core`, scope `dataset_specific`, required","ANALYSIS_REFERENCE","map_protein_identifiers.R","","DOCUMENTATION","active",FALSE,"MEDIUM",""
"map_protein_identifiers","pRoteomics","docs/CANONICAL_ANALYSIS_ENTRYPOINTS.md","30: | Protein ID mapping | `analysis/preprocessing/map_protein_identifiers.R` | core |","ANALYSIS_REFERENCE","map_protein_identifiers","","DOCUMENTATION","active",FALSE,"MEDIUM",""
"map_protein_identifiers","pRoteomics","docs/CANONICAL_ANALYSIS_ENTRYPOINTS.md","30: | Protein ID mapping | `analysis/preprocessing/map_protein_identifiers.R` | core |","ANALYSIS_REFERENCE","map_protein_identifiers.R","","DOCUMENTATION","active",FALSE,"MEDIUM",""
"map_protein_identifiers","pRoteomics","docs/current_data_flow.md","65: The current dataset-aware flow is one biological dataset family to one mapped folder to one clusterProfiler manifest/run to one compareGO run. For example, `neu","NAMESPACE_BASENAME","02_id_mapping","","DOCUMENTATION","active",FALSE,"MEDIUM",""
"map_protein_identifiers","pRoteomics","docs/current_data_flow.md","71: This makes the data flow explicit and reproducible while preserving the biological route classification. By default, compareGO consumes only `result_type == GSE","NAMESPACE_BASENAME","02_id_mapping","","DOCUMENTATION","active",FALSE,"MEDIUM",""
"map_protein_identifiers","pRoteomics","docs/current_data_flow.md","141: | `Datasets/mapped`, `mapped`, `unmapped` | `data/processed/02_id_mapping/` | Mapping reports and summaries should also be copied to `results/reports/02_id_mapp","NAMESPACE_BASENAME","02_id_mapping","","DOCUMENTATION","active",FALSE,"MEDIUM",""
"map_protein_identifiers","pRoteomics","docs/current_data_flow.md","171: - `analysis/preprocessing/map_protein_identifiers.R` consumes those split CSVs plus `data/external/MOUSE_10090_idmapping.dat` and writes mapped contrast CSVs to","NAMESPACE_BASENAME","02_id_mapping","","DOCUMENTATION","active",FALSE,"MEDIUM",""
"map_protein_identifiers","pRoteomics","docs/current_data_flow.md","49: `analysis/differential_abundance/compare_go_enrichment.R` then selected one `ont`, `ensemble_profiling` route category and `condition` route unit using hard-cod","NAMESPACE_BASENAME","mapped","","DOCUMENTATION","active",FALSE,"MEDIUM",""
"map_protein_identifiers","pRoteomics","docs/current_data_flow.md","55: - mapped/log2FC files were not formally linked to the enrichment tables","NAMESPACE_BASENAME","mapped","","DOCUMENTATION","active",FALSE,"MEDIUM",""
"map_protein_identifiers","pRoteomics","docs/current_data_flow.md","65: The current dataset-aware flow is one biological dataset family to one mapped folder to one clusterProfiler manifest/run to one compareGO run. For example, `neu","NAMESPACE_BASENAME","mapped","","DOCUMENTATION","active",FALSE,"MEDIUM",""
"map_protein_identifiers","pRoteomics","docs/current_data_flow.md","67: compareGO reads that manifest, requires the `dataset` column unless `legacy_mode: true` is explicitly configured, filters by dataset/ontology/result type/route,","NAMESPACE_BASENAME","mapped","","DOCUMENTATION","active",FALSE,"MEDIUM",""
"map_protein_identifiers","pRoteomics","docs/current_data_flow.md","71: This makes the data flow explicit and reproducible while preserving the biological route classification. By default, compareGO consumes only `result_type == GSE","NAMESPACE_BASENAME","mapped","","DOCUMENTATION","active",FALSE,"MEDIUM",""
"map_protein_identifiers","pRoteomics","docs/current_data_flow.md","171: - `analysis/preprocessing/map_protein_identifiers.R` consumes those split CSVs plus `data/external/MOUSE_10090_idmapping.dat` and writes mapped contrast CSVs to","NAMESPACE_BASENAME","mapped","","DOCUMENTATION","active",FALSE,"MEDIUM",""
"map_protein_identifiers","pRoteomics","docs/current_data_flow.md","154: - `analysis/preprocessing/map_protein_identifiers.R`","ANALYSIS_REFERENCE","map_protein_identifiers","","DOCUMENTATION","active",FALSE,"MEDIUM",""
"map_protein_identifiers","pRoteomics","docs/current_data_flow.md","171: - `analysis/preprocessing/map_protein_identifiers.R` consumes those split CSVs plus `data/external/MOUSE_10090_idmapping.dat` and writes mapped contrast CSVs to","ANALYSIS_REFERENCE","map_protein_identifiers","","DOCUMENTATION","active",FALSE,"MEDIUM",""
"map_protein_identifiers","pRoteomics","docs/current_data_flow.md","154: - `analysis/preprocessing/map_protein_identifiers.R`","ANALYSIS_REFERENCE","map_protein_identifiers.R","","DOCUMENTATION","active",FALSE,"MEDIUM",""
"map_protein_identifiers","pRoteomics","docs/current_data_flow.md","171: - `analysis/preprocessing/map_protein_identifiers.R` consumes those split CSVs plus `data/external/MOUSE_10090_idmapping.dat` and writes mapped contrast CSVs to","ANALYSIS_REFERENCE","map_protein_identifiers.R","","DOCUMENTATION","active",FALSE,"MEDIUM",""
"map_protein_identifiers","pRoteomics","docs/hardcoded_path_inventory.md","18: - `analysis/preprocessing/map_protein_identifiers.R`: refactored in Phase 4; no committed active machine path or `setwd()` remains.","ANALYSIS_REFERENCE","map_protein_identifiers","","DOCUMENTATION","active",FALSE,"MEDIUM",""
"map_protein_identifiers","pRoteomics","docs/hardcoded_path_inventory.md","55: - Already partially/refactored: `analysis/differential_abundance/run_clusterprofiler_enrichment.R`, `analysis/differential_abundance/compare_go_enrichment.R`, `","ANALYSIS_REFERENCE","map_protein_identifiers","","DOCUMENTATION","active",FALSE,"MEDIUM",""
"map_protein_identifiers","pRoteomics","docs/hardcoded_path_inventory.md","18: - `analysis/preprocessing/map_protein_identifiers.R`: refactored in Phase 4; no committed active machine path or `setwd()` remains.","ANALYSIS_REFERENCE","map_protein_identifiers.R","","DOCUMENTATION","active",FALSE,"MEDIUM",""
"map_protein_identifiers","pRoteomics","docs/hardcoded_path_inventory.md","55: - Already partially/refactored: `analysis/differential_abundance/run_clusterprofiler_enrichment.R`, `analysis/differential_abundance/compare_go_enrichment.R`, `","ANALYSIS_REFERENCE","map_protein_identifiers.R","","DOCUMENTATION","active",FALSE,"MEDIUM",""
"map_protein_identifiers","pRoteomics","docs/INPUT_CONTRACTS.md","14: | mapped contrast | `mapped_contrast.yml` | `ProteinGroupID`, complete member provenance, official mouse `official_gene_symbol`/`official_entrez_id`, annotation","NAMESPACE_BASENAME","02_id_mapping","","DOCUMENTATION","active",FALSE,"MEDIUM",""
"map_protein_identifiers","pRoteomics","docs/INPUT_CONTRACTS.md","14: | mapped contrast | `mapped_contrast.yml` | `ProteinGroupID`, complete member provenance, official mouse `official_gene_symbol`/`official_entrez_id`, annotation","NAMESPACE_BASENAME","mapped","","DOCUMENTATION","active",FALSE,"MEDIUM",""
"map_protein_identifiers","pRoteomics","docs/PRIDE_submission_workflow.md","29: - mapped protein/contrast tables from `data/processed/02_id_mapping/`","NAMESPACE_BASENAME","02_id_mapping","","DOCUMENTATION","active",FALSE,"MEDIUM",""
"map_protein_identifiers","pRoteomics","docs/RESULTS_OWNERSHIP.md","73: | `results/preprocessing/map_protein_identifiers/<dataset>` | `map_protein_identifiers.R` | 1 | 2 |","ANALYSIS_REFERENCE","map_protein_identifiers","","DOCUMENTATION","active",FALSE,"MEDIUM",""
"map_protein_identifiers","pRoteomics","docs/RESULTS_OWNERSHIP.md","73: | `results/preprocessing/map_protein_identifiers/<dataset>` | `map_protein_identifiers.R` | 1 | 2 |","ANALYSIS_REFERENCE","map_protein_identifiers.R","","DOCUMENTATION","active",FALSE,"MEDIUM",""
"map_protein_identifiers","pRoteomics","R/preprocessing/preprocessing_paths.R","319: # Historical: data/processed/02_id_mapping/<branch>/<dataset>/<direction>/per_file","DOCUMENTATION_ONLY","02_id_mapping","","DOCUMENTATION","active",FALSE,"N/A",""
"map_protein_identifiers","pRoteomics","R/preprocessing/preprocessing_paths.R","337: # Historical: results/<kind>/<namespace>/MapThatProt_batch/<dataset>/...","DOCUMENTATION_ONLY","MapThatProt_batch","","DOCUMENTATION","active",FALSE,"N/A",""
"map_protein_identifiers","pRoteomics","R/preprocessing/preprocessing_paths.R","286: # map_protein_identifiers() hard-gates on this file, so a reader that only","DOCUMENTATION_ONLY","map_protein_identifiers","canonical_result_path","DOCUMENTATION","active",FALSE,"HIGH",""
"map_protein_identifiers","pRoteomics","R/preprocessing/preprocessing_paths.R","320: # Normalized: results/preprocessing/map_protein_identifiers/<dataset>/tables/<branch>/<direction>/per_file","DOCUMENTATION_ONLY","map_protein_identifiers","canonical_result_path","DOCUMENTATION","active",FALSE,"HIGH",""
"map_protein_identifiers","pRoteomics","R/preprocessing/preprocessing_paths.R","338: # Normalized: results/preprocessing/map_protein_identifiers/<dataset>/<child>/...","DOCUMENTATION_ONLY","map_protein_identifiers","canonical_result_path","DOCUMENTATION","active",FALSE,"HIGH",""
"map_protein_identifiers","pRoteomics","R/utilities/export_helpers.R","714: ## Phase 6G.7: map_protein_identifiers now writes the mapped contrast tables","DOCUMENTATION_ONLY","map_protein_identifiers","repo_path","DOCUMENTATION","active",FALSE,"HIGH",""
"map_protein_identifiers","pRoteomics","R/utilities/export_helpers.R","715: ## into results/preprocessing/map_protein_identifiers/<dataset>/tables, so","DOCUMENTATION_ONLY","map_protein_identifiers","repo_path","DOCUMENTATION","active",FALSE,"HIGH",""
"map_protein_identifiers","pRoteomics","tests/testthat/test-preprocessing-writer-namespace.R","23: # map_protein_identifiers constructs no declared destination itself; the","DOCUMENTATION_ONLY","map_protein_identifiers","expect_true","DOCUMENTATION","active",FALSE,"N/A",""
"map_protein_identifiers","pRoteomics","tests/testthat/test-preprocessing-writer-namespace.R","662: ## independently; map_protein_identifiers hard-gates on the result.","DOCUMENTATION_ONLY","map_protein_identifiers","expect_true","DOCUMENTATION","active",FALSE,"N/A",""
"map_protein_identifiers","pRoteomics","config/results_ownership.csv","53: ""results/preprocessing/map_protein_identifiers/<dataset>"",""results/preprocessing/map_protein_identifiers"",""analysis/preprocessing/map_protein_identifiers.R"","""",","FULL_PATH","results/preprocessing/map_protein_identifiers/<dataset>/tables/mapped/forward/per_file/*.csv","","GENERATED_RECORD","active",FALSE,"HIGH",""
"map_protein_identifiers","pRoteomics","config/results_ownership.csv","53: ""results/preprocessing/map_protein_identifiers/<dataset>"",""results/preprocessing/map_protein_identifiers"",""analysis/preprocessing/map_protein_identifiers.R"","""",","FULL_PATH","results/preprocessing/map_protein_identifiers/<dataset>/tables/mapped/forward/summaries/*.csv","","GENERATED_RECORD","active",FALSE,"HIGH",""
"map_protein_identifiers","pRoteomics","config/results_ownership.csv","53: ""results/preprocessing/map_protein_identifiers/<dataset>"",""results/preprocessing/map_protein_identifiers"",""analysis/preprocessing/map_protein_identifiers.R"","""",","NAMESPACE_BASENAME","mapped","","GENERATED_RECORD","active",FALSE,"MEDIUM",""
"map_protein_identifiers","pRoteomics","config/results_ownership.csv","53: ""results/preprocessing/map_protein_identifiers/<dataset>"",""results/preprocessing/map_protein_identifiers"",""analysis/preprocessing/map_protein_identifiers.R"","""",","ANALYSIS_REFERENCE","map_protein_identifiers","","GENERATED_RECORD","active",FALSE,"MEDIUM",""
"map_protein_identifiers","pRoteomics","config/results_ownership.csv","53: ""results/preprocessing/map_protein_identifiers/<dataset>"",""results/preprocessing/map_protein_identifiers"",""analysis/preprocessing/map_protein_identifiers.R"","""",","ANALYSIS_REFERENCE","map_protein_identifiers.R","","GENERATED_RECORD","active",FALSE,"MEDIUM",""
"map_protein_identifiers","pRoteomics","docs/active_script_io_audit.tsv","5: analysis/preprocessing/map_protein_identifiers.R	active_required	required: results/preprocessing/extract_protigy_contrasts/<dataset>/tables/forward/*.csv|data/p","FULL_PATH","results/preprocessing/map_protein_identifiers/<dataset>/tables/mapped/forward/per_file/*.csv","","GENERATED_RECORD","active",FALSE,"HIGH",""
"map_protein_identifiers","pRoteomics","docs/active_script_io_audit.tsv","11: analysis/qc/assess_dataset_quality.R	active_optional	required: results/preprocessing/map_protein_identifiers/<dataset>/tables/mapped/forward/per_file/*.csv|data","FULL_PATH","results/preprocessing/map_protein_identifiers/<dataset>/tables/mapped/forward/per_file/*.csv","","GENERATED_RECORD","active",FALSE,"HIGH",""
"map_protein_identifiers","pRoteomics","docs/active_script_io_audit.tsv","13: analysis/qc/summarize_missingness.R	active_optional	required: results/preprocessing/map_protein_identifiers/<dataset>/tables/mapped/forward/per_file/*.csv|data/","FULL_PATH","results/preprocessing/map_protein_identifiers/<dataset>/tables/mapped/forward/per_file/*.csv","","GENERATED_RECORD","active",FALSE,"HIGH",""
"map_protein_identifiers","pRoteomics","docs/active_script_io_audit.tsv","14: analysis/qc/assess_replicate_consistency.R	active_optional	required: results/preprocessing/map_protein_identifiers/<dataset>/tables/mapped/forward/per_file/*.cs","FULL_PATH","results/preprocessing/map_protein_identifiers/<dataset>/tables/mapped/forward/per_file/*.csv","","GENERATED_RECORD","active",FALSE,"HIGH",""
"map_protein_identifiers","pRoteomics","docs/active_script_io_audit.tsv","17: analysis/qc/assess_pca_confounding.R	active_optional	required: results/preprocessing/map_protein_identifiers/<dataset>/tables/mapped/forward/per_file/*.csv|data","FULL_PATH","results/preprocessing/map_protein_identifiers/<dataset>/tables/mapped/forward/per_file/*.csv","","GENERATED_RECORD","active",FALSE,"HIGH",""
"map_protein_identifiers","pRoteomics","docs/active_script_io_audit.tsv","18: analysis/qc/partition_variance.R	active_optional	required: results/preprocessing/map_protein_identifiers/<dataset>/tables/mapped/forward/per_file/*.csv|data/pro","FULL_PATH","results/preprocessing/map_protein_identifiers/<dataset>/tables/mapped/forward/per_file/*.csv","","GENERATED_RECORD","active",FALSE,"HIGH",""
"map_protein_identifiers","pRoteomics","docs/active_script_io_audit.tsv","22: analysis/differential_abundance/run_clusterprofiler_enrichment.R	active_required	required: results/preprocessing/map_protein_identifiers/<dataset>/tables/mapped","FULL_PATH","results/preprocessing/map_protein_identifiers/<dataset>/tables/mapped/forward/per_file/*.csv","","GENERATED_RECORD","active",FALSE,"HIGH",""
"map_protein_identifiers","pRoteomics","docs/active_script_io_audit.tsv","23: analysis/differential_abundance/audit_gsea_protein_direction.R	active_optional	required: results/differential_abundance/run_clusterprofiler_enrichment/<dataset>","FULL_PATH","results/preprocessing/map_protein_identifiers/<dataset>/tables/mapped/forward/per_file/*.csv","","GENERATED_RECORD","active",FALSE,"HIGH",""
"map_protein_identifiers","pRoteomics","docs/active_script_io_audit.tsv","38: analysis/wgcna/score_module_activity.R	active_optional	required: results/tables/06_modules_WGCNA/01_WGCNA/<dataset>/modules/|results/preprocessing/map_protein_i","FULL_PATH","results/preprocessing/map_protein_identifiers/<dataset>/tables/mapped/forward/per_file/*.csv","","GENERATED_RECORD","active",FALSE,"HIGH",""
"map_protein_identifiers","pRoteomics","docs/active_script_io_audit.tsv","58: analysis/spatial_networks/build_spatial_networks.R	active_required	required: results/preprocessing/map_protein_identifiers/<dataset>/tables/mapped/forward/per_f","FULL_PATH","results/preprocessing/map_protein_identifiers/<dataset>/tables/mapped/forward/per_file/*.csv","","GENERATED_RECORD","active",FALSE,"HIGH",""
"map_protein_identifiers","pRoteomics","docs/active_script_io_audit.tsv","5: analysis/preprocessing/map_protein_identifiers.R	active_required	required: results/preprocessing/extract_protigy_contrasts/<dataset>/tables/forward/*.csv|data/p","FULL_PATH","results/preprocessing/map_protein_identifiers/<dataset>/tables/mapped/forward/summaries/*.csv","","GENERATED_RECORD","active",FALSE,"HIGH",""
"map_protein_identifiers","pRoteomics","docs/active_script_io_audit.tsv","11: analysis/qc/assess_dataset_quality.R	active_optional	required: results/preprocessing/map_protein_identifiers/<dataset>/tables/mapped/forward/per_file/*.csv|data","FULL_PATH","data/processed/02_id_mapping/mapped/<dataset>/forward/per_file/*.csv","","GENERATED_RECORD","active",FALSE,"HIGH",""
"map_protein_identifiers","pRoteomics","docs/active_script_io_audit.tsv","13: analysis/qc/summarize_missingness.R	active_optional	required: results/preprocessing/map_protein_identifiers/<dataset>/tables/mapped/forward/per_file/*.csv|data/","FULL_PATH","data/processed/02_id_mapping/mapped/<dataset>/forward/per_file/*.csv","","GENERATED_RECORD","active",FALSE,"HIGH",""
"map_protein_identifiers","pRoteomics","docs/active_script_io_audit.tsv","14: analysis/qc/assess_replicate_consistency.R	active_optional	required: results/preprocessing/map_protein_identifiers/<dataset>/tables/mapped/forward/per_file/*.cs","FULL_PATH","data/processed/02_id_mapping/mapped/<dataset>/forward/per_file/*.csv","","GENERATED_RECORD","active",FALSE,"HIGH",""
"map_protein_identifiers","pRoteomics","docs/active_script_io_audit.tsv","17: analysis/qc/assess_pca_confounding.R	active_optional	required: results/preprocessing/map_protein_identifiers/<dataset>/tables/mapped/forward/per_file/*.csv|data","FULL_PATH","data/processed/02_id_mapping/mapped/<dataset>/forward/per_file/*.csv","","GENERATED_RECORD","active",FALSE,"HIGH",""
"map_protein_identifiers","pRoteomics","docs/active_script_io_audit.tsv","18: analysis/qc/partition_variance.R	active_optional	required: results/preprocessing/map_protein_identifiers/<dataset>/tables/mapped/forward/per_file/*.csv|data/pro","FULL_PATH","data/processed/02_id_mapping/mapped/<dataset>/forward/per_file/*.csv","","GENERATED_RECORD","active",FALSE,"HIGH",""
"map_protein_identifiers","pRoteomics","docs/active_script_io_audit.tsv","22: analysis/differential_abundance/run_clusterprofiler_enrichment.R	active_required	required: results/preprocessing/map_protein_identifiers/<dataset>/tables/mapped","FULL_PATH","data/processed/02_id_mapping/mapped/<dataset>/forward/per_file/*.csv","","GENERATED_RECORD","active",FALSE,"HIGH",""
"map_protein_identifiers","pRoteomics","docs/active_script_io_audit.tsv","23: analysis/differential_abundance/audit_gsea_protein_direction.R	active_optional	required: results/differential_abundance/run_clusterprofiler_enrichment/<dataset>","FULL_PATH","data/processed/02_id_mapping/mapped/<dataset>/forward/per_file/*.csv","","GENERATED_RECORD","active",FALSE,"HIGH",""
"map_protein_identifiers","pRoteomics","docs/active_script_io_audit.tsv","38: analysis/wgcna/score_module_activity.R	active_optional	required: results/tables/06_modules_WGCNA/01_WGCNA/<dataset>/modules/|results/preprocessing/map_protein_i","FULL_PATH","data/processed/02_id_mapping/mapped/<dataset>/forward/per_file/*.csv","","GENERATED_RECORD","active",FALSE,"HIGH",""
"map_protein_identifiers","pRoteomics","docs/active_script_io_audit.tsv","58: analysis/spatial_networks/build_spatial_networks.R	active_required	required: results/preprocessing/map_protein_identifiers/<dataset>/tables/mapped/forward/per_f","FULL_PATH","data/processed/02_id_mapping/mapped/<dataset>/forward/per_file/*.csv","","GENERATED_RECORD","active",FALSE,"HIGH",""
"map_protein_identifiers","pRoteomics","docs/active_script_io_audit.tsv","11: analysis/qc/assess_dataset_quality.R	active_optional	required: results/preprocessing/map_protein_identifiers/<dataset>/tables/mapped/forward/per_file/*.csv|data","NAMESPACE_BASENAME","02_id_mapping","","GENERATED_RECORD","active",FALSE,"MEDIUM",""
"map_protein_identifiers","pRoteomics","docs/active_script_io_audit.tsv","13: analysis/qc/summarize_missingness.R	active_optional	required: results/preprocessing/map_protein_identifiers/<dataset>/tables/mapped/forward/per_file/*.csv|data/","NAMESPACE_BASENAME","02_id_mapping","","GENERATED_RECORD","active",FALSE,"MEDIUM",""
"map_protein_identifiers","pRoteomics","docs/active_script_io_audit.tsv","14: analysis/qc/assess_replicate_consistency.R	active_optional	required: results/preprocessing/map_protein_identifiers/<dataset>/tables/mapped/forward/per_file/*.cs","NAMESPACE_BASENAME","02_id_mapping","","GENERATED_RECORD","active",FALSE,"MEDIUM",""
"map_protein_identifiers","pRoteomics","docs/active_script_io_audit.tsv","17: analysis/qc/assess_pca_confounding.R	active_optional	required: results/preprocessing/map_protein_identifiers/<dataset>/tables/mapped/forward/per_file/*.csv|data","NAMESPACE_BASENAME","02_id_mapping","","GENERATED_RECORD","active",FALSE,"MEDIUM",""
"map_protein_identifiers","pRoteomics","docs/active_script_io_audit.tsv","18: analysis/qc/partition_variance.R	active_optional	required: results/preprocessing/map_protein_identifiers/<dataset>/tables/mapped/forward/per_file/*.csv|data/pro","NAMESPACE_BASENAME","02_id_mapping","","GENERATED_RECORD","active",FALSE,"MEDIUM",""
"map_protein_identifiers","pRoteomics","docs/active_script_io_audit.tsv","22: analysis/differential_abundance/run_clusterprofiler_enrichment.R	active_required	required: results/preprocessing/map_protein_identifiers/<dataset>/tables/mapped","NAMESPACE_BASENAME","02_id_mapping","","GENERATED_RECORD","active",FALSE,"MEDIUM",""
"map_protein_identifiers","pRoteomics","docs/active_script_io_audit.tsv","23: analysis/differential_abundance/audit_gsea_protein_direction.R	active_optional	required: results/differential_abundance/run_clusterprofiler_enrichment/<dataset>","NAMESPACE_BASENAME","02_id_mapping","","GENERATED_RECORD","active",FALSE,"MEDIUM",""
"map_protein_identifiers","pRoteomics","docs/active_script_io_audit.tsv","38: analysis/wgcna/score_module_activity.R	active_optional	required: results/tables/06_modules_WGCNA/01_WGCNA/<dataset>/modules/|results/preprocessing/map_protein_i","NAMESPACE_BASENAME","02_id_mapping","","GENERATED_RECORD","active",FALSE,"MEDIUM",""
"map_protein_identifiers","pRoteomics","docs/active_script_io_audit.tsv","58: analysis/spatial_networks/build_spatial_networks.R	active_required	required: results/preprocessing/map_protein_identifiers/<dataset>/tables/mapped/forward/per_f","NAMESPACE_BASENAME","02_id_mapping","","GENERATED_RECORD","active",FALSE,"MEDIUM",""
"map_protein_identifiers","pRoteomics","docs/active_script_io_audit.tsv","63: analysis/spatial_networks/render_network_chord_diagram.R	active_optional	required: data/processed/02_id_mapping/mapped/neuron-phenotypeWithinUnit/; optional: re","NAMESPACE_BASENAME","02_id_mapping","","GENERATED_RECORD","active",FALSE,"MEDIUM",""
"map_protein_identifiers","pRoteomics","docs/active_script_io_audit.tsv","79: analysis/spatial_validation/audit_ca2_slm_robustness.R	active_optional	required: results/preprocessing/map_protein_identifiers/neuron_neuropil/tables/mapped/for","NAMESPACE_BASENAME","02_id_mapping","","GENERATED_RECORD","active",FALSE,"MEDIUM",""
"map_protein_identifiers","pRoteomics","docs/active_script_io_audit.tsv","80: analysis/spatial_validation/audit_stress_identity_robustness.R	active_optional	required: results/spatial_validation/build_protein_spatial_atlas/global/tables/pr","NAMESPACE_BASENAME","02_id_mapping","","GENERATED_RECORD","active",FALSE,"MEDIUM",""
"map_protein_identifiers","pRoteomics","docs/active_script_io_audit.tsv","81: analysis/spatial_validation/summarize_ca2_slm_robustness.R	active_optional	required: results/spatial_validation/audit_ca2_slm_robustness/global/tables/CA2_SLM_D","NAMESPACE_BASENAME","02_id_mapping","","GENERATED_RECORD","active",FALSE,"MEDIUM",""
"map_protein_identifiers","pRoteomics","docs/active_script_io_audit.tsv","94: analysis/integration/build_immunostaining_candidates.R	active_optional	required: data/processed/01_preprocessing/protigy_input_animal_level/neuron_neuropil/neur","NAMESPACE_BASENAME","02_id_mapping","","GENERATED_RECORD","active",FALSE,"MEDIUM",""
"map_protein_identifiers","pRoteomics","docs/active_script_io_audit.tsv","95: analysis/integration/screen_immunostaining_panel.R	active_optional	required: results/preprocessing/map_protein_identifiers/neuron_neuropil/tables/mapped/forward","NAMESPACE_BASENAME","02_id_mapping","","GENERATED_RECORD","active",FALSE,"MEDIUM",""
"map_protein_identifiers","pRoteomics","docs/active_script_io_audit.tsv","96: analysis/integration/screen_immunostaining_separation.R	active_optional	required: data/processed/01_preprocessing/protigy_input_animal_level/neuron_neuropil/neu","NAMESPACE_BASENAME","02_id_mapping","","GENERATED_RECORD","active",FALSE,"MEDIUM",""
"map_protein_identifiers","pRoteomics","docs/active_script_io_audit.tsv","101: analysis/publication_source_data/export_processed_matrices.R	active_optional	required: data/raw/pg_matrix/|data/processed/01_preprocessing/|data/processed/02_id","NAMESPACE_BASENAME","02_id_mapping","","GENERATED_RECORD","active",FALSE,"MEDIUM",""
"map_protein_identifiers","pRoteomics","docs/active_script_io_audit.tsv","5: analysis/preprocessing/map_protein_identifiers.R	active_required	required: results/preprocessing/extract_protigy_contrasts/<dataset>/tables/forward/*.csv|data/p","NAMESPACE_BASENAME","mapped","","GENERATED_RECORD","active",FALSE,"MEDIUM",""
"map_protein_identifiers","pRoteomics","docs/active_script_io_audit.tsv","11: analysis/qc/assess_dataset_quality.R	active_optional	required: results/preprocessing/map_protein_identifiers/<dataset>/tables/mapped/forward/per_file/*.csv|data","NAMESPACE_BASENAME","mapped","","GENERATED_RECORD","active",FALSE,"MEDIUM",""
"map_protein_identifiers","pRoteomics","docs/active_script_io_audit.tsv","13: analysis/qc/summarize_missingness.R	active_optional	required: results/preprocessing/map_protein_identifiers/<dataset>/tables/mapped/forward/per_file/*.csv|data/","NAMESPACE_BASENAME","mapped","","GENERATED_RECORD","active",FALSE,"MEDIUM",""
"map_protein_identifiers","pRoteomics","docs/active_script_io_audit.tsv","14: analysis/qc/assess_replicate_consistency.R	active_optional	required: results/preprocessing/map_protein_identifiers/<dataset>/tables/mapped/forward/per_file/*.cs","NAMESPACE_BASENAME","mapped","","GENERATED_RECORD","active",FALSE,"MEDIUM",""
"map_protein_identifiers","pRoteomics","docs/active_script_io_audit.tsv","17: analysis/qc/assess_pca_confounding.R	active_optional	required: results/preprocessing/map_protein_identifiers/<dataset>/tables/mapped/forward/per_file/*.csv|data","NAMESPACE_BASENAME","mapped","","GENERATED_RECORD","active",FALSE,"MEDIUM",""
"map_protein_identifiers","pRoteomics","docs/active_script_io_audit.tsv","18: analysis/qc/partition_variance.R	active_optional	required: results/preprocessing/map_protein_identifiers/<dataset>/tables/mapped/forward/per_file/*.csv|data/pro","NAMESPACE_BASENAME","mapped","","GENERATED_RECORD","active",FALSE,"MEDIUM",""
"map_protein_identifiers","pRoteomics","docs/active_script_io_audit.tsv","22: analysis/differential_abundance/run_clusterprofiler_enrichment.R	active_required	required: results/preprocessing/map_protein_identifiers/<dataset>/tables/mapped","NAMESPACE_BASENAME","mapped","","GENERATED_RECORD","active",FALSE,"MEDIUM",""
"map_protein_identifiers","pRoteomics","docs/active_script_io_audit.tsv","23: analysis/differential_abundance/audit_gsea_protein_direction.R	active_optional	required: results/differential_abundance/run_clusterprofiler_enrichment/<dataset>","NAMESPACE_BASENAME","mapped","","GENERATED_RECORD","active",FALSE,"MEDIUM",""
"map_protein_identifiers","pRoteomics","docs/active_script_io_audit.tsv","38: analysis/wgcna/score_module_activity.R	active_optional	required: results/tables/06_modules_WGCNA/01_WGCNA/<dataset>/modules/|results/preprocessing/map_protein_i","NAMESPACE_BASENAME","mapped","","GENERATED_RECORD","active",FALSE,"MEDIUM",""
"map_protein_identifiers","pRoteomics","docs/active_script_io_audit.tsv","58: analysis/spatial_networks/build_spatial_networks.R	active_required	required: results/preprocessing/map_protein_identifiers/<dataset>/tables/mapped/forward/per_f","NAMESPACE_BASENAME","mapped","","GENERATED_RECORD","active",FALSE,"MEDIUM",""
"map_protein_identifiers","pRoteomics","docs/active_script_io_audit.tsv","63: analysis/spatial_networks/render_network_chord_diagram.R	active_optional	required: data/processed/02_id_mapping/mapped/neuron-phenotypeWithinUnit/; optional: re","NAMESPACE_BASENAME","mapped","","GENERATED_RECORD","active",FALSE,"MEDIUM",""
"map_protein_identifiers","pRoteomics","docs/active_script_io_audit.tsv","75: analysis/spatial_validation/quantify_neuropil_precision.R	active_optional	required: data/processed/02_id_mapping_animal_level/mapped/neuron_neuropil/forward/per","NAMESPACE_BASENAME","mapped","","GENERATED_RECORD","active",FALSE,"MEDIUM",""
"map_protein_identifiers","pRoteomics","docs/active_script_io_audit.tsv","79: analysis/spatial_validation/audit_ca2_slm_robustness.R	active_optional	required: results/preprocessing/map_protein_identifiers/neuron_neuropil/tables/mapped/for","NAMESPACE_BASENAME","mapped","","GENERATED_RECORD","active",FALSE,"MEDIUM",""
"map_protein_identifiers","pRoteomics","docs/active_script_io_audit.tsv","80: analysis/spatial_validation/audit_stress_identity_robustness.R	active_optional	required: results/spatial_validation/build_protein_spatial_atlas/global/tables/pr","NAMESPACE_BASENAME","mapped","","GENERATED_RECORD","active",FALSE,"MEDIUM",""
"map_protein_identifiers","pRoteomics","docs/active_script_io_audit.tsv","81: analysis/spatial_validation/summarize_ca2_slm_robustness.R	active_optional	required: results/spatial_validation/audit_ca2_slm_robustness/global/tables/CA2_SLM_D","NAMESPACE_BASENAME","mapped","","GENERATED_RECORD","active",FALSE,"MEDIUM",""
"map_protein_identifiers","pRoteomics","docs/active_script_io_audit.tsv","94: analysis/integration/build_immunostaining_candidates.R	active_optional	required: data/processed/01_preprocessing/protigy_input_animal_level/neuron_neuropil/neur","NAMESPACE_BASENAME","mapped","","GENERATED_RECORD","active",FALSE,"MEDIUM",""
"map_protein_identifiers","pRoteomics","docs/active_script_io_audit.tsv","95: analysis/integration/screen_immunostaining_panel.R	active_optional	required: results/preprocessing/map_protein_identifiers/neuron_neuropil/tables/mapped/forward","NAMESPACE_BASENAME","mapped","","GENERATED_RECORD","active",FALSE,"MEDIUM",""
"map_protein_identifiers","pRoteomics","docs/active_script_io_audit.tsv","96: analysis/integration/screen_immunostaining_separation.R	active_optional	required: data/processed/01_preprocessing/protigy_input_animal_level/neuron_neuropil/neu","NAMESPACE_BASENAME","mapped","","GENERATED_RECORD","active",FALSE,"MEDIUM",""
"map_protein_identifiers","pRoteomics","docs/active_script_io_audit.tsv","5: analysis/preprocessing/map_protein_identifiers.R	active_required	required: results/preprocessing/extract_protigy_contrasts/<dataset>/tables/forward/*.csv|data/p","ANALYSIS_REFERENCE","map_protein_identifiers","","GENERATED_RECORD","active",FALSE,"MEDIUM",""
"map_protein_identifiers","pRoteomics","docs/active_script_io_audit.tsv","11: analysis/qc/assess_dataset_quality.R	active_optional	required: results/preprocessing/map_protein_identifiers/<dataset>/tables/mapped/forward/per_file/*.csv|data","ANALYSIS_REFERENCE","map_protein_identifiers","","GENERATED_RECORD","active",FALSE,"MEDIUM",""
"map_protein_identifiers","pRoteomics","docs/active_script_io_audit.tsv","13: analysis/qc/summarize_missingness.R	active_optional	required: results/preprocessing/map_protein_identifiers/<dataset>/tables/mapped/forward/per_file/*.csv|data/","ANALYSIS_REFERENCE","map_protein_identifiers","","GENERATED_RECORD","active",FALSE,"MEDIUM",""
"map_protein_identifiers","pRoteomics","docs/active_script_io_audit.tsv","14: analysis/qc/assess_replicate_consistency.R	active_optional	required: results/preprocessing/map_protein_identifiers/<dataset>/tables/mapped/forward/per_file/*.cs","ANALYSIS_REFERENCE","map_protein_identifiers","","GENERATED_RECORD","active",FALSE,"MEDIUM",""
"map_protein_identifiers","pRoteomics","docs/active_script_io_audit.tsv","17: analysis/qc/assess_pca_confounding.R	active_optional	required: results/preprocessing/map_protein_identifiers/<dataset>/tables/mapped/forward/per_file/*.csv|data","ANALYSIS_REFERENCE","map_protein_identifiers","","GENERATED_RECORD","active",FALSE,"MEDIUM",""
"map_protein_identifiers","pRoteomics","docs/active_script_io_audit.tsv","18: analysis/qc/partition_variance.R	active_optional	required: results/preprocessing/map_protein_identifiers/<dataset>/tables/mapped/forward/per_file/*.csv|data/pro","ANALYSIS_REFERENCE","map_protein_identifiers","","GENERATED_RECORD","active",FALSE,"MEDIUM",""
"map_protein_identifiers","pRoteomics","docs/active_script_io_audit.tsv","22: analysis/differential_abundance/run_clusterprofiler_enrichment.R	active_required	required: results/preprocessing/map_protein_identifiers/<dataset>/tables/mapped","ANALYSIS_REFERENCE","map_protein_identifiers","","GENERATED_RECORD","active",FALSE,"MEDIUM",""
"map_protein_identifiers","pRoteomics","docs/active_script_io_audit.tsv","23: analysis/differential_abundance/audit_gsea_protein_direction.R	active_optional	required: results/differential_abundance/run_clusterprofiler_enrichment/<dataset>","ANALYSIS_REFERENCE","map_protein_identifiers","","GENERATED_RECORD","active",FALSE,"MEDIUM",""
"map_protein_identifiers","pRoteomics","docs/active_script_io_audit.tsv","38: analysis/wgcna/score_module_activity.R	active_optional	required: results/tables/06_modules_WGCNA/01_WGCNA/<dataset>/modules/|results/preprocessing/map_protein_i","ANALYSIS_REFERENCE","map_protein_identifiers","","GENERATED_RECORD","active",FALSE,"MEDIUM",""
"map_protein_identifiers","pRoteomics","docs/active_script_io_audit.tsv","58: analysis/spatial_networks/build_spatial_networks.R	active_required	required: results/preprocessing/map_protein_identifiers/<dataset>/tables/mapped/forward/per_f","ANALYSIS_REFERENCE","map_protein_identifiers","","GENERATED_RECORD","active",FALSE,"MEDIUM",""
"map_protein_identifiers","pRoteomics","docs/active_script_io_audit.tsv","79: analysis/spatial_validation/audit_ca2_slm_robustness.R	active_optional	required: results/preprocessing/map_protein_identifiers/neuron_neuropil/tables/mapped/for","ANALYSIS_REFERENCE","map_protein_identifiers","","GENERATED_RECORD","active",FALSE,"MEDIUM",""
"map_protein_identifiers","pRoteomics","docs/active_script_io_audit.tsv","80: analysis/spatial_validation/audit_stress_identity_robustness.R	active_optional	required: results/spatial_validation/build_protein_spatial_atlas/global/tables/pr","ANALYSIS_REFERENCE","map_protein_identifiers","","GENERATED_RECORD","active",FALSE,"MEDIUM",""
"map_protein_identifiers","pRoteomics","docs/active_script_io_audit.tsv","81: analysis/spatial_validation/summarize_ca2_slm_robustness.R	active_optional	required: results/spatial_validation/audit_ca2_slm_robustness/global/tables/CA2_SLM_D","ANALYSIS_REFERENCE","map_protein_identifiers","","GENERATED_RECORD","active",FALSE,"MEDIUM",""
"map_protein_identifiers","pRoteomics","docs/active_script_io_audit.tsv","94: analysis/integration/build_immunostaining_candidates.R	active_optional	required: data/processed/01_preprocessing/protigy_input_animal_level/neuron_neuropil/neur","ANALYSIS_REFERENCE","map_protein_identifiers","","GENERATED_RECORD","active",FALSE,"MEDIUM",""
"map_protein_identifiers","pRoteomics","docs/active_script_io_audit.tsv","95: analysis/integration/screen_immunostaining_panel.R	active_optional	required: results/preprocessing/map_protein_identifiers/neuron_neuropil/tables/mapped/forward","ANALYSIS_REFERENCE","map_protein_identifiers","","GENERATED_RECORD","active",FALSE,"MEDIUM",""
"map_protein_identifiers","pRoteomics","docs/active_script_io_audit.tsv","96: analysis/integration/screen_immunostaining_separation.R	active_optional	required: data/processed/01_preprocessing/protigy_input_animal_level/neuron_neuropil/neu","ANALYSIS_REFERENCE","map_protein_identifiers","","GENERATED_RECORD","active",FALSE,"MEDIUM",""
"map_protein_identifiers","pRoteomics","docs/active_script_io_audit.tsv","5: analysis/preprocessing/map_protein_identifiers.R	active_required	required: results/preprocessing/extract_protigy_contrasts/<dataset>/tables/forward/*.csv|data/p","ANALYSIS_REFERENCE","map_protein_identifiers.R","","GENERATED_RECORD","active",FALSE,"MEDIUM",""
"map_protein_identifiers","pRoteomics","docs/file_contracts.tsv","3: mapped_contrast_csv	results/preprocessing/map_protein_identifiers/<dataset>/tables/mapped/{forward,reverse}/per_file/*.csv; data/processed/02_id_mapping/mapped/","NAMESPACE_BASENAME","02_id_mapping","","GENERATED_RECORD","active",FALSE,"MEDIUM",""
"map_protein_identifiers","pRoteomics","docs/file_contracts.tsv","3: mapped_contrast_csv	results/preprocessing/map_protein_identifiers/<dataset>/tables/mapped/{forward,reverse}/per_file/*.csv; data/processed/02_id_mapping/mapped/","NAMESPACE_BASENAME","mapped","","GENERATED_RECORD","active",FALSE,"MEDIUM",""
"map_protein_identifiers","pRoteomics","docs/file_contracts.tsv","2: raw_contrast_csv	results/preprocessing/extract_protigy_contrasts/<comparison>/tables/{forward,reverse}/*.csv; data/processed/01_preprocessing/gct_extractR/<comp","ANALYSIS_REFERENCE","map_protein_identifiers","","GENERATED_RECORD","active",FALSE,"MEDIUM",""
"map_protein_identifiers","pRoteomics","docs/file_contracts.tsv","3: mapped_contrast_csv	results/preprocessing/map_protein_identifiers/<dataset>/tables/mapped/{forward,reverse}/per_file/*.csv; data/processed/02_id_mapping/mapped/","ANALYSIS_REFERENCE","map_protein_identifiers","","GENERATED_RECORD","active",FALSE,"MEDIUM",""
"map_protein_identifiers","pRoteomics","docs/file_contracts.tsv","2: raw_contrast_csv	results/preprocessing/extract_protigy_contrasts/<comparison>/tables/{forward,reverse}/*.csv; data/processed/01_preprocessing/gct_extractR/<comp","ANALYSIS_REFERENCE","map_protein_identifiers.R","","GENERATED_RECORD","active",FALSE,"MEDIUM",""
"map_protein_identifiers","pRoteomics","docs/file_contracts.tsv","3: mapped_contrast_csv	results/preprocessing/map_protein_identifiers/<dataset>/tables/mapped/{forward,reverse}/per_file/*.csv; data/processed/02_id_mapping/mapped/","ANALYSIS_REFERENCE","map_protein_identifiers.R","","GENERATED_RECORD","active",FALSE,"MEDIUM",""
"map_protein_identifiers","pRoteomics","analysis/publication_source_data/validate_pride_submission.R","75: repo_path(""results"", ""preprocessing"", ""map_protein_identifiers"", ds,","ANALYSIS_REFERENCE","map_protein_identifiers","repo_path","INDIRECT_READER_VIA_HELPER","active",FALSE,"HIGH",""
"map_protein_identifiers","pRoteomics","R/preprocessing/preprocessing_paths.R","330: unname(canonical_result_path(PREPROCESSING_DOMAIN, ""map_protein_identifiers"",","ANALYSIS_REFERENCE","map_protein_identifiers","canonical_result_path","INDIRECT_READER_VIA_HELPER","active",FALSE,"HIGH",""
"map_protein_identifiers","pRoteomics","R/preprocessing/preprocessing_paths.R","351: unname(canonical_result_path(PREPROCESSING_DOMAIN, ""map_protein_identifiers"",","ANALYSIS_REFERENCE","map_protein_identifiers","canonical_result_path","INDIRECT_READER_VIA_HELPER","active",FALSE,"HIGH",""
"map_protein_identifiers","pRoteomics","R/utilities/export_helpers.R","719: repo_path(""results"", ""preprocessing"", ""map_protein_identifiers"", dataset, ""tables"")","ANALYSIS_REFERENCE","map_protein_identifiers","repo_path","INDIRECT_READER_VIA_HELPER","active",FALSE,"HIGH",""
"map_protein_identifiers","pRoteomics","R/utilities/export_helpers.R","775: if (grepl(""/results/preprocessing/map_protein_identifiers/"", p) ||","ANALYSIS_REFERENCE","map_protein_identifiers","repo_path","INDIRECT_READER_VIA_HELPER","active",FALSE,"HIGH",""
"map_protein_identifiers","pRoteomics","audits/part29/camera_feasibility.R","88: MAPPED_DIR <- ""data/processed/02_id_mapping/mapped/%s/forward/per_file/%s.csv""","NAMESPACE_BASENAME","02_id_mapping","","PROVENANCE","historical",FALSE,"MEDIUM",""
"map_protein_identifiers","pRoteomics","audits/part29/camera_feasibility.R","400: ""ProteinGroupID is recoverable 1:1 via data/processed/02_id_mapping/mapped/<ds>/forward/per_file/*.csv. "",","NAMESPACE_BASENAME","02_id_mapping","","PROVENANCE","historical",FALSE,"MEDIUM",""
"map_protein_identifiers","pRoteomics","audits/part29/camera_feasibility.R","609: ""data/processed/02_id_mapping/mapped/<ds>/forward/per_file/*.csv. Columns are animal x spatial unit, i.e. hemisphere-averaged "",","NAMESPACE_BASENAME","02_id_mapping","","PROVENANCE","historical",FALSE,"MEDIUM",""
"map_protein_identifiers","pRoteomics","audits/part29/camera_feasibility.R","88: MAPPED_DIR <- ""data/processed/02_id_mapping/mapped/%s/forward/per_file/%s.csv""","NAMESPACE_BASENAME","mapped","","PROVENANCE","historical",FALSE,"MEDIUM",""
"map_protein_identifiers","pRoteomics","audits/part29/camera_feasibility.R","400: ""ProteinGroupID is recoverable 1:1 via data/processed/02_id_mapping/mapped/<ds>/forward/per_file/*.csv. "",","NAMESPACE_BASENAME","mapped","","PROVENANCE","historical",FALSE,"MEDIUM",""
"map_protein_identifiers","pRoteomics","audits/part29/camera_feasibility.R","609: ""data/processed/02_id_mapping/mapped/<ds>/forward/per_file/*.csv. Columns are animal x spatial unit, i.e. hemisphere-averaged "",","NAMESPACE_BASENAME","mapped","","PROVENANCE","historical",FALSE,"MEDIUM",""
"map_protein_identifiers","pRoteomics","audits/part29/canonical_gsea_contract_audit.R","274: src <- file.path(""data/processed/02_id_mapping/mapped"", ds, ""forward/per_file"",","NAMESPACE_BASENAME","02_id_mapping","file.path","PROVENANCE","historical",FALSE,"HIGH",""
"map_protein_identifiers","pRoteomics","audits/part29/decisions_and_lineage.R","243: file.path(""data"", ""processed"", ""02_id_mapping_animal_level"", ""mapped"",","NAMESPACE_BASENAME","mapped","file.path","PROVENANCE","historical",FALSE,"HIGH",""
"map_protein_identifiers","pRoteomics","audits/phase6e_final_active_tree.csv","78: ""analysis/preprocessing/map_protein_identifiers.R"",""map_protein_identifiers.R"",""preprocessing"",""ANALYSIS_ENTRYPOINT"",""CANONICAL_ENTRYPOINT"",TRUE,2,FALSE,17,2,FA","ANALYSIS_REFERENCE","map_protein_identifiers","","PROVENANCE","historical",FALSE,"MEDIUM",""
"map_protein_identifiers","pRoteomics","audits/phase6e_final_active_tree.csv","78: ""analysis/preprocessing/map_protein_identifiers.R"",""map_protein_identifiers.R"",""preprocessing"",""ANALYSIS_ENTRYPOINT"",""CANONICAL_ENTRYPOINT"",TRUE,2,FALSE,17,2,FA","ANALYSIS_REFERENCE","map_protein_identifiers.R","","PROVENANCE","historical",FALSE,"MEDIUM",""
"map_protein_identifiers","pRoteomics","audits/phase6e_naming_migration.csv","6: ""analysis/01_preprocessing/01_MapThatProt_batch.r"",""analysis/01_preprocessing/map_protein_identifiers.R"",""ANALYSIS_ENTRYPOINT"",""HISTORICAL_PREFIX_REMOVED_VERB_N","ANALYSIS_REFERENCE","map_protein_identifiers","","PROVENANCE","historical",FALSE,"MEDIUM",""
"map_protein_identifiers","pRoteomics","audits/phase6e_naming_migration.csv","6: ""analysis/01_preprocessing/01_MapThatProt_batch.r"",""analysis/01_preprocessing/map_protein_identifiers.R"",""ANALYSIS_ENTRYPOINT"",""HISTORICAL_PREFIX_REMOVED_VERB_N","ANALYSIS_REFERENCE","map_protein_identifiers.R","","PROVENANCE","historical",FALSE,"MEDIUM",""
"map_protein_identifiers","pRoteomics","audits/phase6f_output_inventory.csv","4: ""analysis/01_preprocessing/map_protein_identifiers.R"",""results/tables/02_id_mapping/MapThatProt_batch/<dataset>/mapped/forward/summaries/*.csv"",""tables"",""CANONI","FULL_PATH","results/preprocessing/map_protein_identifiers/<dataset>/tables/mapped/forward/summaries/*.csv","","PROVENANCE","historical",FALSE,"HIGH",""
"map_protein_identifiers","pRoteomics","audits/phase6f_output_inventory.csv","4: ""analysis/01_preprocessing/map_protein_identifiers.R"",""results/tables/02_id_mapping/MapThatProt_batch/<dataset>/mapped/forward/summaries/*.csv"",""tables"",""CANONI","FULL_PATH","results/tables/02_id_mapping/MapThatProt_batch/<dataset>/mapped/forward/summaries/*.csv","","PROVENANCE","historical",FALSE,"HIGH",""
"map_protein_identifiers","pRoteomics","audits/phase6f_output_inventory.csv","428: ""analysis/01_preprocessing/map_protein_identifiers.R"",""data/processed/02_id_mapping/mapped/<dataset>/forward/per_file/*.csv"",""processed_matrix"",""REGENERABLE_INT","FULL_PATH","data/processed/02_id_mapping/mapped/<dataset>/forward/per_file/*.csv","","PROVENANCE","historical",FALSE,"HIGH",""
"map_protein_identifiers","pRoteomics","audits/phase6f_output_inventory.csv","428: ""analysis/01_preprocessing/map_protein_identifiers.R"",""data/processed/02_id_mapping/mapped/<dataset>/forward/per_file/*.csv"",""processed_matrix"",""REGENERABLE_INT","FULL_PATH","work/preprocessing/map_protein_identifiers/<dataset>/forward/per_file/*.csv","","PROVENANCE","historical",FALSE,"HIGH",""
"map_protein_identifiers","pRoteomics","audits/phase6f_output_inventory.csv","4: ""analysis/01_preprocessing/map_protein_identifiers.R"",""results/tables/02_id_mapping/MapThatProt_batch/<dataset>/mapped/forward/summaries/*.csv"",""tables"",""CANONI","NAMESPACE_BASENAME","02_id_mapping","","PROVENANCE","historical",FALSE,"MEDIUM",""
"map_protein_identifiers","pRoteomics","audits/phase6f_output_inventory.csv","428: ""analysis/01_preprocessing/map_protein_identifiers.R"",""data/processed/02_id_mapping/mapped/<dataset>/forward/per_file/*.csv"",""processed_matrix"",""REGENERABLE_INT","NAMESPACE_BASENAME","02_id_mapping","","PROVENANCE","historical",FALSE,"MEDIUM",""
"map_protein_identifiers","pRoteomics","audits/phase6f_output_inventory.csv","4: ""analysis/01_preprocessing/map_protein_identifiers.R"",""results/tables/02_id_mapping/MapThatProt_batch/<dataset>/mapped/forward/summaries/*.csv"",""tables"",""CANONI","NAMESPACE_BASENAME","MapThatProt_batch","","PROVENANCE","historical",FALSE,"MEDIUM",""
"map_protein_identifiers","pRoteomics","audits/phase6f_output_inventory.csv","4: ""analysis/01_preprocessing/map_protein_identifiers.R"",""results/tables/02_id_mapping/MapThatProt_batch/<dataset>/mapped/forward/summaries/*.csv"",""tables"",""CANONI","NAMESPACE_BASENAME","mapped","","PROVENANCE","historical",FALSE,"MEDIUM",""
"map_protein_identifiers","pRoteomics","audits/phase6f_output_inventory.csv","428: ""analysis/01_preprocessing/map_protein_identifiers.R"",""data/processed/02_id_mapping/mapped/<dataset>/forward/per_file/*.csv"",""processed_matrix"",""REGENERABLE_INT","NAMESPACE_BASENAME","mapped","","PROVENANCE","historical",FALSE,"MEDIUM",""
"map_protein_identifiers","pRoteomics","audits/phase6f_output_inventory.csv","4: ""analysis/01_preprocessing/map_protein_identifiers.R"",""results/tables/02_id_mapping/MapThatProt_batch/<dataset>/mapped/forward/summaries/*.csv"",""tables"",""CANONI","ANALYSIS_REFERENCE","map_protein_identifiers","","PROVENANCE","historical",FALSE,"MEDIUM",""
"map_protein_identifiers","pRoteomics","audits/phase6f_output_inventory.csv","422: ""analysis/01_preprocessing/extract_protigy_contrasts.R"",""data/processed/01_preprocessing/gct_extractR/<dataset>/forward/*.csv"",""processed_matrix"",""REGENERABLE_I","ANALYSIS_REFERENCE","map_protein_identifiers","","PROVENANCE","historical",FALSE,"MEDIUM",""
"map_protein_identifiers","pRoteomics","audits/phase6f_output_inventory.csv","423: ""analysis/01_preprocessing/extract_protigy_contrasts.R"",""data/processed/01_preprocessing/gct_extractR/<dataset>/indexComparisons.csv"",""processed_matrix"",""REGENE","ANALYSIS_REFERENCE","map_protein_identifiers","","PROVENANCE","historical",FALSE,"MEDIUM",""
"map_protein_identifiers","pRoteomics","audits/phase6f_output_inventory.csv","424: ""analysis/01_preprocessing/extract_protigy_contrasts.R"",""data/processed/01_preprocessing/gct_extractR/<dataset>/reverse/*.csv"",""processed_matrix"",""REGENERABLE_I","ANALYSIS_REFERENCE","map_protein_identifiers","","PROVENANCE","historical",FALSE,"MEDIUM",""
"map_protein_identifiers","pRoteomics","audits/phase6f_output_inventory.csv","428: ""analysis/01_preprocessing/map_protein_identifiers.R"",""data/processed/02_id_mapping/mapped/<dataset>/forward/per_file/*.csv"",""processed_matrix"",""REGENERABLE_INT","ANALYSIS_REFERENCE","map_protein_identifiers","","PROVENANCE","historical",FALSE,"MEDIUM",""
"map_protein_identifiers","pRoteomics","audits/phase6f_output_inventory.csv","4: ""analysis/01_preprocessing/map_protein_identifiers.R"",""results/tables/02_id_mapping/MapThatProt_batch/<dataset>/mapped/forward/summaries/*.csv"",""tables"",""CANONI","ANALYSIS_REFERENCE","map_protein_identifiers.R","","PROVENANCE","historical",FALSE,"MEDIUM",""
"map_protein_identifiers","pRoteomics","audits/phase6f_output_inventory.csv","422: ""analysis/01_preprocessing/extract_protigy_contrasts.R"",""data/processed/01_preprocessing/gct_extractR/<dataset>/forward/*.csv"",""processed_matrix"",""REGENERABLE_I","ANALYSIS_REFERENCE","map_protein_identifiers.R","","PROVENANCE","historical",FALSE,"MEDIUM",""
"map_protein_identifiers","pRoteomics","audits/phase6f_output_inventory.csv","423: ""analysis/01_preprocessing/extract_protigy_contrasts.R"",""data/processed/01_preprocessing/gct_extractR/<dataset>/indexComparisons.csv"",""processed_matrix"",""REGENE","ANALYSIS_REFERENCE","map_protein_identifiers.R","","PROVENANCE","historical",FALSE,"MEDIUM",""
"map_protein_identifiers","pRoteomics","audits/phase6f_output_inventory.csv","424: ""analysis/01_preprocessing/extract_protigy_contrasts.R"",""data/processed/01_preprocessing/gct_extractR/<dataset>/reverse/*.csv"",""processed_matrix"",""REGENERABLE_I","ANALYSIS_REFERENCE","map_protein_identifiers.R","","PROVENANCE","historical",FALSE,"MEDIUM",""
"map_protein_identifiers","pRoteomics","audits/phase6f_output_inventory.csv","428: ""analysis/01_preprocessing/map_protein_identifiers.R"",""data/processed/02_id_mapping/mapped/<dataset>/forward/per_file/*.csv"",""processed_matrix"",""REGENERABLE_INT","ANALYSIS_REFERENCE","map_protein_identifiers.R","","PROVENANCE","historical",FALSE,"MEDIUM",""
"map_protein_identifiers","pRoteomics","audits/phase6g_preprocessing_lifecycle.csv","11: ""map_protein_identifiers"",""data/processed/02_id_mapping/mapped/<dataset>/forward/per_file/*.csv"",""results/preprocessing/map_protein_identifiers/<dataset>/tables","FULL_PATH","results/preprocessing/map_protein_identifiers/<dataset>/tables/mapped/forward/per_file/*.csv","","PROVENANCE","historical",FALSE,"HIGH",""
"map_protein_identifiers","pRoteomics","audits/phase6g_preprocessing_lifecycle.csv","12: ""map_protein_identifiers"",""results/tables/02_id_mapping/MapThatProt_batch/<dataset>/mapped/forward/summaries/*.csv"",""results/preprocessing/map_protein_identifie","FULL_PATH","results/preprocessing/map_protein_identifiers/<dataset>/tables/mapped/forward/summaries/*.csv","","PROVENANCE","historical",FALSE,"HIGH",""
"map_protein_identifiers","pRoteomics","audits/phase6g_preprocessing_lifecycle.csv","12: ""map_protein_identifiers"",""results/tables/02_id_mapping/MapThatProt_batch/<dataset>/mapped/forward/summaries/*.csv"",""results/preprocessing/map_protein_identifie","FULL_PATH","results/tables/02_id_mapping/MapThatProt_batch/<dataset>/mapped/forward/summaries/*.csv","","PROVENANCE","historical",FALSE,"HIGH",""
"map_protein_identifiers","pRoteomics","audits/phase6g_preprocessing_lifecycle.csv","11: ""map_protein_identifiers"",""data/processed/02_id_mapping/mapped/<dataset>/forward/per_file/*.csv"",""results/preprocessing/map_protein_identifiers/<dataset>/tables","FULL_PATH","data/processed/02_id_mapping/mapped/<dataset>/forward/per_file/*.csv","","PROVENANCE","historical",FALSE,"HIGH",""
"map_protein_identifiers","pRoteomics","audits/phase6g_preprocessing_lifecycle.csv","11: ""map_protein_identifiers"",""data/processed/02_id_mapping/mapped/<dataset>/forward/per_file/*.csv"",""results/preprocessing/map_protein_identifiers/<dataset>/tables","NAMESPACE_BASENAME","02_id_mapping","","PROVENANCE","historical",FALSE,"MEDIUM",""
"map_protein_identifiers","pRoteomics","audits/phase6g_preprocessing_lifecycle.csv","12: ""map_protein_identifiers"",""results/tables/02_id_mapping/MapThatProt_batch/<dataset>/mapped/forward/summaries/*.csv"",""results/preprocessing/map_protein_identifie","NAMESPACE_BASENAME","02_id_mapping","","PROVENANCE","historical",FALSE,"MEDIUM",""
"map_protein_identifiers","pRoteomics","audits/phase6g_preprocessing_lifecycle.csv","13: ""map_protein_identifiers"",""results/logs/02_id_mapping/MapThatProt_batch/<dataset>/mapped/forward/info/*.csv"",""results/preprocessing/map_protein_identifiers/<dat","NAMESPACE_BASENAME","02_id_mapping","","PROVENANCE","historical",FALSE,"MEDIUM",""
"map_protein_identifiers","pRoteomics","audits/phase6g_preprocessing_lifecycle.csv","14: ""map_protein_identifiers"",""results/reports/02_id_mapping/MapThatProt_batch/<dataset>/mapping_reports/forward/*"",""results/preprocessing/map_protein_identifiers/<","NAMESPACE_BASENAME","02_id_mapping","","PROVENANCE","historical",FALSE,"MEDIUM",""
"map_protein_identifiers","pRoteomics","audits/phase6g_preprocessing_lifecycle.csv","12: ""map_protein_identifiers"",""results/tables/02_id_mapping/MapThatProt_batch/<dataset>/mapped/forward/summaries/*.csv"",""results/preprocessing/map_protein_identifie","NAMESPACE_BASENAME","MapThatProt_batch","","PROVENANCE","historical",FALSE,"MEDIUM",""
"map_protein_identifiers","pRoteomics","audits/phase6g_preprocessing_lifecycle.csv","13: ""map_protein_identifiers"",""results/logs/02_id_mapping/MapThatProt_batch/<dataset>/mapped/forward/info/*.csv"",""results/preprocessing/map_protein_identifiers/<dat","NAMESPACE_BASENAME","MapThatProt_batch","","PROVENANCE","historical",FALSE,"MEDIUM",""
"map_protein_identifiers","pRoteomics","audits/phase6g_preprocessing_lifecycle.csv","14: ""map_protein_identifiers"",""results/reports/02_id_mapping/MapThatProt_batch/<dataset>/mapping_reports/forward/*"",""results/preprocessing/map_protein_identifiers/<","NAMESPACE_BASENAME","MapThatProt_batch","","PROVENANCE","historical",FALSE,"MEDIUM",""
"map_protein_identifiers","pRoteomics","audits/phase6g_preprocessing_lifecycle.csv","11: ""map_protein_identifiers"",""data/processed/02_id_mapping/mapped/<dataset>/forward/per_file/*.csv"",""results/preprocessing/map_protein_identifiers/<dataset>/tables","NAMESPACE_BASENAME","mapped","","PROVENANCE","historical",FALSE,"MEDIUM",""
"map_protein_identifiers","pRoteomics","audits/phase6g_preprocessing_lifecycle.csv","12: ""map_protein_identifiers"",""results/tables/02_id_mapping/MapThatProt_batch/<dataset>/mapped/forward/summaries/*.csv"",""results/preprocessing/map_protein_identifie","NAMESPACE_BASENAME","mapped","","PROVENANCE","historical",FALSE,"MEDIUM",""
"map_protein_identifiers","pRoteomics","audits/phase6g_preprocessing_lifecycle.csv","13: ""map_protein_identifiers"",""results/logs/02_id_mapping/MapThatProt_batch/<dataset>/mapped/forward/info/*.csv"",""results/preprocessing/map_protein_identifiers/<dat","NAMESPACE_BASENAME","mapped","","PROVENANCE","historical",FALSE,"MEDIUM",""
"map_protein_identifiers","pRoteomics","audits/phase6g_preprocessing_lifecycle.csv","2: ""extract_protigy_contrasts"",""data/processed/01_preprocessing/gct_extractR/<dataset>/forward/*.csv"",""results/preprocessing/extract_protigy_contrasts/<dataset>/ta","ANALYSIS_REFERENCE","map_protein_identifiers","","PROVENANCE","historical",FALSE,"MEDIUM",""
"map_protein_identifiers","pRoteomics","audits/phase6g_preprocessing_lifecycle.csv","5: ""extract_protigy_contrasts"",""data/processed/01_preprocessing/gct_extractR/<dataset>/canonical_gct_extract_manifest.csv"",""results/preprocessing/extract_protigy_c","ANALYSIS_REFERENCE","map_protein_identifiers","","PROVENANCE","historical",FALSE,"MEDIUM",""
"map_protein_identifiers","pRoteomics","audits/phase6g_preprocessing_lifecycle.csv","11: ""map_protein_identifiers"",""data/processed/02_id_mapping/mapped/<dataset>/forward/per_file/*.csv"",""results/preprocessing/map_protein_identifiers/<dataset>/tables","ANALYSIS_REFERENCE","map_protein_identifiers","","PROVENANCE","historical",FALSE,"MEDIUM",""
"map_protein_identifiers","pRoteomics","audits/phase6g_preprocessing_lifecycle.csv","12: ""map_protein_identifiers"",""results/tables/02_id_mapping/MapThatProt_batch/<dataset>/mapped/forward/summaries/*.csv"",""results/preprocessing/map_protein_identifie","ANALYSIS_REFERENCE","map_protein_identifiers","","PROVENANCE","historical",FALSE,"MEDIUM",""
"map_protein_identifiers","pRoteomics","audits/phase6g_preprocessing_lifecycle.csv","13: ""map_protein_identifiers"",""results/logs/02_id_mapping/MapThatProt_batch/<dataset>/mapped/forward/info/*.csv"",""results/preprocessing/map_protein_identifiers/<dat","ANALYSIS_REFERENCE","map_protein_identifiers","","PROVENANCE","historical",FALSE,"MEDIUM",""
"map_protein_identifiers","pRoteomics","audits/phase6g_preprocessing_lifecycle.csv","14: ""map_protein_identifiers"",""results/reports/02_id_mapping/MapThatProt_batch/<dataset>/mapping_reports/forward/*"",""results/preprocessing/map_protein_identifiers/<","ANALYSIS_REFERENCE","map_protein_identifiers","","PROVENANCE","historical",FALSE,"MEDIUM",""
"map_protein_identifiers","pRoteomics","audits/phase6g_preprocessing_lifecycle.csv","11: ""map_protein_identifiers"",""data/processed/02_id_mapping/mapped/<dataset>/forward/per_file/*.csv"",""results/preprocessing/map_protein_identifiers/<dataset>/tables","ANALYSIS_REFERENCE","map_protein_identifiers.R","","PROVENANCE","historical",FALSE,"MEDIUM",""
"map_protein_identifiers","pRoteomics","audits/phase6g_preprocessing_lifecycle.csv","12: ""map_protein_identifiers"",""results/tables/02_id_mapping/MapThatProt_batch/<dataset>/mapped/forward/summaries/*.csv"",""results/preprocessing/map_protein_identifie","ANALYSIS_REFERENCE","map_protein_identifiers.R","","PROVENANCE","historical",FALSE,"MEDIUM",""
"map_protein_identifiers","pRoteomics","audits/phase6g_preprocessing_lifecycle.csv","13: ""map_protein_identifiers"",""results/logs/02_id_mapping/MapThatProt_batch/<dataset>/mapped/forward/info/*.csv"",""results/preprocessing/map_protein_identifiers/<dat","ANALYSIS_REFERENCE","map_protein_identifiers.R","","PROVENANCE","historical",FALSE,"MEDIUM",""
"map_protein_identifiers","pRoteomics","audits/phase6g_preprocessing_lifecycle.csv","14: ""map_protein_identifiers"",""results/reports/02_id_mapping/MapThatProt_batch/<dataset>/mapping_reports/forward/*"",""results/preprocessing/map_protein_identifiers/<","ANALYSIS_REFERENCE","map_protein_identifiers.R","","PROVENANCE","historical",FALSE,"MEDIUM",""
"map_protein_identifiers","pRoteomics","audits/phase6g_writer_namespace_audit.csv","2: ""preprocessing"",""map_protein_identifiers"",""analysis/preprocessing/map_protein_identifiers.R"",""results/preprocessing/map_protein_identifiers/<dataset>/tables/map","FULL_PATH","results/preprocessing/map_protein_identifiers/<dataset>/tables/mapped/forward/per_file/*.csv","","PROVENANCE","historical",FALSE,"HIGH",""
"map_protein_identifiers","pRoteomics","audits/phase6g_writer_namespace_audit.csv","2: ""preprocessing"",""map_protein_identifiers"",""analysis/preprocessing/map_protein_identifiers.R"",""results/preprocessing/map_protein_identifiers/<dataset>/tables/map","FULL_PATH","results/preprocessing/map_protein_identifiers/<dataset>/tables/mapped/forward/summaries/*.csv","","PROVENANCE","historical",FALSE,"HIGH",""
"map_protein_identifiers","pRoteomics","audits/phase6g_writer_namespace_audit.csv","2: ""preprocessing"",""map_protein_identifiers"",""analysis/preprocessing/map_protein_identifiers.R"",""results/preprocessing/map_protein_identifiers/<dataset>/tables/map","NAMESPACE_BASENAME","mapped","","PROVENANCE","historical",FALSE,"MEDIUM",""
"map_protein_identifiers","pRoteomics","audits/phase6g_writer_namespace_audit.csv","2: ""preprocessing"",""map_protein_identifiers"",""analysis/preprocessing/map_protein_identifiers.R"",""results/preprocessing/map_protein_identifiers/<dataset>/tables/map","ANALYSIS_REFERENCE","map_protein_identifiers","","PROVENANCE","historical",FALSE,"MEDIUM",""
"map_protein_identifiers","pRoteomics","audits/phase6g_writer_namespace_audit.csv","2: ""preprocessing"",""map_protein_identifiers"",""analysis/preprocessing/map_protein_identifiers.R"",""results/preprocessing/map_protein_identifiers/<dataset>/tables/map","ANALYSIS_REFERENCE","map_protein_identifiers.R","","PROVENANCE","historical",FALSE,"MEDIUM",""
"map_protein_identifiers","pRoteomics","docs/restructure_inventory.csv","17: ""02_id_mapping/map_protein_identifiers.R"",""ANALYSIS_ENTRYPOINT"",""proteomics"",""ACTIVE_CANONICAL"",TRUE,FALSE,""pRoteomics"",""analysis/01_preprocessing/map_protein_i","NAMESPACE_BASENAME","02_id_mapping","","PROVENANCE","historical",FALSE,"MEDIUM",""
"map_protein_identifiers","pRoteomics","docs/restructure_inventory.csv","18: ""02_id_mapping/01b_animal_level_mapping_audit.r"",""AUDIT"",""proteomics"",""ACTIVE_SUPPORT"",TRUE,FALSE,""pRoteomics"",""audits/preprocessing/01b_animal_level_mapping_au","NAMESPACE_BASENAME","02_id_mapping","","PROVENANCE","historical",FALSE,"MEDIUM",""
"map_protein_identifiers","pRoteomics","docs/restructure_inventory.csv","17: ""02_id_mapping/map_protein_identifiers.R"",""ANALYSIS_ENTRYPOINT"",""proteomics"",""ACTIVE_CANONICAL"",TRUE,FALSE,""pRoteomics"",""analysis/01_preprocessing/map_protein_i","ANALYSIS_REFERENCE","map_protein_identifiers","","PROVENANCE","historical",FALSE,"MEDIUM",""
"map_protein_identifiers","pRoteomics","docs/restructure_inventory.csv","17: ""02_id_mapping/map_protein_identifiers.R"",""ANALYSIS_ENTRYPOINT"",""proteomics"",""ACTIVE_CANONICAL"",TRUE,FALSE,""pRoteomics"",""analysis/01_preprocessing/map_protein_i","ANALYSIS_REFERENCE","map_protein_identifiers.R","","PROVENANCE","historical",FALSE,"MEDIUM",""
"map_protein_identifiers","pRoteomics","tools/verify_path_contract_rewrites.R","39: c(""02_id_mapping"",                         ""analysis/preprocessing""),","NAMESPACE_BASENAME","02_id_mapping","","PROVENANCE","active",FALSE,"MEDIUM",""
"map_protein_identifiers","pRoteomics","tests/testthat/test-dataset-cli-contracts.R","6: ""analysis/preprocessing/map_protein_identifiers.R"",","ANALYSIS_REFERENCE","map_protein_identifiers","","TEST","active",FALSE,"MEDIUM",""
"map_protein_identifiers","pRoteomics","tests/testthat/test-dataset-cli-contracts.R","6: ""analysis/preprocessing/map_protein_identifiers.R"",","ANALYSIS_REFERENCE","map_protein_identifiers.R","","TEST","active",FALSE,"MEDIUM",""
"map_protein_identifiers","pRoteomics","tests/testthat/test-preprocessing-writer-namespace.R","21: ""map_protein_identifiers"", ""build_joint_protigy_input"")","ANALYSIS_REFERENCE","map_protein_identifiers","expect_true","TEST","active",FALSE,"MEDIUM",""
"map_protein_identifiers","pRoteomics","tests/testthat/test-preprocessing-writer-namespace.R","25: DELEGATES <- ""map_protein_identifiers""","ANALYSIS_REFERENCE","map_protein_identifiers","expect_true","TEST","active",FALSE,"MEDIUM",""
"map_protein_identifiers","pRoteomics","tests/testthat/test-preprocessing-writer-namespace.R","343: mp, ""map_protein_identifiers/microglia/tables/mapped/reverse/per_file""))","ANALYSIS_REFERENCE","map_protein_identifiers","expect_true","TEST","active",FALSE,"MEDIUM",""
"map_protein_identifiers","pRoteomics","tests/testthat/test-preprocessing-writer-namespace.R","369: PATH_TESTABLE <- c(""extract_protigy_contrasts"", ""map_protein_identifiers"",","ANALYSIS_REFERENCE","map_protein_identifiers","expect_true","TEST","active",FALSE,"MEDIUM",""
"map_protein_identifiers","pRoteomics","tests/testthat/test-preprocessing-writer-namespace.R","497: norm <- file.path(root, ""results"", ""preprocessing"", ""map_protein_identifiers"",","ANALYSIS_REFERENCE","map_protein_identifiers","expect_true","TEST","active",FALSE,"MEDIUM",""
"map_protein_identifiers","pRoteomics","tests/testthat/test-protein-mapping-utils.R","100: mapthatprot <- paste(readLines(repo_path(""analysis/preprocessing"", ""map_protein_identifiers.R""), warn = FALSE), collapse = ""\n"")","ANALYSIS_REFERENCE","map_protein_identifiers","readLines","TEST","active",FALSE,"HIGH",""
"map_protein_identifiers","pRoteomics","tests/testthat/test-protein-mapping-utils.R","100: mapthatprot <- paste(readLines(repo_path(""analysis/preprocessing"", ""map_protein_identifiers.R""), warn = FALSE), collapse = ""\n"")","ANALYSIS_REFERENCE","map_protein_identifiers.R","readLines","TEST","active",FALSE,"HIGH",""
