"analysis_id","repo","consumer_file","line_or_expression","match_type","matched_token","enclosing_call","dependency_kind","active_or_historical","runtime_relevant","confidence","adjudication"
"render_module_circular_atlas","pRoteomics","config/output_layout.yml","49: exports/publication_source_data/ and from nowhere else.","NAMESPACE_BASENAME","publication_source_data","","CONFIG","active",TRUE,"MEDIUM",""
"render_module_circular_atlas","pRoteomics","config/output_layout.yml","123: manifest: exports/publication_source_data/manifest.csv","NAMESPACE_BASENAME","publication_source_data","","CONFIG","active",TRUE,"MEDIUM",""
"render_module_circular_atlas","pRoteomics","config/output_layout.yml","130: Before Phase 6F it was written into results/publication_source_data/, in","NAMESPACE_BASENAME","publication_source_data","","CONFIG","active",TRUE,"MEDIUM",""
"render_module_circular_atlas","pRoteomics","pipeline.yml","1387: - ""results/integration/render_module_circular_atlas/global/plots""","FULL_PATH","results/integration/render_module_circular_atlas/global/plots","","CONFIG","active",TRUE,"HIGH",""
"render_module_circular_atlas","pRoteomics","pipeline.yml","1388: - ""results/integration/render_module_circular_atlas/global/plots/wgcna_circular_atlas_main.svg""","FULL_PATH","results/integration/render_module_circular_atlas/global/plots","","CONFIG","active",TRUE,"HIGH",""
"render_module_circular_atlas","pRoteomics","pipeline.yml","1389: - ""results/integration/render_module_circular_atlas/global/plots/wgcna_circular_atlas_main.pdf""","FULL_PATH","results/integration/render_module_circular_atlas/global/plots","","CONFIG","active",TRUE,"HIGH",""
"render_module_circular_atlas","pRoteomics","pipeline.yml","1390: - ""results/integration/render_module_circular_atlas/global/plots/wgcna_circular_atlas_selected_only.svg""","FULL_PATH","results/integration/render_module_circular_atlas/global/plots","","CONFIG","active",TRUE,"HIGH",""
"render_module_circular_atlas","pRoteomics","pipeline.yml","1391: - ""results/integration/render_module_circular_atlas/global/plots/wgcna_circular_atlas_selected_only.pdf""","FULL_PATH","results/integration/render_module_circular_atlas/global/plots","","CONFIG","active",TRUE,"HIGH",""
"render_module_circular_atlas","pRoteomics","pipeline.yml","1392: - ""results/integration/render_module_circular_atlas/global/plots/wgcna_circular_heatmap_all_datasets.svg""","FULL_PATH","results/integration/render_module_circular_atlas/global/plots","","CONFIG","active",TRUE,"HIGH",""
"render_module_circular_atlas","pRoteomics","pipeline.yml","1393: - ""results/integration/render_module_circular_atlas/global/plots/wgcna_circular_heatmap_all_datasets.pdf""","FULL_PATH","results/integration/render_module_circular_atlas/global/plots","","CONFIG","active",TRUE,"HIGH",""
"render_module_circular_atlas","pRoteomics","pipeline.yml","1394: - ""results/integration/render_module_circular_atlas/global/plots/wgcna_circular_heatmap_neuron_neuropil.svg""","FULL_PATH","results/integration/render_module_circular_atlas/global/plots","","CONFIG","active",TRUE,"HIGH",""
"render_module_circular_atlas","pRoteomics","pipeline.yml","1395: - ""results/integration/render_module_circular_atlas/global/plots/wgcna_circular_heatmap_neuron_neuropil.pdf""","FULL_PATH","results/integration/render_module_circular_atlas/global/plots","","CONFIG","active",TRUE,"HIGH",""
"render_module_circular_atlas","pRoteomics","pipeline.yml","1396: - ""results/integration/render_module_circular_atlas/global/plots/wgcna_circular_heatmap_neuron_soma.svg""","FULL_PATH","results/integration/render_module_circular_atlas/global/plots","","CONFIG","active",TRUE,"HIGH",""
"render_module_circular_atlas","pRoteomics","pipeline.yml","1397: - ""results/integration/render_module_circular_atlas/global/plots/wgcna_circular_heatmap_neuron_soma.pdf""","FULL_PATH","results/integration/render_module_circular_atlas/global/plots","","CONFIG","active",TRUE,"HIGH",""
"render_module_circular_atlas","pRoteomics","pipeline.yml","1398: - ""results/integration/render_module_circular_atlas/global/plots/wgcna_circular_heatmap_microglia.svg""","FULL_PATH","results/integration/render_module_circular_atlas/global/plots","","CONFIG","active",TRUE,"HIGH",""
"render_module_circular_atlas","pRoteomics","pipeline.yml","1399: - ""results/integration/render_module_circular_atlas/global/plots/wgcna_circular_heatmap_microglia.pdf""","FULL_PATH","results/integration/render_module_circular_atlas/global/plots","","CONFIG","active",TRUE,"HIGH",""
"render_module_circular_atlas","pRoteomics","pipeline.yml","1400: - ""results/integration/render_module_circular_atlas/global/plots/wgcna_circular_publication_supermodule_effect_heatmap_all_datasets.svg""","FULL_PATH","results/integration/render_module_circular_atlas/global/plots","","CONFIG","active",TRUE,"HIGH",""
"render_module_circular_atlas","pRoteomics","pipeline.yml","1401: - ""results/integration/render_module_circular_atlas/global/plots/wgcna_circular_publication_supermodule_effect_heatmap_all_datasets.pdf""","FULL_PATH","results/integration/render_module_circular_atlas/global/plots","","CONFIG","active",TRUE,"HIGH",""
"render_module_circular_atlas","pRoteomics","pipeline.yml","1402: - ""results/integration/render_module_circular_atlas/global/plots/wgcna_circular_publication_supermodule_effect_heatmap_neuron_neuropil.svg""","FULL_PATH","results/integration/render_module_circular_atlas/global/plots","","CONFIG","active",TRUE,"HIGH",""
"render_module_circular_atlas","pRoteomics","pipeline.yml","1403: - ""results/integration/render_module_circular_atlas/global/plots/wgcna_circular_publication_supermodule_effect_heatmap_neuron_neuropil.pdf""","FULL_PATH","results/integration/render_module_circular_atlas/global/plots","","CONFIG","active",TRUE,"HIGH",""
"render_module_circular_atlas","pRoteomics","pipeline.yml","1404: - ""results/integration/render_module_circular_atlas/global/plots/wgcna_circular_publication_supermodule_effect_heatmap_neuron_soma.svg""","FULL_PATH","results/integration/render_module_circular_atlas/global/plots","","CONFIG","active",TRUE,"HIGH",""
"render_module_circular_atlas","pRoteomics","pipeline.yml","1405: - ""results/integration/render_module_circular_atlas/global/plots/wgcna_circular_publication_supermodule_effect_heatmap_neuron_soma.pdf""","FULL_PATH","results/integration/render_module_circular_atlas/global/plots","","CONFIG","active",TRUE,"HIGH",""
"render_module_circular_atlas","pRoteomics","pipeline.yml","1406: - ""results/integration/render_module_circular_atlas/global/plots/wgcna_circular_publication_supermodule_effect_heatmap_microglia.svg""","FULL_PATH","results/integration/render_module_circular_atlas/global/plots","","CONFIG","active",TRUE,"HIGH",""
"render_module_circular_atlas","pRoteomics","pipeline.yml","1407: - ""results/integration/render_module_circular_atlas/global/plots/wgcna_circular_publication_supermodule_effect_heatmap_microglia.pdf""","FULL_PATH","results/integration/render_module_circular_atlas/global/plots","","CONFIG","active",TRUE,"HIGH",""
"render_module_circular_atlas","pRoteomics","pipeline.yml","1408: - ""results/integration/render_module_circular_atlas/global/plots/wgcna_region_layer_heatmap_all_modules.svg""","FULL_PATH","results/integration/render_module_circular_atlas/global/plots","","CONFIG","active",TRUE,"HIGH",""
"render_module_circular_atlas","pRoteomics","pipeline.yml","1409: - ""results/integration/render_module_circular_atlas/global/plots/wgcna_region_layer_heatmap_all_modules.pdf""","FULL_PATH","results/integration/render_module_circular_atlas/global/plots","","CONFIG","active",TRUE,"HIGH",""
"render_module_circular_atlas","pRoteomics","pipeline.yml","1388: - ""results/integration/render_module_circular_atlas/global/plots/wgcna_circular_atlas_main.svg""","FULL_PATH","results/integration/render_module_circular_atlas/global/plots/wgcna_circular_atlas_main.svg","","CONFIG","active",TRUE,"HIGH",""
"render_module_circular_atlas","pRoteomics","pipeline.yml","1389: - ""results/integration/render_module_circular_atlas/global/plots/wgcna_circular_atlas_main.pdf""","FULL_PATH","results/integration/render_module_circular_atlas/global/plots/wgcna_circular_atlas_main.pdf","","CONFIG","active",TRUE,"HIGH",""
"render_module_circular_atlas","pRoteomics","pipeline.yml","1390: - ""results/integration/render_module_circular_atlas/global/plots/wgcna_circular_atlas_selected_only.svg""","FULL_PATH","results/integration/render_module_circular_atlas/global/plots/wgcna_circular_atlas_selected_only.svg","","CONFIG","active",TRUE,"HIGH",""
"render_module_circular_atlas","pRoteomics","pipeline.yml","1391: - ""results/integration/render_module_circular_atlas/global/plots/wgcna_circular_atlas_selected_only.pdf""","FULL_PATH","results/integration/render_module_circular_atlas/global/plots/wgcna_circular_atlas_selected_only.pdf","","CONFIG","active",TRUE,"HIGH",""
"render_module_circular_atlas","pRoteomics","pipeline.yml","1392: - ""results/integration/render_module_circular_atlas/global/plots/wgcna_circular_heatmap_all_datasets.svg""","FULL_PATH","results/integration/render_module_circular_atlas/global/plots/wgcna_circular_heatmap_all_datasets.svg","","CONFIG","active",TRUE,"HIGH",""
"render_module_circular_atlas","pRoteomics","pipeline.yml","1393: - ""results/integration/render_module_circular_atlas/global/plots/wgcna_circular_heatmap_all_datasets.pdf""","FULL_PATH","results/integration/render_module_circular_atlas/global/plots/wgcna_circular_heatmap_all_datasets.pdf","","CONFIG","active",TRUE,"HIGH",""
"render_module_circular_atlas","pRoteomics","pipeline.yml","1394: - ""results/integration/render_module_circular_atlas/global/plots/wgcna_circular_heatmap_neuron_neuropil.svg""","FULL_PATH","results/integration/render_module_circular_atlas/global/plots/wgcna_circular_heatmap_neuron_neuropil.svg","","CONFIG","active",TRUE,"HIGH",""
"render_module_circular_atlas","pRoteomics","pipeline.yml","1395: - ""results/integration/render_module_circular_atlas/global/plots/wgcna_circular_heatmap_neuron_neuropil.pdf""","FULL_PATH","results/integration/render_module_circular_atlas/global/plots/wgcna_circular_heatmap_neuron_neuropil.pdf","","CONFIG","active",TRUE,"HIGH",""
"render_module_circular_atlas","pRoteomics","pipeline.yml","1396: - ""results/integration/render_module_circular_atlas/global/plots/wgcna_circular_heatmap_neuron_soma.svg""","FULL_PATH","results/integration/render_module_circular_atlas/global/plots/wgcna_circular_heatmap_neuron_soma.svg","","CONFIG","active",TRUE,"HIGH",""
"render_module_circular_atlas","pRoteomics","pipeline.yml","1397: - ""results/integration/render_module_circular_atlas/global/plots/wgcna_circular_heatmap_neuron_soma.pdf""","FULL_PATH","results/integration/render_module_circular_atlas/global/plots/wgcna_circular_heatmap_neuron_soma.pdf","","CONFIG","active",TRUE,"HIGH",""
"render_module_circular_atlas","pRoteomics","pipeline.yml","1398: - ""results/integration/render_module_circular_atlas/global/plots/wgcna_circular_heatmap_microglia.svg""","FULL_PATH","results/integration/render_module_circular_atlas/global/plots/wgcna_circular_heatmap_microglia.svg","","CONFIG","active",TRUE,"HIGH",""
"render_module_circular_atlas","pRoteomics","pipeline.yml","1399: - ""results/integration/render_module_circular_atlas/global/plots/wgcna_circular_heatmap_microglia.pdf""","FULL_PATH","results/integration/render_module_circular_atlas/global/plots/wgcna_circular_heatmap_microglia.pdf","","CONFIG","active",TRUE,"HIGH",""
"render_module_circular_atlas","pRoteomics","pipeline.yml","1400: - ""results/integration/render_module_circular_atlas/global/plots/wgcna_circular_publication_supermodule_effect_heatmap_all_datasets.svg""","FULL_PATH","results/integration/render_module_circular_atlas/global/plots/wgcna_circular_publication_supermodule_effect_heatmap_all_datasets.svg","","CONFIG","active",TRUE,"HIGH",""
"render_module_circular_atlas","pRoteomics","pipeline.yml","1401: - ""results/integration/render_module_circular_atlas/global/plots/wgcna_circular_publication_supermodule_effect_heatmap_all_datasets.pdf""","FULL_PATH","results/integration/render_module_circular_atlas/global/plots/wgcna_circular_publication_supermodule_effect_heatmap_all_datasets.pdf","","CONFIG","active",TRUE,"HIGH",""
"render_module_circular_atlas","pRoteomics","pipeline.yml","1402: - ""results/integration/render_module_circular_atlas/global/plots/wgcna_circular_publication_supermodule_effect_heatmap_neuron_neuropil.svg""","FULL_PATH","results/integration/render_module_circular_atlas/global/plots/wgcna_circular_publication_supermodule_effect_heatmap_neuron_neuropil.svg","","CONFIG","active",TRUE,"HIGH",""
"render_module_circular_atlas","pRoteomics","pipeline.yml","1403: - ""results/integration/render_module_circular_atlas/global/plots/wgcna_circular_publication_supermodule_effect_heatmap_neuron_neuropil.pdf""","FULL_PATH","results/integration/render_module_circular_atlas/global/plots/wgcna_circular_publication_supermodule_effect_heatmap_neuron_neuropil.pdf","","CONFIG","active",TRUE,"HIGH",""
"render_module_circular_atlas","pRoteomics","pipeline.yml","1404: - ""results/integration/render_module_circular_atlas/global/plots/wgcna_circular_publication_supermodule_effect_heatmap_neuron_soma.svg""","FULL_PATH","results/integration/render_module_circular_atlas/global/plots/wgcna_circular_publication_supermodule_effect_heatmap_neuron_soma.svg","","CONFIG","active",TRUE,"HIGH",""
"render_module_circular_atlas","pRoteomics","pipeline.yml","1405: - ""results/integration/render_module_circular_atlas/global/plots/wgcna_circular_publication_supermodule_effect_heatmap_neuron_soma.pdf""","FULL_PATH","results/integration/render_module_circular_atlas/global/plots/wgcna_circular_publication_supermodule_effect_heatmap_neuron_soma.pdf","","CONFIG","active",TRUE,"HIGH",""
"render_module_circular_atlas","pRoteomics","pipeline.yml","1406: - ""results/integration/render_module_circular_atlas/global/plots/wgcna_circular_publication_supermodule_effect_heatmap_microglia.svg""","FULL_PATH","results/integration/render_module_circular_atlas/global/plots/wgcna_circular_publication_supermodule_effect_heatmap_microglia.svg","","CONFIG","active",TRUE,"HIGH",""
"render_module_circular_atlas","pRoteomics","pipeline.yml","1407: - ""results/integration/render_module_circular_atlas/global/plots/wgcna_circular_publication_supermodule_effect_heatmap_microglia.pdf""","FULL_PATH","results/integration/render_module_circular_atlas/global/plots/wgcna_circular_publication_supermodule_effect_heatmap_microglia.pdf","","CONFIG","active",TRUE,"HIGH",""
"render_module_circular_atlas","pRoteomics","pipeline.yml","1408: - ""results/integration/render_module_circular_atlas/global/plots/wgcna_region_layer_heatmap_all_modules.svg""","FULL_PATH","results/integration/render_module_circular_atlas/global/plots/wgcna_region_layer_heatmap_all_modules.svg","","CONFIG","active",TRUE,"HIGH",""
"render_module_circular_atlas","pRoteomics","pipeline.yml","1409: - ""results/integration/render_module_circular_atlas/global/plots/wgcna_region_layer_heatmap_all_modules.pdf""","FULL_PATH","results/integration/render_module_circular_atlas/global/plots/wgcna_region_layer_heatmap_all_modules.pdf","","CONFIG","active",TRUE,"HIGH",""
"render_module_circular_atlas","pRoteomics","pipeline.yml","1410: - ""results/integration/render_module_circular_atlas/global/tables/wgcna_circular_atlas_metrics.csv""","FULL_PATH","results/integration/render_module_circular_atlas/global/tables/wgcna_circular_atlas_metrics.csv","","CONFIG","active",TRUE,"HIGH",""
"render_module_circular_atlas","pRoteomics","pipeline.yml","459: consumes_optional: [""results/tables/06_modules_WGCNA/group_effects/<dataset>/"", ""results/tables/06_modules_WGCNA/module_annotation/<dataset>/"", ""results","REGISTRY_DEPENDENCY","results/integration/render_module_circular_atlas/global/tables/source_data","","CONFIG","active",TRUE,"HIGH",""
"render_module_circular_atlas","pRoteomics","pipeline.yml","1411: - ""results/integration/render_module_circular_atlas/global/tables/source_data""","FULL_PATH","results/integration/render_module_circular_atlas/global/tables/source_data","","CONFIG","active",TRUE,"HIGH",""
"render_module_circular_atlas","pRoteomics","pipeline.yml","1412: - ""results/integration/render_module_circular_atlas/global/tables/source_data/wgcna_circular_atlas_segments.csv""","FULL_PATH","results/integration/render_module_circular_atlas/global/tables/source_data","","CONFIG","active",TRUE,"HIGH",""
"render_module_circular_atlas","pRoteomics","pipeline.yml","1413: - ""results/integration/render_module_circular_atlas/global/tables/source_data/wgcna_circular_atlas_plot_source.csv""","FULL_PATH","results/integration/render_module_circular_atlas/global/tables/source_data","","CONFIG","active",TRUE,"HIGH",""
"render_module_circular_atlas","pRoteomics","pipeline.yml","1414: - ""results/integration/render_module_circular_atlas/global/tables/source_data/wgcna_circular_heatmap_source_supermodule.csv""","FULL_PATH","results/integration/render_module_circular_atlas/global/tables/source_data","","CONFIG","active",TRUE,"HIGH",""
"render_module_circular_atlas","pRoteomics","pipeline.yml","1415: - ""results/integration/render_module_circular_atlas/global/tables/source_data/wgcna_circular_heatmap_source_module.csv""","FULL_PATH","results/integration/render_module_circular_atlas/global/tables/source_data","","CONFIG","active",TRUE,"HIGH",""
"render_module_circular_atlas","pRoteomics","pipeline.yml","1416: - ""results/integration/render_module_circular_atlas/global/tables/source_data/wgcna_circular_heatmap_layout_all_datasets.csv""","FULL_PATH","results/integration/render_module_circular_atlas/global/tables/source_data","","CONFIG","active",TRUE,"HIGH",""
"render_module_circular_atlas","pRoteomics","pipeline.yml","1417: - ""results/integration/render_module_circular_atlas/global/tables/source_data/wgcna_circular_publication_supermodule_effect_heatmap_source.csv""","FULL_PATH","results/integration/render_module_circular_atlas/global/tables/source_data","","CONFIG","active",TRUE,"HIGH",""
"render_module_circular_atlas","pRoteomics","pipeline.yml","1418: - ""results/integration/render_module_circular_atlas/global/tables/source_data/wgcna_circular_publication_supermodule_effect_heatmap_layout_all_dataset","FULL_PATH","results/integration/render_module_circular_atlas/global/tables/source_data","","CONFIG","active",TRUE,"HIGH",""
"render_module_circular_atlas","pRoteomics","pipeline.yml","1412: - ""results/integration/render_module_circular_atlas/global/tables/source_data/wgcna_circular_atlas_segments.csv""","FULL_PATH","results/integration/render_module_circular_atlas/global/tables/source_data/wgcna_circular_atlas_segments.csv","","CONFIG","active",TRUE,"HIGH",""
"render_module_circular_atlas","pRoteomics","pipeline.yml","1413: - ""results/integration/render_module_circular_atlas/global/tables/source_data/wgcna_circular_atlas_plot_source.csv""","FULL_PATH","results/integration/render_module_circular_atlas/global/tables/source_data/wgcna_circular_atlas_plot_source.csv","","CONFIG","active",TRUE,"HIGH",""
"render_module_circular_atlas","pRoteomics","pipeline.yml","1414: - ""results/integration/render_module_circular_atlas/global/tables/source_data/wgcna_circular_heatmap_source_supermodule.csv""","FULL_PATH","results/integration/render_module_circular_atlas/global/tables/source_data/wgcna_circular_heatmap_source_supermodule.csv","","CONFIG","active",TRUE,"HIGH",""
"render_module_circular_atlas","pRoteomics","pipeline.yml","1415: - ""results/integration/render_module_circular_atlas/global/tables/source_data/wgcna_circular_heatmap_source_module.csv""","FULL_PATH","results/integration/render_module_circular_atlas/global/tables/source_data/wgcna_circular_heatmap_source_module.csv","","CONFIG","active",TRUE,"HIGH",""
"render_module_circular_atlas","pRoteomics","pipeline.yml","1416: - ""results/integration/render_module_circular_atlas/global/tables/source_data/wgcna_circular_heatmap_layout_all_datasets.csv""","FULL_PATH","results/integration/render_module_circular_atlas/global/tables/source_data/wgcna_circular_heatmap_layout_all_datasets.csv","","CONFIG","active",TRUE,"HIGH",""
"render_module_circular_atlas","pRoteomics","pipeline.yml","1417: - ""results/integration/render_module_circular_atlas/global/tables/source_data/wgcna_circular_publication_supermodule_effect_heatmap_source.csv""","FULL_PATH","results/integration/render_module_circular_atlas/global/tables/source_data/wgcna_circular_publication_supermodule_effect_heatmap_source.csv","","CONFIG","active",TRUE,"HIGH",""
"render_module_circular_atlas","pRoteomics","pipeline.yml","1418: - ""results/integration/render_module_circular_atlas/global/tables/source_data/wgcna_circular_publication_supermodule_effect_heatmap_layout_all_dataset","FULL_PATH","results/integration/render_module_circular_atlas/global/tables/source_data/wgcna_circular_publication_supermodule_effect_heatmap_layout_all_datasets.csv","","CONFIG","active",TRUE,"HIGH",""
"render_module_circular_atlas","pRoteomics","pipeline.yml","1419: - ""results/integration/render_module_circular_atlas/global/reports/wgcna_circular_atlas_input_status.csv""","FULL_PATH","results/integration/render_module_circular_atlas/global/reports/wgcna_circular_atlas_input_status.csv","","CONFIG","active",TRUE,"HIGH",""
"render_module_circular_atlas","pRoteomics","pipeline.yml","1420: - ""results/integration/render_module_circular_atlas/global/reports/wgcna_circular_vs_publication_heatmap_source_audit.csv""","FULL_PATH","results/integration/render_module_circular_atlas/global/reports/wgcna_circular_vs_publication_heatmap_source_audit.csv","","CONFIG","active",TRUE,"HIGH",""
"render_module_circular_atlas","pRoteomics","pipeline.yml","1421: - ""results/integration/render_module_circular_atlas/global/reports/wgcna_circular_vs_publication_supermodule_id_comparison.csv""","FULL_PATH","results/integration/render_module_circular_atlas/global/reports/wgcna_circular_vs_publication_supermodule_id_comparison.csv","","CONFIG","active",TRUE,"HIGH",""
"render_module_circular_atlas","pRoteomics","pipeline.yml","1422: - ""results/integration/render_module_circular_atlas/global/reports/wgcna_circular_metric_consistency_audit.csv""","FULL_PATH","results/integration/render_module_circular_atlas/global/reports/wgcna_circular_metric_consistency_audit.csv","","CONFIG","active",TRUE,"HIGH",""
"render_module_circular_atlas","pRoteomics","pipeline.yml","1423: - ""results/integration/render_module_circular_atlas/global/reports/wgcna_module_supermodule_mapping_audit.csv""","FULL_PATH","results/integration/render_module_circular_atlas/global/reports/wgcna_module_supermodule_mapping_audit.csv","","CONFIG","active",TRUE,"HIGH",""
"render_module_circular_atlas","pRoteomics","pipeline.yml","1424: - ""results/integration/render_module_circular_atlas/global/reports/circular_atlas_selection_audit.csv""","FULL_PATH","results/integration/render_module_circular_atlas/global/reports/circular_atlas_selection_audit.csv","","CONFIG","active",TRUE,"HIGH",""
"render_module_circular_atlas","pRoteomics","pipeline.yml","1425: - ""results/integration/render_module_circular_atlas/global/manifests/run_manifest.yml""","FULL_PATH","results/integration/render_module_circular_atlas/global/manifests/run_manifest.yml","","CONFIG","active",TRUE,"HIGH",""
"render_module_circular_atlas","pRoteomics","pipeline.yml","459: consumes_optional: [""results/tables/06_modules_WGCNA/group_effects/<dataset>/"", ""results/tables/06_modules_WGCNA/module_annotation/<dataset>/"", ""results","REGISTRY_DEPENDENCY","results/source_data/10_biological_integration/wgcna_circular_atlas/global","","CONFIG","active",TRUE,"HIGH",""
"render_module_circular_atlas","pRoteomics","pipeline.yml","459: consumes_optional: [""results/tables/06_modules_WGCNA/group_effects/<dataset>/"", ""results/tables/06_modules_WGCNA/module_annotation/<dataset>/"", ""results","REGISTRY_DEPENDENCY","10_biological_integration","","CONFIG","active",TRUE,"HIGH",""
"render_module_circular_atlas","pRoteomics","pipeline.yml","983: - ""results/tables/10_biological_integration/wgcna_candidate_protein_shortlist/global/wgcna_candidate_proteins_all.csv""","NAMESPACE_BASENAME","10_biological_integration","","CONFIG","active",TRUE,"MEDIUM",""
"render_module_circular_atlas","pRoteomics","pipeline.yml","1003: - ""results/tables/10_biological_integration/wgcna_candidate_protein_shortlist/neuron_neuropil/wgcna_candidate_proteins_long.csv""","NAMESPACE_BASENAME","10_biological_integration","","CONFIG","active",TRUE,"MEDIUM",""
"render_module_circular_atlas","pRoteomics","pipeline.yml","1277: consumes_required: [""results/integration/build_cross_compartment_atlas/global/tables/cross_compartment_program_atlas_long.csv"", ""results/tables/10_biolo","REGISTRY_DEPENDENCY","10_biological_integration","","CONFIG","active",TRUE,"HIGH",""
"render_module_circular_atlas","pRoteomics","pipeline.yml","1278: consumes_optional: [""results/integration/build_cross_compartment_atlas/global/tables/cross_compartment_program_atlas.csv"", ""results/tables/10_biological","REGISTRY_DEPENDENCY","10_biological_integration","","CONFIG","active",TRUE,"HIGH",""
"render_module_circular_atlas","pRoteomics","pipeline.yml","1288: consumes_required: [""results/tables/04_differential_expression_enrichment/"", ""results/tables/06_modules_WGCNA/"", ""results/tables/06_modules_WGCNA/claim_","REGISTRY_DEPENDENCY","10_biological_integration","","CONFIG","active",TRUE,"HIGH",""
"render_module_circular_atlas","pRoteomics","pipeline.yml","1299: consumes_required: [""results/integration/build_cross_compartment_atlas/global/tables/cross_compartment_program_atlas_long.csv"", ""results/tables/10_biolo","REGISTRY_DEPENDENCY","10_biological_integration","","CONFIG","active",TRUE,"HIGH",""
"render_module_circular_atlas","pRoteomics","pipeline.yml","1321: consumes_required: [""results/integration/test_enrichment_module_concordance/global/tables/gsea_wgcna_concordance_long.csv"", ""results/tables/10_biologica","REGISTRY_DEPENDENCY","10_biological_integration","","CONFIG","active",TRUE,"HIGH",""
"render_module_circular_atlas","pRoteomics","pipeline.yml","1333: consumes_optional: [""results/integration/test_enrichment_module_concordance/global/tables/program_specific_leading_edge_module_overlap.csv"", ""results/ta","REGISTRY_DEPENDENCY","10_biological_integration","","CONFIG","active",TRUE,"HIGH",""
"render_module_circular_atlas","pRoteomics","pipeline.yml","1344: consumes_optional: [""results/integration/build_candidate_protein_shortlist/<dataset>/tables/wgcna_candidate_proteins_all.csv"", ""results/tables/10_biolog","REGISTRY_DEPENDENCY","10_biological_integration","","CONFIG","active",TRUE,"HIGH",""
"render_module_circular_atlas","pRoteomics","pipeline.yml","1365: consumes_required: [""data/processed/02_id_mapping/mapped/neuron_neuropil/forward/per_file/"", ""data/processed/01_preprocessing/protigy_input_animal_level","REGISTRY_DEPENDENCY","10_biological_integration","","CONFIG","active",TRUE,"HIGH",""
"render_module_circular_atlas","pRoteomics","pipeline.yml","1435: - ""results/tables/10_biological_integration/evidence_priority_matrix/global/evidence_priority_matrix.csv""","NAMESPACE_BASENAME","10_biological_integration","","CONFIG","active",TRUE,"MEDIUM",""
"render_module_circular_atlas","pRoteomics","pipeline.yml","1465: consumes_optional: [""results/tables/06_modules_WGCNA/01_WGCNA/"", ""results/tables/06_modules_WGCNA/module_annotation/"", ""results/tables/biological_claims","REGISTRY_DEPENDENCY","10_biological_integration","","CONFIG","active",TRUE,"HIGH",""
"render_module_circular_atlas","pRoteomics","pipeline.yml","1475: consumes_required: [""results/source_data/06_modules_WGCNA/interpretable_summary/neuron_neuropil/module_group_effects_main_heatmap_source.csv"", ""results/","REGISTRY_DEPENDENCY","10_biological_integration","","CONFIG","active",TRUE,"HIGH",""
"render_module_circular_atlas","pRoteomics","pipeline.yml","459: consumes_optional: [""results/tables/06_modules_WGCNA/group_effects/<dataset>/"", ""results/tables/06_modules_WGCNA/module_annotation/<dataset>/"", ""results","REGISTRY_DEPENDENCY","wgcna_circular_atlas","","CONFIG","active",TRUE,"HIGH",""
"render_module_circular_atlas","pRoteomics","pipeline.yml","1282: - script: ""analysis/publication_source_data/build_biological_claims_table.R""","NAMESPACE_BASENAME","publication_source_data","","CONFIG","active",TRUE,"MEDIUM",""
"render_module_circular_atlas","pRoteomics","pipeline.yml","1483: - script: ""analysis/publication_source_data/build_sample_metadata.R""","NAMESPACE_BASENAME","publication_source_data","","CONFIG","active",TRUE,"MEDIUM",""
"render_module_circular_atlas","pRoteomics","pipeline.yml","1494: - script: ""analysis/publication_source_data/export_processed_matrices.R""","NAMESPACE_BASENAME","publication_source_data","","CONFIG","active",TRUE,"MEDIUM",""
"render_module_circular_atlas","pRoteomics","pipeline.yml","1505: - script: ""analysis/publication_source_data/build_supplementary_tables.R""","NAMESPACE_BASENAME","publication_source_data","","CONFIG","active",TRUE,"MEDIUM",""
"render_module_circular_atlas","pRoteomics","pipeline.yml","1516: - script: ""analysis/publication_source_data/build_pride_manifest.R""","NAMESPACE_BASENAME","publication_source_data","","CONFIG","active",TRUE,"MEDIUM",""
"render_module_circular_atlas","pRoteomics","pipeline.yml","1527: - script: ""analysis/publication_source_data/build_methods_summary.R""","NAMESPACE_BASENAME","publication_source_data","","CONFIG","active",TRUE,"MEDIUM",""
"render_module_circular_atlas","pRoteomics","pipeline.yml","1538: - script: ""analysis/publication_source_data/08_export_manuscript_figures.R""","NAMESPACE_BASENAME","publication_source_data","","CONFIG","active",TRUE,"MEDIUM",""
"render_module_circular_atlas","pRoteomics","pipeline.yml","1549: - script: ""analysis/publication_source_data/09_export_source_data.R""","NAMESPACE_BASENAME","publication_source_data","","CONFIG","active",TRUE,"MEDIUM",""
"render_module_circular_atlas","pRoteomics","pipeline.yml","1560: - script: ""analysis/publication_source_data/validate_pride_submission.R""","NAMESPACE_BASENAME","publication_source_data","","CONFIG","active",TRUE,"MEDIUM",""
"render_module_circular_atlas","pRoteomics","pipeline.yml","1608: - script: ""analysis/publication_source_data/RUN_EXPORT.R""","NAMESPACE_BASENAME","publication_source_data","","CONFIG","active",TRUE,"MEDIUM",""
"render_module_circular_atlas","pRoteomics","analysis/publication_source_data/build_biological_claims_table.R","2079: expected_path = path_results(""tables"", ""10_biological_integration"", ""manuscript_program_summary"", ""global"", ""manuscript_program_summary.csv""),","NAMESPACE_BASENAME","10_biological_integration","resolve_input_path","DIRECT_READER","active",TRUE,"HIGH",""
"render_module_circular_atlas","pRoteomics","analysis/publication_source_data/build_biological_claims_table.R","2123: manuscript_summary_path <- path_results(""tables"", ""10_biological_integration"", ""manuscript_program_summary"", ""global"", ""manuscript_program_summary.csv"")","NAMESPACE_BASENAME","10_biological_integration","resolve_input_path","DIRECT_READER","active",TRUE,"HIGH",""
"render_module_circular_atlas","pRoteomics","analysis/integration/build_candidate_protein_shortlist.R","90: legacy_stage = ""10_biological_integration"",","NAMESPACE_BASENAME","10_biological_integration","","DOWNSTREAM_ANALYSIS","active",TRUE,"MEDIUM",""
"render_module_circular_atlas","pRoteomics","analysis/integration/build_candidate_protein_shortlist.R","108: ""10_biological_integration/"", SUBSTEP, ""/<dataset>/ and /global/.\n"", sep = """")","NAMESPACE_BASENAME","10_biological_integration","","DOWNSTREAM_ANALYSIS","active",TRUE,"MEDIUM",""
"render_module_circular_atlas","pRoteomics","analysis/integration/build_evidence_priority_matrix.R","31: legacy_stage = ""10_biological_integration"",","NAMESPACE_BASENAME","10_biological_integration","","DOWNSTREAM_ANALYSIS","active",TRUE,"MEDIUM",""
"render_module_circular_atlas","pRoteomics","analysis/integration/build_evidence_priority_matrix.R","35: legacy_stage = ""10_biological_integration"",","NAMESPACE_BASENAME","10_biological_integration","","DOWNSTREAM_ANALYSIS","active",TRUE,"MEDIUM",""
"render_module_circular_atlas","pRoteomics","analysis/integration/build_immunostaining_candidates.R","42: MODULE_ID <- ""10_biological_integration""","NAMESPACE_BASENAME","10_biological_integration","","DOWNSTREAM_ANALYSIS","active",TRUE,"MEDIUM",""
"render_module_circular_atlas","pRoteomics","analysis/integration/export_module_protein_zoom_source_data.R","43: legacy_stage = ""10_biological_integration"",","NAMESPACE_BASENAME","10_biological_integration","","DOWNSTREAM_ANALYSIS","active",TRUE,"MEDIUM",""
"render_module_circular_atlas","pRoteomics","analysis/integration/export_module_protein_zoom_source_data.R","273: local_context_source = ifelse(.data$ModuleID == ""WGCNA_m12"", ""results/tables/10_biological_integration/gsea_wgcna_concordance/global/program_specific_l","NAMESPACE_BASENAME","10_biological_integration","","DOWNSTREAM_ANALYSIS","active",TRUE,"MEDIUM",""
"render_module_circular_atlas","pRoteomics","analysis/integration/export_module_protein_zoom_source_data.R","289: legacy_stage = ""10_biological_integration"",","NAMESPACE_BASENAME","10_biological_integration","","DOWNSTREAM_ANALYSIS","active",TRUE,"MEDIUM",""
"render_module_circular_atlas","pRoteomics","analysis/integration/quantify_candidate_network_position.R","89: legacy_stage = ""10_biological_integration"",","NAMESPACE_BASENAME","10_biological_integration","","DOWNSTREAM_ANALYSIS","active",TRUE,"MEDIUM",""
"render_module_circular_atlas","pRoteomics","analysis/integration/quantify_candidate_network_position.R","107: ""10_biological_integration/"", SUBSTEP, ""/<dataset>/ and /global/.\n"", sep = """")","NAMESPACE_BASENAME","10_biological_integration","","DOWNSTREAM_ANALYSIS","active",TRUE,"MEDIUM",""
"render_module_circular_atlas","pRoteomics","analysis/integration/screen_immunostaining_separation.R","55: MODULE_ID <- ""10_biological_integration""","NAMESPACE_BASENAME","10_biological_integration","","DOWNSTREAM_ANALYSIS","active",TRUE,"MEDIUM",""
"render_module_circular_atlas","pRoteomics","analysis/integration/summarize_enrichment_module_concordance.R","56: legacy_stage = ""10_biological_integration"",","NAMESPACE_BASENAME","10_biological_integration","","DOWNSTREAM_ANALYSIS","active",TRUE,"MEDIUM",""
"render_module_circular_atlas","pRoteomics","analysis/integration/summarize_module_cross_compartment.R","66: legacy_stage = ""10_biological_integration"",","NAMESPACE_BASENAME","10_biological_integration","","DOWNSTREAM_ANALYSIS","active",TRUE,"MEDIUM",""
"render_module_circular_atlas","pRoteomics","analysis/integration/summarize_programs_for_manuscript.R","30: legacy_stage = ""10_biological_integration"",","NAMESPACE_BASENAME","10_biological_integration","","DOWNSTREAM_ANALYSIS","active",TRUE,"MEDIUM",""
"render_module_circular_atlas","pRoteomics","analysis/integration/summarize_programs_for_manuscript.R","34: legacy_stage = ""10_biological_integration"",","NAMESPACE_BASENAME","10_biological_integration","","DOWNSTREAM_ANALYSIS","active",TRUE,"MEDIUM",""
"render_module_circular_atlas","pRoteomics","analysis/publication_source_data/08_export_manuscript_figures.R","47: path_results(""figures"", ""10_biological_integration""),","NAMESPACE_BASENAME","10_biological_integration","","DOWNSTREAM_ANALYSIS","active",TRUE,"MEDIUM",""
"render_module_circular_atlas","pRoteomics","analysis/publication_source_data/08_export_manuscript_figures.R","64: dry_run_line(""Script"", ""analysis/publication_source_data/08_export_manuscript_figures.R"")","NAMESPACE_BASENAME","publication_source_data","","DOWNSTREAM_ANALYSIS","active",TRUE,"MEDIUM",""
"render_module_circular_atlas","pRoteomics","analysis/publication_source_data/09_export_source_data.R","52: dry_run_line(""Script"", ""analysis/publication_source_data/09_export_source_data.R"")","NAMESPACE_BASENAME","publication_source_data","","DOWNSTREAM_ANALYSIS","active",TRUE,"MEDIUM",""
"render_module_circular_atlas","pRoteomics","analysis/publication_source_data/build_biological_claims_table.R","26: SCRIPT_ID <- ""analysis/publication_source_data/build_biological_claims_table.R""","NAMESPACE_BASENAME","publication_source_data","","DOWNSTREAM_ANALYSIS","active",TRUE,"MEDIUM",""
"render_module_circular_atlas","pRoteomics","analysis/publication_source_data/build_biological_claims_table.R","2124: dry_run_line(""Script"", ""analysis/publication_source_data/build_biological_claims_table.R"")","NAMESPACE_BASENAME","publication_source_data","","DOWNSTREAM_ANALYSIS","active",TRUE,"MEDIUM",""
"render_module_circular_atlas","pRoteomics","analysis/publication_source_data/build_methods_summary.R","66: dry_run_line(""Script"", ""analysis/publication_source_data/build_methods_summary.R"")","NAMESPACE_BASENAME","publication_source_data","","DOWNSTREAM_ANALYSIS","active",TRUE,"MEDIUM",""
"render_module_circular_atlas","pRoteomics","analysis/publication_source_data/build_pride_manifest.R","58: dry_run_line(""Script"", ""analysis/publication_source_data/build_pride_manifest.R"")","NAMESPACE_BASENAME","publication_source_data","","DOWNSTREAM_ANALYSIS","active",TRUE,"MEDIUM",""
"render_module_circular_atlas","pRoteomics","analysis/publication_source_data/build_sample_metadata.R","43: dry_run_line(""Script"", ""analysis/publication_source_data/build_sample_metadata.R"")","NAMESPACE_BASENAME","publication_source_data","","DOWNSTREAM_ANALYSIS","active",TRUE,"MEDIUM",""
"render_module_circular_atlas","pRoteomics","analysis/publication_source_data/build_sample_metadata.R","150: dry_run_line(""Script"", ""analysis/publication_source_data/build_sample_metadata.R"")","NAMESPACE_BASENAME","publication_source_data","","DOWNSTREAM_ANALYSIS","active",TRUE,"MEDIUM",""
"render_module_circular_atlas","pRoteomics","analysis/publication_source_data/build_supplementary_tables.R","98: dry_run_line(""Script"", ""analysis/publication_source_data/build_supplementary_tables.R"")","NAMESPACE_BASENAME","publication_source_data","","DOWNSTREAM_ANALYSIS","active",TRUE,"MEDIUM",""
"render_module_circular_atlas","pRoteomics","analysis/publication_source_data/export_processed_matrices.R","96: dry_run_line(""Script"", ""analysis/publication_source_data/export_processed_matrices.R"")","NAMESPACE_BASENAME","publication_source_data","","DOWNSTREAM_ANALYSIS","active",TRUE,"MEDIUM",""
"render_module_circular_atlas","pRoteomics","analysis/publication_source_data/RUN_EXPORT.R","50: ""analysis/publication_source_data/build_sample_metadata.R"",","NAMESPACE_BASENAME","publication_source_data","","DOWNSTREAM_ANALYSIS","active",TRUE,"MEDIUM",""
"render_module_circular_atlas","pRoteomics","analysis/publication_source_data/RUN_EXPORT.R","51: ""analysis/publication_source_data/export_processed_matrices.R""","NAMESPACE_BASENAME","publication_source_data","","DOWNSTREAM_ANALYSIS","active",TRUE,"MEDIUM",""
"render_module_circular_atlas","pRoteomics","analysis/publication_source_data/RUN_EXPORT.R","53: if (!cli$skip_supplementary) steps <- c(steps, ""analysis/publication_source_data/build_supplementary_tables.R"")","NAMESPACE_BASENAME","publication_source_data","","DOWNSTREAM_ANALYSIS","active",TRUE,"MEDIUM",""
"render_module_circular_atlas","pRoteomics","analysis/publication_source_data/RUN_EXPORT.R","55: steps <- c(steps, ""analysis/publication_source_data/09_export_source_data.R"", ""analysis/publication_source_data/08_export_manuscript_figures.R"")","NAMESPACE_BASENAME","publication_source_data","","DOWNSTREAM_ANALYSIS","active",TRUE,"MEDIUM",""
"render_module_circular_atlas","pRoteomics","analysis/publication_source_data/RUN_EXPORT.R","57: if (!cli$skip_claims) steps <- c(steps, ""analysis/publication_source_data/build_biological_claims_table.R"")","NAMESPACE_BASENAME","publication_source_data","","DOWNSTREAM_ANALYSIS","active",TRUE,"MEDIUM",""
"render_module_circular_atlas","pRoteomics","analysis/publication_source_data/RUN_EXPORT.R","58: steps <- c(steps, ""analysis/publication_source_data/build_methods_summary.R"", ""analysis/publication_source_data/build_pride_manifest.R"")","NAMESPACE_BASENAME","publication_source_data","","DOWNSTREAM_ANALYSIS","active",TRUE,"MEDIUM",""
"render_module_circular_atlas","pRoteomics","analysis/publication_source_data/RUN_EXPORT.R","59: if (!cli$skip_validation) steps <- c(steps, ""analysis/publication_source_data/validate_pride_submission.R"")","NAMESPACE_BASENAME","publication_source_data","","DOWNSTREAM_ANALYSIS","active",TRUE,"MEDIUM",""
"render_module_circular_atlas","pRoteomics","analysis/publication_source_data/RUN_EXPORT.R","66: ""analysis/publication_source_data/09_export_source_data.R"",","NAMESPACE_BASENAME","publication_source_data","","DOWNSTREAM_ANALYSIS","active",TRUE,"MEDIUM",""
"render_module_circular_atlas","pRoteomics","analysis/publication_source_data/RUN_EXPORT.R","67: ""analysis/publication_source_data/08_export_manuscript_figures.R""","NAMESPACE_BASENAME","publication_source_data","","DOWNSTREAM_ANALYSIS","active",TRUE,"MEDIUM",""
"render_module_circular_atlas","pRoteomics","analysis/publication_source_data/validate_pride_submission.R","154: dry_run_line(""Script"", ""analysis/publication_source_data/validate_pride_submission.R"")","NAMESPACE_BASENAME","publication_source_data","","DOWNSTREAM_ANALYSIS","active",TRUE,"MEDIUM",""
"render_module_circular_atlas","pRoteomics","tools/export_publication_source_data.R","35: BUNDLE_ROOT <- path_export(""publication_source_data"")","NAMESPACE_BASENAME","publication_source_data","","EXPORTER","active",TRUE,"MEDIUM",""
"render_module_circular_atlas","pRoteomics","tools/generate_architecture_docs.R","42: ""publication_source_data"" = ""Publication source data and PRIDE export""","NAMESPACE_BASENAME","publication_source_data","","EXPORTER","active",TRUE,"MEDIUM",""
"render_module_circular_atlas","pRoteomics","tools/generate_architecture_docs.R","141: ""`results/publication_source_data/`; it never reads any other path in"",","NAMESPACE_BASENAME","publication_source_data","","EXPORTER","active",TRUE,"MEDIUM",""
"render_module_circular_atlas","pRoteomics","tools/migrate_publication_export_bundle.R","107: rec$owner <- ""analysis/publication_source_data/09_export_source_data.R""","NAMESPACE_BASENAME","publication_source_data","","EXPORTER","active",TRUE,"MEDIUM",""
"render_module_circular_atlas","pRoteomics","tools/normalize_script_headers.R","48: ""analysis/publication_source_data/08_export_manuscript_figures.R"",","NAMESPACE_BASENAME","publication_source_data","","EXPORTER","active",TRUE,"MEDIUM",""
"render_module_circular_atlas","pRoteomics","tools/normalize_script_headers.R","49: ""analysis/publication_source_data/09_export_source_data.R""","NAMESPACE_BASENAME","publication_source_data","","EXPORTER","active",TRUE,"MEDIUM",""
"render_module_circular_atlas","pRoteomics","analysis/spatial_validation/build_protein_spatial_atlas.R","53: CAND <- path_results(""tables"", ""10_biological_integration"",","NAMESPACE_BASENAME","10_biological_integration","path_results","INDIRECT_READER_VIA_HELPER","active",TRUE,"HIGH",""
"render_module_circular_atlas","pRoteomics","analysis/spatial_validation/quantify_neuropil_detection_context.R","58: LONG <- function(ds) path_results(""tables"", ""10_biological_integration"",","HELPER_FUNCTION","10_biological_integration","path_results","INDIRECT_READER_VIA_HELPER","active",TRUE,"HIGH",""
"render_module_circular_atlas","pRoteomics","audits/integration/07_gsea_wgcna_concordance_correction_audit.R","28: ""tables"", ""10_biological_integration"",","NAMESPACE_BASENAME","10_biological_integration","path_results","INDIRECT_READER_VIA_HELPER","active",TRUE,"HIGH",""
"render_module_circular_atlas","pRoteomics","audits/integration/07_gsea_wgcna_concordance_correction_audit.R","32: ""source_data"", ""10_biological_integration"",","NAMESPACE_BASENAME","10_biological_integration","path_results","INDIRECT_READER_VIA_HELPER","active",TRUE,"HIGH",""
"render_module_circular_atlas","pRoteomics","audits/integration/07_gsea_wgcna_concordance_correction_audit.R","221: ""tables"", ""10_biological_integration"", ""gsea_wgcna_concordance"", ""global""","NAMESPACE_BASENAME","10_biological_integration","path_results","INDIRECT_READER_VIA_HELPER","active",TRUE,"HIGH",""
"render_module_circular_atlas","pRoteomics","audits/spatial/spatial_v6_baseline_profile.R","59: GENE <- repo_path(""results"", ""tables"", ""10_biological_integration"",","NAMESPACE_BASENAME","10_biological_integration","repo_path","INDIRECT_READER_VIA_HELPER","active",TRUE,"HIGH",""
"render_module_circular_atlas","pRoteomics","audits/wgcna/proteomics_wgcna_downstream_audit.R","73: atlas <- read_required(file.path(""results"", ""tables"", ""10_biological_integration"", ""cross_compartment_program_atlas"", ""global"", ""cross_compartment_program_atl","NAMESPACE_BASENAME","10_biological_integration","file.path","INDIRECT_READER_VIA_HELPER","active",TRUE,"HIGH",""
"render_module_circular_atlas","pRoteomics","audits/wgcna/proteomics_wgcna_downstream_audit.R","122: segments <- read_required(file.path(""results"", ""source_data"", ""10_biological_integration"", ""wgcna_circular_atlas"", ""global"", ""wgcna_circular_atlas_segments.cs","NAMESPACE_BASENAME","10_biological_integration","file.path","INDIRECT_READER_VIA_HELPER","active",TRUE,"HIGH",""
"render_module_circular_atlas","pRoteomics","audits/wgcna/proteomics_wgcna_downstream_audit.R","130: duplicates <- read_required(file.path(""results"", ""reports"", ""10_biological_integration"", ""wgcna_circular_atlas"", ""global"", ""wgcna_circular_atlas_duplicate_sou","NAMESPACE_BASENAME","10_biological_integration","file.path","INDIRECT_READER_VIA_HELPER","active",TRUE,"HIGH",""
"render_module_circular_atlas","pRoteomics","audits/wgcna/proteomics_wgcna_downstream_audit.R","134: callout <- read_required(file.path(""results"", ""source_data"", ""10_biological_integration"", ""wgcna_circular_atlas"", ""global"", ""wgcna_supermodule_callout_source.","NAMESPACE_BASENAME","10_biological_integration","file.path","INDIRECT_READER_VIA_HELPER","active",TRUE,"HIGH",""
"render_module_circular_atlas","pRoteomics","audits/wgcna/proteomics_wgcna_downstream_audit.R","139: bundle <- file.path(""results"", ""tables"", ""10_biological_integration"", ""final_evidence_bundle"", ""global"")","NAMESPACE_BASENAME","10_biological_integration","file.path","INDIRECT_READER_VIA_HELPER","active",TRUE,"HIGH",""
"render_module_circular_atlas","pRoteomics","audits/wgcna/proteomics_wgcna_downstream_audit.R","122: segments <- read_required(file.path(""results"", ""source_data"", ""10_biological_integration"", ""wgcna_circular_atlas"", ""global"", ""wgcna_circular_atlas_segments.cs","NAMESPACE_BASENAME","wgcna_circular_atlas","file.path","INDIRECT_READER_VIA_HELPER","active",TRUE,"HIGH",""
"render_module_circular_atlas","pRoteomics","audits/wgcna/proteomics_wgcna_downstream_audit.R","130: duplicates <- read_required(file.path(""results"", ""reports"", ""10_biological_integration"", ""wgcna_circular_atlas"", ""global"", ""wgcna_circular_atlas_duplicate_sou","NAMESPACE_BASENAME","wgcna_circular_atlas","file.path","INDIRECT_READER_VIA_HELPER","active",TRUE,"HIGH",""
"render_module_circular_atlas","pRoteomics","audits/wgcna/proteomics_wgcna_downstream_audit.R","134: callout <- read_required(file.path(""results"", ""source_data"", ""10_biological_integration"", ""wgcna_circular_atlas"", ""global"", ""wgcna_supermodule_callout_source.","NAMESPACE_BASENAME","wgcna_circular_atlas","file.path","INDIRECT_READER_VIA_HELPER","active",TRUE,"HIGH",""
"render_module_circular_atlas","pRoteomics","R/data_contracts/publication_freeze_utils.R","134: ""analysis/publication_source_data/08_export_manuscript_figures.R"",","NAMESPACE_BASENAME","publication_source_data","","INDIRECT_READER_VIA_HELPER","active",TRUE,"MEDIUM",""
"render_module_circular_atlas","pRoteomics","R/data_contracts/publication_freeze_utils.R","135: ""analysis/publication_source_data/09_export_source_data.R""","NAMESPACE_BASENAME","publication_source_data","","INDIRECT_READER_VIA_HELPER","active",TRUE,"MEDIUM",""
"render_module_circular_atlas","pRoteomics","R/data_contracts/publication_freeze_utils.R","150: ""analysis/publication_source_data/08_export_manuscript_figures.R"" = c(","NAMESPACE_BASENAME","publication_source_data","","INDIRECT_READER_VIA_HELPER","active",TRUE,"MEDIUM",""
"render_module_circular_atlas","pRoteomics","R/data_contracts/publication_freeze_utils.R","154: ""analysis/publication_source_data/09_export_source_data.R"" = c(","NAMESPACE_BASENAME","publication_source_data","","INDIRECT_READER_VIA_HELPER","active",TRUE,"MEDIUM",""
"render_module_circular_atlas","pRoteomics","R/data_contracts/publication_freeze_utils.R","746: ""analysis/publication_source_data/build_supplementary_tables.R. (b) It affects the"",","NAMESPACE_BASENAME","publication_source_data","","INDIRECT_READER_VIA_HELPER","active",TRUE,"MEDIUM",""
"render_module_circular_atlas","pRoteomics","R/statistics/evidence_bundle_utils.R","588: bundle_dir <- path_results(""tables"", ""10_biological_integration"", ""final_evidence_bundle"", ""global"")","NAMESPACE_BASENAME","10_biological_integration","path_results","INDIRECT_READER_VIA_HELPER","active",TRUE,"HIGH",""
"render_module_circular_atlas","pRoteomics","R/statistics/evidence_bundle_utils.R","589: source_bundle_dir <- path_results(""source_data"", ""10_biological_integration"", ""final_evidence_bundle"", ""global"")","NAMESPACE_BASENAME","10_biological_integration","path_results","INDIRECT_READER_VIA_HELPER","active",TRUE,"HIGH",""
"render_module_circular_atlas","pRoteomics","R/statistics/evidence_bundle_utils.R","590: report_dir <- path_results(""reports"", ""10_biological_integration"", ""final_evidence_bundle"", ""global"")","NAMESPACE_BASENAME","10_biological_integration","path_results","INDIRECT_READER_VIA_HELPER","active",TRUE,"HIGH",""
"render_module_circular_atlas","pRoteomics","R/statistics/evidence_bundle_utils.R","591: log_dir <- path_results(""logs"", ""10_biological_integration"", ""final_evidence_bundle"", ""global"")","NAMESPACE_BASENAME","10_biological_integration","path_results","INDIRECT_READER_VIA_HELPER","active",TRUE,"HIGH",""
"render_module_circular_atlas","pRoteomics","R/statistics/evidence_bundle_utils.R","595: manuscript_program_summary = path_results(""tables"", ""10_biological_integration"", ""manuscript_program_summary"", ""global"", ""manuscript_program_summary.csv""),","NAMESPACE_BASENAME","10_biological_integration","path_results","INDIRECT_READER_VIA_HELPER","active",TRUE,"HIGH",""
"render_module_circular_atlas","pRoteomics","R/statistics/evidence_bundle_utils.R","596: evidence_priority_matrix = path_results(""tables"", ""10_biological_integration"", ""evidence_priority_matrix"", ""global"", ""evidence_priority_matrix.csv""),","NAMESPACE_BASENAME","10_biological_integration","path_results","INDIRECT_READER_VIA_HELPER","active",TRUE,"HIGH",""
"render_module_circular_atlas","pRoteomics","R/statistics/evidence_bundle_utils.R","597: cross_compartment_program_atlas = path_results(""tables"", ""10_biological_integration"", ""cross_compartment_program_atlas"", ""global"", ""cross_compartment_progra","NAMESPACE_BASENAME","10_biological_integration","path_results","INDIRECT_READER_VIA_HELPER","active",TRUE,"HIGH",""
"render_module_circular_atlas","pRoteomics","R/statistics/evidence_bundle_utils.R","508: ""analysis/integration/build_evidence_priority_matrix.R and analysis/publication_source_data/build_biological_claims_table.R"",","NAMESPACE_BASENAME","publication_source_data","","INDIRECT_READER_VIA_HELPER","active",TRUE,"MEDIUM",""
"render_module_circular_atlas","pRoteomics","R/statistics/evidence_bundle_utils.R","510: ""analysis/publication_source_data/build_biological_claims_table.R"",","NAMESPACE_BASENAME","publication_source_data","","INDIRECT_READER_VIA_HELPER","active",TRUE,"MEDIUM",""
"render_module_circular_atlas","pRoteomics","R/statistics/evidence_bundle_utils.R","511: ""analysis/publication_source_data/build_biological_claims_table.R"",","NAMESPACE_BASENAME","publication_source_data","","INDIRECT_READER_VIA_HELPER","active",TRUE,"MEDIUM",""
"render_module_circular_atlas","pRoteomics","R/statistics/evidence_bundle_utils.R","520: ""analysis/publication_source_data/build_biological_claims_table.R"",","NAMESPACE_BASENAME","publication_source_data","","INDIRECT_READER_VIA_HELPER","active",TRUE,"MEDIUM",""
"render_module_circular_atlas","pRoteomics","R/statistics/evidence_bundle_utils.R","521: ""analysis/publication_source_data/build_biological_claims_table.R""","NAMESPACE_BASENAME","publication_source_data","","INDIRECT_READER_VIA_HELPER","active",TRUE,"MEDIUM",""
"render_module_circular_atlas","pRoteomics","R/statistics/wgcna_identity_contract_utils.R","952: path = source_base(""10_biological_integration"", ""wgcna_circular_atlas"",","NAMESPACE_BASENAME","10_biological_integration","","INDIRECT_READER_VIA_HELPER","active",TRUE,"MEDIUM",""
"render_module_circular_atlas","pRoteomics","R/statistics/wgcna_identity_contract_utils.R","952: path = source_base(""10_biological_integration"", ""wgcna_circular_atlas"",","NAMESPACE_BASENAME","wgcna_circular_atlas","","INDIRECT_READER_VIA_HELPER","active",TRUE,"MEDIUM",""
"render_module_circular_atlas","pRoteomics","R/statistics/wgcna_label_adjudication_utils.R","830: c(""analysis/publication_source_data/build_biological_claims_table.R"",","NAMESPACE_BASENAME","publication_source_data","","INDIRECT_READER_VIA_HELPER","active",TRUE,"MEDIUM",""
"render_module_circular_atlas","pRoteomics","tools/audit_wgcna_support_status.R","73: repo_root(), ""results"", ""source_data"", ""10_biological_integration"",","NAMESPACE_BASENAME","10_biological_integration","file.path","INDIRECT_READER_VIA_HELPER","active",TRUE,"HIGH",""
"render_module_circular_atlas","pRoteomics","tools/audit_wgcna_support_status.R","83: repo_root(), ""results"", ""tables"", ""10_biological_integration"",","NAMESPACE_BASENAME","10_biological_integration","file.path","INDIRECT_READER_VIA_HELPER","active",TRUE,"HIGH",""
"render_module_circular_atlas","pRoteomics","tools/audit_wgcna_support_status.R","74: ""wgcna_circular_atlas"", ""global"",","NAMESPACE_BASENAME","wgcna_circular_atlas","file.path","INDIRECT_READER_VIA_HELPER","active",TRUE,"HIGH",""
"render_module_circular_atlas","pRoteomics","tests/smoke_test_active_script_contracts.R","200: bundle_path <- path_results(""tables"", ""10_biological_integration"", ""final_evidence_bundle"", ""global"")","TEST_FRAGMENT","10_biological_integration","path_results","TEST","active",TRUE,"HIGH",""
"render_module_circular_atlas","pRoteomics","tests/testthat/test-analysis-publication-boundary.R","50: manifest <- path_results(""publication_source_data"", ""manifest.csv"")","TEST_FRAGMENT","publication_source_data","path_results","TEST","active",TRUE,"HIGH",""
"render_module_circular_atlas","pRoteomics","tests/testthat/test-consumer-enumeration.R","29: ""analysis/publication_source_data/config/export_config.yml"",","TEST_FRAGMENT","publication_source_data","","TEST","active",TRUE,"MEDIUM",""
"render_module_circular_atlas","pRoteomics","tests/testthat/test-consumer-enumeration.R","73: g <- d[d$consumer_file == ""analysis/publication_source_data/config/export_config.yml"", ]","TEST_FRAGMENT","publication_source_data","","TEST","active",TRUE,"MEDIUM",""
"render_module_circular_atlas","pRoteomics","tests/testthat/test-enrichment-writer-namespace.R","174: fig <- paste(readLines(repo_path(""analysis"", ""publication_source_data"",","TEST_FRAGMENT","publication_source_data","readLines","TEST","active",TRUE,"HIGH",""
"render_module_circular_atlas","pRoteomics","tests/testthat/test-enrichment-writer-namespace.R","181: cfg <- repo_path(""analysis"", ""publication_source_data"", ""config"", ""export_config.yml"")","TEST_FRAGMENT","publication_source_data","readLines","TEST","active",TRUE,"HIGH",""
"render_module_circular_atlas","pRoteomics","tests/testthat/test-export-dry-run-hygiene.R","22: ""analysis/publication_source_data/08_export_manuscript_figures.R"",","TEST_FRAGMENT","publication_source_data","readLines","TEST","active",TRUE,"HIGH",""
"render_module_circular_atlas","pRoteomics","tests/testthat/test-export-dry-run-hygiene.R","23: ""analysis/publication_source_data/09_export_source_data.R""","TEST_FRAGMENT","publication_source_data","readLines","TEST","active",TRUE,"HIGH",""
"render_module_circular_atlas","pRoteomics","tests/testthat/test-export-dry-run-hygiene.R","47: src <- readLines(file.path(repo, ""analysis/publication_source_data/RUN_EXPORT.R""), warn = FALSE)","TEST_FRAGMENT","publication_source_data","readLines","TEST","active",TRUE,"HIGH",""
"render_module_circular_atlas","pRoteomics","tests/testthat/test-export-dry-run-hygiene.R","183: file.path(repo, ""analysis/publication_source_data/08_export_manuscript_figures.R""), warn = FALSE","TEST_FRAGMENT","publication_source_data","readLines","TEST","active",TRUE,"HIGH",""
"render_module_circular_atlas","pRoteomics","tests/testthat/test-export-dry-run-hygiene.R","274: file.path(repo, ""analysis/publication_source_data/08_export_manuscript_figures.R""), warn = FALSE","TEST_FRAGMENT","publication_source_data","readLines","TEST","active",TRUE,"HIGH",""
"render_module_circular_atlas","pRoteomics","tests/testthat/test-export-target-path-budget.R","59: ""10_biological_integration/diagnostic.svg""","TEST_FRAGMENT","10_biological_integration","","TEST","active",TRUE,"MEDIUM",""
"render_module_circular_atlas","pRoteomics","tests/testthat/test-export-target-path-budget.R","230: for (root in c(""manuscript_panels"", ""10_biological_integration"",","TEST_FRAGMENT","10_biological_integration","","TEST","active",TRUE,"MEDIUM",""
"render_module_circular_atlas","pRoteomics","tests/testthat/test-export-target-path-budget.R","5: exporter <- file.path(repo, ""analysis"", ""publication_source_data"", ""08_export_manuscript_figures.R"")","TEST_FRAGMENT","publication_source_data","file.path","TEST","active",TRUE,"HIGH",""
"render_module_circular_atlas","pRoteomics","tests/testthat/test-immunostaining-candidate-comparison.R","16: SRC <- repo(""results"", ""source_data"", ""10_biological_integration"",","TEST_FRAGMENT","10_biological_integration","","TEST","active",TRUE,"MEDIUM",""
"render_module_circular_atlas","pRoteomics","tests/testthat/test-immunostaining-candidate-comparison.R","114: PSRC <- repo(""results"", ""source_data"", ""10_biological_integration"",","TEST_FRAGMENT","10_biological_integration","","TEST","active",TRUE,"MEDIUM",""
"render_module_circular_atlas","pRoteomics","tests/testthat/test-immunostaining-candidate-comparison.R","207: SSRC <- repo(""results"", ""source_data"", ""10_biological_integration"",","TEST_FRAGMENT","10_biological_integration","","TEST","active",TRUE,"MEDIUM",""
"render_module_circular_atlas","pRoteomics","tests/testthat/test-integration-writer-namespace.R","34: STAGES <- c(""10_biological_integration"", ""08_behavior_physio_coupling"")","TEST_FRAGMENT","10_biological_integration","file.path","TEST","active",TRUE,"HIGH",""
"render_module_circular_atlas","pRoteomics","tests/testthat/test-integration-writer-namespace.R","237: ld <- file.path(tmp, ""results"", ""tables"", ""10_biological_integration"", sub, ""global"")","TEST_FRAGMENT","10_biological_integration","file.path","TEST","active",TRUE,"HIGH",""
"render_module_circular_atlas","pRoteomics","tests/testthat/test-integration-writer-namespace.R","255: legacy_stage = ""10_biological_integration"",","TEST_FRAGMENT","10_biological_integration","file.path","TEST","active",TRUE,"HIGH",""
"render_module_circular_atlas","pRoteomics","tests/testthat/test-integration-writer-namespace.R","302: ld <- file.path(tmp, ""results"", ""tables"", ""10_biological_integration"", sub, ""global"")","TEST_FRAGMENT","10_biological_integration","file.path","TEST","active",TRUE,"HIGH",""
"render_module_circular_atlas","pRoteomics","tests/testthat/test-integration-writer-namespace.R","309: legacy_stage = ""10_biological_integration"",","TEST_FRAGMENT","10_biological_integration","file.path","TEST","active",TRUE,"HIGH",""
"render_module_circular_atlas","pRoteomics","tests/testthat/test-integration-writer-namespace.R","357: hist <- path_results(""reports"", ""10_biological_integration"",","TEST_FRAGMENT","10_biological_integration","file.path","TEST","active",TRUE,"HIGH",""
"render_module_circular_atlas","pRoteomics","tests/testthat/test-integration-writer-namespace.R","358: ""wgcna_circular_atlas"", ""global"", STAGE13_OLD)","TEST_FRAGMENT","wgcna_circular_atlas","path_results","TEST","active",TRUE,"HIGH",""
"render_module_circular_atlas","pRoteomics","tests/testthat/test-integration-writer-namespace.R","365: i <- which(s$script == ""analysis/publication_source_data/build_biological_claims_table.R"")","TEST_FRAGMENT","publication_source_data","readLines","TEST","active",TRUE,"HIGH",""
"render_module_circular_atlas","pRoteomics","tests/testthat/test-integration-writer-namespace.R","384: for (dom in c(""wgcna"", ""preprocessing"", ""publication_source_data"")) {","TEST_FRAGMENT","publication_source_data","readLines","TEST","active",TRUE,"HIGH",""
"render_module_circular_atlas","pRoteomics","tests/testthat/test-integration-writer-namespace.R","478: ex <- paste(readLines(repo_path(""analysis"", ""publication_source_data"",","TEST_FRAGMENT","publication_source_data","readLines","TEST","active",TRUE,"HIGH",""
"render_module_circular_atlas","pRoteomics","tests/testthat/test-output-layout-contract.R","172: dst <- repo_path(""exports"", ""publication_source_data"")","TEST_FRAGMENT","publication_source_data","file.path","TEST","active",TRUE,"HIGH",""
"render_module_circular_atlas","pRoteomics","tests/testthat/test-output-layout-contract.R","184: f <- file.path(dst, sub(""^results/publication_source_data/"", """", m$exported_file[i]))","TEST_FRAGMENT","publication_source_data","file.path","TEST","active",TRUE,"HIGH",""
"render_module_circular_atlas","pRoteomics","tests/testthat/test-output-layout-contract.R","200: mf <- repo_path(""exports"", ""publication_source_data"", ""manifest.csv"")","TEST_FRAGMENT","publication_source_data","file.path","TEST","active",TRUE,"HIGH",""
"render_module_circular_atlas","pRoteomics","tests/testthat/test-pipeline-registry.R","143: testthat::expect_true(grepl(""analysis/publication_source_data/"", readme, fixed = TRUE))","TEST_FRAGMENT","publication_source_data","expect_true","TEST","active",TRUE,"MEDIUM",""
"render_module_circular_atlas","pRoteomics","tests/testthat/test-program-evidence-audit.R","35: TH <- rd(repo_path(""results"", ""tables"", ""10_biological_integration"",","TEST_FRAGMENT","10_biological_integration","repo_path","TEST","active",TRUE,"HIGH",""
"render_module_circular_atlas","pRoteomics","tests/testthat/test-publication-freeze-manifest.R","206: ""not analysis/publication_source_data/build_supplementary_tables.R"",","TEST_FRAGMENT","publication_source_data","expect_match","TEST","active",TRUE,"MEDIUM",""
"render_module_circular_atlas","pRoteomics","tests/testthat/test-qc-writer-namespace.R","480: txt <- paste(readLines(repo_path(""analysis"", ""publication_source_data"",","TEST_FRAGMENT","publication_source_data","readLines","TEST","active",TRUE,"HIGH",""
"render_module_circular_atlas","pRoteomics","tests/testthat/test-source-data-export-copy.R","6: exporter <- file.path(repo, ""analysis"", ""publication_source_data"", ""09_export_source_data.R"")","TEST_FRAGMENT","publication_source_data","file.path","TEST","active",TRUE,"HIGH",""
"render_module_circular_atlas","pRoteomics","tests/testthat/test-source-data-export-copy.R","225: ""analysis/publication_source_data/build_pride_manifest.R"",","TEST_FRAGMENT","publication_source_data","file.path","TEST","active",TRUE,"HIGH",""
"render_module_circular_atlas","pRoteomics","tests/testthat/test-source-data-export-copy.R","226: ""analysis/publication_source_data/validate_pride_submission.R"",","TEST_FRAGMENT","publication_source_data","file.path","TEST","active",TRUE,"HIGH",""
"render_module_circular_atlas","pRoteomics","tests/testthat/test-source-data-export-copy.R","227: ""analysis/publication_source_data/export_processed_matrices.R"",","TEST_FRAGMENT","publication_source_data","file.path","TEST","active",TRUE,"HIGH",""
"render_module_circular_atlas","pRoteomics","tests/testthat/test-source-data-export-copy.R","228: ""analysis/publication_source_data/build_supplementary_tables.R"")","TEST_FRAGMENT","publication_source_data","file.path","TEST","active",TRUE,"HIGH",""
"render_module_circular_atlas","pRoteomics","tests/testthat/test-source-data-journal-scope.R","220: ""results/tables/10_biological_integration/gsea_wgcna_concordance/global/"",","TEST_FRAGMENT","10_biological_integration","","TEST","active",TRUE,"MEDIUM",""
"render_module_circular_atlas","pRoteomics","tests/testthat/test-source-data-journal-scope.R","224: ""results/source_data/10_biological_integration/gsea_wgcna_concordance/global/"",","TEST_FRAGMENT","10_biological_integration","","TEST","active",TRUE,"MEDIUM",""
"render_module_circular_atlas","pRoteomics","tests/testthat/test-source-data-journal-scope.R","228: ""results/source_data/10_biological_integration/gsea_wgcna_concordance/global/"",","TEST_FRAGMENT","10_biological_integration","","TEST","active",TRUE,"MEDIUM",""
"render_module_circular_atlas","pRoteomics","tests/testthat/test-source-data-journal-scope.R","5: exporter <- file.path(repo, ""analysis"", ""publication_source_data"", ""09_export_source_data.R"")","TEST_FRAGMENT","publication_source_data","file.path","TEST","active",TRUE,"HIGH",""
"render_module_circular_atlas","pRoteomics","tests/testthat/test-source-data-journal-scope.R","323: ""analysis/publication_source_data/build_pride_manifest.R"",","TEST_FRAGMENT","publication_source_data","file.path","TEST","active",TRUE,"HIGH",""
"render_module_circular_atlas","pRoteomics","tests/testthat/test-source-data-journal-scope.R","324: ""analysis/publication_source_data/validate_pride_submission.R"",","TEST_FRAGMENT","publication_source_data","file.path","TEST","active",TRUE,"HIGH",""
"render_module_circular_atlas","pRoteomics","tests/testthat/test-source-data-journal-scope.R","325: ""analysis/publication_source_data/export_processed_matrices.R"",","TEST_FRAGMENT","publication_source_data","file.path","TEST","active",TRUE,"HIGH",""
"render_module_circular_atlas","pRoteomics","tests/testthat/test-source-data-journal-scope.R","326: ""analysis/publication_source_data/build_supplementary_tables.R"")","TEST_FRAGMENT","publication_source_data","file.path","TEST","active",TRUE,"HIGH",""
"render_module_circular_atlas","pRoteomics","tests/testthat/test-wgcna-candidate-protein-shortlist.R","496: path_results(""tables"", ""10_biological_integration"",","TEST_FRAGMENT","10_biological_integration","path_results","TEST","active",TRUE,"HIGH",""
"render_module_circular_atlas","pRoteomics","tests/testthat/test-wgcna-candidate-protein-shortlist.R","637: ""tables"", ""10_biological_integration"",","TEST_FRAGMENT","10_biological_integration","path_results","TEST","active",TRUE,"HIGH",""
"render_module_circular_atlas","pRoteomics","tests/testthat/test-wgcna-candidate-protein-shortlist.R","680: out_root <- path_results(""tables"", ""10_biological_integration"",","TEST_FRAGMENT","10_biological_integration","path_results","TEST","active",TRUE,"HIGH",""
"render_module_circular_atlas","pRoteomics","tests/testthat/test-wgcna-candidate-protein-shortlist.R","902: path_results(""tables"", ""10_biological_integration"",","TEST_FRAGMENT","10_biological_integration","path_results","TEST","active",TRUE,"HIGH",""
"render_module_circular_atlas","pRoteomics","tests/testthat/test-wgcna-candidate-protein-shortlist.R","963: csv <- path_results(""tables"", ""10_biological_integration"",","TEST_FRAGMENT","10_biological_integration","path_results","TEST","active",TRUE,"HIGH",""
"render_module_circular_atlas","pRoteomics","tests/testthat/test-wgcna-candidate-protein-shortlist.R","1021: csv <- path_results(""tables"", ""10_biological_integration"",","TEST_FRAGMENT","10_biological_integration","path_results","TEST","active",TRUE,"HIGH",""
"render_module_circular_atlas","pRoteomics","tests/testthat/test-wgcna-circular-atlas-tier-specific-fdr.R","114: ""results"", ""source_data"", ""10_biological_integration"",","TEST_FRAGMENT","10_biological_integration","file.path","TEST","active",TRUE,"HIGH",""
"render_module_circular_atlas","pRoteomics","tests/testthat/test-wgcna-circular-atlas-tier-specific-fdr.R","249: ""results"", ""source_data"", ""10_biological_integration"",","TEST_FRAGMENT","10_biological_integration","file.path","TEST","active",TRUE,"HIGH",""
"render_module_circular_atlas","pRoteomics","tests/testthat/test-wgcna-circular-atlas-tier-specific-fdr.R","348: ""results"", ""source_data"", ""10_biological_integration"",","TEST_FRAGMENT","10_biological_integration","file.path","TEST","active",TRUE,"HIGH",""
"render_module_circular_atlas","pRoteomics","tests/testthat/test-wgcna-circular-atlas-tier-specific-fdr.R","482: ""results"", ""source_data"", ""10_biological_integration"",","TEST_FRAGMENT","10_biological_integration","file.path","TEST","active",TRUE,"HIGH",""
"render_module_circular_atlas","pRoteomics","tests/testthat/test-wgcna-circular-atlas-tier-specific-fdr.R","609: ""results"", ""figures"", ""10_biological_integration"",","TEST_FRAGMENT","10_biological_integration","file.path","TEST","active",TRUE,"HIGH",""
"render_module_circular_atlas","pRoteomics","tests/testthat/test-wgcna-circular-atlas-tier-specific-fdr.R","115: ""wgcna_circular_atlas"", ""global""","TEST_FRAGMENT","wgcna_circular_atlas","file.path","TEST","active",TRUE,"HIGH",""
"render_module_circular_atlas","pRoteomics","tests/testthat/test-wgcna-circular-atlas-tier-specific-fdr.R","250: ""wgcna_circular_atlas"", ""global""","TEST_FRAGMENT","wgcna_circular_atlas","file.path","TEST","active",TRUE,"HIGH",""
"render_module_circular_atlas","pRoteomics","tests/testthat/test-wgcna-circular-atlas-tier-specific-fdr.R","349: ""wgcna_circular_atlas"", ""global""","TEST_FRAGMENT","wgcna_circular_atlas","file.path","TEST","active",TRUE,"HIGH",""
"render_module_circular_atlas","pRoteomics","tests/testthat/test-wgcna-circular-atlas-tier-specific-fdr.R","483: ""wgcna_circular_atlas"", ""global""","TEST_FRAGMENT","wgcna_circular_atlas","file.path","TEST","active",TRUE,"HIGH",""
"render_module_circular_atlas","pRoteomics","tests/testthat/test-wgcna-circular-atlas-tier-specific-fdr.R","610: ""wgcna_circular_atlas"", ""global""","TEST_FRAGMENT","wgcna_circular_atlas","file.path","TEST","active",TRUE,"HIGH",""
"render_module_circular_atlas","pRoteomics","tests/testthat/test-wgcna-group-effect-consumer-utils.R","587: ""analysis/publication_source_data/build_biological_claims_table.R"",","TEST_FRAGMENT","publication_source_data","readLines","TEST","active",TRUE,"HIGH",""
"render_module_circular_atlas","pRoteomics","tests/testthat/test-wgcna-stage13-downstream-integration.R","76: ""results"", ""tables"", ""10_biological_integration"", ""cross_compartment_program_atlas"",","TEST_FRAGMENT","10_biological_integration","","TEST","active",TRUE,"MEDIUM",""
"render_module_circular_atlas","pRoteomics","tests/testthat/test-wgcna-stage13-downstream-integration.R","141: ""results"", ""tables"", ""10_biological_integration"", ""manuscript_program_summary"",","TEST_FRAGMENT","10_biological_integration","","TEST","active",TRUE,"MEDIUM",""
"render_module_circular_atlas","pRoteomics","tests/testthat/test-wgcna-stage13-downstream-integration.R","205: ""results"", ""source_data"", ""10_biological_integration"", ""wgcna_circular_atlas"",","TEST_FRAGMENT","10_biological_integration","","TEST","active",TRUE,"MEDIUM",""
"render_module_circular_atlas","pRoteomics","tests/testthat/test-wgcna-stage13-downstream-integration.R","230: ""results"", ""tables"", ""10_biological_integration"", ""wgcna_cross_compartment_overview"",","TEST_FRAGMENT","10_biological_integration","","TEST","active",TRUE,"MEDIUM",""
"render_module_circular_atlas","pRoteomics","tests/testthat/test-wgcna-stage13-downstream-integration.R","244: bundle <- stage13_test_path(""results"", ""tables"", ""10_biological_integration"", ""final_evidence_bundle"", ""global"")","TEST_FRAGMENT","10_biological_integration","","TEST","active",TRUE,"MEDIUM",""
"render_module_circular_atlas","pRoteomics","tests/testthat/test-wgcna-stage13-downstream-integration.R","205: ""results"", ""source_data"", ""10_biological_integration"", ""wgcna_circular_atlas"",","TEST_FRAGMENT","wgcna_circular_atlas","","TEST","active",TRUE,"MEDIUM",""
"render_module_circular_atlas","pRoteomics","pipeline.yml","459: consumes_optional: [""results/tables/06_modules_WGCNA/group_effects/<dataset>/"", ""results/tables/06_modules_WGCNA/module_annotation/<dataset>/"", ""results","REGISTRY_DEPENDENCY","render_module_circular_atlas","","CONFIG","active",FALSE,"HIGH",""
"render_module_circular_atlas","pRoteomics","pipeline.yml","1381: - script: ""analysis/integration/render_module_circular_atlas.R""","ANALYSIS_REFERENCE","render_module_circular_atlas","","CONFIG","active",FALSE,"MEDIUM",""
"render_module_circular_atlas","pRoteomics","pipeline.yml","1387: - ""results/integration/render_module_circular_atlas/global/plots""","ANALYSIS_REFERENCE","render_module_circular_atlas","","CONFIG","active",FALSE,"MEDIUM",""
"render_module_circular_atlas","pRoteomics","pipeline.yml","1388: - ""results/integration/render_module_circular_atlas/global/plots/wgcna_circular_atlas_main.svg""","ANALYSIS_REFERENCE","render_module_circular_atlas","","CONFIG","active",FALSE,"MEDIUM",""
"render_module_circular_atlas","pRoteomics","pipeline.yml","1389: - ""results/integration/render_module_circular_atlas/global/plots/wgcna_circular_atlas_main.pdf""","ANALYSIS_REFERENCE","render_module_circular_atlas","","CONFIG","active",FALSE,"MEDIUM",""
"render_module_circular_atlas","pRoteomics","pipeline.yml","1390: - ""results/integration/render_module_circular_atlas/global/plots/wgcna_circular_atlas_selected_only.svg""","ANALYSIS_REFERENCE","render_module_circular_atlas","","CONFIG","active",FALSE,"MEDIUM",""
"render_module_circular_atlas","pRoteomics","pipeline.yml","1391: - ""results/integration/render_module_circular_atlas/global/plots/wgcna_circular_atlas_selected_only.pdf""","ANALYSIS_REFERENCE","render_module_circular_atlas","","CONFIG","active",FALSE,"MEDIUM",""
"render_module_circular_atlas","pRoteomics","pipeline.yml","1392: - ""results/integration/render_module_circular_atlas/global/plots/wgcna_circular_heatmap_all_datasets.svg""","ANALYSIS_REFERENCE","render_module_circular_atlas","","CONFIG","active",FALSE,"MEDIUM",""
"render_module_circular_atlas","pRoteomics","pipeline.yml","1393: - ""results/integration/render_module_circular_atlas/global/plots/wgcna_circular_heatmap_all_datasets.pdf""","ANALYSIS_REFERENCE","render_module_circular_atlas","","CONFIG","active",FALSE,"MEDIUM",""
"render_module_circular_atlas","pRoteomics","pipeline.yml","1394: - ""results/integration/render_module_circular_atlas/global/plots/wgcna_circular_heatmap_neuron_neuropil.svg""","ANALYSIS_REFERENCE","render_module_circular_atlas","","CONFIG","active",FALSE,"MEDIUM",""
"render_module_circular_atlas","pRoteomics","pipeline.yml","1395: - ""results/integration/render_module_circular_atlas/global/plots/wgcna_circular_heatmap_neuron_neuropil.pdf""","ANALYSIS_REFERENCE","render_module_circular_atlas","","CONFIG","active",FALSE,"MEDIUM",""
"render_module_circular_atlas","pRoteomics","pipeline.yml","1396: - ""results/integration/render_module_circular_atlas/global/plots/wgcna_circular_heatmap_neuron_soma.svg""","ANALYSIS_REFERENCE","render_module_circular_atlas","","CONFIG","active",FALSE,"MEDIUM",""
"render_module_circular_atlas","pRoteomics","pipeline.yml","1397: - ""results/integration/render_module_circular_atlas/global/plots/wgcna_circular_heatmap_neuron_soma.pdf""","ANALYSIS_REFERENCE","render_module_circular_atlas","","CONFIG","active",FALSE,"MEDIUM",""
"render_module_circular_atlas","pRoteomics","pipeline.yml","1398: - ""results/integration/render_module_circular_atlas/global/plots/wgcna_circular_heatmap_microglia.svg""","ANALYSIS_REFERENCE","render_module_circular_atlas","","CONFIG","active",FALSE,"MEDIUM",""
"render_module_circular_atlas","pRoteomics","pipeline.yml","1399: - ""results/integration/render_module_circular_atlas/global/plots/wgcna_circular_heatmap_microglia.pdf""","ANALYSIS_REFERENCE","render_module_circular_atlas","","CONFIG","active",FALSE,"MEDIUM",""
"render_module_circular_atlas","pRoteomics","pipeline.yml","1400: - ""results/integration/render_module_circular_atlas/global/plots/wgcna_circular_publication_supermodule_effect_heatmap_all_datasets.svg""","ANALYSIS_REFERENCE","render_module_circular_atlas","","CONFIG","active",FALSE,"MEDIUM",""
"render_module_circular_atlas","pRoteomics","pipeline.yml","1401: - ""results/integration/render_module_circular_atlas/global/plots/wgcna_circular_publication_supermodule_effect_heatmap_all_datasets.pdf""","ANALYSIS_REFERENCE","render_module_circular_atlas","","CONFIG","active",FALSE,"MEDIUM",""
"render_module_circular_atlas","pRoteomics","pipeline.yml","1402: - ""results/integration/render_module_circular_atlas/global/plots/wgcna_circular_publication_supermodule_effect_heatmap_neuron_neuropil.svg""","ANALYSIS_REFERENCE","render_module_circular_atlas","","CONFIG","active",FALSE,"MEDIUM",""
"render_module_circular_atlas","pRoteomics","pipeline.yml","1403: - ""results/integration/render_module_circular_atlas/global/plots/wgcna_circular_publication_supermodule_effect_heatmap_neuron_neuropil.pdf""","ANALYSIS_REFERENCE","render_module_circular_atlas","","CONFIG","active",FALSE,"MEDIUM",""
"render_module_circular_atlas","pRoteomics","pipeline.yml","1404: - ""results/integration/render_module_circular_atlas/global/plots/wgcna_circular_publication_supermodule_effect_heatmap_neuron_soma.svg""","ANALYSIS_REFERENCE","render_module_circular_atlas","","CONFIG","active",FALSE,"MEDIUM",""
"render_module_circular_atlas","pRoteomics","pipeline.yml","1405: - ""results/integration/render_module_circular_atlas/global/plots/wgcna_circular_publication_supermodule_effect_heatmap_neuron_soma.pdf""","ANALYSIS_REFERENCE","render_module_circular_atlas","","CONFIG","active",FALSE,"MEDIUM",""
"render_module_circular_atlas","pRoteomics","pipeline.yml","1406: - ""results/integration/render_module_circular_atlas/global/plots/wgcna_circular_publication_supermodule_effect_heatmap_microglia.svg""","ANALYSIS_REFERENCE","render_module_circular_atlas","","CONFIG","active",FALSE,"MEDIUM",""
"render_module_circular_atlas","pRoteomics","pipeline.yml","1407: - ""results/integration/render_module_circular_atlas/global/plots/wgcna_circular_publication_supermodule_effect_heatmap_microglia.pdf""","ANALYSIS_REFERENCE","render_module_circular_atlas","","CONFIG","active",FALSE,"MEDIUM",""
"render_module_circular_atlas","pRoteomics","pipeline.yml","1408: - ""results/integration/render_module_circular_atlas/global/plots/wgcna_region_layer_heatmap_all_modules.svg""","ANALYSIS_REFERENCE","render_module_circular_atlas","","CONFIG","active",FALSE,"MEDIUM",""
"render_module_circular_atlas","pRoteomics","pipeline.yml","1409: - ""results/integration/render_module_circular_atlas/global/plots/wgcna_region_layer_heatmap_all_modules.pdf""","ANALYSIS_REFERENCE","render_module_circular_atlas","","CONFIG","active",FALSE,"MEDIUM",""
"render_module_circular_atlas","pRoteomics","pipeline.yml","1410: - ""results/integration/render_module_circular_atlas/global/tables/wgcna_circular_atlas_metrics.csv""","ANALYSIS_REFERENCE","render_module_circular_atlas","","CONFIG","active",FALSE,"MEDIUM",""
"render_module_circular_atlas","pRoteomics","pipeline.yml","1411: - ""results/integration/render_module_circular_atlas/global/tables/source_data""","ANALYSIS_REFERENCE","render_module_circular_atlas","","CONFIG","active",FALSE,"MEDIUM",""
"render_module_circular_atlas","pRoteomics","pipeline.yml","1412: - ""results/integration/render_module_circular_atlas/global/tables/source_data/wgcna_circular_atlas_segments.csv""","ANALYSIS_REFERENCE","render_module_circular_atlas","","CONFIG","active",FALSE,"MEDIUM",""
"render_module_circular_atlas","pRoteomics","pipeline.yml","1413: - ""results/integration/render_module_circular_atlas/global/tables/source_data/wgcna_circular_atlas_plot_source.csv""","ANALYSIS_REFERENCE","render_module_circular_atlas","","CONFIG","active",FALSE,"MEDIUM",""
"render_module_circular_atlas","pRoteomics","pipeline.yml","1414: - ""results/integration/render_module_circular_atlas/global/tables/source_data/wgcna_circular_heatmap_source_supermodule.csv""","ANALYSIS_REFERENCE","render_module_circular_atlas","","CONFIG","active",FALSE,"MEDIUM",""
"render_module_circular_atlas","pRoteomics","pipeline.yml","1415: - ""results/integration/render_module_circular_atlas/global/tables/source_data/wgcna_circular_heatmap_source_module.csv""","ANALYSIS_REFERENCE","render_module_circular_atlas","","CONFIG","active",FALSE,"MEDIUM",""
"render_module_circular_atlas","pRoteomics","pipeline.yml","1416: - ""results/integration/render_module_circular_atlas/global/tables/source_data/wgcna_circular_heatmap_layout_all_datasets.csv""","ANALYSIS_REFERENCE","render_module_circular_atlas","","CONFIG","active",FALSE,"MEDIUM",""
"render_module_circular_atlas","pRoteomics","pipeline.yml","1417: - ""results/integration/render_module_circular_atlas/global/tables/source_data/wgcna_circular_publication_supermodule_effect_heatmap_source.csv""","ANALYSIS_REFERENCE","render_module_circular_atlas","","CONFIG","active",FALSE,"MEDIUM",""
"render_module_circular_atlas","pRoteomics","pipeline.yml","1418: - ""results/integration/render_module_circular_atlas/global/tables/source_data/wgcna_circular_publication_supermodule_effect_heatmap_layout_all_dataset","ANALYSIS_REFERENCE","render_module_circular_atlas","","CONFIG","active",FALSE,"MEDIUM",""
"render_module_circular_atlas","pRoteomics","pipeline.yml","1419: - ""results/integration/render_module_circular_atlas/global/reports/wgcna_circular_atlas_input_status.csv""","ANALYSIS_REFERENCE","render_module_circular_atlas","","CONFIG","active",FALSE,"MEDIUM",""
"render_module_circular_atlas","pRoteomics","pipeline.yml","1420: - ""results/integration/render_module_circular_atlas/global/reports/wgcna_circular_vs_publication_heatmap_source_audit.csv""","ANALYSIS_REFERENCE","render_module_circular_atlas","","CONFIG","active",FALSE,"MEDIUM",""
"render_module_circular_atlas","pRoteomics","pipeline.yml","1421: - ""results/integration/render_module_circular_atlas/global/reports/wgcna_circular_vs_publication_supermodule_id_comparison.csv""","ANALYSIS_REFERENCE","render_module_circular_atlas","","CONFIG","active",FALSE,"MEDIUM",""
"render_module_circular_atlas","pRoteomics","pipeline.yml","1422: - ""results/integration/render_module_circular_atlas/global/reports/wgcna_circular_metric_consistency_audit.csv""","ANALYSIS_REFERENCE","render_module_circular_atlas","","CONFIG","active",FALSE,"MEDIUM",""
"render_module_circular_atlas","pRoteomics","pipeline.yml","1423: - ""results/integration/render_module_circular_atlas/global/reports/wgcna_module_supermodule_mapping_audit.csv""","ANALYSIS_REFERENCE","render_module_circular_atlas","","CONFIG","active",FALSE,"MEDIUM",""
"render_module_circular_atlas","pRoteomics","pipeline.yml","1424: - ""results/integration/render_module_circular_atlas/global/reports/circular_atlas_selection_audit.csv""","ANALYSIS_REFERENCE","render_module_circular_atlas","","CONFIG","active",FALSE,"MEDIUM",""
"render_module_circular_atlas","pRoteomics","pipeline.yml","1425: - ""results/integration/render_module_circular_atlas/global/manifests/run_manifest.yml""","ANALYSIS_REFERENCE","render_module_circular_atlas","","CONFIG","active",FALSE,"MEDIUM",""
"render_module_circular_atlas","pRoteomics","pipeline.yml","1381: - script: ""analysis/integration/render_module_circular_atlas.R""","ANALYSIS_REFERENCE","render_module_circular_atlas.R","","CONFIG","active",FALSE,"MEDIUM",""
"render_module_circular_atlas","pRoteomics","analysis/integration/build_candidate_protein_shortlist.R","40: # Consumes: required results/tables/06_modules_WGCNA/01_WGCNA/<dataset>/modules/WGCNA_modules_long.csv; results/tables/06_modules_WGCNA/interpretable_summary/<d","DOCUMENTATION_ONLY","10_biological_integration","","DOCUMENTATION","active",FALSE,"N/A",""
"render_module_circular_atlas","pRoteomics","analysis/integration/build_evidence_priority_matrix.R","6: # Consumes: required results/integration/build_cross_compartment_atlas/global/tables/cross_compartment_program_atlas_long.csv; results/tables/10_biological_inte","DOCUMENTATION_ONLY","10_biological_integration","","DOCUMENTATION","active",FALSE,"N/A",""
"render_module_circular_atlas","pRoteomics","analysis/integration/quantify_candidate_network_position.R","40: # Consumes: required results/tables/06_modules_WGCNA/01_WGCNA/<dataset>/modules/WGCNA_modules_long.csv; results/differential_abundance/run_clusterprofiler_enric","DOCUMENTATION_ONLY","10_biological_integration","","DOCUMENTATION","active",FALSE,"N/A",""
"render_module_circular_atlas","pRoteomics","analysis/integration/README_gsea_wgcna_concordance.md","27: `results/{tables,source_data}/10_biological_integration/gsea_wgcna_concordance/global/`","NAMESPACE_BASENAME","10_biological_integration","","DOCUMENTATION","active",FALSE,"MEDIUM",""
"render_module_circular_atlas","pRoteomics","analysis/integration/README_gsea_wgcna_concordance.md","31: `results/reports/10_biological_integration/gsea_wgcna_concordance/global/`","NAMESPACE_BASENAME","10_biological_integration","","DOCUMENTATION","active",FALSE,"MEDIUM",""
"render_module_circular_atlas","pRoteomics","analysis/integration/summarize_enrichment_module_concordance.R","9: # Consumes: required results/integration/test_enrichment_module_concordance/global/tables/gsea_wgcna_concordance_long.csv; results/tables/10_biological_integrat","DOCUMENTATION_ONLY","10_biological_integration","","DOCUMENTATION","active",FALSE,"N/A",""
"render_module_circular_atlas","pRoteomics","analysis/integration/summarize_programs_for_manuscript.R","6: # Consumes: required results/integration/build_cross_compartment_atlas/global/tables/cross_compartment_program_atlas_long.csv; results/tables/10_biological_inte","DOCUMENTATION_ONLY","10_biological_integration","","DOCUMENTATION","active",FALSE,"N/A",""
"render_module_circular_atlas","pRoteomics","analysis/publication_source_data/08_export_manuscript_figures.R","4: # Script: analysis/publication_source_data/08_export_manuscript_figures.R","DOCUMENTATION_ONLY","publication_source_data","","DOCUMENTATION","active",FALSE,"N/A",""
"render_module_circular_atlas","pRoteomics","analysis/publication_source_data/09_export_source_data.R","4: # Script: analysis/publication_source_data/09_export_source_data.R","DOCUMENTATION_ONLY","publication_source_data","","DOCUMENTATION","active",FALSE,"N/A",""
"render_module_circular_atlas","pRoteomics","analysis/publication_source_data/build_biological_claims_table.R","3: # Script: analysis/publication_source_data/build_biological_claims_table.R","DOCUMENTATION_ONLY","publication_source_data","","DOCUMENTATION","active",FALSE,"N/A",""
"render_module_circular_atlas","pRoteomics","analysis/publication_source_data/build_methods_summary.R","3: # Script: analysis/publication_source_data/build_methods_summary.R","DOCUMENTATION_ONLY","publication_source_data","","DOCUMENTATION","active",FALSE,"N/A",""
"render_module_circular_atlas","pRoteomics","analysis/publication_source_data/build_pride_manifest.R","3: # Script: analysis/publication_source_data/build_pride_manifest.R","DOCUMENTATION_ONLY","publication_source_data","","DOCUMENTATION","active",FALSE,"N/A",""
"render_module_circular_atlas","pRoteomics","analysis/publication_source_data/build_sample_metadata.R","3: # Script: analysis/publication_source_data/build_sample_metadata.R","DOCUMENTATION_ONLY","publication_source_data","","DOCUMENTATION","active",FALSE,"N/A",""
"render_module_circular_atlas","pRoteomics","analysis/publication_source_data/build_sample_metadata.R","6: # Consumes: required data/metadata/; optional analysis/publication_source_data/config/export_config.yml.","DOCUMENTATION_ONLY","publication_source_data","","DOCUMENTATION","active",FALSE,"N/A",""
"render_module_circular_atlas","pRoteomics","analysis/publication_source_data/build_supplementary_tables.R","3: # Script: analysis/publication_source_data/build_supplementary_tables.R","DOCUMENTATION_ONLY","publication_source_data","","DOCUMENTATION","active",FALSE,"N/A",""
"render_module_circular_atlas","pRoteomics","analysis/publication_source_data/export_processed_matrices.R","3: # Script: analysis/publication_source_data/export_processed_matrices.R","DOCUMENTATION_ONLY","publication_source_data","","DOCUMENTATION","active",FALSE,"N/A",""
"render_module_circular_atlas","pRoteomics","analysis/publication_source_data/README.md","37: Rscript analysis/publication_source_data/RUN_EXPORT.R --dataset all --export-level pg_matrix_onward","NAMESPACE_BASENAME","publication_source_data","","DOCUMENTATION","active",FALSE,"MEDIUM",""
"render_module_circular_atlas","pRoteomics","analysis/publication_source_data/README.md","38: Rscript analysis/publication_source_data/RUN_EXPORT.R --dataset microglia --export-level pg_matrix_onward","NAMESPACE_BASENAME","publication_source_data","","DOCUMENTATION","active",FALSE,"MEDIUM",""
"render_module_circular_atlas","pRoteomics","analysis/publication_source_data/README.md","44: Rscript analysis/publication_source_data/RUN_EXPORT.R --dataset microglia --export-level pg_matrix_onward --dry-run","NAMESPACE_BASENAME","publication_source_data","","DOCUMENTATION","active",FALSE,"MEDIUM",""
"render_module_circular_atlas","pRoteomics","analysis/publication_source_data/README.md","50: Rscript analysis/publication_source_data/build_sample_metadata.R --dataset microglia","NAMESPACE_BASENAME","publication_source_data","","DOCUMENTATION","active",FALSE,"MEDIUM",""
"render_module_circular_atlas","pRoteomics","analysis/publication_source_data/README.md","51: Rscript analysis/publication_source_data/export_processed_matrices.R --dataset microglia","NAMESPACE_BASENAME","publication_source_data","","DOCUMENTATION","active",FALSE,"MEDIUM",""
"render_module_circular_atlas","pRoteomics","analysis/publication_source_data/README.md","52: Rscript analysis/publication_source_data/build_supplementary_tables.R --dataset microglia","NAMESPACE_BASENAME","publication_source_data","","DOCUMENTATION","active",FALSE,"MEDIUM",""
"render_module_circular_atlas","pRoteomics","analysis/publication_source_data/README.md","53: Rscript analysis/publication_source_data/build_pride_manifest.R --dataset microglia","NAMESPACE_BASENAME","publication_source_data","","DOCUMENTATION","active",FALSE,"MEDIUM",""
"render_module_circular_atlas","pRoteomics","analysis/publication_source_data/README.md","54: Rscript analysis/publication_source_data/validate_pride_submission.R --export-level pg_matrix_onward","NAMESPACE_BASENAME","publication_source_data","","DOCUMENTATION","active",FALSE,"MEDIUM",""
"render_module_circular_atlas","pRoteomics","analysis/publication_source_data/README.md","60: Rscript analysis/publication_source_data/build_pride_manifest.R --dataset microglia --include-derived-results","NAMESPACE_BASENAME","publication_source_data","","DOCUMENTATION","active",FALSE,"MEDIUM",""
"render_module_circular_atlas","pRoteomics","analysis/publication_source_data/README.md","61: Rscript analysis/publication_source_data/build_pride_manifest.R --dataset microglia --recursive","NAMESPACE_BASENAME","publication_source_data","","DOCUMENTATION","active",FALSE,"MEDIUM",""
"render_module_circular_atlas","pRoteomics","analysis/publication_source_data/RUN_EXPORT.R","3: # Script: analysis/publication_source_data/RUN_EXPORT.R","DOCUMENTATION_ONLY","publication_source_data","","DOCUMENTATION","active",FALSE,"N/A",""
"render_module_circular_atlas","pRoteomics","analysis/publication_source_data/RUN_EXPORT.R","6: # Consumes: required analysis/publication_source_data/build_pride_manifest.R; analysis/publication_source_data/build_sample_metadata.R; +3 more; optional analys","DOCUMENTATION_ONLY","publication_source_data","","DOCUMENTATION","active",FALSE,"N/A",""
"render_module_circular_atlas","pRoteomics","analysis/publication_source_data/RUN_EXPORT.R","15: #   Rscript analysis/publication_source_data/RUN_EXPORT.R --dataset all --export-level pg_matrix_onward","DOCUMENTATION_ONLY","publication_source_data","","DOCUMENTATION","active",FALSE,"N/A",""
"render_module_circular_atlas","pRoteomics","analysis/publication_source_data/RUN_EXPORT.R","16: #   Rscript analysis/publication_source_data/RUN_EXPORT.R --dataset microglia --export-level pg_matrix_onward","DOCUMENTATION_ONLY","publication_source_data","","DOCUMENTATION","active",FALSE,"N/A",""
"render_module_circular_atlas","pRoteomics","analysis/publication_source_data/RUN_EXPORT.R","17: #   Rscript analysis/publication_source_data/RUN_EXPORT.R --dataset microglia --dry-run","DOCUMENTATION_ONLY","publication_source_data","","DOCUMENTATION","active",FALSE,"N/A",""
"render_module_circular_atlas","pRoteomics","analysis/publication_source_data/validate_pride_submission.R","3: # Script: analysis/publication_source_data/validate_pride_submission.R","DOCUMENTATION_ONLY","publication_source_data","","DOCUMENTATION","active",FALSE,"N/A",""
"render_module_circular_atlas","pRoteomics","analysis/spatial_validation/build_protein_spatial_atlas.R","20: # Consumes: required results/tables/10_biological_integration/wgcna_candidate_protein_shortlist/global/wgcna_candidate_proteins_all.csv; optional results/spatia","DOCUMENTATION_ONLY","10_biological_integration","path_results","DOCUMENTATION","active",FALSE,"HIGH",""
"render_module_circular_atlas","pRoteomics","analysis/spatial_validation/quantify_neuropil_detection_context.R","25: # Consumes: required results/tables/04_differential_expression_enrichment/sus_res_spatial_dap_atlas/global/sus_res_dap_counts.csv; optional results/tables/10_bi","DOCUMENTATION_ONLY","10_biological_integration","path_results","DOCUMENTATION","active",FALSE,"HIGH",""
"render_module_circular_atlas","pRoteomics","audits/part29/duplicate_gene_collapse_audit.R","12: ##   results/tables/10_biological_integration/gsea_wgcna_concordance/global/","DOCUMENTATION_ONLY","10_biological_integration","file.path","DOCUMENTATION","historical",FALSE,"HIGH",""
"render_module_circular_atlas","pRoteomics","docs/ANALYSIS_ENTRYPOINTS.md","12: Manuscript rendering is intentionally not listed here. It lives in the Exp9_manuscript repository and consumes the frozen bundles under `results/publication_sou","NAMESPACE_BASENAME","publication_source_data","","DOCUMENTATION","active",FALSE,"MEDIUM",""
"render_module_circular_atlas","pRoteomics","docs/ANALYSIS_ENTRYPOINTS.md","296: | entrypoint | `analysis/publication_source_data/build_pride_manifest.R` |","NAMESPACE_BASENAME","publication_source_data","","DOCUMENTATION","active",FALSE,"MEDIUM",""
"render_module_circular_atlas","pRoteomics","docs/ANALYSIS_ENTRYPOINTS.md","309: - `analysis/publication_source_data/build_biological_claims_table.R` - stage `integration`, scope `global`","NAMESPACE_BASENAME","publication_source_data","","DOCUMENTATION","active",FALSE,"MEDIUM",""
"render_module_circular_atlas","pRoteomics","docs/ANALYSIS_ENTRYPOINTS.md","310: - `analysis/publication_source_data/build_sample_metadata.R` - stage `export`, scope `global`","NAMESPACE_BASENAME","publication_source_data","","DOCUMENTATION","active",FALSE,"MEDIUM",""
"render_module_circular_atlas","pRoteomics","docs/ANALYSIS_ENTRYPOINTS.md","311: - `analysis/publication_source_data/export_processed_matrices.R` - stage `export`, scope `global`","NAMESPACE_BASENAME","publication_source_data","","DOCUMENTATION","active",FALSE,"MEDIUM",""
"render_module_circular_atlas","pRoteomics","docs/ANALYSIS_ENTRYPOINTS.md","312: - `analysis/publication_source_data/build_supplementary_tables.R` - stage `export`, scope `global`","NAMESPACE_BASENAME","publication_source_data","","DOCUMENTATION","active",FALSE,"MEDIUM",""
"render_module_circular_atlas","pRoteomics","docs/ANALYSIS_ENTRYPOINTS.md","313: - `analysis/publication_source_data/build_pride_manifest.R` - stage `export`, scope `global`, required","NAMESPACE_BASENAME","publication_source_data","","DOCUMENTATION","active",FALSE,"MEDIUM",""
"render_module_circular_atlas","pRoteomics","docs/ANALYSIS_ENTRYPOINTS.md","314: - `analysis/publication_source_data/build_methods_summary.R` - stage `export`, scope `global`","NAMESPACE_BASENAME","publication_source_data","","DOCUMENTATION","active",FALSE,"MEDIUM",""
"render_module_circular_atlas","pRoteomics","docs/ANALYSIS_ENTRYPOINTS.md","315: - `analysis/publication_source_data/08_export_manuscript_figures.R` - stage `export`, scope `global`","NAMESPACE_BASENAME","publication_source_data","","DOCUMENTATION","active",FALSE,"MEDIUM",""
"render_module_circular_atlas","pRoteomics","docs/ANALYSIS_ENTRYPOINTS.md","316: - `analysis/publication_source_data/09_export_source_data.R` - stage `export`, scope `global`","NAMESPACE_BASENAME","publication_source_data","","DOCUMENTATION","active",FALSE,"MEDIUM",""
"render_module_circular_atlas","pRoteomics","docs/ANALYSIS_ENTRYPOINTS.md","317: - `analysis/publication_source_data/validate_pride_submission.R` - stage `export`, scope `global`","NAMESPACE_BASENAME","publication_source_data","","DOCUMENTATION","active",FALSE,"MEDIUM",""
"render_module_circular_atlas","pRoteomics","docs/ANALYSIS_ENTRYPOINTS.md","284: - `analysis/integration/render_module_circular_atlas.R` - stage `integration`, scope `global`","ANALYSIS_REFERENCE","render_module_circular_atlas","","DOCUMENTATION","active",FALSE,"MEDIUM",""
"render_module_circular_atlas","pRoteomics","docs/ANALYSIS_ENTRYPOINTS.md","284: - `analysis/integration/render_module_circular_atlas.R` - stage `integration`, scope `global`","ANALYSIS_REFERENCE","render_module_circular_atlas.R","","DOCUMENTATION","active",FALSE,"MEDIUM",""
"render_module_circular_atlas","pRoteomics","docs/BIOLOGICAL_INTERPRETATION.md","6: results/tables/10_biological_integration/final_evidence_bundle/global/final_biological_evidence_bundle.xlsx","NAMESPACE_BASENAME","10_biological_integration","","DOCUMENTATION","active",FALSE,"MEDIUM",""
"render_module_circular_atlas","pRoteomics","docs/BIOLOGICAL_INTERPRETATION.md","13: The biological claims table is an evidence index for manuscript drafting, not an automated conclusion engine. It is generated by `analysis/publication_source_da","NAMESPACE_BASENAME","publication_source_data","","DOCUMENTATION","active",FALSE,"MEDIUM",""
"render_module_circular_atlas","pRoteomics","docs/CANONICAL_ANALYSIS_ENTRYPOINTS.md","52: | PRIDE / journal export | `analysis/publication_source_data/RUN_EXPORT.R` | export (wrapper) |","NAMESPACE_BASENAME","publication_source_data","","DOCUMENTATION","active",FALSE,"MEDIUM",""
"render_module_circular_atlas","pRoteomics","docs/CANONICAL_ANALYSIS_ENTRYPOINTS.md","53: | Supplementary tables | `analysis/publication_source_data/build_supplementary_tables.R` | export |","NAMESPACE_BASENAME","publication_source_data","","DOCUMENTATION","active",FALSE,"MEDIUM",""
"render_module_circular_atlas","pRoteomics","docs/CANONICAL_ANALYSIS_ENTRYPOINTS.md","54: | Source data release | `analysis/publication_source_data/09_export_source_data.R` | export |","NAMESPACE_BASENAME","publication_source_data","","DOCUMENTATION","active",FALSE,"MEDIUM",""
"render_module_circular_atlas","pRoteomics","docs/CANONICAL_ANALYSIS_ENTRYPOINTS.md","91: | Figures 2 and 3 | not in this repository — figure rendering lives in `Exp9_manuscript`, which reads only the frozen bundles under `results/publication_source_","NAMESPACE_BASENAME","publication_source_data","","DOCUMENTATION","active",FALSE,"MEDIUM",""
"render_module_circular_atlas","pRoteomics","docs/CANONICAL_ANALYSIS_ENTRYPOINTS.md","101: this repository owns is the source data: `analysis/publication_source_data/` and","NAMESPACE_BASENAME","publication_source_data","","DOCUMENTATION","active",FALSE,"MEDIUM",""
"render_module_circular_atlas","pRoteomics","docs/CANONICAL_ANALYSIS_ENTRYPOINTS.md","102: the other registered exporters write `results/publication_source_data/`, which","NAMESPACE_BASENAME","publication_source_data","","DOCUMENTATION","active",FALSE,"MEDIUM",""
"render_module_circular_atlas","pRoteomics","docs/INPUT_CONTRACTS.md","38: PROTEOMICS_STRICT_INPUTS=true Rscript analysis/publication_source_data/build_biological_claims_table.R --dry-run","NAMESPACE_BASENAME","publication_source_data","","DOCUMENTATION","active",FALSE,"MEDIUM",""
"render_module_circular_atlas","pRoteomics","docs/OUTPUT_CONTRACTS.md","56: results/tables/10_biological_integration/final_evidence_bundle/global/final_biological_evidence_bundle.xlsx","NAMESPACE_BASENAME","10_biological_integration","","DOCUMENTATION","active",FALSE,"MEDIUM",""
"render_module_circular_atlas","pRoteomics","docs/OUTPUT_CONTRACTS.md","59: This workbook is a final evidence bundle assembled above the existing result tables. It does not recompute upstream statistics, WGCNA construction, model formul","NAMESPACE_BASENAME","10_biological_integration","","DOCUMENTATION","active",FALSE,"MEDIUM",""
"render_module_circular_atlas","pRoteomics","docs/OUTPUT_CONTRACTS.md","274: | cross-compartment program atlas | `validate_cross_compartment_program_atlas()` | `results/tables/10_biological_integration/cross_compartment_program_atlas/glo","NAMESPACE_BASENAME","10_biological_integration","","DOCUMENTATION","active",FALSE,"MEDIUM",""
"render_module_circular_atlas","pRoteomics","docs/OUTPUT_CONTRACTS.md","275: | manuscript program summary | `validate_manuscript_program_summary()` | `results/tables/10_biological_integration/manuscript_program_summary/global/manuscript_","NAMESPACE_BASENAME","10_biological_integration","","DOCUMENTATION","active",FALSE,"MEDIUM",""
"render_module_circular_atlas","pRoteomics","docs/OUTPUT_CONTRACTS.md","276: | evidence priority matrix | `validate_evidence_priority_matrix()` | `results/tables/10_biological_integration/evidence_priority_matrix/global/evidence_priority","NAMESPACE_BASENAME","10_biological_integration","","DOCUMENTATION","active",FALSE,"MEDIUM",""
"render_module_circular_atlas","pRoteomics","docs/OUTPUT_CONTRACTS.md","277: | final biological evidence bundle | workbook/CSV bundle contract documented in workbook `README` sheet | `results/tables/10_biological_integration/final_eviden","NAMESPACE_BASENAME","10_biological_integration","","DOCUMENTATION","active",FALSE,"MEDIUM",""
"render_module_circular_atlas","pRoteomics","docs/OUTPUT_LAYOUT.md","91: path_export(""publication_source_data"", publication_id)","NAMESPACE_BASENAME","publication_source_data","","DOCUMENTATION","active",FALSE,"MEDIUM",""
"render_module_circular_atlas","pRoteomics","docs/OUTPUT_LAYOUT.md","156: exports/publication_source_data/<publication_id>/...","NAMESPACE_BASENAME","publication_source_data","","DOCUMENTATION","active",FALSE,"MEDIUM",""
"render_module_circular_atlas","pRoteomics","docs/OUTPUT_LAYOUT.md","157: exports/publication_source_data/manifest.csv","NAMESPACE_BASENAME","publication_source_data","","DOCUMENTATION","active",FALSE,"MEDIUM",""
"render_module_circular_atlas","pRoteomics","docs/OUTPUT_LAYOUT.md","178: `results/publication_source_data/...`. The hashes are what the column is for","NAMESPACE_BASENAME","publication_source_data","","DOCUMENTATION","active",FALSE,"MEDIUM",""
"render_module_circular_atlas","pRoteomics","docs/OUTPUT_LAYOUT.md","191: imported, `results/publication_source_data/`, sat inside the canonical results","NAMESPACE_BASENAME","publication_source_data","","DOCUMENTATION","active",FALSE,"MEDIUM",""
"render_module_circular_atlas","pRoteomics","docs/PRIDE_EXPORT.md","10: See [`analysis/publication_source_data/README.md`](../09_export_pride_journal/README.md) for commands and output layout.","NAMESPACE_BASENAME","publication_source_data","","DOCUMENTATION","active",FALSE,"MEDIUM",""
"render_module_circular_atlas","pRoteomics","docs/PRIDE_EXPORT.md","26: Rscript analysis/publication_source_data/RUN_EXPORT.R --dataset all --export-level pg_matrix_onward","NAMESPACE_BASENAME","publication_source_data","","DOCUMENTATION","active",FALSE,"MEDIUM",""
"render_module_circular_atlas","pRoteomics","docs/PRIDE_EXPORT.md","27: Rscript analysis/publication_source_data/RUN_EXPORT.R --dataset microglia --export-level pg_matrix_onward --dry-run","NAMESPACE_BASENAME","publication_source_data","","DOCUMENTATION","active",FALSE,"MEDIUM",""
"render_module_circular_atlas","pRoteomics","docs/PRIDE_EXPORT.md","28: Rscript analysis/publication_source_data/validate_pride_submission.R --export-level pg_matrix_onward","NAMESPACE_BASENAME","publication_source_data","","DOCUMENTATION","active",FALSE,"MEDIUM",""
"render_module_circular_atlas","pRoteomics","docs/PRIDE_submission_workflow.md","16: Rscript analysis/publication_source_data/build_pride_manifest.R --dry-run","NAMESPACE_BASENAME","publication_source_data","","DOCUMENTATION","active",FALSE,"MEDIUM",""
"render_module_circular_atlas","pRoteomics","docs/PRIDE_submission_workflow.md","17: Rscript analysis/publication_source_data/build_sample_metadata.R --dry-run","NAMESPACE_BASENAME","publication_source_data","","DOCUMENTATION","active",FALSE,"MEDIUM",""
"render_module_circular_atlas","pRoteomics","docs/PRIDE_submission_workflow.md","18: Rscript analysis/publication_source_data/build_supplementary_tables.R --dry-run","NAMESPACE_BASENAME","publication_source_data","","DOCUMENTATION","active",FALSE,"MEDIUM",""
"render_module_circular_atlas","pRoteomics","docs/PRIDE_submission_workflow.md","19: Rscript analysis/publication_source_data/validate_pride_submission.R --dry-run","NAMESPACE_BASENAME","publication_source_data","","DOCUMENTATION","active",FALSE,"MEDIUM",""
"render_module_circular_atlas","pRoteomics","docs/PRIDE_submission_workflow.md","20: Rscript analysis/publication_source_data/build_methods_summary.R --dry-run","NAMESPACE_BASENAME","publication_source_data","","DOCUMENTATION","active",FALSE,"MEDIUM",""
"render_module_circular_atlas","pRoteomics","docs/PUBLICATION_HARDENING_PROGRESS.md","180: (`analysis/publication_source_data/RUN_EXPORT.R`). None is reachable from a publication","NAMESPACE_BASENAME","publication_source_data","","DOCUMENTATION","historical",FALSE,"MEDIUM",""
"render_module_circular_atlas","pRoteomics","docs/refactor_backlog.md","34: Extend `analysis/publication_source_data/build_biological_claims_table.R` so each","NAMESPACE_BASENAME","publication_source_data","","DOCUMENTATION","active",FALSE,"MEDIUM",""
"render_module_circular_atlas","pRoteomics","docs/refactor_backlog.md","114: analysis/publication_source_data/build_biological_claims_table.R","NAMESPACE_BASENAME","publication_source_data","","DOCUMENTATION","active",FALSE,"MEDIUM",""
"render_module_circular_atlas","pRoteomics","docs/REPOSITORY_ARCHITECTURE.md","93: results/publication_source_data/<publication_id>/ + manifest.csv","NAMESPACE_BASENAME","publication_source_data","","DOCUMENTATION","active",FALSE,"MEDIUM",""
"render_module_circular_atlas","pRoteomics","docs/REPOSITORY_ARCHITECTURE.md","110: What remains here is `analysis/publication_source_data/08_export_manuscript_figures.R`.","NAMESPACE_BASENAME","publication_source_data","","DOCUMENTATION","active",FALSE,"MEDIUM",""
"render_module_circular_atlas","pRoteomics","docs/REPOSITORY_NAME_RECOMMENDATION.md","70: - `exports/publication_source_data/manifest.csv` (`source_repo` column);","NAMESPACE_BASENAME","publication_source_data","","DOCUMENTATION","active",FALSE,"MEDIUM",""
"render_module_circular_atlas","pRoteomics","docs/RESTRUCTURE_PLAN.md","23: - `results/tables/10_biological_integration/gsea_wgcna_concordance/global/ontology_aware_gsea_theme_assignments_all_contrasts.csv` — 11 rows (5 Extended Data 6","NAMESPACE_BASENAME","10_biological_integration","","DOCUMENTATION","historical",FALSE,"MEDIUM",""
"render_module_circular_atlas","pRoteomics","docs/RESULTS_OWNERSHIP.md","47: | `results/integration/render_module_circular_atlas/global` | `render_module_circular_atlas.R` | 1 | 37 |","ANALYSIS_REFERENCE","render_module_circular_atlas","","DOCUMENTATION","active",FALSE,"MEDIUM",""
"render_module_circular_atlas","pRoteomics","docs/RESULTS_OWNERSHIP.md","47: | `results/integration/render_module_circular_atlas/global` | `render_module_circular_atlas.R` | 1 | 37 |","ANALYSIS_REFERENCE","render_module_circular_atlas.R","","DOCUMENTATION","active",FALSE,"MEDIUM",""
"render_module_circular_atlas","pRoteomics","R/utilities/export_helpers.R","642: # analysis/publication_source_data/08_export_manuscript_figures.R is","DOCUMENTATION_ONLY","publication_source_data","repo_path","DOCUMENTATION","active",FALSE,"HIGH",""
"render_module_circular_atlas","pRoteomics","tools/export_publication_source_data.R","10: #   exports/publication_source_data/<publication_id>/...","DOCUMENTATION_ONLY","publication_source_data","","DOCUMENTATION","active",FALSE,"N/A",""
"render_module_circular_atlas","pRoteomics","tools/export_publication_source_data.R","11: #   exports/publication_source_data/manifest.csv","DOCUMENTATION_ONLY","publication_source_data","","DOCUMENTATION","active",FALSE,"N/A",""
"render_module_circular_atlas","pRoteomics","tools/migrate_publication_export_bundle.R","3: # Establish exports/publication_source_data/ as the publication boundary.","DOCUMENTATION_ONLY","publication_source_data","","DOCUMENTATION","active",FALSE,"N/A",""
"render_module_circular_atlas","pRoteomics","tools/migrate_publication_export_bundle.R","5: # The bundle Exp9_manuscript imports from, results/publication_source_data/,","DOCUMENTATION_ONLY","publication_source_data","","DOCUMENTATION","active",FALSE,"N/A",""
"render_module_circular_atlas","pRoteomics","tools/migrate_publication_export_bundle.R","12: # This copies it, byte for byte, to exports/publication_source_data/ and writes","DOCUMENTATION_ONLY","publication_source_data","","DOCUMENTATION","active",FALSE,"N/A",""
"render_module_circular_atlas","pRoteomics","config/results_ownership.csv","27: ""results/integration/render_module_circular_atlas/global"",""results/integration/render_module_circular_atlas"",""analysis/integration/render_module_circular_atlas.","FULL_PATH","results/integration/render_module_circular_atlas/global/plots","","GENERATED_RECORD","active",FALSE,"HIGH",""
"render_module_circular_atlas","pRoteomics","config/results_ownership.csv","27: ""results/integration/render_module_circular_atlas/global"",""results/integration/render_module_circular_atlas"",""analysis/integration/render_module_circular_atlas.","FULL_PATH","results/integration/render_module_circular_atlas/global/plots/wgcna_circular_atlas_main.svg","","GENERATED_RECORD","active",FALSE,"HIGH",""
"render_module_circular_atlas","pRoteomics","config/results_ownership.csv","27: ""results/integration/render_module_circular_atlas/global"",""results/integration/render_module_circular_atlas"",""analysis/integration/render_module_circular_atlas.","FULL_PATH","results/integration/render_module_circular_atlas/global/plots/wgcna_circular_atlas_main.pdf","","GENERATED_RECORD","active",FALSE,"HIGH",""
"render_module_circular_atlas","pRoteomics","config/results_ownership.csv","27: ""results/integration/render_module_circular_atlas/global"",""results/integration/render_module_circular_atlas"",""analysis/integration/render_module_circular_atlas.","FULL_PATH","results/integration/render_module_circular_atlas/global/plots/wgcna_circular_atlas_selected_only.svg","","GENERATED_RECORD","active",FALSE,"HIGH",""
"render_module_circular_atlas","pRoteomics","config/results_ownership.csv","27: ""results/integration/render_module_circular_atlas/global"",""results/integration/render_module_circular_atlas"",""analysis/integration/render_module_circular_atlas.","FULL_PATH","results/integration/render_module_circular_atlas/global/plots/wgcna_circular_atlas_selected_only.pdf","","GENERATED_RECORD","active",FALSE,"HIGH",""
"render_module_circular_atlas","pRoteomics","config/results_ownership.csv","43: ""results/manuscript/extended_data"",""results/manuscript/extended_data"",""analysis/publication_source_data/08_export_manuscript_figures.R"","""",1,"""",0,"""",FALSE,""SING","NAMESPACE_BASENAME","publication_source_data","","GENERATED_RECORD","active",FALSE,"MEDIUM",""
"render_module_circular_atlas","pRoteomics","config/results_ownership.csv","44: ""results/manuscript/figure_1"",""results/manuscript/figure_1"",""analysis/publication_source_data/08_export_manuscript_figures.R"","""",1,"""",0,"""",FALSE,""SINGLE_OWNER"",","NAMESPACE_BASENAME","publication_source_data","","GENERATED_RECORD","active",FALSE,"MEDIUM",""
"render_module_circular_atlas","pRoteomics","config/results_ownership.csv","45: ""results/manuscript/figure_2"",""results/manuscript/figure_2"",""analysis/publication_source_data/08_export_manuscript_figures.R"","""",1,"""",0,"""",FALSE,""SINGLE_OWNER"",","NAMESPACE_BASENAME","publication_source_data","","GENERATED_RECORD","active",FALSE,"MEDIUM",""
"render_module_circular_atlas","pRoteomics","config/results_ownership.csv","46: ""results/manuscript/figure_3"",""results/manuscript/figure_3"",""analysis/publication_source_data/08_export_manuscript_figures.R"","""",1,"""",0,"""",FALSE,""SINGLE_OWNER"",","NAMESPACE_BASENAME","publication_source_data","","GENERATED_RECORD","active",FALSE,"MEDIUM",""
"render_module_circular_atlas","pRoteomics","config/results_ownership.csv","47: ""results/manuscript/figure_export_manifest.csv"",""results/manuscript/figure_export_manifest.csv"",""analysis/publication_source_data/08_export_manuscript_figures.R","NAMESPACE_BASENAME","publication_source_data","","GENERATED_RECORD","active",FALSE,"MEDIUM",""
"render_module_circular_atlas","pRoteomics","config/results_ownership.csv","48: ""results/manuscript/figure_publication_audit.csv"",""results/manuscript/figure_publication_audit.csv"",""analysis/publication_source_data/08_export_manuscript_figur","NAMESPACE_BASENAME","publication_source_data","","GENERATED_RECORD","active",FALSE,"MEDIUM",""
"render_module_circular_atlas","pRoteomics","config/results_ownership.csv","49: ""results/manuscript/source_data"",""results/manuscript/source_data"",""analysis/publication_source_data/09_export_source_data.R"","""",1,"""",0,"""",FALSE,""SINGLE_OWNER"",""","NAMESPACE_BASENAME","publication_source_data","","GENERATED_RECORD","active",FALSE,"MEDIUM",""
"render_module_circular_atlas","pRoteomics","config/results_ownership.csv","50: ""results/manuscript/source_data_export_manifest.csv"",""results/manuscript/source_data_export_manifest.csv"",""analysis/publication_source_data/09_export_source_dat","NAMESPACE_BASENAME","publication_source_data","","GENERATED_RECORD","active",FALSE,"MEDIUM",""
"render_module_circular_atlas","pRoteomics","config/results_ownership.csv","51: ""results/manuscript/supplementary_tables"",""results/manuscript/supplementary_tables"",""analysis/publication_source_data/09_export_source_data.R"","""",1,"""",0,"""",FALS","NAMESPACE_BASENAME","publication_source_data","","GENERATED_RECORD","active",FALSE,"MEDIUM",""
"render_module_circular_atlas","pRoteomics","config/results_ownership.csv","76: ""results/reviewer_audit/microglia_wgcna_overlap_stage13_identity_audit.csv"",""results/reviewer_audit/microglia_wgcna_overlap_stage13_identity_audit.csv"",""analysi","NAMESPACE_BASENAME","publication_source_data","","GENERATED_RECORD","active",FALSE,"MEDIUM",""
"render_module_circular_atlas","pRoteomics","config/results_ownership.csv","90: ""results/reviewer_audit/wgcna_stage13_claim_cardinality_audit.csv"",""results/reviewer_audit/wgcna_stage13_claim_cardinality_audit.csv"",""analysis/publication_sour","NAMESPACE_BASENAME","publication_source_data","","GENERATED_RECORD","active",FALSE,"MEDIUM",""
"render_module_circular_atlas","pRoteomics","config/results_ownership.csv","142: ""results/tables/biological_claims_table.csv"",""results/tables/biological_claims_table.csv"",""analysis/publication_source_data/build_biological_claims_table.R"","""",","NAMESPACE_BASENAME","publication_source_data","","GENERATED_RECORD","active",FALSE,"MEDIUM",""
"render_module_circular_atlas","pRoteomics","config/results_ownership.csv","143: ""results/tables/biological_claims_table.xlsx"",""results/tables/biological_claims_table.xlsx"",""analysis/publication_source_data/build_biological_claims_table.R"",""","NAMESPACE_BASENAME","publication_source_data","","GENERATED_RECORD","active",FALSE,"MEDIUM",""
"render_module_circular_atlas","pRoteomics","config/results_ownership.csv","27: ""results/integration/render_module_circular_atlas/global"",""results/integration/render_module_circular_atlas"",""analysis/integration/render_module_circular_atlas.","ANALYSIS_REFERENCE","render_module_circular_atlas","","GENERATED_RECORD","active",FALSE,"MEDIUM",""
"render_module_circular_atlas","pRoteomics","config/results_ownership.csv","27: ""results/integration/render_module_circular_atlas/global"",""results/integration/render_module_circular_atlas"",""analysis/integration/render_module_circular_atlas.","ANALYSIS_REFERENCE","render_module_circular_atlas.R","","GENERATED_RECORD","active",FALSE,"MEDIUM",""
"render_module_circular_atlas","pRoteomics","docs/active_script_io_audit.tsv","97: analysis/integration/render_module_circular_atlas.R	active_optional	required: results/tables/06_modules_WGCNA/|results/tables/06_modules_WGCNA/interpretable_sum","FULL_PATH","results/integration/render_module_circular_atlas/global/plots","","GENERATED_RECORD","active",FALSE,"HIGH",""
"render_module_circular_atlas","pRoteomics","docs/active_script_io_audit.tsv","97: analysis/integration/render_module_circular_atlas.R	active_optional	required: results/tables/06_modules_WGCNA/|results/tables/06_modules_WGCNA/interpretable_sum","FULL_PATH","results/integration/render_module_circular_atlas/global/plots/wgcna_circular_atlas_main.svg","","GENERATED_RECORD","active",FALSE,"HIGH",""
"render_module_circular_atlas","pRoteomics","docs/active_script_io_audit.tsv","97: analysis/integration/render_module_circular_atlas.R	active_optional	required: results/tables/06_modules_WGCNA/|results/tables/06_modules_WGCNA/interpretable_sum","FULL_PATH","results/integration/render_module_circular_atlas/global/plots/wgcna_circular_atlas_main.pdf","","GENERATED_RECORD","active",FALSE,"HIGH",""
"render_module_circular_atlas","pRoteomics","docs/active_script_io_audit.tsv","97: analysis/integration/render_module_circular_atlas.R	active_optional	required: results/tables/06_modules_WGCNA/|results/tables/06_modules_WGCNA/interpretable_sum","FULL_PATH","results/integration/render_module_circular_atlas/global/plots/wgcna_circular_atlas_selected_only.svg","","GENERATED_RECORD","active",FALSE,"HIGH",""
"render_module_circular_atlas","pRoteomics","docs/active_script_io_audit.tsv","97: analysis/integration/render_module_circular_atlas.R	active_optional	required: results/tables/06_modules_WGCNA/|results/tables/06_modules_WGCNA/interpretable_sum","FULL_PATH","results/integration/render_module_circular_atlas/global/plots/wgcna_circular_atlas_selected_only.pdf","","GENERATED_RECORD","active",FALSE,"HIGH",""
"render_module_circular_atlas","pRoteomics","docs/active_script_io_audit.tsv","97: analysis/integration/render_module_circular_atlas.R	active_optional	required: results/tables/06_modules_WGCNA/|results/tables/06_modules_WGCNA/interpretable_sum","FULL_PATH","results/integration/render_module_circular_atlas/global/plots/wgcna_circular_heatmap_all_datasets.svg","","GENERATED_RECORD","active",FALSE,"HIGH",""
"render_module_circular_atlas","pRoteomics","docs/active_script_io_audit.tsv","97: analysis/integration/render_module_circular_atlas.R	active_optional	required: results/tables/06_modules_WGCNA/|results/tables/06_modules_WGCNA/interpretable_sum","FULL_PATH","results/integration/render_module_circular_atlas/global/plots/wgcna_circular_heatmap_all_datasets.pdf","","GENERATED_RECORD","active",FALSE,"HIGH",""
"render_module_circular_atlas","pRoteomics","docs/active_script_io_audit.tsv","97: analysis/integration/render_module_circular_atlas.R	active_optional	required: results/tables/06_modules_WGCNA/|results/tables/06_modules_WGCNA/interpretable_sum","FULL_PATH","results/integration/render_module_circular_atlas/global/plots/wgcna_circular_heatmap_neuron_neuropil.svg","","GENERATED_RECORD","active",FALSE,"HIGH",""
"render_module_circular_atlas","pRoteomics","docs/active_script_io_audit.tsv","97: analysis/integration/render_module_circular_atlas.R	active_optional	required: results/tables/06_modules_WGCNA/|results/tables/06_modules_WGCNA/interpretable_sum","FULL_PATH","results/integration/render_module_circular_atlas/global/plots/wgcna_circular_heatmap_neuron_neuropil.pdf","","GENERATED_RECORD","active",FALSE,"HIGH",""
"render_module_circular_atlas","pRoteomics","docs/active_script_io_audit.tsv","97: analysis/integration/render_module_circular_atlas.R	active_optional	required: results/tables/06_modules_WGCNA/|results/tables/06_modules_WGCNA/interpretable_sum","FULL_PATH","results/integration/render_module_circular_atlas/global/plots/wgcna_circular_heatmap_neuron_soma.svg","","GENERATED_RECORD","active",FALSE,"HIGH",""
"render_module_circular_atlas","pRoteomics","docs/active_script_io_audit.tsv","97: analysis/integration/render_module_circular_atlas.R	active_optional	required: results/tables/06_modules_WGCNA/|results/tables/06_modules_WGCNA/interpretable_sum","FULL_PATH","results/integration/render_module_circular_atlas/global/plots/wgcna_circular_heatmap_neuron_soma.pdf","","GENERATED_RECORD","active",FALSE,"HIGH",""
"render_module_circular_atlas","pRoteomics","docs/active_script_io_audit.tsv","97: analysis/integration/render_module_circular_atlas.R	active_optional	required: results/tables/06_modules_WGCNA/|results/tables/06_modules_WGCNA/interpretable_sum","FULL_PATH","results/integration/render_module_circular_atlas/global/plots/wgcna_circular_heatmap_microglia.svg","","GENERATED_RECORD","active",FALSE,"HIGH",""
"render_module_circular_atlas","pRoteomics","docs/active_script_io_audit.tsv","97: analysis/integration/render_module_circular_atlas.R	active_optional	required: results/tables/06_modules_WGCNA/|results/tables/06_modules_WGCNA/interpretable_sum","FULL_PATH","results/integration/render_module_circular_atlas/global/plots/wgcna_circular_heatmap_microglia.pdf","","GENERATED_RECORD","active",FALSE,"HIGH",""
"render_module_circular_atlas","pRoteomics","docs/active_script_io_audit.tsv","97: analysis/integration/render_module_circular_atlas.R	active_optional	required: results/tables/06_modules_WGCNA/|results/tables/06_modules_WGCNA/interpretable_sum","FULL_PATH","results/integration/render_module_circular_atlas/global/plots/wgcna_circular_publication_supermodule_effect_heatmap_all_datasets.svg","","GENERATED_RECORD","active",FALSE,"HIGH",""
"render_module_circular_atlas","pRoteomics","docs/active_script_io_audit.tsv","97: analysis/integration/render_module_circular_atlas.R	active_optional	required: results/tables/06_modules_WGCNA/|results/tables/06_modules_WGCNA/interpretable_sum","FULL_PATH","results/integration/render_module_circular_atlas/global/plots/wgcna_circular_publication_supermodule_effect_heatmap_all_datasets.pdf","","GENERATED_RECORD","active",FALSE,"HIGH",""
"render_module_circular_atlas","pRoteomics","docs/active_script_io_audit.tsv","97: analysis/integration/render_module_circular_atlas.R	active_optional	required: results/tables/06_modules_WGCNA/|results/tables/06_modules_WGCNA/interpretable_sum","FULL_PATH","results/integration/render_module_circular_atlas/global/plots/wgcna_circular_publication_supermodule_effect_heatmap_neuron_neuropil.svg","","GENERATED_RECORD","active",FALSE,"HIGH",""
"render_module_circular_atlas","pRoteomics","docs/active_script_io_audit.tsv","97: analysis/integration/render_module_circular_atlas.R	active_optional	required: results/tables/06_modules_WGCNA/|results/tables/06_modules_WGCNA/interpretable_sum","FULL_PATH","results/integration/render_module_circular_atlas/global/plots/wgcna_circular_publication_supermodule_effect_heatmap_neuron_neuropil.pdf","","GENERATED_RECORD","active",FALSE,"HIGH",""
"render_module_circular_atlas","pRoteomics","docs/active_script_io_audit.tsv","97: analysis/integration/render_module_circular_atlas.R	active_optional	required: results/tables/06_modules_WGCNA/|results/tables/06_modules_WGCNA/interpretable_sum","FULL_PATH","results/integration/render_module_circular_atlas/global/plots/wgcna_circular_publication_supermodule_effect_heatmap_neuron_soma.svg","","GENERATED_RECORD","active",FALSE,"HIGH",""
"render_module_circular_atlas","pRoteomics","docs/active_script_io_audit.tsv","97: analysis/integration/render_module_circular_atlas.R	active_optional	required: results/tables/06_modules_WGCNA/|results/tables/06_modules_WGCNA/interpretable_sum","FULL_PATH","results/integration/render_module_circular_atlas/global/plots/wgcna_circular_publication_supermodule_effect_heatmap_neuron_soma.pdf","","GENERATED_RECORD","active",FALSE,"HIGH",""
"render_module_circular_atlas","pRoteomics","docs/active_script_io_audit.tsv","97: analysis/integration/render_module_circular_atlas.R	active_optional	required: results/tables/06_modules_WGCNA/|results/tables/06_modules_WGCNA/interpretable_sum","FULL_PATH","results/integration/render_module_circular_atlas/global/plots/wgcna_circular_publication_supermodule_effect_heatmap_microglia.svg","","GENERATED_RECORD","active",FALSE,"HIGH",""
"render_module_circular_atlas","pRoteomics","docs/active_script_io_audit.tsv","97: analysis/integration/render_module_circular_atlas.R	active_optional	required: results/tables/06_modules_WGCNA/|results/tables/06_modules_WGCNA/interpretable_sum","FULL_PATH","results/integration/render_module_circular_atlas/global/plots/wgcna_circular_publication_supermodule_effect_heatmap_microglia.pdf","","GENERATED_RECORD","active",FALSE,"HIGH",""
"render_module_circular_atlas","pRoteomics","docs/active_script_io_audit.tsv","97: analysis/integration/render_module_circular_atlas.R	active_optional	required: results/tables/06_modules_WGCNA/|results/tables/06_modules_WGCNA/interpretable_sum","FULL_PATH","results/integration/render_module_circular_atlas/global/plots/wgcna_region_layer_heatmap_all_modules.svg","","GENERATED_RECORD","active",FALSE,"HIGH",""
"render_module_circular_atlas","pRoteomics","docs/active_script_io_audit.tsv","97: analysis/integration/render_module_circular_atlas.R	active_optional	required: results/tables/06_modules_WGCNA/|results/tables/06_modules_WGCNA/interpretable_sum","FULL_PATH","results/integration/render_module_circular_atlas/global/plots/wgcna_region_layer_heatmap_all_modules.pdf","","GENERATED_RECORD","active",FALSE,"HIGH",""
"render_module_circular_atlas","pRoteomics","docs/active_script_io_audit.tsv","97: analysis/integration/render_module_circular_atlas.R	active_optional	required: results/tables/06_modules_WGCNA/|results/tables/06_modules_WGCNA/interpretable_sum","FULL_PATH","results/integration/render_module_circular_atlas/global/tables/wgcna_circular_atlas_metrics.csv","","GENERATED_RECORD","active",FALSE,"HIGH",""
"render_module_circular_atlas","pRoteomics","docs/active_script_io_audit.tsv","40: analysis/wgcna/build_module_identity_contract.R	active_optional	required: data/processed/06_modules_WGCNA/01_WGCNA/<dataset>/wgcna_final_model_state.rds|results","FULL_PATH","results/integration/render_module_circular_atlas/global/tables/source_data","","GENERATED_RECORD","active",FALSE,"HIGH",""
"render_module_circular_atlas","pRoteomics","docs/active_script_io_audit.tsv","97: analysis/integration/render_module_circular_atlas.R	active_optional	required: results/tables/06_modules_WGCNA/|results/tables/06_modules_WGCNA/interpretable_sum","FULL_PATH","results/integration/render_module_circular_atlas/global/tables/source_data","","GENERATED_RECORD","active",FALSE,"HIGH",""
"render_module_circular_atlas","pRoteomics","docs/active_script_io_audit.tsv","97: analysis/integration/render_module_circular_atlas.R	active_optional	required: results/tables/06_modules_WGCNA/|results/tables/06_modules_WGCNA/interpretable_sum","FULL_PATH","results/integration/render_module_circular_atlas/global/tables/source_data/wgcna_circular_atlas_segments.csv","","GENERATED_RECORD","active",FALSE,"HIGH",""
"render_module_circular_atlas","pRoteomics","docs/active_script_io_audit.tsv","97: analysis/integration/render_module_circular_atlas.R	active_optional	required: results/tables/06_modules_WGCNA/|results/tables/06_modules_WGCNA/interpretable_sum","FULL_PATH","results/integration/render_module_circular_atlas/global/tables/source_data/wgcna_circular_atlas_plot_source.csv","","GENERATED_RECORD","active",FALSE,"HIGH",""
"render_module_circular_atlas","pRoteomics","docs/active_script_io_audit.tsv","97: analysis/integration/render_module_circular_atlas.R	active_optional	required: results/tables/06_modules_WGCNA/|results/tables/06_modules_WGCNA/interpretable_sum","FULL_PATH","results/integration/render_module_circular_atlas/global/tables/source_data/wgcna_circular_heatmap_source_supermodule.csv","","GENERATED_RECORD","active",FALSE,"HIGH",""
"render_module_circular_atlas","pRoteomics","docs/active_script_io_audit.tsv","97: analysis/integration/render_module_circular_atlas.R	active_optional	required: results/tables/06_modules_WGCNA/|results/tables/06_modules_WGCNA/interpretable_sum","FULL_PATH","results/integration/render_module_circular_atlas/global/tables/source_data/wgcna_circular_heatmap_source_module.csv","","GENERATED_RECORD","active",FALSE,"HIGH",""
"render_module_circular_atlas","pRoteomics","docs/active_script_io_audit.tsv","97: analysis/integration/render_module_circular_atlas.R	active_optional	required: results/tables/06_modules_WGCNA/|results/tables/06_modules_WGCNA/interpretable_sum","FULL_PATH","results/integration/render_module_circular_atlas/global/tables/source_data/wgcna_circular_heatmap_layout_all_datasets.csv","","GENERATED_RECORD","active",FALSE,"HIGH",""
"render_module_circular_atlas","pRoteomics","docs/active_script_io_audit.tsv","97: analysis/integration/render_module_circular_atlas.R	active_optional	required: results/tables/06_modules_WGCNA/|results/tables/06_modules_WGCNA/interpretable_sum","FULL_PATH","results/integration/render_module_circular_atlas/global/tables/source_data/wgcna_circular_publication_supermodule_effect_heatmap_source.csv","","GENERATED_RECORD","active",FALSE,"HIGH",""
"render_module_circular_atlas","pRoteomics","docs/active_script_io_audit.tsv","97: analysis/integration/render_module_circular_atlas.R	active_optional	required: results/tables/06_modules_WGCNA/|results/tables/06_modules_WGCNA/interpretable_sum","FULL_PATH","results/integration/render_module_circular_atlas/global/tables/source_data/wgcna_circular_publication_supermodule_effect_heatmap_layout_all_datasets.csv","","GENERATED_RECORD","active",FALSE,"HIGH",""
"render_module_circular_atlas","pRoteomics","docs/active_script_io_audit.tsv","97: analysis/integration/render_module_circular_atlas.R	active_optional	required: results/tables/06_modules_WGCNA/|results/tables/06_modules_WGCNA/interpretable_sum","FULL_PATH","results/integration/render_module_circular_atlas/global/reports/wgcna_circular_atlas_input_status.csv","","GENERATED_RECORD","active",FALSE,"HIGH",""
"render_module_circular_atlas","pRoteomics","docs/active_script_io_audit.tsv","97: analysis/integration/render_module_circular_atlas.R	active_optional	required: results/tables/06_modules_WGCNA/|results/tables/06_modules_WGCNA/interpretable_sum","FULL_PATH","results/integration/render_module_circular_atlas/global/reports/wgcna_circular_vs_publication_heatmap_source_audit.csv","","GENERATED_RECORD","active",FALSE,"HIGH",""
"render_module_circular_atlas","pRoteomics","docs/active_script_io_audit.tsv","97: analysis/integration/render_module_circular_atlas.R	active_optional	required: results/tables/06_modules_WGCNA/|results/tables/06_modules_WGCNA/interpretable_sum","FULL_PATH","results/integration/render_module_circular_atlas/global/reports/wgcna_circular_vs_publication_supermodule_id_comparison.csv","","GENERATED_RECORD","active",FALSE,"HIGH",""
"render_module_circular_atlas","pRoteomics","docs/active_script_io_audit.tsv","97: analysis/integration/render_module_circular_atlas.R	active_optional	required: results/tables/06_modules_WGCNA/|results/tables/06_modules_WGCNA/interpretable_sum","FULL_PATH","results/integration/render_module_circular_atlas/global/reports/wgcna_circular_metric_consistency_audit.csv","","GENERATED_RECORD","active",FALSE,"HIGH",""
"render_module_circular_atlas","pRoteomics","docs/active_script_io_audit.tsv","97: analysis/integration/render_module_circular_atlas.R	active_optional	required: results/tables/06_modules_WGCNA/|results/tables/06_modules_WGCNA/interpretable_sum","FULL_PATH","results/integration/render_module_circular_atlas/global/reports/wgcna_module_supermodule_mapping_audit.csv","","GENERATED_RECORD","active",FALSE,"HIGH",""
"render_module_circular_atlas","pRoteomics","docs/active_script_io_audit.tsv","97: analysis/integration/render_module_circular_atlas.R	active_optional	required: results/tables/06_modules_WGCNA/|results/tables/06_modules_WGCNA/interpretable_sum","FULL_PATH","results/integration/render_module_circular_atlas/global/reports/circular_atlas_selection_audit.csv","","GENERATED_RECORD","active",FALSE,"HIGH",""
"render_module_circular_atlas","pRoteomics","docs/active_script_io_audit.tsv","97: analysis/integration/render_module_circular_atlas.R	active_optional	required: results/tables/06_modules_WGCNA/|results/tables/06_modules_WGCNA/interpretable_sum","FULL_PATH","results/integration/render_module_circular_atlas/global/manifests/run_manifest.yml","","GENERATED_RECORD","active",FALSE,"HIGH",""
"render_module_circular_atlas","pRoteomics","docs/active_script_io_audit.tsv","40: analysis/wgcna/build_module_identity_contract.R	active_optional	required: data/processed/06_modules_WGCNA/01_WGCNA/<dataset>/wgcna_final_model_state.rds|results","FULL_PATH","results/source_data/10_biological_integration/wgcna_circular_atlas/global","","GENERATED_RECORD","active",FALSE,"HIGH",""
"render_module_circular_atlas","pRoteomics","docs/active_script_io_audit.tsv","40: analysis/wgcna/build_module_identity_contract.R	active_optional	required: data/processed/06_modules_WGCNA/01_WGCNA/<dataset>/wgcna_final_model_state.rds|results","NAMESPACE_BASENAME","10_biological_integration","","GENERATED_RECORD","active",FALSE,"MEDIUM",""
"render_module_circular_atlas","pRoteomics","docs/active_script_io_audit.tsv","72: analysis/spatial_validation/build_protein_spatial_atlas.R	active_optional	required: results/tables/10_biological_integration/wgcna_candidate_protein_shortlist/g","NAMESPACE_BASENAME","10_biological_integration","","GENERATED_RECORD","active",FALSE,"MEDIUM",""
"render_module_circular_atlas","pRoteomics","docs/active_script_io_audit.tsv","73: analysis/spatial_validation/quantify_neuropil_detection_context.R	active_optional	required: results/tables/04_differential_expression_enrichment/sus_res_spatial","NAMESPACE_BASENAME","10_biological_integration","","GENERATED_RECORD","active",FALSE,"MEDIUM",""
"render_module_circular_atlas","pRoteomics","docs/active_script_io_audit.tsv","87: analysis/integration/summarize_programs_for_manuscript.R	active_optional	required: results/integration/build_cross_compartment_atlas/global/tables/cross_compart","NAMESPACE_BASENAME","10_biological_integration","","GENERATED_RECORD","active",FALSE,"MEDIUM",""
"render_module_circular_atlas","pRoteomics","docs/active_script_io_audit.tsv","88: analysis/publication_source_data/build_biological_claims_table.R	active_optional	required: results/tables/04_differential_expression_enrichment/|results/tables/","NAMESPACE_BASENAME","10_biological_integration","","GENERATED_RECORD","active",FALSE,"MEDIUM",""
"render_module_circular_atlas","pRoteomics","docs/active_script_io_audit.tsv","89: analysis/integration/build_evidence_priority_matrix.R	active_optional	required: results/integration/build_cross_compartment_atlas/global/tables/cross_compartmen","NAMESPACE_BASENAME","10_biological_integration","","GENERATED_RECORD","active",FALSE,"MEDIUM",""
"render_module_circular_atlas","pRoteomics","docs/active_script_io_audit.tsv","91: analysis/integration/summarize_enrichment_module_concordance.R	active_optional	required: results/integration/test_enrichment_module_concordance/global/tables/gs","NAMESPACE_BASENAME","10_biological_integration","","GENERATED_RECORD","active",FALSE,"MEDIUM",""
"render_module_circular_atlas","pRoteomics","docs/active_script_io_audit.tsv","92: analysis/integration/build_candidate_protein_shortlist.R	active_optional	required: results/tables/06_modules_WGCNA/01_WGCNA/<dataset>/modules/WGCNA_modules_long","NAMESPACE_BASENAME","10_biological_integration","","GENERATED_RECORD","active",FALSE,"MEDIUM",""
"render_module_circular_atlas","pRoteomics","docs/active_script_io_audit.tsv","93: analysis/integration/quantify_candidate_network_position.R	active_optional	required: results/tables/06_modules_WGCNA/01_WGCNA/<dataset>/modules/WGCNA_modules_lo","NAMESPACE_BASENAME","10_biological_integration","","GENERATED_RECORD","active",FALSE,"MEDIUM",""
"render_module_circular_atlas","pRoteomics","docs/active_script_io_audit.tsv","95: analysis/integration/screen_immunostaining_panel.R	active_optional	required: data/processed/02_id_mapping/mapped/neuron_neuropil/forward/per_file/|data/processe","NAMESPACE_BASENAME","10_biological_integration","","GENERATED_RECORD","active",FALSE,"MEDIUM",""
"render_module_circular_atlas","pRoteomics","docs/active_script_io_audit.tsv","97: analysis/integration/render_module_circular_atlas.R	active_optional	required: results/tables/06_modules_WGCNA/|results/tables/06_modules_WGCNA/interpretable_sum","NAMESPACE_BASENAME","10_biological_integration","","GENERATED_RECORD","active",FALSE,"MEDIUM",""
"render_module_circular_atlas","pRoteomics","docs/active_script_io_audit.tsv","98: analysis/integration/summarize_module_cross_compartment.R	active_optional	required: results/tables/06_modules_WGCNA/01_WGCNA/neuron_neuropil/modules/WGCNA_modul","NAMESPACE_BASENAME","10_biological_integration","","GENERATED_RECORD","active",FALSE,"MEDIUM",""
"render_module_circular_atlas","pRoteomics","docs/active_script_io_audit.tsv","99: analysis/integration/export_module_protein_zoom_source_data.R	active_optional	required: results/source_data/06_modules_WGCNA/interpretable_summary/neuron_neurop","NAMESPACE_BASENAME","10_biological_integration","","GENERATED_RECORD","active",FALSE,"MEDIUM",""
"render_module_circular_atlas","pRoteomics","docs/active_script_io_audit.tsv","40: analysis/wgcna/build_module_identity_contract.R	active_optional	required: data/processed/06_modules_WGCNA/01_WGCNA/<dataset>/wgcna_final_model_state.rds|results","NAMESPACE_BASENAME","wgcna_circular_atlas","","GENERATED_RECORD","active",FALSE,"MEDIUM",""
"render_module_circular_atlas","pRoteomics","docs/active_script_io_audit.tsv","88: analysis/publication_source_data/build_biological_claims_table.R	active_optional	required: results/tables/04_differential_expression_enrichment/|results/tables/","NAMESPACE_BASENAME","publication_source_data","","GENERATED_RECORD","active",FALSE,"MEDIUM",""
"render_module_circular_atlas","pRoteomics","docs/active_script_io_audit.tsv","100: analysis/publication_source_data/build_sample_metadata.R	active_optional	required: data/metadata/; optional: 09_export_pride_journal/config/export_config.yml	pr","NAMESPACE_BASENAME","publication_source_data","","GENERATED_RECORD","active",FALSE,"MEDIUM",""
"render_module_circular_atlas","pRoteomics","docs/active_script_io_audit.tsv","101: analysis/publication_source_data/export_processed_matrices.R	active_optional	required: data/raw/pg_matrix/|data/processed/01_preprocessing/|data/processed/02_id","NAMESPACE_BASENAME","publication_source_data","","GENERATED_RECORD","active",FALSE,"MEDIUM",""
"render_module_circular_atlas","pRoteomics","docs/active_script_io_audit.tsv","102: analysis/publication_source_data/build_supplementary_tables.R	active_optional	required: results/tables/; optional: results/source_data/	pride_submission/supplem","NAMESPACE_BASENAME","publication_source_data","","GENERATED_RECORD","active",FALSE,"MEDIUM",""
"render_module_circular_atlas","pRoteomics","docs/active_script_io_audit.tsv","103: analysis/publication_source_data/build_pride_manifest.R	active_required	required: pride_submission/metadata/sample_metadata.tsv|pride_submission/metadata/sdrf_l","NAMESPACE_BASENAME","publication_source_data","","GENERATED_RECORD","active",FALSE,"MEDIUM",""
"render_module_circular_atlas","pRoteomics","docs/active_script_io_audit.tsv","104: analysis/publication_source_data/build_methods_summary.R	active_optional	required: pipeline.yml; optional: results/logs/|renv.lock	pride_submission/methods/meth","NAMESPACE_BASENAME","publication_source_data","","GENERATED_RECORD","active",FALSE,"MEDIUM",""
"render_module_circular_atlas","pRoteomics","docs/active_script_io_audit.tsv","105: analysis/publication_source_data/08_export_manuscript_figures.R	active_optional	required: config/output_namespaces.yml|results/figures/; optional: 	results/manu","NAMESPACE_BASENAME","publication_source_data","","GENERATED_RECORD","active",FALSE,"MEDIUM",""
"render_module_circular_atlas","pRoteomics","docs/active_script_io_audit.tsv","106: analysis/publication_source_data/09_export_source_data.R	active_optional	required: config/output_namespaces.yml|results/tables/; optional: results/source_data/","NAMESPACE_BASENAME","publication_source_data","","GENERATED_RECORD","active",FALSE,"MEDIUM",""
"render_module_circular_atlas","pRoteomics","docs/active_script_io_audit.tsv","107: analysis/publication_source_data/validate_pride_submission.R	active_optional	required: pride_submission/; optional: data/raw/|data/external/search_results/|prid","NAMESPACE_BASENAME","publication_source_data","","GENERATED_RECORD","active",FALSE,"MEDIUM",""
"render_module_circular_atlas","pRoteomics","docs/active_script_io_audit.tsv","120: analysis/publication_source_data/RUN_EXPORT.R	registry_excluded	replacement: run_dataset_pipeline.R --stage export		excluded from active pipeline stages	not can","NAMESPACE_BASENAME","publication_source_data","","GENERATED_RECORD","active",FALSE,"MEDIUM",""
"render_module_circular_atlas","pRoteomics","docs/active_script_io_audit.tsv","40: analysis/wgcna/build_module_identity_contract.R	active_optional	required: data/processed/06_modules_WGCNA/01_WGCNA/<dataset>/wgcna_final_model_state.rds|results","ANALYSIS_REFERENCE","render_module_circular_atlas","","GENERATED_RECORD","active",FALSE,"MEDIUM",""
"render_module_circular_atlas","pRoteomics","docs/active_script_io_audit.tsv","97: analysis/integration/render_module_circular_atlas.R	active_optional	required: results/tables/06_modules_WGCNA/|results/tables/06_modules_WGCNA/interpretable_sum","ANALYSIS_REFERENCE","render_module_circular_atlas","","GENERATED_RECORD","active",FALSE,"MEDIUM",""
"render_module_circular_atlas","pRoteomics","docs/active_script_io_audit.tsv","97: analysis/integration/render_module_circular_atlas.R	active_optional	required: results/tables/06_modules_WGCNA/|results/tables/06_modules_WGCNA/interpretable_sum","ANALYSIS_REFERENCE","render_module_circular_atlas.R","","GENERATED_RECORD","active",FALSE,"MEDIUM",""
"render_module_circular_atlas","pRoteomics","docs/file_contracts.tsv","32: final_biological_evidence_bundle	results/tables/10_biological_integration/final_evidence_bundle/global/final_biological_evidence_bundle.xlsx; results/tables/10_","NAMESPACE_BASENAME","10_biological_integration","","GENERATED_RECORD","active",FALSE,"MEDIUM",""
"render_module_circular_atlas","pRoteomics","docs/file_contracts.tsv","52: gsea_wgcna_concordance	results/tables/10_biological_integration/gsea_wgcna_concordance/global/*.csv; results/source_data/10_biological_integration/gsea_wgcna_co","NAMESPACE_BASENAME","10_biological_integration","","GENERATED_RECORD","active",FALSE,"MEDIUM",""
"render_module_circular_atlas","pRoteomics","docs/file_contracts.tsv","53: gsea_wgcna_concordance_diagnostics	results/tables/10_biological_integration/gsea_wgcna_concordance_diagnostics/global/*.csv; results/source_data/10_biological_i","NAMESPACE_BASENAME","10_biological_integration","","GENERATED_RECORD","active",FALSE,"MEDIUM",""
"render_module_circular_atlas","pRoteomics","docs/file_contracts.tsv","10: compareGO_tables	results/tables/04_differential_expression_enrichment/compareGO/<dataset>/<ontology>/<route_category>/<route_unit>/	analysis/differential_abunda","NAMESPACE_BASENAME","publication_source_data","","GENERATED_RECORD","active",FALSE,"MEDIUM",""
"render_module_circular_atlas","pRoteomics","docs/file_contracts.tsv","11: ewce_e9_outputs	data/processed/05_celltype_enrichment_EWCE/EWCE_E9/; results/{tables,figures,source_data,logs,reports}/05_celltype_enrichment_EWCE/EWCE_E9/	anal","NAMESPACE_BASENAME","publication_source_data","","GENERATED_RECORD","active",FALSE,"MEDIUM",""
"render_module_circular_atlas","pRoteomics","docs/file_contracts.tsv","17: biological_program_summary	results/tables/04_differential_expression_enrichment/biological_program_summary/<dataset>/program_summary.csv; results/source_data/04","NAMESPACE_BASENAME","publication_source_data","","GENERATED_RECORD","active",FALSE,"MEDIUM",""
"render_module_circular_atlas","pRoteomics","docs/file_contracts.tsv","25: microglia_signature_with_contrast_class	results/tables/04_differential_expression_enrichment/microglia_targeted_signature_enrichment/<dataset>/microglia_signatu","NAMESPACE_BASENAME","publication_source_data","","GENERATED_RECORD","active",FALSE,"MEDIUM",""
"render_module_circular_atlas","pRoteomics","docs/file_contracts.tsv","27: microglia_signature_claims_ready	results/tables/04_differential_expression_enrichment/microglia_targeted_signature_enrichment/<dataset>/microglia_signature_clai","NAMESPACE_BASENAME","publication_source_data","","GENERATED_RECORD","active",FALSE,"MEDIUM",""
"render_module_circular_atlas","pRoteomics","docs/file_contracts.tsv","28: wgcna_module_evidence_rank	results/tables/06_modules_WGCNA/01_WGCNA/<dataset>/modules/WGCNA_module_evidence_rank.csv	analysis/wgcna/build_wgcna_modules.R	analys","NAMESPACE_BASENAME","publication_source_data","","GENERATED_RECORD","active",FALSE,"MEDIUM",""
"render_module_circular_atlas","pRoteomics","docs/file_contracts.tsv","29: microglia_wgcna_claim_readiness	results/tables/06_modules_WGCNA/claim_readiness/microglia/WGCNA_entity_claim_readiness.csv	analysis/wgcna/audit_module_claim_rea","NAMESPACE_BASENAME","publication_source_data","","GENERATED_RECORD","active",FALSE,"MEDIUM",""
"render_module_circular_atlas","pRoteomics","docs/file_contracts.tsv","30: spatial_edge_validation	results/spatial_networks/test_network_stability/<dataset>/tables/edge_bootstrap_validation_summary.csv; results/spatial_networks/test_di","NAMESPACE_BASENAME","publication_source_data","","GENERATED_RECORD","active",FALSE,"MEDIUM",""
"render_module_circular_atlas","pRoteomics","docs/file_contracts.tsv","31: biological_claims_table	results/tables/biological_claims_table.csv; results/tables/biological_claims_table.xlsx	analysis/publication_source_data/build_biologica","NAMESPACE_BASENAME","publication_source_data","","GENERATED_RECORD","active",FALSE,"MEDIUM",""
"render_module_circular_atlas","pRoteomics","docs/file_contracts.tsv","34: network_behavior_outputs	results/tables/08_behavior_physio_coupling/network_behavior_coupling/; results/figures/08_behavior_physio_coupling/network_behavior_cou","NAMESPACE_BASENAME","publication_source_data","","GENERATED_RECORD","active",FALSE,"MEDIUM",""
"render_module_circular_atlas","pRoteomics","docs/file_contracts.tsv","35: pride_manifest	pride_submission/manifests/pride_file_manifest.tsv	analysis/publication_source_data/build_pride_manifest.R	analysis/publication_source_data/valid","NAMESPACE_BASENAME","publication_source_data","","GENERATED_RECORD","active",FALSE,"MEDIUM",""
"render_module_circular_atlas","pRoteomics","docs/file_contracts.tsv","29: microglia_wgcna_claim_readiness	results/tables/06_modules_WGCNA/claim_readiness/microglia/WGCNA_entity_claim_readiness.csv	analysis/wgcna/audit_module_claim_rea","ANALYSIS_REFERENCE","render_module_circular_atlas","","GENERATED_RECORD","active",FALSE,"MEDIUM",""
"render_module_circular_atlas","pRoteomics","docs/file_contracts.tsv","29: microglia_wgcna_claim_readiness	results/tables/06_modules_WGCNA/claim_readiness/microglia/WGCNA_entity_claim_readiness.csv	analysis/wgcna/audit_module_claim_rea","ANALYSIS_REFERENCE","render_module_circular_atlas.R","","GENERATED_RECORD","active",FALSE,"MEDIUM",""
"render_module_circular_atlas","pRoteomics","R/statistics/wgcna_label_adjudication_utils.R","820: c(""analysis/integration/render_module_circular_atlas.R"",","ANALYSIS_REFERENCE","render_module_circular_atlas","","INDIRECT_READER_VIA_HELPER","active",FALSE,"MEDIUM",""
"render_module_circular_atlas","pRoteomics","R/statistics/wgcna_label_adjudication_utils.R","820: c(""analysis/integration/render_module_circular_atlas.R"",","ANALYSIS_REFERENCE","render_module_circular_atlas.R","","INDIRECT_READER_VIA_HELPER","active",FALSE,"MEDIUM",""
"render_module_circular_atlas","pRoteomics","audits/migration/generate_prerestructure_freeze.R","105: ""results/tables/10_biological_integration/gsea_wgcna_concordance/global/ontology_aware_gsea_theme_assignments_all_contrasts.csv"",","NAMESPACE_BASENAME","10_biological_integration","","PROVENANCE","historical",FALSE,"MEDIUM",""
"render_module_circular_atlas","pRoteomics","audits/migration/generate_prerestructure_freeze.R","88: add(""publication_source_data"", pid, as.character(panel$primary_source),","NAMESPACE_BASENAME","publication_source_data","","PROVENANCE","historical",FALSE,"MEDIUM",""
"render_module_circular_atlas","pRoteomics","audits/part29/atlas_completeness.R","29: ""results"", ""tables"", ""10_biological_integration"", ""gsea_wgcna_concordance"",","NAMESPACE_BASENAME","10_biological_integration","read.csv","PROVENANCE","historical",FALSE,"HIGH",""
"render_module_circular_atlas","pRoteomics","audits/part29/atlas_lineage.R","61: P_THEME_TABLE <- file.path(""results"", ""tables"", ""10_biological_integration"",","NAMESPACE_BASENAME","10_biological_integration","file.path","PROVENANCE","historical",FALSE,"HIGH",""
"render_module_circular_atlas","pRoteomics","audits/part29/atlas_lineage.R","64: P_THEME_SRC   <- file.path(""results"", ""source_data"", ""10_biological_integration"",","NAMESPACE_BASENAME","10_biological_integration","file.path","PROVENANCE","historical",FALSE,"HIGH",""
"render_module_circular_atlas","pRoteomics","audits/part29/atlas_renderer_scale_audit.R","40: THEME_TBL <- file.path(""results"", ""tables"", ""10_biological_integration"",","NAMESPACE_BASENAME","10_biological_integration","file.path","PROVENANCE","historical",FALSE,"HIGH",""
"render_module_circular_atlas","pRoteomics","audits/part29/bh_family_and_fgsea_floor_audit.R","333: THEME_TBL <- file.path(""results"", ""tables"", ""10_biological_integration"",","NAMESPACE_BASENAME","10_biological_integration","file.path","PROVENANCE","historical",FALSE,"HIGH",""
"render_module_circular_atlas","pRoteomics","audits/part29/camera_summaries.R","62: ""results"", ""tables"", ""10_biological_integration"", ""gsea_wgcna_concordance"",","NAMESPACE_BASENAME","10_biological_integration","read.csv","PROVENANCE","historical",FALSE,"HIGH",""
"render_module_circular_atlas","pRoteomics","audits/part29/canonical_gsea_contract_audit.R","21: ""results/tables/10_biological_integration/gsea_wgcna_concordance/global"",","NAMESPACE_BASENAME","10_biological_integration","file.path","PROVENANCE","historical",FALSE,"HIGH",""
"render_module_circular_atlas","pRoteomics","audits/part29/decisions_and_lineage.R","219: TT <- file.path(""results"", ""tables"", ""10_biological_integration"",","NAMESPACE_BASENAME","10_biological_integration","file.path","PROVENANCE","historical",FALSE,"HIGH",""
"render_module_circular_atlas","pRoteomics","audits/part29/duplicate_gene_collapse_audit.R","25: ""results/tables/10_biological_integration/gsea_wgcna_concordance/global"",","NAMESPACE_BASENAME","10_biological_integration","file.path","PROVENANCE","historical",FALSE,"HIGH",""
"render_module_circular_atlas","pRoteomics","audits/part29/final_atlas_docs.R","19: ""results"", ""tables"", ""10_biological_integration"", ""gsea_wgcna_concordance"",","NAMESPACE_BASENAME","10_biological_integration","read.csv","PROVENANCE","historical",FALSE,"HIGH",""
"render_module_circular_atlas","pRoteomics","audits/part29/final_atlas_sanity.R","29: ""results"", ""tables"", ""10_biological_integration"", ""gsea_wgcna_concordance"",","NAMESPACE_BASENAME","10_biological_integration","read.csv","PROVENANCE","historical",FALSE,"HIGH",""
"render_module_circular_atlas","pRoteomics","audits/part29/registry_and_overlap.R","31: ""results"", ""tables"", ""10_biological_integration"", ""gsea_wgcna_concordance"",","NAMESPACE_BASENAME","10_biological_integration","read.csv","PROVENANCE","historical",FALSE,"HIGH",""
"render_module_circular_atlas","pRoteomics","audits/part29/registry_v3_build.R","99: ""results"", ""tables"", ""10_biological_integration"", ""gsea_wgcna_concordance"",","NAMESPACE_BASENAME","10_biological_integration","read.csv","PROVENANCE","historical",FALSE,"HIGH",""
"render_module_circular_atlas","pRoteomics","audits/phase6e_final_active_tree.csv","79: ""analysis/publication_source_data/08_export_manuscript_figures.R"",""08_export_manuscript_figures.R"",""publication_source_data"",""ANALYSIS_ENTRYPOINT"",""CANONICAL_EN","NAMESPACE_BASENAME","publication_source_data","","PROVENANCE","historical",FALSE,"MEDIUM",""
"render_module_circular_atlas","pRoteomics","audits/phase6e_final_active_tree.csv","80: ""analysis/publication_source_data/09_export_source_data.R"",""09_export_source_data.R"",""publication_source_data"",""ANALYSIS_ENTRYPOINT"",""CANONICAL_ENTRYPOINT"",TRUE","NAMESPACE_BASENAME","publication_source_data","","PROVENANCE","historical",FALSE,"MEDIUM",""
"render_module_circular_atlas","pRoteomics","audits/phase6e_final_active_tree.csv","81: ""analysis/publication_source_data/build_biological_claims_table.R"",""build_biological_claims_table.R"",""publication_source_data"",""ANALYSIS_ENTRYPOINT"",""CANONICAL_","NAMESPACE_BASENAME","publication_source_data","","PROVENANCE","historical",FALSE,"MEDIUM",""
"render_module_circular_atlas","pRoteomics","audits/phase6e_final_active_tree.csv","82: ""analysis/publication_source_data/build_methods_summary.R"",""build_methods_summary.R"",""publication_source_data"",""ANALYSIS_ENTRYPOINT"",""CANONICAL_ENTRYPOINT"",TRUE","NAMESPACE_BASENAME","publication_source_data","","PROVENANCE","historical",FALSE,"MEDIUM",""
"render_module_circular_atlas","pRoteomics","audits/phase6e_final_active_tree.csv","83: ""analysis/publication_source_data/build_pride_manifest.R"",""build_pride_manifest.R"",""publication_source_data"",""ANALYSIS_ENTRYPOINT"",""CANONICAL_ENTRYPOINT"",TRUE,1","NAMESPACE_BASENAME","publication_source_data","","PROVENANCE","historical",FALSE,"MEDIUM",""
"render_module_circular_atlas","pRoteomics","audits/phase6e_final_active_tree.csv","84: ""analysis/publication_source_data/build_sample_metadata.R"",""build_sample_metadata.R"",""publication_source_data"",""ANALYSIS_ENTRYPOINT"",""CANONICAL_ENTRYPOINT"",TRUE","NAMESPACE_BASENAME","publication_source_data","","PROVENANCE","historical",FALSE,"MEDIUM",""
"render_module_circular_atlas","pRoteomics","audits/phase6e_final_active_tree.csv","85: ""analysis/publication_source_data/build_supplementary_tables.R"",""build_supplementary_tables.R"",""publication_source_data"",""ANALYSIS_ENTRYPOINT"",""CANONICAL_ENTRYP","NAMESPACE_BASENAME","publication_source_data","","PROVENANCE","historical",FALSE,"MEDIUM",""
"render_module_circular_atlas","pRoteomics","audits/phase6e_final_active_tree.csv","86: ""analysis/publication_source_data/export_processed_matrices.R"",""export_processed_matrices.R"",""publication_source_data"",""ANALYSIS_ENTRYPOINT"",""CANONICAL_ENTRYPOI","NAMESPACE_BASENAME","publication_source_data","","PROVENANCE","historical",FALSE,"MEDIUM",""
"render_module_circular_atlas","pRoteomics","audits/phase6e_final_active_tree.csv","87: ""analysis/publication_source_data/RUN_EXPORT.R"",""RUN_EXPORT.R"",""publication_source_data"",""SUPPORT_SCRIPT"",""ACTIVE_SUPPORT"",FALSE,0,FALSE,9,1,TRUE,TRUE,TRUE","NAMESPACE_BASENAME","publication_source_data","","PROVENANCE","historical",FALSE,"MEDIUM",""
"render_module_circular_atlas","pRoteomics","audits/phase6e_final_active_tree.csv","88: ""analysis/publication_source_data/validate_pride_submission.R"",""validate_pride_submission.R"",""publication_source_data"",""ANALYSIS_ENTRYPOINT"",""CANONICAL_ENTRYPOI","NAMESPACE_BASENAME","publication_source_data","","PROVENANCE","historical",FALSE,"MEDIUM",""
"render_module_circular_atlas","pRoteomics","audits/phase6e_final_active_tree.csv","64: ""analysis/integration/render_module_circular_atlas.R"",""render_module_circular_atlas.R"",""integration"",""SOURCE_DATA_EXPORTER"",""CANONICAL_ENTRYPOINT"",TRUE,39,TRUE,","ANALYSIS_REFERENCE","render_module_circular_atlas","","PROVENANCE","historical",FALSE,"MEDIUM",""
"render_module_circular_atlas","pRoteomics","audits/phase6e_final_active_tree.csv","64: ""analysis/integration/render_module_circular_atlas.R"",""render_module_circular_atlas.R"",""integration"",""SOURCE_DATA_EXPORTER"",""CANONICAL_ENTRYPOINT"",TRUE,39,TRUE,","ANALYSIS_REFERENCE","render_module_circular_atlas.R","","PROVENANCE","historical",FALSE,"MEDIUM",""
"render_module_circular_atlas","pRoteomics","audits/phase6e_naming_migration.csv","90: ""analysis/08_integration/04_wgcna_circular_atlas.R"",""analysis/08_integration/render_module_circular_atlas.R"",""ANALYSIS_ENTRYPOINT"",""HISTORICAL_PREFIX_REMOVED_VE","ANALYSIS_REFERENCE","render_module_circular_atlas","","PROVENANCE","historical",FALSE,"MEDIUM",""
"render_module_circular_atlas","pRoteomics","audits/phase6e_naming_migration.csv","90: ""analysis/08_integration/04_wgcna_circular_atlas.R"",""analysis/08_integration/render_module_circular_atlas.R"",""ANALYSIS_ENTRYPOINT"",""HISTORICAL_PREFIX_REMOVED_VE","ANALYSIS_REFERENCE","render_module_circular_atlas.R","","PROVENANCE","historical",FALSE,"MEDIUM",""
"render_module_circular_atlas","pRoteomics","audits/phase6f_artifact_migration.csv","2: ""results/publication_source_data/extended_data_01/assembled/extended_data_01.svg"",""exports/publication_source_data/extended_data_01/assembled/extended_data_01.s","NAMESPACE_BASENAME","publication_source_data","","PROVENANCE","historical",FALSE,"MEDIUM",""
"render_module_circular_atlas","pRoteomics","audits/phase6f_artifact_migration.csv","3: ""results/publication_source_data/extended_data_01/extended_data_01a_source_data.csv"",""exports/publication_source_data/extended_data_01/extended_data_01a_source_","NAMESPACE_BASENAME","publication_source_data","","PROVENANCE","historical",FALSE,"MEDIUM",""
"render_module_circular_atlas","pRoteomics","audits/phase6f_artifact_migration.csv","4: ""results/publication_source_data/extended_data_01/extended_data_01b_source_data.csv"",""exports/publication_source_data/extended_data_01/extended_data_01b_source_","NAMESPACE_BASENAME","publication_source_data","","PROVENANCE","historical",FALSE,"MEDIUM",""
"render_module_circular_atlas","pRoteomics","audits/phase6f_artifact_migration.csv","5: ""results/publication_source_data/extended_data_02/assembled/extended_data_02.svg"",""exports/publication_source_data/extended_data_02/assembled/extended_data_02.s","NAMESPACE_BASENAME","publication_source_data","","PROVENANCE","historical",FALSE,"MEDIUM",""
"render_module_circular_atlas","pRoteomics","audits/phase6f_artifact_migration.csv","6: ""results/publication_source_data/extended_data_02/extended_data_02a_source_data.csv"",""exports/publication_source_data/extended_data_02/extended_data_02a_source_","NAMESPACE_BASENAME","publication_source_data","","PROVENANCE","historical",FALSE,"MEDIUM",""
"render_module_circular_atlas","pRoteomics","audits/phase6f_artifact_migration.csv","7: ""results/publication_source_data/extended_data_02/extended_data_02b_source_data.csv"",""exports/publication_source_data/extended_data_02/extended_data_02b_source_","NAMESPACE_BASENAME","publication_source_data","","PROVENANCE","historical",FALSE,"MEDIUM",""
"render_module_circular_atlas","pRoteomics","audits/phase6f_artifact_migration.csv","8: ""results/publication_source_data/extended_data_03/assembled/extended_data_03.svg"",""exports/publication_source_data/extended_data_03/assembled/extended_data_03.s","NAMESPACE_BASENAME","publication_source_data","","PROVENANCE","historical",FALSE,"MEDIUM",""
"render_module_circular_atlas","pRoteomics","audits/phase6f_artifact_migration.csv","9: ""results/publication_source_data/extended_data_03/extended_data_03a_source_data.csv"",""exports/publication_source_data/extended_data_03/extended_data_03a_source_","NAMESPACE_BASENAME","publication_source_data","","PROVENANCE","historical",FALSE,"MEDIUM",""
"render_module_circular_atlas","pRoteomics","audits/phase6f_artifact_migration.csv","10: ""results/publication_source_data/extended_data_03/extended_data_03b_source_data.csv"",""exports/publication_source_data/extended_data_03/extended_data_03b_source_","NAMESPACE_BASENAME","publication_source_data","","PROVENANCE","historical",FALSE,"MEDIUM",""
"render_module_circular_atlas","pRoteomics","audits/phase6f_artifact_migration.csv","11: ""results/publication_source_data/extended_data_03/extended_data_03c_source_data.csv"",""exports/publication_source_data/extended_data_03/extended_data_03c_source_","NAMESPACE_BASENAME","publication_source_data","","PROVENANCE","historical",FALSE,"MEDIUM",""
"render_module_circular_atlas","pRoteomics","audits/phase6f_artifact_migration.csv","12: ""results/publication_source_data/extended_data_03/extended_data_03d_source_data.csv"",""exports/publication_source_data/extended_data_03/extended_data_03d_source_","NAMESPACE_BASENAME","publication_source_data","","PROVENANCE","historical",FALSE,"MEDIUM",""
"render_module_circular_atlas","pRoteomics","audits/phase6f_artifact_migration.csv","13: ""results/publication_source_data/extended_data_03/extended_data_03e_source_data.csv"",""exports/publication_source_data/extended_data_03/extended_data_03e_source_","NAMESPACE_BASENAME","publication_source_data","","PROVENANCE","historical",FALSE,"MEDIUM",""
"render_module_circular_atlas","pRoteomics","audits/phase6f_artifact_migration.csv","14: ""results/publication_source_data/extended_data_05/assembled/extended_data_05.svg"",""exports/publication_source_data/extended_data_05/assembled/extended_data_05.s","NAMESPACE_BASENAME","publication_source_data","","PROVENANCE","historical",FALSE,"MEDIUM",""
"render_module_circular_atlas","pRoteomics","audits/phase6f_artifact_migration.csv","15: ""results/publication_source_data/extended_data_05/extended_data_05a_source_data.csv"",""exports/publication_source_data/extended_data_05/extended_data_05a_source_","NAMESPACE_BASENAME","publication_source_data","","PROVENANCE","historical",FALSE,"MEDIUM",""
"render_module_circular_atlas","pRoteomics","audits/phase6f_artifact_migration.csv","16: ""results/publication_source_data/extended_data_05/extended_data_05b_source_data.csv"",""exports/publication_source_data/extended_data_05/extended_data_05b_source_","NAMESPACE_BASENAME","publication_source_data","","PROVENANCE","historical",FALSE,"MEDIUM",""
"render_module_circular_atlas","pRoteomics","audits/phase6f_artifact_migration.csv","17: ""results/publication_source_data/extended_data_06/assembled/extended_data_06.svg"",""exports/publication_source_data/extended_data_06/assembled/extended_data_06.s","NAMESPACE_BASENAME","publication_source_data","","PROVENANCE","historical",FALSE,"MEDIUM",""
"render_module_circular_atlas","pRoteomics","audits/phase6f_artifact_migration.csv","18: ""results/publication_source_data/extended_data_06/extended_data_06a_source_data.csv"",""exports/publication_source_data/extended_data_06/extended_data_06a_source_","NAMESPACE_BASENAME","publication_source_data","","PROVENANCE","historical",FALSE,"MEDIUM",""
"render_module_circular_atlas","pRoteomics","audits/phase6f_artifact_migration.csv","19: ""results/publication_source_data/extended_data_06/extended_data_06b_source_data.csv"",""exports/publication_source_data/extended_data_06/extended_data_06b_source_","NAMESPACE_BASENAME","publication_source_data","","PROVENANCE","historical",FALSE,"MEDIUM",""
"render_module_circular_atlas","pRoteomics","audits/phase6f_artifact_migration.csv","20: ""results/publication_source_data/extended_data_06/extended_data_06c_source_data.csv"",""exports/publication_source_data/extended_data_06/extended_data_06c_source_","NAMESPACE_BASENAME","publication_source_data","","PROVENANCE","historical",FALSE,"MEDIUM",""
"render_module_circular_atlas","pRoteomics","audits/phase6f_artifact_migration.csv","21: ""results/publication_source_data/extended_data_06/extended_data_06d_source_data.csv"",""exports/publication_source_data/extended_data_06/extended_data_06d_source_","NAMESPACE_BASENAME","publication_source_data","","PROVENANCE","historical",FALSE,"MEDIUM",""
"render_module_circular_atlas","pRoteomics","audits/phase6f_artifact_migration.csv","22: ""results/publication_source_data/extended_data_06/extended_data_06e_source_data.csv"",""exports/publication_source_data/extended_data_06/extended_data_06e_source_","NAMESPACE_BASENAME","publication_source_data","","PROVENANCE","historical",FALSE,"MEDIUM",""
"render_module_circular_atlas","pRoteomics","audits/phase6f_artifact_migration.csv","23: ""results/publication_source_data/extended_data_08/assembled/extended_data_08.svg"",""exports/publication_source_data/extended_data_08/assembled/extended_data_08.s","NAMESPACE_BASENAME","publication_source_data","","PROVENANCE","historical",FALSE,"MEDIUM",""
"render_module_circular_atlas","pRoteomics","audits/phase6f_artifact_migration.csv","24: ""results/publication_source_data/extended_data_08/extended_data_08a_source_data.csv"",""exports/publication_source_data/extended_data_08/extended_data_08a_source_","NAMESPACE_BASENAME","publication_source_data","","PROVENANCE","historical",FALSE,"MEDIUM",""
"render_module_circular_atlas","pRoteomics","audits/phase6f_artifact_migration.csv","25: ""results/publication_source_data/extended_data_08/extended_data_08b_source_data.csv"",""exports/publication_source_data/extended_data_08/extended_data_08b_source_","NAMESPACE_BASENAME","publication_source_data","","PROVENANCE","historical",FALSE,"MEDIUM",""
"render_module_circular_atlas","pRoteomics","audits/phase6f_artifact_migration.csv","26: ""results/publication_source_data/extended_data_08/extended_data_08c_source_data.csv"",""exports/publication_source_data/extended_data_08/extended_data_08c_source_","NAMESPACE_BASENAME","publication_source_data","","PROVENANCE","historical",FALSE,"MEDIUM",""
"render_module_circular_atlas","pRoteomics","audits/phase6f_artifact_migration.csv","27: ""results/publication_source_data/extended_data_08/extended_data_08d_source_data.csv"",""exports/publication_source_data/extended_data_08/extended_data_08d_source_","NAMESPACE_BASENAME","publication_source_data","","PROVENANCE","historical",FALSE,"MEDIUM",""
"render_module_circular_atlas","pRoteomics","audits/phase6f_artifact_migration.csv","28: ""results/publication_source_data/extended_data_09/assembled/extended_data_09.svg"",""exports/publication_source_data/extended_data_09/assembled/extended_data_09.s","NAMESPACE_BASENAME","publication_source_data","","PROVENANCE","historical",FALSE,"MEDIUM",""
"render_module_circular_atlas","pRoteomics","audits/phase6f_artifact_migration.csv","29: ""results/publication_source_data/extended_data_09/extended_data_09a_source_data.csv"",""exports/publication_source_data/extended_data_09/extended_data_09a_source_","NAMESPACE_BASENAME","publication_source_data","","PROVENANCE","historical",FALSE,"MEDIUM",""
"render_module_circular_atlas","pRoteomics","audits/phase6f_artifact_migration.csv","30: ""results/publication_source_data/extended_data_09/extended_data_09b_source_data.csv"",""exports/publication_source_data/extended_data_09/extended_data_09b_source_","NAMESPACE_BASENAME","publication_source_data","","PROVENANCE","historical",FALSE,"MEDIUM",""
"render_module_circular_atlas","pRoteomics","audits/phase6f_artifact_migration.csv","31: ""results/publication_source_data/extended_data_09/extended_data_09c_source_data.csv"",""exports/publication_source_data/extended_data_09/extended_data_09c_source_","NAMESPACE_BASENAME","publication_source_data","","PROVENANCE","historical",FALSE,"MEDIUM",""
"render_module_circular_atlas","pRoteomics","audits/phase6f_artifact_migration.csv","32: ""results/publication_source_data/figure_01/assembled/figure_01.svg"",""exports/publication_source_data/figure_01/assembled/figure_01.svg"",""cdb066da6b9996046e3a8e7","NAMESPACE_BASENAME","publication_source_data","","PROVENANCE","historical",FALSE,"MEDIUM",""
"render_module_circular_atlas","pRoteomics","audits/phase6f_artifact_migration.csv","33: ""results/publication_source_data/figure_01/figure_01a_source_data.csv"",""exports/publication_source_data/figure_01/figure_01a_source_data.csv"",""1906b79584a804182","NAMESPACE_BASENAME","publication_source_data","","PROVENANCE","historical",FALSE,"MEDIUM",""
"render_module_circular_atlas","pRoteomics","audits/phase6f_artifact_migration.csv","34: ""results/publication_source_data/figure_01/figure_01b_source_data.csv"",""exports/publication_source_data/figure_01/figure_01b_source_data.csv"",""92fcb8062baa92329","NAMESPACE_BASENAME","publication_source_data","","PROVENANCE","historical",FALSE,"MEDIUM",""
"render_module_circular_atlas","pRoteomics","audits/phase6f_artifact_migration.csv","35: ""results/publication_source_data/figure_01/figure_01c_source_data.csv"",""exports/publication_source_data/figure_01/figure_01c_source_data.csv"",""b992ad5a2fc61fe54","NAMESPACE_BASENAME","publication_source_data","","PROVENANCE","historical",FALSE,"MEDIUM",""
"render_module_circular_atlas","pRoteomics","audits/phase6f_artifact_migration.csv","36: ""results/publication_source_data/figure_01/figure_01d_source_data.csv"",""exports/publication_source_data/figure_01/figure_01d_source_data.csv"",""df987c921f3ffb254","NAMESPACE_BASENAME","publication_source_data","","PROVENANCE","historical",FALSE,"MEDIUM",""
"render_module_circular_atlas","pRoteomics","audits/phase6f_artifact_migration.csv","37: ""results/publication_source_data/figure_02/assembled/figure_02.svg"",""exports/publication_source_data/figure_02/assembled/figure_02.svg"",""f176c8a7e6f6b8951c306f3","NAMESPACE_BASENAME","publication_source_data","","PROVENANCE","historical",FALSE,"MEDIUM",""
"render_module_circular_atlas","pRoteomics","audits/phase6f_artifact_migration.csv","38: ""results/publication_source_data/figure_02/figure_02a_source_data.csv"",""exports/publication_source_data/figure_02/figure_02a_source_data.csv"",""d43386cd472ce8665","NAMESPACE_BASENAME","publication_source_data","","PROVENANCE","historical",FALSE,"MEDIUM",""
"render_module_circular_atlas","pRoteomics","audits/phase6f_artifact_migration.csv","39: ""results/publication_source_data/figure_02/figure_02b_source_data.csv"",""exports/publication_source_data/figure_02/figure_02b_source_data.csv"",""a96f684fe0a99d4d3","NAMESPACE_BASENAME","publication_source_data","","PROVENANCE","historical",FALSE,"MEDIUM",""
"render_module_circular_atlas","pRoteomics","audits/phase6f_artifact_migration.csv","40: ""results/publication_source_data/figure_02/figure_02c_source_data.csv"",""exports/publication_source_data/figure_02/figure_02c_source_data.csv"",""afed3b106d6059d0b","NAMESPACE_BASENAME","publication_source_data","","PROVENANCE","historical",FALSE,"MEDIUM",""
"render_module_circular_atlas","pRoteomics","audits/phase6f_artifact_migration.csv","41: ""results/publication_source_data/figure_02/figure_02d_source_data.csv"",""exports/publication_source_data/figure_02/figure_02d_source_data.csv"",""e24882adedc570db5","NAMESPACE_BASENAME","publication_source_data","","PROVENANCE","historical",FALSE,"MEDIUM",""
"render_module_circular_atlas","pRoteomics","audits/phase6f_artifact_migration.csv","42: ""results/publication_source_data/figure_02/figure_02e_source_data.csv"",""exports/publication_source_data/figure_02/figure_02e_source_data.csv"",""c84c10c77626b9673","NAMESPACE_BASENAME","publication_source_data","","PROVENANCE","historical",FALSE,"MEDIUM",""
"render_module_circular_atlas","pRoteomics","audits/phase6f_artifact_migration.csv","43: ""results/publication_source_data/figure_02/figure_02f_source_data.csv"",""exports/publication_source_data/figure_02/figure_02f_source_data.csv"",""82dd12966c8075357","NAMESPACE_BASENAME","publication_source_data","","PROVENANCE","historical",FALSE,"MEDIUM",""
"render_module_circular_atlas","pRoteomics","audits/phase6f_artifact_migration.csv","44: ""results/publication_source_data/figure_02/figure_02g_source_data.csv"",""exports/publication_source_data/figure_02/figure_02g_source_data.csv"",""fce8dd5433f8c1b53","NAMESPACE_BASENAME","publication_source_data","","PROVENANCE","historical",FALSE,"MEDIUM",""
"render_module_circular_atlas","pRoteomics","audits/phase6f_artifact_migration.csv","45: ""results/publication_source_data/figure_02/figure_02h_source_data.csv"",""exports/publication_source_data/figure_02/figure_02h_source_data.csv"",""5714040d944c4aab0","NAMESPACE_BASENAME","publication_source_data","","PROVENANCE","historical",FALSE,"MEDIUM",""
"render_module_circular_atlas","pRoteomics","audits/phase6f_artifact_migration.csv","46: ""results/publication_source_data/figure_03/assembled/figure_03.svg"",""exports/publication_source_data/figure_03/assembled/figure_03.svg"",""1c3799e6750cf44bc77f72e","NAMESPACE_BASENAME","publication_source_data","","PROVENANCE","historical",FALSE,"MEDIUM",""
"render_module_circular_atlas","pRoteomics","audits/phase6f_artifact_migration.csv","47: ""results/publication_source_data/figure_03/figure_03a_source_data.csv"",""exports/publication_source_data/figure_03/figure_03a_source_data.csv"",""258ac2ac4a7a48900","NAMESPACE_BASENAME","publication_source_data","","PROVENANCE","historical",FALSE,"MEDIUM",""
"render_module_circular_atlas","pRoteomics","audits/phase6f_artifact_migration.csv","48: ""results/publication_source_data/figure_03/figure_03b_source_data.csv"",""exports/publication_source_data/figure_03/figure_03b_source_data.csv"",""8dd21e47917feac3c","NAMESPACE_BASENAME","publication_source_data","","PROVENANCE","historical",FALSE,"MEDIUM",""
"render_module_circular_atlas","pRoteomics","audits/phase6f_artifact_migration.csv","49: ""results/publication_source_data/figure_03/figure_03c_source_data.csv"",""exports/publication_source_data/figure_03/figure_03c_source_data.csv"",""dc9c8f1dc9f33e5dd","NAMESPACE_BASENAME","publication_source_data","","PROVENANCE","historical",FALSE,"MEDIUM",""
"render_module_circular_atlas","pRoteomics","audits/phase6f_artifact_migration.csv","50: ""results/publication_source_data/figure_03/figure_03d_source_data.csv"",""exports/publication_source_data/figure_03/figure_03d_source_data.csv"",""a45f4f93b02f39660","NAMESPACE_BASENAME","publication_source_data","","PROVENANCE","historical",FALSE,"MEDIUM",""
"render_module_circular_atlas","pRoteomics","audits/phase6f_artifact_migration.csv","51: ""results/publication_source_data/figure_03/figure_03e_source_data.csv"",""exports/publication_source_data/figure_03/figure_03e_source_data.csv"",""0dc2c1728be08401a","NAMESPACE_BASENAME","publication_source_data","","PROVENANCE","historical",FALSE,"MEDIUM",""
"render_module_circular_atlas","pRoteomics","audits/phase6f_artifact_migration.csv","52: ""results/publication_source_data/figure_03/figure_03f_source_data.csv"",""exports/publication_source_data/figure_03/figure_03f_source_data.csv"",""6f4fda5f38e20fcbb","NAMESPACE_BASENAME","publication_source_data","","PROVENANCE","historical",FALSE,"MEDIUM",""
"render_module_circular_atlas","pRoteomics","audits/phase6f_artifact_migration.csv","53: ""results/publication_source_data/figure_03/figure_03g_source_data.csv"",""exports/publication_source_data/figure_03/figure_03g_source_data.csv"",""1a0c0a73eeac8d1d4","NAMESPACE_BASENAME","publication_source_data","","PROVENANCE","historical",FALSE,"MEDIUM",""
"render_module_circular_atlas","pRoteomics","audits/phase6f_artifact_migration.csv","54: ""results/publication_source_data/figure_03/figure_03h_source_data.csv"",""exports/publication_source_data/figure_03/figure_03h_source_data.csv"",""8ecaa4e1d4a2cfdde","NAMESPACE_BASENAME","publication_source_data","","PROVENANCE","historical",FALSE,"MEDIUM",""
"render_module_circular_atlas","pRoteomics","audits/phase6f_artifact_migration.csv","55: ""results/publication_source_data/figure_03/figure_03i_source_data.csv"",""exports/publication_source_data/figure_03/figure_03i_source_data.csv"",""93ecc2e5f93d73fc6","NAMESPACE_BASENAME","publication_source_data","","PROVENANCE","historical",FALSE,"MEDIUM",""
"render_module_circular_atlas","pRoteomics","audits/phase6f_artifact_migration.csv","56: ""results/publication_source_data/manifest.csv"",""exports/publication_source_data/manifest.csv"",""3af2958ef10b76bbe2e6b9048cd180d3a521fe4cfae315adfc88282ec50b3332""","NAMESPACE_BASENAME","publication_source_data","","PROVENANCE","historical",FALSE,"MEDIUM",""
"render_module_circular_atlas","pRoteomics","audits/phase6f_output_inventory.csv","200: ""analysis/08_integration/render_module_circular_atlas.R"",""results/figures/10_biological_integration/wgcna_circular_atlas/global/"",""figures"",""DIAGNOSTIC"","""",0,FA","FULL_PATH","results/integration/render_module_circular_atlas/global/plots","","PROVENANCE","historical",FALSE,"HIGH",""
"render_module_circular_atlas","pRoteomics","audits/phase6f_output_inventory.csv","201: ""analysis/08_integration/render_module_circular_atlas.R"",""results/figures/10_biological_integration/wgcna_circular_atlas/global/wgcna_circular_atlas_main.pdf"",""","FULL_PATH","results/integration/render_module_circular_atlas/global/plots","","PROVENANCE","historical",FALSE,"HIGH",""
"render_module_circular_atlas","pRoteomics","audits/phase6f_output_inventory.csv","202: ""analysis/08_integration/render_module_circular_atlas.R"",""results/figures/10_biological_integration/wgcna_circular_atlas/global/wgcna_circular_atlas_main.svg"",""","FULL_PATH","results/integration/render_module_circular_atlas/global/plots","","PROVENANCE","historical",FALSE,"HIGH",""
"render_module_circular_atlas","pRoteomics","audits/phase6f_output_inventory.csv","203: ""analysis/08_integration/render_module_circular_atlas.R"",""results/figures/10_biological_integration/wgcna_circular_atlas/global/wgcna_circular_atlas_selected_on","FULL_PATH","results/integration/render_module_circular_atlas/global/plots","","PROVENANCE","historical",FALSE,"HIGH",""
"render_module_circular_atlas","pRoteomics","audits/phase6f_output_inventory.csv","204: ""analysis/08_integration/render_module_circular_atlas.R"",""results/figures/10_biological_integration/wgcna_circular_atlas/global/wgcna_circular_atlas_selected_on","FULL_PATH","results/integration/render_module_circular_atlas/global/plots","","PROVENANCE","historical",FALSE,"HIGH",""
"render_module_circular_atlas","pRoteomics","audits/phase6f_output_inventory.csv","205: ""analysis/08_integration/render_module_circular_atlas.R"",""results/figures/10_biological_integration/wgcna_circular_atlas/global/wgcna_circular_heatmap_all_datas","FULL_PATH","results/integration/render_module_circular_atlas/global/plots","","PROVENANCE","historical",FALSE,"HIGH",""
"render_module_circular_atlas","pRoteomics","audits/phase6f_output_inventory.csv","206: ""analysis/08_integration/render_module_circular_atlas.R"",""results/figures/10_biological_integration/wgcna_circular_atlas/global/wgcna_circular_heatmap_all_datas","FULL_PATH","results/integration/render_module_circular_atlas/global/plots","","PROVENANCE","historical",FALSE,"HIGH",""
"render_module_circular_atlas","pRoteomics","audits/phase6f_output_inventory.csv","207: ""analysis/08_integration/render_module_circular_atlas.R"",""results/figures/10_biological_integration/wgcna_circular_atlas/global/wgcna_circular_heatmap_microglia","FULL_PATH","results/integration/render_module_circular_atlas/global/plots","","PROVENANCE","historical",FALSE,"HIGH",""
"render_module_circular_atlas","pRoteomics","audits/phase6f_output_inventory.csv","208: ""analysis/08_integration/render_module_circular_atlas.R"",""results/figures/10_biological_integration/wgcna_circular_atlas/global/wgcna_circular_heatmap_microglia","FULL_PATH","results/integration/render_module_circular_atlas/global/plots","","PROVENANCE","historical",FALSE,"HIGH",""
"render_module_circular_atlas","pRoteomics","audits/phase6f_output_inventory.csv","209: ""analysis/08_integration/render_module_circular_atlas.R"",""results/figures/10_biological_integration/wgcna_circular_atlas/global/wgcna_circular_heatmap_neuron_ne","FULL_PATH","results/integration/render_module_circular_atlas/global/plots","","PROVENANCE","historical",FALSE,"HIGH",""
"render_module_circular_atlas","pRoteomics","audits/phase6f_output_inventory.csv","210: ""analysis/08_integration/render_module_circular_atlas.R"",""results/figures/10_biological_integration/wgcna_circular_atlas/global/wgcna_circular_heatmap_neuron_ne","FULL_PATH","results/integration/render_module_circular_atlas/global/plots","","PROVENANCE","historical",FALSE,"HIGH",""
"render_module_circular_atlas","pRoteomics","audits/phase6f_output_inventory.csv","211: ""analysis/08_integration/render_module_circular_atlas.R"",""results/figures/10_biological_integration/wgcna_circular_atlas/global/wgcna_circular_heatmap_neuron_so","FULL_PATH","results/integration/render_module_circular_atlas/global/plots","","PROVENANCE","historical",FALSE,"HIGH",""
"render_module_circular_atlas","pRoteomics","audits/phase6f_output_inventory.csv","212: ""analysis/08_integration/render_module_circular_atlas.R"",""results/figures/10_biological_integration/wgcna_circular_atlas/global/wgcna_circular_heatmap_neuron_so","FULL_PATH","results/integration/render_module_circular_atlas/global/plots","","PROVENANCE","historical",FALSE,"HIGH",""
"render_module_circular_atlas","pRoteomics","audits/phase6f_output_inventory.csv","213: ""analysis/08_integration/render_module_circular_atlas.R"",""results/figures/10_biological_integration/wgcna_circular_atlas/global/wgcna_circular_publication_super","FULL_PATH","results/integration/render_module_circular_atlas/global/plots","","PROVENANCE","historical",FALSE,"HIGH",""
"render_module_circular_atlas","pRoteomics","audits/phase6f_output_inventory.csv","214: ""analysis/08_integration/render_module_circular_atlas.R"",""results/figures/10_biological_integration/wgcna_circular_atlas/global/wgcna_circular_publication_super","FULL_PATH","results/integration/render_module_circular_atlas/global/plots","","PROVENANCE","historical",FALSE,"HIGH",""
"render_module_circular_atlas","pRoteomics","audits/phase6f_output_inventory.csv","215: ""analysis/08_integration/render_module_circular_atlas.R"",""results/figures/10_biological_integration/wgcna_circular_atlas/global/wgcna_circular_publication_super","FULL_PATH","results/integration/render_module_circular_atlas/global/plots","","PROVENANCE","historical",FALSE,"HIGH",""
"render_module_circular_atlas","pRoteomics","audits/phase6f_output_inventory.csv","216: ""analysis/08_integration/render_module_circular_atlas.R"",""results/figures/10_biological_integration/wgcna_circular_atlas/global/wgcna_circular_publication_super","FULL_PATH","results/integration/render_module_circular_atlas/global/plots","","PROVENANCE","historical",FALSE,"HIGH",""
"render_module_circular_atlas","pRoteomics","audits/phase6f_output_inventory.csv","217: ""analysis/08_integration/render_module_circular_atlas.R"",""results/figures/10_biological_integration/wgcna_circular_atlas/global/wgcna_circular_publication_super","FULL_PATH","results/integration/render_module_circular_atlas/global/plots","","PROVENANCE","historical",FALSE,"HIGH",""
"render_module_circular_atlas","pRoteomics","audits/phase6f_output_inventory.csv","218: ""analysis/08_integration/render_module_circular_atlas.R"",""results/figures/10_biological_integration/wgcna_circular_atlas/global/wgcna_circular_publication_super","FULL_PATH","results/integration/render_module_circular_atlas/global/plots","","PROVENANCE","historical",FALSE,"HIGH",""
"render_module_circular_atlas","pRoteomics","audits/phase6f_output_inventory.csv","219: ""analysis/08_integration/render_module_circular_atlas.R"",""results/figures/10_biological_integration/wgcna_circular_atlas/global/wgcna_circular_publication_super","FULL_PATH","results/integration/render_module_circular_atlas/global/plots","","PROVENANCE","historical",FALSE,"HIGH",""
"render_module_circular_atlas","pRoteomics","audits/phase6f_output_inventory.csv","220: ""analysis/08_integration/render_module_circular_atlas.R"",""results/figures/10_biological_integration/wgcna_circular_atlas/global/wgcna_circular_publication_super","FULL_PATH","results/integration/render_module_circular_atlas/global/plots","","PROVENANCE","historical",FALSE,"HIGH",""
"render_module_circular_atlas","pRoteomics","audits/phase6f_output_inventory.csv","221: ""analysis/08_integration/render_module_circular_atlas.R"",""results/figures/10_biological_integration/wgcna_circular_atlas/global/wgcna_region_layer_heatmap_all_m","FULL_PATH","results/integration/render_module_circular_atlas/global/plots","","PROVENANCE","historical",FALSE,"HIGH",""
"render_module_circular_atlas","pRoteomics","audits/phase6f_output_inventory.csv","222: ""analysis/08_integration/render_module_circular_atlas.R"",""results/figures/10_biological_integration/wgcna_circular_atlas/global/wgcna_region_layer_heatmap_all_m","FULL_PATH","results/integration/render_module_circular_atlas/global/plots","","PROVENANCE","historical",FALSE,"HIGH",""
"render_module_circular_atlas","pRoteomics","audits/phase6f_output_inventory.csv","202: ""analysis/08_integration/render_module_circular_atlas.R"",""results/figures/10_biological_integration/wgcna_circular_atlas/global/wgcna_circular_atlas_main.svg"",""","FULL_PATH","results/integration/render_module_circular_atlas/global/plots/wgcna_circular_atlas_main.svg","","PROVENANCE","historical",FALSE,"HIGH",""
"render_module_circular_atlas","pRoteomics","audits/phase6f_output_inventory.csv","201: ""analysis/08_integration/render_module_circular_atlas.R"",""results/figures/10_biological_integration/wgcna_circular_atlas/global/wgcna_circular_atlas_main.pdf"",""","FULL_PATH","results/integration/render_module_circular_atlas/global/plots/wgcna_circular_atlas_main.pdf","","PROVENANCE","historical",FALSE,"HIGH",""
"render_module_circular_atlas","pRoteomics","audits/phase6f_output_inventory.csv","204: ""analysis/08_integration/render_module_circular_atlas.R"",""results/figures/10_biological_integration/wgcna_circular_atlas/global/wgcna_circular_atlas_selected_on","FULL_PATH","results/integration/render_module_circular_atlas/global/plots/wgcna_circular_atlas_selected_only.svg","","PROVENANCE","historical",FALSE,"HIGH",""
"render_module_circular_atlas","pRoteomics","audits/phase6f_output_inventory.csv","203: ""analysis/08_integration/render_module_circular_atlas.R"",""results/figures/10_biological_integration/wgcna_circular_atlas/global/wgcna_circular_atlas_selected_on","FULL_PATH","results/integration/render_module_circular_atlas/global/plots/wgcna_circular_atlas_selected_only.pdf","","PROVENANCE","historical",FALSE,"HIGH",""
"render_module_circular_atlas","pRoteomics","audits/phase6f_output_inventory.csv","206: ""analysis/08_integration/render_module_circular_atlas.R"",""results/figures/10_biological_integration/wgcna_circular_atlas/global/wgcna_circular_heatmap_all_datas","FULL_PATH","results/integration/render_module_circular_atlas/global/plots/wgcna_circular_heatmap_all_datasets.svg","","PROVENANCE","historical",FALSE,"HIGH",""
"render_module_circular_atlas","pRoteomics","audits/phase6f_output_inventory.csv","205: ""analysis/08_integration/render_module_circular_atlas.R"",""results/figures/10_biological_integration/wgcna_circular_atlas/global/wgcna_circular_heatmap_all_datas","FULL_PATH","results/integration/render_module_circular_atlas/global/plots/wgcna_circular_heatmap_all_datasets.pdf","","PROVENANCE","historical",FALSE,"HIGH",""
"render_module_circular_atlas","pRoteomics","audits/phase6f_output_inventory.csv","210: ""analysis/08_integration/render_module_circular_atlas.R"",""results/figures/10_biological_integration/wgcna_circular_atlas/global/wgcna_circular_heatmap_neuron_ne","FULL_PATH","results/integration/render_module_circular_atlas/global/plots/wgcna_circular_heatmap_neuron_neuropil.svg","","PROVENANCE","historical",FALSE,"HIGH",""
"render_module_circular_atlas","pRoteomics","audits/phase6f_output_inventory.csv","209: ""analysis/08_integration/render_module_circular_atlas.R"",""results/figures/10_biological_integration/wgcna_circular_atlas/global/wgcna_circular_heatmap_neuron_ne","FULL_PATH","results/integration/render_module_circular_atlas/global/plots/wgcna_circular_heatmap_neuron_neuropil.pdf","","PROVENANCE","historical",FALSE,"HIGH",""
"render_module_circular_atlas","pRoteomics","audits/phase6f_output_inventory.csv","212: ""analysis/08_integration/render_module_circular_atlas.R"",""results/figures/10_biological_integration/wgcna_circular_atlas/global/wgcna_circular_heatmap_neuron_so","FULL_PATH","results/integration/render_module_circular_atlas/global/plots/wgcna_circular_heatmap_neuron_soma.svg","","PROVENANCE","historical",FALSE,"HIGH",""
"render_module_circular_atlas","pRoteomics","audits/phase6f_output_inventory.csv","211: ""analysis/08_integration/render_module_circular_atlas.R"",""results/figures/10_biological_integration/wgcna_circular_atlas/global/wgcna_circular_heatmap_neuron_so","FULL_PATH","results/integration/render_module_circular_atlas/global/plots/wgcna_circular_heatmap_neuron_soma.pdf","","PROVENANCE","historical",FALSE,"HIGH",""
"render_module_circular_atlas","pRoteomics","audits/phase6f_output_inventory.csv","208: ""analysis/08_integration/render_module_circular_atlas.R"",""results/figures/10_biological_integration/wgcna_circular_atlas/global/wgcna_circular_heatmap_microglia","FULL_PATH","results/integration/render_module_circular_atlas/global/plots/wgcna_circular_heatmap_microglia.svg","","PROVENANCE","historical",FALSE,"HIGH",""
"render_module_circular_atlas","pRoteomics","audits/phase6f_output_inventory.csv","207: ""analysis/08_integration/render_module_circular_atlas.R"",""results/figures/10_biological_integration/wgcna_circular_atlas/global/wgcna_circular_heatmap_microglia","FULL_PATH","results/integration/render_module_circular_atlas/global/plots/wgcna_circular_heatmap_microglia.pdf","","PROVENANCE","historical",FALSE,"HIGH",""
"render_module_circular_atlas","pRoteomics","audits/phase6f_output_inventory.csv","214: ""analysis/08_integration/render_module_circular_atlas.R"",""results/figures/10_biological_integration/wgcna_circular_atlas/global/wgcna_circular_publication_super","FULL_PATH","results/integration/render_module_circular_atlas/global/plots/wgcna_circular_publication_supermodule_effect_heatmap_all_datasets.svg","","PROVENANCE","historical",FALSE,"HIGH",""
"render_module_circular_atlas","pRoteomics","audits/phase6f_output_inventory.csv","213: ""analysis/08_integration/render_module_circular_atlas.R"",""results/figures/10_biological_integration/wgcna_circular_atlas/global/wgcna_circular_publication_super","FULL_PATH","results/integration/render_module_circular_atlas/global/plots/wgcna_circular_publication_supermodule_effect_heatmap_all_datasets.pdf","","PROVENANCE","historical",FALSE,"HIGH",""
"render_module_circular_atlas","pRoteomics","audits/phase6f_output_inventory.csv","218: ""analysis/08_integration/render_module_circular_atlas.R"",""results/figures/10_biological_integration/wgcna_circular_atlas/global/wgcna_circular_publication_super","FULL_PATH","results/integration/render_module_circular_atlas/global/plots/wgcna_circular_publication_supermodule_effect_heatmap_neuron_neuropil.svg","","PROVENANCE","historical",FALSE,"HIGH",""
"render_module_circular_atlas","pRoteomics","audits/phase6f_output_inventory.csv","217: ""analysis/08_integration/render_module_circular_atlas.R"",""results/figures/10_biological_integration/wgcna_circular_atlas/global/wgcna_circular_publication_super","FULL_PATH","results/integration/render_module_circular_atlas/global/plots/wgcna_circular_publication_supermodule_effect_heatmap_neuron_neuropil.pdf","","PROVENANCE","historical",FALSE,"HIGH",""
"render_module_circular_atlas","pRoteomics","audits/phase6f_output_inventory.csv","220: ""analysis/08_integration/render_module_circular_atlas.R"",""results/figures/10_biological_integration/wgcna_circular_atlas/global/wgcna_circular_publication_super","FULL_PATH","results/integration/render_module_circular_atlas/global/plots/wgcna_circular_publication_supermodule_effect_heatmap_neuron_soma.svg","","PROVENANCE","historical",FALSE,"HIGH",""
"render_module_circular_atlas","pRoteomics","audits/phase6f_output_inventory.csv","219: ""analysis/08_integration/render_module_circular_atlas.R"",""results/figures/10_biological_integration/wgcna_circular_atlas/global/wgcna_circular_publication_super","FULL_PATH","results/integration/render_module_circular_atlas/global/plots/wgcna_circular_publication_supermodule_effect_heatmap_neuron_soma.pdf","","PROVENANCE","historical",FALSE,"HIGH",""
"render_module_circular_atlas","pRoteomics","audits/phase6f_output_inventory.csv","216: ""analysis/08_integration/render_module_circular_atlas.R"",""results/figures/10_biological_integration/wgcna_circular_atlas/global/wgcna_circular_publication_super","FULL_PATH","results/integration/render_module_circular_atlas/global/plots/wgcna_circular_publication_supermodule_effect_heatmap_microglia.svg","","PROVENANCE","historical",FALSE,"HIGH",""
"render_module_circular_atlas","pRoteomics","audits/phase6f_output_inventory.csv","215: ""analysis/08_integration/render_module_circular_atlas.R"",""results/figures/10_biological_integration/wgcna_circular_atlas/global/wgcna_circular_publication_super","FULL_PATH","results/integration/render_module_circular_atlas/global/plots/wgcna_circular_publication_supermodule_effect_heatmap_microglia.pdf","","PROVENANCE","historical",FALSE,"HIGH",""
"render_module_circular_atlas","pRoteomics","audits/phase6f_output_inventory.csv","222: ""analysis/08_integration/render_module_circular_atlas.R"",""results/figures/10_biological_integration/wgcna_circular_atlas/global/wgcna_region_layer_heatmap_all_m","FULL_PATH","results/integration/render_module_circular_atlas/global/plots/wgcna_region_layer_heatmap_all_modules.svg","","PROVENANCE","historical",FALSE,"HIGH",""
"render_module_circular_atlas","pRoteomics","audits/phase6f_output_inventory.csv","221: ""analysis/08_integration/render_module_circular_atlas.R"",""results/figures/10_biological_integration/wgcna_circular_atlas/global/wgcna_region_layer_heatmap_all_m","FULL_PATH","results/integration/render_module_circular_atlas/global/plots/wgcna_region_layer_heatmap_all_modules.pdf","","PROVENANCE","historical",FALSE,"HIGH",""
"render_module_circular_atlas","pRoteomics","audits/phase6f_output_inventory.csv","92: ""analysis/08_integration/render_module_circular_atlas.R"",""results/tables/10_biological_integration/wgcna_circular_atlas/global/wgcna_circular_atlas_metrics.csv""","FULL_PATH","results/integration/render_module_circular_atlas/global/tables/wgcna_circular_atlas_metrics.csv","","PROVENANCE","historical",FALSE,"HIGH",""
"render_module_circular_atlas","pRoteomics","audits/phase6f_output_inventory.csv","243: ""analysis/08_integration/render_module_circular_atlas.R"",""results/reports/10_biological_integration/wgcna_circular_atlas/global/wgcna_circular_atlas_input_statu","FULL_PATH","results/integration/render_module_circular_atlas/global/reports/wgcna_circular_atlas_input_status.csv","","PROVENANCE","historical",FALSE,"HIGH",""
"render_module_circular_atlas","pRoteomics","audits/phase6f_output_inventory.csv","246: ""analysis/08_integration/render_module_circular_atlas.R"",""results/reports/10_biological_integration/wgcna_circular_atlas/global/wgcna_circular_vs_publication_he","FULL_PATH","results/integration/render_module_circular_atlas/global/reports/wgcna_circular_vs_publication_heatmap_source_audit.csv","","PROVENANCE","historical",FALSE,"HIGH",""
"render_module_circular_atlas","pRoteomics","audits/phase6f_output_inventory.csv","245: ""analysis/08_integration/render_module_circular_atlas.R"",""results/reports/10_biological_integration/wgcna_circular_atlas/global/wgcna_circular_metric_consistenc","FULL_PATH","results/integration/render_module_circular_atlas/global/reports/wgcna_circular_metric_consistency_audit.csv","","PROVENANCE","historical",FALSE,"HIGH",""
"render_module_circular_atlas","pRoteomics","audits/phase6f_output_inventory.csv","247: ""analysis/08_integration/render_module_circular_atlas.R"",""results/reports/10_biological_integration/wgcna_circular_atlas/global/wgcna_module_supermodule_mapping","FULL_PATH","results/integration/render_module_circular_atlas/global/reports/wgcna_module_supermodule_mapping_audit.csv","","PROVENANCE","historical",FALSE,"HIGH",""
"render_module_circular_atlas","pRoteomics","audits/phase6f_output_inventory.csv","310: ""analysis/08_integration/render_module_circular_atlas.R"",""results/logs/10_biological_integration/wgcna_circular_atlas/global/run_manifest.yml"",""logs"",""PROVENANC","FULL_PATH","results/integration/render_module_circular_atlas/global/manifests/run_manifest.yml","","PROVENANCE","historical",FALSE,"HIGH",""
"render_module_circular_atlas","pRoteomics","audits/phase6f_output_inventory.csv","92: ""analysis/08_integration/render_module_circular_atlas.R"",""results/tables/10_biological_integration/wgcna_circular_atlas/global/wgcna_circular_atlas_metrics.csv""","FULL_PATH","results/tables/10_biological_integration/wgcna_circular_atlas/global/wgcna_circular_atlas_metrics.csv","","PROVENANCE","historical",FALSE,"HIGH",""
"render_module_circular_atlas","pRoteomics","audits/phase6f_output_inventory.csv","200: ""analysis/08_integration/render_module_circular_atlas.R"",""results/figures/10_biological_integration/wgcna_circular_atlas/global/"",""figures"",""DIAGNOSTIC"","""",0,FA","FULL_PATH","results/figures/10_biological_integration/wgcna_circular_atlas/global","","PROVENANCE","historical",FALSE,"HIGH",""
"render_module_circular_atlas","pRoteomics","audits/phase6f_output_inventory.csv","201: ""analysis/08_integration/render_module_circular_atlas.R"",""results/figures/10_biological_integration/wgcna_circular_atlas/global/wgcna_circular_atlas_main.pdf"",""","FULL_PATH","results/figures/10_biological_integration/wgcna_circular_atlas/global","","PROVENANCE","historical",FALSE,"HIGH",""
"render_module_circular_atlas","pRoteomics","audits/phase6f_output_inventory.csv","202: ""analysis/08_integration/render_module_circular_atlas.R"",""results/figures/10_biological_integration/wgcna_circular_atlas/global/wgcna_circular_atlas_main.svg"",""","FULL_PATH","results/figures/10_biological_integration/wgcna_circular_atlas/global","","PROVENANCE","historical",FALSE,"HIGH",""
"render_module_circular_atlas","pRoteomics","audits/phase6f_output_inventory.csv","203: ""analysis/08_integration/render_module_circular_atlas.R"",""results/figures/10_biological_integration/wgcna_circular_atlas/global/wgcna_circular_atlas_selected_on","FULL_PATH","results/figures/10_biological_integration/wgcna_circular_atlas/global","","PROVENANCE","historical",FALSE,"HIGH",""
"render_module_circular_atlas","pRoteomics","audits/phase6f_output_inventory.csv","204: ""analysis/08_integration/render_module_circular_atlas.R"",""results/figures/10_biological_integration/wgcna_circular_atlas/global/wgcna_circular_atlas_selected_on","FULL_PATH","results/figures/10_biological_integration/wgcna_circular_atlas/global","","PROVENANCE","historical",FALSE,"HIGH",""
"render_module_circular_atlas","pRoteomics","audits/phase6f_output_inventory.csv","205: ""analysis/08_integration/render_module_circular_atlas.R"",""results/figures/10_biological_integration/wgcna_circular_atlas/global/wgcna_circular_heatmap_all_datas","FULL_PATH","results/figures/10_biological_integration/wgcna_circular_atlas/global","","PROVENANCE","historical",FALSE,"HIGH",""
"render_module_circular_atlas","pRoteomics","audits/phase6f_output_inventory.csv","206: ""analysis/08_integration/render_module_circular_atlas.R"",""results/figures/10_biological_integration/wgcna_circular_atlas/global/wgcna_circular_heatmap_all_datas","FULL_PATH","results/figures/10_biological_integration/wgcna_circular_atlas/global","","PROVENANCE","historical",FALSE,"HIGH",""
"render_module_circular_atlas","pRoteomics","audits/phase6f_output_inventory.csv","207: ""analysis/08_integration/render_module_circular_atlas.R"",""results/figures/10_biological_integration/wgcna_circular_atlas/global/wgcna_circular_heatmap_microglia","FULL_PATH","results/figures/10_biological_integration/wgcna_circular_atlas/global","","PROVENANCE","historical",FALSE,"HIGH",""
"render_module_circular_atlas","pRoteomics","audits/phase6f_output_inventory.csv","208: ""analysis/08_integration/render_module_circular_atlas.R"",""results/figures/10_biological_integration/wgcna_circular_atlas/global/wgcna_circular_heatmap_microglia","FULL_PATH","results/figures/10_biological_integration/wgcna_circular_atlas/global","","PROVENANCE","historical",FALSE,"HIGH",""
"render_module_circular_atlas","pRoteomics","audits/phase6f_output_inventory.csv","209: ""analysis/08_integration/render_module_circular_atlas.R"",""results/figures/10_biological_integration/wgcna_circular_atlas/global/wgcna_circular_heatmap_neuron_ne","FULL_PATH","results/figures/10_biological_integration/wgcna_circular_atlas/global","","PROVENANCE","historical",FALSE,"HIGH",""
"render_module_circular_atlas","pRoteomics","audits/phase6f_output_inventory.csv","210: ""analysis/08_integration/render_module_circular_atlas.R"",""results/figures/10_biological_integration/wgcna_circular_atlas/global/wgcna_circular_heatmap_neuron_ne","FULL_PATH","results/figures/10_biological_integration/wgcna_circular_atlas/global","","PROVENANCE","historical",FALSE,"HIGH",""
"render_module_circular_atlas","pRoteomics","audits/phase6f_output_inventory.csv","211: ""analysis/08_integration/render_module_circular_atlas.R"",""results/figures/10_biological_integration/wgcna_circular_atlas/global/wgcna_circular_heatmap_neuron_so","FULL_PATH","results/figures/10_biological_integration/wgcna_circular_atlas/global","","PROVENANCE","historical",FALSE,"HIGH",""
"render_module_circular_atlas","pRoteomics","audits/phase6f_output_inventory.csv","212: ""analysis/08_integration/render_module_circular_atlas.R"",""results/figures/10_biological_integration/wgcna_circular_atlas/global/wgcna_circular_heatmap_neuron_so","FULL_PATH","results/figures/10_biological_integration/wgcna_circular_atlas/global","","PROVENANCE","historical",FALSE,"HIGH",""
"render_module_circular_atlas","pRoteomics","audits/phase6f_output_inventory.csv","213: ""analysis/08_integration/render_module_circular_atlas.R"",""results/figures/10_biological_integration/wgcna_circular_atlas/global/wgcna_circular_publication_super","FULL_PATH","results/figures/10_biological_integration/wgcna_circular_atlas/global","","PROVENANCE","historical",FALSE,"HIGH",""
"render_module_circular_atlas","pRoteomics","audits/phase6f_output_inventory.csv","214: ""analysis/08_integration/render_module_circular_atlas.R"",""results/figures/10_biological_integration/wgcna_circular_atlas/global/wgcna_circular_publication_super","FULL_PATH","results/figures/10_biological_integration/wgcna_circular_atlas/global","","PROVENANCE","historical",FALSE,"HIGH",""
"render_module_circular_atlas","pRoteomics","audits/phase6f_output_inventory.csv","215: ""analysis/08_integration/render_module_circular_atlas.R"",""results/figures/10_biological_integration/wgcna_circular_atlas/global/wgcna_circular_publication_super","FULL_PATH","results/figures/10_biological_integration/wgcna_circular_atlas/global","","PROVENANCE","historical",FALSE,"HIGH",""
"render_module_circular_atlas","pRoteomics","audits/phase6f_output_inventory.csv","216: ""analysis/08_integration/render_module_circular_atlas.R"",""results/figures/10_biological_integration/wgcna_circular_atlas/global/wgcna_circular_publication_super","FULL_PATH","results/figures/10_biological_integration/wgcna_circular_atlas/global","","PROVENANCE","historical",FALSE,"HIGH",""
"render_module_circular_atlas","pRoteomics","audits/phase6f_output_inventory.csv","217: ""analysis/08_integration/render_module_circular_atlas.R"",""results/figures/10_biological_integration/wgcna_circular_atlas/global/wgcna_circular_publication_super","FULL_PATH","results/figures/10_biological_integration/wgcna_circular_atlas/global","","PROVENANCE","historical",FALSE,"HIGH",""
"render_module_circular_atlas","pRoteomics","audits/phase6f_output_inventory.csv","218: ""analysis/08_integration/render_module_circular_atlas.R"",""results/figures/10_biological_integration/wgcna_circular_atlas/global/wgcna_circular_publication_super","FULL_PATH","results/figures/10_biological_integration/wgcna_circular_atlas/global","","PROVENANCE","historical",FALSE,"HIGH",""
"render_module_circular_atlas","pRoteomics","audits/phase6f_output_inventory.csv","219: ""analysis/08_integration/render_module_circular_atlas.R"",""results/figures/10_biological_integration/wgcna_circular_atlas/global/wgcna_circular_publication_super","FULL_PATH","results/figures/10_biological_integration/wgcna_circular_atlas/global","","PROVENANCE","historical",FALSE,"HIGH",""
"render_module_circular_atlas","pRoteomics","audits/phase6f_output_inventory.csv","220: ""analysis/08_integration/render_module_circular_atlas.R"",""results/figures/10_biological_integration/wgcna_circular_atlas/global/wgcna_circular_publication_super","FULL_PATH","results/figures/10_biological_integration/wgcna_circular_atlas/global","","PROVENANCE","historical",FALSE,"HIGH",""
"render_module_circular_atlas","pRoteomics","audits/phase6f_output_inventory.csv","221: ""analysis/08_integration/render_module_circular_atlas.R"",""results/figures/10_biological_integration/wgcna_circular_atlas/global/wgcna_region_layer_heatmap_all_m","FULL_PATH","results/figures/10_biological_integration/wgcna_circular_atlas/global","","PROVENANCE","historical",FALSE,"HIGH",""
"render_module_circular_atlas","pRoteomics","audits/phase6f_output_inventory.csv","222: ""analysis/08_integration/render_module_circular_atlas.R"",""results/figures/10_biological_integration/wgcna_circular_atlas/global/wgcna_region_layer_heatmap_all_m","FULL_PATH","results/figures/10_biological_integration/wgcna_circular_atlas/global","","PROVENANCE","historical",FALSE,"HIGH",""
"render_module_circular_atlas","pRoteomics","audits/phase6f_output_inventory.csv","201: ""analysis/08_integration/render_module_circular_atlas.R"",""results/figures/10_biological_integration/wgcna_circular_atlas/global/wgcna_circular_atlas_main.pdf"",""","FULL_PATH","results/figures/10_biological_integration/wgcna_circular_atlas/global/wgcna_circular_atlas_main.pdf","","PROVENANCE","historical",FALSE,"HIGH",""
"render_module_circular_atlas","pRoteomics","audits/phase6f_output_inventory.csv","202: ""analysis/08_integration/render_module_circular_atlas.R"",""results/figures/10_biological_integration/wgcna_circular_atlas/global/wgcna_circular_atlas_main.svg"",""","FULL_PATH","results/figures/10_biological_integration/wgcna_circular_atlas/global/wgcna_circular_atlas_main.svg","","PROVENANCE","historical",FALSE,"HIGH",""
"render_module_circular_atlas","pRoteomics","audits/phase6f_output_inventory.csv","203: ""analysis/08_integration/render_module_circular_atlas.R"",""results/figures/10_biological_integration/wgcna_circular_atlas/global/wgcna_circular_atlas_selected_on","FULL_PATH","results/figures/10_biological_integration/wgcna_circular_atlas/global/wgcna_circular_atlas_selected_only.pdf","","PROVENANCE","historical",FALSE,"HIGH",""
"render_module_circular_atlas","pRoteomics","audits/phase6f_output_inventory.csv","204: ""analysis/08_integration/render_module_circular_atlas.R"",""results/figures/10_biological_integration/wgcna_circular_atlas/global/wgcna_circular_atlas_selected_on","FULL_PATH","results/figures/10_biological_integration/wgcna_circular_atlas/global/wgcna_circular_atlas_selected_only.svg","","PROVENANCE","historical",FALSE,"HIGH",""
"render_module_circular_atlas","pRoteomics","audits/phase6f_output_inventory.csv","205: ""analysis/08_integration/render_module_circular_atlas.R"",""results/figures/10_biological_integration/wgcna_circular_atlas/global/wgcna_circular_heatmap_all_datas","FULL_PATH","results/figures/10_biological_integration/wgcna_circular_atlas/global/wgcna_circular_heatmap_all_datasets.pdf","","PROVENANCE","historical",FALSE,"HIGH",""
"render_module_circular_atlas","pRoteomics","audits/phase6f_output_inventory.csv","206: ""analysis/08_integration/render_module_circular_atlas.R"",""results/figures/10_biological_integration/wgcna_circular_atlas/global/wgcna_circular_heatmap_all_datas","FULL_PATH","results/figures/10_biological_integration/wgcna_circular_atlas/global/wgcna_circular_heatmap_all_datasets.svg","","PROVENANCE","historical",FALSE,"HIGH",""
"render_module_circular_atlas","pRoteomics","audits/phase6f_output_inventory.csv","207: ""analysis/08_integration/render_module_circular_atlas.R"",""results/figures/10_biological_integration/wgcna_circular_atlas/global/wgcna_circular_heatmap_microglia","FULL_PATH","results/figures/10_biological_integration/wgcna_circular_atlas/global/wgcna_circular_heatmap_microglia.pdf","","PROVENANCE","historical",FALSE,"HIGH",""
"render_module_circular_atlas","pRoteomics","audits/phase6f_output_inventory.csv","208: ""analysis/08_integration/render_module_circular_atlas.R"",""results/figures/10_biological_integration/wgcna_circular_atlas/global/wgcna_circular_heatmap_microglia","FULL_PATH","results/figures/10_biological_integration/wgcna_circular_atlas/global/wgcna_circular_heatmap_microglia.svg","","PROVENANCE","historical",FALSE,"HIGH",""
"render_module_circular_atlas","pRoteomics","audits/phase6f_output_inventory.csv","209: ""analysis/08_integration/render_module_circular_atlas.R"",""results/figures/10_biological_integration/wgcna_circular_atlas/global/wgcna_circular_heatmap_neuron_ne","FULL_PATH","results/figures/10_biological_integration/wgcna_circular_atlas/global/wgcna_circular_heatmap_neuron_neuropil.pdf","","PROVENANCE","historical",FALSE,"HIGH",""
"render_module_circular_atlas","pRoteomics","audits/phase6f_output_inventory.csv","210: ""analysis/08_integration/render_module_circular_atlas.R"",""results/figures/10_biological_integration/wgcna_circular_atlas/global/wgcna_circular_heatmap_neuron_ne","FULL_PATH","results/figures/10_biological_integration/wgcna_circular_atlas/global/wgcna_circular_heatmap_neuron_neuropil.svg","","PROVENANCE","historical",FALSE,"HIGH",""
"render_module_circular_atlas","pRoteomics","audits/phase6f_output_inventory.csv","211: ""analysis/08_integration/render_module_circular_atlas.R"",""results/figures/10_biological_integration/wgcna_circular_atlas/global/wgcna_circular_heatmap_neuron_so","FULL_PATH","results/figures/10_biological_integration/wgcna_circular_atlas/global/wgcna_circular_heatmap_neuron_soma.pdf","","PROVENANCE","historical",FALSE,"HIGH",""
"render_module_circular_atlas","pRoteomics","audits/phase6f_output_inventory.csv","212: ""analysis/08_integration/render_module_circular_atlas.R"",""results/figures/10_biological_integration/wgcna_circular_atlas/global/wgcna_circular_heatmap_neuron_so","FULL_PATH","results/figures/10_biological_integration/wgcna_circular_atlas/global/wgcna_circular_heatmap_neuron_soma.svg","","PROVENANCE","historical",FALSE,"HIGH",""
"render_module_circular_atlas","pRoteomics","audits/phase6f_output_inventory.csv","213: ""analysis/08_integration/render_module_circular_atlas.R"",""results/figures/10_biological_integration/wgcna_circular_atlas/global/wgcna_circular_publication_super","FULL_PATH","results/figures/10_biological_integration/wgcna_circular_atlas/global/wgcna_circular_publication_supermodule_effect_heatmap_all_datasets.pdf","","PROVENANCE","historical",FALSE,"HIGH",""
"render_module_circular_atlas","pRoteomics","audits/phase6f_output_inventory.csv","214: ""analysis/08_integration/render_module_circular_atlas.R"",""results/figures/10_biological_integration/wgcna_circular_atlas/global/wgcna_circular_publication_super","FULL_PATH","results/figures/10_biological_integration/wgcna_circular_atlas/global/wgcna_circular_publication_supermodule_effect_heatmap_all_datasets.svg","","PROVENANCE","historical",FALSE,"HIGH",""
"render_module_circular_atlas","pRoteomics","audits/phase6f_output_inventory.csv","215: ""analysis/08_integration/render_module_circular_atlas.R"",""results/figures/10_biological_integration/wgcna_circular_atlas/global/wgcna_circular_publication_super","FULL_PATH","results/figures/10_biological_integration/wgcna_circular_atlas/global/wgcna_circular_publication_supermodule_effect_heatmap_microglia.pdf","","PROVENANCE","historical",FALSE,"HIGH",""
"render_module_circular_atlas","pRoteomics","audits/phase6f_output_inventory.csv","216: ""analysis/08_integration/render_module_circular_atlas.R"",""results/figures/10_biological_integration/wgcna_circular_atlas/global/wgcna_circular_publication_super","FULL_PATH","results/figures/10_biological_integration/wgcna_circular_atlas/global/wgcna_circular_publication_supermodule_effect_heatmap_microglia.svg","","PROVENANCE","historical",FALSE,"HIGH",""
"render_module_circular_atlas","pRoteomics","audits/phase6f_output_inventory.csv","217: ""analysis/08_integration/render_module_circular_atlas.R"",""results/figures/10_biological_integration/wgcna_circular_atlas/global/wgcna_circular_publication_super","FULL_PATH","results/figures/10_biological_integration/wgcna_circular_atlas/global/wgcna_circular_publication_supermodule_effect_heatmap_neuron_neuropil.pdf","","PROVENANCE","historical",FALSE,"HIGH",""
"render_module_circular_atlas","pRoteomics","audits/phase6f_output_inventory.csv","218: ""analysis/08_integration/render_module_circular_atlas.R"",""results/figures/10_biological_integration/wgcna_circular_atlas/global/wgcna_circular_publication_super","FULL_PATH","results/figures/10_biological_integration/wgcna_circular_atlas/global/wgcna_circular_publication_supermodule_effect_heatmap_neuron_neuropil.svg","","PROVENANCE","historical",FALSE,"HIGH",""
"render_module_circular_atlas","pRoteomics","audits/phase6f_output_inventory.csv","219: ""analysis/08_integration/render_module_circular_atlas.R"",""results/figures/10_biological_integration/wgcna_circular_atlas/global/wgcna_circular_publication_super","FULL_PATH","results/figures/10_biological_integration/wgcna_circular_atlas/global/wgcna_circular_publication_supermodule_effect_heatmap_neuron_soma.pdf","","PROVENANCE","historical",FALSE,"HIGH",""
"render_module_circular_atlas","pRoteomics","audits/phase6f_output_inventory.csv","220: ""analysis/08_integration/render_module_circular_atlas.R"",""results/figures/10_biological_integration/wgcna_circular_atlas/global/wgcna_circular_publication_super","FULL_PATH","results/figures/10_biological_integration/wgcna_circular_atlas/global/wgcna_circular_publication_supermodule_effect_heatmap_neuron_soma.svg","","PROVENANCE","historical",FALSE,"HIGH",""
"render_module_circular_atlas","pRoteomics","audits/phase6f_output_inventory.csv","221: ""analysis/08_integration/render_module_circular_atlas.R"",""results/figures/10_biological_integration/wgcna_circular_atlas/global/wgcna_region_layer_heatmap_all_m","FULL_PATH","results/figures/10_biological_integration/wgcna_circular_atlas/global/wgcna_region_layer_heatmap_all_modules.pdf","","PROVENANCE","historical",FALSE,"HIGH",""
"render_module_circular_atlas","pRoteomics","audits/phase6f_output_inventory.csv","222: ""analysis/08_integration/render_module_circular_atlas.R"",""results/figures/10_biological_integration/wgcna_circular_atlas/global/wgcna_region_layer_heatmap_all_m","FULL_PATH","results/figures/10_biological_integration/wgcna_circular_atlas/global/wgcna_region_layer_heatmap_all_modules.svg","","PROVENANCE","historical",FALSE,"HIGH",""
"render_module_circular_atlas","pRoteomics","audits/phase6f_output_inventory.csv","243: ""analysis/08_integration/render_module_circular_atlas.R"",""results/reports/10_biological_integration/wgcna_circular_atlas/global/wgcna_circular_atlas_input_statu","FULL_PATH","results/reports/10_biological_integration/wgcna_circular_atlas/global/wgcna_circular_atlas_input_status.csv","","PROVENANCE","historical",FALSE,"HIGH",""
"render_module_circular_atlas","pRoteomics","audits/phase6f_output_inventory.csv","244: ""analysis/08_integration/render_module_circular_atlas.R"",""results/reports/10_biological_integration/wgcna_circular_atlas/global/wgcna_circular_atlas_stage13_sel","FULL_PATH","results/reports/10_biological_integration/wgcna_circular_atlas/global/wgcna_circular_atlas_stage13_selection_audit.csv","","PROVENANCE","historical",FALSE,"HIGH",""
"render_module_circular_atlas","pRoteomics","audits/phase6f_output_inventory.csv","245: ""analysis/08_integration/render_module_circular_atlas.R"",""results/reports/10_biological_integration/wgcna_circular_atlas/global/wgcna_circular_metric_consistenc","FULL_PATH","results/reports/10_biological_integration/wgcna_circular_atlas/global/wgcna_circular_metric_consistency_audit.csv","","PROVENANCE","historical",FALSE,"HIGH",""
"render_module_circular_atlas","pRoteomics","audits/phase6f_output_inventory.csv","246: ""analysis/08_integration/render_module_circular_atlas.R"",""results/reports/10_biological_integration/wgcna_circular_atlas/global/wgcna_circular_vs_publication_he","FULL_PATH","results/reports/10_biological_integration/wgcna_circular_atlas/global/wgcna_circular_vs_publication_heatmap_source_audit.csv","","PROVENANCE","historical",FALSE,"HIGH",""
"render_module_circular_atlas","pRoteomics","audits/phase6f_output_inventory.csv","247: ""analysis/08_integration/render_module_circular_atlas.R"",""results/reports/10_biological_integration/wgcna_circular_atlas/global/wgcna_module_supermodule_mapping","FULL_PATH","results/reports/10_biological_integration/wgcna_circular_atlas/global/wgcna_module_supermodule_mapping_audit.csv","","PROVENANCE","historical",FALSE,"HIGH",""
"render_module_circular_atlas","pRoteomics","audits/phase6f_output_inventory.csv","276: ""analysis/08_integration/render_module_circular_atlas.R"",""results/reports/10_biological_integration/wgcna_circular_atlas/global/wgcna_circular_vs_publication_su","FULL_PATH","results/reports/10_biological_integration/wgcna_circular_atlas/global/wgcna_circular_vs_publication_supermodule_id_comparison.csv","","PROVENANCE","historical",FALSE,"HIGH",""
"render_module_circular_atlas","pRoteomics","audits/phase6f_output_inventory.csv","310: ""analysis/08_integration/render_module_circular_atlas.R"",""results/logs/10_biological_integration/wgcna_circular_atlas/global/run_manifest.yml"",""logs"",""PROVENANC","FULL_PATH","results/logs/10_biological_integration/wgcna_circular_atlas/global/run_manifest.yml","","PROVENANCE","historical",FALSE,"HIGH",""
"render_module_circular_atlas","pRoteomics","audits/phase6f_output_inventory.csv","377: ""analysis/08_integration/render_module_circular_atlas.R"",""results/source_data/10_biological_integration/wgcna_circular_atlas/global/"",""source_data"",""PUBLICATION","FULL_PATH","results/source_data/10_biological_integration/wgcna_circular_atlas/global","","PROVENANCE","historical",FALSE,"HIGH",""
"render_module_circular_atlas","pRoteomics","audits/phase6f_output_inventory.csv","378: ""analysis/08_integration/render_module_circular_atlas.R"",""results/source_data/10_biological_integration/wgcna_circular_atlas/global/wgcna_circular_atlas_plot_so","FULL_PATH","results/source_data/10_biological_integration/wgcna_circular_atlas/global","","PROVENANCE","historical",FALSE,"HIGH",""
"render_module_circular_atlas","pRoteomics","audits/phase6f_output_inventory.csv","379: ""analysis/08_integration/render_module_circular_atlas.R"",""results/source_data/10_biological_integration/wgcna_circular_atlas/global/wgcna_circular_atlas_segment","FULL_PATH","results/source_data/10_biological_integration/wgcna_circular_atlas/global","","PROVENANCE","historical",FALSE,"HIGH",""
"render_module_circular_atlas","pRoteomics","audits/phase6f_output_inventory.csv","380: ""analysis/08_integration/render_module_circular_atlas.R"",""results/source_data/10_biological_integration/wgcna_circular_atlas/global/wgcna_circular_heatmap_layou","FULL_PATH","results/source_data/10_biological_integration/wgcna_circular_atlas/global","","PROVENANCE","historical",FALSE,"HIGH",""
"render_module_circular_atlas","pRoteomics","audits/phase6f_output_inventory.csv","381: ""analysis/08_integration/render_module_circular_atlas.R"",""results/source_data/10_biological_integration/wgcna_circular_atlas/global/wgcna_circular_heatmap_sourc","FULL_PATH","results/source_data/10_biological_integration/wgcna_circular_atlas/global","","PROVENANCE","historical",FALSE,"HIGH",""
"render_module_circular_atlas","pRoteomics","audits/phase6f_output_inventory.csv","382: ""analysis/08_integration/render_module_circular_atlas.R"",""results/source_data/10_biological_integration/wgcna_circular_atlas/global/wgcna_circular_heatmap_sourc","FULL_PATH","results/source_data/10_biological_integration/wgcna_circular_atlas/global","","PROVENANCE","historical",FALSE,"HIGH",""
"render_module_circular_atlas","pRoteomics","audits/phase6f_output_inventory.csv","383: ""analysis/08_integration/render_module_circular_atlas.R"",""results/source_data/10_biological_integration/wgcna_circular_atlas/global/wgcna_circular_publication_s","FULL_PATH","results/source_data/10_biological_integration/wgcna_circular_atlas/global","","PROVENANCE","historical",FALSE,"HIGH",""
"render_module_circular_atlas","pRoteomics","audits/phase6f_output_inventory.csv","384: ""analysis/08_integration/render_module_circular_atlas.R"",""results/source_data/10_biological_integration/wgcna_circular_atlas/global/wgcna_circular_publication_s","FULL_PATH","results/source_data/10_biological_integration/wgcna_circular_atlas/global","","PROVENANCE","historical",FALSE,"HIGH",""
"render_module_circular_atlas","pRoteomics","audits/phase6f_output_inventory.csv","378: ""analysis/08_integration/render_module_circular_atlas.R"",""results/source_data/10_biological_integration/wgcna_circular_atlas/global/wgcna_circular_atlas_plot_so","FULL_PATH","results/source_data/10_biological_integration/wgcna_circular_atlas/global/wgcna_circular_atlas_plot_source.csv","","PROVENANCE","historical",FALSE,"HIGH",""
"render_module_circular_atlas","pRoteomics","audits/phase6f_output_inventory.csv","379: ""analysis/08_integration/render_module_circular_atlas.R"",""results/source_data/10_biological_integration/wgcna_circular_atlas/global/wgcna_circular_atlas_segment","FULL_PATH","results/source_data/10_biological_integration/wgcna_circular_atlas/global/wgcna_circular_atlas_segments.csv","","PROVENANCE","historical",FALSE,"HIGH",""
"render_module_circular_atlas","pRoteomics","audits/phase6f_output_inventory.csv","380: ""analysis/08_integration/render_module_circular_atlas.R"",""results/source_data/10_biological_integration/wgcna_circular_atlas/global/wgcna_circular_heatmap_layou","FULL_PATH","results/source_data/10_biological_integration/wgcna_circular_atlas/global/wgcna_circular_heatmap_layout_all_datasets.csv","","PROVENANCE","historical",FALSE,"HIGH",""
"render_module_circular_atlas","pRoteomics","audits/phase6f_output_inventory.csv","381: ""analysis/08_integration/render_module_circular_atlas.R"",""results/source_data/10_biological_integration/wgcna_circular_atlas/global/wgcna_circular_heatmap_sourc","FULL_PATH","results/source_data/10_biological_integration/wgcna_circular_atlas/global/wgcna_circular_heatmap_source_module.csv","","PROVENANCE","historical",FALSE,"HIGH",""
"render_module_circular_atlas","pRoteomics","audits/phase6f_output_inventory.csv","382: ""analysis/08_integration/render_module_circular_atlas.R"",""results/source_data/10_biological_integration/wgcna_circular_atlas/global/wgcna_circular_heatmap_sourc","FULL_PATH","results/source_data/10_biological_integration/wgcna_circular_atlas/global/wgcna_circular_heatmap_source_supermodule.csv","","PROVENANCE","historical",FALSE,"HIGH",""
"render_module_circular_atlas","pRoteomics","audits/phase6f_output_inventory.csv","383: ""analysis/08_integration/render_module_circular_atlas.R"",""results/source_data/10_biological_integration/wgcna_circular_atlas/global/wgcna_circular_publication_s","FULL_PATH","results/source_data/10_biological_integration/wgcna_circular_atlas/global/wgcna_circular_publication_supermodule_effect_heatmap_layout_all_datasets.csv","","PROVENANCE","historical",FALSE,"HIGH",""
"render_module_circular_atlas","pRoteomics","audits/phase6f_output_inventory.csv","384: ""analysis/08_integration/render_module_circular_atlas.R"",""results/source_data/10_biological_integration/wgcna_circular_atlas/global/wgcna_circular_publication_s","FULL_PATH","results/source_data/10_biological_integration/wgcna_circular_atlas/global/wgcna_circular_publication_supermodule_effect_heatmap_source.csv","","PROVENANCE","historical",FALSE,"HIGH",""
"render_module_circular_atlas","pRoteomics","audits/phase6f_output_inventory.csv","244: ""analysis/08_integration/render_module_circular_atlas.R"",""results/reports/10_biological_integration/wgcna_circular_atlas/global/wgcna_circular_atlas_stage13_sel","FULL_PATH","results/integration/render_module_circular_atlas/global/reports/wgcna_circular_atlas_stage13_selection_audit.csv","","PROVENANCE","historical",FALSE,"HIGH",""
"render_module_circular_atlas","pRoteomics","audits/phase6f_output_inventory.csv","377: ""analysis/08_integration/render_module_circular_atlas.R"",""results/source_data/10_biological_integration/wgcna_circular_atlas/global/"",""source_data"",""PUBLICATION","FULL_PATH","exports/publication_source_data/10_biological_integration/wgcna_circular_atlas/global","","PROVENANCE","historical",FALSE,"HIGH",""
"render_module_circular_atlas","pRoteomics","audits/phase6f_output_inventory.csv","378: ""analysis/08_integration/render_module_circular_atlas.R"",""results/source_data/10_biological_integration/wgcna_circular_atlas/global/wgcna_circular_atlas_plot_so","FULL_PATH","exports/publication_source_data/10_biological_integration/wgcna_circular_atlas/global","","PROVENANCE","historical",FALSE,"HIGH",""
"render_module_circular_atlas","pRoteomics","audits/phase6f_output_inventory.csv","379: ""analysis/08_integration/render_module_circular_atlas.R"",""results/source_data/10_biological_integration/wgcna_circular_atlas/global/wgcna_circular_atlas_segment","FULL_PATH","exports/publication_source_data/10_biological_integration/wgcna_circular_atlas/global","","PROVENANCE","historical",FALSE,"HIGH",""
"render_module_circular_atlas","pRoteomics","audits/phase6f_output_inventory.csv","380: ""analysis/08_integration/render_module_circular_atlas.R"",""results/source_data/10_biological_integration/wgcna_circular_atlas/global/wgcna_circular_heatmap_layou","FULL_PATH","exports/publication_source_data/10_biological_integration/wgcna_circular_atlas/global","","PROVENANCE","historical",FALSE,"HIGH",""
"render_module_circular_atlas","pRoteomics","audits/phase6f_output_inventory.csv","381: ""analysis/08_integration/render_module_circular_atlas.R"",""results/source_data/10_biological_integration/wgcna_circular_atlas/global/wgcna_circular_heatmap_sourc","FULL_PATH","exports/publication_source_data/10_biological_integration/wgcna_circular_atlas/global","","PROVENANCE","historical",FALSE,"HIGH",""
"render_module_circular_atlas","pRoteomics","audits/phase6f_output_inventory.csv","382: ""analysis/08_integration/render_module_circular_atlas.R"",""results/source_data/10_biological_integration/wgcna_circular_atlas/global/wgcna_circular_heatmap_sourc","FULL_PATH","exports/publication_source_data/10_biological_integration/wgcna_circular_atlas/global","","PROVENANCE","historical",FALSE,"HIGH",""
"render_module_circular_atlas","pRoteomics","audits/phase6f_output_inventory.csv","383: ""analysis/08_integration/render_module_circular_atlas.R"",""results/source_data/10_biological_integration/wgcna_circular_atlas/global/wgcna_circular_publication_s","FULL_PATH","exports/publication_source_data/10_biological_integration/wgcna_circular_atlas/global","","PROVENANCE","historical",FALSE,"HIGH",""
"render_module_circular_atlas","pRoteomics","audits/phase6f_output_inventory.csv","384: ""analysis/08_integration/render_module_circular_atlas.R"",""results/source_data/10_biological_integration/wgcna_circular_atlas/global/wgcna_circular_publication_s","FULL_PATH","exports/publication_source_data/10_biological_integration/wgcna_circular_atlas/global","","PROVENANCE","historical",FALSE,"HIGH",""
"render_module_circular_atlas","pRoteomics","audits/phase6f_output_inventory.csv","378: ""analysis/08_integration/render_module_circular_atlas.R"",""results/source_data/10_biological_integration/wgcna_circular_atlas/global/wgcna_circular_atlas_plot_so","FULL_PATH","exports/publication_source_data/10_biological_integration/wgcna_circular_atlas/global/wgcna_circular_atlas_plot_source.csv","","PROVENANCE","historical",FALSE,"HIGH",""
"render_module_circular_atlas","pRoteomics","audits/phase6f_output_inventory.csv","379: ""analysis/08_integration/render_module_circular_atlas.R"",""results/source_data/10_biological_integration/wgcna_circular_atlas/global/wgcna_circular_atlas_segment","FULL_PATH","exports/publication_source_data/10_biological_integration/wgcna_circular_atlas/global/wgcna_circular_atlas_segments.csv","","PROVENANCE","historical",FALSE,"HIGH",""
"render_module_circular_atlas","pRoteomics","audits/phase6f_output_inventory.csv","380: ""analysis/08_integration/render_module_circular_atlas.R"",""results/source_data/10_biological_integration/wgcna_circular_atlas/global/wgcna_circular_heatmap_layou","FULL_PATH","exports/publication_source_data/10_biological_integration/wgcna_circular_atlas/global/wgcna_circular_heatmap_layout_all_datasets.csv","","PROVENANCE","historical",FALSE,"HIGH",""
"render_module_circular_atlas","pRoteomics","audits/phase6f_output_inventory.csv","381: ""analysis/08_integration/render_module_circular_atlas.R"",""results/source_data/10_biological_integration/wgcna_circular_atlas/global/wgcna_circular_heatmap_sourc","FULL_PATH","exports/publication_source_data/10_biological_integration/wgcna_circular_atlas/global/wgcna_circular_heatmap_source_module.csv","","PROVENANCE","historical",FALSE,"HIGH",""
"render_module_circular_atlas","pRoteomics","audits/phase6f_output_inventory.csv","382: ""analysis/08_integration/render_module_circular_atlas.R"",""results/source_data/10_biological_integration/wgcna_circular_atlas/global/wgcna_circular_heatmap_sourc","FULL_PATH","exports/publication_source_data/10_biological_integration/wgcna_circular_atlas/global/wgcna_circular_heatmap_source_supermodule.csv","","PROVENANCE","historical",FALSE,"HIGH",""
"render_module_circular_atlas","pRoteomics","audits/phase6f_output_inventory.csv","383: ""analysis/08_integration/render_module_circular_atlas.R"",""results/source_data/10_biological_integration/wgcna_circular_atlas/global/wgcna_circular_publication_s","FULL_PATH","exports/publication_source_data/10_biological_integration/wgcna_circular_atlas/global/wgcna_circular_publication_supermodule_effect_heatmap_layout_all_datasets.csv","","PROVENANCE","historical",FALSE,"HIGH",""
"render_module_circular_atlas","pRoteomics","audits/phase6f_output_inventory.csv","384: ""analysis/08_integration/render_module_circular_atlas.R"",""results/source_data/10_biological_integration/wgcna_circular_atlas/global/wgcna_circular_publication_s","FULL_PATH","exports/publication_source_data/10_biological_integration/wgcna_circular_atlas/global/wgcna_circular_publication_supermodule_effect_heatmap_source.csv","","PROVENANCE","historical",FALSE,"HIGH",""
"render_module_circular_atlas","pRoteomics","audits/phase6f_output_inventory.csv","74: ""analysis/08_integration/build_cross_compartment_atlas.R"",""results/tables/10_biological_integration/cross_compartment_program_atlas/global/cross_compartment_pro","NAMESPACE_BASENAME","10_biological_integration","","PROVENANCE","historical",FALSE,"MEDIUM",""
"render_module_circular_atlas","pRoteomics","audits/phase6f_output_inventory.csv","75: ""analysis/08_integration/build_cross_compartment_atlas.R"",""results/tables/10_biological_integration/cross_compartment_program_atlas/global/cross_compartment_pro","NAMESPACE_BASENAME","10_biological_integration","","PROVENANCE","historical",FALSE,"MEDIUM",""
"render_module_circular_atlas","pRoteomics","audits/phase6f_output_inventory.csv","76: ""analysis/08_integration/build_evidence_priority_matrix.R"",""results/tables/10_biological_integration/evidence_priority_matrix/global/evidence_priority_matrix.cs","NAMESPACE_BASENAME","10_biological_integration","","PROVENANCE","historical",FALSE,"MEDIUM",""
"render_module_circular_atlas","pRoteomics","audits/phase6f_output_inventory.csv","77: ""analysis/08_integration/build_evidence_priority_matrix.R"",""results/tables/10_biological_integration/final_evidence_bundle/global/"",""tables"",""CANONICAL_RESULT"",","NAMESPACE_BASENAME","10_biological_integration","","PROVENANCE","historical",FALSE,"MEDIUM",""
"render_module_circular_atlas","pRoteomics","audits/phase6f_output_inventory.csv","78: ""analysis/08_integration/build_evidence_priority_matrix.R"",""results/tables/10_biological_integration/final_evidence_bundle/global/final_biological_evidence_bund","NAMESPACE_BASENAME","10_biological_integration","","PROVENANCE","historical",FALSE,"MEDIUM",""
"render_module_circular_atlas","pRoteomics","audits/phase6f_output_inventory.csv","79: ""analysis/08_integration/test_enrichment_module_concordance.R"",""results/tables/10_biological_integration/gsea_wgcna_concordance/global/adaptive_resilience_patte","NAMESPACE_BASENAME","10_biological_integration","","PROVENANCE","historical",FALSE,"MEDIUM",""
"render_module_circular_atlas","pRoteomics","audits/phase6f_output_inventory.csv","80: ""analysis/08_integration/test_enrichment_module_concordance.R"",""results/tables/10_biological_integration/gsea_wgcna_concordance/global/gsea_wgcna_concordance_au","NAMESPACE_BASENAME","10_biological_integration","","PROVENANCE","historical",FALSE,"MEDIUM",""
"render_module_circular_atlas","pRoteomics","audits/phase6f_output_inventory.csv","81: ""analysis/08_integration/test_enrichment_module_concordance.R"",""results/tables/10_biological_integration/gsea_wgcna_concordance/global/gsea_wgcna_concordance_lo","NAMESPACE_BASENAME","10_biological_integration","","PROVENANCE","historical",FALSE,"MEDIUM",""
"render_module_circular_atlas","pRoteomics","audits/phase6f_output_inventory.csv","82: ""analysis/08_integration/test_enrichment_module_concordance.R"",""results/tables/10_biological_integration/gsea_wgcna_concordance/global/gsea_wgcna_concordance_su","NAMESPACE_BASENAME","10_biological_integration","","PROVENANCE","historical",FALSE,"MEDIUM",""
"render_module_circular_atlas","pRoteomics","audits/phase6f_output_inventory.csv","83: ""analysis/08_integration/test_enrichment_module_concordance.R"",""results/tables/10_biological_integration/gsea_wgcna_concordance/global/program_module_matching_a","NAMESPACE_BASENAME","10_biological_integration","","PROVENANCE","historical",FALSE,"MEDIUM",""
"render_module_circular_atlas","pRoteomics","audits/phase6f_output_inventory.csv","84: ""analysis/08_integration/test_enrichment_module_concordance.R"",""results/tables/10_biological_integration/gsea_wgcna_concordance/global/program_specific_leading_","NAMESPACE_BASENAME","10_biological_integration","","PROVENANCE","historical",FALSE,"MEDIUM",""
"render_module_circular_atlas","pRoteomics","audits/phase6f_output_inventory.csv","85: ""analysis/08_integration/summarize_enrichment_module_concordance.R"",""results/tables/10_biological_integration/gsea_wgcna_concordance_diagnostics/global/"",""table","NAMESPACE_BASENAME","10_biological_integration","","PROVENANCE","historical",FALSE,"MEDIUM",""
"render_module_circular_atlas","pRoteomics","audits/phase6f_output_inventory.csv","86: ""analysis/08_integration/summarize_programs_for_manuscript.R"",""results/tables/10_biological_integration/manuscript_program_summary/global/manuscript_program_sum","NAMESPACE_BASENAME","10_biological_integration","","PROVENANCE","historical",FALSE,"MEDIUM",""
"render_module_circular_atlas","pRoteomics","audits/phase6f_output_inventory.csv","87: ""analysis/08_integration/build_candidate_protein_shortlist.R"",""results/tables/10_biological_integration/wgcna_candidate_protein_shortlist/<dataset>/wgcna_candid","NAMESPACE_BASENAME","10_biological_integration","","PROVENANCE","historical",FALSE,"MEDIUM",""
"render_module_circular_atlas","pRoteomics","audits/phase6f_output_inventory.csv","88: ""analysis/08_integration/build_candidate_protein_shortlist.R"",""results/tables/10_biological_integration/wgcna_candidate_protein_shortlist/<dataset>/wgcna_candid","NAMESPACE_BASENAME","10_biological_integration","","PROVENANCE","historical",FALSE,"MEDIUM",""
"render_module_circular_atlas","pRoteomics","audits/phase6f_output_inventory.csv","89: ""analysis/08_integration/build_candidate_protein_shortlist.R"",""results/tables/10_biological_integration/wgcna_candidate_protein_shortlist/<dataset>/wgcna_candid","NAMESPACE_BASENAME","10_biological_integration","","PROVENANCE","historical",FALSE,"MEDIUM",""
"render_module_circular_atlas","pRoteomics","audits/phase6f_output_inventory.csv","90: ""analysis/08_integration/build_candidate_protein_shortlist.R"",""results/tables/10_biological_integration/wgcna_candidate_protein_shortlist/<dataset>/wgcna_candid","NAMESPACE_BASENAME","10_biological_integration","","PROVENANCE","historical",FALSE,"MEDIUM",""
"render_module_circular_atlas","pRoteomics","audits/phase6f_output_inventory.csv","91: ""analysis/08_integration/build_candidate_protein_shortlist.R"",""results/tables/10_biological_integration/wgcna_candidate_protein_shortlist/<dataset>/wgcna_top10_","NAMESPACE_BASENAME","10_biological_integration","","PROVENANCE","historical",FALSE,"MEDIUM",""
"render_module_circular_atlas","pRoteomics","audits/phase6f_output_inventory.csv","92: ""analysis/08_integration/render_module_circular_atlas.R"",""results/tables/10_biological_integration/wgcna_circular_atlas/global/wgcna_circular_atlas_metrics.csv""","NAMESPACE_BASENAME","10_biological_integration","","PROVENANCE","historical",FALSE,"MEDIUM",""
"render_module_circular_atlas","pRoteomics","audits/phase6f_output_inventory.csv","93: ""analysis/08_integration/summarize_module_cross_compartment.R"",""results/tables/10_biological_integration/wgcna_cross_compartment_overview/global/"",""tables"",""CAN","NAMESPACE_BASENAME","10_biological_integration","","PROVENANCE","historical",FALSE,"MEDIUM",""
"render_module_circular_atlas","pRoteomics","audits/phase6f_output_inventory.csv","94: ""analysis/08_integration/quantify_candidate_network_position.R"",""results/tables/10_biological_integration/wgcna_sus_res_network_position/<dataset>/wgcna_sus_res","NAMESPACE_BASENAME","10_biological_integration","","PROVENANCE","historical",FALSE,"MEDIUM",""
"render_module_circular_atlas","pRoteomics","audits/phase6f_output_inventory.csv","95: ""analysis/08_integration/quantify_candidate_network_position.R"",""results/tables/10_biological_integration/wgcna_sus_res_network_position/<dataset>/wgcna_sus_res","NAMESPACE_BASENAME","10_biological_integration","","PROVENANCE","historical",FALSE,"MEDIUM",""
"render_module_circular_atlas","pRoteomics","audits/phase6f_output_inventory.csv","96: ""analysis/08_integration/quantify_candidate_network_position.R"",""results/tables/10_biological_integration/wgcna_sus_res_network_position/<dataset>/wgcna_sus_res","NAMESPACE_BASENAME","10_biological_integration","","PROVENANCE","historical",FALSE,"MEDIUM",""
"render_module_circular_atlas","pRoteomics","audits/phase6f_output_inventory.csv","200: ""analysis/08_integration/render_module_circular_atlas.R"",""results/figures/10_biological_integration/wgcna_circular_atlas/global/"",""figures"",""DIAGNOSTIC"","""",0,FA","NAMESPACE_BASENAME","10_biological_integration","","PROVENANCE","historical",FALSE,"MEDIUM",""
"render_module_circular_atlas","pRoteomics","audits/phase6f_output_inventory.csv","201: ""analysis/08_integration/render_module_circular_atlas.R"",""results/figures/10_biological_integration/wgcna_circular_atlas/global/wgcna_circular_atlas_main.pdf"",""","NAMESPACE_BASENAME","10_biological_integration","","PROVENANCE","historical",FALSE,"MEDIUM",""
"render_module_circular_atlas","pRoteomics","audits/phase6f_output_inventory.csv","202: ""analysis/08_integration/render_module_circular_atlas.R"",""results/figures/10_biological_integration/wgcna_circular_atlas/global/wgcna_circular_atlas_main.svg"",""","NAMESPACE_BASENAME","10_biological_integration","","PROVENANCE","historical",FALSE,"MEDIUM",""
"render_module_circular_atlas","pRoteomics","audits/phase6f_output_inventory.csv","203: ""analysis/08_integration/render_module_circular_atlas.R"",""results/figures/10_biological_integration/wgcna_circular_atlas/global/wgcna_circular_atlas_selected_on","NAMESPACE_BASENAME","10_biological_integration","","PROVENANCE","historical",FALSE,"MEDIUM",""
"render_module_circular_atlas","pRoteomics","audits/phase6f_output_inventory.csv","204: ""analysis/08_integration/render_module_circular_atlas.R"",""results/figures/10_biological_integration/wgcna_circular_atlas/global/wgcna_circular_atlas_selected_on","NAMESPACE_BASENAME","10_biological_integration","","PROVENANCE","historical",FALSE,"MEDIUM",""
"render_module_circular_atlas","pRoteomics","audits/phase6f_output_inventory.csv","205: ""analysis/08_integration/render_module_circular_atlas.R"",""results/figures/10_biological_integration/wgcna_circular_atlas/global/wgcna_circular_heatmap_all_datas","NAMESPACE_BASENAME","10_biological_integration","","PROVENANCE","historical",FALSE,"MEDIUM",""
"render_module_circular_atlas","pRoteomics","audits/phase6f_output_inventory.csv","206: ""analysis/08_integration/render_module_circular_atlas.R"",""results/figures/10_biological_integration/wgcna_circular_atlas/global/wgcna_circular_heatmap_all_datas","NAMESPACE_BASENAME","10_biological_integration","","PROVENANCE","historical",FALSE,"MEDIUM",""
"render_module_circular_atlas","pRoteomics","audits/phase6f_output_inventory.csv","207: ""analysis/08_integration/render_module_circular_atlas.R"",""results/figures/10_biological_integration/wgcna_circular_atlas/global/wgcna_circular_heatmap_microglia","NAMESPACE_BASENAME","10_biological_integration","","PROVENANCE","historical",FALSE,"MEDIUM",""
"render_module_circular_atlas","pRoteomics","audits/phase6f_output_inventory.csv","208: ""analysis/08_integration/render_module_circular_atlas.R"",""results/figures/10_biological_integration/wgcna_circular_atlas/global/wgcna_circular_heatmap_microglia","NAMESPACE_BASENAME","10_biological_integration","","PROVENANCE","historical",FALSE,"MEDIUM",""
"render_module_circular_atlas","pRoteomics","audits/phase6f_output_inventory.csv","209: ""analysis/08_integration/render_module_circular_atlas.R"",""results/figures/10_biological_integration/wgcna_circular_atlas/global/wgcna_circular_heatmap_neuron_ne","NAMESPACE_BASENAME","10_biological_integration","","PROVENANCE","historical",FALSE,"MEDIUM",""
"render_module_circular_atlas","pRoteomics","audits/phase6f_output_inventory.csv","210: ""analysis/08_integration/render_module_circular_atlas.R"",""results/figures/10_biological_integration/wgcna_circular_atlas/global/wgcna_circular_heatmap_neuron_ne","NAMESPACE_BASENAME","10_biological_integration","","PROVENANCE","historical",FALSE,"MEDIUM",""
"render_module_circular_atlas","pRoteomics","audits/phase6f_output_inventory.csv","211: ""analysis/08_integration/render_module_circular_atlas.R"",""results/figures/10_biological_integration/wgcna_circular_atlas/global/wgcna_circular_heatmap_neuron_so","NAMESPACE_BASENAME","10_biological_integration","","PROVENANCE","historical",FALSE,"MEDIUM",""
"render_module_circular_atlas","pRoteomics","audits/phase6f_output_inventory.csv","212: ""analysis/08_integration/render_module_circular_atlas.R"",""results/figures/10_biological_integration/wgcna_circular_atlas/global/wgcna_circular_heatmap_neuron_so","NAMESPACE_BASENAME","10_biological_integration","","PROVENANCE","historical",FALSE,"MEDIUM",""
"render_module_circular_atlas","pRoteomics","audits/phase6f_output_inventory.csv","213: ""analysis/08_integration/render_module_circular_atlas.R"",""results/figures/10_biological_integration/wgcna_circular_atlas/global/wgcna_circular_publication_super","NAMESPACE_BASENAME","10_biological_integration","","PROVENANCE","historical",FALSE,"MEDIUM",""
"render_module_circular_atlas","pRoteomics","audits/phase6f_output_inventory.csv","214: ""analysis/08_integration/render_module_circular_atlas.R"",""results/figures/10_biological_integration/wgcna_circular_atlas/global/wgcna_circular_publication_super","NAMESPACE_BASENAME","10_biological_integration","","PROVENANCE","historical",FALSE,"MEDIUM",""
"render_module_circular_atlas","pRoteomics","audits/phase6f_output_inventory.csv","215: ""analysis/08_integration/render_module_circular_atlas.R"",""results/figures/10_biological_integration/wgcna_circular_atlas/global/wgcna_circular_publication_super","NAMESPACE_BASENAME","10_biological_integration","","PROVENANCE","historical",FALSE,"MEDIUM",""
"render_module_circular_atlas","pRoteomics","audits/phase6f_output_inventory.csv","216: ""analysis/08_integration/render_module_circular_atlas.R"",""results/figures/10_biological_integration/wgcna_circular_atlas/global/wgcna_circular_publication_super","NAMESPACE_BASENAME","10_biological_integration","","PROVENANCE","historical",FALSE,"MEDIUM",""
"render_module_circular_atlas","pRoteomics","audits/phase6f_output_inventory.csv","217: ""analysis/08_integration/render_module_circular_atlas.R"",""results/figures/10_biological_integration/wgcna_circular_atlas/global/wgcna_circular_publication_super","NAMESPACE_BASENAME","10_biological_integration","","PROVENANCE","historical",FALSE,"MEDIUM",""
"render_module_circular_atlas","pRoteomics","audits/phase6f_output_inventory.csv","218: ""analysis/08_integration/render_module_circular_atlas.R"",""results/figures/10_biological_integration/wgcna_circular_atlas/global/wgcna_circular_publication_super","NAMESPACE_BASENAME","10_biological_integration","","PROVENANCE","historical",FALSE,"MEDIUM",""
"render_module_circular_atlas","pRoteomics","audits/phase6f_output_inventory.csv","219: ""analysis/08_integration/render_module_circular_atlas.R"",""results/figures/10_biological_integration/wgcna_circular_atlas/global/wgcna_circular_publication_super","NAMESPACE_BASENAME","10_biological_integration","","PROVENANCE","historical",FALSE,"MEDIUM",""
"render_module_circular_atlas","pRoteomics","audits/phase6f_output_inventory.csv","220: ""analysis/08_integration/render_module_circular_atlas.R"",""results/figures/10_biological_integration/wgcna_circular_atlas/global/wgcna_circular_publication_super","NAMESPACE_BASENAME","10_biological_integration","","PROVENANCE","historical",FALSE,"MEDIUM",""
"render_module_circular_atlas","pRoteomics","audits/phase6f_output_inventory.csv","221: ""analysis/08_integration/render_module_circular_atlas.R"",""results/figures/10_biological_integration/wgcna_circular_atlas/global/wgcna_region_layer_heatmap_all_m","NAMESPACE_BASENAME","10_biological_integration","","PROVENANCE","historical",FALSE,"MEDIUM",""
"render_module_circular_atlas","pRoteomics","audits/phase6f_output_inventory.csv","222: ""analysis/08_integration/render_module_circular_atlas.R"",""results/figures/10_biological_integration/wgcna_circular_atlas/global/wgcna_region_layer_heatmap_all_m","NAMESPACE_BASENAME","10_biological_integration","","PROVENANCE","historical",FALSE,"MEDIUM",""
"render_module_circular_atlas","pRoteomics","audits/phase6f_output_inventory.csv","223: ""analysis/08_integration/summarize_module_cross_compartment.R"",""results/figures/10_biological_integration/wgcna_cross_compartment_overview/global/"",""figures"",""D","NAMESPACE_BASENAME","10_biological_integration","","PROVENANCE","historical",FALSE,"MEDIUM",""
"render_module_circular_atlas","pRoteomics","audits/phase6f_output_inventory.csv","224: ""analysis/08_integration/quantify_candidate_network_position.R"",""results/figures/10_biological_integration/wgcna_sus_res_network_position/<dataset>/"",""figures"",","NAMESPACE_BASENAME","10_biological_integration","","PROVENANCE","historical",FALSE,"MEDIUM",""
"render_module_circular_atlas","pRoteomics","audits/phase6f_output_inventory.csv","239: ""analysis/08_integration/build_cross_compartment_atlas.R"",""results/reports/10_biological_integration/cross_compartment_program_atlas/global/input_status.csv"",""r","NAMESPACE_BASENAME","10_biological_integration","","PROVENANCE","historical",FALSE,"MEDIUM",""
"render_module_circular_atlas","pRoteomics","audits/phase6f_output_inventory.csv","240: ""analysis/08_integration/test_enrichment_module_concordance.R"",""results/reports/10_biological_integration/gsea_wgcna_concordance/global/README.md"",""reports"",""DI","NAMESPACE_BASENAME","10_biological_integration","","PROVENANCE","historical",FALSE,"MEDIUM",""
"render_module_circular_atlas","pRoteomics","audits/phase6f_output_inventory.csv","241: ""analysis/08_integration/summarize_enrichment_module_concordance.R"",""results/reports/10_biological_integration/gsea_wgcna_concordance_diagnostics/global/README.","NAMESPACE_BASENAME","10_biological_integration","","PROVENANCE","historical",FALSE,"MEDIUM",""
"render_module_circular_atlas","pRoteomics","audits/phase6f_output_inventory.csv","242: ""analysis/08_integration/build_candidate_protein_shortlist.R"",""results/reports/10_biological_integration/wgcna_candidate_protein_shortlist/<dataset>/README.md"",","NAMESPACE_BASENAME","10_biological_integration","","PROVENANCE","historical",FALSE,"MEDIUM",""
"render_module_circular_atlas","pRoteomics","audits/phase6f_output_inventory.csv","243: ""analysis/08_integration/render_module_circular_atlas.R"",""results/reports/10_biological_integration/wgcna_circular_atlas/global/wgcna_circular_atlas_input_statu","NAMESPACE_BASENAME","10_biological_integration","","PROVENANCE","historical",FALSE,"MEDIUM",""
"render_module_circular_atlas","pRoteomics","audits/phase6f_output_inventory.csv","244: ""analysis/08_integration/render_module_circular_atlas.R"",""results/reports/10_biological_integration/wgcna_circular_atlas/global/wgcna_circular_atlas_stage13_sel","NAMESPACE_BASENAME","10_biological_integration","","PROVENANCE","historical",FALSE,"MEDIUM",""
"render_module_circular_atlas","pRoteomics","audits/phase6f_output_inventory.csv","245: ""analysis/08_integration/render_module_circular_atlas.R"",""results/reports/10_biological_integration/wgcna_circular_atlas/global/wgcna_circular_metric_consistenc","NAMESPACE_BASENAME","10_biological_integration","","PROVENANCE","historical",FALSE,"MEDIUM",""
"render_module_circular_atlas","pRoteomics","audits/phase6f_output_inventory.csv","246: ""analysis/08_integration/render_module_circular_atlas.R"",""results/reports/10_biological_integration/wgcna_circular_atlas/global/wgcna_circular_vs_publication_he","NAMESPACE_BASENAME","10_biological_integration","","PROVENANCE","historical",FALSE,"MEDIUM",""
"render_module_circular_atlas","pRoteomics","audits/phase6f_output_inventory.csv","247: ""analysis/08_integration/render_module_circular_atlas.R"",""results/reports/10_biological_integration/wgcna_circular_atlas/global/wgcna_module_supermodule_mapping","NAMESPACE_BASENAME","10_biological_integration","","PROVENANCE","historical",FALSE,"MEDIUM",""
"render_module_circular_atlas","pRoteomics","audits/phase6f_output_inventory.csv","248: ""analysis/08_integration/summarize_module_cross_compartment.R"",""results/reports/10_biological_integration/wgcna_cross_compartment_overview/global/"",""reports"",""D","NAMESPACE_BASENAME","10_biological_integration","","PROVENANCE","historical",FALSE,"MEDIUM",""
"render_module_circular_atlas","pRoteomics","audits/phase6f_output_inventory.csv","249: ""analysis/08_integration/quantify_candidate_network_position.R"",""results/reports/10_biological_integration/wgcna_sus_res_network_position/<dataset>/README.md"",""","NAMESPACE_BASENAME","10_biological_integration","","PROVENANCE","historical",FALSE,"MEDIUM",""
"render_module_circular_atlas","pRoteomics","audits/phase6f_output_inventory.csv","276: ""analysis/08_integration/render_module_circular_atlas.R"",""results/reports/10_biological_integration/wgcna_circular_atlas/global/wgcna_circular_vs_publication_su","NAMESPACE_BASENAME","10_biological_integration","","PROVENANCE","historical",FALSE,"MEDIUM",""
"render_module_circular_atlas","pRoteomics","audits/phase6f_output_inventory.csv","278: ""analysis/08_integration/build_immunostaining_candidates.R"",""results/source_data/10_biological_integration/immunostaining_candidate_comparison/immunostaining_ca","NAMESPACE_BASENAME","10_biological_integration","","PROVENANCE","historical",FALSE,"MEDIUM",""
"render_module_circular_atlas","pRoteomics","audits/phase6f_output_inventory.csv","279: ""analysis/08_integration/build_immunostaining_candidates.R"",""results/source_data/10_biological_integration/immunostaining_candidate_comparison/immunostaining_ca","NAMESPACE_BASENAME","10_biological_integration","","PROVENANCE","historical",FALSE,"MEDIUM",""
"render_module_circular_atlas","pRoteomics","audits/phase6f_output_inventory.csv","280: ""analysis/08_integration/build_immunostaining_candidates.R"",""results/source_data/10_biological_integration/immunostaining_candidate_comparison/immunostaining_ca","NAMESPACE_BASENAME","10_biological_integration","","PROVENANCE","historical",FALSE,"MEDIUM",""
"render_module_circular_atlas","pRoteomics","audits/phase6f_output_inventory.csv","281: ""analysis/08_integration/build_immunostaining_candidates.R"",""results/source_data/10_biological_integration/immunostaining_candidate_comparison/immunostaining_ca","NAMESPACE_BASENAME","10_biological_integration","","PROVENANCE","historical",FALSE,"MEDIUM",""
"render_module_circular_atlas","pRoteomics","audits/phase6f_output_inventory.csv","303: ""analysis/08_integration/build_cross_compartment_atlas.R"",""results/logs/10_biological_integration/cross_compartment_program_atlas/global/run_manifest.yml"",""logs","NAMESPACE_BASENAME","10_biological_integration","","PROVENANCE","historical",FALSE,"MEDIUM",""
"render_module_circular_atlas","pRoteomics","audits/phase6f_output_inventory.csv","304: ""analysis/08_integration/build_evidence_priority_matrix.R"",""results/logs/10_biological_integration/evidence_priority_matrix/global/run_manifest.yml"",""logs"",""PRO","NAMESPACE_BASENAME","10_biological_integration","","PROVENANCE","historical",FALSE,"MEDIUM",""
"render_module_circular_atlas","pRoteomics","audits/phase6f_output_inventory.csv","305: ""analysis/08_integration/build_evidence_priority_matrix.R"",""results/logs/10_biological_integration/final_evidence_bundle/global/run_manifest.yml"",""logs"",""PROVEN","NAMESPACE_BASENAME","10_biological_integration","","PROVENANCE","historical",FALSE,"MEDIUM",""
"render_module_circular_atlas","pRoteomics","audits/phase6f_output_inventory.csv","306: ""analysis/08_integration/test_enrichment_module_concordance.R"",""results/logs/10_biological_integration/gsea_wgcna_concordance/global/run_manifest.yml"",""logs"",""P","NAMESPACE_BASENAME","10_biological_integration","","PROVENANCE","historical",FALSE,"MEDIUM",""
"render_module_circular_atlas","pRoteomics","audits/phase6f_output_inventory.csv","307: ""analysis/08_integration/summarize_enrichment_module_concordance.R"",""results/logs/10_biological_integration/gsea_wgcna_concordance_diagnostics/global/run_manife","NAMESPACE_BASENAME","10_biological_integration","","PROVENANCE","historical",FALSE,"MEDIUM",""
"render_module_circular_atlas","pRoteomics","audits/phase6f_output_inventory.csv","308: ""analysis/08_integration/summarize_programs_for_manuscript.R"",""results/logs/10_biological_integration/manuscript_program_summary/global/run_manifest.yml"",""logs""","NAMESPACE_BASENAME","10_biological_integration","","PROVENANCE","historical",FALSE,"MEDIUM",""
"render_module_circular_atlas","pRoteomics","audits/phase6f_output_inventory.csv","309: ""analysis/08_integration/build_candidate_protein_shortlist.R"",""results/logs/10_biological_integration/wgcna_candidate_protein_shortlist/<dataset>/run_manifest.y","NAMESPACE_BASENAME","10_biological_integration","","PROVENANCE","historical",FALSE,"MEDIUM",""
"render_module_circular_atlas","pRoteomics","audits/phase6f_output_inventory.csv","310: ""analysis/08_integration/render_module_circular_atlas.R"",""results/logs/10_biological_integration/wgcna_circular_atlas/global/run_manifest.yml"",""logs"",""PROVENANC","NAMESPACE_BASENAME","10_biological_integration","","PROVENANCE","historical",FALSE,"MEDIUM",""
"render_module_circular_atlas","pRoteomics","audits/phase6f_output_inventory.csv","311: ""analysis/08_integration/summarize_module_cross_compartment.R"",""results/logs/10_biological_integration/wgcna_cross_compartment_overview/global/"",""logs"",""PROVENA","NAMESPACE_BASENAME","10_biological_integration","","PROVENANCE","historical",FALSE,"MEDIUM",""
"render_module_circular_atlas","pRoteomics","audits/phase6f_output_inventory.csv","312: ""analysis/08_integration/quantify_candidate_network_position.R"",""results/logs/10_biological_integration/wgcna_sus_res_network_position/<dataset>/run_manifest.ym","NAMESPACE_BASENAME","10_biological_integration","","PROVENANCE","historical",FALSE,"MEDIUM",""
"render_module_circular_atlas","pRoteomics","audits/phase6f_output_inventory.csv","356: ""analysis/08_integration/build_cross_compartment_atlas.R"",""results/source_data/10_biological_integration/cross_compartment_program_atlas/global/cross_compartmen","NAMESPACE_BASENAME","10_biological_integration","","PROVENANCE","historical",FALSE,"MEDIUM",""
"render_module_circular_atlas","pRoteomics","audits/phase6f_output_inventory.csv","357: ""analysis/08_integration/build_cross_compartment_atlas.R"",""results/source_data/10_biological_integration/cross_compartment_program_atlas/global/cross_compartmen","NAMESPACE_BASENAME","10_biological_integration","","PROVENANCE","historical",FALSE,"MEDIUM",""
"render_module_circular_atlas","pRoteomics","audits/phase6f_output_inventory.csv","358: ""analysis/08_integration/build_cross_compartment_atlas.R"",""results/source_data/10_biological_integration/cross_compartment_program_atlas/global/cross_compartmen","NAMESPACE_BASENAME","10_biological_integration","","PROVENANCE","historical",FALSE,"MEDIUM",""
"render_module_circular_atlas","pRoteomics","audits/phase6f_output_inventory.csv","359: ""analysis/08_integration/build_evidence_priority_matrix.R"",""results/source_data/10_biological_integration/evidence_priority_matrix/global/evidence_priority_matr","NAMESPACE_BASENAME","10_biological_integration","","PROVENANCE","historical",FALSE,"MEDIUM",""
"render_module_circular_atlas","pRoteomics","audits/phase6f_output_inventory.csv","360: ""analysis/08_integration/build_evidence_priority_matrix.R"",""results/source_data/10_biological_integration/final_evidence_bundle/global/"",""source_data"",""PUBLICAT","NAMESPACE_BASENAME","10_biological_integration","","PROVENANCE","historical",FALSE,"MEDIUM",""
"render_module_circular_atlas","pRoteomics","audits/phase6f_output_inventory.csv","361: ""analysis/08_integration/test_enrichment_module_concordance.R"",""results/source_data/10_biological_integration/gsea_wgcna_concordance/global/"",""source_data"",""PUB","NAMESPACE_BASENAME","10_biological_integration","","PROVENANCE","historical",FALSE,"MEDIUM",""
"render_module_circular_atlas","pRoteomics","audits/phase6f_output_inventory.csv","362: ""analysis/08_integration/summarize_enrichment_module_concordance.R"",""results/source_data/10_biological_integration/gsea_wgcna_concordance_diagnostics/global/"",""","NAMESPACE_BASENAME","10_biological_integration","","PROVENANCE","historical",FALSE,"MEDIUM",""
"render_module_circular_atlas","pRoteomics","audits/phase6f_output_inventory.csv","363: ""analysis/08_integration/screen_immunostaining_panel.R"",""results/source_data/10_biological_integration/immunostaining_candidate_panel/candidate_panel_animal_abu","NAMESPACE_BASENAME","10_biological_integration","","PROVENANCE","historical",FALSE,"MEDIUM",""
"render_module_circular_atlas","pRoteomics","audits/phase6f_output_inventory.csv","364: ""analysis/08_integration/screen_immunostaining_panel.R"",""results/source_data/10_biological_integration/immunostaining_candidate_panel/candidate_panel_excluded_c","NAMESPACE_BASENAME","10_biological_integration","","PROVENANCE","historical",FALSE,"MEDIUM",""
"render_module_circular_atlas","pRoteomics","audits/phase6f_output_inventory.csv","365: ""analysis/08_integration/screen_immunostaining_panel.R"",""results/source_data/10_biological_integration/immunostaining_candidate_panel/candidate_panel_excluded_e","NAMESPACE_BASENAME","10_biological_integration","","PROVENANCE","historical",FALSE,"MEDIUM",""
"render_module_circular_atlas","pRoteomics","audits/phase6f_output_inventory.csv","366: ""analysis/08_integration/screen_immunostaining_panel.R"",""results/source_data/10_biological_integration/immunostaining_candidate_panel/candidate_panel_provenance","NAMESPACE_BASENAME","10_biological_integration","","PROVENANCE","historical",FALSE,"MEDIUM",""
"render_module_circular_atlas","pRoteomics","audits/phase6f_output_inventory.csv","367: ""analysis/08_integration/screen_immunostaining_panel.R"",""results/source_data/10_biological_integration/immunostaining_candidate_panel/candidate_panel_selection.","NAMESPACE_BASENAME","10_biological_integration","","PROVENANCE","historical",FALSE,"MEDIUM",""
"render_module_circular_atlas","pRoteomics","audits/phase6f_output_inventory.csv","368: ""analysis/08_integration/screen_immunostaining_panel.R"",""results/source_data/10_biological_integration/immunostaining_candidate_panel/candidate_panel_sus_res_ef","NAMESPACE_BASENAME","10_biological_integration","","PROVENANCE","historical",FALSE,"MEDIUM",""
"render_module_circular_atlas","pRoteomics","audits/phase6f_output_inventory.csv","369: ""analysis/08_integration/screen_immunostaining_separation.R"",""results/source_data/10_biological_integration/immunostaining_separation_screen/separation_candidat","NAMESPACE_BASENAME","10_biological_integration","","PROVENANCE","historical",FALSE,"MEDIUM",""
"render_module_circular_atlas","pRoteomics","audits/phase6f_output_inventory.csv","370: ""analysis/08_integration/screen_immunostaining_separation.R"",""results/source_data/10_biological_integration/immunostaining_separation_screen/separation_metrics_","NAMESPACE_BASENAME","10_biological_integration","","PROVENANCE","historical",FALSE,"MEDIUM",""
"render_module_circular_atlas","pRoteomics","audits/phase6f_output_inventory.csv","371: ""analysis/08_integration/screen_immunostaining_separation.R"",""results/source_data/10_biological_integration/immunostaining_separation_screen/separation_panel_an","NAMESPACE_BASENAME","10_biological_integration","","PROVENANCE","historical",FALSE,"MEDIUM",""
"render_module_circular_atlas","pRoteomics","audits/phase6f_output_inventory.csv","372: ""analysis/08_integration/screen_immunostaining_separation.R"",""results/source_data/10_biological_integration/immunostaining_separation_screen/separation_panel_su","NAMESPACE_BASENAME","10_biological_integration","","PROVENANCE","historical",FALSE,"MEDIUM",""
"render_module_circular_atlas","pRoteomics","audits/phase6f_output_inventory.csv","373: ""analysis/08_integration/screen_immunostaining_separation.R"",""results/source_data/10_biological_integration/immunostaining_separation_screen/separation_qualifyi","NAMESPACE_BASENAME","10_biological_integration","","PROVENANCE","historical",FALSE,"MEDIUM",""
"render_module_circular_atlas","pRoteomics","audits/phase6f_output_inventory.csv","374: ""analysis/08_integration/screen_immunostaining_separation.R"",""results/source_data/10_biological_integration/immunostaining_separation_screen/separation_screen_p","NAMESPACE_BASENAME","10_biological_integration","","PROVENANCE","historical",FALSE,"MEDIUM",""
"render_module_circular_atlas","pRoteomics","audits/phase6f_output_inventory.csv","375: ""analysis/08_integration/summarize_programs_for_manuscript.R"",""results/source_data/10_biological_integration/manuscript_program_summary/global/manuscript_progra","NAMESPACE_BASENAME","10_biological_integration","","PROVENANCE","historical",FALSE,"MEDIUM",""
"render_module_circular_atlas","pRoteomics","audits/phase6f_output_inventory.csv","376: ""analysis/08_integration/build_candidate_protein_shortlist.R"",""results/source_data/10_biological_integration/wgcna_candidate_protein_shortlist/<dataset>/"",""sour","NAMESPACE_BASENAME","10_biological_integration","","PROVENANCE","historical",FALSE,"MEDIUM",""
"render_module_circular_atlas","pRoteomics","audits/phase6f_output_inventory.csv","377: ""analysis/08_integration/render_module_circular_atlas.R"",""results/source_data/10_biological_integration/wgcna_circular_atlas/global/"",""source_data"",""PUBLICATION","NAMESPACE_BASENAME","10_biological_integration","","PROVENANCE","historical",FALSE,"MEDIUM",""
"render_module_circular_atlas","pRoteomics","audits/phase6f_output_inventory.csv","378: ""analysis/08_integration/render_module_circular_atlas.R"",""results/source_data/10_biological_integration/wgcna_circular_atlas/global/wgcna_circular_atlas_plot_so","NAMESPACE_BASENAME","10_biological_integration","","PROVENANCE","historical",FALSE,"MEDIUM",""
"render_module_circular_atlas","pRoteomics","audits/phase6f_output_inventory.csv","379: ""analysis/08_integration/render_module_circular_atlas.R"",""results/source_data/10_biological_integration/wgcna_circular_atlas/global/wgcna_circular_atlas_segment","NAMESPACE_BASENAME","10_biological_integration","","PROVENANCE","historical",FALSE,"MEDIUM",""
"render_module_circular_atlas","pRoteomics","audits/phase6f_output_inventory.csv","380: ""analysis/08_integration/render_module_circular_atlas.R"",""results/source_data/10_biological_integration/wgcna_circular_atlas/global/wgcna_circular_heatmap_layou","NAMESPACE_BASENAME","10_biological_integration","","PROVENANCE","historical",FALSE,"MEDIUM",""
"render_module_circular_atlas","pRoteomics","audits/phase6f_output_inventory.csv","381: ""analysis/08_integration/render_module_circular_atlas.R"",""results/source_data/10_biological_integration/wgcna_circular_atlas/global/wgcna_circular_heatmap_sourc","NAMESPACE_BASENAME","10_biological_integration","","PROVENANCE","historical",FALSE,"MEDIUM",""
"render_module_circular_atlas","pRoteomics","audits/phase6f_output_inventory.csv","382: ""analysis/08_integration/render_module_circular_atlas.R"",""results/source_data/10_biological_integration/wgcna_circular_atlas/global/wgcna_circular_heatmap_sourc","NAMESPACE_BASENAME","10_biological_integration","","PROVENANCE","historical",FALSE,"MEDIUM",""
"render_module_circular_atlas","pRoteomics","audits/phase6f_output_inventory.csv","383: ""analysis/08_integration/render_module_circular_atlas.R"",""results/source_data/10_biological_integration/wgcna_circular_atlas/global/wgcna_circular_publication_s","NAMESPACE_BASENAME","10_biological_integration","","PROVENANCE","historical",FALSE,"MEDIUM",""
"render_module_circular_atlas","pRoteomics","audits/phase6f_output_inventory.csv","384: ""analysis/08_integration/render_module_circular_atlas.R"",""results/source_data/10_biological_integration/wgcna_circular_atlas/global/wgcna_circular_publication_s","NAMESPACE_BASENAME","10_biological_integration","","PROVENANCE","historical",FALSE,"MEDIUM",""
"render_module_circular_atlas","pRoteomics","audits/phase6f_output_inventory.csv","385: ""analysis/08_integration/summarize_module_cross_compartment.R"",""results/source_data/10_biological_integration/wgcna_cross_compartment_overview/global/"",""source_","NAMESPACE_BASENAME","10_biological_integration","","PROVENANCE","historical",FALSE,"MEDIUM",""
"render_module_circular_atlas","pRoteomics","audits/phase6f_output_inventory.csv","386: ""analysis/08_integration/quantify_candidate_network_position.R"",""results/source_data/10_biological_integration/wgcna_sus_res_network_position/<dataset>/"",""sourc","NAMESPACE_BASENAME","10_biological_integration","","PROVENANCE","historical",FALSE,"MEDIUM",""
"render_module_circular_atlas","pRoteomics","audits/phase6f_output_inventory.csv","408: ""analysis/08_integration/test_enrichment_module_concordance.R"",""results/tables/10_biological_integration/gsea_wgcna_concordance/global/ontology_aware_gsea_theme","NAMESPACE_BASENAME","10_biological_integration","","PROVENANCE","historical",FALSE,"MEDIUM",""
"render_module_circular_atlas","pRoteomics","audits/phase6f_output_inventory.csv","92: ""analysis/08_integration/render_module_circular_atlas.R"",""results/tables/10_biological_integration/wgcna_circular_atlas/global/wgcna_circular_atlas_metrics.csv""","NAMESPACE_BASENAME","wgcna_circular_atlas","","PROVENANCE","historical",FALSE,"MEDIUM",""
"render_module_circular_atlas","pRoteomics","audits/phase6f_output_inventory.csv","200: ""analysis/08_integration/render_module_circular_atlas.R"",""results/figures/10_biological_integration/wgcna_circular_atlas/global/"",""figures"",""DIAGNOSTIC"","""",0,FA","NAMESPACE_BASENAME","wgcna_circular_atlas","","PROVENANCE","historical",FALSE,"MEDIUM",""
"render_module_circular_atlas","pRoteomics","audits/phase6f_output_inventory.csv","201: ""analysis/08_integration/render_module_circular_atlas.R"",""results/figures/10_biological_integration/wgcna_circular_atlas/global/wgcna_circular_atlas_main.pdf"",""","NAMESPACE_BASENAME","wgcna_circular_atlas","","PROVENANCE","historical",FALSE,"MEDIUM",""
"render_module_circular_atlas","pRoteomics","audits/phase6f_output_inventory.csv","202: ""analysis/08_integration/render_module_circular_atlas.R"",""results/figures/10_biological_integration/wgcna_circular_atlas/global/wgcna_circular_atlas_main.svg"",""","NAMESPACE_BASENAME","wgcna_circular_atlas","","PROVENANCE","historical",FALSE,"MEDIUM",""
"render_module_circular_atlas","pRoteomics","audits/phase6f_output_inventory.csv","203: ""analysis/08_integration/render_module_circular_atlas.R"",""results/figures/10_biological_integration/wgcna_circular_atlas/global/wgcna_circular_atlas_selected_on","NAMESPACE_BASENAME","wgcna_circular_atlas","","PROVENANCE","historical",FALSE,"MEDIUM",""
"render_module_circular_atlas","pRoteomics","audits/phase6f_output_inventory.csv","204: ""analysis/08_integration/render_module_circular_atlas.R"",""results/figures/10_biological_integration/wgcna_circular_atlas/global/wgcna_circular_atlas_selected_on","NAMESPACE_BASENAME","wgcna_circular_atlas","","PROVENANCE","historical",FALSE,"MEDIUM",""
"render_module_circular_atlas","pRoteomics","audits/phase6f_output_inventory.csv","205: ""analysis/08_integration/render_module_circular_atlas.R"",""results/figures/10_biological_integration/wgcna_circular_atlas/global/wgcna_circular_heatmap_all_datas","NAMESPACE_BASENAME","wgcna_circular_atlas","","PROVENANCE","historical",FALSE,"MEDIUM",""
"render_module_circular_atlas","pRoteomics","audits/phase6f_output_inventory.csv","206: ""analysis/08_integration/render_module_circular_atlas.R"",""results/figures/10_biological_integration/wgcna_circular_atlas/global/wgcna_circular_heatmap_all_datas","NAMESPACE_BASENAME","wgcna_circular_atlas","","PROVENANCE","historical",FALSE,"MEDIUM",""
"render_module_circular_atlas","pRoteomics","audits/phase6f_output_inventory.csv","207: ""analysis/08_integration/render_module_circular_atlas.R"",""results/figures/10_biological_integration/wgcna_circular_atlas/global/wgcna_circular_heatmap_microglia","NAMESPACE_BASENAME","wgcna_circular_atlas","","PROVENANCE","historical",FALSE,"MEDIUM",""
"render_module_circular_atlas","pRoteomics","audits/phase6f_output_inventory.csv","208: ""analysis/08_integration/render_module_circular_atlas.R"",""results/figures/10_biological_integration/wgcna_circular_atlas/global/wgcna_circular_heatmap_microglia","NAMESPACE_BASENAME","wgcna_circular_atlas","","PROVENANCE","historical",FALSE,"MEDIUM",""
"render_module_circular_atlas","pRoteomics","audits/phase6f_output_inventory.csv","209: ""analysis/08_integration/render_module_circular_atlas.R"",""results/figures/10_biological_integration/wgcna_circular_atlas/global/wgcna_circular_heatmap_neuron_ne","NAMESPACE_BASENAME","wgcna_circular_atlas","","PROVENANCE","historical",FALSE,"MEDIUM",""
"render_module_circular_atlas","pRoteomics","audits/phase6f_output_inventory.csv","210: ""analysis/08_integration/render_module_circular_atlas.R"",""results/figures/10_biological_integration/wgcna_circular_atlas/global/wgcna_circular_heatmap_neuron_ne","NAMESPACE_BASENAME","wgcna_circular_atlas","","PROVENANCE","historical",FALSE,"MEDIUM",""
"render_module_circular_atlas","pRoteomics","audits/phase6f_output_inventory.csv","211: ""analysis/08_integration/render_module_circular_atlas.R"",""results/figures/10_biological_integration/wgcna_circular_atlas/global/wgcna_circular_heatmap_neuron_so","NAMESPACE_BASENAME","wgcna_circular_atlas","","PROVENANCE","historical",FALSE,"MEDIUM",""
"render_module_circular_atlas","pRoteomics","audits/phase6f_output_inventory.csv","212: ""analysis/08_integration/render_module_circular_atlas.R"",""results/figures/10_biological_integration/wgcna_circular_atlas/global/wgcna_circular_heatmap_neuron_so","NAMESPACE_BASENAME","wgcna_circular_atlas","","PROVENANCE","historical",FALSE,"MEDIUM",""
"render_module_circular_atlas","pRoteomics","audits/phase6f_output_inventory.csv","213: ""analysis/08_integration/render_module_circular_atlas.R"",""results/figures/10_biological_integration/wgcna_circular_atlas/global/wgcna_circular_publication_super","NAMESPACE_BASENAME","wgcna_circular_atlas","","PROVENANCE","historical",FALSE,"MEDIUM",""
"render_module_circular_atlas","pRoteomics","audits/phase6f_output_inventory.csv","214: ""analysis/08_integration/render_module_circular_atlas.R"",""results/figures/10_biological_integration/wgcna_circular_atlas/global/wgcna_circular_publication_super","NAMESPACE_BASENAME","wgcna_circular_atlas","","PROVENANCE","historical",FALSE,"MEDIUM",""
"render_module_circular_atlas","pRoteomics","audits/phase6f_output_inventory.csv","215: ""analysis/08_integration/render_module_circular_atlas.R"",""results/figures/10_biological_integration/wgcna_circular_atlas/global/wgcna_circular_publication_super","NAMESPACE_BASENAME","wgcna_circular_atlas","","PROVENANCE","historical",FALSE,"MEDIUM",""
"render_module_circular_atlas","pRoteomics","audits/phase6f_output_inventory.csv","216: ""analysis/08_integration/render_module_circular_atlas.R"",""results/figures/10_biological_integration/wgcna_circular_atlas/global/wgcna_circular_publication_super","NAMESPACE_BASENAME","wgcna_circular_atlas","","PROVENANCE","historical",FALSE,"MEDIUM",""
"render_module_circular_atlas","pRoteomics","audits/phase6f_output_inventory.csv","217: ""analysis/08_integration/render_module_circular_atlas.R"",""results/figures/10_biological_integration/wgcna_circular_atlas/global/wgcna_circular_publication_super","NAMESPACE_BASENAME","wgcna_circular_atlas","","PROVENANCE","historical",FALSE,"MEDIUM",""
"render_module_circular_atlas","pRoteomics","audits/phase6f_output_inventory.csv","218: ""analysis/08_integration/render_module_circular_atlas.R"",""results/figures/10_biological_integration/wgcna_circular_atlas/global/wgcna_circular_publication_super","NAMESPACE_BASENAME","wgcna_circular_atlas","","PROVENANCE","historical",FALSE,"MEDIUM",""
"render_module_circular_atlas","pRoteomics","audits/phase6f_output_inventory.csv","219: ""analysis/08_integration/render_module_circular_atlas.R"",""results/figures/10_biological_integration/wgcna_circular_atlas/global/wgcna_circular_publication_super","NAMESPACE_BASENAME","wgcna_circular_atlas","","PROVENANCE","historical",FALSE,"MEDIUM",""
"render_module_circular_atlas","pRoteomics","audits/phase6f_output_inventory.csv","220: ""analysis/08_integration/render_module_circular_atlas.R"",""results/figures/10_biological_integration/wgcna_circular_atlas/global/wgcna_circular_publication_super","NAMESPACE_BASENAME","wgcna_circular_atlas","","PROVENANCE","historical",FALSE,"MEDIUM",""
"render_module_circular_atlas","pRoteomics","audits/phase6f_output_inventory.csv","221: ""analysis/08_integration/render_module_circular_atlas.R"",""results/figures/10_biological_integration/wgcna_circular_atlas/global/wgcna_region_layer_heatmap_all_m","NAMESPACE_BASENAME","wgcna_circular_atlas","","PROVENANCE","historical",FALSE,"MEDIUM",""
"render_module_circular_atlas","pRoteomics","audits/phase6f_output_inventory.csv","222: ""analysis/08_integration/render_module_circular_atlas.R"",""results/figures/10_biological_integration/wgcna_circular_atlas/global/wgcna_region_layer_heatmap_all_m","NAMESPACE_BASENAME","wgcna_circular_atlas","","PROVENANCE","historical",FALSE,"MEDIUM",""
"render_module_circular_atlas","pRoteomics","audits/phase6f_output_inventory.csv","243: ""analysis/08_integration/render_module_circular_atlas.R"",""results/reports/10_biological_integration/wgcna_circular_atlas/global/wgcna_circular_atlas_input_statu","NAMESPACE_BASENAME","wgcna_circular_atlas","","PROVENANCE","historical",FALSE,"MEDIUM",""
"render_module_circular_atlas","pRoteomics","audits/phase6f_output_inventory.csv","244: ""analysis/08_integration/render_module_circular_atlas.R"",""results/reports/10_biological_integration/wgcna_circular_atlas/global/wgcna_circular_atlas_stage13_sel","NAMESPACE_BASENAME","wgcna_circular_atlas","","PROVENANCE","historical",FALSE,"MEDIUM",""
"render_module_circular_atlas","pRoteomics","audits/phase6f_output_inventory.csv","245: ""analysis/08_integration/render_module_circular_atlas.R"",""results/reports/10_biological_integration/wgcna_circular_atlas/global/wgcna_circular_metric_consistenc","NAMESPACE_BASENAME","wgcna_circular_atlas","","PROVENANCE","historical",FALSE,"MEDIUM",""
"render_module_circular_atlas","pRoteomics","audits/phase6f_output_inventory.csv","246: ""analysis/08_integration/render_module_circular_atlas.R"",""results/reports/10_biological_integration/wgcna_circular_atlas/global/wgcna_circular_vs_publication_he","NAMESPACE_BASENAME","wgcna_circular_atlas","","PROVENANCE","historical",FALSE,"MEDIUM",""
"render_module_circular_atlas","pRoteomics","audits/phase6f_output_inventory.csv","247: ""analysis/08_integration/render_module_circular_atlas.R"",""results/reports/10_biological_integration/wgcna_circular_atlas/global/wgcna_module_supermodule_mapping","NAMESPACE_BASENAME","wgcna_circular_atlas","","PROVENANCE","historical",FALSE,"MEDIUM",""
"render_module_circular_atlas","pRoteomics","audits/phase6f_output_inventory.csv","276: ""analysis/08_integration/render_module_circular_atlas.R"",""results/reports/10_biological_integration/wgcna_circular_atlas/global/wgcna_circular_vs_publication_su","NAMESPACE_BASENAME","wgcna_circular_atlas","","PROVENANCE","historical",FALSE,"MEDIUM",""
"render_module_circular_atlas","pRoteomics","audits/phase6f_output_inventory.csv","310: ""analysis/08_integration/render_module_circular_atlas.R"",""results/logs/10_biological_integration/wgcna_circular_atlas/global/run_manifest.yml"",""logs"",""PROVENANC","NAMESPACE_BASENAME","wgcna_circular_atlas","","PROVENANCE","historical",FALSE,"MEDIUM",""
"render_module_circular_atlas","pRoteomics","audits/phase6f_output_inventory.csv","377: ""analysis/08_integration/render_module_circular_atlas.R"",""results/source_data/10_biological_integration/wgcna_circular_atlas/global/"",""source_data"",""PUBLICATION","NAMESPACE_BASENAME","wgcna_circular_atlas","","PROVENANCE","historical",FALSE,"MEDIUM",""
"render_module_circular_atlas","pRoteomics","audits/phase6f_output_inventory.csv","378: ""analysis/08_integration/render_module_circular_atlas.R"",""results/source_data/10_biological_integration/wgcna_circular_atlas/global/wgcna_circular_atlas_plot_so","NAMESPACE_BASENAME","wgcna_circular_atlas","","PROVENANCE","historical",FALSE,"MEDIUM",""
"render_module_circular_atlas","pRoteomics","audits/phase6f_output_inventory.csv","379: ""analysis/08_integration/render_module_circular_atlas.R"",""results/source_data/10_biological_integration/wgcna_circular_atlas/global/wgcna_circular_atlas_segment","NAMESPACE_BASENAME","wgcna_circular_atlas","","PROVENANCE","historical",FALSE,"MEDIUM",""
"render_module_circular_atlas","pRoteomics","audits/phase6f_output_inventory.csv","380: ""analysis/08_integration/render_module_circular_atlas.R"",""results/source_data/10_biological_integration/wgcna_circular_atlas/global/wgcna_circular_heatmap_layou","NAMESPACE_BASENAME","wgcna_circular_atlas","","PROVENANCE","historical",FALSE,"MEDIUM",""
"render_module_circular_atlas","pRoteomics","audits/phase6f_output_inventory.csv","381: ""analysis/08_integration/render_module_circular_atlas.R"",""results/source_data/10_biological_integration/wgcna_circular_atlas/global/wgcna_circular_heatmap_sourc","NAMESPACE_BASENAME","wgcna_circular_atlas","","PROVENANCE","historical",FALSE,"MEDIUM",""
"render_module_circular_atlas","pRoteomics","audits/phase6f_output_inventory.csv","382: ""analysis/08_integration/render_module_circular_atlas.R"",""results/source_data/10_biological_integration/wgcna_circular_atlas/global/wgcna_circular_heatmap_sourc","NAMESPACE_BASENAME","wgcna_circular_atlas","","PROVENANCE","historical",FALSE,"MEDIUM",""
"render_module_circular_atlas","pRoteomics","audits/phase6f_output_inventory.csv","383: ""analysis/08_integration/render_module_circular_atlas.R"",""results/source_data/10_biological_integration/wgcna_circular_atlas/global/wgcna_circular_publication_s","NAMESPACE_BASENAME","wgcna_circular_atlas","","PROVENANCE","historical",FALSE,"MEDIUM",""
"render_module_circular_atlas","pRoteomics","audits/phase6f_output_inventory.csv","384: ""analysis/08_integration/render_module_circular_atlas.R"",""results/source_data/10_biological_integration/wgcna_circular_atlas/global/wgcna_circular_publication_s","NAMESPACE_BASENAME","wgcna_circular_atlas","","PROVENANCE","historical",FALSE,"MEDIUM",""
"render_module_circular_atlas","pRoteomics","audits/phase6f_output_inventory.csv","153: ""analysis/09_publication_exports/build_biological_claims_table.R"",""results/tables/biological_claims_table.csv"",""tables"",""CANONICAL_RESULT"",""build_evidence_prior","NAMESPACE_BASENAME","publication_source_data","","PROVENANCE","historical",FALSE,"MEDIUM",""
"render_module_circular_atlas","pRoteomics","audits/phase6f_output_inventory.csv","154: ""analysis/09_publication_exports/build_biological_claims_table.R"",""results/tables/biological_claims_table.xlsx"",""tables"",""CANONICAL_RESULT"","""",0,FALSE,631905,FA","NAMESPACE_BASENAME","publication_source_data","","PROVENANCE","historical",FALSE,"MEDIUM",""
"render_module_circular_atlas","pRoteomics","audits/phase6f_output_inventory.csv","257: ""analysis/09_publication_exports/build_biological_claims_table.R"",""results/reviewer_audit/microglia_wgcna_overlap_stage13_identity_audit.csv"",""reviewer_audit"",""","NAMESPACE_BASENAME","publication_source_data","","PROVENANCE","historical",FALSE,"MEDIUM",""
"render_module_circular_atlas","pRoteomics","audits/phase6f_output_inventory.csv","274: ""analysis/09_publication_exports/build_biological_claims_table.R"",""results/reviewer_audit/wgcna_stage13_claim_cardinality_audit.csv"",""reviewer_audit"",""DIAGNOSTI","NAMESPACE_BASENAME","publication_source_data","","PROVENANCE","historical",FALSE,"MEDIUM",""
"render_module_circular_atlas","pRoteomics","audits/phase6f_output_inventory.csv","334: ""analysis/02_qc/render_compartment_abundance_figures.R"",""results/source_data/03_qc_exploration/04e_control_compartment_abundance_publication_figures/global/"",""s","NAMESPACE_BASENAME","publication_source_data","","PROVENANCE","historical",FALSE,"MEDIUM",""
"render_module_circular_atlas","pRoteomics","audits/phase6f_output_inventory.csv","335: ""analysis/04_differential_abundance/build_go_program_atlas.R"",""results/source_data/04_differential_expression_enrichment/compareGO_spatial_atlas/source_data_Spa","NAMESPACE_BASENAME","publication_source_data","","PROVENANCE","historical",FALSE,"MEDIUM",""
"render_module_circular_atlas","pRoteomics","audits/phase6f_output_inventory.csv","336: ""analysis/04_differential_abundance/build_go_program_atlas.R"",""results/source_data/04_differential_expression_enrichment/compareGO_spatial_atlas/spatial_atlas_e","NAMESPACE_BASENAME","publication_source_data","","PROVENANCE","historical",FALSE,"MEDIUM",""
"render_module_circular_atlas","pRoteomics","audits/phase6f_output_inventory.csv","337: ""analysis/04_differential_abundance/build_go_program_atlas.R"",""results/source_data/04_differential_expression_enrichment/compareGO_spatial_atlas/sus_res_support","NAMESPACE_BASENAME","publication_source_data","","PROVENANCE","historical",FALSE,"MEDIUM",""
"render_module_circular_atlas","pRoteomics","audits/phase6f_output_inventory.csv","338: ""analysis/04_differential_abundance/validate_control_spatial_identity.R"",""results/source_data/04_differential_expression_enrichment/control_spatial_identity_val","NAMESPACE_BASENAME","publication_source_data","","PROVENANCE","historical",FALSE,"MEDIUM",""
"render_module_circular_atlas","pRoteomics","audits/phase6f_output_inventory.csv","339: ""analysis/04_differential_abundance/compare_external_stress_signatures.R"",""results/source_data/04_differential_expression_enrichment/external_stress_disease_sig","NAMESPACE_BASENAME","publication_source_data","","PROVENANCE","historical",FALSE,"MEDIUM",""
"render_module_circular_atlas","pRoteomics","audits/phase6f_output_inventory.csv","340: ""analysis/04_differential_abundance/audit_stress_response_biology.R"",""results/source_data/04_differential_expression_enrichment/stress_response_biological_audit","NAMESPACE_BASENAME","publication_source_data","","PROVENANCE","historical",FALSE,"MEDIUM",""
"render_module_circular_atlas","pRoteomics","audits/phase6f_output_inventory.csv","341: ""analysis/04_differential_abundance/build_sus_res_dap_atlas.R"",""results/source_data/04_differential_expression_enrichment/sus_res_spatial_dap_atlas/global/"",""so","NAMESPACE_BASENAME","publication_source_data","","PROVENANCE","historical",FALSE,"MEDIUM",""
"render_module_circular_atlas","pRoteomics","audits/phase6f_output_inventory.csv","342: ""analysis/05_wgcna/audit_module_claim_readiness.R"",""results/source_data/06_modules_WGCNA/claim_readiness/microglia/WGCNA_entity_claim_readiness_source.csv"",""sou","NAMESPACE_BASENAME","publication_source_data","","PROVENANCE","historical",FALSE,"MEDIUM",""
"render_module_circular_atlas","pRoteomics","audits/phase6f_output_inventory.csv","343: ""analysis/05_wgcna/build_module_identity_contract.R"",""results/source_data/06_modules_WGCNA/identity_contract/<dataset>/"",""source_data"",""PUBLICATION_EXPORT"","""",0","NAMESPACE_BASENAME","publication_source_data","","PROVENANCE","historical",FALSE,"MEDIUM",""
"render_module_circular_atlas","pRoteomics","audits/phase6f_output_inventory.csv","344: ""analysis/05_wgcna/render_microglia_independence_figures.R"",""results/source_data/06_modules_WGCNA/microglia_neuropil_independence/microglia/"",""source_data"",""PUB","NAMESPACE_BASENAME","publication_source_data","","PROVENANCE","historical",FALSE,"MEDIUM",""
"render_module_circular_atlas","pRoteomics","audits/phase6f_output_inventory.csv","345: ""analysis/05_wgcna/summarize_microglia_roi_specificity.R"",""results/source_data/06_modules_WGCNA/microglia_roi_specificity/microglia/"",""source_data"",""PUBLICATION","NAMESPACE_BASENAME","publication_source_data","","PROVENANCE","historical",FALSE,"MEDIUM",""
"render_module_circular_atlas","pRoteomics","audits/phase6f_output_inventory.csv","346: ""analysis/05_wgcna/summarize_module_complex_architecture.R"",""results/source_data/06_modules_WGCNA/module_complex_architecture/<dataset>/module_complex_architect","NAMESPACE_BASENAME","publication_source_data","","PROVENANCE","historical",FALSE,"MEDIUM",""
"render_module_circular_atlas","pRoteomics","audits/phase6f_output_inventory.csv","347: ""analysis/05_wgcna/audit_module_robustness.R"",""results/source_data/06_modules_WGCNA/module_robustness_sensitivity/<dataset>/module_robustness_sensitivity.csv"",""","NAMESPACE_BASENAME","publication_source_data","","PROVENANCE","historical",FALSE,"MEDIUM",""
"render_module_circular_atlas","pRoteomics","audits/phase6f_output_inventory.csv","348: ""analysis/05_wgcna/render_microglia_module_figures.R"",""results/source_data/06_modules_WGCNA/wgcna_publication_figures_corrected/microglia/corrected_all_supermod","NAMESPACE_BASENAME","publication_source_data","","PROVENANCE","historical",FALSE,"MEDIUM",""
"render_module_circular_atlas","pRoteomics","audits/phase6f_output_inventory.csv","349: ""analysis/05_wgcna/render_microglia_module_figures.R"",""results/source_data/06_modules_WGCNA/wgcna_publication_figures_corrected/microglia/corrected_all_supermod","NAMESPACE_BASENAME","publication_source_data","","PROVENANCE","historical",FALSE,"MEDIUM",""
"render_module_circular_atlas","pRoteomics","audits/phase6f_output_inventory.csv","350: ""analysis/05_wgcna/render_microglia_module_figures.R"",""results/source_data/06_modules_WGCNA/wgcna_publication_figures_corrected/microglia/corrected_all_supermod","NAMESPACE_BASENAME","publication_source_data","","PROVENANCE","historical",FALSE,"MEDIUM",""
"render_module_circular_atlas","pRoteomics","audits/phase6f_output_inventory.csv","351: ""analysis/05_wgcna/render_microglia_module_figures.R"",""results/source_data/06_modules_WGCNA/wgcna_publication_figures_corrected/microglia/corrected_all_supermod","NAMESPACE_BASENAME","publication_source_data","","PROVENANCE","historical",FALSE,"MEDIUM",""
"render_module_circular_atlas","pRoteomics","audits/phase6f_output_inventory.csv","352: ""analysis/05_wgcna/render_microglia_module_figures.R"",""results/source_data/06_modules_WGCNA/wgcna_publication_figures_corrected/microglia/corrected_multi_superm","NAMESPACE_BASENAME","publication_source_data","","PROVENANCE","historical",FALSE,"MEDIUM",""
"render_module_circular_atlas","pRoteomics","audits/phase6f_output_inventory.csv","353: ""analysis/05_wgcna/render_microglia_module_figures.R"",""results/source_data/06_modules_WGCNA/wgcna_publication_figures_corrected/microglia/corrected_supplementar","NAMESPACE_BASENAME","publication_source_data","","PROVENANCE","historical",FALSE,"MEDIUM",""
"render_module_circular_atlas","pRoteomics","audits/phase6f_output_inventory.csv","354: ""analysis/05_wgcna/render_microglia_module_figures.R"",""results/source_data/06_modules_WGCNA/wgcna_publication_figures_corrected/microglia/wgcna_readiness_summar","NAMESPACE_BASENAME","publication_source_data","","PROVENANCE","historical",FALSE,"MEDIUM",""
"render_module_circular_atlas","pRoteomics","audits/phase6f_output_inventory.csv","355: ""analysis/08_integration/test_module_behaviour_coupling.R"",""results/source_data/08_behavior_physio_coupling/module_behavior_coupling/<dataset>/module_behavior_c","NAMESPACE_BASENAME","publication_source_data","","PROVENANCE","historical",FALSE,"MEDIUM",""
"render_module_circular_atlas","pRoteomics","audits/phase6f_output_inventory.csv","356: ""analysis/08_integration/build_cross_compartment_atlas.R"",""results/source_data/10_biological_integration/cross_compartment_program_atlas/global/cross_compartmen","NAMESPACE_BASENAME","publication_source_data","","PROVENANCE","historical",FALSE,"MEDIUM",""
"render_module_circular_atlas","pRoteomics","audits/phase6f_output_inventory.csv","357: ""analysis/08_integration/build_cross_compartment_atlas.R"",""results/source_data/10_biological_integration/cross_compartment_program_atlas/global/cross_compartmen","NAMESPACE_BASENAME","publication_source_data","","PROVENANCE","historical",FALSE,"MEDIUM",""
"render_module_circular_atlas","pRoteomics","audits/phase6f_output_inventory.csv","358: ""analysis/08_integration/build_cross_compartment_atlas.R"",""results/source_data/10_biological_integration/cross_compartment_program_atlas/global/cross_compartmen","NAMESPACE_BASENAME","publication_source_data","","PROVENANCE","historical",FALSE,"MEDIUM",""
"render_module_circular_atlas","pRoteomics","audits/phase6f_output_inventory.csv","359: ""analysis/08_integration/build_evidence_priority_matrix.R"",""results/source_data/10_biological_integration/evidence_priority_matrix/global/evidence_priority_matr","NAMESPACE_BASENAME","publication_source_data","","PROVENANCE","historical",FALSE,"MEDIUM",""
"render_module_circular_atlas","pRoteomics","audits/phase6f_output_inventory.csv","360: ""analysis/08_integration/build_evidence_priority_matrix.R"",""results/source_data/10_biological_integration/final_evidence_bundle/global/"",""source_data"",""PUBLICAT","NAMESPACE_BASENAME","publication_source_data","","PROVENANCE","historical",FALSE,"MEDIUM",""
"render_module_circular_atlas","pRoteomics","audits/phase6f_output_inventory.csv","361: ""analysis/08_integration/test_enrichment_module_concordance.R"",""results/source_data/10_biological_integration/gsea_wgcna_concordance/global/"",""source_data"",""PUB","NAMESPACE_BASENAME","publication_source_data","","PROVENANCE","historical",FALSE,"MEDIUM",""
"render_module_circular_atlas","pRoteomics","audits/phase6f_output_inventory.csv","362: ""analysis/08_integration/summarize_enrichment_module_concordance.R"",""results/source_data/10_biological_integration/gsea_wgcna_concordance_diagnostics/global/"",""","NAMESPACE_BASENAME","publication_source_data","","PROVENANCE","historical",FALSE,"MEDIUM",""
"render_module_circular_atlas","pRoteomics","audits/phase6f_output_inventory.csv","363: ""analysis/08_integration/screen_immunostaining_panel.R"",""results/source_data/10_biological_integration/immunostaining_candidate_panel/candidate_panel_animal_abu","NAMESPACE_BASENAME","publication_source_data","","PROVENANCE","historical",FALSE,"MEDIUM",""
"render_module_circular_atlas","pRoteomics","audits/phase6f_output_inventory.csv","364: ""analysis/08_integration/screen_immunostaining_panel.R"",""results/source_data/10_biological_integration/immunostaining_candidate_panel/candidate_panel_excluded_c","NAMESPACE_BASENAME","publication_source_data","","PROVENANCE","historical",FALSE,"MEDIUM",""
"render_module_circular_atlas","pRoteomics","audits/phase6f_output_inventory.csv","365: ""analysis/08_integration/screen_immunostaining_panel.R"",""results/source_data/10_biological_integration/immunostaining_candidate_panel/candidate_panel_excluded_e","NAMESPACE_BASENAME","publication_source_data","","PROVENANCE","historical",FALSE,"MEDIUM",""
"render_module_circular_atlas","pRoteomics","audits/phase6f_output_inventory.csv","366: ""analysis/08_integration/screen_immunostaining_panel.R"",""results/source_data/10_biological_integration/immunostaining_candidate_panel/candidate_panel_provenance","NAMESPACE_BASENAME","publication_source_data","","PROVENANCE","historical",FALSE,"MEDIUM",""
"render_module_circular_atlas","pRoteomics","audits/phase6f_output_inventory.csv","367: ""analysis/08_integration/screen_immunostaining_panel.R"",""results/source_data/10_biological_integration/immunostaining_candidate_panel/candidate_panel_selection.","NAMESPACE_BASENAME","publication_source_data","","PROVENANCE","historical",FALSE,"MEDIUM",""
"render_module_circular_atlas","pRoteomics","audits/phase6f_output_inventory.csv","368: ""analysis/08_integration/screen_immunostaining_panel.R"",""results/source_data/10_biological_integration/immunostaining_candidate_panel/candidate_panel_sus_res_ef","NAMESPACE_BASENAME","publication_source_data","","PROVENANCE","historical",FALSE,"MEDIUM",""
"render_module_circular_atlas","pRoteomics","audits/phase6f_output_inventory.csv","369: ""analysis/08_integration/screen_immunostaining_separation.R"",""results/source_data/10_biological_integration/immunostaining_separation_screen/separation_candidat","NAMESPACE_BASENAME","publication_source_data","","PROVENANCE","historical",FALSE,"MEDIUM",""
"render_module_circular_atlas","pRoteomics","audits/phase6f_output_inventory.csv","370: ""analysis/08_integration/screen_immunostaining_separation.R"",""results/source_data/10_biological_integration/immunostaining_separation_screen/separation_metrics_","NAMESPACE_BASENAME","publication_source_data","","PROVENANCE","historical",FALSE,"MEDIUM",""
"render_module_circular_atlas","pRoteomics","audits/phase6f_output_inventory.csv","371: ""analysis/08_integration/screen_immunostaining_separation.R"",""results/source_data/10_biological_integration/immunostaining_separation_screen/separation_panel_an","NAMESPACE_BASENAME","publication_source_data","","PROVENANCE","historical",FALSE,"MEDIUM",""
"render_module_circular_atlas","pRoteomics","audits/phase6f_output_inventory.csv","372: ""analysis/08_integration/screen_immunostaining_separation.R"",""results/source_data/10_biological_integration/immunostaining_separation_screen/separation_panel_su","NAMESPACE_BASENAME","publication_source_data","","PROVENANCE","historical",FALSE,"MEDIUM",""
"render_module_circular_atlas","pRoteomics","audits/phase6f_output_inventory.csv","373: ""analysis/08_integration/screen_immunostaining_separation.R"",""results/source_data/10_biological_integration/immunostaining_separation_screen/separation_qualifyi","NAMESPACE_BASENAME","publication_source_data","","PROVENANCE","historical",FALSE,"MEDIUM",""
"render_module_circular_atlas","pRoteomics","audits/phase6f_output_inventory.csv","374: ""analysis/08_integration/screen_immunostaining_separation.R"",""results/source_data/10_biological_integration/immunostaining_separation_screen/separation_screen_p","NAMESPACE_BASENAME","publication_source_data","","PROVENANCE","historical",FALSE,"MEDIUM",""
"render_module_circular_atlas","pRoteomics","audits/phase6f_output_inventory.csv","375: ""analysis/08_integration/summarize_programs_for_manuscript.R"",""results/source_data/10_biological_integration/manuscript_program_summary/global/manuscript_progra","NAMESPACE_BASENAME","publication_source_data","","PROVENANCE","historical",FALSE,"MEDIUM",""
"render_module_circular_atlas","pRoteomics","audits/phase6f_output_inventory.csv","376: ""analysis/08_integration/build_candidate_protein_shortlist.R"",""results/source_data/10_biological_integration/wgcna_candidate_protein_shortlist/<dataset>/"",""sour","NAMESPACE_BASENAME","publication_source_data","","PROVENANCE","historical",FALSE,"MEDIUM",""
"render_module_circular_atlas","pRoteomics","audits/phase6f_output_inventory.csv","377: ""analysis/08_integration/render_module_circular_atlas.R"",""results/source_data/10_biological_integration/wgcna_circular_atlas/global/"",""source_data"",""PUBLICATION","NAMESPACE_BASENAME","publication_source_data","","PROVENANCE","historical",FALSE,"MEDIUM",""
"render_module_circular_atlas","pRoteomics","audits/phase6f_output_inventory.csv","378: ""analysis/08_integration/render_module_circular_atlas.R"",""results/source_data/10_biological_integration/wgcna_circular_atlas/global/wgcna_circular_atlas_plot_so","NAMESPACE_BASENAME","publication_source_data","","PROVENANCE","historical",FALSE,"MEDIUM",""
"render_module_circular_atlas","pRoteomics","audits/phase6f_output_inventory.csv","379: ""analysis/08_integration/render_module_circular_atlas.R"",""results/source_data/10_biological_integration/wgcna_circular_atlas/global/wgcna_circular_atlas_segment","NAMESPACE_BASENAME","publication_source_data","","PROVENANCE","historical",FALSE,"MEDIUM",""
"render_module_circular_atlas","pRoteomics","audits/phase6f_output_inventory.csv","380: ""analysis/08_integration/render_module_circular_atlas.R"",""results/source_data/10_biological_integration/wgcna_circular_atlas/global/wgcna_circular_heatmap_layou","NAMESPACE_BASENAME","publication_source_data","","PROVENANCE","historical",FALSE,"MEDIUM",""
"render_module_circular_atlas","pRoteomics","audits/phase6f_output_inventory.csv","381: ""analysis/08_integration/render_module_circular_atlas.R"",""results/source_data/10_biological_integration/wgcna_circular_atlas/global/wgcna_circular_heatmap_sourc","NAMESPACE_BASENAME","publication_source_data","","PROVENANCE","historical",FALSE,"MEDIUM",""
"render_module_circular_atlas","pRoteomics","audits/phase6f_output_inventory.csv","382: ""analysis/08_integration/render_module_circular_atlas.R"",""results/source_data/10_biological_integration/wgcna_circular_atlas/global/wgcna_circular_heatmap_sourc","NAMESPACE_BASENAME","publication_source_data","","PROVENANCE","historical",FALSE,"MEDIUM",""
"render_module_circular_atlas","pRoteomics","audits/phase6f_output_inventory.csv","383: ""analysis/08_integration/render_module_circular_atlas.R"",""results/source_data/10_biological_integration/wgcna_circular_atlas/global/wgcna_circular_publication_s","NAMESPACE_BASENAME","publication_source_data","","PROVENANCE","historical",FALSE,"MEDIUM",""
"render_module_circular_atlas","pRoteomics","audits/phase6f_output_inventory.csv","384: ""analysis/08_integration/render_module_circular_atlas.R"",""results/source_data/10_biological_integration/wgcna_circular_atlas/global/wgcna_circular_publication_s","NAMESPACE_BASENAME","publication_source_data","","PROVENANCE","historical",FALSE,"MEDIUM",""
"render_module_circular_atlas","pRoteomics","audits/phase6f_output_inventory.csv","385: ""analysis/08_integration/summarize_module_cross_compartment.R"",""results/source_data/10_biological_integration/wgcna_cross_compartment_overview/global/"",""source_","NAMESPACE_BASENAME","publication_source_data","","PROVENANCE","historical",FALSE,"MEDIUM",""
"render_module_circular_atlas","pRoteomics","audits/phase6f_output_inventory.csv","386: ""analysis/08_integration/quantify_candidate_network_position.R"",""results/source_data/10_biological_integration/wgcna_sus_res_network_position/<dataset>/"",""sourc","NAMESPACE_BASENAME","publication_source_data","","PROVENANCE","historical",FALSE,"MEDIUM",""
"render_module_circular_atlas","pRoteomics","audits/phase6f_output_inventory.csv","34: ""analysis/05_wgcna/build_wgcna_modules.R"",""results/tables/06_modules_WGCNA/01_WGCNA/<dataset>/modules/"",""tables"",""CANONICAL_RESULT"",""summarize_marker_detectabil","ANALYSIS_REFERENCE","render_module_circular_atlas","","PROVENANCE","historical",FALSE,"MEDIUM",""
"render_module_circular_atlas","pRoteomics","audits/phase6f_output_inventory.csv","35: ""analysis/05_wgcna/build_wgcna_modules.R"",""results/tables/06_modules_WGCNA/01_WGCNA/<dataset>/supermodules/supermodule_clustering_sensitivity.csv"",""tables"",""CAN","ANALYSIS_REFERENCE","render_module_circular_atlas","","PROVENANCE","historical",FALSE,"MEDIUM",""
"render_module_circular_atlas","pRoteomics","audits/phase6f_output_inventory.csv","36: ""analysis/05_wgcna/build_wgcna_modules.R"",""results/tables/06_modules_WGCNA/01_WGCNA/<dataset>/supermodules/wgcna_module_supermodule_annotation.csv"",""tables"",""CA","ANALYSIS_REFERENCE","render_module_circular_atlas","","PROVENANCE","historical",FALSE,"MEDIUM",""
"render_module_circular_atlas","pRoteomics","audits/phase6f_output_inventory.csv","37: ""analysis/05_wgcna/build_wgcna_modules.R"",""results/tables/06_modules_WGCNA/01_WGCNA/<dataset>/supermodules/wgcna_supermodule_biological_coherence.csv"",""tables"",","ANALYSIS_REFERENCE","render_module_circular_atlas","","PROVENANCE","historical",FALSE,"MEDIUM",""
"render_module_circular_atlas","pRoteomics","audits/phase6f_output_inventory.csv","38: ""analysis/05_wgcna/build_wgcna_modules.R"",""results/tables/06_modules_WGCNA/01_WGCNA/<dataset>/supermodules/wgcna_supermodule_GO_term_support_audit.csv"",""tables""","ANALYSIS_REFERENCE","render_module_circular_atlas","","PROVENANCE","historical",FALSE,"MEDIUM",""
"render_module_circular_atlas","pRoteomics","audits/phase6f_output_inventory.csv","39: ""analysis/05_wgcna/build_wgcna_modules.R"",""results/tables/06_modules_WGCNA/01_WGCNA/<dataset>/supermodules/wgcna_supermodule_summary.csv"",""tables"",""CANONICAL_RE","ANALYSIS_REFERENCE","render_module_circular_atlas","","PROVENANCE","historical",FALSE,"MEDIUM",""
"render_module_circular_atlas","pRoteomics","audits/phase6f_output_inventory.csv","40: ""analysis/05_wgcna/build_wgcna_modules.R"",""results/tables/06_modules_WGCNA/01_WGCNA/<dataset>/supermodules/wgcna_supermodule_validation_summary.csv"",""tables"",""C","ANALYSIS_REFERENCE","render_module_circular_atlas","","PROVENANCE","historical",FALSE,"MEDIUM",""
"render_module_circular_atlas","pRoteomics","audits/phase6f_output_inventory.csv","41: ""analysis/05_wgcna/render_module_go_heatmaps.R"",""results/tables/06_modules_WGCNA/01b_module_supermodule_GO_heatmaps/<dataset>/"",""tables"",""CANONICAL_RESULT"",""bui","ANALYSIS_REFERENCE","render_module_circular_atlas","","PROVENANCE","historical",FALSE,"MEDIUM",""
"render_module_circular_atlas","pRoteomics","audits/phase6f_output_inventory.csv","42: ""analysis/05_wgcna/compare_module_enrichment_overlap.R"",""results/tables/06_modules_WGCNA/04_wgcna_de_gsea_overlap/<dataset>/"",""tables"",""CANONICAL_RESULT"",""summa","ANALYSIS_REFERENCE","render_module_circular_atlas","","PROVENANCE","historical",FALSE,"MEDIUM",""
"render_module_circular_atlas","pRoteomics","audits/phase6f_output_inventory.csv","43: ""analysis/05_wgcna/audit_module_claim_readiness.R"",""results/tables/06_modules_WGCNA/claim_readiness/microglia/WGCNA_entity_claim_readiness.csv"",""tables"",""CANONI","ANALYSIS_REFERENCE","render_module_circular_atlas","","PROVENANCE","historical",FALSE,"MEDIUM",""
"render_module_circular_atlas","pRoteomics","audits/phase6f_output_inventory.csv","44: ""analysis/05_wgcna/build_curated_overlap_programs.R"",""results/tables/06_modules_WGCNA/curated_overlap_programs/global/"",""tables"",""CANONICAL_RESULT"",""build_biolo","ANALYSIS_REFERENCE","render_module_circular_atlas","","PROVENANCE","historical",FALSE,"MEDIUM",""
"render_module_circular_atlas","pRoteomics","audits/phase6f_output_inventory.csv","45: ""analysis/05_wgcna/build_module_identity_contract.R"",""results/tables/06_modules_WGCNA/identity_contract/<dataset>/"",""tables"",""CANONICAL_RESULT"",""test_module_phe","ANALYSIS_REFERENCE","render_module_circular_atlas","","PROVENANCE","historical",FALSE,"MEDIUM",""
"render_module_circular_atlas","pRoteomics","audits/phase6f_output_inventory.csv","46: ""analysis/05_wgcna/summarize_module_interpretation.R"",""results/tables/06_modules_WGCNA/interpretable_summary/<dataset>/WGCNA_final_label_lookup.csv"",""tables"",""C","ANALYSIS_REFERENCE","render_module_circular_atlas","","PROVENANCE","historical",FALSE,"MEDIUM",""
"render_module_circular_atlas","pRoteomics","audits/phase6f_output_inventory.csv","47: ""analysis/05_wgcna/summarize_module_interpretation.R"",""results/tables/06_modules_WGCNA/interpretable_summary/<dataset>/WGCNA_inferential_handoff.csv"",""tables"",""","ANALYSIS_REFERENCE","render_module_circular_atlas","","PROVENANCE","historical",FALSE,"MEDIUM",""
"render_module_circular_atlas","pRoteomics","audits/phase6f_output_inventory.csv","48: ""analysis/05_wgcna/summarize_module_interpretation.R"",""results/tables/06_modules_WGCNA/interpretable_summary/<dataset>/WGCNA_interpretable_summary.xlsx"",""tables","ANALYSIS_REFERENCE","render_module_circular_atlas","","PROVENANCE","historical",FALSE,"MEDIUM",""
"render_module_circular_atlas","pRoteomics","audits/phase6f_output_inventory.csv","49: ""analysis/05_wgcna/summarize_module_interpretation.R"",""results/tables/06_modules_WGCNA/interpretable_summary/<dataset>/WGCNA_label_candidates.csv"",""tables"",""CAN","ANALYSIS_REFERENCE","render_module_circular_atlas","","PROVENANCE","historical",FALSE,"MEDIUM",""
"render_module_circular_atlas","pRoteomics","audits/phase6f_output_inventory.csv","50: ""analysis/05_wgcna/test_microglia_neuropil_independence.R"",""results/tables/06_modules_WGCNA/microglia_neuropil_independence/microglia/microglia_module_neuropil_","ANALYSIS_REFERENCE","render_module_circular_atlas","","PROVENANCE","historical",FALSE,"MEDIUM",""
"render_module_circular_atlas","pRoteomics","audits/phase6f_output_inventory.csv","51: ""analysis/05_wgcna/test_microglia_neuropil_independence.R"",""results/tables/06_modules_WGCNA/microglia_neuropil_independence/microglia/microglia_neuropil_indepen","ANALYSIS_REFERENCE","render_module_circular_atlas","","PROVENANCE","historical",FALSE,"MEDIUM",""
"render_module_circular_atlas","pRoteomics","audits/phase6f_output_inventory.csv","52: ""analysis/05_wgcna/test_microglia_neuropil_independence.R"",""results/tables/06_modules_WGCNA/microglia_neuropil_independence/microglia/WGCNA_module_inferential_h","ANALYSIS_REFERENCE","render_module_circular_atlas","","PROVENANCE","historical",FALSE,"MEDIUM",""
"render_module_circular_atlas","pRoteomics","audits/phase6f_output_inventory.csv","53: ""analysis/05_wgcna/summarize_microglia_roi_specificity.R"",""results/tables/06_modules_WGCNA/microglia_roi_specificity/microglia/"",""tables"",""CANONICAL_RESULT"",""bu","ANALYSIS_REFERENCE","render_module_circular_atlas","","PROVENANCE","historical",FALSE,"MEDIUM",""
"render_module_circular_atlas","pRoteomics","audits/phase6f_output_inventory.csv","54: ""analysis/05_wgcna/annotate_module_microenvironment.R"",""results/tables/06_modules_WGCNA/module_annotation/<dataset>/WGCNA_module_biological_annotation.csv"",""tab","ANALYSIS_REFERENCE","render_module_circular_atlas","","PROVENANCE","historical",FALSE,"MEDIUM",""
"render_module_circular_atlas","pRoteomics","audits/phase6f_output_inventory.csv","55: ""analysis/05_wgcna/annotate_module_microenvironment.R"",""results/tables/06_modules_WGCNA/module_annotation/<dataset>/WGCNA_module_targeted_signature_overlap_deta","ANALYSIS_REFERENCE","render_module_circular_atlas","","PROVENANCE","historical",FALSE,"MEDIUM",""
"render_module_circular_atlas","pRoteomics","audits/phase6f_output_inventory.csv","56: ""analysis/05_wgcna/annotate_module_microenvironment.R"",""results/tables/06_modules_WGCNA/module_annotation/<dataset>/WGCNA_supermodule_biological_annotation.csv""","ANALYSIS_REFERENCE","render_module_circular_atlas","","PROVENANCE","historical",FALSE,"MEDIUM",""
"render_module_circular_atlas","pRoteomics","audits/phase6f_output_inventory.csv","57: ""analysis/05_wgcna/summarize_module_complex_architecture.R"",""results/tables/06_modules_WGCNA/module_complex_architecture/<dataset>/module_complex_architecture.c","ANALYSIS_REFERENCE","render_module_circular_atlas","","PROVENANCE","historical",FALSE,"MEDIUM",""
"render_module_circular_atlas","pRoteomics","audits/phase6f_output_inventory.csv","58: ""analysis/05_wgcna/audit_module_robustness.R"",""results/tables/06_modules_WGCNA/module_robustness_sensitivity/<dataset>/module_robustness_sensitivity.csv"",""table","ANALYSIS_REFERENCE","render_module_circular_atlas","","PROVENANCE","historical",FALSE,"MEDIUM",""
"render_module_circular_atlas","pRoteomics","audits/phase6f_output_inventory.csv","59: ""analysis/05_wgcna/score_module_activity.R"",""results/tables/06_modules_WGCNA/module_score/<dataset>/"",""tables"",""CANONICAL_RESULT"",""summarize_module_scores.R | b","ANALYSIS_REFERENCE","render_module_circular_atlas","","PROVENANCE","historical",FALSE,"MEDIUM",""
"render_module_circular_atlas","pRoteomics","audits/phase6f_output_inventory.csv","60: ""analysis/05_wgcna/summarize_module_scores.R"",""results/tables/06_modules_WGCNA/score_publication_summary/<dataset>/WGCNA_score_publication_validation.csv"",""tabl","ANALYSIS_REFERENCE","render_module_circular_atlas","","PROVENANCE","historical",FALSE,"MEDIUM",""
"render_module_circular_atlas","pRoteomics","audits/phase6f_output_inventory.csv","61: ""analysis/05_wgcna/render_module_figures.R"",""results/tables/06_modules_WGCNA/wgcna_publication_figures/microglia/WGCNA_publication_figure_validation.csv"",""table","ANALYSIS_REFERENCE","render_module_circular_atlas","","PROVENANCE","historical",FALSE,"MEDIUM",""
"render_module_circular_atlas","pRoteomics","audits/phase6f_output_inventory.csv","62: ""analysis/05_wgcna/render_microglia_module_figures.R"",""results/tables/06_modules_WGCNA/wgcna_publication_figures_corrected/microglia/supermodule_group_effects_s","ANALYSIS_REFERENCE","render_module_circular_atlas","","PROVENANCE","historical",FALSE,"MEDIUM",""
"render_module_circular_atlas","pRoteomics","audits/phase6f_output_inventory.csv","63: ""analysis/05_wgcna/render_microglia_module_figures.R"",""results/tables/06_modules_WGCNA/wgcna_publication_figures_corrected/microglia/WGCNA_corrected_publication","ANALYSIS_REFERENCE","render_module_circular_atlas","","PROVENANCE","historical",FALSE,"MEDIUM",""
"render_module_circular_atlas","pRoteomics","audits/phase6f_output_inventory.csv","76: ""analysis/08_integration/build_evidence_priority_matrix.R"",""results/tables/10_biological_integration/evidence_priority_matrix/global/evidence_priority_matrix.cs","ANALYSIS_REFERENCE","render_module_circular_atlas","","PROVENANCE","historical",FALSE,"MEDIUM",""
"render_module_circular_atlas","pRoteomics","audits/phase6f_output_inventory.csv","92: ""analysis/08_integration/render_module_circular_atlas.R"",""results/tables/10_biological_integration/wgcna_circular_atlas/global/wgcna_circular_atlas_metrics.csv""","ANALYSIS_REFERENCE","render_module_circular_atlas","","PROVENANCE","historical",FALSE,"MEDIUM",""
"render_module_circular_atlas","pRoteomics","audits/phase6f_output_inventory.csv","153: ""analysis/09_publication_exports/build_biological_claims_table.R"",""results/tables/biological_claims_table.csv"",""tables"",""CANONICAL_RESULT"",""build_evidence_prior","ANALYSIS_REFERENCE","render_module_circular_atlas","","PROVENANCE","historical",FALSE,"MEDIUM",""
"render_module_circular_atlas","pRoteomics","audits/phase6f_output_inventory.csv","200: ""analysis/08_integration/render_module_circular_atlas.R"",""results/figures/10_biological_integration/wgcna_circular_atlas/global/"",""figures"",""DIAGNOSTIC"","""",0,FA","ANALYSIS_REFERENCE","render_module_circular_atlas","","PROVENANCE","historical",FALSE,"MEDIUM",""
"render_module_circular_atlas","pRoteomics","audits/phase6f_output_inventory.csv","201: ""analysis/08_integration/render_module_circular_atlas.R"",""results/figures/10_biological_integration/wgcna_circular_atlas/global/wgcna_circular_atlas_main.pdf"",""","ANALYSIS_REFERENCE","render_module_circular_atlas","","PROVENANCE","historical",FALSE,"MEDIUM",""
"render_module_circular_atlas","pRoteomics","audits/phase6f_output_inventory.csv","202: ""analysis/08_integration/render_module_circular_atlas.R"",""results/figures/10_biological_integration/wgcna_circular_atlas/global/wgcna_circular_atlas_main.svg"",""","ANALYSIS_REFERENCE","render_module_circular_atlas","","PROVENANCE","historical",FALSE,"MEDIUM",""
"render_module_circular_atlas","pRoteomics","audits/phase6f_output_inventory.csv","203: ""analysis/08_integration/render_module_circular_atlas.R"",""results/figures/10_biological_integration/wgcna_circular_atlas/global/wgcna_circular_atlas_selected_on","ANALYSIS_REFERENCE","render_module_circular_atlas","","PROVENANCE","historical",FALSE,"MEDIUM",""
"render_module_circular_atlas","pRoteomics","audits/phase6f_output_inventory.csv","204: ""analysis/08_integration/render_module_circular_atlas.R"",""results/figures/10_biological_integration/wgcna_circular_atlas/global/wgcna_circular_atlas_selected_on","ANALYSIS_REFERENCE","render_module_circular_atlas","","PROVENANCE","historical",FALSE,"MEDIUM",""
"render_module_circular_atlas","pRoteomics","audits/phase6f_output_inventory.csv","205: ""analysis/08_integration/render_module_circular_atlas.R"",""results/figures/10_biological_integration/wgcna_circular_atlas/global/wgcna_circular_heatmap_all_datas","ANALYSIS_REFERENCE","render_module_circular_atlas","","PROVENANCE","historical",FALSE,"MEDIUM",""
"render_module_circular_atlas","pRoteomics","audits/phase6f_output_inventory.csv","206: ""analysis/08_integration/render_module_circular_atlas.R"",""results/figures/10_biological_integration/wgcna_circular_atlas/global/wgcna_circular_heatmap_all_datas","ANALYSIS_REFERENCE","render_module_circular_atlas","","PROVENANCE","historical",FALSE,"MEDIUM",""
"render_module_circular_atlas","pRoteomics","audits/phase6f_output_inventory.csv","207: ""analysis/08_integration/render_module_circular_atlas.R"",""results/figures/10_biological_integration/wgcna_circular_atlas/global/wgcna_circular_heatmap_microglia","ANALYSIS_REFERENCE","render_module_circular_atlas","","PROVENANCE","historical",FALSE,"MEDIUM",""
"render_module_circular_atlas","pRoteomics","audits/phase6f_output_inventory.csv","208: ""analysis/08_integration/render_module_circular_atlas.R"",""results/figures/10_biological_integration/wgcna_circular_atlas/global/wgcna_circular_heatmap_microglia","ANALYSIS_REFERENCE","render_module_circular_atlas","","PROVENANCE","historical",FALSE,"MEDIUM",""
"render_module_circular_atlas","pRoteomics","audits/phase6f_output_inventory.csv","209: ""analysis/08_integration/render_module_circular_atlas.R"",""results/figures/10_biological_integration/wgcna_circular_atlas/global/wgcna_circular_heatmap_neuron_ne","ANALYSIS_REFERENCE","render_module_circular_atlas","","PROVENANCE","historical",FALSE,"MEDIUM",""
"render_module_circular_atlas","pRoteomics","audits/phase6f_output_inventory.csv","210: ""analysis/08_integration/render_module_circular_atlas.R"",""results/figures/10_biological_integration/wgcna_circular_atlas/global/wgcna_circular_heatmap_neuron_ne","ANALYSIS_REFERENCE","render_module_circular_atlas","","PROVENANCE","historical",FALSE,"MEDIUM",""
"render_module_circular_atlas","pRoteomics","audits/phase6f_output_inventory.csv","211: ""analysis/08_integration/render_module_circular_atlas.R"",""results/figures/10_biological_integration/wgcna_circular_atlas/global/wgcna_circular_heatmap_neuron_so","ANALYSIS_REFERENCE","render_module_circular_atlas","","PROVENANCE","historical",FALSE,"MEDIUM",""
"render_module_circular_atlas","pRoteomics","audits/phase6f_output_inventory.csv","212: ""analysis/08_integration/render_module_circular_atlas.R"",""results/figures/10_biological_integration/wgcna_circular_atlas/global/wgcna_circular_heatmap_neuron_so","ANALYSIS_REFERENCE","render_module_circular_atlas","","PROVENANCE","historical",FALSE,"MEDIUM",""
"render_module_circular_atlas","pRoteomics","audits/phase6f_output_inventory.csv","213: ""analysis/08_integration/render_module_circular_atlas.R"",""results/figures/10_biological_integration/wgcna_circular_atlas/global/wgcna_circular_publication_super","ANALYSIS_REFERENCE","render_module_circular_atlas","","PROVENANCE","historical",FALSE,"MEDIUM",""
"render_module_circular_atlas","pRoteomics","audits/phase6f_output_inventory.csv","214: ""analysis/08_integration/render_module_circular_atlas.R"",""results/figures/10_biological_integration/wgcna_circular_atlas/global/wgcna_circular_publication_super","ANALYSIS_REFERENCE","render_module_circular_atlas","","PROVENANCE","historical",FALSE,"MEDIUM",""
"render_module_circular_atlas","pRoteomics","audits/phase6f_output_inventory.csv","215: ""analysis/08_integration/render_module_circular_atlas.R"",""results/figures/10_biological_integration/wgcna_circular_atlas/global/wgcna_circular_publication_super","ANALYSIS_REFERENCE","render_module_circular_atlas","","PROVENANCE","historical",FALSE,"MEDIUM",""
"render_module_circular_atlas","pRoteomics","audits/phase6f_output_inventory.csv","216: ""analysis/08_integration/render_module_circular_atlas.R"",""results/figures/10_biological_integration/wgcna_circular_atlas/global/wgcna_circular_publication_super","ANALYSIS_REFERENCE","render_module_circular_atlas","","PROVENANCE","historical",FALSE,"MEDIUM",""
"render_module_circular_atlas","pRoteomics","audits/phase6f_output_inventory.csv","217: ""analysis/08_integration/render_module_circular_atlas.R"",""results/figures/10_biological_integration/wgcna_circular_atlas/global/wgcna_circular_publication_super","ANALYSIS_REFERENCE","render_module_circular_atlas","","PROVENANCE","historical",FALSE,"MEDIUM",""
"render_module_circular_atlas","pRoteomics","audits/phase6f_output_inventory.csv","218: ""analysis/08_integration/render_module_circular_atlas.R"",""results/figures/10_biological_integration/wgcna_circular_atlas/global/wgcna_circular_publication_super","ANALYSIS_REFERENCE","render_module_circular_atlas","","PROVENANCE","historical",FALSE,"MEDIUM",""
"render_module_circular_atlas","pRoteomics","audits/phase6f_output_inventory.csv","219: ""analysis/08_integration/render_module_circular_atlas.R"",""results/figures/10_biological_integration/wgcna_circular_atlas/global/wgcna_circular_publication_super","ANALYSIS_REFERENCE","render_module_circular_atlas","","PROVENANCE","historical",FALSE,"MEDIUM",""
"render_module_circular_atlas","pRoteomics","audits/phase6f_output_inventory.csv","220: ""analysis/08_integration/render_module_circular_atlas.R"",""results/figures/10_biological_integration/wgcna_circular_atlas/global/wgcna_circular_publication_super","ANALYSIS_REFERENCE","render_module_circular_atlas","","PROVENANCE","historical",FALSE,"MEDIUM",""
"render_module_circular_atlas","pRoteomics","audits/phase6f_output_inventory.csv","221: ""analysis/08_integration/render_module_circular_atlas.R"",""results/figures/10_biological_integration/wgcna_circular_atlas/global/wgcna_region_layer_heatmap_all_m","ANALYSIS_REFERENCE","render_module_circular_atlas","","PROVENANCE","historical",FALSE,"MEDIUM",""
"render_module_circular_atlas","pRoteomics","audits/phase6f_output_inventory.csv","222: ""analysis/08_integration/render_module_circular_atlas.R"",""results/figures/10_biological_integration/wgcna_circular_atlas/global/wgcna_region_layer_heatmap_all_m","ANALYSIS_REFERENCE","render_module_circular_atlas","","PROVENANCE","historical",FALSE,"MEDIUM",""
"render_module_circular_atlas","pRoteomics","audits/phase6f_output_inventory.csv","243: ""analysis/08_integration/render_module_circular_atlas.R"",""results/reports/10_biological_integration/wgcna_circular_atlas/global/wgcna_circular_atlas_input_statu","ANALYSIS_REFERENCE","render_module_circular_atlas","","PROVENANCE","historical",FALSE,"MEDIUM",""
"render_module_circular_atlas","pRoteomics","audits/phase6f_output_inventory.csv","244: ""analysis/08_integration/render_module_circular_atlas.R"",""results/reports/10_biological_integration/wgcna_circular_atlas/global/wgcna_circular_atlas_stage13_sel","ANALYSIS_REFERENCE","render_module_circular_atlas","","PROVENANCE","historical",FALSE,"MEDIUM",""
"render_module_circular_atlas","pRoteomics","audits/phase6f_output_inventory.csv","245: ""analysis/08_integration/render_module_circular_atlas.R"",""results/reports/10_biological_integration/wgcna_circular_atlas/global/wgcna_circular_metric_consistenc","ANALYSIS_REFERENCE","render_module_circular_atlas","","PROVENANCE","historical",FALSE,"MEDIUM",""
"render_module_circular_atlas","pRoteomics","audits/phase6f_output_inventory.csv","246: ""analysis/08_integration/render_module_circular_atlas.R"",""results/reports/10_biological_integration/wgcna_circular_atlas/global/wgcna_circular_vs_publication_he","ANALYSIS_REFERENCE","render_module_circular_atlas","","PROVENANCE","historical",FALSE,"MEDIUM",""
"render_module_circular_atlas","pRoteomics","audits/phase6f_output_inventory.csv","247: ""analysis/08_integration/render_module_circular_atlas.R"",""results/reports/10_biological_integration/wgcna_circular_atlas/global/wgcna_module_supermodule_mapping","ANALYSIS_REFERENCE","render_module_circular_atlas","","PROVENANCE","historical",FALSE,"MEDIUM",""
"render_module_circular_atlas","pRoteomics","audits/phase6f_output_inventory.csv","276: ""analysis/08_integration/render_module_circular_atlas.R"",""results/reports/10_biological_integration/wgcna_circular_atlas/global/wgcna_circular_vs_publication_su","ANALYSIS_REFERENCE","render_module_circular_atlas","","PROVENANCE","historical",FALSE,"MEDIUM",""
"render_module_circular_atlas","pRoteomics","audits/phase6f_output_inventory.csv","310: ""analysis/08_integration/render_module_circular_atlas.R"",""results/logs/10_biological_integration/wgcna_circular_atlas/global/run_manifest.yml"",""logs"",""PROVENANC","ANALYSIS_REFERENCE","render_module_circular_atlas","","PROVENANCE","historical",FALSE,"MEDIUM",""
"render_module_circular_atlas","pRoteomics","audits/phase6f_output_inventory.csv","377: ""analysis/08_integration/render_module_circular_atlas.R"",""results/source_data/10_biological_integration/wgcna_circular_atlas/global/"",""source_data"",""PUBLICATION","ANALYSIS_REFERENCE","render_module_circular_atlas","","PROVENANCE","historical",FALSE,"MEDIUM",""
"render_module_circular_atlas","pRoteomics","audits/phase6f_output_inventory.csv","378: ""analysis/08_integration/render_module_circular_atlas.R"",""results/source_data/10_biological_integration/wgcna_circular_atlas/global/wgcna_circular_atlas_plot_so","ANALYSIS_REFERENCE","render_module_circular_atlas","","PROVENANCE","historical",FALSE,"MEDIUM",""
"render_module_circular_atlas","pRoteomics","audits/phase6f_output_inventory.csv","379: ""analysis/08_integration/render_module_circular_atlas.R"",""results/source_data/10_biological_integration/wgcna_circular_atlas/global/wgcna_circular_atlas_segment","ANALYSIS_REFERENCE","render_module_circular_atlas","","PROVENANCE","historical",FALSE,"MEDIUM",""
"render_module_circular_atlas","pRoteomics","audits/phase6f_output_inventory.csv","380: ""analysis/08_integration/render_module_circular_atlas.R"",""results/source_data/10_biological_integration/wgcna_circular_atlas/global/wgcna_circular_heatmap_layou","ANALYSIS_REFERENCE","render_module_circular_atlas","","PROVENANCE","historical",FALSE,"MEDIUM",""
"render_module_circular_atlas","pRoteomics","audits/phase6f_output_inventory.csv","381: ""analysis/08_integration/render_module_circular_atlas.R"",""results/source_data/10_biological_integration/wgcna_circular_atlas/global/wgcna_circular_heatmap_sourc","ANALYSIS_REFERENCE","render_module_circular_atlas","","PROVENANCE","historical",FALSE,"MEDIUM",""
"render_module_circular_atlas","pRoteomics","audits/phase6f_output_inventory.csv","382: ""analysis/08_integration/render_module_circular_atlas.R"",""results/source_data/10_biological_integration/wgcna_circular_atlas/global/wgcna_circular_heatmap_sourc","ANALYSIS_REFERENCE","render_module_circular_atlas","","PROVENANCE","historical",FALSE,"MEDIUM",""
"render_module_circular_atlas","pRoteomics","audits/phase6f_output_inventory.csv","383: ""analysis/08_integration/render_module_circular_atlas.R"",""results/source_data/10_biological_integration/wgcna_circular_atlas/global/wgcna_circular_publication_s","ANALYSIS_REFERENCE","render_module_circular_atlas","","PROVENANCE","historical",FALSE,"MEDIUM",""
"render_module_circular_atlas","pRoteomics","audits/phase6f_output_inventory.csv","384: ""analysis/08_integration/render_module_circular_atlas.R"",""results/source_data/10_biological_integration/wgcna_circular_atlas/global/wgcna_circular_publication_s","ANALYSIS_REFERENCE","render_module_circular_atlas","","PROVENANCE","historical",FALSE,"MEDIUM",""
"render_module_circular_atlas","pRoteomics","audits/phase6f_output_inventory.csv","388: ""analysis/05_wgcna/test_module_phenotypes.R"",""results/tables/06_modules_WGCNA/group_effects/<dataset>/all_supermodule_eigengene_group_values.csv"",""tables"",""PUBL","ANALYSIS_REFERENCE","render_module_circular_atlas","","PROVENANCE","historical",FALSE,"MEDIUM",""
"render_module_circular_atlas","pRoteomics","audits/phase6f_output_inventory.csv","389: ""analysis/05_wgcna/test_module_phenotypes.R"",""results/tables/06_modules_WGCNA/group_effects/<dataset>/all_supermodule_eigengene_spatial_group_values.csv"",""table","ANALYSIS_REFERENCE","render_module_circular_atlas","","PROVENANCE","historical",FALSE,"MEDIUM",""
"render_module_circular_atlas","pRoteomics","audits/phase6f_output_inventory.csv","390: ""analysis/05_wgcna/test_module_phenotypes.R"",""results/tables/06_modules_WGCNA/group_effects/<dataset>/module_group_effects.csv"",""tables"",""PUBLICATION_EXPORT"",""b","ANALYSIS_REFERENCE","render_module_circular_atlas","","PROVENANCE","historical",FALSE,"MEDIUM",""
"render_module_circular_atlas","pRoteomics","audits/phase6f_output_inventory.csv","391: ""analysis/05_wgcna/test_module_phenotypes.R"",""results/tables/06_modules_WGCNA/group_effects/<dataset>/supermodule_composition.csv"",""tables"",""PUBLICATION_EXPORT""","ANALYSIS_REFERENCE","render_module_circular_atlas","","PROVENANCE","historical",FALSE,"MEDIUM",""
"render_module_circular_atlas","pRoteomics","audits/phase6f_output_inventory.csv","392: ""analysis/05_wgcna/test_module_phenotypes.R"",""results/tables/06_modules_WGCNA/group_effects/<dataset>/supermodule_group_effects.csv"",""tables"",""PUBLICATION_EXPOR","ANALYSIS_REFERENCE","render_module_circular_atlas","","PROVENANCE","historical",FALSE,"MEDIUM",""
"render_module_circular_atlas","pRoteomics","audits/phase6f_output_inventory.csv","393: ""analysis/05_wgcna/test_module_phenotypes.R"",""results/tables/06_modules_WGCNA/group_effects/<dataset>/supermodule_pca_eigenvalues.csv"",""tables"",""PUBLICATION_EXP","ANALYSIS_REFERENCE","render_module_circular_atlas","","PROVENANCE","historical",FALSE,"MEDIUM",""
"render_module_circular_atlas","pRoteomics","audits/phase6f_output_inventory.csv","394: ""analysis/05_wgcna/test_module_phenotypes.R"",""results/tables/06_modules_WGCNA/group_effects/<dataset>/supermodule_pca_input_audit.csv"",""tables"",""PUBLICATION_EXP","ANALYSIS_REFERENCE","render_module_circular_atlas","","PROVENANCE","historical",FALSE,"MEDIUM",""
"render_module_circular_atlas","pRoteomics","audits/phase6f_output_inventory.csv","395: ""analysis/05_wgcna/test_module_phenotypes.R"",""results/tables/06_modules_WGCNA/group_effects/<dataset>/supermodule_pca_member_loadings.csv"",""tables"",""PUBLICATION","ANALYSIS_REFERENCE","render_module_circular_atlas","","PROVENANCE","historical",FALSE,"MEDIUM",""
"render_module_circular_atlas","pRoteomics","audits/phase6f_output_inventory.csv","396: ""analysis/05_wgcna/test_module_phenotypes.R"",""results/tables/06_modules_WGCNA/group_effects/<dataset>/WGCNA_group_effect_animal_spatial_unit_values.csv"",""tables","ANALYSIS_REFERENCE","render_module_circular_atlas","","PROVENANCE","historical",FALSE,"MEDIUM",""
"render_module_circular_atlas","pRoteomics","audits/phase6f_output_inventory.csv","397: ""analysis/05_wgcna/test_module_phenotypes.R"",""results/tables/06_modules_WGCNA/group_effects/<dataset>/WGCNA_group_effect_contract_status.csv"",""tables"",""PUBLICAT","ANALYSIS_REFERENCE","render_module_circular_atlas","","PROVENANCE","historical",FALSE,"MEDIUM",""
"render_module_circular_atlas","pRoteomics","audits/phase6f_output_inventory.csv","398: ""analysis/05_wgcna/test_module_phenotypes.R"",""results/tables/06_modules_WGCNA/group_effects/<dataset>/WGCNA_group_effect_downstream_consumer_migration_audit.csv","ANALYSIS_REFERENCE","render_module_circular_atlas","","PROVENANCE","historical",FALSE,"MEDIUM",""
"render_module_circular_atlas","pRoteomics","audits/phase6f_output_inventory.csv","399: ""analysis/05_wgcna/test_module_phenotypes.R"",""results/tables/06_modules_WGCNA/group_effects/<dataset>/WGCNA_group_effect_endpoint_provenance.csv"",""tables"",""PUBL","ANALYSIS_REFERENCE","render_module_circular_atlas","","PROVENANCE","historical",FALSE,"MEDIUM",""
"render_module_circular_atlas","pRoteomics","audits/phase6f_output_inventory.csv","400: ""analysis/05_wgcna/test_module_phenotypes.R"",""results/tables/06_modules_WGCNA/group_effects/<dataset>/WGCNA_group_effect_hemisphere_values.csv"",""tables"",""PUBLIC","ANALYSIS_REFERENCE","render_module_circular_atlas","","PROVENANCE","historical",FALSE,"MEDIUM",""
"render_module_circular_atlas","pRoteomics","audits/phase6f_output_inventory.csv","401: ""analysis/05_wgcna/test_module_phenotypes.R"",""results/tables/06_modules_WGCNA/group_effects/<dataset>/WGCNA_group_effect_interaction_conditional_followup.csv"",""","ANALYSIS_REFERENCE","render_module_circular_atlas","","PROVENANCE","historical",FALSE,"MEDIUM",""
"render_module_circular_atlas","pRoteomics","audits/phase6f_output_inventory.csv","402: ""analysis/05_wgcna/test_module_phenotypes.R"",""results/tables/06_modules_WGCNA/group_effects/<dataset>/WGCNA_group_effect_left_right_concordance.csv"",""tables"",""P","ANALYSIS_REFERENCE","render_module_circular_atlas","","PROVENANCE","historical",FALSE,"MEDIUM",""
"render_module_circular_atlas","pRoteomics","audits/phase6f_output_inventory.csv","403: ""analysis/05_wgcna/test_module_phenotypes.R"",""results/tables/06_modules_WGCNA/group_effects/<dataset>/WGCNA_group_effect_legacy_output_staleness_audit.csv"",""tab","ANALYSIS_REFERENCE","render_module_circular_atlas","","PROVENANCE","historical",FALSE,"MEDIUM",""
"render_module_circular_atlas","pRoteomics","audits/phase6f_output_inventory.csv","404: ""analysis/05_wgcna/test_module_phenotypes.R"",""results/tables/06_modules_WGCNA/group_effects/<dataset>/WGCNA_group_effect_model_validation.csv"",""tables"",""PUBLICA","ANALYSIS_REFERENCE","render_module_circular_atlas","","PROVENANCE","historical",FALSE,"MEDIUM",""
"render_module_circular_atlas","pRoteomics","audits/phase6f_output_inventory.csv","405: ""analysis/05_wgcna/test_module_phenotypes.R"",""results/tables/06_modules_WGCNA/group_effects/<dataset>/WGCNA_group_effect_sample_inclusion_audit.csv"",""tables"",""P","ANALYSIS_REFERENCE","render_module_circular_atlas","","PROVENANCE","historical",FALSE,"MEDIUM",""
"render_module_circular_atlas","pRoteomics","audits/phase6f_output_inventory.csv","406: ""analysis/05_wgcna/test_module_phenotypes.R"",""results/tables/06_modules_WGCNA/group_effects/<dataset>/WGCNA_group_effect_sensitivity.csv"",""tables"",""PUBLICATION_","ANALYSIS_REFERENCE","render_module_circular_atlas","","PROVENANCE","historical",FALSE,"MEDIUM",""
"render_module_circular_atlas","pRoteomics","audits/phase6f_output_inventory.csv","34: ""analysis/05_wgcna/build_wgcna_modules.R"",""results/tables/06_modules_WGCNA/01_WGCNA/<dataset>/modules/"",""tables"",""CANONICAL_RESULT"",""summarize_marker_detectabil","ANALYSIS_REFERENCE","render_module_circular_atlas.R","","PROVENANCE","historical",FALSE,"MEDIUM",""
"render_module_circular_atlas","pRoteomics","audits/phase6f_output_inventory.csv","35: ""analysis/05_wgcna/build_wgcna_modules.R"",""results/tables/06_modules_WGCNA/01_WGCNA/<dataset>/supermodules/supermodule_clustering_sensitivity.csv"",""tables"",""CAN","ANALYSIS_REFERENCE","render_module_circular_atlas.R","","PROVENANCE","historical",FALSE,"MEDIUM",""
"render_module_circular_atlas","pRoteomics","audits/phase6f_output_inventory.csv","36: ""analysis/05_wgcna/build_wgcna_modules.R"",""results/tables/06_modules_WGCNA/01_WGCNA/<dataset>/supermodules/wgcna_module_supermodule_annotation.csv"",""tables"",""CA","ANALYSIS_REFERENCE","render_module_circular_atlas.R","","PROVENANCE","historical",FALSE,"MEDIUM",""
"render_module_circular_atlas","pRoteomics","audits/phase6f_output_inventory.csv","37: ""analysis/05_wgcna/build_wgcna_modules.R"",""results/tables/06_modules_WGCNA/01_WGCNA/<dataset>/supermodules/wgcna_supermodule_biological_coherence.csv"",""tables"",","ANALYSIS_REFERENCE","render_module_circular_atlas.R","","PROVENANCE","historical",FALSE,"MEDIUM",""
"render_module_circular_atlas","pRoteomics","audits/phase6f_output_inventory.csv","38: ""analysis/05_wgcna/build_wgcna_modules.R"",""results/tables/06_modules_WGCNA/01_WGCNA/<dataset>/supermodules/wgcna_supermodule_GO_term_support_audit.csv"",""tables""","ANALYSIS_REFERENCE","render_module_circular_atlas.R","","PROVENANCE","historical",FALSE,"MEDIUM",""
"render_module_circular_atlas","pRoteomics","audits/phase6f_output_inventory.csv","39: ""analysis/05_wgcna/build_wgcna_modules.R"",""results/tables/06_modules_WGCNA/01_WGCNA/<dataset>/supermodules/wgcna_supermodule_summary.csv"",""tables"",""CANONICAL_RE","ANALYSIS_REFERENCE","render_module_circular_atlas.R","","PROVENANCE","historical",FALSE,"MEDIUM",""
"render_module_circular_atlas","pRoteomics","audits/phase6f_output_inventory.csv","40: ""analysis/05_wgcna/build_wgcna_modules.R"",""results/tables/06_modules_WGCNA/01_WGCNA/<dataset>/supermodules/wgcna_supermodule_validation_summary.csv"",""tables"",""C","ANALYSIS_REFERENCE","render_module_circular_atlas.R","","PROVENANCE","historical",FALSE,"MEDIUM",""
"render_module_circular_atlas","pRoteomics","audits/phase6f_output_inventory.csv","41: ""analysis/05_wgcna/render_module_go_heatmaps.R"",""results/tables/06_modules_WGCNA/01b_module_supermodule_GO_heatmaps/<dataset>/"",""tables"",""CANONICAL_RESULT"",""bui","ANALYSIS_REFERENCE","render_module_circular_atlas.R","","PROVENANCE","historical",FALSE,"MEDIUM",""
"render_module_circular_atlas","pRoteomics","audits/phase6f_output_inventory.csv","42: ""analysis/05_wgcna/compare_module_enrichment_overlap.R"",""results/tables/06_modules_WGCNA/04_wgcna_de_gsea_overlap/<dataset>/"",""tables"",""CANONICAL_RESULT"",""summa","ANALYSIS_REFERENCE","render_module_circular_atlas.R","","PROVENANCE","historical",FALSE,"MEDIUM",""
"render_module_circular_atlas","pRoteomics","audits/phase6f_output_inventory.csv","43: ""analysis/05_wgcna/audit_module_claim_readiness.R"",""results/tables/06_modules_WGCNA/claim_readiness/microglia/WGCNA_entity_claim_readiness.csv"",""tables"",""CANONI","ANALYSIS_REFERENCE","render_module_circular_atlas.R","","PROVENANCE","historical",FALSE,"MEDIUM",""
"render_module_circular_atlas","pRoteomics","audits/phase6f_output_inventory.csv","44: ""analysis/05_wgcna/build_curated_overlap_programs.R"",""results/tables/06_modules_WGCNA/curated_overlap_programs/global/"",""tables"",""CANONICAL_RESULT"",""build_biolo","ANALYSIS_REFERENCE","render_module_circular_atlas.R","","PROVENANCE","historical",FALSE,"MEDIUM",""
"render_module_circular_atlas","pRoteomics","audits/phase6f_output_inventory.csv","45: ""analysis/05_wgcna/build_module_identity_contract.R"",""results/tables/06_modules_WGCNA/identity_contract/<dataset>/"",""tables"",""CANONICAL_RESULT"",""test_module_phe","ANALYSIS_REFERENCE","render_module_circular_atlas.R","","PROVENANCE","historical",FALSE,"MEDIUM",""
"render_module_circular_atlas","pRoteomics","audits/phase6f_output_inventory.csv","46: ""analysis/05_wgcna/summarize_module_interpretation.R"",""results/tables/06_modules_WGCNA/interpretable_summary/<dataset>/WGCNA_final_label_lookup.csv"",""tables"",""C","ANALYSIS_REFERENCE","render_module_circular_atlas.R","","PROVENANCE","historical",FALSE,"MEDIUM",""
"render_module_circular_atlas","pRoteomics","audits/phase6f_output_inventory.csv","47: ""analysis/05_wgcna/summarize_module_interpretation.R"",""results/tables/06_modules_WGCNA/interpretable_summary/<dataset>/WGCNA_inferential_handoff.csv"",""tables"",""","ANALYSIS_REFERENCE","render_module_circular_atlas.R","","PROVENANCE","historical",FALSE,"MEDIUM",""
"render_module_circular_atlas","pRoteomics","audits/phase6f_output_inventory.csv","48: ""analysis/05_wgcna/summarize_module_interpretation.R"",""results/tables/06_modules_WGCNA/interpretable_summary/<dataset>/WGCNA_interpretable_summary.xlsx"",""tables","ANALYSIS_REFERENCE","render_module_circular_atlas.R","","PROVENANCE","historical",FALSE,"MEDIUM",""
"render_module_circular_atlas","pRoteomics","audits/phase6f_output_inventory.csv","49: ""analysis/05_wgcna/summarize_module_interpretation.R"",""results/tables/06_modules_WGCNA/interpretable_summary/<dataset>/WGCNA_label_candidates.csv"",""tables"",""CAN","ANALYSIS_REFERENCE","render_module_circular_atlas.R","","PROVENANCE","historical",FALSE,"MEDIUM",""
"render_module_circular_atlas","pRoteomics","audits/phase6f_output_inventory.csv","50: ""analysis/05_wgcna/test_microglia_neuropil_independence.R"",""results/tables/06_modules_WGCNA/microglia_neuropil_independence/microglia/microglia_module_neuropil_","ANALYSIS_REFERENCE","render_module_circular_atlas.R","","PROVENANCE","historical",FALSE,"MEDIUM",""
"render_module_circular_atlas","pRoteomics","audits/phase6f_output_inventory.csv","51: ""analysis/05_wgcna/test_microglia_neuropil_independence.R"",""results/tables/06_modules_WGCNA/microglia_neuropil_independence/microglia/microglia_neuropil_indepen","ANALYSIS_REFERENCE","render_module_circular_atlas.R","","PROVENANCE","historical",FALSE,"MEDIUM",""
"render_module_circular_atlas","pRoteomics","audits/phase6f_output_inventory.csv","52: ""analysis/05_wgcna/test_microglia_neuropil_independence.R"",""results/tables/06_modules_WGCNA/microglia_neuropil_independence/microglia/WGCNA_module_inferential_h","ANALYSIS_REFERENCE","render_module_circular_atlas.R","","PROVENANCE","historical",FALSE,"MEDIUM",""
"render_module_circular_atlas","pRoteomics","audits/phase6f_output_inventory.csv","53: ""analysis/05_wgcna/summarize_microglia_roi_specificity.R"",""results/tables/06_modules_WGCNA/microglia_roi_specificity/microglia/"",""tables"",""CANONICAL_RESULT"",""bu","ANALYSIS_REFERENCE","render_module_circular_atlas.R","","PROVENANCE","historical",FALSE,"MEDIUM",""
"render_module_circular_atlas","pRoteomics","audits/phase6f_output_inventory.csv","54: ""analysis/05_wgcna/annotate_module_microenvironment.R"",""results/tables/06_modules_WGCNA/module_annotation/<dataset>/WGCNA_module_biological_annotation.csv"",""tab","ANALYSIS_REFERENCE","render_module_circular_atlas.R","","PROVENANCE","historical",FALSE,"MEDIUM",""
"render_module_circular_atlas","pRoteomics","audits/phase6f_output_inventory.csv","55: ""analysis/05_wgcna/annotate_module_microenvironment.R"",""results/tables/06_modules_WGCNA/module_annotation/<dataset>/WGCNA_module_targeted_signature_overlap_deta","ANALYSIS_REFERENCE","render_module_circular_atlas.R","","PROVENANCE","historical",FALSE,"MEDIUM",""
"render_module_circular_atlas","pRoteomics","audits/phase6f_output_inventory.csv","56: ""analysis/05_wgcna/annotate_module_microenvironment.R"",""results/tables/06_modules_WGCNA/module_annotation/<dataset>/WGCNA_supermodule_biological_annotation.csv""","ANALYSIS_REFERENCE","render_module_circular_atlas.R","","PROVENANCE","historical",FALSE,"MEDIUM",""
"render_module_circular_atlas","pRoteomics","audits/phase6f_output_inventory.csv","57: ""analysis/05_wgcna/summarize_module_complex_architecture.R"",""results/tables/06_modules_WGCNA/module_complex_architecture/<dataset>/module_complex_architecture.c","ANALYSIS_REFERENCE","render_module_circular_atlas.R","","PROVENANCE","historical",FALSE,"MEDIUM",""
"render_module_circular_atlas","pRoteomics","audits/phase6f_output_inventory.csv","58: ""analysis/05_wgcna/audit_module_robustness.R"",""results/tables/06_modules_WGCNA/module_robustness_sensitivity/<dataset>/module_robustness_sensitivity.csv"",""table","ANALYSIS_REFERENCE","render_module_circular_atlas.R","","PROVENANCE","historical",FALSE,"MEDIUM",""
"render_module_circular_atlas","pRoteomics","audits/phase6f_output_inventory.csv","59: ""analysis/05_wgcna/score_module_activity.R"",""results/tables/06_modules_WGCNA/module_score/<dataset>/"",""tables"",""CANONICAL_RESULT"",""summarize_module_scores.R | b","ANALYSIS_REFERENCE","render_module_circular_atlas.R","","PROVENANCE","historical",FALSE,"MEDIUM",""
"render_module_circular_atlas","pRoteomics","audits/phase6f_output_inventory.csv","60: ""analysis/05_wgcna/summarize_module_scores.R"",""results/tables/06_modules_WGCNA/score_publication_summary/<dataset>/WGCNA_score_publication_validation.csv"",""tabl","ANALYSIS_REFERENCE","render_module_circular_atlas.R","","PROVENANCE","historical",FALSE,"MEDIUM",""
"render_module_circular_atlas","pRoteomics","audits/phase6f_output_inventory.csv","61: ""analysis/05_wgcna/render_module_figures.R"",""results/tables/06_modules_WGCNA/wgcna_publication_figures/microglia/WGCNA_publication_figure_validation.csv"",""table","ANALYSIS_REFERENCE","render_module_circular_atlas.R","","PROVENANCE","historical",FALSE,"MEDIUM",""
"render_module_circular_atlas","pRoteomics","audits/phase6f_output_inventory.csv","62: ""analysis/05_wgcna/render_microglia_module_figures.R"",""results/tables/06_modules_WGCNA/wgcna_publication_figures_corrected/microglia/supermodule_group_effects_s","ANALYSIS_REFERENCE","render_module_circular_atlas.R","","PROVENANCE","historical",FALSE,"MEDIUM",""
"render_module_circular_atlas","pRoteomics","audits/phase6f_output_inventory.csv","63: ""analysis/05_wgcna/render_microglia_module_figures.R"",""results/tables/06_modules_WGCNA/wgcna_publication_figures_corrected/microglia/WGCNA_corrected_publication","ANALYSIS_REFERENCE","render_module_circular_atlas.R","","PROVENANCE","historical",FALSE,"MEDIUM",""
"render_module_circular_atlas","pRoteomics","audits/phase6f_output_inventory.csv","76: ""analysis/08_integration/build_evidence_priority_matrix.R"",""results/tables/10_biological_integration/evidence_priority_matrix/global/evidence_priority_matrix.cs","ANALYSIS_REFERENCE","render_module_circular_atlas.R","","PROVENANCE","historical",FALSE,"MEDIUM",""
"render_module_circular_atlas","pRoteomics","audits/phase6f_output_inventory.csv","92: ""analysis/08_integration/render_module_circular_atlas.R"",""results/tables/10_biological_integration/wgcna_circular_atlas/global/wgcna_circular_atlas_metrics.csv""","ANALYSIS_REFERENCE","render_module_circular_atlas.R","","PROVENANCE","historical",FALSE,"MEDIUM",""
"render_module_circular_atlas","pRoteomics","audits/phase6f_output_inventory.csv","153: ""analysis/09_publication_exports/build_biological_claims_table.R"",""results/tables/biological_claims_table.csv"",""tables"",""CANONICAL_RESULT"",""build_evidence_prior","ANALYSIS_REFERENCE","render_module_circular_atlas.R","","PROVENANCE","historical",FALSE,"MEDIUM",""
"render_module_circular_atlas","pRoteomics","audits/phase6f_output_inventory.csv","200: ""analysis/08_integration/render_module_circular_atlas.R"",""results/figures/10_biological_integration/wgcna_circular_atlas/global/"",""figures"",""DIAGNOSTIC"","""",0,FA","ANALYSIS_REFERENCE","render_module_circular_atlas.R","","PROVENANCE","historical",FALSE,"MEDIUM",""
"render_module_circular_atlas","pRoteomics","audits/phase6f_output_inventory.csv","201: ""analysis/08_integration/render_module_circular_atlas.R"",""results/figures/10_biological_integration/wgcna_circular_atlas/global/wgcna_circular_atlas_main.pdf"",""","ANALYSIS_REFERENCE","render_module_circular_atlas.R","","PROVENANCE","historical",FALSE,"MEDIUM",""
"render_module_circular_atlas","pRoteomics","audits/phase6f_output_inventory.csv","202: ""analysis/08_integration/render_module_circular_atlas.R"",""results/figures/10_biological_integration/wgcna_circular_atlas/global/wgcna_circular_atlas_main.svg"",""","ANALYSIS_REFERENCE","render_module_circular_atlas.R","","PROVENANCE","historical",FALSE,"MEDIUM",""
"render_module_circular_atlas","pRoteomics","audits/phase6f_output_inventory.csv","203: ""analysis/08_integration/render_module_circular_atlas.R"",""results/figures/10_biological_integration/wgcna_circular_atlas/global/wgcna_circular_atlas_selected_on","ANALYSIS_REFERENCE","render_module_circular_atlas.R","","PROVENANCE","historical",FALSE,"MEDIUM",""
"render_module_circular_atlas","pRoteomics","audits/phase6f_output_inventory.csv","204: ""analysis/08_integration/render_module_circular_atlas.R"",""results/figures/10_biological_integration/wgcna_circular_atlas/global/wgcna_circular_atlas_selected_on","ANALYSIS_REFERENCE","render_module_circular_atlas.R","","PROVENANCE","historical",FALSE,"MEDIUM",""
"render_module_circular_atlas","pRoteomics","audits/phase6f_output_inventory.csv","205: ""analysis/08_integration/render_module_circular_atlas.R"",""results/figures/10_biological_integration/wgcna_circular_atlas/global/wgcna_circular_heatmap_all_datas","ANALYSIS_REFERENCE","render_module_circular_atlas.R","","PROVENANCE","historical",FALSE,"MEDIUM",""
"render_module_circular_atlas","pRoteomics","audits/phase6f_output_inventory.csv","206: ""analysis/08_integration/render_module_circular_atlas.R"",""results/figures/10_biological_integration/wgcna_circular_atlas/global/wgcna_circular_heatmap_all_datas","ANALYSIS_REFERENCE","render_module_circular_atlas.R","","PROVENANCE","historical",FALSE,"MEDIUM",""
"render_module_circular_atlas","pRoteomics","audits/phase6f_output_inventory.csv","207: ""analysis/08_integration/render_module_circular_atlas.R"",""results/figures/10_biological_integration/wgcna_circular_atlas/global/wgcna_circular_heatmap_microglia","ANALYSIS_REFERENCE","render_module_circular_atlas.R","","PROVENANCE","historical",FALSE,"MEDIUM",""
"render_module_circular_atlas","pRoteomics","audits/phase6f_output_inventory.csv","208: ""analysis/08_integration/render_module_circular_atlas.R"",""results/figures/10_biological_integration/wgcna_circular_atlas/global/wgcna_circular_heatmap_microglia","ANALYSIS_REFERENCE","render_module_circular_atlas.R","","PROVENANCE","historical",FALSE,"MEDIUM",""
"render_module_circular_atlas","pRoteomics","audits/phase6f_output_inventory.csv","209: ""analysis/08_integration/render_module_circular_atlas.R"",""results/figures/10_biological_integration/wgcna_circular_atlas/global/wgcna_circular_heatmap_neuron_ne","ANALYSIS_REFERENCE","render_module_circular_atlas.R","","PROVENANCE","historical",FALSE,"MEDIUM",""
"render_module_circular_atlas","pRoteomics","audits/phase6f_output_inventory.csv","210: ""analysis/08_integration/render_module_circular_atlas.R"",""results/figures/10_biological_integration/wgcna_circular_atlas/global/wgcna_circular_heatmap_neuron_ne","ANALYSIS_REFERENCE","render_module_circular_atlas.R","","PROVENANCE","historical",FALSE,"MEDIUM",""
"render_module_circular_atlas","pRoteomics","audits/phase6f_output_inventory.csv","211: ""analysis/08_integration/render_module_circular_atlas.R"",""results/figures/10_biological_integration/wgcna_circular_atlas/global/wgcna_circular_heatmap_neuron_so","ANALYSIS_REFERENCE","render_module_circular_atlas.R","","PROVENANCE","historical",FALSE,"MEDIUM",""
"render_module_circular_atlas","pRoteomics","audits/phase6f_output_inventory.csv","212: ""analysis/08_integration/render_module_circular_atlas.R"",""results/figures/10_biological_integration/wgcna_circular_atlas/global/wgcna_circular_heatmap_neuron_so","ANALYSIS_REFERENCE","render_module_circular_atlas.R","","PROVENANCE","historical",FALSE,"MEDIUM",""
"render_module_circular_atlas","pRoteomics","audits/phase6f_output_inventory.csv","213: ""analysis/08_integration/render_module_circular_atlas.R"",""results/figures/10_biological_integration/wgcna_circular_atlas/global/wgcna_circular_publication_super","ANALYSIS_REFERENCE","render_module_circular_atlas.R","","PROVENANCE","historical",FALSE,"MEDIUM",""
"render_module_circular_atlas","pRoteomics","audits/phase6f_output_inventory.csv","214: ""analysis/08_integration/render_module_circular_atlas.R"",""results/figures/10_biological_integration/wgcna_circular_atlas/global/wgcna_circular_publication_super","ANALYSIS_REFERENCE","render_module_circular_atlas.R","","PROVENANCE","historical",FALSE,"MEDIUM",""
"render_module_circular_atlas","pRoteomics","audits/phase6f_output_inventory.csv","215: ""analysis/08_integration/render_module_circular_atlas.R"",""results/figures/10_biological_integration/wgcna_circular_atlas/global/wgcna_circular_publication_super","ANALYSIS_REFERENCE","render_module_circular_atlas.R","","PROVENANCE","historical",FALSE,"MEDIUM",""
"render_module_circular_atlas","pRoteomics","audits/phase6f_output_inventory.csv","216: ""analysis/08_integration/render_module_circular_atlas.R"",""results/figures/10_biological_integration/wgcna_circular_atlas/global/wgcna_circular_publication_super","ANALYSIS_REFERENCE","render_module_circular_atlas.R","","PROVENANCE","historical",FALSE,"MEDIUM",""
"render_module_circular_atlas","pRoteomics","audits/phase6f_output_inventory.csv","217: ""analysis/08_integration/render_module_circular_atlas.R"",""results/figures/10_biological_integration/wgcna_circular_atlas/global/wgcna_circular_publication_super","ANALYSIS_REFERENCE","render_module_circular_atlas.R","","PROVENANCE","historical",FALSE,"MEDIUM",""
"render_module_circular_atlas","pRoteomics","audits/phase6f_output_inventory.csv","218: ""analysis/08_integration/render_module_circular_atlas.R"",""results/figures/10_biological_integration/wgcna_circular_atlas/global/wgcna_circular_publication_super","ANALYSIS_REFERENCE","render_module_circular_atlas.R","","PROVENANCE","historical",FALSE,"MEDIUM",""
"render_module_circular_atlas","pRoteomics","audits/phase6f_output_inventory.csv","219: ""analysis/08_integration/render_module_circular_atlas.R"",""results/figures/10_biological_integration/wgcna_circular_atlas/global/wgcna_circular_publication_super","ANALYSIS_REFERENCE","render_module_circular_atlas.R","","PROVENANCE","historical",FALSE,"MEDIUM",""
"render_module_circular_atlas","pRoteomics","audits/phase6f_output_inventory.csv","220: ""analysis/08_integration/render_module_circular_atlas.R"",""results/figures/10_biological_integration/wgcna_circular_atlas/global/wgcna_circular_publication_super","ANALYSIS_REFERENCE","render_module_circular_atlas.R","","PROVENANCE","historical",FALSE,"MEDIUM",""
"render_module_circular_atlas","pRoteomics","audits/phase6f_output_inventory.csv","221: ""analysis/08_integration/render_module_circular_atlas.R"",""results/figures/10_biological_integration/wgcna_circular_atlas/global/wgcna_region_layer_heatmap_all_m","ANALYSIS_REFERENCE","render_module_circular_atlas.R","","PROVENANCE","historical",FALSE,"MEDIUM",""
"render_module_circular_atlas","pRoteomics","audits/phase6f_output_inventory.csv","222: ""analysis/08_integration/render_module_circular_atlas.R"",""results/figures/10_biological_integration/wgcna_circular_atlas/global/wgcna_region_layer_heatmap_all_m","ANALYSIS_REFERENCE","render_module_circular_atlas.R","","PROVENANCE","historical",FALSE,"MEDIUM",""
"render_module_circular_atlas","pRoteomics","audits/phase6f_output_inventory.csv","243: ""analysis/08_integration/render_module_circular_atlas.R"",""results/reports/10_biological_integration/wgcna_circular_atlas/global/wgcna_circular_atlas_input_statu","ANALYSIS_REFERENCE","render_module_circular_atlas.R","","PROVENANCE","historical",FALSE,"MEDIUM",""
"render_module_circular_atlas","pRoteomics","audits/phase6f_output_inventory.csv","244: ""analysis/08_integration/render_module_circular_atlas.R"",""results/reports/10_biological_integration/wgcna_circular_atlas/global/wgcna_circular_atlas_stage13_sel","ANALYSIS_REFERENCE","render_module_circular_atlas.R","","PROVENANCE","historical",FALSE,"MEDIUM",""
"render_module_circular_atlas","pRoteomics","audits/phase6f_output_inventory.csv","245: ""analysis/08_integration/render_module_circular_atlas.R"",""results/reports/10_biological_integration/wgcna_circular_atlas/global/wgcna_circular_metric_consistenc","ANALYSIS_REFERENCE","render_module_circular_atlas.R","","PROVENANCE","historical",FALSE,"MEDIUM",""
"render_module_circular_atlas","pRoteomics","audits/phase6f_output_inventory.csv","246: ""analysis/08_integration/render_module_circular_atlas.R"",""results/reports/10_biological_integration/wgcna_circular_atlas/global/wgcna_circular_vs_publication_he","ANALYSIS_REFERENCE","render_module_circular_atlas.R","","PROVENANCE","historical",FALSE,"MEDIUM",""
"render_module_circular_atlas","pRoteomics","audits/phase6f_output_inventory.csv","247: ""analysis/08_integration/render_module_circular_atlas.R"",""results/reports/10_biological_integration/wgcna_circular_atlas/global/wgcna_module_supermodule_mapping","ANALYSIS_REFERENCE","render_module_circular_atlas.R","","PROVENANCE","historical",FALSE,"MEDIUM",""
"render_module_circular_atlas","pRoteomics","audits/phase6f_output_inventory.csv","276: ""analysis/08_integration/render_module_circular_atlas.R"",""results/reports/10_biological_integration/wgcna_circular_atlas/global/wgcna_circular_vs_publication_su","ANALYSIS_REFERENCE","render_module_circular_atlas.R","","PROVENANCE","historical",FALSE,"MEDIUM",""
"render_module_circular_atlas","pRoteomics","audits/phase6f_output_inventory.csv","310: ""analysis/08_integration/render_module_circular_atlas.R"",""results/logs/10_biological_integration/wgcna_circular_atlas/global/run_manifest.yml"",""logs"",""PROVENANC","ANALYSIS_REFERENCE","render_module_circular_atlas.R","","PROVENANCE","historical",FALSE,"MEDIUM",""
"render_module_circular_atlas","pRoteomics","audits/phase6f_output_inventory.csv","377: ""analysis/08_integration/render_module_circular_atlas.R"",""results/source_data/10_biological_integration/wgcna_circular_atlas/global/"",""source_data"",""PUBLICATION","ANALYSIS_REFERENCE","render_module_circular_atlas.R","","PROVENANCE","historical",FALSE,"MEDIUM",""
"render_module_circular_atlas","pRoteomics","audits/phase6f_output_inventory.csv","378: ""analysis/08_integration/render_module_circular_atlas.R"",""results/source_data/10_biological_integration/wgcna_circular_atlas/global/wgcna_circular_atlas_plot_so","ANALYSIS_REFERENCE","render_module_circular_atlas.R","","PROVENANCE","historical",FALSE,"MEDIUM",""
"render_module_circular_atlas","pRoteomics","audits/phase6f_output_inventory.csv","379: ""analysis/08_integration/render_module_circular_atlas.R"",""results/source_data/10_biological_integration/wgcna_circular_atlas/global/wgcna_circular_atlas_segment","ANALYSIS_REFERENCE","render_module_circular_atlas.R","","PROVENANCE","historical",FALSE,"MEDIUM",""
"render_module_circular_atlas","pRoteomics","audits/phase6f_output_inventory.csv","380: ""analysis/08_integration/render_module_circular_atlas.R"",""results/source_data/10_biological_integration/wgcna_circular_atlas/global/wgcna_circular_heatmap_layou","ANALYSIS_REFERENCE","render_module_circular_atlas.R","","PROVENANCE","historical",FALSE,"MEDIUM",""
"render_module_circular_atlas","pRoteomics","audits/phase6f_output_inventory.csv","381: ""analysis/08_integration/render_module_circular_atlas.R"",""results/source_data/10_biological_integration/wgcna_circular_atlas/global/wgcna_circular_heatmap_sourc","ANALYSIS_REFERENCE","render_module_circular_atlas.R","","PROVENANCE","historical",FALSE,"MEDIUM",""
"render_module_circular_atlas","pRoteomics","audits/phase6f_output_inventory.csv","382: ""analysis/08_integration/render_module_circular_atlas.R"",""results/source_data/10_biological_integration/wgcna_circular_atlas/global/wgcna_circular_heatmap_sourc","ANALYSIS_REFERENCE","render_module_circular_atlas.R","","PROVENANCE","historical",FALSE,"MEDIUM",""
"render_module_circular_atlas","pRoteomics","audits/phase6f_output_inventory.csv","383: ""analysis/08_integration/render_module_circular_atlas.R"",""results/source_data/10_biological_integration/wgcna_circular_atlas/global/wgcna_circular_publication_s","ANALYSIS_REFERENCE","render_module_circular_atlas.R","","PROVENANCE","historical",FALSE,"MEDIUM",""
"render_module_circular_atlas","pRoteomics","audits/phase6f_output_inventory.csv","384: ""analysis/08_integration/render_module_circular_atlas.R"",""results/source_data/10_biological_integration/wgcna_circular_atlas/global/wgcna_circular_publication_s","ANALYSIS_REFERENCE","render_module_circular_atlas.R","","PROVENANCE","historical",FALSE,"MEDIUM",""
"render_module_circular_atlas","pRoteomics","audits/phase6f_output_inventory.csv","388: ""analysis/05_wgcna/test_module_phenotypes.R"",""results/tables/06_modules_WGCNA/group_effects/<dataset>/all_supermodule_eigengene_group_values.csv"",""tables"",""PUBL","ANALYSIS_REFERENCE","render_module_circular_atlas.R","","PROVENANCE","historical",FALSE,"MEDIUM",""
"render_module_circular_atlas","pRoteomics","audits/phase6f_output_inventory.csv","389: ""analysis/05_wgcna/test_module_phenotypes.R"",""results/tables/06_modules_WGCNA/group_effects/<dataset>/all_supermodule_eigengene_spatial_group_values.csv"",""table","ANALYSIS_REFERENCE","render_module_circular_atlas.R","","PROVENANCE","historical",FALSE,"MEDIUM",""
"render_module_circular_atlas","pRoteomics","audits/phase6f_output_inventory.csv","390: ""analysis/05_wgcna/test_module_phenotypes.R"",""results/tables/06_modules_WGCNA/group_effects/<dataset>/module_group_effects.csv"",""tables"",""PUBLICATION_EXPORT"",""b","ANALYSIS_REFERENCE","render_module_circular_atlas.R","","PROVENANCE","historical",FALSE,"MEDIUM",""
"render_module_circular_atlas","pRoteomics","audits/phase6f_output_inventory.csv","391: ""analysis/05_wgcna/test_module_phenotypes.R"",""results/tables/06_modules_WGCNA/group_effects/<dataset>/supermodule_composition.csv"",""tables"",""PUBLICATION_EXPORT""","ANALYSIS_REFERENCE","render_module_circular_atlas.R","","PROVENANCE","historical",FALSE,"MEDIUM",""
"render_module_circular_atlas","pRoteomics","audits/phase6f_output_inventory.csv","392: ""analysis/05_wgcna/test_module_phenotypes.R"",""results/tables/06_modules_WGCNA/group_effects/<dataset>/supermodule_group_effects.csv"",""tables"",""PUBLICATION_EXPOR","ANALYSIS_REFERENCE","render_module_circular_atlas.R","","PROVENANCE","historical",FALSE,"MEDIUM",""
"render_module_circular_atlas","pRoteomics","audits/phase6f_output_inventory.csv","393: ""analysis/05_wgcna/test_module_phenotypes.R"",""results/tables/06_modules_WGCNA/group_effects/<dataset>/supermodule_pca_eigenvalues.csv"",""tables"",""PUBLICATION_EXP","ANALYSIS_REFERENCE","render_module_circular_atlas.R","","PROVENANCE","historical",FALSE,"MEDIUM",""
"render_module_circular_atlas","pRoteomics","audits/phase6f_output_inventory.csv","394: ""analysis/05_wgcna/test_module_phenotypes.R"",""results/tables/06_modules_WGCNA/group_effects/<dataset>/supermodule_pca_input_audit.csv"",""tables"",""PUBLICATION_EXP","ANALYSIS_REFERENCE","render_module_circular_atlas.R","","PROVENANCE","historical",FALSE,"MEDIUM",""
"render_module_circular_atlas","pRoteomics","audits/phase6f_output_inventory.csv","395: ""analysis/05_wgcna/test_module_phenotypes.R"",""results/tables/06_modules_WGCNA/group_effects/<dataset>/supermodule_pca_member_loadings.csv"",""tables"",""PUBLICATION","ANALYSIS_REFERENCE","render_module_circular_atlas.R","","PROVENANCE","historical",FALSE,"MEDIUM",""
"render_module_circular_atlas","pRoteomics","audits/phase6f_output_inventory.csv","396: ""analysis/05_wgcna/test_module_phenotypes.R"",""results/tables/06_modules_WGCNA/group_effects/<dataset>/WGCNA_group_effect_animal_spatial_unit_values.csv"",""tables","ANALYSIS_REFERENCE","render_module_circular_atlas.R","","PROVENANCE","historical",FALSE,"MEDIUM",""
"render_module_circular_atlas","pRoteomics","audits/phase6f_output_inventory.csv","397: ""analysis/05_wgcna/test_module_phenotypes.R"",""results/tables/06_modules_WGCNA/group_effects/<dataset>/WGCNA_group_effect_contract_status.csv"",""tables"",""PUBLICAT","ANALYSIS_REFERENCE","render_module_circular_atlas.R","","PROVENANCE","historical",FALSE,"MEDIUM",""
"render_module_circular_atlas","pRoteomics","audits/phase6f_output_inventory.csv","398: ""analysis/05_wgcna/test_module_phenotypes.R"",""results/tables/06_modules_WGCNA/group_effects/<dataset>/WGCNA_group_effect_downstream_consumer_migration_audit.csv","ANALYSIS_REFERENCE","render_module_circular_atlas.R","","PROVENANCE","historical",FALSE,"MEDIUM",""
"render_module_circular_atlas","pRoteomics","audits/phase6f_output_inventory.csv","399: ""analysis/05_wgcna/test_module_phenotypes.R"",""results/tables/06_modules_WGCNA/group_effects/<dataset>/WGCNA_group_effect_endpoint_provenance.csv"",""tables"",""PUBL","ANALYSIS_REFERENCE","render_module_circular_atlas.R","","PROVENANCE","historical",FALSE,"MEDIUM",""
"render_module_circular_atlas","pRoteomics","audits/phase6f_output_inventory.csv","400: ""analysis/05_wgcna/test_module_phenotypes.R"",""results/tables/06_modules_WGCNA/group_effects/<dataset>/WGCNA_group_effect_hemisphere_values.csv"",""tables"",""PUBLIC","ANALYSIS_REFERENCE","render_module_circular_atlas.R","","PROVENANCE","historical",FALSE,"MEDIUM",""
"render_module_circular_atlas","pRoteomics","audits/phase6f_output_inventory.csv","401: ""analysis/05_wgcna/test_module_phenotypes.R"",""results/tables/06_modules_WGCNA/group_effects/<dataset>/WGCNA_group_effect_interaction_conditional_followup.csv"",""","ANALYSIS_REFERENCE","render_module_circular_atlas.R","","PROVENANCE","historical",FALSE,"MEDIUM",""
"render_module_circular_atlas","pRoteomics","audits/phase6f_output_inventory.csv","402: ""analysis/05_wgcna/test_module_phenotypes.R"",""results/tables/06_modules_WGCNA/group_effects/<dataset>/WGCNA_group_effect_left_right_concordance.csv"",""tables"",""P","ANALYSIS_REFERENCE","render_module_circular_atlas.R","","PROVENANCE","historical",FALSE,"MEDIUM",""
"render_module_circular_atlas","pRoteomics","audits/phase6f_output_inventory.csv","403: ""analysis/05_wgcna/test_module_phenotypes.R"",""results/tables/06_modules_WGCNA/group_effects/<dataset>/WGCNA_group_effect_legacy_output_staleness_audit.csv"",""tab","ANALYSIS_REFERENCE","render_module_circular_atlas.R","","PROVENANCE","historical",FALSE,"MEDIUM",""
"render_module_circular_atlas","pRoteomics","audits/phase6f_output_inventory.csv","404: ""analysis/05_wgcna/test_module_phenotypes.R"",""results/tables/06_modules_WGCNA/group_effects/<dataset>/WGCNA_group_effect_model_validation.csv"",""tables"",""PUBLICA","ANALYSIS_REFERENCE","render_module_circular_atlas.R","","PROVENANCE","historical",FALSE,"MEDIUM",""
"render_module_circular_atlas","pRoteomics","audits/phase6f_output_inventory.csv","405: ""analysis/05_wgcna/test_module_phenotypes.R"",""results/tables/06_modules_WGCNA/group_effects/<dataset>/WGCNA_group_effect_sample_inclusion_audit.csv"",""tables"",""P","ANALYSIS_REFERENCE","render_module_circular_atlas.R","","PROVENANCE","historical",FALSE,"MEDIUM",""
"render_module_circular_atlas","pRoteomics","audits/phase6f_output_inventory.csv","406: ""analysis/05_wgcna/test_module_phenotypes.R"",""results/tables/06_modules_WGCNA/group_effects/<dataset>/WGCNA_group_effect_sensitivity.csv"",""tables"",""PUBLICATION_","ANALYSIS_REFERENCE","render_module_circular_atlas.R","","PROVENANCE","historical",FALSE,"MEDIUM",""
"render_module_circular_atlas","pRoteomics","audits/phase6g_cross_domain_reader_verification.csv","6: ""analysis/publication_source_data/08_export_manuscript_figures.R"",""publication_source_data"",""LEGACY_LITERAL"",TRUE,NA,FALSE,""results/figures/07_spatial_networks""","NAMESPACE_BASENAME","publication_source_data","","PROVENANCE","historical",FALSE,"MEDIUM",""
"render_module_circular_atlas","pRoteomics","audits/phase6g_differential_abundance_consumer_reconciliation.csv","4: ""analysis/publication_source_data/08_export_manuscript_figures.R"",""REPOINTED"",""Present in both inventories."",FALSE","NAMESPACE_BASENAME","publication_source_data","","PROVENANCE","historical",FALSE,"MEDIUM",""
"render_module_circular_atlas","pRoteomics","audits/phase6g_differential_abundance_consumer_reconciliation.csv","5: ""analysis/publication_source_data/09_export_source_data.R"",""REPOINTED"",""Present in both inventories."",FALSE","NAMESPACE_BASENAME","publication_source_data","","PROVENANCE","historical",FALSE,"MEDIUM",""
"render_module_circular_atlas","pRoteomics","audits/phase6g_differential_abundance_consumer_reconciliation.csv","6: ""analysis/publication_source_data/build_biological_claims_table.R"",""REPOINTED"",""Present in both inventories."",FALSE","NAMESPACE_BASENAME","publication_source_data","","PROVENANCE","historical",FALSE,"MEDIUM",""
"render_module_circular_atlas","pRoteomics","audits/phase6g_differential_abundance_consumer_reconciliation.csv","7: ""analysis/publication_source_data/build_methods_summary.R"",""REPOINTED"",""Present in both inventories."",FALSE","NAMESPACE_BASENAME","publication_source_data","","PROVENANCE","historical",FALSE,"MEDIUM",""
"render_module_circular_atlas","pRoteomics","audits/phase6g_differential_abundance_consumer_reconciliation.csv","8: ""analysis/publication_source_data/build_pride_manifest.R"",""REPOINTED"",""Present in both inventories."",FALSE","NAMESPACE_BASENAME","publication_source_data","","PROVENANCE","historical",FALSE,"MEDIUM",""
"render_module_circular_atlas","pRoteomics","audits/phase6g_differential_abundance_consumer_reconciliation.csv","9: ""analysis/publication_source_data/build_sample_metadata.R"",""REPOINTED"",""Present in both inventories."",FALSE","NAMESPACE_BASENAME","publication_source_data","","PROVENANCE","historical",FALSE,"MEDIUM",""
"render_module_circular_atlas","pRoteomics","audits/phase6g_differential_abundance_consumer_reconciliation.csv","10: ""analysis/publication_source_data/build_supplementary_tables.R"",""REPOINTED"",""Present in both inventories."",FALSE","NAMESPACE_BASENAME","publication_source_data","","PROVENANCE","historical",FALSE,"MEDIUM",""
"render_module_circular_atlas","pRoteomics","audits/phase6g_differential_abundance_consumer_reconciliation.csv","11: ""analysis/publication_source_data/config/export_config.yml"",""REPOINTED"",""Present in both inventories."",FALSE","NAMESPACE_BASENAME","publication_source_data","","PROVENANCE","historical",FALSE,"MEDIUM",""
"render_module_circular_atlas","pRoteomics","audits/phase6g_differential_abundance_consumer_reconciliation.csv","12: ""analysis/publication_source_data/export_processed_matrices.R"",""REPOINTED"",""Present in both inventories."",FALSE","NAMESPACE_BASENAME","publication_source_data","","PROVENANCE","historical",FALSE,"MEDIUM",""
"render_module_circular_atlas","pRoteomics","audits/phase6g_differential_abundance_consumer_reconciliation.csv","13: ""analysis/publication_source_data/RUN_EXPORT.R"",""REPOINTED"",""Present in both inventories."",FALSE","NAMESPACE_BASENAME","publication_source_data","","PROVENANCE","historical",FALSE,"MEDIUM",""
"render_module_circular_atlas","pRoteomics","audits/phase6g_differential_abundance_consumer_reconciliation.csv","14: ""analysis/publication_source_data/validate_pride_submission.R"",""REPOINTED"",""Present in both inventories."",FALSE","NAMESPACE_BASENAME","publication_source_data","","PROVENANCE","historical",FALSE,"MEDIUM",""
"render_module_circular_atlas","pRoteomics","audits/phase6g_enrichment_writer_inventory.csv","14: ""analysis/publication_source_data/config/export_config.yml"",""EXPORT_CONSUMER"",""results/tables/05_celltype_enrichment_EWCE/EWCE_E9/*/{Supplementary_Table_EWCE,Hi","NAMESPACE_BASENAME","publication_source_data","","PROVENANCE","historical",FALSE,"MEDIUM",""
"render_module_circular_atlas","pRoteomics","audits/phase6g_integration_lifecycle.csv","75: ""render_module_circular_atlas"",""results/figures/10_biological_integration/wgcna_circular_atlas/global/"",""results/integration/render_module_circular_atlas/global","FULL_PATH","results/integration/render_module_circular_atlas/global/plots","","PROVENANCE","historical",FALSE,"HIGH",""
"render_module_circular_atlas","pRoteomics","audits/phase6g_integration_lifecycle.csv","76: ""render_module_circular_atlas"",""results/figures/10_biological_integration/wgcna_circular_atlas/global/wgcna_circular_atlas_main.svg"",""results/integration/render","FULL_PATH","results/integration/render_module_circular_atlas/global/plots","","PROVENANCE","historical",FALSE,"HIGH",""
"render_module_circular_atlas","pRoteomics","audits/phase6g_integration_lifecycle.csv","77: ""render_module_circular_atlas"",""results/figures/10_biological_integration/wgcna_circular_atlas/global/wgcna_circular_atlas_main.pdf"",""results/integration/render","FULL_PATH","results/integration/render_module_circular_atlas/global/plots","","PROVENANCE","historical",FALSE,"HIGH",""
"render_module_circular_atlas","pRoteomics","audits/phase6g_integration_lifecycle.csv","78: ""render_module_circular_atlas"",""results/figures/10_biological_integration/wgcna_circular_atlas/global/wgcna_circular_atlas_selected_only.svg"",""results/integrati","FULL_PATH","results/integration/render_module_circular_atlas/global/plots","","PROVENANCE","historical",FALSE,"HIGH",""
"render_module_circular_atlas","pRoteomics","audits/phase6g_integration_lifecycle.csv","79: ""render_module_circular_atlas"",""results/figures/10_biological_integration/wgcna_circular_atlas/global/wgcna_circular_atlas_selected_only.pdf"",""results/integrati","FULL_PATH","results/integration/render_module_circular_atlas/global/plots","","PROVENANCE","historical",FALSE,"HIGH",""
"render_module_circular_atlas","pRoteomics","audits/phase6g_integration_lifecycle.csv","80: ""render_module_circular_atlas"",""results/figures/10_biological_integration/wgcna_circular_atlas/global/wgcna_circular_heatmap_all_datasets.svg"",""results/integrat","FULL_PATH","results/integration/render_module_circular_atlas/global/plots","","PROVENANCE","historical",FALSE,"HIGH",""
"render_module_circular_atlas","pRoteomics","audits/phase6g_integration_lifecycle.csv","81: ""render_module_circular_atlas"",""results/figures/10_biological_integration/wgcna_circular_atlas/global/wgcna_circular_heatmap_all_datasets.pdf"",""results/integrat","FULL_PATH","results/integration/render_module_circular_atlas/global/plots","","PROVENANCE","historical",FALSE,"HIGH",""
"render_module_circular_atlas","pRoteomics","audits/phase6g_integration_lifecycle.csv","82: ""render_module_circular_atlas"",""results/figures/10_biological_integration/wgcna_circular_atlas/global/wgcna_circular_heatmap_neuron_neuropil.svg"",""results/integ","FULL_PATH","results/integration/render_module_circular_atlas/global/plots","","PROVENANCE","historical",FALSE,"HIGH",""
"render_module_circular_atlas","pRoteomics","audits/phase6g_integration_lifecycle.csv","83: ""render_module_circular_atlas"",""results/figures/10_biological_integration/wgcna_circular_atlas/global/wgcna_circular_heatmap_neuron_neuropil.pdf"",""results/integ","FULL_PATH","results/integration/render_module_circular_atlas/global/plots","","PROVENANCE","historical",FALSE,"HIGH",""
"render_module_circular_atlas","pRoteomics","audits/phase6g_integration_lifecycle.csv","84: ""render_module_circular_atlas"",""results/figures/10_biological_integration/wgcna_circular_atlas/global/wgcna_circular_heatmap_neuron_soma.svg"",""results/integrati","FULL_PATH","results/integration/render_module_circular_atlas/global/plots","","PROVENANCE","historical",FALSE,"HIGH",""
"render_module_circular_atlas","pRoteomics","audits/phase6g_integration_lifecycle.csv","85: ""render_module_circular_atlas"",""results/figures/10_biological_integration/wgcna_circular_atlas/global/wgcna_circular_heatmap_neuron_soma.pdf"",""results/integrati","FULL_PATH","results/integration/render_module_circular_atlas/global/plots","","PROVENANCE","historical",FALSE,"HIGH",""
"render_module_circular_atlas","pRoteomics","audits/phase6g_integration_lifecycle.csv","86: ""render_module_circular_atlas"",""results/figures/10_biological_integration/wgcna_circular_atlas/global/wgcna_circular_heatmap_microglia.svg"",""results/integration","FULL_PATH","results/integration/render_module_circular_atlas/global/plots","","PROVENANCE","historical",FALSE,"HIGH",""
"render_module_circular_atlas","pRoteomics","audits/phase6g_integration_lifecycle.csv","87: ""render_module_circular_atlas"",""results/figures/10_biological_integration/wgcna_circular_atlas/global/wgcna_circular_heatmap_microglia.pdf"",""results/integration","FULL_PATH","results/integration/render_module_circular_atlas/global/plots","","PROVENANCE","historical",FALSE,"HIGH",""
"render_module_circular_atlas","pRoteomics","audits/phase6g_integration_lifecycle.csv","88: ""render_module_circular_atlas"",""results/figures/10_biological_integration/wgcna_circular_atlas/global/wgcna_circular_publication_supermodule_effect_heatmap_all_","FULL_PATH","results/integration/render_module_circular_atlas/global/plots","","PROVENANCE","historical",FALSE,"HIGH",""
"render_module_circular_atlas","pRoteomics","audits/phase6g_integration_lifecycle.csv","89: ""render_module_circular_atlas"",""results/figures/10_biological_integration/wgcna_circular_atlas/global/wgcna_circular_publication_supermodule_effect_heatmap_all_","FULL_PATH","results/integration/render_module_circular_atlas/global/plots","","PROVENANCE","historical",FALSE,"HIGH",""
"render_module_circular_atlas","pRoteomics","audits/phase6g_integration_lifecycle.csv","90: ""render_module_circular_atlas"",""results/figures/10_biological_integration/wgcna_circular_atlas/global/wgcna_circular_publication_supermodule_effect_heatmap_neur","FULL_PATH","results/integration/render_module_circular_atlas/global/plots","","PROVENANCE","historical",FALSE,"HIGH",""
"render_module_circular_atlas","pRoteomics","audits/phase6g_integration_lifecycle.csv","91: ""render_module_circular_atlas"",""results/figures/10_biological_integration/wgcna_circular_atlas/global/wgcna_circular_publication_supermodule_effect_heatmap_neur","FULL_PATH","results/integration/render_module_circular_atlas/global/plots","","PROVENANCE","historical",FALSE,"HIGH",""
"render_module_circular_atlas","pRoteomics","audits/phase6g_integration_lifecycle.csv","92: ""render_module_circular_atlas"",""results/figures/10_biological_integration/wgcna_circular_atlas/global/wgcna_circular_publication_supermodule_effect_heatmap_neur","FULL_PATH","results/integration/render_module_circular_atlas/global/plots","","PROVENANCE","historical",FALSE,"HIGH",""
"render_module_circular_atlas","pRoteomics","audits/phase6g_integration_lifecycle.csv","93: ""render_module_circular_atlas"",""results/figures/10_biological_integration/wgcna_circular_atlas/global/wgcna_circular_publication_supermodule_effect_heatmap_neur","FULL_PATH","results/integration/render_module_circular_atlas/global/plots","","PROVENANCE","historical",FALSE,"HIGH",""
"render_module_circular_atlas","pRoteomics","audits/phase6g_integration_lifecycle.csv","94: ""render_module_circular_atlas"",""results/figures/10_biological_integration/wgcna_circular_atlas/global/wgcna_circular_publication_supermodule_effect_heatmap_micr","FULL_PATH","results/integration/render_module_circular_atlas/global/plots","","PROVENANCE","historical",FALSE,"HIGH",""
"render_module_circular_atlas","pRoteomics","audits/phase6g_integration_lifecycle.csv","95: ""render_module_circular_atlas"",""results/figures/10_biological_integration/wgcna_circular_atlas/global/wgcna_circular_publication_supermodule_effect_heatmap_micr","FULL_PATH","results/integration/render_module_circular_atlas/global/plots","","PROVENANCE","historical",FALSE,"HIGH",""
"render_module_circular_atlas","pRoteomics","audits/phase6g_integration_lifecycle.csv","96: ""render_module_circular_atlas"",""results/figures/10_biological_integration/wgcna_circular_atlas/global/wgcna_region_layer_heatmap_all_modules.svg"",""results/integ","FULL_PATH","results/integration/render_module_circular_atlas/global/plots","","PROVENANCE","historical",FALSE,"HIGH",""
"render_module_circular_atlas","pRoteomics","audits/phase6g_integration_lifecycle.csv","97: ""render_module_circular_atlas"",""results/figures/10_biological_integration/wgcna_circular_atlas/global/wgcna_region_layer_heatmap_all_modules.pdf"",""results/integ","FULL_PATH","results/integration/render_module_circular_atlas/global/plots","","PROVENANCE","historical",FALSE,"HIGH",""
"render_module_circular_atlas","pRoteomics","audits/phase6g_integration_lifecycle.csv","76: ""render_module_circular_atlas"",""results/figures/10_biological_integration/wgcna_circular_atlas/global/wgcna_circular_atlas_main.svg"",""results/integration/render","FULL_PATH","results/integration/render_module_circular_atlas/global/plots/wgcna_circular_atlas_main.svg","","PROVENANCE","historical",FALSE,"HIGH",""
"render_module_circular_atlas","pRoteomics","audits/phase6g_integration_lifecycle.csv","77: ""render_module_circular_atlas"",""results/figures/10_biological_integration/wgcna_circular_atlas/global/wgcna_circular_atlas_main.pdf"",""results/integration/render","FULL_PATH","results/integration/render_module_circular_atlas/global/plots/wgcna_circular_atlas_main.pdf","","PROVENANCE","historical",FALSE,"HIGH",""
"render_module_circular_atlas","pRoteomics","audits/phase6g_integration_lifecycle.csv","78: ""render_module_circular_atlas"",""results/figures/10_biological_integration/wgcna_circular_atlas/global/wgcna_circular_atlas_selected_only.svg"",""results/integrati","FULL_PATH","results/integration/render_module_circular_atlas/global/plots/wgcna_circular_atlas_selected_only.svg","","PROVENANCE","historical",FALSE,"HIGH",""
"render_module_circular_atlas","pRoteomics","audits/phase6g_integration_lifecycle.csv","79: ""render_module_circular_atlas"",""results/figures/10_biological_integration/wgcna_circular_atlas/global/wgcna_circular_atlas_selected_only.pdf"",""results/integrati","FULL_PATH","results/integration/render_module_circular_atlas/global/plots/wgcna_circular_atlas_selected_only.pdf","","PROVENANCE","historical",FALSE,"HIGH",""
"render_module_circular_atlas","pRoteomics","audits/phase6g_integration_lifecycle.csv","80: ""render_module_circular_atlas"",""results/figures/10_biological_integration/wgcna_circular_atlas/global/wgcna_circular_heatmap_all_datasets.svg"",""results/integrat","FULL_PATH","results/integration/render_module_circular_atlas/global/plots/wgcna_circular_heatmap_all_datasets.svg","","PROVENANCE","historical",FALSE,"HIGH",""
"render_module_circular_atlas","pRoteomics","audits/phase6g_integration_lifecycle.csv","81: ""render_module_circular_atlas"",""results/figures/10_biological_integration/wgcna_circular_atlas/global/wgcna_circular_heatmap_all_datasets.pdf"",""results/integrat","FULL_PATH","results/integration/render_module_circular_atlas/global/plots/wgcna_circular_heatmap_all_datasets.pdf","","PROVENANCE","historical",FALSE,"HIGH",""
"render_module_circular_atlas","pRoteomics","audits/phase6g_integration_lifecycle.csv","82: ""render_module_circular_atlas"",""results/figures/10_biological_integration/wgcna_circular_atlas/global/wgcna_circular_heatmap_neuron_neuropil.svg"",""results/integ","FULL_PATH","results/integration/render_module_circular_atlas/global/plots/wgcna_circular_heatmap_neuron_neuropil.svg","","PROVENANCE","historical",FALSE,"HIGH",""
"render_module_circular_atlas","pRoteomics","audits/phase6g_integration_lifecycle.csv","83: ""render_module_circular_atlas"",""results/figures/10_biological_integration/wgcna_circular_atlas/global/wgcna_circular_heatmap_neuron_neuropil.pdf"",""results/integ","FULL_PATH","results/integration/render_module_circular_atlas/global/plots/wgcna_circular_heatmap_neuron_neuropil.pdf","","PROVENANCE","historical",FALSE,"HIGH",""
"render_module_circular_atlas","pRoteomics","audits/phase6g_integration_lifecycle.csv","84: ""render_module_circular_atlas"",""results/figures/10_biological_integration/wgcna_circular_atlas/global/wgcna_circular_heatmap_neuron_soma.svg"",""results/integrati","FULL_PATH","results/integration/render_module_circular_atlas/global/plots/wgcna_circular_heatmap_neuron_soma.svg","","PROVENANCE","historical",FALSE,"HIGH",""
"render_module_circular_atlas","pRoteomics","audits/phase6g_integration_lifecycle.csv","85: ""render_module_circular_atlas"",""results/figures/10_biological_integration/wgcna_circular_atlas/global/wgcna_circular_heatmap_neuron_soma.pdf"",""results/integrati","FULL_PATH","results/integration/render_module_circular_atlas/global/plots/wgcna_circular_heatmap_neuron_soma.pdf","","PROVENANCE","historical",FALSE,"HIGH",""
"render_module_circular_atlas","pRoteomics","audits/phase6g_integration_lifecycle.csv","86: ""render_module_circular_atlas"",""results/figures/10_biological_integration/wgcna_circular_atlas/global/wgcna_circular_heatmap_microglia.svg"",""results/integration","FULL_PATH","results/integration/render_module_circular_atlas/global/plots/wgcna_circular_heatmap_microglia.svg","","PROVENANCE","historical",FALSE,"HIGH",""
"render_module_circular_atlas","pRoteomics","audits/phase6g_integration_lifecycle.csv","87: ""render_module_circular_atlas"",""results/figures/10_biological_integration/wgcna_circular_atlas/global/wgcna_circular_heatmap_microglia.pdf"",""results/integration","FULL_PATH","results/integration/render_module_circular_atlas/global/plots/wgcna_circular_heatmap_microglia.pdf","","PROVENANCE","historical",FALSE,"HIGH",""
"render_module_circular_atlas","pRoteomics","audits/phase6g_integration_lifecycle.csv","88: ""render_module_circular_atlas"",""results/figures/10_biological_integration/wgcna_circular_atlas/global/wgcna_circular_publication_supermodule_effect_heatmap_all_","FULL_PATH","results/integration/render_module_circular_atlas/global/plots/wgcna_circular_publication_supermodule_effect_heatmap_all_datasets.svg","","PROVENANCE","historical",FALSE,"HIGH",""
"render_module_circular_atlas","pRoteomics","audits/phase6g_integration_lifecycle.csv","89: ""render_module_circular_atlas"",""results/figures/10_biological_integration/wgcna_circular_atlas/global/wgcna_circular_publication_supermodule_effect_heatmap_all_","FULL_PATH","results/integration/render_module_circular_atlas/global/plots/wgcna_circular_publication_supermodule_effect_heatmap_all_datasets.pdf","","PROVENANCE","historical",FALSE,"HIGH",""
"render_module_circular_atlas","pRoteomics","audits/phase6g_integration_lifecycle.csv","90: ""render_module_circular_atlas"",""results/figures/10_biological_integration/wgcna_circular_atlas/global/wgcna_circular_publication_supermodule_effect_heatmap_neur","FULL_PATH","results/integration/render_module_circular_atlas/global/plots/wgcna_circular_publication_supermodule_effect_heatmap_neuron_neuropil.svg","","PROVENANCE","historical",FALSE,"HIGH",""
"render_module_circular_atlas","pRoteomics","audits/phase6g_integration_lifecycle.csv","91: ""render_module_circular_atlas"",""results/figures/10_biological_integration/wgcna_circular_atlas/global/wgcna_circular_publication_supermodule_effect_heatmap_neur","FULL_PATH","results/integration/render_module_circular_atlas/global/plots/wgcna_circular_publication_supermodule_effect_heatmap_neuron_neuropil.pdf","","PROVENANCE","historical",FALSE,"HIGH",""
"render_module_circular_atlas","pRoteomics","audits/phase6g_integration_lifecycle.csv","92: ""render_module_circular_atlas"",""results/figures/10_biological_integration/wgcna_circular_atlas/global/wgcna_circular_publication_supermodule_effect_heatmap_neur","FULL_PATH","results/integration/render_module_circular_atlas/global/plots/wgcna_circular_publication_supermodule_effect_heatmap_neuron_soma.svg","","PROVENANCE","historical",FALSE,"HIGH",""
"render_module_circular_atlas","pRoteomics","audits/phase6g_integration_lifecycle.csv","93: ""render_module_circular_atlas"",""results/figures/10_biological_integration/wgcna_circular_atlas/global/wgcna_circular_publication_supermodule_effect_heatmap_neur","FULL_PATH","results/integration/render_module_circular_atlas/global/plots/wgcna_circular_publication_supermodule_effect_heatmap_neuron_soma.pdf","","PROVENANCE","historical",FALSE,"HIGH",""
"render_module_circular_atlas","pRoteomics","audits/phase6g_integration_lifecycle.csv","94: ""render_module_circular_atlas"",""results/figures/10_biological_integration/wgcna_circular_atlas/global/wgcna_circular_publication_supermodule_effect_heatmap_micr","FULL_PATH","results/integration/render_module_circular_atlas/global/plots/wgcna_circular_publication_supermodule_effect_heatmap_microglia.svg","","PROVENANCE","historical",FALSE,"HIGH",""
"render_module_circular_atlas","pRoteomics","audits/phase6g_integration_lifecycle.csv","95: ""render_module_circular_atlas"",""results/figures/10_biological_integration/wgcna_circular_atlas/global/wgcna_circular_publication_supermodule_effect_heatmap_micr","FULL_PATH","results/integration/render_module_circular_atlas/global/plots/wgcna_circular_publication_supermodule_effect_heatmap_microglia.pdf","","PROVENANCE","historical",FALSE,"HIGH",""
"render_module_circular_atlas","pRoteomics","audits/phase6g_integration_lifecycle.csv","96: ""render_module_circular_atlas"",""results/figures/10_biological_integration/wgcna_circular_atlas/global/wgcna_region_layer_heatmap_all_modules.svg"",""results/integ","FULL_PATH","results/integration/render_module_circular_atlas/global/plots/wgcna_region_layer_heatmap_all_modules.svg","","PROVENANCE","historical",FALSE,"HIGH",""
"render_module_circular_atlas","pRoteomics","audits/phase6g_integration_lifecycle.csv","97: ""render_module_circular_atlas"",""results/figures/10_biological_integration/wgcna_circular_atlas/global/wgcna_region_layer_heatmap_all_modules.pdf"",""results/integ","FULL_PATH","results/integration/render_module_circular_atlas/global/plots/wgcna_region_layer_heatmap_all_modules.pdf","","PROVENANCE","historical",FALSE,"HIGH",""
"render_module_circular_atlas","pRoteomics","audits/phase6g_integration_lifecycle.csv","98: ""render_module_circular_atlas"",""results/tables/10_biological_integration/wgcna_circular_atlas/global/wgcna_circular_atlas_metrics.csv"",""results/integration/rend","FULL_PATH","results/integration/render_module_circular_atlas/global/tables/wgcna_circular_atlas_metrics.csv","","PROVENANCE","historical",FALSE,"HIGH",""
"render_module_circular_atlas","pRoteomics","audits/phase6g_integration_lifecycle.csv","99: ""render_module_circular_atlas"",""results/source_data/10_biological_integration/wgcna_circular_atlas/global/"",""results/integration/render_module_circular_atlas/gl","FULL_PATH","results/integration/render_module_circular_atlas/global/tables/source_data","","PROVENANCE","historical",FALSE,"HIGH",""
"render_module_circular_atlas","pRoteomics","audits/phase6g_integration_lifecycle.csv","100: ""render_module_circular_atlas"",""results/source_data/10_biological_integration/wgcna_circular_atlas/global/wgcna_circular_atlas_segments.csv"",""results/integratio","FULL_PATH","results/integration/render_module_circular_atlas/global/tables/source_data","","PROVENANCE","historical",FALSE,"HIGH",""
"render_module_circular_atlas","pRoteomics","audits/phase6g_integration_lifecycle.csv","101: ""render_module_circular_atlas"",""results/source_data/10_biological_integration/wgcna_circular_atlas/global/wgcna_circular_atlas_plot_source.csv"",""results/integra","FULL_PATH","results/integration/render_module_circular_atlas/global/tables/source_data","","PROVENANCE","historical",FALSE,"HIGH",""
"render_module_circular_atlas","pRoteomics","audits/phase6g_integration_lifecycle.csv","102: ""render_module_circular_atlas"",""results/source_data/10_biological_integration/wgcna_circular_atlas/global/wgcna_circular_heatmap_source_supermodule.csv"",""result","FULL_PATH","results/integration/render_module_circular_atlas/global/tables/source_data","","PROVENANCE","historical",FALSE,"HIGH",""
"render_module_circular_atlas","pRoteomics","audits/phase6g_integration_lifecycle.csv","103: ""render_module_circular_atlas"",""results/source_data/10_biological_integration/wgcna_circular_atlas/global/wgcna_circular_heatmap_source_module.csv"",""results/int","FULL_PATH","results/integration/render_module_circular_atlas/global/tables/source_data","","PROVENANCE","historical",FALSE,"HIGH",""
"render_module_circular_atlas","pRoteomics","audits/phase6g_integration_lifecycle.csv","104: ""render_module_circular_atlas"",""results/source_data/10_biological_integration/wgcna_circular_atlas/global/wgcna_circular_heatmap_layout_all_datasets.csv"",""resul","FULL_PATH","results/integration/render_module_circular_atlas/global/tables/source_data","","PROVENANCE","historical",FALSE,"HIGH",""
"render_module_circular_atlas","pRoteomics","audits/phase6g_integration_lifecycle.csv","105: ""render_module_circular_atlas"",""results/source_data/10_biological_integration/wgcna_circular_atlas/global/wgcna_circular_publication_supermodule_effect_heatmap_","FULL_PATH","results/integration/render_module_circular_atlas/global/tables/source_data","","PROVENANCE","historical",FALSE,"HIGH",""
"render_module_circular_atlas","pRoteomics","audits/phase6g_integration_lifecycle.csv","106: ""render_module_circular_atlas"",""results/source_data/10_biological_integration/wgcna_circular_atlas/global/wgcna_circular_publication_supermodule_effect_heatmap_","FULL_PATH","results/integration/render_module_circular_atlas/global/tables/source_data","","PROVENANCE","historical",FALSE,"HIGH",""
"render_module_circular_atlas","pRoteomics","audits/phase6g_integration_lifecycle.csv","100: ""render_module_circular_atlas"",""results/source_data/10_biological_integration/wgcna_circular_atlas/global/wgcna_circular_atlas_segments.csv"",""results/integratio","FULL_PATH","results/integration/render_module_circular_atlas/global/tables/source_data/wgcna_circular_atlas_segments.csv","","PROVENANCE","historical",FALSE,"HIGH",""
"render_module_circular_atlas","pRoteomics","audits/phase6g_integration_lifecycle.csv","101: ""render_module_circular_atlas"",""results/source_data/10_biological_integration/wgcna_circular_atlas/global/wgcna_circular_atlas_plot_source.csv"",""results/integra","FULL_PATH","results/integration/render_module_circular_atlas/global/tables/source_data/wgcna_circular_atlas_plot_source.csv","","PROVENANCE","historical",FALSE,"HIGH",""
"render_module_circular_atlas","pRoteomics","audits/phase6g_integration_lifecycle.csv","102: ""render_module_circular_atlas"",""results/source_data/10_biological_integration/wgcna_circular_atlas/global/wgcna_circular_heatmap_source_supermodule.csv"",""result","FULL_PATH","results/integration/render_module_circular_atlas/global/tables/source_data/wgcna_circular_heatmap_source_supermodule.csv","","PROVENANCE","historical",FALSE,"HIGH",""
"render_module_circular_atlas","pRoteomics","audits/phase6g_integration_lifecycle.csv","103: ""render_module_circular_atlas"",""results/source_data/10_biological_integration/wgcna_circular_atlas/global/wgcna_circular_heatmap_source_module.csv"",""results/int","FULL_PATH","results/integration/render_module_circular_atlas/global/tables/source_data/wgcna_circular_heatmap_source_module.csv","","PROVENANCE","historical",FALSE,"HIGH",""
"render_module_circular_atlas","pRoteomics","audits/phase6g_integration_lifecycle.csv","104: ""render_module_circular_atlas"",""results/source_data/10_biological_integration/wgcna_circular_atlas/global/wgcna_circular_heatmap_layout_all_datasets.csv"",""resul","FULL_PATH","results/integration/render_module_circular_atlas/global/tables/source_data/wgcna_circular_heatmap_layout_all_datasets.csv","","PROVENANCE","historical",FALSE,"HIGH",""
"render_module_circular_atlas","pRoteomics","audits/phase6g_integration_lifecycle.csv","105: ""render_module_circular_atlas"",""results/source_data/10_biological_integration/wgcna_circular_atlas/global/wgcna_circular_publication_supermodule_effect_heatmap_","FULL_PATH","results/integration/render_module_circular_atlas/global/tables/source_data/wgcna_circular_publication_supermodule_effect_heatmap_source.csv","","PROVENANCE","historical",FALSE,"HIGH",""
"render_module_circular_atlas","pRoteomics","audits/phase6g_integration_lifecycle.csv","106: ""render_module_circular_atlas"",""results/source_data/10_biological_integration/wgcna_circular_atlas/global/wgcna_circular_publication_supermodule_effect_heatmap_","FULL_PATH","results/integration/render_module_circular_atlas/global/tables/source_data/wgcna_circular_publication_supermodule_effect_heatmap_layout_all_datasets.csv","","PROVENANCE","historical",FALSE,"HIGH",""
"render_module_circular_atlas","pRoteomics","audits/phase6g_integration_lifecycle.csv","107: ""render_module_circular_atlas"",""results/reports/10_biological_integration/wgcna_circular_atlas/global/wgcna_circular_atlas_input_status.csv"",""results/integratio","FULL_PATH","results/integration/render_module_circular_atlas/global/reports/wgcna_circular_atlas_input_status.csv","","PROVENANCE","historical",FALSE,"HIGH",""
"render_module_circular_atlas","pRoteomics","audits/phase6g_integration_lifecycle.csv","108: ""render_module_circular_atlas"",""results/reports/10_biological_integration/wgcna_circular_atlas/global/wgcna_circular_vs_publication_heatmap_source_audit.csv"",""r","FULL_PATH","results/integration/render_module_circular_atlas/global/reports/wgcna_circular_vs_publication_heatmap_source_audit.csv","","PROVENANCE","historical",FALSE,"HIGH",""
"render_module_circular_atlas","pRoteomics","audits/phase6g_integration_lifecycle.csv","109: ""render_module_circular_atlas"",""results/reports/10_biological_integration/wgcna_circular_atlas/global/wgcna_circular_vs_publication_supermodule_id_comparison.cs","FULL_PATH","results/integration/render_module_circular_atlas/global/reports/wgcna_circular_vs_publication_supermodule_id_comparison.csv","","PROVENANCE","historical",FALSE,"HIGH",""
"render_module_circular_atlas","pRoteomics","audits/phase6g_integration_lifecycle.csv","110: ""render_module_circular_atlas"",""results/reports/10_biological_integration/wgcna_circular_atlas/global/wgcna_circular_metric_consistency_audit.csv"",""results/inte","FULL_PATH","results/integration/render_module_circular_atlas/global/reports/wgcna_circular_metric_consistency_audit.csv","","PROVENANCE","historical",FALSE,"HIGH",""
"render_module_circular_atlas","pRoteomics","audits/phase6g_integration_lifecycle.csv","111: ""render_module_circular_atlas"",""results/reports/10_biological_integration/wgcna_circular_atlas/global/wgcna_module_supermodule_mapping_audit.csv"",""results/integ","FULL_PATH","results/integration/render_module_circular_atlas/global/reports/wgcna_module_supermodule_mapping_audit.csv","","PROVENANCE","historical",FALSE,"HIGH",""
"render_module_circular_atlas","pRoteomics","audits/phase6g_integration_lifecycle.csv","112: ""render_module_circular_atlas"",""results/reports/10_biological_integration/wgcna_circular_atlas/global/wgcna_circular_atlas_stage13_selection_audit.csv"",""results","FULL_PATH","results/integration/render_module_circular_atlas/global/reports/circular_atlas_selection_audit.csv","","PROVENANCE","historical",FALSE,"HIGH",""
"render_module_circular_atlas","pRoteomics","audits/phase6g_integration_lifecycle.csv","113: ""render_module_circular_atlas"",""results/logs/10_biological_integration/wgcna_circular_atlas/global/run_manifest.yml"",""results/integration/render_module_circular","FULL_PATH","results/integration/render_module_circular_atlas/global/manifests/run_manifest.yml","","PROVENANCE","historical",FALSE,"HIGH",""
"render_module_circular_atlas","pRoteomics","audits/phase6g_integration_lifecycle.csv","98: ""render_module_circular_atlas"",""results/tables/10_biological_integration/wgcna_circular_atlas/global/wgcna_circular_atlas_metrics.csv"",""results/integration/rend","FULL_PATH","results/tables/10_biological_integration/wgcna_circular_atlas/global/wgcna_circular_atlas_metrics.csv","","PROVENANCE","historical",FALSE,"HIGH",""
"render_module_circular_atlas","pRoteomics","audits/phase6g_integration_lifecycle.csv","75: ""render_module_circular_atlas"",""results/figures/10_biological_integration/wgcna_circular_atlas/global/"",""results/integration/render_module_circular_atlas/global","FULL_PATH","results/figures/10_biological_integration/wgcna_circular_atlas/global","","PROVENANCE","historical",FALSE,"HIGH",""
"render_module_circular_atlas","pRoteomics","audits/phase6g_integration_lifecycle.csv","76: ""render_module_circular_atlas"",""results/figures/10_biological_integration/wgcna_circular_atlas/global/wgcna_circular_atlas_main.svg"",""results/integration/render","FULL_PATH","results/figures/10_biological_integration/wgcna_circular_atlas/global","","PROVENANCE","historical",FALSE,"HIGH",""
"render_module_circular_atlas","pRoteomics","audits/phase6g_integration_lifecycle.csv","77: ""render_module_circular_atlas"",""results/figures/10_biological_integration/wgcna_circular_atlas/global/wgcna_circular_atlas_main.pdf"",""results/integration/render","FULL_PATH","results/figures/10_biological_integration/wgcna_circular_atlas/global","","PROVENANCE","historical",FALSE,"HIGH",""
"render_module_circular_atlas","pRoteomics","audits/phase6g_integration_lifecycle.csv","78: ""render_module_circular_atlas"",""results/figures/10_biological_integration/wgcna_circular_atlas/global/wgcna_circular_atlas_selected_only.svg"",""results/integrati","FULL_PATH","results/figures/10_biological_integration/wgcna_circular_atlas/global","","PROVENANCE","historical",FALSE,"HIGH",""
"render_module_circular_atlas","pRoteomics","audits/phase6g_integration_lifecycle.csv","79: ""render_module_circular_atlas"",""results/figures/10_biological_integration/wgcna_circular_atlas/global/wgcna_circular_atlas_selected_only.pdf"",""results/integrati","FULL_PATH","results/figures/10_biological_integration/wgcna_circular_atlas/global","","PROVENANCE","historical",FALSE,"HIGH",""
"render_module_circular_atlas","pRoteomics","audits/phase6g_integration_lifecycle.csv","80: ""render_module_circular_atlas"",""results/figures/10_biological_integration/wgcna_circular_atlas/global/wgcna_circular_heatmap_all_datasets.svg"",""results/integrat","FULL_PATH","results/figures/10_biological_integration/wgcna_circular_atlas/global","","PROVENANCE","historical",FALSE,"HIGH",""
"render_module_circular_atlas","pRoteomics","audits/phase6g_integration_lifecycle.csv","81: ""render_module_circular_atlas"",""results/figures/10_biological_integration/wgcna_circular_atlas/global/wgcna_circular_heatmap_all_datasets.pdf"",""results/integrat","FULL_PATH","results/figures/10_biological_integration/wgcna_circular_atlas/global","","PROVENANCE","historical",FALSE,"HIGH",""
"render_module_circular_atlas","pRoteomics","audits/phase6g_integration_lifecycle.csv","82: ""render_module_circular_atlas"",""results/figures/10_biological_integration/wgcna_circular_atlas/global/wgcna_circular_heatmap_neuron_neuropil.svg"",""results/integ","FULL_PATH","results/figures/10_biological_integration/wgcna_circular_atlas/global","","PROVENANCE","historical",FALSE,"HIGH",""
"render_module_circular_atlas","pRoteomics","audits/phase6g_integration_lifecycle.csv","83: ""render_module_circular_atlas"",""results/figures/10_biological_integration/wgcna_circular_atlas/global/wgcna_circular_heatmap_neuron_neuropil.pdf"",""results/integ","FULL_PATH","results/figures/10_biological_integration/wgcna_circular_atlas/global","","PROVENANCE","historical",FALSE,"HIGH",""
"render_module_circular_atlas","pRoteomics","audits/phase6g_integration_lifecycle.csv","84: ""render_module_circular_atlas"",""results/figures/10_biological_integration/wgcna_circular_atlas/global/wgcna_circular_heatmap_neuron_soma.svg"",""results/integrati","FULL_PATH","results/figures/10_biological_integration/wgcna_circular_atlas/global","","PROVENANCE","historical",FALSE,"HIGH",""
"render_module_circular_atlas","pRoteomics","audits/phase6g_integration_lifecycle.csv","85: ""render_module_circular_atlas"",""results/figures/10_biological_integration/wgcna_circular_atlas/global/wgcna_circular_heatmap_neuron_soma.pdf"",""results/integrati","FULL_PATH","results/figures/10_biological_integration/wgcna_circular_atlas/global","","PROVENANCE","historical",FALSE,"HIGH",""
"render_module_circular_atlas","pRoteomics","audits/phase6g_integration_lifecycle.csv","86: ""render_module_circular_atlas"",""results/figures/10_biological_integration/wgcna_circular_atlas/global/wgcna_circular_heatmap_microglia.svg"",""results/integration","FULL_PATH","results/figures/10_biological_integration/wgcna_circular_atlas/global","","PROVENANCE","historical",FALSE,"HIGH",""
"render_module_circular_atlas","pRoteomics","audits/phase6g_integration_lifecycle.csv","87: ""render_module_circular_atlas"",""results/figures/10_biological_integration/wgcna_circular_atlas/global/wgcna_circular_heatmap_microglia.pdf"",""results/integration","FULL_PATH","results/figures/10_biological_integration/wgcna_circular_atlas/global","","PROVENANCE","historical",FALSE,"HIGH",""
"render_module_circular_atlas","pRoteomics","audits/phase6g_integration_lifecycle.csv","88: ""render_module_circular_atlas"",""results/figures/10_biological_integration/wgcna_circular_atlas/global/wgcna_circular_publication_supermodule_effect_heatmap_all_","FULL_PATH","results/figures/10_biological_integration/wgcna_circular_atlas/global","","PROVENANCE","historical",FALSE,"HIGH",""
"render_module_circular_atlas","pRoteomics","audits/phase6g_integration_lifecycle.csv","89: ""render_module_circular_atlas"",""results/figures/10_biological_integration/wgcna_circular_atlas/global/wgcna_circular_publication_supermodule_effect_heatmap_all_","FULL_PATH","results/figures/10_biological_integration/wgcna_circular_atlas/global","","PROVENANCE","historical",FALSE,"HIGH",""
"render_module_circular_atlas","pRoteomics","audits/phase6g_integration_lifecycle.csv","90: ""render_module_circular_atlas"",""results/figures/10_biological_integration/wgcna_circular_atlas/global/wgcna_circular_publication_supermodule_effect_heatmap_neur","FULL_PATH","results/figures/10_biological_integration/wgcna_circular_atlas/global","","PROVENANCE","historical",FALSE,"HIGH",""
"render_module_circular_atlas","pRoteomics","audits/phase6g_integration_lifecycle.csv","91: ""render_module_circular_atlas"",""results/figures/10_biological_integration/wgcna_circular_atlas/global/wgcna_circular_publication_supermodule_effect_heatmap_neur","FULL_PATH","results/figures/10_biological_integration/wgcna_circular_atlas/global","","PROVENANCE","historical",FALSE,"HIGH",""
"render_module_circular_atlas","pRoteomics","audits/phase6g_integration_lifecycle.csv","92: ""render_module_circular_atlas"",""results/figures/10_biological_integration/wgcna_circular_atlas/global/wgcna_circular_publication_supermodule_effect_heatmap_neur","FULL_PATH","results/figures/10_biological_integration/wgcna_circular_atlas/global","","PROVENANCE","historical",FALSE,"HIGH",""
"render_module_circular_atlas","pRoteomics","audits/phase6g_integration_lifecycle.csv","93: ""render_module_circular_atlas"",""results/figures/10_biological_integration/wgcna_circular_atlas/global/wgcna_circular_publication_supermodule_effect_heatmap_neur","FULL_PATH","results/figures/10_biological_integration/wgcna_circular_atlas/global","","PROVENANCE","historical",FALSE,"HIGH",""
"render_module_circular_atlas","pRoteomics","audits/phase6g_integration_lifecycle.csv","94: ""render_module_circular_atlas"",""results/figures/10_biological_integration/wgcna_circular_atlas/global/wgcna_circular_publication_supermodule_effect_heatmap_micr","FULL_PATH","results/figures/10_biological_integration/wgcna_circular_atlas/global","","PROVENANCE","historical",FALSE,"HIGH",""
"render_module_circular_atlas","pRoteomics","audits/phase6g_integration_lifecycle.csv","95: ""render_module_circular_atlas"",""results/figures/10_biological_integration/wgcna_circular_atlas/global/wgcna_circular_publication_supermodule_effect_heatmap_micr","FULL_PATH","results/figures/10_biological_integration/wgcna_circular_atlas/global","","PROVENANCE","historical",FALSE,"HIGH",""
"render_module_circular_atlas","pRoteomics","audits/phase6g_integration_lifecycle.csv","96: ""render_module_circular_atlas"",""results/figures/10_biological_integration/wgcna_circular_atlas/global/wgcna_region_layer_heatmap_all_modules.svg"",""results/integ","FULL_PATH","results/figures/10_biological_integration/wgcna_circular_atlas/global","","PROVENANCE","historical",FALSE,"HIGH",""
"render_module_circular_atlas","pRoteomics","audits/phase6g_integration_lifecycle.csv","97: ""render_module_circular_atlas"",""results/figures/10_biological_integration/wgcna_circular_atlas/global/wgcna_region_layer_heatmap_all_modules.pdf"",""results/integ","FULL_PATH","results/figures/10_biological_integration/wgcna_circular_atlas/global","","PROVENANCE","historical",FALSE,"HIGH",""
"render_module_circular_atlas","pRoteomics","audits/phase6g_integration_lifecycle.csv","77: ""render_module_circular_atlas"",""results/figures/10_biological_integration/wgcna_circular_atlas/global/wgcna_circular_atlas_main.pdf"",""results/integration/render","FULL_PATH","results/figures/10_biological_integration/wgcna_circular_atlas/global/wgcna_circular_atlas_main.pdf","","PROVENANCE","historical",FALSE,"HIGH",""
"render_module_circular_atlas","pRoteomics","audits/phase6g_integration_lifecycle.csv","76: ""render_module_circular_atlas"",""results/figures/10_biological_integration/wgcna_circular_atlas/global/wgcna_circular_atlas_main.svg"",""results/integration/render","FULL_PATH","results/figures/10_biological_integration/wgcna_circular_atlas/global/wgcna_circular_atlas_main.svg","","PROVENANCE","historical",FALSE,"HIGH",""
"render_module_circular_atlas","pRoteomics","audits/phase6g_integration_lifecycle.csv","79: ""render_module_circular_atlas"",""results/figures/10_biological_integration/wgcna_circular_atlas/global/wgcna_circular_atlas_selected_only.pdf"",""results/integrati","FULL_PATH","results/figures/10_biological_integration/wgcna_circular_atlas/global/wgcna_circular_atlas_selected_only.pdf","","PROVENANCE","historical",FALSE,"HIGH",""
"render_module_circular_atlas","pRoteomics","audits/phase6g_integration_lifecycle.csv","78: ""render_module_circular_atlas"",""results/figures/10_biological_integration/wgcna_circular_atlas/global/wgcna_circular_atlas_selected_only.svg"",""results/integrati","FULL_PATH","results/figures/10_biological_integration/wgcna_circular_atlas/global/wgcna_circular_atlas_selected_only.svg","","PROVENANCE","historical",FALSE,"HIGH",""
"render_module_circular_atlas","pRoteomics","audits/phase6g_integration_lifecycle.csv","81: ""render_module_circular_atlas"",""results/figures/10_biological_integration/wgcna_circular_atlas/global/wgcna_circular_heatmap_all_datasets.pdf"",""results/integrat","FULL_PATH","results/figures/10_biological_integration/wgcna_circular_atlas/global/wgcna_circular_heatmap_all_datasets.pdf","","PROVENANCE","historical",FALSE,"HIGH",""
"render_module_circular_atlas","pRoteomics","audits/phase6g_integration_lifecycle.csv","80: ""render_module_circular_atlas"",""results/figures/10_biological_integration/wgcna_circular_atlas/global/wgcna_circular_heatmap_all_datasets.svg"",""results/integrat","FULL_PATH","results/figures/10_biological_integration/wgcna_circular_atlas/global/wgcna_circular_heatmap_all_datasets.svg","","PROVENANCE","historical",FALSE,"HIGH",""
"render_module_circular_atlas","pRoteomics","audits/phase6g_integration_lifecycle.csv","87: ""render_module_circular_atlas"",""results/figures/10_biological_integration/wgcna_circular_atlas/global/wgcna_circular_heatmap_microglia.pdf"",""results/integration","FULL_PATH","results/figures/10_biological_integration/wgcna_circular_atlas/global/wgcna_circular_heatmap_microglia.pdf","","PROVENANCE","historical",FALSE,"HIGH",""
"render_module_circular_atlas","pRoteomics","audits/phase6g_integration_lifecycle.csv","86: ""render_module_circular_atlas"",""results/figures/10_biological_integration/wgcna_circular_atlas/global/wgcna_circular_heatmap_microglia.svg"",""results/integration","FULL_PATH","results/figures/10_biological_integration/wgcna_circular_atlas/global/wgcna_circular_heatmap_microglia.svg","","PROVENANCE","historical",FALSE,"HIGH",""
"render_module_circular_atlas","pRoteomics","audits/phase6g_integration_lifecycle.csv","83: ""render_module_circular_atlas"",""results/figures/10_biological_integration/wgcna_circular_atlas/global/wgcna_circular_heatmap_neuron_neuropil.pdf"",""results/integ","FULL_PATH","results/figures/10_biological_integration/wgcna_circular_atlas/global/wgcna_circular_heatmap_neuron_neuropil.pdf","","PROVENANCE","historical",FALSE,"HIGH",""
"render_module_circular_atlas","pRoteomics","audits/phase6g_integration_lifecycle.csv","82: ""render_module_circular_atlas"",""results/figures/10_biological_integration/wgcna_circular_atlas/global/wgcna_circular_heatmap_neuron_neuropil.svg"",""results/integ","FULL_PATH","results/figures/10_biological_integration/wgcna_circular_atlas/global/wgcna_circular_heatmap_neuron_neuropil.svg","","PROVENANCE","historical",FALSE,"HIGH",""
"render_module_circular_atlas","pRoteomics","audits/phase6g_integration_lifecycle.csv","85: ""render_module_circular_atlas"",""results/figures/10_biological_integration/wgcna_circular_atlas/global/wgcna_circular_heatmap_neuron_soma.pdf"",""results/integrati","FULL_PATH","results/figures/10_biological_integration/wgcna_circular_atlas/global/wgcna_circular_heatmap_neuron_soma.pdf","","PROVENANCE","historical",FALSE,"HIGH",""
"render_module_circular_atlas","pRoteomics","audits/phase6g_integration_lifecycle.csv","84: ""render_module_circular_atlas"",""results/figures/10_biological_integration/wgcna_circular_atlas/global/wgcna_circular_heatmap_neuron_soma.svg"",""results/integrati","FULL_PATH","results/figures/10_biological_integration/wgcna_circular_atlas/global/wgcna_circular_heatmap_neuron_soma.svg","","PROVENANCE","historical",FALSE,"HIGH",""
"render_module_circular_atlas","pRoteomics","audits/phase6g_integration_lifecycle.csv","89: ""render_module_circular_atlas"",""results/figures/10_biological_integration/wgcna_circular_atlas/global/wgcna_circular_publication_supermodule_effect_heatmap_all_","FULL_PATH","results/figures/10_biological_integration/wgcna_circular_atlas/global/wgcna_circular_publication_supermodule_effect_heatmap_all_datasets.pdf","","PROVENANCE","historical",FALSE,"HIGH",""
"render_module_circular_atlas","pRoteomics","audits/phase6g_integration_lifecycle.csv","88: ""render_module_circular_atlas"",""results/figures/10_biological_integration/wgcna_circular_atlas/global/wgcna_circular_publication_supermodule_effect_heatmap_all_","FULL_PATH","results/figures/10_biological_integration/wgcna_circular_atlas/global/wgcna_circular_publication_supermodule_effect_heatmap_all_datasets.svg","","PROVENANCE","historical",FALSE,"HIGH",""
"render_module_circular_atlas","pRoteomics","audits/phase6g_integration_lifecycle.csv","95: ""render_module_circular_atlas"",""results/figures/10_biological_integration/wgcna_circular_atlas/global/wgcna_circular_publication_supermodule_effect_heatmap_micr","FULL_PATH","results/figures/10_biological_integration/wgcna_circular_atlas/global/wgcna_circular_publication_supermodule_effect_heatmap_microglia.pdf","","PROVENANCE","historical",FALSE,"HIGH",""
"render_module_circular_atlas","pRoteomics","audits/phase6g_integration_lifecycle.csv","94: ""render_module_circular_atlas"",""results/figures/10_biological_integration/wgcna_circular_atlas/global/wgcna_circular_publication_supermodule_effect_heatmap_micr","FULL_PATH","results/figures/10_biological_integration/wgcna_circular_atlas/global/wgcna_circular_publication_supermodule_effect_heatmap_microglia.svg","","PROVENANCE","historical",FALSE,"HIGH",""
"render_module_circular_atlas","pRoteomics","audits/phase6g_integration_lifecycle.csv","91: ""render_module_circular_atlas"",""results/figures/10_biological_integration/wgcna_circular_atlas/global/wgcna_circular_publication_supermodule_effect_heatmap_neur","FULL_PATH","results/figures/10_biological_integration/wgcna_circular_atlas/global/wgcna_circular_publication_supermodule_effect_heatmap_neuron_neuropil.pdf","","PROVENANCE","historical",FALSE,"HIGH",""
"render_module_circular_atlas","pRoteomics","audits/phase6g_integration_lifecycle.csv","90: ""render_module_circular_atlas"",""results/figures/10_biological_integration/wgcna_circular_atlas/global/wgcna_circular_publication_supermodule_effect_heatmap_neur","FULL_PATH","results/figures/10_biological_integration/wgcna_circular_atlas/global/wgcna_circular_publication_supermodule_effect_heatmap_neuron_neuropil.svg","","PROVENANCE","historical",FALSE,"HIGH",""
"render_module_circular_atlas","pRoteomics","audits/phase6g_integration_lifecycle.csv","93: ""render_module_circular_atlas"",""results/figures/10_biological_integration/wgcna_circular_atlas/global/wgcna_circular_publication_supermodule_effect_heatmap_neur","FULL_PATH","results/figures/10_biological_integration/wgcna_circular_atlas/global/wgcna_circular_publication_supermodule_effect_heatmap_neuron_soma.pdf","","PROVENANCE","historical",FALSE,"HIGH",""
"render_module_circular_atlas","pRoteomics","audits/phase6g_integration_lifecycle.csv","92: ""render_module_circular_atlas"",""results/figures/10_biological_integration/wgcna_circular_atlas/global/wgcna_circular_publication_supermodule_effect_heatmap_neur","FULL_PATH","results/figures/10_biological_integration/wgcna_circular_atlas/global/wgcna_circular_publication_supermodule_effect_heatmap_neuron_soma.svg","","PROVENANCE","historical",FALSE,"HIGH",""
"render_module_circular_atlas","pRoteomics","audits/phase6g_integration_lifecycle.csv","97: ""render_module_circular_atlas"",""results/figures/10_biological_integration/wgcna_circular_atlas/global/wgcna_region_layer_heatmap_all_modules.pdf"",""results/integ","FULL_PATH","results/figures/10_biological_integration/wgcna_circular_atlas/global/wgcna_region_layer_heatmap_all_modules.pdf","","PROVENANCE","historical",FALSE,"HIGH",""
"render_module_circular_atlas","pRoteomics","audits/phase6g_integration_lifecycle.csv","96: ""render_module_circular_atlas"",""results/figures/10_biological_integration/wgcna_circular_atlas/global/wgcna_region_layer_heatmap_all_modules.svg"",""results/integ","FULL_PATH","results/figures/10_biological_integration/wgcna_circular_atlas/global/wgcna_region_layer_heatmap_all_modules.svg","","PROVENANCE","historical",FALSE,"HIGH",""
"render_module_circular_atlas","pRoteomics","audits/phase6g_integration_lifecycle.csv","107: ""render_module_circular_atlas"",""results/reports/10_biological_integration/wgcna_circular_atlas/global/wgcna_circular_atlas_input_status.csv"",""results/integratio","FULL_PATH","results/reports/10_biological_integration/wgcna_circular_atlas/global/wgcna_circular_atlas_input_status.csv","","PROVENANCE","historical",FALSE,"HIGH",""
"render_module_circular_atlas","pRoteomics","audits/phase6g_integration_lifecycle.csv","112: ""render_module_circular_atlas"",""results/reports/10_biological_integration/wgcna_circular_atlas/global/wgcna_circular_atlas_stage13_selection_audit.csv"",""results","FULL_PATH","results/reports/10_biological_integration/wgcna_circular_atlas/global/wgcna_circular_atlas_stage13_selection_audit.csv","","PROVENANCE","historical",FALSE,"HIGH",""
"render_module_circular_atlas","pRoteomics","audits/phase6g_integration_lifecycle.csv","110: ""render_module_circular_atlas"",""results/reports/10_biological_integration/wgcna_circular_atlas/global/wgcna_circular_metric_consistency_audit.csv"",""results/inte","FULL_PATH","results/reports/10_biological_integration/wgcna_circular_atlas/global/wgcna_circular_metric_consistency_audit.csv","","PROVENANCE","historical",FALSE,"HIGH",""
"render_module_circular_atlas","pRoteomics","audits/phase6g_integration_lifecycle.csv","108: ""render_module_circular_atlas"",""results/reports/10_biological_integration/wgcna_circular_atlas/global/wgcna_circular_vs_publication_heatmap_source_audit.csv"",""r","FULL_PATH","results/reports/10_biological_integration/wgcna_circular_atlas/global/wgcna_circular_vs_publication_heatmap_source_audit.csv","","PROVENANCE","historical",FALSE,"HIGH",""
"render_module_circular_atlas","pRoteomics","audits/phase6g_integration_lifecycle.csv","111: ""render_module_circular_atlas"",""results/reports/10_biological_integration/wgcna_circular_atlas/global/wgcna_module_supermodule_mapping_audit.csv"",""results/integ","FULL_PATH","results/reports/10_biological_integration/wgcna_circular_atlas/global/wgcna_module_supermodule_mapping_audit.csv","","PROVENANCE","historical",FALSE,"HIGH",""
"render_module_circular_atlas","pRoteomics","audits/phase6g_integration_lifecycle.csv","109: ""render_module_circular_atlas"",""results/reports/10_biological_integration/wgcna_circular_atlas/global/wgcna_circular_vs_publication_supermodule_id_comparison.cs","FULL_PATH","results/reports/10_biological_integration/wgcna_circular_atlas/global/wgcna_circular_vs_publication_supermodule_id_comparison.csv","","PROVENANCE","historical",FALSE,"HIGH",""
"render_module_circular_atlas","pRoteomics","audits/phase6g_integration_lifecycle.csv","113: ""render_module_circular_atlas"",""results/logs/10_biological_integration/wgcna_circular_atlas/global/run_manifest.yml"",""results/integration/render_module_circular","FULL_PATH","results/logs/10_biological_integration/wgcna_circular_atlas/global/run_manifest.yml","","PROVENANCE","historical",FALSE,"HIGH",""
"render_module_circular_atlas","pRoteomics","audits/phase6g_integration_lifecycle.csv","99: ""render_module_circular_atlas"",""results/source_data/10_biological_integration/wgcna_circular_atlas/global/"",""results/integration/render_module_circular_atlas/gl","FULL_PATH","results/source_data/10_biological_integration/wgcna_circular_atlas/global","","PROVENANCE","historical",FALSE,"HIGH",""
"render_module_circular_atlas","pRoteomics","audits/phase6g_integration_lifecycle.csv","100: ""render_module_circular_atlas"",""results/source_data/10_biological_integration/wgcna_circular_atlas/global/wgcna_circular_atlas_segments.csv"",""results/integratio","FULL_PATH","results/source_data/10_biological_integration/wgcna_circular_atlas/global","","PROVENANCE","historical",FALSE,"HIGH",""
"render_module_circular_atlas","pRoteomics","audits/phase6g_integration_lifecycle.csv","101: ""render_module_circular_atlas"",""results/source_data/10_biological_integration/wgcna_circular_atlas/global/wgcna_circular_atlas_plot_source.csv"",""results/integra","FULL_PATH","results/source_data/10_biological_integration/wgcna_circular_atlas/global","","PROVENANCE","historical",FALSE,"HIGH",""
"render_module_circular_atlas","pRoteomics","audits/phase6g_integration_lifecycle.csv","102: ""render_module_circular_atlas"",""results/source_data/10_biological_integration/wgcna_circular_atlas/global/wgcna_circular_heatmap_source_supermodule.csv"",""result","FULL_PATH","results/source_data/10_biological_integration/wgcna_circular_atlas/global","","PROVENANCE","historical",FALSE,"HIGH",""
"render_module_circular_atlas","pRoteomics","audits/phase6g_integration_lifecycle.csv","103: ""render_module_circular_atlas"",""results/source_data/10_biological_integration/wgcna_circular_atlas/global/wgcna_circular_heatmap_source_module.csv"",""results/int","FULL_PATH","results/source_data/10_biological_integration/wgcna_circular_atlas/global","","PROVENANCE","historical",FALSE,"HIGH",""
"render_module_circular_atlas","pRoteomics","audits/phase6g_integration_lifecycle.csv","104: ""render_module_circular_atlas"",""results/source_data/10_biological_integration/wgcna_circular_atlas/global/wgcna_circular_heatmap_layout_all_datasets.csv"",""resul","FULL_PATH","results/source_data/10_biological_integration/wgcna_circular_atlas/global","","PROVENANCE","historical",FALSE,"HIGH",""
"render_module_circular_atlas","pRoteomics","audits/phase6g_integration_lifecycle.csv","105: ""render_module_circular_atlas"",""results/source_data/10_biological_integration/wgcna_circular_atlas/global/wgcna_circular_publication_supermodule_effect_heatmap_","FULL_PATH","results/source_data/10_biological_integration/wgcna_circular_atlas/global","","PROVENANCE","historical",FALSE,"HIGH",""
"render_module_circular_atlas","pRoteomics","audits/phase6g_integration_lifecycle.csv","106: ""render_module_circular_atlas"",""results/source_data/10_biological_integration/wgcna_circular_atlas/global/wgcna_circular_publication_supermodule_effect_heatmap_","FULL_PATH","results/source_data/10_biological_integration/wgcna_circular_atlas/global","","PROVENANCE","historical",FALSE,"HIGH",""
"render_module_circular_atlas","pRoteomics","audits/phase6g_integration_lifecycle.csv","101: ""render_module_circular_atlas"",""results/source_data/10_biological_integration/wgcna_circular_atlas/global/wgcna_circular_atlas_plot_source.csv"",""results/integra","FULL_PATH","results/source_data/10_biological_integration/wgcna_circular_atlas/global/wgcna_circular_atlas_plot_source.csv","","PROVENANCE","historical",FALSE,"HIGH",""
"render_module_circular_atlas","pRoteomics","audits/phase6g_integration_lifecycle.csv","100: ""render_module_circular_atlas"",""results/source_data/10_biological_integration/wgcna_circular_atlas/global/wgcna_circular_atlas_segments.csv"",""results/integratio","FULL_PATH","results/source_data/10_biological_integration/wgcna_circular_atlas/global/wgcna_circular_atlas_segments.csv","","PROVENANCE","historical",FALSE,"HIGH",""
"render_module_circular_atlas","pRoteomics","audits/phase6g_integration_lifecycle.csv","104: ""render_module_circular_atlas"",""results/source_data/10_biological_integration/wgcna_circular_atlas/global/wgcna_circular_heatmap_layout_all_datasets.csv"",""resul","FULL_PATH","results/source_data/10_biological_integration/wgcna_circular_atlas/global/wgcna_circular_heatmap_layout_all_datasets.csv","","PROVENANCE","historical",FALSE,"HIGH",""
"render_module_circular_atlas","pRoteomics","audits/phase6g_integration_lifecycle.csv","103: ""render_module_circular_atlas"",""results/source_data/10_biological_integration/wgcna_circular_atlas/global/wgcna_circular_heatmap_source_module.csv"",""results/int","FULL_PATH","results/source_data/10_biological_integration/wgcna_circular_atlas/global/wgcna_circular_heatmap_source_module.csv","","PROVENANCE","historical",FALSE,"HIGH",""
"render_module_circular_atlas","pRoteomics","audits/phase6g_integration_lifecycle.csv","102: ""render_module_circular_atlas"",""results/source_data/10_biological_integration/wgcna_circular_atlas/global/wgcna_circular_heatmap_source_supermodule.csv"",""result","FULL_PATH","results/source_data/10_biological_integration/wgcna_circular_atlas/global/wgcna_circular_heatmap_source_supermodule.csv","","PROVENANCE","historical",FALSE,"HIGH",""
"render_module_circular_atlas","pRoteomics","audits/phase6g_integration_lifecycle.csv","106: ""render_module_circular_atlas"",""results/source_data/10_biological_integration/wgcna_circular_atlas/global/wgcna_circular_publication_supermodule_effect_heatmap_","FULL_PATH","results/source_data/10_biological_integration/wgcna_circular_atlas/global/wgcna_circular_publication_supermodule_effect_heatmap_layout_all_datasets.csv","","PROVENANCE","historical",FALSE,"HIGH",""
"render_module_circular_atlas","pRoteomics","audits/phase6g_integration_lifecycle.csv","105: ""render_module_circular_atlas"",""results/source_data/10_biological_integration/wgcna_circular_atlas/global/wgcna_circular_publication_supermodule_effect_heatmap_","FULL_PATH","results/source_data/10_biological_integration/wgcna_circular_atlas/global/wgcna_circular_publication_supermodule_effect_heatmap_source.csv","","PROVENANCE","historical",FALSE,"HIGH",""
"render_module_circular_atlas","pRoteomics","audits/phase6g_integration_lifecycle.csv","13: ""build_cross_compartment_atlas"",""results/tables/10_biological_integration/cross_compartment_program_atlas/global/cross_compartment_program_atlas.csv"",""results/i","NAMESPACE_BASENAME","10_biological_integration","","PROVENANCE","historical",FALSE,"MEDIUM",""
"render_module_circular_atlas","pRoteomics","audits/phase6g_integration_lifecycle.csv","14: ""build_cross_compartment_atlas"",""results/tables/10_biological_integration/cross_compartment_program_atlas/global/cross_compartment_program_atlas_long.csv"",""resu","NAMESPACE_BASENAME","10_biological_integration","","PROVENANCE","historical",FALSE,"MEDIUM",""
"render_module_circular_atlas","pRoteomics","audits/phase6g_integration_lifecycle.csv","15: ""build_cross_compartment_atlas"",""results/source_data/10_biological_integration/cross_compartment_program_atlas/global/cross_compartment_program_atlas.csv"",""resu","NAMESPACE_BASENAME","10_biological_integration","","PROVENANCE","historical",FALSE,"MEDIUM",""
"render_module_circular_atlas","pRoteomics","audits/phase6g_integration_lifecycle.csv","16: ""build_cross_compartment_atlas"",""results/source_data/10_biological_integration/cross_compartment_program_atlas/global/cross_compartment_program_atlas_long.csv"",","NAMESPACE_BASENAME","10_biological_integration","","PROVENANCE","historical",FALSE,"MEDIUM",""
"render_module_circular_atlas","pRoteomics","audits/phase6g_integration_lifecycle.csv","17: ""build_cross_compartment_atlas"",""results/source_data/10_biological_integration/cross_compartment_program_atlas/global/cross_compartment_program_atlas_input_stat","NAMESPACE_BASENAME","10_biological_integration","","PROVENANCE","historical",FALSE,"MEDIUM",""
"render_module_circular_atlas","pRoteomics","audits/phase6g_integration_lifecycle.csv","18: ""build_cross_compartment_atlas"",""results/reports/10_biological_integration/cross_compartment_program_atlas/global/input_status.csv"",""results/integration/build_c","NAMESPACE_BASENAME","10_biological_integration","","PROVENANCE","historical",FALSE,"MEDIUM",""
"render_module_circular_atlas","pRoteomics","audits/phase6g_integration_lifecycle.csv","19: ""build_cross_compartment_atlas"",""results/logs/10_biological_integration/cross_compartment_program_atlas/global/run_manifest.yml"",""results/integration/build_cros","NAMESPACE_BASENAME","10_biological_integration","","PROVENANCE","historical",FALSE,"MEDIUM",""
"render_module_circular_atlas","pRoteomics","audits/phase6g_integration_lifecycle.csv","20: ""summarize_programs_for_manuscript"",""results/tables/10_biological_integration/manuscript_program_summary/global/manuscript_program_summary.csv"",""results/integra","NAMESPACE_BASENAME","10_biological_integration","","PROVENANCE","historical",FALSE,"MEDIUM",""
"render_module_circular_atlas","pRoteomics","audits/phase6g_integration_lifecycle.csv","21: ""summarize_programs_for_manuscript"",""results/source_data/10_biological_integration/manuscript_program_summary/global/manuscript_program_summary.csv"",""results/in","NAMESPACE_BASENAME","10_biological_integration","","PROVENANCE","historical",FALSE,"MEDIUM",""
"render_module_circular_atlas","pRoteomics","audits/phase6g_integration_lifecycle.csv","22: ""summarize_programs_for_manuscript"",""results/logs/10_biological_integration/manuscript_program_summary/global/run_manifest.yml"",""results/integration/summarize_p","NAMESPACE_BASENAME","10_biological_integration","","PROVENANCE","historical",FALSE,"MEDIUM",""
"render_module_circular_atlas","pRoteomics","audits/phase6g_integration_lifecycle.csv","23: ""build_evidence_priority_matrix"",""results/tables/10_biological_integration/evidence_priority_matrix/global/evidence_priority_matrix.csv"",""results/integration/bu","NAMESPACE_BASENAME","10_biological_integration","","PROVENANCE","historical",FALSE,"MEDIUM",""
"render_module_circular_atlas","pRoteomics","audits/phase6g_integration_lifecycle.csv","24: ""build_evidence_priority_matrix"",""results/source_data/10_biological_integration/evidence_priority_matrix/global/evidence_priority_matrix.csv"",""results/integrati","NAMESPACE_BASENAME","10_biological_integration","","PROVENANCE","historical",FALSE,"MEDIUM",""
"render_module_circular_atlas","pRoteomics","audits/phase6g_integration_lifecycle.csv","25: ""build_evidence_priority_matrix"",""results/tables/10_biological_integration/final_evidence_bundle/global/final_biological_evidence_bundle.xlsx"",""results/integrat","NAMESPACE_BASENAME","10_biological_integration","","PROVENANCE","historical",FALSE,"MEDIUM",""
"render_module_circular_atlas","pRoteomics","audits/phase6g_integration_lifecycle.csv","26: ""build_evidence_priority_matrix"",""results/tables/10_biological_integration/final_evidence_bundle/global/"",""results/integration/build_evidence_priority_matrix/gl","NAMESPACE_BASENAME","10_biological_integration","","PROVENANCE","historical",FALSE,"MEDIUM",""
"render_module_circular_atlas","pRoteomics","audits/phase6g_integration_lifecycle.csv","27: ""build_evidence_priority_matrix"",""results/source_data/10_biological_integration/final_evidence_bundle/global/"",""results/integration/build_evidence_priority_matr","NAMESPACE_BASENAME","10_biological_integration","","PROVENANCE","historical",FALSE,"MEDIUM",""
"render_module_circular_atlas","pRoteomics","audits/phase6g_integration_lifecycle.csv","28: ""build_evidence_priority_matrix"",""results/logs/10_biological_integration/final_evidence_bundle/global/run_manifest.yml"",""results/integration/build_evidence_prio","NAMESPACE_BASENAME","10_biological_integration","","PROVENANCE","historical",FALSE,"MEDIUM",""
"render_module_circular_atlas","pRoteomics","audits/phase6g_integration_lifecycle.csv","29: ""build_evidence_priority_matrix"",""results/logs/10_biological_integration/evidence_priority_matrix/global/run_manifest.yml"",""results/integration/build_evidence_p","NAMESPACE_BASENAME","10_biological_integration","","PROVENANCE","historical",FALSE,"MEDIUM",""
"render_module_circular_atlas","pRoteomics","audits/phase6g_integration_lifecycle.csv","30: ""test_enrichment_module_concordance"",""results/tables/10_biological_integration/gsea_wgcna_concordance/global/gsea_wgcna_concordance_long.csv"",""results/integrati","NAMESPACE_BASENAME","10_biological_integration","","PROVENANCE","historical",FALSE,"MEDIUM",""
"render_module_circular_atlas","pRoteomics","audits/phase6g_integration_lifecycle.csv","31: ""test_enrichment_module_concordance"",""results/tables/10_biological_integration/gsea_wgcna_concordance/global/gsea_wgcna_concordance_summary.csv"",""results/integr","NAMESPACE_BASENAME","10_biological_integration","","PROVENANCE","historical",FALSE,"MEDIUM",""
"render_module_circular_atlas","pRoteomics","audits/phase6g_integration_lifecycle.csv","32: ""test_enrichment_module_concordance"",""results/tables/10_biological_integration/gsea_wgcna_concordance/global/adaptive_resilience_pattern_summary.csv"",""results/i","NAMESPACE_BASENAME","10_biological_integration","","PROVENANCE","historical",FALSE,"MEDIUM",""
"render_module_circular_atlas","pRoteomics","audits/phase6g_integration_lifecycle.csv","33: ""test_enrichment_module_concordance"",""results/tables/10_biological_integration/gsea_wgcna_concordance/global/program_specific_leading_edge_module_overlap.csv"",""","NAMESPACE_BASENAME","10_biological_integration","","PROVENANCE","historical",FALSE,"MEDIUM",""
"render_module_circular_atlas","pRoteomics","audits/phase6g_integration_lifecycle.csv","34: ""test_enrichment_module_concordance"",""results/tables/10_biological_integration/gsea_wgcna_concordance/global/gsea_wgcna_concordance_audit.csv"",""results/integrat","NAMESPACE_BASENAME","10_biological_integration","","PROVENANCE","historical",FALSE,"MEDIUM",""
"render_module_circular_atlas","pRoteomics","audits/phase6g_integration_lifecycle.csv","35: ""test_enrichment_module_concordance"",""results/tables/10_biological_integration/gsea_wgcna_concordance/global/program_module_matching_audit.csv"",""results/integra","NAMESPACE_BASENAME","10_biological_integration","","PROVENANCE","historical",FALSE,"MEDIUM",""
"render_module_circular_atlas","pRoteomics","audits/phase6g_integration_lifecycle.csv","36: ""test_enrichment_module_concordance"",""results/tables/10_biological_integration/gsea_wgcna_concordance/global/ontology_aware_gsea_theme_assignments_all_contrasts","NAMESPACE_BASENAME","10_biological_integration","","PROVENANCE","historical",FALSE,"MEDIUM",""
"render_module_circular_atlas","pRoteomics","audits/phase6g_integration_lifecycle.csv","37: ""test_enrichment_module_concordance"",""results/source_data/10_biological_integration/gsea_wgcna_concordance/global/"",""results/integration/test_enrichment_module_","NAMESPACE_BASENAME","10_biological_integration","","PROVENANCE","historical",FALSE,"MEDIUM",""
"render_module_circular_atlas","pRoteomics","audits/phase6g_integration_lifecycle.csv","38: ""test_enrichment_module_concordance"",""results/reports/10_biological_integration/gsea_wgcna_concordance/global/README.md"",""results/integration/test_enrichment_mo","NAMESPACE_BASENAME","10_biological_integration","","PROVENANCE","historical",FALSE,"MEDIUM",""
"render_module_circular_atlas","pRoteomics","audits/phase6g_integration_lifecycle.csv","39: ""test_enrichment_module_concordance"",""results/logs/10_biological_integration/gsea_wgcna_concordance/global/run_manifest.yml"",""results/integration/test_enrichmen","NAMESPACE_BASENAME","10_biological_integration","","PROVENANCE","historical",FALSE,"MEDIUM",""
"render_module_circular_atlas","pRoteomics","audits/phase6g_integration_lifecycle.csv","40: ""summarize_enrichment_module_concordance"",""results/tables/10_biological_integration/gsea_wgcna_concordance_diagnostics/global/"",""results/integration/summarize_e","NAMESPACE_BASENAME","10_biological_integration","","PROVENANCE","historical",FALSE,"MEDIUM",""
"render_module_circular_atlas","pRoteomics","audits/phase6g_integration_lifecycle.csv","41: ""summarize_enrichment_module_concordance"",""results/source_data/10_biological_integration/gsea_wgcna_concordance_diagnostics/global/"",""results/integration/summar","NAMESPACE_BASENAME","10_biological_integration","","PROVENANCE","historical",FALSE,"MEDIUM",""
"render_module_circular_atlas","pRoteomics","audits/phase6g_integration_lifecycle.csv","42: ""summarize_enrichment_module_concordance"",""results/reports/10_biological_integration/gsea_wgcna_concordance_diagnostics/global/README.md"",""results/integration/s","NAMESPACE_BASENAME","10_biological_integration","","PROVENANCE","historical",FALSE,"MEDIUM",""
"render_module_circular_atlas","pRoteomics","audits/phase6g_integration_lifecycle.csv","43: ""summarize_enrichment_module_concordance"",""results/logs/10_biological_integration/gsea_wgcna_concordance_diagnostics/global/run_manifest.yml"",""results/integrati","NAMESPACE_BASENAME","10_biological_integration","","PROVENANCE","historical",FALSE,"MEDIUM",""
"render_module_circular_atlas","pRoteomics","audits/phase6g_integration_lifecycle.csv","44: ""build_candidate_protein_shortlist"",""results/tables/10_biological_integration/wgcna_candidate_protein_shortlist/<dataset>/wgcna_candidate_proteins_all.csv"",""res","NAMESPACE_BASENAME","10_biological_integration","","PROVENANCE","historical",FALSE,"MEDIUM",""
"render_module_circular_atlas","pRoteomics","audits/phase6g_integration_lifecycle.csv","45: ""build_candidate_protein_shortlist"",""results/tables/10_biological_integration/wgcna_candidate_protein_shortlist/<dataset>/wgcna_candidate_proteins_long.csv"",""re","NAMESPACE_BASENAME","10_biological_integration","","PROVENANCE","historical",FALSE,"MEDIUM",""
"render_module_circular_atlas","pRoteomics","audits/phase6g_integration_lifecycle.csv","46: ""build_candidate_protein_shortlist"",""results/tables/10_biological_integration/wgcna_candidate_protein_shortlist/<dataset>/wgcna_candidate_proteins_shortlist.csv","NAMESPACE_BASENAME","10_biological_integration","","PROVENANCE","historical",FALSE,"MEDIUM",""
"render_module_circular_atlas","pRoteomics","audits/phase6g_integration_lifecycle.csv","47: ""build_candidate_protein_shortlist"",""results/tables/10_biological_integration/wgcna_candidate_protein_shortlist/<dataset>/wgcna_top10_per_module.csv"",""results/i","NAMESPACE_BASENAME","10_biological_integration","","PROVENANCE","historical",FALSE,"MEDIUM",""
"render_module_circular_atlas","pRoteomics","audits/phase6g_integration_lifecycle.csv","48: ""build_candidate_protein_shortlist"",""results/tables/10_biological_integration/wgcna_candidate_protein_shortlist/<dataset>/wgcna_candidate_proteins_shortlist.xls","NAMESPACE_BASENAME","10_biological_integration","","PROVENANCE","historical",FALSE,"MEDIUM",""
"render_module_circular_atlas","pRoteomics","audits/phase6g_integration_lifecycle.csv","49: ""build_candidate_protein_shortlist"",""results/source_data/10_biological_integration/wgcna_candidate_protein_shortlist/<dataset>/"",""results/integration/build_cand","NAMESPACE_BASENAME","10_biological_integration","","PROVENANCE","historical",FALSE,"MEDIUM",""
"render_module_circular_atlas","pRoteomics","audits/phase6g_integration_lifecycle.csv","50: ""build_candidate_protein_shortlist"",""results/reports/10_biological_integration/wgcna_candidate_protein_shortlist/<dataset>/README.md"",""results/integration/build","NAMESPACE_BASENAME","10_biological_integration","","PROVENANCE","historical",FALSE,"MEDIUM",""
"render_module_circular_atlas","pRoteomics","audits/phase6g_integration_lifecycle.csv","51: ""build_candidate_protein_shortlist"",""results/logs/10_biological_integration/wgcna_candidate_protein_shortlist/<dataset>/run_manifest.yml"",""results/integration/b","NAMESPACE_BASENAME","10_biological_integration","","PROVENANCE","historical",FALSE,"MEDIUM",""
"render_module_circular_atlas","pRoteomics","audits/phase6g_integration_lifecycle.csv","52: ""quantify_candidate_network_position"",""results/tables/10_biological_integration/wgcna_sus_res_network_position/<dataset>/wgcna_sus_res_network_position_protein_","NAMESPACE_BASENAME","10_biological_integration","","PROVENANCE","historical",FALSE,"MEDIUM",""
"render_module_circular_atlas","pRoteomics","audits/phase6g_integration_lifecycle.csv","53: ""quantify_candidate_network_position"",""results/tables/10_biological_integration/wgcna_sus_res_network_position/<dataset>/wgcna_sus_res_network_position_module_s","NAMESPACE_BASENAME","10_biological_integration","","PROVENANCE","historical",FALSE,"MEDIUM",""
"render_module_circular_atlas","pRoteomics","audits/phase6g_integration_lifecycle.csv","54: ""quantify_candidate_network_position"",""results/tables/10_biological_integration/wgcna_sus_res_network_position/<dataset>/wgcna_sus_res_network_position_permutat","NAMESPACE_BASENAME","10_biological_integration","","PROVENANCE","historical",FALSE,"MEDIUM",""
"render_module_circular_atlas","pRoteomics","audits/phase6g_integration_lifecycle.csv","55: ""quantify_candidate_network_position"",""results/figures/10_biological_integration/wgcna_sus_res_network_position/<dataset>/"",""results/integration/quantify_candid","NAMESPACE_BASENAME","10_biological_integration","","PROVENANCE","historical",FALSE,"MEDIUM",""
"render_module_circular_atlas","pRoteomics","audits/phase6g_integration_lifecycle.csv","56: ""quantify_candidate_network_position"",""results/source_data/10_biological_integration/wgcna_sus_res_network_position/<dataset>/"",""results/integration/quantify_ca","NAMESPACE_BASENAME","10_biological_integration","","PROVENANCE","historical",FALSE,"MEDIUM",""
"render_module_circular_atlas","pRoteomics","audits/phase6g_integration_lifecycle.csv","57: ""quantify_candidate_network_position"",""results/reports/10_biological_integration/wgcna_sus_res_network_position/<dataset>/README.md"",""results/integration/quanti","NAMESPACE_BASENAME","10_biological_integration","","PROVENANCE","historical",FALSE,"MEDIUM",""
"render_module_circular_atlas","pRoteomics","audits/phase6g_integration_lifecycle.csv","58: ""quantify_candidate_network_position"",""results/logs/10_biological_integration/wgcna_sus_res_network_position/<dataset>/run_manifest.yml"",""results/integration/qu","NAMESPACE_BASENAME","10_biological_integration","","PROVENANCE","historical",FALSE,"MEDIUM",""
"render_module_circular_atlas","pRoteomics","audits/phase6g_integration_lifecycle.csv","59: ""build_immunostaining_candidates"",""results/source_data/10_biological_integration/immunostaining_candidate_comparison/immunostaining_candidates_animal_abundance.","NAMESPACE_BASENAME","10_biological_integration","","PROVENANCE","historical",FALSE,"MEDIUM",""
"render_module_circular_atlas","pRoteomics","audits/phase6g_integration_lifecycle.csv","60: ""build_immunostaining_candidates"",""results/source_data/10_biological_integration/immunostaining_candidate_comparison/immunostaining_candidates_sus_res_effects.c","NAMESPACE_BASENAME","10_biological_integration","","PROVENANCE","historical",FALSE,"MEDIUM",""
"render_module_circular_atlas","pRoteomics","audits/phase6g_integration_lifecycle.csv","61: ""build_immunostaining_candidates"",""results/source_data/10_biological_integration/immunostaining_candidate_comparison/immunostaining_candidates_mapping.csv"",""res","NAMESPACE_BASENAME","10_biological_integration","","PROVENANCE","historical",FALSE,"MEDIUM",""
"render_module_circular_atlas","pRoteomics","audits/phase6g_integration_lifecycle.csv","62: ""build_immunostaining_candidates"",""results/source_data/10_biological_integration/immunostaining_candidate_comparison/immunostaining_candidates_provenance.csv"",""","NAMESPACE_BASENAME","10_biological_integration","","PROVENANCE","historical",FALSE,"MEDIUM",""
"render_module_circular_atlas","pRoteomics","audits/phase6g_integration_lifecycle.csv","63: ""screen_immunostaining_panel"",""results/source_data/10_biological_integration/immunostaining_candidate_panel/candidate_panel_selection.csv"",""results/integration/","NAMESPACE_BASENAME","10_biological_integration","","PROVENANCE","historical",FALSE,"MEDIUM",""
"render_module_circular_atlas","pRoteomics","audits/phase6g_integration_lifecycle.csv","64: ""screen_immunostaining_panel"",""results/source_data/10_biological_integration/immunostaining_candidate_panel/candidate_panel_sus_res_effects.csv"",""results/integr","NAMESPACE_BASENAME","10_biological_integration","","PROVENANCE","historical",FALSE,"MEDIUM",""
"render_module_circular_atlas","pRoteomics","audits/phase6g_integration_lifecycle.csv","65: ""screen_immunostaining_panel"",""results/source_data/10_biological_integration/immunostaining_candidate_panel/candidate_panel_animal_abundance.csv"",""results/integ","NAMESPACE_BASENAME","10_biological_integration","","PROVENANCE","historical",FALSE,"MEDIUM",""
"render_module_circular_atlas","pRoteomics","audits/phase6g_integration_lifecycle.csv","66: ""screen_immunostaining_panel"",""results/source_data/10_biological_integration/immunostaining_candidate_panel/candidate_panel_excluded_ca2slm.csv"",""results/integr","NAMESPACE_BASENAME","10_biological_integration","","PROVENANCE","historical",FALSE,"MEDIUM",""
"render_module_circular_atlas","pRoteomics","audits/phase6g_integration_lifecycle.csv","67: ""screen_immunostaining_panel"",""results/source_data/10_biological_integration/immunostaining_candidate_panel/candidate_panel_excluded_epidermal_qc.csv"",""results/","NAMESPACE_BASENAME","10_biological_integration","","PROVENANCE","historical",FALSE,"MEDIUM",""
"render_module_circular_atlas","pRoteomics","audits/phase6g_integration_lifecycle.csv","68: ""screen_immunostaining_panel"",""results/source_data/10_biological_integration/immunostaining_candidate_panel/candidate_panel_provenance.csv"",""results/integration","NAMESPACE_BASENAME","10_biological_integration","","PROVENANCE","historical",FALSE,"MEDIUM",""
"render_module_circular_atlas","pRoteomics","audits/phase6g_integration_lifecycle.csv","69: ""screen_immunostaining_separation"",""results/source_data/10_biological_integration/immunostaining_separation_screen/separation_candidate_panel.csv"",""results/inte","NAMESPACE_BASENAME","10_biological_integration","","PROVENANCE","historical",FALSE,"MEDIUM",""
"render_module_circular_atlas","pRoteomics","audits/phase6g_integration_lifecycle.csv","70: ""screen_immunostaining_separation"",""results/source_data/10_biological_integration/immunostaining_separation_screen/separation_metrics_all.csv"",""results/integrat","NAMESPACE_BASENAME","10_biological_integration","","PROVENANCE","historical",FALSE,"MEDIUM",""
"render_module_circular_atlas","pRoteomics","audits/phase6g_integration_lifecycle.csv","71: ""screen_immunostaining_separation"",""results/source_data/10_biological_integration/immunostaining_separation_screen/separation_qualifying_cells.csv"",""results/int","NAMESPACE_BASENAME","10_biological_integration","","PROVENANCE","historical",FALSE,"MEDIUM",""
"render_module_circular_atlas","pRoteomics","audits/phase6g_integration_lifecycle.csv","72: ""screen_immunostaining_separation"",""results/source_data/10_biological_integration/immunostaining_separation_screen/separation_panel_animal_abundance.csv"",""resul","NAMESPACE_BASENAME","10_biological_integration","","PROVENANCE","historical",FALSE,"MEDIUM",""
"render_module_circular_atlas","pRoteomics","audits/phase6g_integration_lifecycle.csv","73: ""screen_immunostaining_separation"",""results/source_data/10_biological_integration/immunostaining_separation_screen/separation_panel_sus_res_effects.csv"",""result","NAMESPACE_BASENAME","10_biological_integration","","PROVENANCE","historical",FALSE,"MEDIUM",""
"render_module_circular_atlas","pRoteomics","audits/phase6g_integration_lifecycle.csv","74: ""screen_immunostaining_separation"",""results/source_data/10_biological_integration/immunostaining_separation_screen/separation_screen_provenance.csv"",""results/in","NAMESPACE_BASENAME","10_biological_integration","","PROVENANCE","historical",FALSE,"MEDIUM",""
"render_module_circular_atlas","pRoteomics","audits/phase6g_integration_lifecycle.csv","75: ""render_module_circular_atlas"",""results/figures/10_biological_integration/wgcna_circular_atlas/global/"",""results/integration/render_module_circular_atlas/global","NAMESPACE_BASENAME","10_biological_integration","","PROVENANCE","historical",FALSE,"MEDIUM",""
"render_module_circular_atlas","pRoteomics","audits/phase6g_integration_lifecycle.csv","76: ""render_module_circular_atlas"",""results/figures/10_biological_integration/wgcna_circular_atlas/global/wgcna_circular_atlas_main.svg"",""results/integration/render","NAMESPACE_BASENAME","10_biological_integration","","PROVENANCE","historical",FALSE,"MEDIUM",""
"render_module_circular_atlas","pRoteomics","audits/phase6g_integration_lifecycle.csv","77: ""render_module_circular_atlas"",""results/figures/10_biological_integration/wgcna_circular_atlas/global/wgcna_circular_atlas_main.pdf"",""results/integration/render","NAMESPACE_BASENAME","10_biological_integration","","PROVENANCE","historical",FALSE,"MEDIUM",""
"render_module_circular_atlas","pRoteomics","audits/phase6g_integration_lifecycle.csv","78: ""render_module_circular_atlas"",""results/figures/10_biological_integration/wgcna_circular_atlas/global/wgcna_circular_atlas_selected_only.svg"",""results/integrati","NAMESPACE_BASENAME","10_biological_integration","","PROVENANCE","historical",FALSE,"MEDIUM",""
"render_module_circular_atlas","pRoteomics","audits/phase6g_integration_lifecycle.csv","79: ""render_module_circular_atlas"",""results/figures/10_biological_integration/wgcna_circular_atlas/global/wgcna_circular_atlas_selected_only.pdf"",""results/integrati","NAMESPACE_BASENAME","10_biological_integration","","PROVENANCE","historical",FALSE,"MEDIUM",""
"render_module_circular_atlas","pRoteomics","audits/phase6g_integration_lifecycle.csv","80: ""render_module_circular_atlas"",""results/figures/10_biological_integration/wgcna_circular_atlas/global/wgcna_circular_heatmap_all_datasets.svg"",""results/integrat","NAMESPACE_BASENAME","10_biological_integration","","PROVENANCE","historical",FALSE,"MEDIUM",""
"render_module_circular_atlas","pRoteomics","audits/phase6g_integration_lifecycle.csv","81: ""render_module_circular_atlas"",""results/figures/10_biological_integration/wgcna_circular_atlas/global/wgcna_circular_heatmap_all_datasets.pdf"",""results/integrat","NAMESPACE_BASENAME","10_biological_integration","","PROVENANCE","historical",FALSE,"MEDIUM",""
"render_module_circular_atlas","pRoteomics","audits/phase6g_integration_lifecycle.csv","82: ""render_module_circular_atlas"",""results/figures/10_biological_integration/wgcna_circular_atlas/global/wgcna_circular_heatmap_neuron_neuropil.svg"",""results/integ","NAMESPACE_BASENAME","10_biological_integration","","PROVENANCE","historical",FALSE,"MEDIUM",""
"render_module_circular_atlas","pRoteomics","audits/phase6g_integration_lifecycle.csv","83: ""render_module_circular_atlas"",""results/figures/10_biological_integration/wgcna_circular_atlas/global/wgcna_circular_heatmap_neuron_neuropil.pdf"",""results/integ","NAMESPACE_BASENAME","10_biological_integration","","PROVENANCE","historical",FALSE,"MEDIUM",""
"render_module_circular_atlas","pRoteomics","audits/phase6g_integration_lifecycle.csv","84: ""render_module_circular_atlas"",""results/figures/10_biological_integration/wgcna_circular_atlas/global/wgcna_circular_heatmap_neuron_soma.svg"",""results/integrati","NAMESPACE_BASENAME","10_biological_integration","","PROVENANCE","historical",FALSE,"MEDIUM",""
"render_module_circular_atlas","pRoteomics","audits/phase6g_integration_lifecycle.csv","85: ""render_module_circular_atlas"",""results/figures/10_biological_integration/wgcna_circular_atlas/global/wgcna_circular_heatmap_neuron_soma.pdf"",""results/integrati","NAMESPACE_BASENAME","10_biological_integration","","PROVENANCE","historical",FALSE,"MEDIUM",""
"render_module_circular_atlas","pRoteomics","audits/phase6g_integration_lifecycle.csv","86: ""render_module_circular_atlas"",""results/figures/10_biological_integration/wgcna_circular_atlas/global/wgcna_circular_heatmap_microglia.svg"",""results/integration","NAMESPACE_BASENAME","10_biological_integration","","PROVENANCE","historical",FALSE,"MEDIUM",""
"render_module_circular_atlas","pRoteomics","audits/phase6g_integration_lifecycle.csv","87: ""render_module_circular_atlas"",""results/figures/10_biological_integration/wgcna_circular_atlas/global/wgcna_circular_heatmap_microglia.pdf"",""results/integration","NAMESPACE_BASENAME","10_biological_integration","","PROVENANCE","historical",FALSE,"MEDIUM",""
"render_module_circular_atlas","pRoteomics","audits/phase6g_integration_lifecycle.csv","88: ""render_module_circular_atlas"",""results/figures/10_biological_integration/wgcna_circular_atlas/global/wgcna_circular_publication_supermodule_effect_heatmap_all_","NAMESPACE_BASENAME","10_biological_integration","","PROVENANCE","historical",FALSE,"MEDIUM",""
"render_module_circular_atlas","pRoteomics","audits/phase6g_integration_lifecycle.csv","89: ""render_module_circular_atlas"",""results/figures/10_biological_integration/wgcna_circular_atlas/global/wgcna_circular_publication_supermodule_effect_heatmap_all_","NAMESPACE_BASENAME","10_biological_integration","","PROVENANCE","historical",FALSE,"MEDIUM",""
"render_module_circular_atlas","pRoteomics","audits/phase6g_integration_lifecycle.csv","90: ""render_module_circular_atlas"",""results/figures/10_biological_integration/wgcna_circular_atlas/global/wgcna_circular_publication_supermodule_effect_heatmap_neur","NAMESPACE_BASENAME","10_biological_integration","","PROVENANCE","historical",FALSE,"MEDIUM",""
"render_module_circular_atlas","pRoteomics","audits/phase6g_integration_lifecycle.csv","91: ""render_module_circular_atlas"",""results/figures/10_biological_integration/wgcna_circular_atlas/global/wgcna_circular_publication_supermodule_effect_heatmap_neur","NAMESPACE_BASENAME","10_biological_integration","","PROVENANCE","historical",FALSE,"MEDIUM",""
"render_module_circular_atlas","pRoteomics","audits/phase6g_integration_lifecycle.csv","92: ""render_module_circular_atlas"",""results/figures/10_biological_integration/wgcna_circular_atlas/global/wgcna_circular_publication_supermodule_effect_heatmap_neur","NAMESPACE_BASENAME","10_biological_integration","","PROVENANCE","historical",FALSE,"MEDIUM",""
"render_module_circular_atlas","pRoteomics","audits/phase6g_integration_lifecycle.csv","93: ""render_module_circular_atlas"",""results/figures/10_biological_integration/wgcna_circular_atlas/global/wgcna_circular_publication_supermodule_effect_heatmap_neur","NAMESPACE_BASENAME","10_biological_integration","","PROVENANCE","historical",FALSE,"MEDIUM",""
"render_module_circular_atlas","pRoteomics","audits/phase6g_integration_lifecycle.csv","94: ""render_module_circular_atlas"",""results/figures/10_biological_integration/wgcna_circular_atlas/global/wgcna_circular_publication_supermodule_effect_heatmap_micr","NAMESPACE_BASENAME","10_biological_integration","","PROVENANCE","historical",FALSE,"MEDIUM",""
"render_module_circular_atlas","pRoteomics","audits/phase6g_integration_lifecycle.csv","95: ""render_module_circular_atlas"",""results/figures/10_biological_integration/wgcna_circular_atlas/global/wgcna_circular_publication_supermodule_effect_heatmap_micr","NAMESPACE_BASENAME","10_biological_integration","","PROVENANCE","historical",FALSE,"MEDIUM",""
"render_module_circular_atlas","pRoteomics","audits/phase6g_integration_lifecycle.csv","96: ""render_module_circular_atlas"",""results/figures/10_biological_integration/wgcna_circular_atlas/global/wgcna_region_layer_heatmap_all_modules.svg"",""results/integ","NAMESPACE_BASENAME","10_biological_integration","","PROVENANCE","historical",FALSE,"MEDIUM",""
"render_module_circular_atlas","pRoteomics","audits/phase6g_integration_lifecycle.csv","97: ""render_module_circular_atlas"",""results/figures/10_biological_integration/wgcna_circular_atlas/global/wgcna_region_layer_heatmap_all_modules.pdf"",""results/integ","NAMESPACE_BASENAME","10_biological_integration","","PROVENANCE","historical",FALSE,"MEDIUM",""
"render_module_circular_atlas","pRoteomics","audits/phase6g_integration_lifecycle.csv","98: ""render_module_circular_atlas"",""results/tables/10_biological_integration/wgcna_circular_atlas/global/wgcna_circular_atlas_metrics.csv"",""results/integration/rend","NAMESPACE_BASENAME","10_biological_integration","","PROVENANCE","historical",FALSE,"MEDIUM",""
"render_module_circular_atlas","pRoteomics","audits/phase6g_integration_lifecycle.csv","99: ""render_module_circular_atlas"",""results/source_data/10_biological_integration/wgcna_circular_atlas/global/"",""results/integration/render_module_circular_atlas/gl","NAMESPACE_BASENAME","10_biological_integration","","PROVENANCE","historical",FALSE,"MEDIUM",""
"render_module_circular_atlas","pRoteomics","audits/phase6g_integration_lifecycle.csv","100: ""render_module_circular_atlas"",""results/source_data/10_biological_integration/wgcna_circular_atlas/global/wgcna_circular_atlas_segments.csv"",""results/integratio","NAMESPACE_BASENAME","10_biological_integration","","PROVENANCE","historical",FALSE,"MEDIUM",""
"render_module_circular_atlas","pRoteomics","audits/phase6g_integration_lifecycle.csv","101: ""render_module_circular_atlas"",""results/source_data/10_biological_integration/wgcna_circular_atlas/global/wgcna_circular_atlas_plot_source.csv"",""results/integra","NAMESPACE_BASENAME","10_biological_integration","","PROVENANCE","historical",FALSE,"MEDIUM",""
"render_module_circular_atlas","pRoteomics","audits/phase6g_integration_lifecycle.csv","102: ""render_module_circular_atlas"",""results/source_data/10_biological_integration/wgcna_circular_atlas/global/wgcna_circular_heatmap_source_supermodule.csv"",""result","NAMESPACE_BASENAME","10_biological_integration","","PROVENANCE","historical",FALSE,"MEDIUM",""
"render_module_circular_atlas","pRoteomics","audits/phase6g_integration_lifecycle.csv","103: ""render_module_circular_atlas"",""results/source_data/10_biological_integration/wgcna_circular_atlas/global/wgcna_circular_heatmap_source_module.csv"",""results/int","NAMESPACE_BASENAME","10_biological_integration","","PROVENANCE","historical",FALSE,"MEDIUM",""
"render_module_circular_atlas","pRoteomics","audits/phase6g_integration_lifecycle.csv","104: ""render_module_circular_atlas"",""results/source_data/10_biological_integration/wgcna_circular_atlas/global/wgcna_circular_heatmap_layout_all_datasets.csv"",""resul","NAMESPACE_BASENAME","10_biological_integration","","PROVENANCE","historical",FALSE,"MEDIUM",""
"render_module_circular_atlas","pRoteomics","audits/phase6g_integration_lifecycle.csv","105: ""render_module_circular_atlas"",""results/source_data/10_biological_integration/wgcna_circular_atlas/global/wgcna_circular_publication_supermodule_effect_heatmap_","NAMESPACE_BASENAME","10_biological_integration","","PROVENANCE","historical",FALSE,"MEDIUM",""
"render_module_circular_atlas","pRoteomics","audits/phase6g_integration_lifecycle.csv","106: ""render_module_circular_atlas"",""results/source_data/10_biological_integration/wgcna_circular_atlas/global/wgcna_circular_publication_supermodule_effect_heatmap_","NAMESPACE_BASENAME","10_biological_integration","","PROVENANCE","historical",FALSE,"MEDIUM",""
"render_module_circular_atlas","pRoteomics","audits/phase6g_integration_lifecycle.csv","107: ""render_module_circular_atlas"",""results/reports/10_biological_integration/wgcna_circular_atlas/global/wgcna_circular_atlas_input_status.csv"",""results/integratio","NAMESPACE_BASENAME","10_biological_integration","","PROVENANCE","historical",FALSE,"MEDIUM",""
"render_module_circular_atlas","pRoteomics","audits/phase6g_integration_lifecycle.csv","108: ""render_module_circular_atlas"",""results/reports/10_biological_integration/wgcna_circular_atlas/global/wgcna_circular_vs_publication_heatmap_source_audit.csv"",""r","NAMESPACE_BASENAME","10_biological_integration","","PROVENANCE","historical",FALSE,"MEDIUM",""
"render_module_circular_atlas","pRoteomics","audits/phase6g_integration_lifecycle.csv","109: ""render_module_circular_atlas"",""results/reports/10_biological_integration/wgcna_circular_atlas/global/wgcna_circular_vs_publication_supermodule_id_comparison.cs","NAMESPACE_BASENAME","10_biological_integration","","PROVENANCE","historical",FALSE,"MEDIUM",""
"render_module_circular_atlas","pRoteomics","audits/phase6g_integration_lifecycle.csv","110: ""render_module_circular_atlas"",""results/reports/10_biological_integration/wgcna_circular_atlas/global/wgcna_circular_metric_consistency_audit.csv"",""results/inte","NAMESPACE_BASENAME","10_biological_integration","","PROVENANCE","historical",FALSE,"MEDIUM",""
"render_module_circular_atlas","pRoteomics","audits/phase6g_integration_lifecycle.csv","111: ""render_module_circular_atlas"",""results/reports/10_biological_integration/wgcna_circular_atlas/global/wgcna_module_supermodule_mapping_audit.csv"",""results/integ","NAMESPACE_BASENAME","10_biological_integration","","PROVENANCE","historical",FALSE,"MEDIUM",""
"render_module_circular_atlas","pRoteomics","audits/phase6g_integration_lifecycle.csv","112: ""render_module_circular_atlas"",""results/reports/10_biological_integration/wgcna_circular_atlas/global/wgcna_circular_atlas_stage13_selection_audit.csv"",""results","NAMESPACE_BASENAME","10_biological_integration","","PROVENANCE","historical",FALSE,"MEDIUM",""
"render_module_circular_atlas","pRoteomics","audits/phase6g_integration_lifecycle.csv","113: ""render_module_circular_atlas"",""results/logs/10_biological_integration/wgcna_circular_atlas/global/run_manifest.yml"",""results/integration/render_module_circular","NAMESPACE_BASENAME","10_biological_integration","","PROVENANCE","historical",FALSE,"MEDIUM",""
"render_module_circular_atlas","pRoteomics","audits/phase6g_integration_lifecycle.csv","114: ""summarize_module_cross_compartment"",""results/tables/10_biological_integration/wgcna_cross_compartment_overview/global/"",""results/integration/summarize_module_c","NAMESPACE_BASENAME","10_biological_integration","","PROVENANCE","historical",FALSE,"MEDIUM",""
"render_module_circular_atlas","pRoteomics","audits/phase6g_integration_lifecycle.csv","115: ""summarize_module_cross_compartment"",""results/source_data/10_biological_integration/wgcna_cross_compartment_overview/global/"",""results/integration/summarize_mod","NAMESPACE_BASENAME","10_biological_integration","","PROVENANCE","historical",FALSE,"MEDIUM",""
"render_module_circular_atlas","pRoteomics","audits/phase6g_integration_lifecycle.csv","116: ""summarize_module_cross_compartment"",""results/figures/10_biological_integration/wgcna_cross_compartment_overview/global/"",""results/integration/summarize_module_","NAMESPACE_BASENAME","10_biological_integration","","PROVENANCE","historical",FALSE,"MEDIUM",""
"render_module_circular_atlas","pRoteomics","audits/phase6g_integration_lifecycle.csv","117: ""summarize_module_cross_compartment"",""results/logs/10_biological_integration/wgcna_cross_compartment_overview/global/"",""results/integration/summarize_module_cro","NAMESPACE_BASENAME","10_biological_integration","","PROVENANCE","historical",FALSE,"MEDIUM",""
"render_module_circular_atlas","pRoteomics","audits/phase6g_integration_lifecycle.csv","118: ""summarize_module_cross_compartment"",""results/reports/10_biological_integration/wgcna_cross_compartment_overview/global/"",""results/integration/summarize_module_","NAMESPACE_BASENAME","10_biological_integration","","PROVENANCE","historical",FALSE,"MEDIUM",""
"render_module_circular_atlas","pRoteomics","audits/phase6g_integration_lifecycle.csv","75: ""render_module_circular_atlas"",""results/figures/10_biological_integration/wgcna_circular_atlas/global/"",""results/integration/render_module_circular_atlas/global","NAMESPACE_BASENAME","wgcna_circular_atlas","","PROVENANCE","historical",FALSE,"MEDIUM",""
"render_module_circular_atlas","pRoteomics","audits/phase6g_integration_lifecycle.csv","76: ""render_module_circular_atlas"",""results/figures/10_biological_integration/wgcna_circular_atlas/global/wgcna_circular_atlas_main.svg"",""results/integration/render","NAMESPACE_BASENAME","wgcna_circular_atlas","","PROVENANCE","historical",FALSE,"MEDIUM",""
"render_module_circular_atlas","pRoteomics","audits/phase6g_integration_lifecycle.csv","77: ""render_module_circular_atlas"",""results/figures/10_biological_integration/wgcna_circular_atlas/global/wgcna_circular_atlas_main.pdf"",""results/integration/render","NAMESPACE_BASENAME","wgcna_circular_atlas","","PROVENANCE","historical",FALSE,"MEDIUM",""
"render_module_circular_atlas","pRoteomics","audits/phase6g_integration_lifecycle.csv","78: ""render_module_circular_atlas"",""results/figures/10_biological_integration/wgcna_circular_atlas/global/wgcna_circular_atlas_selected_only.svg"",""results/integrati","NAMESPACE_BASENAME","wgcna_circular_atlas","","PROVENANCE","historical",FALSE,"MEDIUM",""
"render_module_circular_atlas","pRoteomics","audits/phase6g_integration_lifecycle.csv","79: ""render_module_circular_atlas"",""results/figures/10_biological_integration/wgcna_circular_atlas/global/wgcna_circular_atlas_selected_only.pdf"",""results/integrati","NAMESPACE_BASENAME","wgcna_circular_atlas","","PROVENANCE","historical",FALSE,"MEDIUM",""
"render_module_circular_atlas","pRoteomics","audits/phase6g_integration_lifecycle.csv","80: ""render_module_circular_atlas"",""results/figures/10_biological_integration/wgcna_circular_atlas/global/wgcna_circular_heatmap_all_datasets.svg"",""results/integrat","NAMESPACE_BASENAME","wgcna_circular_atlas","","PROVENANCE","historical",FALSE,"MEDIUM",""
"render_module_circular_atlas","pRoteomics","audits/phase6g_integration_lifecycle.csv","81: ""render_module_circular_atlas"",""results/figures/10_biological_integration/wgcna_circular_atlas/global/wgcna_circular_heatmap_all_datasets.pdf"",""results/integrat","NAMESPACE_BASENAME","wgcna_circular_atlas","","PROVENANCE","historical",FALSE,"MEDIUM",""
"render_module_circular_atlas","pRoteomics","audits/phase6g_integration_lifecycle.csv","82: ""render_module_circular_atlas"",""results/figures/10_biological_integration/wgcna_circular_atlas/global/wgcna_circular_heatmap_neuron_neuropil.svg"",""results/integ","NAMESPACE_BASENAME","wgcna_circular_atlas","","PROVENANCE","historical",FALSE,"MEDIUM",""
"render_module_circular_atlas","pRoteomics","audits/phase6g_integration_lifecycle.csv","83: ""render_module_circular_atlas"",""results/figures/10_biological_integration/wgcna_circular_atlas/global/wgcna_circular_heatmap_neuron_neuropil.pdf"",""results/integ","NAMESPACE_BASENAME","wgcna_circular_atlas","","PROVENANCE","historical",FALSE,"MEDIUM",""
"render_module_circular_atlas","pRoteomics","audits/phase6g_integration_lifecycle.csv","84: ""render_module_circular_atlas"",""results/figures/10_biological_integration/wgcna_circular_atlas/global/wgcna_circular_heatmap_neuron_soma.svg"",""results/integrati","NAMESPACE_BASENAME","wgcna_circular_atlas","","PROVENANCE","historical",FALSE,"MEDIUM",""
"render_module_circular_atlas","pRoteomics","audits/phase6g_integration_lifecycle.csv","85: ""render_module_circular_atlas"",""results/figures/10_biological_integration/wgcna_circular_atlas/global/wgcna_circular_heatmap_neuron_soma.pdf"",""results/integrati","NAMESPACE_BASENAME","wgcna_circular_atlas","","PROVENANCE","historical",FALSE,"MEDIUM",""
"render_module_circular_atlas","pRoteomics","audits/phase6g_integration_lifecycle.csv","86: ""render_module_circular_atlas"",""results/figures/10_biological_integration/wgcna_circular_atlas/global/wgcna_circular_heatmap_microglia.svg"",""results/integration","NAMESPACE_BASENAME","wgcna_circular_atlas","","PROVENANCE","historical",FALSE,"MEDIUM",""
"render_module_circular_atlas","pRoteomics","audits/phase6g_integration_lifecycle.csv","87: ""render_module_circular_atlas"",""results/figures/10_biological_integration/wgcna_circular_atlas/global/wgcna_circular_heatmap_microglia.pdf"",""results/integration","NAMESPACE_BASENAME","wgcna_circular_atlas","","PROVENANCE","historical",FALSE,"MEDIUM",""
"render_module_circular_atlas","pRoteomics","audits/phase6g_integration_lifecycle.csv","88: ""render_module_circular_atlas"",""results/figures/10_biological_integration/wgcna_circular_atlas/global/wgcna_circular_publication_supermodule_effect_heatmap_all_","NAMESPACE_BASENAME","wgcna_circular_atlas","","PROVENANCE","historical",FALSE,"MEDIUM",""
"render_module_circular_atlas","pRoteomics","audits/phase6g_integration_lifecycle.csv","89: ""render_module_circular_atlas"",""results/figures/10_biological_integration/wgcna_circular_atlas/global/wgcna_circular_publication_supermodule_effect_heatmap_all_","NAMESPACE_BASENAME","wgcna_circular_atlas","","PROVENANCE","historical",FALSE,"MEDIUM",""
"render_module_circular_atlas","pRoteomics","audits/phase6g_integration_lifecycle.csv","90: ""render_module_circular_atlas"",""results/figures/10_biological_integration/wgcna_circular_atlas/global/wgcna_circular_publication_supermodule_effect_heatmap_neur","NAMESPACE_BASENAME","wgcna_circular_atlas","","PROVENANCE","historical",FALSE,"MEDIUM",""
"render_module_circular_atlas","pRoteomics","audits/phase6g_integration_lifecycle.csv","91: ""render_module_circular_atlas"",""results/figures/10_biological_integration/wgcna_circular_atlas/global/wgcna_circular_publication_supermodule_effect_heatmap_neur","NAMESPACE_BASENAME","wgcna_circular_atlas","","PROVENANCE","historical",FALSE,"MEDIUM",""
"render_module_circular_atlas","pRoteomics","audits/phase6g_integration_lifecycle.csv","92: ""render_module_circular_atlas"",""results/figures/10_biological_integration/wgcna_circular_atlas/global/wgcna_circular_publication_supermodule_effect_heatmap_neur","NAMESPACE_BASENAME","wgcna_circular_atlas","","PROVENANCE","historical",FALSE,"MEDIUM",""
"render_module_circular_atlas","pRoteomics","audits/phase6g_integration_lifecycle.csv","93: ""render_module_circular_atlas"",""results/figures/10_biological_integration/wgcna_circular_atlas/global/wgcna_circular_publication_supermodule_effect_heatmap_neur","NAMESPACE_BASENAME","wgcna_circular_atlas","","PROVENANCE","historical",FALSE,"MEDIUM",""
"render_module_circular_atlas","pRoteomics","audits/phase6g_integration_lifecycle.csv","94: ""render_module_circular_atlas"",""results/figures/10_biological_integration/wgcna_circular_atlas/global/wgcna_circular_publication_supermodule_effect_heatmap_micr","NAMESPACE_BASENAME","wgcna_circular_atlas","","PROVENANCE","historical",FALSE,"MEDIUM",""
"render_module_circular_atlas","pRoteomics","audits/phase6g_integration_lifecycle.csv","95: ""render_module_circular_atlas"",""results/figures/10_biological_integration/wgcna_circular_atlas/global/wgcna_circular_publication_supermodule_effect_heatmap_micr","NAMESPACE_BASENAME","wgcna_circular_atlas","","PROVENANCE","historical",FALSE,"MEDIUM",""
"render_module_circular_atlas","pRoteomics","audits/phase6g_integration_lifecycle.csv","96: ""render_module_circular_atlas"",""results/figures/10_biological_integration/wgcna_circular_atlas/global/wgcna_region_layer_heatmap_all_modules.svg"",""results/integ","NAMESPACE_BASENAME","wgcna_circular_atlas","","PROVENANCE","historical",FALSE,"MEDIUM",""
"render_module_circular_atlas","pRoteomics","audits/phase6g_integration_lifecycle.csv","97: ""render_module_circular_atlas"",""results/figures/10_biological_integration/wgcna_circular_atlas/global/wgcna_region_layer_heatmap_all_modules.pdf"",""results/integ","NAMESPACE_BASENAME","wgcna_circular_atlas","","PROVENANCE","historical",FALSE,"MEDIUM",""
"render_module_circular_atlas","pRoteomics","audits/phase6g_integration_lifecycle.csv","98: ""render_module_circular_atlas"",""results/tables/10_biological_integration/wgcna_circular_atlas/global/wgcna_circular_atlas_metrics.csv"",""results/integration/rend","NAMESPACE_BASENAME","wgcna_circular_atlas","","PROVENANCE","historical",FALSE,"MEDIUM",""
"render_module_circular_atlas","pRoteomics","audits/phase6g_integration_lifecycle.csv","99: ""render_module_circular_atlas"",""results/source_data/10_biological_integration/wgcna_circular_atlas/global/"",""results/integration/render_module_circular_atlas/gl","NAMESPACE_BASENAME","wgcna_circular_atlas","","PROVENANCE","historical",FALSE,"MEDIUM",""
"render_module_circular_atlas","pRoteomics","audits/phase6g_integration_lifecycle.csv","100: ""render_module_circular_atlas"",""results/source_data/10_biological_integration/wgcna_circular_atlas/global/wgcna_circular_atlas_segments.csv"",""results/integratio","NAMESPACE_BASENAME","wgcna_circular_atlas","","PROVENANCE","historical",FALSE,"MEDIUM",""
"render_module_circular_atlas","pRoteomics","audits/phase6g_integration_lifecycle.csv","101: ""render_module_circular_atlas"",""results/source_data/10_biological_integration/wgcna_circular_atlas/global/wgcna_circular_atlas_plot_source.csv"",""results/integra","NAMESPACE_BASENAME","wgcna_circular_atlas","","PROVENANCE","historical",FALSE,"MEDIUM",""
"render_module_circular_atlas","pRoteomics","audits/phase6g_integration_lifecycle.csv","102: ""render_module_circular_atlas"",""results/source_data/10_biological_integration/wgcna_circular_atlas/global/wgcna_circular_heatmap_source_supermodule.csv"",""result","NAMESPACE_BASENAME","wgcna_circular_atlas","","PROVENANCE","historical",FALSE,"MEDIUM",""
"render_module_circular_atlas","pRoteomics","audits/phase6g_integration_lifecycle.csv","103: ""render_module_circular_atlas"",""results/source_data/10_biological_integration/wgcna_circular_atlas/global/wgcna_circular_heatmap_source_module.csv"",""results/int","NAMESPACE_BASENAME","wgcna_circular_atlas","","PROVENANCE","historical",FALSE,"MEDIUM",""
"render_module_circular_atlas","pRoteomics","audits/phase6g_integration_lifecycle.csv","104: ""render_module_circular_atlas"",""results/source_data/10_biological_integration/wgcna_circular_atlas/global/wgcna_circular_heatmap_layout_all_datasets.csv"",""resul","NAMESPACE_BASENAME","wgcna_circular_atlas","","PROVENANCE","historical",FALSE,"MEDIUM",""
"render_module_circular_atlas","pRoteomics","audits/phase6g_integration_lifecycle.csv","105: ""render_module_circular_atlas"",""results/source_data/10_biological_integration/wgcna_circular_atlas/global/wgcna_circular_publication_supermodule_effect_heatmap_","NAMESPACE_BASENAME","wgcna_circular_atlas","","PROVENANCE","historical",FALSE,"MEDIUM",""
"render_module_circular_atlas","pRoteomics","audits/phase6g_integration_lifecycle.csv","106: ""render_module_circular_atlas"",""results/source_data/10_biological_integration/wgcna_circular_atlas/global/wgcna_circular_publication_supermodule_effect_heatmap_","NAMESPACE_BASENAME","wgcna_circular_atlas","","PROVENANCE","historical",FALSE,"MEDIUM",""
"render_module_circular_atlas","pRoteomics","audits/phase6g_integration_lifecycle.csv","107: ""render_module_circular_atlas"",""results/reports/10_biological_integration/wgcna_circular_atlas/global/wgcna_circular_atlas_input_status.csv"",""results/integratio","NAMESPACE_BASENAME","wgcna_circular_atlas","","PROVENANCE","historical",FALSE,"MEDIUM",""
"render_module_circular_atlas","pRoteomics","audits/phase6g_integration_lifecycle.csv","108: ""render_module_circular_atlas"",""results/reports/10_biological_integration/wgcna_circular_atlas/global/wgcna_circular_vs_publication_heatmap_source_audit.csv"",""r","NAMESPACE_BASENAME","wgcna_circular_atlas","","PROVENANCE","historical",FALSE,"MEDIUM",""
"render_module_circular_atlas","pRoteomics","audits/phase6g_integration_lifecycle.csv","109: ""render_module_circular_atlas"",""results/reports/10_biological_integration/wgcna_circular_atlas/global/wgcna_circular_vs_publication_supermodule_id_comparison.cs","NAMESPACE_BASENAME","wgcna_circular_atlas","","PROVENANCE","historical",FALSE,"MEDIUM",""
"render_module_circular_atlas","pRoteomics","audits/phase6g_integration_lifecycle.csv","110: ""render_module_circular_atlas"",""results/reports/10_biological_integration/wgcna_circular_atlas/global/wgcna_circular_metric_consistency_audit.csv"",""results/inte","NAMESPACE_BASENAME","wgcna_circular_atlas","","PROVENANCE","historical",FALSE,"MEDIUM",""
"render_module_circular_atlas","pRoteomics","audits/phase6g_integration_lifecycle.csv","111: ""render_module_circular_atlas"",""results/reports/10_biological_integration/wgcna_circular_atlas/global/wgcna_module_supermodule_mapping_audit.csv"",""results/integ","NAMESPACE_BASENAME","wgcna_circular_atlas","","PROVENANCE","historical",FALSE,"MEDIUM",""
"render_module_circular_atlas","pRoteomics","audits/phase6g_integration_lifecycle.csv","112: ""render_module_circular_atlas"",""results/reports/10_biological_integration/wgcna_circular_atlas/global/wgcna_circular_atlas_stage13_selection_audit.csv"",""results","NAMESPACE_BASENAME","wgcna_circular_atlas","","PROVENANCE","historical",FALSE,"MEDIUM",""
"render_module_circular_atlas","pRoteomics","audits/phase6g_integration_lifecycle.csv","113: ""render_module_circular_atlas"",""results/logs/10_biological_integration/wgcna_circular_atlas/global/run_manifest.yml"",""results/integration/render_module_circular","NAMESPACE_BASENAME","wgcna_circular_atlas","","PROVENANCE","historical",FALSE,"MEDIUM",""
"render_module_circular_atlas","pRoteomics","audits/phase6g_integration_lifecycle.csv","75: ""render_module_circular_atlas"",""results/figures/10_biological_integration/wgcna_circular_atlas/global/"",""results/integration/render_module_circular_atlas/global","ANALYSIS_REFERENCE","render_module_circular_atlas","","PROVENANCE","historical",FALSE,"MEDIUM",""
"render_module_circular_atlas","pRoteomics","audits/phase6g_integration_lifecycle.csv","76: ""render_module_circular_atlas"",""results/figures/10_biological_integration/wgcna_circular_atlas/global/wgcna_circular_atlas_main.svg"",""results/integration/render","ANALYSIS_REFERENCE","render_module_circular_atlas","","PROVENANCE","historical",FALSE,"MEDIUM",""
"render_module_circular_atlas","pRoteomics","audits/phase6g_integration_lifecycle.csv","77: ""render_module_circular_atlas"",""results/figures/10_biological_integration/wgcna_circular_atlas/global/wgcna_circular_atlas_main.pdf"",""results/integration/render","ANALYSIS_REFERENCE","render_module_circular_atlas","","PROVENANCE","historical",FALSE,"MEDIUM",""
"render_module_circular_atlas","pRoteomics","audits/phase6g_integration_lifecycle.csv","78: ""render_module_circular_atlas"",""results/figures/10_biological_integration/wgcna_circular_atlas/global/wgcna_circular_atlas_selected_only.svg"",""results/integrati","ANALYSIS_REFERENCE","render_module_circular_atlas","","PROVENANCE","historical",FALSE,"MEDIUM",""
"render_module_circular_atlas","pRoteomics","audits/phase6g_integration_lifecycle.csv","79: ""render_module_circular_atlas"",""results/figures/10_biological_integration/wgcna_circular_atlas/global/wgcna_circular_atlas_selected_only.pdf"",""results/integrati","ANALYSIS_REFERENCE","render_module_circular_atlas","","PROVENANCE","historical",FALSE,"MEDIUM",""
"render_module_circular_atlas","pRoteomics","audits/phase6g_integration_lifecycle.csv","80: ""render_module_circular_atlas"",""results/figures/10_biological_integration/wgcna_circular_atlas/global/wgcna_circular_heatmap_all_datasets.svg"",""results/integrat","ANALYSIS_REFERENCE","render_module_circular_atlas","","PROVENANCE","historical",FALSE,"MEDIUM",""
"render_module_circular_atlas","pRoteomics","audits/phase6g_integration_lifecycle.csv","81: ""render_module_circular_atlas"",""results/figures/10_biological_integration/wgcna_circular_atlas/global/wgcna_circular_heatmap_all_datasets.pdf"",""results/integrat","ANALYSIS_REFERENCE","render_module_circular_atlas","","PROVENANCE","historical",FALSE,"MEDIUM",""
"render_module_circular_atlas","pRoteomics","audits/phase6g_integration_lifecycle.csv","82: ""render_module_circular_atlas"",""results/figures/10_biological_integration/wgcna_circular_atlas/global/wgcna_circular_heatmap_neuron_neuropil.svg"",""results/integ","ANALYSIS_REFERENCE","render_module_circular_atlas","","PROVENANCE","historical",FALSE,"MEDIUM",""
"render_module_circular_atlas","pRoteomics","audits/phase6g_integration_lifecycle.csv","83: ""render_module_circular_atlas"",""results/figures/10_biological_integration/wgcna_circular_atlas/global/wgcna_circular_heatmap_neuron_neuropil.pdf"",""results/integ","ANALYSIS_REFERENCE","render_module_circular_atlas","","PROVENANCE","historical",FALSE,"MEDIUM",""
"render_module_circular_atlas","pRoteomics","audits/phase6g_integration_lifecycle.csv","84: ""render_module_circular_atlas"",""results/figures/10_biological_integration/wgcna_circular_atlas/global/wgcna_circular_heatmap_neuron_soma.svg"",""results/integrati","ANALYSIS_REFERENCE","render_module_circular_atlas","","PROVENANCE","historical",FALSE,"MEDIUM",""
"render_module_circular_atlas","pRoteomics","audits/phase6g_integration_lifecycle.csv","85: ""render_module_circular_atlas"",""results/figures/10_biological_integration/wgcna_circular_atlas/global/wgcna_circular_heatmap_neuron_soma.pdf"",""results/integrati","ANALYSIS_REFERENCE","render_module_circular_atlas","","PROVENANCE","historical",FALSE,"MEDIUM",""
"render_module_circular_atlas","pRoteomics","audits/phase6g_integration_lifecycle.csv","86: ""render_module_circular_atlas"",""results/figures/10_biological_integration/wgcna_circular_atlas/global/wgcna_circular_heatmap_microglia.svg"",""results/integration","ANALYSIS_REFERENCE","render_module_circular_atlas","","PROVENANCE","historical",FALSE,"MEDIUM",""
"render_module_circular_atlas","pRoteomics","audits/phase6g_integration_lifecycle.csv","87: ""render_module_circular_atlas"",""results/figures/10_biological_integration/wgcna_circular_atlas/global/wgcna_circular_heatmap_microglia.pdf"",""results/integration","ANALYSIS_REFERENCE","render_module_circular_atlas","","PROVENANCE","historical",FALSE,"MEDIUM",""
"render_module_circular_atlas","pRoteomics","audits/phase6g_integration_lifecycle.csv","88: ""render_module_circular_atlas"",""results/figures/10_biological_integration/wgcna_circular_atlas/global/wgcna_circular_publication_supermodule_effect_heatmap_all_","ANALYSIS_REFERENCE","render_module_circular_atlas","","PROVENANCE","historical",FALSE,"MEDIUM",""
"render_module_circular_atlas","pRoteomics","audits/phase6g_integration_lifecycle.csv","89: ""render_module_circular_atlas"",""results/figures/10_biological_integration/wgcna_circular_atlas/global/wgcna_circular_publication_supermodule_effect_heatmap_all_","ANALYSIS_REFERENCE","render_module_circular_atlas","","PROVENANCE","historical",FALSE,"MEDIUM",""
"render_module_circular_atlas","pRoteomics","audits/phase6g_integration_lifecycle.csv","90: ""render_module_circular_atlas"",""results/figures/10_biological_integration/wgcna_circular_atlas/global/wgcna_circular_publication_supermodule_effect_heatmap_neur","ANALYSIS_REFERENCE","render_module_circular_atlas","","PROVENANCE","historical",FALSE,"MEDIUM",""
"render_module_circular_atlas","pRoteomics","audits/phase6g_integration_lifecycle.csv","91: ""render_module_circular_atlas"",""results/figures/10_biological_integration/wgcna_circular_atlas/global/wgcna_circular_publication_supermodule_effect_heatmap_neur","ANALYSIS_REFERENCE","render_module_circular_atlas","","PROVENANCE","historical",FALSE,"MEDIUM",""
"render_module_circular_atlas","pRoteomics","audits/phase6g_integration_lifecycle.csv","92: ""render_module_circular_atlas"",""results/figures/10_biological_integration/wgcna_circular_atlas/global/wgcna_circular_publication_supermodule_effect_heatmap_neur","ANALYSIS_REFERENCE","render_module_circular_atlas","","PROVENANCE","historical",FALSE,"MEDIUM",""
"render_module_circular_atlas","pRoteomics","audits/phase6g_integration_lifecycle.csv","93: ""render_module_circular_atlas"",""results/figures/10_biological_integration/wgcna_circular_atlas/global/wgcna_circular_publication_supermodule_effect_heatmap_neur","ANALYSIS_REFERENCE","render_module_circular_atlas","","PROVENANCE","historical",FALSE,"MEDIUM",""
"render_module_circular_atlas","pRoteomics","audits/phase6g_integration_lifecycle.csv","94: ""render_module_circular_atlas"",""results/figures/10_biological_integration/wgcna_circular_atlas/global/wgcna_circular_publication_supermodule_effect_heatmap_micr","ANALYSIS_REFERENCE","render_module_circular_atlas","","PROVENANCE","historical",FALSE,"MEDIUM",""
"render_module_circular_atlas","pRoteomics","audits/phase6g_integration_lifecycle.csv","95: ""render_module_circular_atlas"",""results/figures/10_biological_integration/wgcna_circular_atlas/global/wgcna_circular_publication_supermodule_effect_heatmap_micr","ANALYSIS_REFERENCE","render_module_circular_atlas","","PROVENANCE","historical",FALSE,"MEDIUM",""
"render_module_circular_atlas","pRoteomics","audits/phase6g_integration_lifecycle.csv","96: ""render_module_circular_atlas"",""results/figures/10_biological_integration/wgcna_circular_atlas/global/wgcna_region_layer_heatmap_all_modules.svg"",""results/integ","ANALYSIS_REFERENCE","render_module_circular_atlas","","PROVENANCE","historical",FALSE,"MEDIUM",""
"render_module_circular_atlas","pRoteomics","audits/phase6g_integration_lifecycle.csv","97: ""render_module_circular_atlas"",""results/figures/10_biological_integration/wgcna_circular_atlas/global/wgcna_region_layer_heatmap_all_modules.pdf"",""results/integ","ANALYSIS_REFERENCE","render_module_circular_atlas","","PROVENANCE","historical",FALSE,"MEDIUM",""
"render_module_circular_atlas","pRoteomics","audits/phase6g_integration_lifecycle.csv","98: ""render_module_circular_atlas"",""results/tables/10_biological_integration/wgcna_circular_atlas/global/wgcna_circular_atlas_metrics.csv"",""results/integration/rend","ANALYSIS_REFERENCE","render_module_circular_atlas","","PROVENANCE","historical",FALSE,"MEDIUM",""
"render_module_circular_atlas","pRoteomics","audits/phase6g_integration_lifecycle.csv","99: ""render_module_circular_atlas"",""results/source_data/10_biological_integration/wgcna_circular_atlas/global/"",""results/integration/render_module_circular_atlas/gl","ANALYSIS_REFERENCE","render_module_circular_atlas","","PROVENANCE","historical",FALSE,"MEDIUM",""
"render_module_circular_atlas","pRoteomics","audits/phase6g_integration_lifecycle.csv","100: ""render_module_circular_atlas"",""results/source_data/10_biological_integration/wgcna_circular_atlas/global/wgcna_circular_atlas_segments.csv"",""results/integratio","ANALYSIS_REFERENCE","render_module_circular_atlas","","PROVENANCE","historical",FALSE,"MEDIUM",""
"render_module_circular_atlas","pRoteomics","audits/phase6g_integration_lifecycle.csv","101: ""render_module_circular_atlas"",""results/source_data/10_biological_integration/wgcna_circular_atlas/global/wgcna_circular_atlas_plot_source.csv"",""results/integra","ANALYSIS_REFERENCE","render_module_circular_atlas","","PROVENANCE","historical",FALSE,"MEDIUM",""
"render_module_circular_atlas","pRoteomics","audits/phase6g_integration_lifecycle.csv","102: ""render_module_circular_atlas"",""results/source_data/10_biological_integration/wgcna_circular_atlas/global/wgcna_circular_heatmap_source_supermodule.csv"",""result","ANALYSIS_REFERENCE","render_module_circular_atlas","","PROVENANCE","historical",FALSE,"MEDIUM",""
"render_module_circular_atlas","pRoteomics","audits/phase6g_integration_lifecycle.csv","103: ""render_module_circular_atlas"",""results/source_data/10_biological_integration/wgcna_circular_atlas/global/wgcna_circular_heatmap_source_module.csv"",""results/int","ANALYSIS_REFERENCE","render_module_circular_atlas","","PROVENANCE","historical",FALSE,"MEDIUM",""
"render_module_circular_atlas","pRoteomics","audits/phase6g_integration_lifecycle.csv","104: ""render_module_circular_atlas"",""results/source_data/10_biological_integration/wgcna_circular_atlas/global/wgcna_circular_heatmap_layout_all_datasets.csv"",""resul","ANALYSIS_REFERENCE","render_module_circular_atlas","","PROVENANCE","historical",FALSE,"MEDIUM",""
"render_module_circular_atlas","pRoteomics","audits/phase6g_integration_lifecycle.csv","105: ""render_module_circular_atlas"",""results/source_data/10_biological_integration/wgcna_circular_atlas/global/wgcna_circular_publication_supermodule_effect_heatmap_","ANALYSIS_REFERENCE","render_module_circular_atlas","","PROVENANCE","historical",FALSE,"MEDIUM",""
"render_module_circular_atlas","pRoteomics","audits/phase6g_integration_lifecycle.csv","106: ""render_module_circular_atlas"",""results/source_data/10_biological_integration/wgcna_circular_atlas/global/wgcna_circular_publication_supermodule_effect_heatmap_","ANALYSIS_REFERENCE","render_module_circular_atlas","","PROVENANCE","historical",FALSE,"MEDIUM",""
"render_module_circular_atlas","pRoteomics","audits/phase6g_integration_lifecycle.csv","107: ""render_module_circular_atlas"",""results/reports/10_biological_integration/wgcna_circular_atlas/global/wgcna_circular_atlas_input_status.csv"",""results/integratio","ANALYSIS_REFERENCE","render_module_circular_atlas","","PROVENANCE","historical",FALSE,"MEDIUM",""
"render_module_circular_atlas","pRoteomics","audits/phase6g_integration_lifecycle.csv","108: ""render_module_circular_atlas"",""results/reports/10_biological_integration/wgcna_circular_atlas/global/wgcna_circular_vs_publication_heatmap_source_audit.csv"",""r","ANALYSIS_REFERENCE","render_module_circular_atlas","","PROVENANCE","historical",FALSE,"MEDIUM",""
"render_module_circular_atlas","pRoteomics","audits/phase6g_integration_lifecycle.csv","109: ""render_module_circular_atlas"",""results/reports/10_biological_integration/wgcna_circular_atlas/global/wgcna_circular_vs_publication_supermodule_id_comparison.cs","ANALYSIS_REFERENCE","render_module_circular_atlas","","PROVENANCE","historical",FALSE,"MEDIUM",""
"render_module_circular_atlas","pRoteomics","audits/phase6g_integration_lifecycle.csv","110: ""render_module_circular_atlas"",""results/reports/10_biological_integration/wgcna_circular_atlas/global/wgcna_circular_metric_consistency_audit.csv"",""results/inte","ANALYSIS_REFERENCE","render_module_circular_atlas","","PROVENANCE","historical",FALSE,"MEDIUM",""
"render_module_circular_atlas","pRoteomics","audits/phase6g_integration_lifecycle.csv","111: ""render_module_circular_atlas"",""results/reports/10_biological_integration/wgcna_circular_atlas/global/wgcna_module_supermodule_mapping_audit.csv"",""results/integ","ANALYSIS_REFERENCE","render_module_circular_atlas","","PROVENANCE","historical",FALSE,"MEDIUM",""
"render_module_circular_atlas","pRoteomics","audits/phase6g_integration_lifecycle.csv","112: ""render_module_circular_atlas"",""results/reports/10_biological_integration/wgcna_circular_atlas/global/wgcna_circular_atlas_stage13_selection_audit.csv"",""results","ANALYSIS_REFERENCE","render_module_circular_atlas","","PROVENANCE","historical",FALSE,"MEDIUM",""
"render_module_circular_atlas","pRoteomics","audits/phase6g_integration_lifecycle.csv","113: ""render_module_circular_atlas"",""results/logs/10_biological_integration/wgcna_circular_atlas/global/run_manifest.yml"",""results/integration/render_module_circular","ANALYSIS_REFERENCE","render_module_circular_atlas","","PROVENANCE","historical",FALSE,"MEDIUM",""
"render_module_circular_atlas","pRoteomics","audits/phase6g_integration_lifecycle.csv","75: ""render_module_circular_atlas"",""results/figures/10_biological_integration/wgcna_circular_atlas/global/"",""results/integration/render_module_circular_atlas/global","ANALYSIS_REFERENCE","render_module_circular_atlas.R","","PROVENANCE","historical",FALSE,"MEDIUM",""
"render_module_circular_atlas","pRoteomics","audits/phase6g_integration_lifecycle.csv","76: ""render_module_circular_atlas"",""results/figures/10_biological_integration/wgcna_circular_atlas/global/wgcna_circular_atlas_main.svg"",""results/integration/render","ANALYSIS_REFERENCE","render_module_circular_atlas.R","","PROVENANCE","historical",FALSE,"MEDIUM",""
"render_module_circular_atlas","pRoteomics","audits/phase6g_integration_lifecycle.csv","77: ""render_module_circular_atlas"",""results/figures/10_biological_integration/wgcna_circular_atlas/global/wgcna_circular_atlas_main.pdf"",""results/integration/render","ANALYSIS_REFERENCE","render_module_circular_atlas.R","","PROVENANCE","historical",FALSE,"MEDIUM",""
"render_module_circular_atlas","pRoteomics","audits/phase6g_integration_lifecycle.csv","78: ""render_module_circular_atlas"",""results/figures/10_biological_integration/wgcna_circular_atlas/global/wgcna_circular_atlas_selected_only.svg"",""results/integrati","ANALYSIS_REFERENCE","render_module_circular_atlas.R","","PROVENANCE","historical",FALSE,"MEDIUM",""
"render_module_circular_atlas","pRoteomics","audits/phase6g_integration_lifecycle.csv","79: ""render_module_circular_atlas"",""results/figures/10_biological_integration/wgcna_circular_atlas/global/wgcna_circular_atlas_selected_only.pdf"",""results/integrati","ANALYSIS_REFERENCE","render_module_circular_atlas.R","","PROVENANCE","historical",FALSE,"MEDIUM",""
"render_module_circular_atlas","pRoteomics","audits/phase6g_integration_lifecycle.csv","80: ""render_module_circular_atlas"",""results/figures/10_biological_integration/wgcna_circular_atlas/global/wgcna_circular_heatmap_all_datasets.svg"",""results/integrat","ANALYSIS_REFERENCE","render_module_circular_atlas.R","","PROVENANCE","historical",FALSE,"MEDIUM",""
"render_module_circular_atlas","pRoteomics","audits/phase6g_integration_lifecycle.csv","81: ""render_module_circular_atlas"",""results/figures/10_biological_integration/wgcna_circular_atlas/global/wgcna_circular_heatmap_all_datasets.pdf"",""results/integrat","ANALYSIS_REFERENCE","render_module_circular_atlas.R","","PROVENANCE","historical",FALSE,"MEDIUM",""
"render_module_circular_atlas","pRoteomics","audits/phase6g_integration_lifecycle.csv","82: ""render_module_circular_atlas"",""results/figures/10_biological_integration/wgcna_circular_atlas/global/wgcna_circular_heatmap_neuron_neuropil.svg"",""results/integ","ANALYSIS_REFERENCE","render_module_circular_atlas.R","","PROVENANCE","historical",FALSE,"MEDIUM",""
"render_module_circular_atlas","pRoteomics","audits/phase6g_integration_lifecycle.csv","83: ""render_module_circular_atlas"",""results/figures/10_biological_integration/wgcna_circular_atlas/global/wgcna_circular_heatmap_neuron_neuropil.pdf"",""results/integ","ANALYSIS_REFERENCE","render_module_circular_atlas.R","","PROVENANCE","historical",FALSE,"MEDIUM",""
"render_module_circular_atlas","pRoteomics","audits/phase6g_integration_lifecycle.csv","84: ""render_module_circular_atlas"",""results/figures/10_biological_integration/wgcna_circular_atlas/global/wgcna_circular_heatmap_neuron_soma.svg"",""results/integrati","ANALYSIS_REFERENCE","render_module_circular_atlas.R","","PROVENANCE","historical",FALSE,"MEDIUM",""
"render_module_circular_atlas","pRoteomics","audits/phase6g_integration_lifecycle.csv","85: ""render_module_circular_atlas"",""results/figures/10_biological_integration/wgcna_circular_atlas/global/wgcna_circular_heatmap_neuron_soma.pdf"",""results/integrati","ANALYSIS_REFERENCE","render_module_circular_atlas.R","","PROVENANCE","historical",FALSE,"MEDIUM",""
"render_module_circular_atlas","pRoteomics","audits/phase6g_integration_lifecycle.csv","86: ""render_module_circular_atlas"",""results/figures/10_biological_integration/wgcna_circular_atlas/global/wgcna_circular_heatmap_microglia.svg"",""results/integration","ANALYSIS_REFERENCE","render_module_circular_atlas.R","","PROVENANCE","historical",FALSE,"MEDIUM",""
"render_module_circular_atlas","pRoteomics","audits/phase6g_integration_lifecycle.csv","87: ""render_module_circular_atlas"",""results/figures/10_biological_integration/wgcna_circular_atlas/global/wgcna_circular_heatmap_microglia.pdf"",""results/integration","ANALYSIS_REFERENCE","render_module_circular_atlas.R","","PROVENANCE","historical",FALSE,"MEDIUM",""
"render_module_circular_atlas","pRoteomics","audits/phase6g_integration_lifecycle.csv","88: ""render_module_circular_atlas"",""results/figures/10_biological_integration/wgcna_circular_atlas/global/wgcna_circular_publication_supermodule_effect_heatmap_all_","ANALYSIS_REFERENCE","render_module_circular_atlas.R","","PROVENANCE","historical",FALSE,"MEDIUM",""
"render_module_circular_atlas","pRoteomics","audits/phase6g_integration_lifecycle.csv","89: ""render_module_circular_atlas"",""results/figures/10_biological_integration/wgcna_circular_atlas/global/wgcna_circular_publication_supermodule_effect_heatmap_all_","ANALYSIS_REFERENCE","render_module_circular_atlas.R","","PROVENANCE","historical",FALSE,"MEDIUM",""
"render_module_circular_atlas","pRoteomics","audits/phase6g_integration_lifecycle.csv","90: ""render_module_circular_atlas"",""results/figures/10_biological_integration/wgcna_circular_atlas/global/wgcna_circular_publication_supermodule_effect_heatmap_neur","ANALYSIS_REFERENCE","render_module_circular_atlas.R","","PROVENANCE","historical",FALSE,"MEDIUM",""
"render_module_circular_atlas","pRoteomics","audits/phase6g_integration_lifecycle.csv","91: ""render_module_circular_atlas"",""results/figures/10_biological_integration/wgcna_circular_atlas/global/wgcna_circular_publication_supermodule_effect_heatmap_neur","ANALYSIS_REFERENCE","render_module_circular_atlas.R","","PROVENANCE","historical",FALSE,"MEDIUM",""
"render_module_circular_atlas","pRoteomics","audits/phase6g_integration_lifecycle.csv","92: ""render_module_circular_atlas"",""results/figures/10_biological_integration/wgcna_circular_atlas/global/wgcna_circular_publication_supermodule_effect_heatmap_neur","ANALYSIS_REFERENCE","render_module_circular_atlas.R","","PROVENANCE","historical",FALSE,"MEDIUM",""
"render_module_circular_atlas","pRoteomics","audits/phase6g_integration_lifecycle.csv","93: ""render_module_circular_atlas"",""results/figures/10_biological_integration/wgcna_circular_atlas/global/wgcna_circular_publication_supermodule_effect_heatmap_neur","ANALYSIS_REFERENCE","render_module_circular_atlas.R","","PROVENANCE","historical",FALSE,"MEDIUM",""
"render_module_circular_atlas","pRoteomics","audits/phase6g_integration_lifecycle.csv","94: ""render_module_circular_atlas"",""results/figures/10_biological_integration/wgcna_circular_atlas/global/wgcna_circular_publication_supermodule_effect_heatmap_micr","ANALYSIS_REFERENCE","render_module_circular_atlas.R","","PROVENANCE","historical",FALSE,"MEDIUM",""
"render_module_circular_atlas","pRoteomics","audits/phase6g_integration_lifecycle.csv","95: ""render_module_circular_atlas"",""results/figures/10_biological_integration/wgcna_circular_atlas/global/wgcna_circular_publication_supermodule_effect_heatmap_micr","ANALYSIS_REFERENCE","render_module_circular_atlas.R","","PROVENANCE","historical",FALSE,"MEDIUM",""
"render_module_circular_atlas","pRoteomics","audits/phase6g_integration_lifecycle.csv","96: ""render_module_circular_atlas"",""results/figures/10_biological_integration/wgcna_circular_atlas/global/wgcna_region_layer_heatmap_all_modules.svg"",""results/integ","ANALYSIS_REFERENCE","render_module_circular_atlas.R","","PROVENANCE","historical",FALSE,"MEDIUM",""
"render_module_circular_atlas","pRoteomics","audits/phase6g_integration_lifecycle.csv","97: ""render_module_circular_atlas"",""results/figures/10_biological_integration/wgcna_circular_atlas/global/wgcna_region_layer_heatmap_all_modules.pdf"",""results/integ","ANALYSIS_REFERENCE","render_module_circular_atlas.R","","PROVENANCE","historical",FALSE,"MEDIUM",""
"render_module_circular_atlas","pRoteomics","audits/phase6g_integration_lifecycle.csv","98: ""render_module_circular_atlas"",""results/tables/10_biological_integration/wgcna_circular_atlas/global/wgcna_circular_atlas_metrics.csv"",""results/integration/rend","ANALYSIS_REFERENCE","render_module_circular_atlas.R","","PROVENANCE","historical",FALSE,"MEDIUM",""
"render_module_circular_atlas","pRoteomics","audits/phase6g_integration_lifecycle.csv","99: ""render_module_circular_atlas"",""results/source_data/10_biological_integration/wgcna_circular_atlas/global/"",""results/integration/render_module_circular_atlas/gl","ANALYSIS_REFERENCE","render_module_circular_atlas.R","","PROVENANCE","historical",FALSE,"MEDIUM",""
"render_module_circular_atlas","pRoteomics","audits/phase6g_integration_lifecycle.csv","100: ""render_module_circular_atlas"",""results/source_data/10_biological_integration/wgcna_circular_atlas/global/wgcna_circular_atlas_segments.csv"",""results/integratio","ANALYSIS_REFERENCE","render_module_circular_atlas.R","","PROVENANCE","historical",FALSE,"MEDIUM",""
"render_module_circular_atlas","pRoteomics","audits/phase6g_integration_lifecycle.csv","101: ""render_module_circular_atlas"",""results/source_data/10_biological_integration/wgcna_circular_atlas/global/wgcna_circular_atlas_plot_source.csv"",""results/integra","ANALYSIS_REFERENCE","render_module_circular_atlas.R","","PROVENANCE","historical",FALSE,"MEDIUM",""
"render_module_circular_atlas","pRoteomics","audits/phase6g_integration_lifecycle.csv","102: ""render_module_circular_atlas"",""results/source_data/10_biological_integration/wgcna_circular_atlas/global/wgcna_circular_heatmap_source_supermodule.csv"",""result","ANALYSIS_REFERENCE","render_module_circular_atlas.R","","PROVENANCE","historical",FALSE,"MEDIUM",""
"render_module_circular_atlas","pRoteomics","audits/phase6g_integration_lifecycle.csv","103: ""render_module_circular_atlas"",""results/source_data/10_biological_integration/wgcna_circular_atlas/global/wgcna_circular_heatmap_source_module.csv"",""results/int","ANALYSIS_REFERENCE","render_module_circular_atlas.R","","PROVENANCE","historical",FALSE,"MEDIUM",""
"render_module_circular_atlas","pRoteomics","audits/phase6g_integration_lifecycle.csv","104: ""render_module_circular_atlas"",""results/source_data/10_biological_integration/wgcna_circular_atlas/global/wgcna_circular_heatmap_layout_all_datasets.csv"",""resul","ANALYSIS_REFERENCE","render_module_circular_atlas.R","","PROVENANCE","historical",FALSE,"MEDIUM",""
"render_module_circular_atlas","pRoteomics","audits/phase6g_integration_lifecycle.csv","105: ""render_module_circular_atlas"",""results/source_data/10_biological_integration/wgcna_circular_atlas/global/wgcna_circular_publication_supermodule_effect_heatmap_","ANALYSIS_REFERENCE","render_module_circular_atlas.R","","PROVENANCE","historical",FALSE,"MEDIUM",""
"render_module_circular_atlas","pRoteomics","audits/phase6g_integration_lifecycle.csv","106: ""render_module_circular_atlas"",""results/source_data/10_biological_integration/wgcna_circular_atlas/global/wgcna_circular_publication_supermodule_effect_heatmap_","ANALYSIS_REFERENCE","render_module_circular_atlas.R","","PROVENANCE","historical",FALSE,"MEDIUM",""
"render_module_circular_atlas","pRoteomics","audits/phase6g_integration_lifecycle.csv","107: ""render_module_circular_atlas"",""results/reports/10_biological_integration/wgcna_circular_atlas/global/wgcna_circular_atlas_input_status.csv"",""results/integratio","ANALYSIS_REFERENCE","render_module_circular_atlas.R","","PROVENANCE","historical",FALSE,"MEDIUM",""
"render_module_circular_atlas","pRoteomics","audits/phase6g_integration_lifecycle.csv","108: ""render_module_circular_atlas"",""results/reports/10_biological_integration/wgcna_circular_atlas/global/wgcna_circular_vs_publication_heatmap_source_audit.csv"",""r","ANALYSIS_REFERENCE","render_module_circular_atlas.R","","PROVENANCE","historical",FALSE,"MEDIUM",""
"render_module_circular_atlas","pRoteomics","audits/phase6g_integration_lifecycle.csv","109: ""render_module_circular_atlas"",""results/reports/10_biological_integration/wgcna_circular_atlas/global/wgcna_circular_vs_publication_supermodule_id_comparison.cs","ANALYSIS_REFERENCE","render_module_circular_atlas.R","","PROVENANCE","historical",FALSE,"MEDIUM",""
"render_module_circular_atlas","pRoteomics","audits/phase6g_integration_lifecycle.csv","110: ""render_module_circular_atlas"",""results/reports/10_biological_integration/wgcna_circular_atlas/global/wgcna_circular_metric_consistency_audit.csv"",""results/inte","ANALYSIS_REFERENCE","render_module_circular_atlas.R","","PROVENANCE","historical",FALSE,"MEDIUM",""
"render_module_circular_atlas","pRoteomics","audits/phase6g_integration_lifecycle.csv","111: ""render_module_circular_atlas"",""results/reports/10_biological_integration/wgcna_circular_atlas/global/wgcna_module_supermodule_mapping_audit.csv"",""results/integ","ANALYSIS_REFERENCE","render_module_circular_atlas.R","","PROVENANCE","historical",FALSE,"MEDIUM",""
"render_module_circular_atlas","pRoteomics","audits/phase6g_integration_lifecycle.csv","112: ""render_module_circular_atlas"",""results/reports/10_biological_integration/wgcna_circular_atlas/global/wgcna_circular_atlas_stage13_selection_audit.csv"",""results","ANALYSIS_REFERENCE","render_module_circular_atlas.R","","PROVENANCE","historical",FALSE,"MEDIUM",""
"render_module_circular_atlas","pRoteomics","audits/phase6g_integration_lifecycle.csv","113: ""render_module_circular_atlas"",""results/logs/10_biological_integration/wgcna_circular_atlas/global/run_manifest.yml"",""results/integration/render_module_circular","ANALYSIS_REFERENCE","render_module_circular_atlas.R","","PROVENANCE","historical",FALSE,"MEDIUM",""
"render_module_circular_atlas","pRoteomics","audits/phase6g_qc_consumer_reconciliation.csv","22: ""analysis/publication_source_data/08_export_manuscript_figures.R"",""REPOINTED"",""Present in both inventories."",FALSE","NAMESPACE_BASENAME","publication_source_data","","PROVENANCE","historical",FALSE,"MEDIUM",""
"render_module_circular_atlas","pRoteomics","audits/phase6g_qc_consumer_reconciliation.csv","23: ""analysis/publication_source_data/09_export_source_data.R"",""REPOINTED"",""Present in both inventories."",FALSE","NAMESPACE_BASENAME","publication_source_data","","PROVENANCE","historical",FALSE,"MEDIUM",""
"render_module_circular_atlas","pRoteomics","audits/phase6g_qc_consumer_reconciliation.csv","24: ""analysis/publication_source_data/build_methods_summary.R"",""REPOINTED"",""Present in both inventories."",FALSE","NAMESPACE_BASENAME","publication_source_data","","PROVENANCE","historical",FALSE,"MEDIUM",""
"render_module_circular_atlas","pRoteomics","audits/phase6g_qc_consumer_reconciliation.csv","25: ""analysis/publication_source_data/build_pride_manifest.R"",""REPOINTED"",""Present in both inventories."",FALSE","NAMESPACE_BASENAME","publication_source_data","","PROVENANCE","historical",FALSE,"MEDIUM",""
"render_module_circular_atlas","pRoteomics","audits/phase6g_qc_consumer_reconciliation.csv","26: ""analysis/publication_source_data/build_sample_metadata.R"",""REPOINTED"",""Present in both inventories."",FALSE","NAMESPACE_BASENAME","publication_source_data","","PROVENANCE","historical",FALSE,"MEDIUM",""
"render_module_circular_atlas","pRoteomics","audits/phase6g_qc_consumer_reconciliation.csv","27: ""analysis/publication_source_data/build_supplementary_tables.R"",""REPOINTED"",""Present in both inventories."",FALSE","NAMESPACE_BASENAME","publication_source_data","","PROVENANCE","historical",FALSE,"MEDIUM",""
"render_module_circular_atlas","pRoteomics","audits/phase6g_qc_consumer_reconciliation.csv","28: ""analysis/publication_source_data/export_processed_matrices.R"",""REPOINTED"",""Present in both inventories."",FALSE","NAMESPACE_BASENAME","publication_source_data","","PROVENANCE","historical",FALSE,"MEDIUM",""
"render_module_circular_atlas","pRoteomics","audits/phase6g_qc_consumer_reconciliation.csv","29: ""analysis/publication_source_data/RUN_EXPORT.R"",""REPOINTED"",""Present in both inventories."",FALSE","NAMESPACE_BASENAME","publication_source_data","","PROVENANCE","historical",FALSE,"MEDIUM",""
"render_module_circular_atlas","pRoteomics","audits/phase6g_qc_consumer_reconciliation.csv","30: ""analysis/publication_source_data/validate_pride_submission.R"",""REPOINTED"",""Present in both inventories."",FALSE","NAMESPACE_BASENAME","publication_source_data","","PROVENANCE","historical",FALSE,"MEDIUM",""
"render_module_circular_atlas","pRoteomics","audits/phase6g_qc_consumer_reconciliation.csv","83: ""analysis/publication_source_data/build_biological_claims_table.R"",""RESOLVER_DELEGATED"",""Present in both inventories."",TRUE","NAMESPACE_BASENAME","publication_source_data","","PROVENANCE","historical",FALSE,"MEDIUM",""
"render_module_circular_atlas","pRoteomics","audits/phase6g_spatial_networks_consumer_reconciliation.csv","9: ""analysis/publication_source_data/08_export_manuscript_figures.R"",""RETAINED"",""Present in both inventories.""","NAMESPACE_BASENAME","publication_source_data","","PROVENANCE","historical",FALSE,"MEDIUM",""
"render_module_circular_atlas","pRoteomics","audits/phase6g_writer_namespace_audit.csv","22: ""integration"",""render_module_circular_atlas"",""analysis/integration/render_module_circular_atlas.R"",""results/integration/render_module_circular_atlas/global/plot","FULL_PATH","results/integration/render_module_circular_atlas/global/plots","","PROVENANCE","historical",FALSE,"HIGH",""
"render_module_circular_atlas","pRoteomics","audits/phase6g_writer_namespace_audit.csv","22: ""integration"",""render_module_circular_atlas"",""analysis/integration/render_module_circular_atlas.R"",""results/integration/render_module_circular_atlas/global/plot","FULL_PATH","results/integration/render_module_circular_atlas/global/plots/wgcna_circular_atlas_main.svg","","PROVENANCE","historical",FALSE,"HIGH",""
"render_module_circular_atlas","pRoteomics","audits/phase6g_writer_namespace_audit.csv","22: ""integration"",""render_module_circular_atlas"",""analysis/integration/render_module_circular_atlas.R"",""results/integration/render_module_circular_atlas/global/plot","FULL_PATH","results/integration/render_module_circular_atlas/global/plots/wgcna_circular_atlas_main.pdf","","PROVENANCE","historical",FALSE,"HIGH",""
"render_module_circular_atlas","pRoteomics","audits/phase6g_writer_namespace_audit.csv","74: ""publication_source_data"",""08_export_manuscript_figures"",""analysis/publication_source_data/08_export_manuscript_figures.R"",""results/manuscript/figure_1/ | resul","NAMESPACE_BASENAME","publication_source_data","","PROVENANCE","historical",FALSE,"MEDIUM",""
"render_module_circular_atlas","pRoteomics","audits/phase6g_writer_namespace_audit.csv","75: ""publication_source_data"",""09_export_source_data"",""analysis/publication_source_data/09_export_source_data.R"",""results/manuscript/source_data/ | results/manuscri","NAMESPACE_BASENAME","publication_source_data","","PROVENANCE","historical",FALSE,"MEDIUM",""
"render_module_circular_atlas","pRoteomics","audits/phase6g_writer_namespace_audit.csv","76: ""publication_source_data"",""build_biological_claims_table"",""analysis/publication_source_data/build_biological_claims_table.R"",""results/tables/biological_claims_t","NAMESPACE_BASENAME","publication_source_data","","PROVENANCE","historical",FALSE,"MEDIUM",""
"render_module_circular_atlas","pRoteomics","audits/phase6g_writer_namespace_audit.csv","77: ""publication_source_data"",""build_methods_summary"",""analysis/publication_source_data/build_methods_summary.R"",""pride_submission/methods/methods_summary.md | prid","NAMESPACE_BASENAME","publication_source_data","","PROVENANCE","historical",FALSE,"MEDIUM",""
"render_module_circular_atlas","pRoteomics","audits/phase6g_writer_namespace_audit.csv","78: ""publication_source_data"",""build_pride_manifest"",""analysis/publication_source_data/build_pride_manifest.R"",""pride_submission/manifests/pride_file_manifest.tsv"",","NAMESPACE_BASENAME","publication_source_data","","PROVENANCE","historical",FALSE,"MEDIUM",""
"render_module_circular_atlas","pRoteomics","audits/phase6g_writer_namespace_audit.csv","79: ""publication_source_data"",""build_sample_metadata"",""analysis/publication_source_data/build_sample_metadata.R"",""pride_submission/metadata/sample_metadata.tsv | pr","NAMESPACE_BASENAME","publication_source_data","","PROVENANCE","historical",FALSE,"MEDIUM",""
"render_module_circular_atlas","pRoteomics","audits/phase6g_writer_namespace_audit.csv","80: ""publication_source_data"",""build_supplementary_tables"",""analysis/publication_source_data/build_supplementary_tables.R"",""pride_submission/supplementary_tables/"",","NAMESPACE_BASENAME","publication_source_data","","PROVENANCE","historical",FALSE,"MEDIUM",""
"render_module_circular_atlas","pRoteomics","audits/phase6g_writer_namespace_audit.csv","81: ""publication_source_data"",""export_processed_matrices"",""analysis/publication_source_data/export_processed_matrices.R"",""pride_submission/processed_data/ | pride_s","NAMESPACE_BASENAME","publication_source_data","","PROVENANCE","historical",FALSE,"MEDIUM",""
"render_module_circular_atlas","pRoteomics","audits/phase6g_writer_namespace_audit.csv","82: ""publication_source_data"",""validate_pride_submission"",""analysis/publication_source_data/validate_pride_submission.R"",""pride_submission/validation/validation_rep","NAMESPACE_BASENAME","publication_source_data","","PROVENANCE","historical",FALSE,"MEDIUM",""
"render_module_circular_atlas","pRoteomics","audits/phase6g_writer_namespace_audit.csv","22: ""integration"",""render_module_circular_atlas"",""analysis/integration/render_module_circular_atlas.R"",""results/integration/render_module_circular_atlas/global/plot","ANALYSIS_REFERENCE","render_module_circular_atlas","","PROVENANCE","historical",FALSE,"MEDIUM",""
"render_module_circular_atlas","pRoteomics","audits/phase6g_writer_namespace_audit.csv","22: ""integration"",""render_module_circular_atlas"",""analysis/integration/render_module_circular_atlas.R"",""results/integration/render_module_circular_atlas/global/plot","ANALYSIS_REFERENCE","render_module_circular_atlas.R","","PROVENANCE","historical",FALSE,"MEDIUM",""
"render_module_circular_atlas","pRoteomics","audits/program_evidence/01_build_ledger.R","38: ""results"", ""tables"", ""10_biological_integration"", ""gsea_wgcna_concordance"",","NAMESPACE_BASENAME","10_biological_integration","read.csv","PROVENANCE","historical",FALSE,"HIGH",""
"render_module_circular_atlas","pRoteomics","audits/program_evidence/02_omitted_recheck.R","28: ""results"", ""tables"", ""10_biological_integration"", ""gsea_wgcna_concordance"",","NAMESPACE_BASENAME","10_biological_integration","read.csv","PROVENANCE","historical",FALSE,"HIGH",""
"render_module_circular_atlas","pRoteomics","audits/publication_hardening/01_manuscript_contract.R","71: ""results"", ""tables"", ""10_biological_integration"", ""gsea_wgcna_concordance"",","NAMESPACE_BASENAME","10_biological_integration","read.csv","PROVENANCE","historical",FALSE,"HIGH",""
"render_module_circular_atlas","pRoteomics","audits/restructure_migration_map.csv","11: ""pRoteomics"",""results/tables/10_biological_integration/gsea_wgcna_concordance/global/ontology_aware_gsea_theme_assignments_all_contrasts.csv"",""32fbf6ab6a256bc10","NAMESPACE_BASENAME","10_biological_integration","","PROVENANCE","historical",FALSE,"MEDIUM",""
"render_module_circular_atlas","pRoteomics","audits/verify_scientific_contracts.R","35: objects = ""results/tables/10_biological_integration/gsea_wgcna_concordance/global/ontology_aware_gsea_theme_assignments_all_contrasts.csv""),","NAMESPACE_BASENAME","10_biological_integration","","PROVENANCE","active",FALSE,"MEDIUM",""
"render_module_circular_atlas","pRoteomics","audits/verify_scientific_contracts.R","40: ""results/tables/10_biological_integration/gsea_wgcna_concordance/global/ontology_aware_gsea_theme_assignments_all_contrasts.csv"",","NAMESPACE_BASENAME","10_biological_integration","","PROVENANCE","active",FALSE,"MEDIUM",""
"render_module_circular_atlas","pRoteomics","docs/restructure_inventory.csv","104: ""10_biological_integration/build_cross_compartment_atlas.R"",""ANALYSIS_ENTRYPOINT"",""proteomics"",""ACTIVE_CANONICAL"",TRUE,FALSE,""pRoteomics"",""analysis/08_integrati","NAMESPACE_BASENAME","10_biological_integration","","PROVENANCE","historical",FALSE,"MEDIUM",""
"render_module_circular_atlas","pRoteomics","docs/restructure_inventory.csv","105: ""10_biological_integration/summarize_programs_for_manuscript.R"",""ANALYSIS_ENTRYPOINT"",""proteomics"",""ACTIVE_CANONICAL"",TRUE,FALSE,""pRoteomics"",""analysis/08_integ","NAMESPACE_BASENAME","10_biological_integration","","PROVENANCE","historical",FALSE,"MEDIUM",""
"render_module_circular_atlas","pRoteomics","docs/restructure_inventory.csv","106: ""10_biological_integration/build_evidence_priority_matrix.R"",""ANALYSIS_ENTRYPOINT"",""proteomics"",""ACTIVE_CANONICAL"",TRUE,FALSE,""pRoteomics"",""analysis/08_integrat","NAMESPACE_BASENAME","10_biological_integration","","PROVENANCE","historical",FALSE,"MEDIUM",""
"render_module_circular_atlas","pRoteomics","docs/restructure_inventory.csv","107: ""10_biological_integration/render_module_circular_atlas.R"",""ANALYSIS_ENTRYPOINT"",""proteomics"",""ACTIVE_CANONICAL"",TRUE,FALSE,""pRoteomics"",""analysis/08_integratio","NAMESPACE_BASENAME","10_biological_integration","","PROVENANCE","historical",FALSE,"MEDIUM",""
"render_module_circular_atlas","pRoteomics","docs/restructure_inventory.csv","108: ""10_biological_integration/summarize_module_cross_compartment.R"",""ANALYSIS_ENTRYPOINT"",""proteomics"",""ACTIVE_CANONICAL"",TRUE,FALSE,""pRoteomics"",""analysis/08_inte","NAMESPACE_BASENAME","10_biological_integration","","PROVENANCE","historical",FALSE,"MEDIUM",""
"render_module_circular_atlas","pRoteomics","docs/restructure_inventory.csv","109: ""10_biological_integration/test_enrichment_module_concordance.R"",""ANALYSIS_ENTRYPOINT"",""proteomics"",""ACTIVE_CANONICAL"",TRUE,FALSE,""pRoteomics"",""analysis/08_inte","NAMESPACE_BASENAME","10_biological_integration","","PROVENANCE","historical",FALSE,"MEDIUM",""
"render_module_circular_atlas","pRoteomics","docs/restructure_inventory.csv","110: ""10_biological_integration/export_module_protein_zoom_source_data.R"",""ANALYSIS_ENTRYPOINT"",""proteomics"",""ACTIVE_CANONICAL"",TRUE,FALSE,""pRoteomics"",""analysis/08_","NAMESPACE_BASENAME","10_biological_integration","","PROVENANCE","historical",FALSE,"MEDIUM",""
"render_module_circular_atlas","pRoteomics","docs/restructure_inventory.csv","111: ""10_biological_integration/summarize_enrichment_module_concordance.R"",""ANALYSIS_ENTRYPOINT"",""proteomics"",""ACTIVE_CANONICAL"",TRUE,FALSE,""pRoteomics"",""analysis/08","NAMESPACE_BASENAME","10_biological_integration","","PROVENANCE","historical",FALSE,"MEDIUM",""
"render_module_circular_atlas","pRoteomics","docs/restructure_inventory.csv","112: ""10_biological_integration/07_gsea_wgcna_concordance_correction_audit.R"",""AUDIT"",""proteomics"",""ACTIVE_SUPPORT"",TRUE,FALSE,""pRoteomics"",""audits/integration/07_gs","NAMESPACE_BASENAME","10_biological_integration","","PROVENANCE","historical",FALSE,"MEDIUM",""
"render_module_circular_atlas","pRoteomics","docs/restructure_inventory.csv","113: ""10_biological_integration/build_candidate_protein_shortlist.R"",""ANALYSIS_ENTRYPOINT"",""proteomics"",""ACTIVE_CANONICAL"",TRUE,FALSE,""pRoteomics"",""analysis/08_integ","NAMESPACE_BASENAME","10_biological_integration","","PROVENANCE","historical",FALSE,"MEDIUM",""
"render_module_circular_atlas","pRoteomics","docs/restructure_inventory.csv","114: ""10_biological_integration/quantify_candidate_network_position.R"",""ANALYSIS_ENTRYPOINT"",""proteomics"",""ACTIVE_CANONICAL"",TRUE,FALSE,""pRoteomics"",""analysis/08_int","NAMESPACE_BASENAME","10_biological_integration","","PROVENANCE","historical",FALSE,"MEDIUM",""
"render_module_circular_atlas","pRoteomics","docs/restructure_inventory.csv","115: ""10_biological_integration/build_immunostaining_candidates.R"",""ANALYSIS_ENTRYPOINT"",""proteomics"",""ACTIVE_CANONICAL"",TRUE,FALSE,""pRoteomics"",""analysis/08_integra","NAMESPACE_BASENAME","10_biological_integration","","PROVENANCE","historical",FALSE,"MEDIUM",""
"render_module_circular_atlas","pRoteomics","docs/restructure_inventory.csv","116: ""10_biological_integration/screen_immunostaining_panel.R"",""ANALYSIS_ENTRYPOINT"",""proteomics"",""ACTIVE_CANONICAL"",TRUE,FALSE,""pRoteomics"",""analysis/08_integration","NAMESPACE_BASENAME","10_biological_integration","","PROVENANCE","historical",FALSE,"MEDIUM",""
"render_module_circular_atlas","pRoteomics","docs/restructure_inventory.csv","117: ""10_biological_integration/screen_immunostaining_separation.R"",""ANALYSIS_ENTRYPOINT"",""proteomics"",""ACTIVE_CANONICAL"",TRUE,FALSE,""pRoteomics"",""analysis/08_integr","NAMESPACE_BASENAME","10_biological_integration","","PROVENANCE","historical",FALSE,"MEDIUM",""
"render_module_circular_atlas","pRoteomics","docs/restructure_inventory.csv","118: ""10_biological_integration/README_gsea_wgcna_concordance.md"",""DOCUMENTATION"",""proteomics"",""ACTIVE_SUPPORT"",TRUE,FALSE,""pRoteomics"",""analysis/08_integration/READ","NAMESPACE_BASENAME","10_biological_integration","","PROVENANCE","historical",FALSE,"MEDIUM",""
"render_module_circular_atlas","pRoteomics","docs/restructure_inventory.csv","665: ""results/tables/10_biological_integration/gsea_wgcna_concordance/global/ontology_aware_gsea_theme_assignments_all_contrasts.csv"",""CANONICAL_ANALYSIS_OUTPUT"",""pr","NAMESPACE_BASENAME","10_biological_integration","","PROVENANCE","historical",FALSE,"MEDIUM",""
"render_module_circular_atlas","pRoteomics","docs/restructure_inventory.csv","107: ""10_biological_integration/render_module_circular_atlas.R"",""ANALYSIS_ENTRYPOINT"",""proteomics"",""ACTIVE_CANONICAL"",TRUE,FALSE,""pRoteomics"",""analysis/08_integratio","ANALYSIS_REFERENCE","render_module_circular_atlas","","PROVENANCE","historical",FALSE,"MEDIUM",""
"render_module_circular_atlas","pRoteomics","docs/restructure_inventory.csv","107: ""10_biological_integration/render_module_circular_atlas.R"",""ANALYSIS_ENTRYPOINT"",""proteomics"",""ACTIVE_CANONICAL"",TRUE,FALSE,""pRoteomics"",""analysis/08_integratio","ANALYSIS_REFERENCE","render_module_circular_atlas.R","","PROVENANCE","historical",FALSE,"MEDIUM",""
"render_module_circular_atlas","pRoteomics","tools/verify_path_contract_rewrites.R","48: c(""10_biological_integration"",             ""analysis/integration""),","NAMESPACE_BASENAME","10_biological_integration","","PROVENANCE","active",FALSE,"MEDIUM",""
"render_module_circular_atlas","pRoteomics","tests/testthat/test-integration-writer-namespace.R","25: ""render_module_circular_atlas"", ""screen_immunostaining_panel"",","ANALYSIS_REFERENCE","render_module_circular_atlas","readLines","TEST","active",FALSE,"HIGH",""
"render_module_circular_atlas","pRoteomics","tests/testthat/test-integration-writer-namespace.R","343: i <- which(s$script == ""analysis/integration/render_module_circular_atlas.R"")","ANALYSIS_REFERENCE","render_module_circular_atlas","readLines","TEST","active",FALSE,"HIGH",""
"render_module_circular_atlas","pRoteomics","tests/testthat/test-integration-writer-namespace.R","349: txt <- paste(readLines(writer_file(""render_module_circular_atlas""), warn = FALSE),","ANALYSIS_REFERENCE","render_module_circular_atlas","readLines","TEST","active",FALSE,"HIGH",""
"render_module_circular_atlas","pRoteomics","tests/testthat/test-integration-writer-namespace.R","343: i <- which(s$script == ""analysis/integration/render_module_circular_atlas.R"")","ANALYSIS_REFERENCE","render_module_circular_atlas.R","","TEST","active",FALSE,"MEDIUM",""
"render_module_circular_atlas","pRoteomics","tests/testthat/test-wgcna-circular-atlas-tier-specific-fdr.R","35: test_root(""analysis/integration"", ""render_module_circular_atlas.R""),","ANALYSIS_REFERENCE","render_module_circular_atlas","readLines","TEST","active",FALSE,"HIGH",""
"render_module_circular_atlas","pRoteomics","tests/testthat/test-wgcna-circular-atlas-tier-specific-fdr.R","691: test_root(""analysis/integration"", ""render_module_circular_atlas.R""),","ANALYSIS_REFERENCE","render_module_circular_atlas","readLines","TEST","active",FALSE,"HIGH",""
"render_module_circular_atlas","pRoteomics","tests/testthat/test-wgcna-circular-atlas-tier-specific-fdr.R","35: test_root(""analysis/integration"", ""render_module_circular_atlas.R""),","ANALYSIS_REFERENCE","render_module_circular_atlas.R","readLines","TEST","active",FALSE,"HIGH",""
"render_module_circular_atlas","pRoteomics","tests/testthat/test-wgcna-circular-atlas-tier-specific-fdr.R","691: test_root(""analysis/integration"", ""render_module_circular_atlas.R""),","ANALYSIS_REFERENCE","render_module_circular_atlas.R","readLines","TEST","active",FALSE,"HIGH",""
"render_module_circular_atlas","pRoteomics","tests/testthat/test-wgcna-group-effect-consumer-utils.R","590: ""analysis/integration/render_module_circular_atlas.R"",","ANALYSIS_REFERENCE","render_module_circular_atlas","","TEST","active",FALSE,"MEDIUM",""
"render_module_circular_atlas","pRoteomics","tests/testthat/test-wgcna-group-effect-consumer-utils.R","613: ""analysis/integration/render_module_circular_atlas.R""","ANALYSIS_REFERENCE","render_module_circular_atlas","","TEST","active",FALSE,"MEDIUM",""
"render_module_circular_atlas","pRoteomics","tests/testthat/test-wgcna-group-effect-consumer-utils.R","590: ""analysis/integration/render_module_circular_atlas.R"",","ANALYSIS_REFERENCE","render_module_circular_atlas.R","","TEST","active",FALSE,"MEDIUM",""
"render_module_circular_atlas","pRoteomics","tests/testthat/test-wgcna-group-effect-consumer-utils.R","613: ""analysis/integration/render_module_circular_atlas.R""","ANALYSIS_REFERENCE","render_module_circular_atlas.R","","TEST","active",FALSE,"MEDIUM",""
"render_module_circular_atlas","pRoteomics","tests/testthat/test-wgcna-stage13-downstream-integration.R","289: circular_script <- paste(readLines(stage13_test_path(""analysis/integration"", ""render_module_circular_atlas.R""), warn = FALSE), collapse = ""\n"")","ANALYSIS_REFERENCE","render_module_circular_atlas","readLines","TEST","active",FALSE,"HIGH",""
"render_module_circular_atlas","pRoteomics","tests/testthat/test-wgcna-stage13-downstream-integration.R","289: circular_script <- paste(readLines(stage13_test_path(""analysis/integration"", ""render_module_circular_atlas.R""), warn = FALSE), collapse = ""\n"")","ANALYSIS_REFERENCE","render_module_circular_atlas.R","readLines","TEST","active",FALSE,"HIGH",""
"render_module_circular_atlas","pRoteomics","analysis/integration/screen_immunostaining_panel.R","47: MODULE_ID <- ""10_biological_integration""","NAMESPACE_BASENAME","10_biological_integration","write.csv","WRITER_NOT_CONSUMER","active",FALSE,"MEDIUM",""
"render_module_circular_atlas","pRoteomics","analysis/integration/screen_immunostaining_panel.R","64: legacy_stage = ""10_biological_integration"",","NAMESPACE_BASENAME","10_biological_integration","write.csv","WRITER_NOT_CONSUMER","active",FALSE,"MEDIUM",""
"render_module_circular_atlas","pRoteomics","analysis/integration/screen_immunostaining_panel.R","338: wgcna_shortlist_input = ""results/tables/10_biological_integration/wgcna_candidate_protein_shortlist/neuron_neuropil/wgcna_candidate_proteins_shortl","NAMESPACE_BASENAME","10_biological_integration","write.csv","WRITER_NOT_CONSUMER","active",FALSE,"MEDIUM",""
