"analysis_id","repo","consumer_file","line_or_expression","match_type","matched_token","enclosing_call","dependency_kind","active_or_historical","runtime_relevant","confidence","adjudication"
"render_compartment_abundance_figures","pRoteomics","config/output_layout.yml","49: exports/publication_source_data/ and from nowhere else.","NAMESPACE_BASENAME","publication_source_data","","CONFIG","active",TRUE,"MEDIUM",""
"render_compartment_abundance_figures","pRoteomics","config/output_layout.yml","123: manifest: exports/publication_source_data/manifest.csv","NAMESPACE_BASENAME","publication_source_data","","CONFIG","active",TRUE,"MEDIUM",""
"render_compartment_abundance_figures","pRoteomics","config/output_layout.yml","130: Before Phase 6F it was written into results/publication_source_data/, in","NAMESPACE_BASENAME","publication_source_data","","CONFIG","active",TRUE,"MEDIUM",""
"render_compartment_abundance_figures","pRoteomics","pipeline.yml","226: produces: [""results/qc/render_compartment_abundance_figures/global/tables/source_data"", ""results/qc/render_compartment_abundance_figures/global/plots"",","FULL_PATH","results/qc/render_compartment_abundance_figures/global/tables/source_data","","CONFIG","active",TRUE,"HIGH",""
"render_compartment_abundance_figures","pRoteomics","pipeline.yml","226: produces: [""results/qc/render_compartment_abundance_figures/global/tables/source_data"", ""results/qc/render_compartment_abundance_figures/global/plots"",","FULL_PATH","results/qc/render_compartment_abundance_figures/global/plots","","CONFIG","active",TRUE,"HIGH",""
"render_compartment_abundance_figures","pRoteomics","pipeline.yml","226: produces: [""results/qc/render_compartment_abundance_figures/global/tables/source_data"", ""results/qc/render_compartment_abundance_figures/global/plots"",","FULL_PATH","results/qc/render_compartment_abundance_figures/global/reports","","CONFIG","active",TRUE,"HIGH",""
"render_compartment_abundance_figures","pRoteomics","pipeline.yml","78: consumes_required: [""data/processed/01_preprocessing/joint_compartment_qc/global/joint_compartment_qc_matrices.rds"", ""results/tables/03_qc_exploration/0","REGISTRY_DEPENDENCY","03_qc_exploration","","CONFIG","active",TRUE,"HIGH",""
"render_compartment_abundance_figures","pRoteomics","pipeline.yml","170: consumes_optional: [""data/metadata/manual_mapping.xlsx"", ""data/metadata/manual_gene_annotation_overrides.csv"", ""results/qc/discover_empirical_roi_marker","REGISTRY_DEPENDENCY","03_qc_exploration","","CONFIG","active",TRUE,"HIGH",""
"render_compartment_abundance_figures","pRoteomics","pipeline.yml","203: consumes_optional: [""data/metadata/manual_mapping.xlsx"", ""data/metadata/manual_gene_annotation_overrides.csv"", ""results/qc/discover_empirical_roi_marker","REGISTRY_DEPENDENCY","03_qc_exploration","","CONFIG","active",TRUE,"HIGH",""
"render_compartment_abundance_figures","pRoteomics","pipeline.yml","213: consumes_required: [""results/qc/assess_pca_confounding/<dataset>/tables"", ""results/tables/03_qc_exploration/05_pca_confounding_qc/<dataset>/"", ""results/","REGISTRY_DEPENDENCY","03_qc_exploration","","CONFIG","active",TRUE,"HIGH",""
"render_compartment_abundance_figures","pRoteomics","pipeline.yml","214: consumes_optional: [""results/qc/assess_marker_rank_abundance/<dataset>/tables"", ""results/tables/03_qc_exploration/04_marker_rank_abundance_qc/<dataset>/","REGISTRY_DEPENDENCY","03_qc_exploration","","CONFIG","active",TRUE,"HIGH",""
"render_compartment_abundance_figures","pRoteomics","pipeline.yml","286: consumes_optional: [""config/marker_panels/wgcna_reference_marker_sets.csv"", ""results/qc/discover_empirical_roi_markers/global/tables/empirical_roi_marke","REGISTRY_DEPENDENCY","03_qc_exploration","","CONFIG","active",TRUE,"HIGH",""
"render_compartment_abundance_figures","pRoteomics","pipeline.yml","481: consumes_optional: [""config/marker_panels/wgcna_reference_marker_sets.csv"", ""results/qc/discover_empirical_roi_markers/global/tables/empirical_roi_marke","REGISTRY_DEPENDENCY","03_qc_exploration","","CONFIG","active",TRUE,"HIGH",""
"render_compartment_abundance_figures","pRoteomics","pipeline.yml","584: consumes_optional: [""results/tables/03_qc_exploration/06_wgcna_marker_trait_export/microglia/wgcna_marker_traits_by_sample.csv"", ""results/tables/03_qc_e","REGISTRY_DEPENDENCY","03_qc_exploration","","CONFIG","active",TRUE,"HIGH",""
"render_compartment_abundance_figures","pRoteomics","pipeline.yml","616: - ""results/tables/03_qc_exploration/06_wgcna_marker_trait_export/microglia/wgcna_marker_traits_by_sample.csv""","NAMESPACE_BASENAME","03_qc_exploration","","CONFIG","active",TRUE,"MEDIUM",""
"render_compartment_abundance_figures","pRoteomics","pipeline.yml","617: - ""results/tables/03_qc_exploration/06_wgcna_marker_trait_export/neuron_neuropil/wgcna_marker_traits_by_sample.csv""","NAMESPACE_BASENAME","03_qc_exploration","","CONFIG","active",TRUE,"MEDIUM",""
"render_compartment_abundance_figures","pRoteomics","pipeline.yml","618: - ""results/tables/03_qc_exploration/06_wgcna_marker_trait_export/neuron_soma/wgcna_marker_traits_by_sample.csv""","NAMESPACE_BASENAME","03_qc_exploration","","CONFIG","active",TRUE,"MEDIUM",""
"render_compartment_abundance_figures","pRoteomics","pipeline.yml","648: consumes_optional: [""results/tables/06_modules_WGCNA/01_WGCNA/<dataset>/modules/WGCNA_module_preservation_summary.csv"", ""results/tables/03_qc_exploratio","REGISTRY_DEPENDENCY","03_qc_exploration","","CONFIG","active",TRUE,"HIGH",""
"render_compartment_abundance_figures","pRoteomics","pipeline.yml","873: - ""results/tables/03_qc_exploration/05_empirical_roi_marker_discovery/empirical_roi_protein_identity_crosswalk_proposed.csv""","NAMESPACE_BASENAME","03_qc_exploration","","CONFIG","active",TRUE,"MEDIUM",""
"render_compartment_abundance_figures","pRoteomics","pipeline.yml","876: - ""results/tables/03_qc_exploration/05_empirical_roi_marker_discovery/empirical_roi_marker_sets.csv""","NAMESPACE_BASENAME","03_qc_exploration","","CONFIG","active",TRUE,"MEDIUM",""
"render_compartment_abundance_figures","pRoteomics","pipeline.yml","922: - ""results/tables/03_qc_exploration/05_empirical_roi_marker_discovery/empirical_roi_marker_sets.csv""","NAMESPACE_BASENAME","03_qc_exploration","","CONFIG","active",TRUE,"MEDIUM",""
"render_compartment_abundance_figures","pRoteomics","pipeline.yml","988: - ""results/tables/03_qc_exploration/05_empirical_roi_marker_discovery/empirical_roi_marker_sets.csv""","NAMESPACE_BASENAME","03_qc_exploration","","CONFIG","active",TRUE,"MEDIUM",""
"render_compartment_abundance_figures","pRoteomics","pipeline.yml","1041: - ""results/tables/03_qc_exploration/""","NAMESPACE_BASENAME","03_qc_exploration","","CONFIG","active",TRUE,"MEDIUM",""
"render_compartment_abundance_figures","pRoteomics","pipeline.yml","1143: - ""results/tables/03_qc_exploration/00_dataset_qc_report/neuron_neuropil/dataset_qc_outlier_flags.csv""","NAMESPACE_BASENAME","03_qc_exploration","","CONFIG","active",TRUE,"MEDIUM",""
"render_compartment_abundance_figures","pRoteomics","pipeline.yml","1262: consumes_optional: [""results/tables/04_differential_expression_enrichment/biological_program_summary/"", ""results/differential_abundance/compare_external","REGISTRY_DEPENDENCY","03_qc_exploration","","CONFIG","active",TRUE,"HIGH",""
"render_compartment_abundance_figures","pRoteomics","pipeline.yml","1277: - script: ""analysis/publication_source_data/build_biological_claims_table.R""","NAMESPACE_BASENAME","publication_source_data","","CONFIG","active",TRUE,"MEDIUM",""
"render_compartment_abundance_figures","pRoteomics","pipeline.yml","1477: - script: ""analysis/publication_source_data/build_sample_metadata.R""","NAMESPACE_BASENAME","publication_source_data","","CONFIG","active",TRUE,"MEDIUM",""
"render_compartment_abundance_figures","pRoteomics","pipeline.yml","1488: - script: ""analysis/publication_source_data/export_processed_matrices.R""","NAMESPACE_BASENAME","publication_source_data","","CONFIG","active",TRUE,"MEDIUM",""
"render_compartment_abundance_figures","pRoteomics","pipeline.yml","1499: - script: ""analysis/publication_source_data/build_supplementary_tables.R""","NAMESPACE_BASENAME","publication_source_data","","CONFIG","active",TRUE,"MEDIUM",""
"render_compartment_abundance_figures","pRoteomics","pipeline.yml","1510: - script: ""analysis/publication_source_data/build_pride_manifest.R""","NAMESPACE_BASENAME","publication_source_data","","CONFIG","active",TRUE,"MEDIUM",""
"render_compartment_abundance_figures","pRoteomics","pipeline.yml","1521: - script: ""analysis/publication_source_data/build_methods_summary.R""","NAMESPACE_BASENAME","publication_source_data","","CONFIG","active",TRUE,"MEDIUM",""
"render_compartment_abundance_figures","pRoteomics","pipeline.yml","1532: - script: ""analysis/publication_source_data/08_export_manuscript_figures.R""","NAMESPACE_BASENAME","publication_source_data","","CONFIG","active",TRUE,"MEDIUM",""
"render_compartment_abundance_figures","pRoteomics","pipeline.yml","1543: - script: ""analysis/publication_source_data/09_export_source_data.R""","NAMESPACE_BASENAME","publication_source_data","","CONFIG","active",TRUE,"MEDIUM",""
"render_compartment_abundance_figures","pRoteomics","pipeline.yml","1554: - script: ""analysis/publication_source_data/validate_pride_submission.R""","NAMESPACE_BASENAME","publication_source_data","","CONFIG","active",TRUE,"MEDIUM",""
"render_compartment_abundance_figures","pRoteomics","pipeline.yml","1602: - script: ""analysis/publication_source_data/RUN_EXPORT.R""","NAMESPACE_BASENAME","publication_source_data","","CONFIG","active",TRUE,"MEDIUM",""
"render_compartment_abundance_figures","pRoteomics","analysis/publication_source_data/08_export_manuscript_figures.R","38: path_results(""figures"", ""03_qc_exploration""),","NAMESPACE_BASENAME","03_qc_exploration","","DOWNSTREAM_ANALYSIS","active",TRUE,"MEDIUM",""
"render_compartment_abundance_figures","pRoteomics","analysis/publication_source_data/08_export_manuscript_figures.R","61: dry_run_line(""Script"", ""analysis/publication_source_data/08_export_manuscript_figures.R"")","NAMESPACE_BASENAME","publication_source_data","","DOWNSTREAM_ANALYSIS","active",TRUE,"MEDIUM",""
"render_compartment_abundance_figures","pRoteomics","analysis/publication_source_data/09_export_source_data.R","52: dry_run_line(""Script"", ""analysis/publication_source_data/09_export_source_data.R"")","NAMESPACE_BASENAME","publication_source_data","","DOWNSTREAM_ANALYSIS","active",TRUE,"MEDIUM",""
"render_compartment_abundance_figures","pRoteomics","analysis/publication_source_data/build_biological_claims_table.R","26: SCRIPT_ID <- ""analysis/publication_source_data/build_biological_claims_table.R""","NAMESPACE_BASENAME","publication_source_data","","DOWNSTREAM_ANALYSIS","active",TRUE,"MEDIUM",""
"render_compartment_abundance_figures","pRoteomics","analysis/publication_source_data/build_biological_claims_table.R","2124: dry_run_line(""Script"", ""analysis/publication_source_data/build_biological_claims_table.R"")","NAMESPACE_BASENAME","publication_source_data","","DOWNSTREAM_ANALYSIS","active",TRUE,"MEDIUM",""
"render_compartment_abundance_figures","pRoteomics","analysis/publication_source_data/build_methods_summary.R","66: dry_run_line(""Script"", ""analysis/publication_source_data/build_methods_summary.R"")","NAMESPACE_BASENAME","publication_source_data","","DOWNSTREAM_ANALYSIS","active",TRUE,"MEDIUM",""
"render_compartment_abundance_figures","pRoteomics","analysis/publication_source_data/build_pride_manifest.R","58: dry_run_line(""Script"", ""analysis/publication_source_data/build_pride_manifest.R"")","NAMESPACE_BASENAME","publication_source_data","","DOWNSTREAM_ANALYSIS","active",TRUE,"MEDIUM",""
"render_compartment_abundance_figures","pRoteomics","analysis/publication_source_data/build_sample_metadata.R","43: dry_run_line(""Script"", ""analysis/publication_source_data/build_sample_metadata.R"")","NAMESPACE_BASENAME","publication_source_data","","DOWNSTREAM_ANALYSIS","active",TRUE,"MEDIUM",""
"render_compartment_abundance_figures","pRoteomics","analysis/publication_source_data/build_sample_metadata.R","150: dry_run_line(""Script"", ""analysis/publication_source_data/build_sample_metadata.R"")","NAMESPACE_BASENAME","publication_source_data","","DOWNSTREAM_ANALYSIS","active",TRUE,"MEDIUM",""
"render_compartment_abundance_figures","pRoteomics","analysis/publication_source_data/build_supplementary_tables.R","98: dry_run_line(""Script"", ""analysis/publication_source_data/build_supplementary_tables.R"")","NAMESPACE_BASENAME","publication_source_data","","DOWNSTREAM_ANALYSIS","active",TRUE,"MEDIUM",""
"render_compartment_abundance_figures","pRoteomics","analysis/publication_source_data/export_processed_matrices.R","96: dry_run_line(""Script"", ""analysis/publication_source_data/export_processed_matrices.R"")","NAMESPACE_BASENAME","publication_source_data","","DOWNSTREAM_ANALYSIS","active",TRUE,"MEDIUM",""
"render_compartment_abundance_figures","pRoteomics","analysis/publication_source_data/RUN_EXPORT.R","50: ""analysis/publication_source_data/build_sample_metadata.R"",","NAMESPACE_BASENAME","publication_source_data","","DOWNSTREAM_ANALYSIS","active",TRUE,"MEDIUM",""
"render_compartment_abundance_figures","pRoteomics","analysis/publication_source_data/RUN_EXPORT.R","51: ""analysis/publication_source_data/export_processed_matrices.R""","NAMESPACE_BASENAME","publication_source_data","","DOWNSTREAM_ANALYSIS","active",TRUE,"MEDIUM",""
"render_compartment_abundance_figures","pRoteomics","analysis/publication_source_data/RUN_EXPORT.R","53: if (!cli$skip_supplementary) steps <- c(steps, ""analysis/publication_source_data/build_supplementary_tables.R"")","NAMESPACE_BASENAME","publication_source_data","","DOWNSTREAM_ANALYSIS","active",TRUE,"MEDIUM",""
"render_compartment_abundance_figures","pRoteomics","analysis/publication_source_data/RUN_EXPORT.R","55: steps <- c(steps, ""analysis/publication_source_data/09_export_source_data.R"", ""analysis/publication_source_data/08_export_manuscript_figures.R"")","NAMESPACE_BASENAME","publication_source_data","","DOWNSTREAM_ANALYSIS","active",TRUE,"MEDIUM",""
"render_compartment_abundance_figures","pRoteomics","analysis/publication_source_data/RUN_EXPORT.R","57: if (!cli$skip_claims) steps <- c(steps, ""analysis/publication_source_data/build_biological_claims_table.R"")","NAMESPACE_BASENAME","publication_source_data","","DOWNSTREAM_ANALYSIS","active",TRUE,"MEDIUM",""
"render_compartment_abundance_figures","pRoteomics","analysis/publication_source_data/RUN_EXPORT.R","58: steps <- c(steps, ""analysis/publication_source_data/build_methods_summary.R"", ""analysis/publication_source_data/build_pride_manifest.R"")","NAMESPACE_BASENAME","publication_source_data","","DOWNSTREAM_ANALYSIS","active",TRUE,"MEDIUM",""
"render_compartment_abundance_figures","pRoteomics","analysis/publication_source_data/RUN_EXPORT.R","59: if (!cli$skip_validation) steps <- c(steps, ""analysis/publication_source_data/validate_pride_submission.R"")","NAMESPACE_BASENAME","publication_source_data","","DOWNSTREAM_ANALYSIS","active",TRUE,"MEDIUM",""
"render_compartment_abundance_figures","pRoteomics","analysis/publication_source_data/RUN_EXPORT.R","66: ""analysis/publication_source_data/09_export_source_data.R"",","NAMESPACE_BASENAME","publication_source_data","","DOWNSTREAM_ANALYSIS","active",TRUE,"MEDIUM",""
"render_compartment_abundance_figures","pRoteomics","analysis/publication_source_data/RUN_EXPORT.R","67: ""analysis/publication_source_data/08_export_manuscript_figures.R""","NAMESPACE_BASENAME","publication_source_data","","DOWNSTREAM_ANALYSIS","active",TRUE,"MEDIUM",""
"render_compartment_abundance_figures","pRoteomics","analysis/publication_source_data/validate_pride_submission.R","154: dry_run_line(""Script"", ""analysis/publication_source_data/validate_pride_submission.R"")","NAMESPACE_BASENAME","publication_source_data","","DOWNSTREAM_ANALYSIS","active",TRUE,"MEDIUM",""
"render_compartment_abundance_figures","pRoteomics","tools/export_publication_source_data.R","35: BUNDLE_ROOT <- path_export(""publication_source_data"")","NAMESPACE_BASENAME","publication_source_data","","EXPORTER","active",TRUE,"MEDIUM",""
"render_compartment_abundance_figures","pRoteomics","tools/generate_architecture_docs.R","42: ""publication_source_data"" = ""Publication source data and PRIDE export""","NAMESPACE_BASENAME","publication_source_data","","EXPORTER","active",TRUE,"MEDIUM",""
"render_compartment_abundance_figures","pRoteomics","tools/generate_architecture_docs.R","141: ""`results/publication_source_data/`; it never reads any other path in"",","NAMESPACE_BASENAME","publication_source_data","","EXPORTER","active",TRUE,"MEDIUM",""
"render_compartment_abundance_figures","pRoteomics","tools/generate_results_ownership.R","175: ""`results/tables/03_qc_exploration/02_missingness_diagnostics/`: the namespace"",","NAMESPACE_BASENAME","03_qc_exploration","","EXPORTER","active",TRUE,"MEDIUM",""
"render_compartment_abundance_figures","pRoteomics","tools/migrate_publication_export_bundle.R","107: rec$owner <- ""analysis/publication_source_data/09_export_source_data.R""","NAMESPACE_BASENAME","publication_source_data","","EXPORTER","active",TRUE,"MEDIUM",""
"render_compartment_abundance_figures","pRoteomics","tools/normalize_script_headers.R","48: ""analysis/publication_source_data/08_export_manuscript_figures.R"",","NAMESPACE_BASENAME","publication_source_data","","EXPORTER","active",TRUE,"MEDIUM",""
"render_compartment_abundance_figures","pRoteomics","tools/normalize_script_headers.R","49: ""analysis/publication_source_data/09_export_source_data.R""","NAMESPACE_BASENAME","publication_source_data","","EXPORTER","active",TRUE,"MEDIUM",""
"render_compartment_abundance_figures","pRoteomics","analysis/publication_source_data/build_biological_claims_table.R","213: fidelity <- read_csv_if_exists(path_results(""tables"", ""03_qc_exploration"", ""04d_compartment_marker_fidelity"", ""global"", ""compartment_marker_fidelity_summary.c","NAMESPACE_BASENAME","03_qc_exploration","path_results","INDIRECT_READER_VIA_HELPER","active",TRUE,"HIGH",""
"render_compartment_abundance_figures","pRoteomics","R/data_contracts/publication_freeze_utils.R","134: ""analysis/publication_source_data/08_export_manuscript_figures.R"",","NAMESPACE_BASENAME","publication_source_data","","INDIRECT_READER_VIA_HELPER","active",TRUE,"MEDIUM",""
"render_compartment_abundance_figures","pRoteomics","R/data_contracts/publication_freeze_utils.R","135: ""analysis/publication_source_data/09_export_source_data.R""","NAMESPACE_BASENAME","publication_source_data","","INDIRECT_READER_VIA_HELPER","active",TRUE,"MEDIUM",""
"render_compartment_abundance_figures","pRoteomics","R/data_contracts/publication_freeze_utils.R","150: ""analysis/publication_source_data/08_export_manuscript_figures.R"" = c(","NAMESPACE_BASENAME","publication_source_data","","INDIRECT_READER_VIA_HELPER","active",TRUE,"MEDIUM",""
"render_compartment_abundance_figures","pRoteomics","R/data_contracts/publication_freeze_utils.R","154: ""analysis/publication_source_data/09_export_source_data.R"" = c(","NAMESPACE_BASENAME","publication_source_data","","INDIRECT_READER_VIA_HELPER","active",TRUE,"MEDIUM",""
"render_compartment_abundance_figures","pRoteomics","R/data_contracts/publication_freeze_utils.R","721: ""analysis/publication_source_data/build_supplementary_tables.R. (b) It affects the"",","NAMESPACE_BASENAME","publication_source_data","","INDIRECT_READER_VIA_HELPER","active",TRUE,"MEDIUM",""
"render_compartment_abundance_figures","pRoteomics","R/qc/qc_result_paths.R","64: legacy_scoped <- path_results(kind, ""03_qc_exploration"", legacy_substep,","NAMESPACE_BASENAME","03_qc_exploration","","INDIRECT_READER_VIA_HELPER","active",TRUE,"MEDIUM",""
"render_compartment_abundance_figures","pRoteomics","R/qc/qc_result_paths.R","66: legacy_flat <- path_results(kind, ""03_qc_exploration"", legacy_substep, filename)","NAMESPACE_BASENAME","03_qc_exploration","","INDIRECT_READER_VIA_HELPER","active",TRUE,"MEDIUM",""
"render_compartment_abundance_figures","pRoteomics","R/qc/qc_result_paths.R","101: scoped <- path_results(kind, ""03_qc_exploration"", legacy_substep, scope)","NAMESPACE_BASENAME","03_qc_exploration","","INDIRECT_READER_VIA_HELPER","active",TRUE,"MEDIUM",""
"render_compartment_abundance_figures","pRoteomics","R/qc/qc_result_paths.R","103: flat <- path_results(kind, ""03_qc_exploration"", legacy_substep)","NAMESPACE_BASENAME","03_qc_exploration","","INDIRECT_READER_VIA_HELPER","active",TRUE,"MEDIUM",""
"render_compartment_abundance_figures","pRoteomics","R/statistics/evidence_bundle_utils.R","508: ""analysis/integration/build_evidence_priority_matrix.R and analysis/publication_source_data/build_biological_claims_table.R"",","NAMESPACE_BASENAME","publication_source_data","","INDIRECT_READER_VIA_HELPER","active",TRUE,"MEDIUM",""
"render_compartment_abundance_figures","pRoteomics","R/statistics/evidence_bundle_utils.R","510: ""analysis/publication_source_data/build_biological_claims_table.R"",","NAMESPACE_BASENAME","publication_source_data","","INDIRECT_READER_VIA_HELPER","active",TRUE,"MEDIUM",""
"render_compartment_abundance_figures","pRoteomics","R/statistics/evidence_bundle_utils.R","511: ""analysis/publication_source_data/build_biological_claims_table.R"",","NAMESPACE_BASENAME","publication_source_data","","INDIRECT_READER_VIA_HELPER","active",TRUE,"MEDIUM",""
"render_compartment_abundance_figures","pRoteomics","R/statistics/evidence_bundle_utils.R","520: ""analysis/publication_source_data/build_biological_claims_table.R"",","NAMESPACE_BASENAME","publication_source_data","","INDIRECT_READER_VIA_HELPER","active",TRUE,"MEDIUM",""
"render_compartment_abundance_figures","pRoteomics","R/statistics/evidence_bundle_utils.R","521: ""analysis/publication_source_data/build_biological_claims_table.R""","NAMESPACE_BASENAME","publication_source_data","","INDIRECT_READER_VIA_HELPER","active",TRUE,"MEDIUM",""
"render_compartment_abundance_figures","pRoteomics","R/statistics/wgcna_label_adjudication_utils.R","830: c(""analysis/publication_source_data/build_biological_claims_table.R"",","NAMESPACE_BASENAME","publication_source_data","","INDIRECT_READER_VIA_HELPER","active",TRUE,"MEDIUM",""
"render_compartment_abundance_figures","pRoteomics","R/utilities/export_helpers.R","756: if (grepl(""/03_qc_exploration/"", p) || grepl(""/reports/03_qc"", p) ||","NAMESPACE_BASENAME","03_qc_exploration","grepl","INDIRECT_READER_VIA_HELPER","active",TRUE,"MEDIUM",""
"render_compartment_abundance_figures","pRoteomics","tests/testthat/test-analysis-publication-boundary.R","50: manifest <- path_results(""publication_source_data"", ""manifest.csv"")","TEST_FRAGMENT","publication_source_data","path_results","TEST","active",TRUE,"HIGH",""
"render_compartment_abundance_figures","pRoteomics","tests/testthat/test-consumer-enumeration.R","29: ""analysis/publication_source_data/config/export_config.yml"",","TEST_FRAGMENT","publication_source_data","","TEST","active",TRUE,"MEDIUM",""
"render_compartment_abundance_figures","pRoteomics","tests/testthat/test-consumer-enumeration.R","73: g <- d[d$consumer_file == ""analysis/publication_source_data/config/export_config.yml"", ]","TEST_FRAGMENT","publication_source_data","","TEST","active",TRUE,"MEDIUM",""
"render_compartment_abundance_figures","pRoteomics","tests/testthat/test-enrichment-writer-namespace.R","174: fig <- paste(readLines(repo_path(""analysis"", ""publication_source_data"",","TEST_FRAGMENT","publication_source_data","readLines","TEST","active",TRUE,"HIGH",""
"render_compartment_abundance_figures","pRoteomics","tests/testthat/test-enrichment-writer-namespace.R","181: cfg <- repo_path(""analysis"", ""publication_source_data"", ""config"", ""export_config.yml"")","TEST_FRAGMENT","publication_source_data","readLines","TEST","active",TRUE,"HIGH",""
"render_compartment_abundance_figures","pRoteomics","tests/testthat/test-export-dry-run-hygiene.R","22: ""analysis/publication_source_data/08_export_manuscript_figures.R"",","TEST_FRAGMENT","publication_source_data","readLines","TEST","active",TRUE,"HIGH",""
"render_compartment_abundance_figures","pRoteomics","tests/testthat/test-export-dry-run-hygiene.R","23: ""analysis/publication_source_data/09_export_source_data.R""","TEST_FRAGMENT","publication_source_data","readLines","TEST","active",TRUE,"HIGH",""
"render_compartment_abundance_figures","pRoteomics","tests/testthat/test-export-dry-run-hygiene.R","47: src <- readLines(file.path(repo, ""analysis/publication_source_data/RUN_EXPORT.R""), warn = FALSE)","TEST_FRAGMENT","publication_source_data","readLines","TEST","active",TRUE,"HIGH",""
"render_compartment_abundance_figures","pRoteomics","tests/testthat/test-export-dry-run-hygiene.R","183: file.path(repo, ""analysis/publication_source_data/08_export_manuscript_figures.R""), warn = FALSE","TEST_FRAGMENT","publication_source_data","readLines","TEST","active",TRUE,"HIGH",""
"render_compartment_abundance_figures","pRoteomics","tests/testthat/test-export-dry-run-hygiene.R","274: file.path(repo, ""analysis/publication_source_data/08_export_manuscript_figures.R""), warn = FALSE","TEST_FRAGMENT","publication_source_data","readLines","TEST","active",TRUE,"HIGH",""
"render_compartment_abundance_figures","pRoteomics","tests/testthat/test-export-target-path-budget.R","18: ""03_qc_exploration"",","TEST_FRAGMENT","03_qc_exploration","","TEST","active",TRUE,"MEDIUM",""
"render_compartment_abundance_figures","pRoteomics","tests/testthat/test-export-target-path-budget.R","19: ""04e_control_compartment_abundance_publication_figures"",","TEST_FRAGMENT","04e_control_compartment_abundance_publication_figures","","TEST","active",TRUE,"MEDIUM",""
"render_compartment_abundance_figures","pRoteomics","tests/testthat/test-export-target-path-budget.R","5: exporter <- file.path(repo, ""analysis"", ""publication_source_data"", ""08_export_manuscript_figures.R"")","TEST_FRAGMENT","publication_source_data","file.path","TEST","active",TRUE,"HIGH",""
"render_compartment_abundance_figures","pRoteomics","tests/testthat/test-output-layout-contract.R","172: dst <- repo_path(""exports"", ""publication_source_data"")","TEST_FRAGMENT","publication_source_data","file.path","TEST","active",TRUE,"HIGH",""
"render_compartment_abundance_figures","pRoteomics","tests/testthat/test-output-layout-contract.R","184: f <- file.path(dst, sub(""^results/publication_source_data/"", """", m$exported_file[i]))","TEST_FRAGMENT","publication_source_data","file.path","TEST","active",TRUE,"HIGH",""
"render_compartment_abundance_figures","pRoteomics","tests/testthat/test-output-layout-contract.R","200: mf <- repo_path(""exports"", ""publication_source_data"", ""manifest.csv"")","TEST_FRAGMENT","publication_source_data","file.path","TEST","active",TRUE,"HIGH",""
"render_compartment_abundance_figures","pRoteomics","tests/testthat/test-output-namespace-contract.R","9: ""results/figures/03_qc_exploration/global/panel.svg"",","TEST_FRAGMENT","03_qc_exploration","","TEST","active",TRUE,"MEDIUM",""
"render_compartment_abundance_figures","pRoteomics","tests/testthat/test-pipeline-registry.R","143: testthat::expect_true(grepl(""analysis/publication_source_data/"", readme, fixed = TRUE))","TEST_FRAGMENT","publication_source_data","expect_true","TEST","active",TRUE,"MEDIUM",""
"render_compartment_abundance_figures","pRoteomics","tests/testthat/test-publication-freeze-manifest.R","206: ""not analysis/publication_source_data/build_supplementary_tables.R"",","TEST_FRAGMENT","publication_source_data","expect_match","TEST","active",TRUE,"MEDIUM",""
"render_compartment_abundance_figures","pRoteomics","tests/testthat/test-qc-writer-namespace.R","27: LEGACY_NS <- ""03_qc_exploration""","TEST_FRAGMENT","03_qc_exploration","","TEST","active",TRUE,"MEDIUM",""
"render_compartment_abundance_figures","pRoteomics","tests/testthat/test-qc-writer-namespace.R","480: txt <- paste(readLines(repo_path(""analysis"", ""publication_source_data"",","TEST_FRAGMENT","publication_source_data","readLines","TEST","active",TRUE,"HIGH",""
"render_compartment_abundance_figures","pRoteomics","tests/testthat/test-source-data-export-copy.R","6: exporter <- file.path(repo, ""analysis"", ""publication_source_data"", ""09_export_source_data.R"")","TEST_FRAGMENT","publication_source_data","file.path","TEST","active",TRUE,"HIGH",""
"render_compartment_abundance_figures","pRoteomics","tests/testthat/test-source-data-export-copy.R","225: ""analysis/publication_source_data/build_pride_manifest.R"",","TEST_FRAGMENT","publication_source_data","file.path","TEST","active",TRUE,"HIGH",""
"render_compartment_abundance_figures","pRoteomics","tests/testthat/test-source-data-export-copy.R","226: ""analysis/publication_source_data/validate_pride_submission.R"",","TEST_FRAGMENT","publication_source_data","file.path","TEST","active",TRUE,"HIGH",""
"render_compartment_abundance_figures","pRoteomics","tests/testthat/test-source-data-export-copy.R","227: ""analysis/publication_source_data/export_processed_matrices.R"",","TEST_FRAGMENT","publication_source_data","file.path","TEST","active",TRUE,"HIGH",""
"render_compartment_abundance_figures","pRoteomics","tests/testthat/test-source-data-export-copy.R","228: ""analysis/publication_source_data/build_supplementary_tables.R"")","TEST_FRAGMENT","publication_source_data","file.path","TEST","active",TRUE,"HIGH",""
"render_compartment_abundance_figures","pRoteomics","tests/testthat/test-source-data-journal-scope.R","5: exporter <- file.path(repo, ""analysis"", ""publication_source_data"", ""09_export_source_data.R"")","TEST_FRAGMENT","publication_source_data","file.path","TEST","active",TRUE,"HIGH",""
"render_compartment_abundance_figures","pRoteomics","tests/testthat/test-source-data-journal-scope.R","323: ""analysis/publication_source_data/build_pride_manifest.R"",","TEST_FRAGMENT","publication_source_data","file.path","TEST","active",TRUE,"HIGH",""
"render_compartment_abundance_figures","pRoteomics","tests/testthat/test-source-data-journal-scope.R","324: ""analysis/publication_source_data/validate_pride_submission.R"",","TEST_FRAGMENT","publication_source_data","file.path","TEST","active",TRUE,"HIGH",""
"render_compartment_abundance_figures","pRoteomics","tests/testthat/test-source-data-journal-scope.R","325: ""analysis/publication_source_data/export_processed_matrices.R"",","TEST_FRAGMENT","publication_source_data","file.path","TEST","active",TRUE,"HIGH",""
"render_compartment_abundance_figures","pRoteomics","tests/testthat/test-source-data-journal-scope.R","326: ""analysis/publication_source_data/build_supplementary_tables.R"")","TEST_FRAGMENT","publication_source_data","file.path","TEST","active",TRUE,"HIGH",""
"render_compartment_abundance_figures","pRoteomics","tests/testthat/test-wgcna-group-effect-consumer-utils.R","587: ""analysis/publication_source_data/build_biological_claims_table.R"",","TEST_FRAGMENT","publication_source_data","readLines","TEST","active",TRUE,"HIGH",""
"render_compartment_abundance_figures","pRoteomics","pipeline.yml","221: - script: ""analysis/qc/render_compartment_abundance_figures.R""","ANALYSIS_REFERENCE","render_compartment_abundance_figures","","CONFIG","active",FALSE,"MEDIUM",""
"render_compartment_abundance_figures","pRoteomics","pipeline.yml","226: produces: [""results/qc/render_compartment_abundance_figures/global/tables/source_data"", ""results/qc/render_compartment_abundance_figures/global/plots"",","ANALYSIS_REFERENCE","render_compartment_abundance_figures","","CONFIG","active",FALSE,"MEDIUM",""
"render_compartment_abundance_figures","pRoteomics","pipeline.yml","1606: replacement: ""analysis/qc/render_compartment_abundance_figures.R""","ANALYSIS_REFERENCE","render_compartment_abundance_figures","","CONFIG","active",FALSE,"MEDIUM",""
"render_compartment_abundance_figures","pRoteomics","pipeline.yml","1609: replacement: ""analysis/qc/render_compartment_abundance_figures.R""","ANALYSIS_REFERENCE","render_compartment_abundance_figures","","CONFIG","active",FALSE,"MEDIUM",""
"render_compartment_abundance_figures","pRoteomics","pipeline.yml","221: - script: ""analysis/qc/render_compartment_abundance_figures.R""","ANALYSIS_REFERENCE","render_compartment_abundance_figures.R","","CONFIG","active",FALSE,"MEDIUM",""
"render_compartment_abundance_figures","pRoteomics","pipeline.yml","1606: replacement: ""analysis/qc/render_compartment_abundance_figures.R""","ANALYSIS_REFERENCE","render_compartment_abundance_figures.R","","CONFIG","active",FALSE,"MEDIUM",""
"render_compartment_abundance_figures","pRoteomics","pipeline.yml","1609: replacement: ""analysis/qc/render_compartment_abundance_figures.R""","ANALYSIS_REFERENCE","render_compartment_abundance_figures.R","","CONFIG","active",FALSE,"MEDIUM",""
"render_compartment_abundance_figures","pRoteomics","analysis/differential_abundance/test_microglia_targeted_signatures.R","7: # Consumes: required results/differential_abundance/run_clusterprofiler_enrichment/microglia/models/clusterProfiler_manifest.csv; data/processed/04_differential","DOCUMENTATION_ONLY","03_qc_exploration","","DOCUMENTATION","active",FALSE,"N/A",""
"render_compartment_abundance_figures","pRoteomics","analysis/publication_source_data/08_export_manuscript_figures.R","4: # Script: analysis/publication_source_data/08_export_manuscript_figures.R","DOCUMENTATION_ONLY","publication_source_data","","DOCUMENTATION","active",FALSE,"N/A",""
"render_compartment_abundance_figures","pRoteomics","analysis/publication_source_data/09_export_source_data.R","4: # Script: analysis/publication_source_data/09_export_source_data.R","DOCUMENTATION_ONLY","publication_source_data","","DOCUMENTATION","active",FALSE,"N/A",""
"render_compartment_abundance_figures","pRoteomics","analysis/publication_source_data/build_biological_claims_table.R","3: # Script: analysis/publication_source_data/build_biological_claims_table.R","DOCUMENTATION_ONLY","publication_source_data","","DOCUMENTATION","active",FALSE,"N/A",""
"render_compartment_abundance_figures","pRoteomics","analysis/publication_source_data/build_methods_summary.R","3: # Script: analysis/publication_source_data/build_methods_summary.R","DOCUMENTATION_ONLY","publication_source_data","","DOCUMENTATION","active",FALSE,"N/A",""
"render_compartment_abundance_figures","pRoteomics","analysis/publication_source_data/build_pride_manifest.R","3: # Script: analysis/publication_source_data/build_pride_manifest.R","DOCUMENTATION_ONLY","publication_source_data","","DOCUMENTATION","active",FALSE,"N/A",""
"render_compartment_abundance_figures","pRoteomics","analysis/publication_source_data/build_sample_metadata.R","3: # Script: analysis/publication_source_data/build_sample_metadata.R","DOCUMENTATION_ONLY","publication_source_data","","DOCUMENTATION","active",FALSE,"N/A",""
"render_compartment_abundance_figures","pRoteomics","analysis/publication_source_data/build_sample_metadata.R","6: # Consumes: required data/metadata/; optional analysis/publication_source_data/config/export_config.yml.","DOCUMENTATION_ONLY","publication_source_data","","DOCUMENTATION","active",FALSE,"N/A",""
"render_compartment_abundance_figures","pRoteomics","analysis/publication_source_data/build_supplementary_tables.R","3: # Script: analysis/publication_source_data/build_supplementary_tables.R","DOCUMENTATION_ONLY","publication_source_data","","DOCUMENTATION","active",FALSE,"N/A",""
"render_compartment_abundance_figures","pRoteomics","analysis/publication_source_data/export_processed_matrices.R","3: # Script: analysis/publication_source_data/export_processed_matrices.R","DOCUMENTATION_ONLY","publication_source_data","","DOCUMENTATION","active",FALSE,"N/A",""
"render_compartment_abundance_figures","pRoteomics","analysis/publication_source_data/README.md","37: Rscript analysis/publication_source_data/RUN_EXPORT.R --dataset all --export-level pg_matrix_onward","NAMESPACE_BASENAME","publication_source_data","","DOCUMENTATION","active",FALSE,"MEDIUM",""
"render_compartment_abundance_figures","pRoteomics","analysis/publication_source_data/README.md","38: Rscript analysis/publication_source_data/RUN_EXPORT.R --dataset microglia --export-level pg_matrix_onward","NAMESPACE_BASENAME","publication_source_data","","DOCUMENTATION","active",FALSE,"MEDIUM",""
"render_compartment_abundance_figures","pRoteomics","analysis/publication_source_data/README.md","44: Rscript analysis/publication_source_data/RUN_EXPORT.R --dataset microglia --export-level pg_matrix_onward --dry-run","NAMESPACE_BASENAME","publication_source_data","","DOCUMENTATION","active",FALSE,"MEDIUM",""
"render_compartment_abundance_figures","pRoteomics","analysis/publication_source_data/README.md","50: Rscript analysis/publication_source_data/build_sample_metadata.R --dataset microglia","NAMESPACE_BASENAME","publication_source_data","","DOCUMENTATION","active",FALSE,"MEDIUM",""
"render_compartment_abundance_figures","pRoteomics","analysis/publication_source_data/README.md","51: Rscript analysis/publication_source_data/export_processed_matrices.R --dataset microglia","NAMESPACE_BASENAME","publication_source_data","","DOCUMENTATION","active",FALSE,"MEDIUM",""
"render_compartment_abundance_figures","pRoteomics","analysis/publication_source_data/README.md","52: Rscript analysis/publication_source_data/build_supplementary_tables.R --dataset microglia","NAMESPACE_BASENAME","publication_source_data","","DOCUMENTATION","active",FALSE,"MEDIUM",""
"render_compartment_abundance_figures","pRoteomics","analysis/publication_source_data/README.md","53: Rscript analysis/publication_source_data/build_pride_manifest.R --dataset microglia","NAMESPACE_BASENAME","publication_source_data","","DOCUMENTATION","active",FALSE,"MEDIUM",""
"render_compartment_abundance_figures","pRoteomics","analysis/publication_source_data/README.md","54: Rscript analysis/publication_source_data/validate_pride_submission.R --export-level pg_matrix_onward","NAMESPACE_BASENAME","publication_source_data","","DOCUMENTATION","active",FALSE,"MEDIUM",""
"render_compartment_abundance_figures","pRoteomics","analysis/publication_source_data/README.md","60: Rscript analysis/publication_source_data/build_pride_manifest.R --dataset microglia --include-derived-results","NAMESPACE_BASENAME","publication_source_data","","DOCUMENTATION","active",FALSE,"MEDIUM",""
"render_compartment_abundance_figures","pRoteomics","analysis/publication_source_data/README.md","61: Rscript analysis/publication_source_data/build_pride_manifest.R --dataset microglia --recursive","NAMESPACE_BASENAME","publication_source_data","","DOCUMENTATION","active",FALSE,"MEDIUM",""
"render_compartment_abundance_figures","pRoteomics","analysis/publication_source_data/RUN_EXPORT.R","3: # Script: analysis/publication_source_data/RUN_EXPORT.R","DOCUMENTATION_ONLY","publication_source_data","","DOCUMENTATION","active",FALSE,"N/A",""
"render_compartment_abundance_figures","pRoteomics","analysis/publication_source_data/RUN_EXPORT.R","6: # Consumes: required analysis/publication_source_data/build_pride_manifest.R; analysis/publication_source_data/build_sample_metadata.R; +3 more; optional analys","DOCUMENTATION_ONLY","publication_source_data","","DOCUMENTATION","active",FALSE,"N/A",""
"render_compartment_abundance_figures","pRoteomics","analysis/publication_source_data/RUN_EXPORT.R","15: #   Rscript analysis/publication_source_data/RUN_EXPORT.R --dataset all --export-level pg_matrix_onward","DOCUMENTATION_ONLY","publication_source_data","","DOCUMENTATION","active",FALSE,"N/A",""
"render_compartment_abundance_figures","pRoteomics","analysis/publication_source_data/RUN_EXPORT.R","16: #   Rscript analysis/publication_source_data/RUN_EXPORT.R --dataset microglia --export-level pg_matrix_onward","DOCUMENTATION_ONLY","publication_source_data","","DOCUMENTATION","active",FALSE,"N/A",""
"render_compartment_abundance_figures","pRoteomics","analysis/publication_source_data/RUN_EXPORT.R","17: #   Rscript analysis/publication_source_data/RUN_EXPORT.R --dataset microglia --dry-run","DOCUMENTATION_ONLY","publication_source_data","","DOCUMENTATION","active",FALSE,"N/A",""
"render_compartment_abundance_figures","pRoteomics","analysis/publication_source_data/validate_pride_submission.R","3: # Script: analysis/publication_source_data/validate_pride_submission.R","DOCUMENTATION_ONLY","publication_source_data","","DOCUMENTATION","active",FALSE,"N/A",""
"render_compartment_abundance_figures","pRoteomics","analysis/qc/README.md","13: Rscript 03_qc_exploration/<script>.r --dataset neuron_neuropil --dry-run","NAMESPACE_BASENAME","03_qc_exploration","","DOCUMENTATION","active",FALSE,"MEDIUM",""
"render_compartment_abundance_figures","pRoteomics","analysis/qc/README.md","14: Rscript 03_qc_exploration/<script>.r --dataset neuron_soma --dry-run","NAMESPACE_BASENAME","03_qc_exploration","","DOCUMENTATION","active",FALSE,"MEDIUM",""
"render_compartment_abundance_figures","pRoteomics","analysis/qc/README.md","15: Rscript 03_qc_exploration/<script>.r --dataset microglia --dry-run","NAMESPACE_BASENAME","03_qc_exploration","","DOCUMENTATION","active",FALSE,"MEDIUM",""
"render_compartment_abundance_figures","pRoteomics","analysis/qc/README.md","49: `results/figures/03_qc_exploration/00b_joint_compartment_qc/publication_style/global/`.","NAMESPACE_BASENAME","03_qc_exploration","","DOCUMENTATION","active",FALSE,"MEDIUM",""
"render_compartment_abundance_figures","pRoteomics","analysis/qc/README.md","60: `results/*/03_qc_exploration/00b_joint_compartment_qc/global/`.","NAMESPACE_BASENAME","03_qc_exploration","","DOCUMENTATION","active",FALSE,"MEDIUM",""
"render_compartment_abundance_figures","pRoteomics","analysis/qc/README.md","81: flags under `results/*/03_qc_exploration/00_dataset_qc_report/<dataset>/`.","NAMESPACE_BASENAME","03_qc_exploration","","DOCUMENTATION","active",FALSE,"MEDIUM",""
"render_compartment_abundance_figures","pRoteomics","analysis/qc/README.md","88: tables under `results/figures|tables|logs/03_qc_exploration/01_sample_qc_quicksearch/<dataset>/`.","NAMESPACE_BASENAME","03_qc_exploration","","DOCUMENTATION","active",FALSE,"MEDIUM",""
"render_compartment_abundance_figures","pRoteomics","analysis/qc/README.md","122: 4e. `render_compartment_abundance_figures.R`","ANALYSIS_REFERENCE","render_compartment_abundance_figures","","DOCUMENTATION","active",FALSE,"MEDIUM",""
"render_compartment_abundance_figures","pRoteomics","analysis/qc/README.md","197: Rscript analysis/qc/render_compartment_abundance_figures.R --dataset global --dry-run","ANALYSIS_REFERENCE","render_compartment_abundance_figures","","DOCUMENTATION","active",FALSE,"MEDIUM",""
"render_compartment_abundance_figures","pRoteomics","analysis/qc/README.md","122: 4e. `render_compartment_abundance_figures.R`","ANALYSIS_REFERENCE","render_compartment_abundance_figures.R","","DOCUMENTATION","active",FALSE,"MEDIUM",""
"render_compartment_abundance_figures","pRoteomics","analysis/qc/README.md","197: Rscript analysis/qc/render_compartment_abundance_figures.R --dataset global --dry-run","ANALYSIS_REFERENCE","render_compartment_abundance_figures.R","","DOCUMENTATION","active",FALSE,"MEDIUM",""
"render_compartment_abundance_figures","pRoteomics","analysis/qc/render_joint_compartment_qc_figures.R","8: # Consumes: required data/processed/01_preprocessing/joint_compartment_qc/global/joint_compartment_qc_matrices.rds; results/tables/03_qc_exploration/00b_joint_c","DOCUMENTATION_ONLY","03_qc_exploration","","DOCUMENTATION","active",FALSE,"N/A",""
"render_compartment_abundance_figures","pRoteomics","analysis/qc/summarize_qc_confounding.R","5: # Consumes: required results/qc/assess_pca_confounding/<dataset>/tables; results/tables/03_qc_exploration/05_pca_confounding_qc/<dataset>/; results/qc/partition","DOCUMENTATION_ONLY","03_qc_exploration","","DOCUMENTATION","active",FALSE,"N/A",""
"render_compartment_abundance_figures","pRoteomics","analysis/spatial_validation/audit_ca2_slm_robustness.R","52: # Consumes: required data/processed/02_id_mapping/mapped/neuron_neuropil/forward/per_file/CA2slmsus_CA2slmres.csv; data/raw/pg_matrix/quicksearch.pg_matrix.tsv;","DOCUMENTATION_ONLY","03_qc_exploration","","DOCUMENTATION","active",FALSE,"N/A",""
"render_compartment_abundance_figures","pRoteomics","analysis/spatial_validation/build_protein_spatial_atlas.R","20: # Consumes: required results/tables/10_biological_integration/wgcna_candidate_protein_shortlist/global/wgcna_candidate_proteins_all.csv; optional results/spatia","DOCUMENTATION_ONLY","03_qc_exploration","","DOCUMENTATION","active",FALSE,"N/A",""
"render_compartment_abundance_figures","pRoteomics","analysis/spatial_validation/decompose_bilateral_variance.R","36: # Consumes: required results/tables/06_modules_WGCNA/group_effects/<dataset>/WGCNA_group_effect_hemisphere_values.csv; optional config/marker_panels/wgcna_refer","DOCUMENTATION_ONLY","03_qc_exploration","","DOCUMENTATION","active",FALSE,"N/A",""
"render_compartment_abundance_figures","pRoteomics","analysis/spatial_validation/quantify_empirical_compartments.R","29: # Consumes: required results/tables/03_qc_exploration/05_empirical_roi_marker_discovery/empirical_roi_protein_identity_crosswalk_proposed.csv; optional results/","DOCUMENTATION_ONLY","03_qc_exploration","","DOCUMENTATION","active",FALSE,"N/A",""
"render_compartment_abundance_figures","pRoteomics","analysis/spatial_validation/quantify_neuropil_precision.R","28: # Consumes: required data/processed/02_id_mapping_animal_level/mapped/neuron_neuropil/forward/per_file/; optional data/raw/pg_matrix/quicksearch.pg_matrix.tsv;","DOCUMENTATION_ONLY","03_qc_exploration","","DOCUMENTATION","active",FALSE,"N/A",""
"render_compartment_abundance_figures","pRoteomics","docs/ANALYSIS_ENTRYPOINTS.md","52: | inputs | `data/processed/01_preprocessing/joint_compartment_qc/global/joint_compartment_qc_matrices.rds`, `results/tables/03_qc_exploration/00b_joint_compartm","NAMESPACE_BASENAME","03_qc_exploration","","DOCUMENTATION","active",FALSE,"MEDIUM",""
"render_compartment_abundance_figures","pRoteomics","docs/ANALYSIS_ENTRYPOINTS.md","89: | inputs | `data/processed/01_preprocessing/06_merged_metadata_module_score/<dataset>/sample_metadata_merged_clean_for_module_scores.xlsx`, `results/tables/03_q","NAMESPACE_BASENAME","03_qc_exploration","","DOCUMENTATION","active",FALSE,"MEDIUM",""
"render_compartment_abundance_figures","pRoteomics","docs/ANALYSIS_ENTRYPOINTS.md","12: Manuscript rendering is intentionally not listed here. It lives in the Exp9_manuscript repository and consumes the frozen bundles under `results/publication_sou","NAMESPACE_BASENAME","publication_source_data","","DOCUMENTATION","active",FALSE,"MEDIUM",""
"render_compartment_abundance_figures","pRoteomics","docs/ANALYSIS_ENTRYPOINTS.md","296: | entrypoint | `analysis/publication_source_data/build_pride_manifest.R` |","NAMESPACE_BASENAME","publication_source_data","","DOCUMENTATION","active",FALSE,"MEDIUM",""
"render_compartment_abundance_figures","pRoteomics","docs/ANALYSIS_ENTRYPOINTS.md","309: - `analysis/publication_source_data/build_biological_claims_table.R` - stage `integration`, scope `global`","NAMESPACE_BASENAME","publication_source_data","","DOCUMENTATION","active",FALSE,"MEDIUM",""
"render_compartment_abundance_figures","pRoteomics","docs/ANALYSIS_ENTRYPOINTS.md","310: - `analysis/publication_source_data/build_sample_metadata.R` - stage `export`, scope `global`","NAMESPACE_BASENAME","publication_source_data","","DOCUMENTATION","active",FALSE,"MEDIUM",""
"render_compartment_abundance_figures","pRoteomics","docs/ANALYSIS_ENTRYPOINTS.md","311: - `analysis/publication_source_data/export_processed_matrices.R` - stage `export`, scope `global`","NAMESPACE_BASENAME","publication_source_data","","DOCUMENTATION","active",FALSE,"MEDIUM",""
"render_compartment_abundance_figures","pRoteomics","docs/ANALYSIS_ENTRYPOINTS.md","312: - `analysis/publication_source_data/build_supplementary_tables.R` - stage `export`, scope `global`","NAMESPACE_BASENAME","publication_source_data","","DOCUMENTATION","active",FALSE,"MEDIUM",""
"render_compartment_abundance_figures","pRoteomics","docs/ANALYSIS_ENTRYPOINTS.md","313: - `analysis/publication_source_data/build_pride_manifest.R` - stage `export`, scope `global`, required","NAMESPACE_BASENAME","publication_source_data","","DOCUMENTATION","active",FALSE,"MEDIUM",""
"render_compartment_abundance_figures","pRoteomics","docs/ANALYSIS_ENTRYPOINTS.md","314: - `analysis/publication_source_data/build_methods_summary.R` - stage `export`, scope `global`","NAMESPACE_BASENAME","publication_source_data","","DOCUMENTATION","active",FALSE,"MEDIUM",""
"render_compartment_abundance_figures","pRoteomics","docs/ANALYSIS_ENTRYPOINTS.md","315: - `analysis/publication_source_data/08_export_manuscript_figures.R` - stage `export`, scope `global`","NAMESPACE_BASENAME","publication_source_data","","DOCUMENTATION","active",FALSE,"MEDIUM",""
"render_compartment_abundance_figures","pRoteomics","docs/ANALYSIS_ENTRYPOINTS.md","316: - `analysis/publication_source_data/09_export_source_data.R` - stage `export`, scope `global`","NAMESPACE_BASENAME","publication_source_data","","DOCUMENTATION","active",FALSE,"MEDIUM",""
"render_compartment_abundance_figures","pRoteomics","docs/ANALYSIS_ENTRYPOINTS.md","317: - `analysis/publication_source_data/validate_pride_submission.R` - stage `export`, scope `global`","NAMESPACE_BASENAME","publication_source_data","","DOCUMENTATION","active",FALSE,"MEDIUM",""
"render_compartment_abundance_figures","pRoteomics","docs/ANALYSIS_ENTRYPOINTS.md","77: - `analysis/qc/render_compartment_abundance_figures.R` - stage `qc_cross_dataset`, scope `global`","ANALYSIS_REFERENCE","render_compartment_abundance_figures","","DOCUMENTATION","active",FALSE,"MEDIUM",""
"render_compartment_abundance_figures","pRoteomics","docs/ANALYSIS_ENTRYPOINTS.md","77: - `analysis/qc/render_compartment_abundance_figures.R` - stage `qc_cross_dataset`, scope `global`","ANALYSIS_REFERENCE","render_compartment_abundance_figures.R","","DOCUMENTATION","active",FALSE,"MEDIUM",""
"render_compartment_abundance_figures","pRoteomics","docs/BIOLOGICAL_INTERPRETATION.md","13: The biological claims table is an evidence index for manuscript drafting, not an automated conclusion engine. It is generated by `analysis/publication_source_da","NAMESPACE_BASENAME","publication_source_data","","DOCUMENTATION","active",FALSE,"MEDIUM",""
"render_compartment_abundance_figures","pRoteomics","docs/CANONICAL_ANALYSIS_ENTRYPOINTS.md","93: | PCA panels | `figures/final_truth_v9_*` via `nf_pca_compact` | `archive/03_qc_exploration/legacy/06_pcaPlot_Neha.r`, `archive/deprecated/04_pcaPlot_v2.r`, `ar","NAMESPACE_BASENAME","03_qc_exploration","","DOCUMENTATION","active",FALSE,"MEDIUM",""
"render_compartment_abundance_figures","pRoteomics","docs/CANONICAL_ANALYSIS_ENTRYPOINTS.md","52: | PRIDE / journal export | `analysis/publication_source_data/RUN_EXPORT.R` | export (wrapper) |","NAMESPACE_BASENAME","publication_source_data","","DOCUMENTATION","active",FALSE,"MEDIUM",""
"render_compartment_abundance_figures","pRoteomics","docs/CANONICAL_ANALYSIS_ENTRYPOINTS.md","53: | Supplementary tables | `analysis/publication_source_data/build_supplementary_tables.R` | export |","NAMESPACE_BASENAME","publication_source_data","","DOCUMENTATION","active",FALSE,"MEDIUM",""
"render_compartment_abundance_figures","pRoteomics","docs/CANONICAL_ANALYSIS_ENTRYPOINTS.md","54: | Source data release | `analysis/publication_source_data/09_export_source_data.R` | export |","NAMESPACE_BASENAME","publication_source_data","","DOCUMENTATION","active",FALSE,"MEDIUM",""
"render_compartment_abundance_figures","pRoteomics","docs/CANONICAL_ANALYSIS_ENTRYPOINTS.md","91: | Figures 2 and 3 | not in this repository — figure rendering lives in `Exp9_manuscript`, which reads only the frozen bundles under `results/publication_source_","NAMESPACE_BASENAME","publication_source_data","","DOCUMENTATION","active",FALSE,"MEDIUM",""
"render_compartment_abundance_figures","pRoteomics","docs/CANONICAL_ANALYSIS_ENTRYPOINTS.md","101: this repository owns is the source data: `analysis/publication_source_data/` and","NAMESPACE_BASENAME","publication_source_data","","DOCUMENTATION","active",FALSE,"MEDIUM",""
"render_compartment_abundance_figures","pRoteomics","docs/CANONICAL_ANALYSIS_ENTRYPOINTS.md","102: the other registered exporters write `results/publication_source_data/`, which","NAMESPACE_BASENAME","publication_source_data","","DOCUMENTATION","active",FALSE,"MEDIUM",""
"render_compartment_abundance_figures","pRoteomics","docs/current_data_flow.md","155: - `03_qc_exploration/*.r`","NAMESPACE_BASENAME","03_qc_exploration","","DOCUMENTATION","active",FALSE,"MEDIUM",""
"render_compartment_abundance_figures","pRoteomics","docs/hardcoded_path_inventory.md","22: - `03_qc_exploration/06_pcaPlot_Neha.r`: `S:/...` Neha collaboration GCT input and PCA output folder.","NAMESPACE_BASENAME","03_qc_exploration","","DOCUMENTATION","active",FALSE,"MEDIUM",""
"render_compartment_abundance_figures","pRoteomics","docs/hardcoded_path_inventory.md","24: - `03_qc_exploration/08_boxplotBonanza.r`: `S:/...` and `C:/...` local input/output paths.","NAMESPACE_BASENAME","03_qc_exploration","","DOCUMENTATION","active",FALSE,"MEDIUM",""
"render_compartment_abundance_figures","pRoteomics","docs/hardcoded_path_inventory.md","56: - Requires data-aware review before edits: `archive/01_preprocessing/01_impute.r`, `archive/01_preprocessing/02_excel_convert.r`, `analysis/preprocessing/build_","NAMESPACE_BASENAME","03_qc_exploration","","DOCUMENTATION","active",FALSE,"MEDIUM",""
"render_compartment_abundance_figures","pRoteomics","docs/INPUT_CONTRACTS.md","38: PROTEOMICS_STRICT_INPUTS=true Rscript analysis/publication_source_data/build_biological_claims_table.R --dry-run","NAMESPACE_BASENAME","publication_source_data","","DOCUMENTATION","active",FALSE,"MEDIUM",""
"render_compartment_abundance_figures","pRoteomics","docs/NAMING_MIGRATION.md","7: | `03_qc_exploration/06_wgcna_marker_trait_export.r` | `analysis/02_qc/07_wgcna_marker_trait_export.r` | renamed; no wrapper | Makes the active QC prefixes uniq","NAMESPACE_BASENAME","03_qc_exploration","","DOCUMENTATION","historical",FALSE,"MEDIUM",""
"render_compartment_abundance_figures","pRoteomics","docs/NAMING_MIGRATION.md","8: | `03_qc_exploration/07_qc_biology_confounding_report.r` | `analysis/02_qc/08_qc_biology_confounding_report.r` | renamed; no wrapper | Keeps the report after ma","NAMESPACE_BASENAME","03_qc_exploration","","DOCUMENTATION","historical",FALSE,"MEDIUM",""
"render_compartment_abundance_figures","pRoteomics","docs/OUTPUT_CONTRACTS.md","171: | Control compartment marker abundance/detection | `control_compartment_abundance_v2`; observed non-imputed, CON-only, animal-level descriptive contract | `resu","FULL_PATH","results/source_data/03_qc_exploration/04e_control_compartment_abundance_publication_figures/global","","DOCUMENTATION","active",FALSE,"HIGH",""
"render_compartment_abundance_figures","pRoteomics","docs/OUTPUT_CONTRACTS.md","170: | Reference marker evidence registry | marker registry contract | `results/tables/03_qc_exploration/reference_marker_import/reference_marker_evidence_long.csv`;","NAMESPACE_BASENAME","03_qc_exploration","","DOCUMENTATION","active",FALSE,"MEDIUM",""
"render_compartment_abundance_figures","pRoteomics","docs/OUTPUT_CONTRACTS.md","171: | Control compartment marker abundance/detection | `control_compartment_abundance_v2`; observed non-imputed, CON-only, animal-level descriptive contract | `resu","NAMESPACE_BASENAME","03_qc_exploration","","DOCUMENTATION","active",FALSE,"MEDIUM",""
"render_compartment_abundance_figures","pRoteomics","docs/OUTPUT_CONTRACTS.md","174: | Empirical ROI marker discovery | empirical marker contract | `results/tables/03_qc_exploration/05_empirical_roi_marker_discovery/empirical_roi_marker_sets.csv","NAMESPACE_BASENAME","03_qc_exploration","","DOCUMENTATION","active",FALSE,"MEDIUM",""
"render_compartment_abundance_figures","pRoteomics","docs/OUTPUT_CONTRACTS.md","175: | WGCNA marker traits | annotation-trait contract | `results/tables/03_qc_exploration/06_wgcna_marker_trait_export/<dataset>/wgcna_marker_traits_by_sample.csv`;","NAMESPACE_BASENAME","03_qc_exploration","","DOCUMENTATION","active",FALSE,"MEDIUM",""
"render_compartment_abundance_figures","pRoteomics","docs/OUTPUT_CONTRACTS.md","171: | Control compartment marker abundance/detection | `control_compartment_abundance_v2`; observed non-imputed, CON-only, animal-level descriptive contract | `resu","NAMESPACE_BASENAME","04e_control_compartment_abundance_publication_figures","","DOCUMENTATION","active",FALSE,"MEDIUM",""
"render_compartment_abundance_figures","pRoteomics","docs/OUTPUT_LAYOUT.md","60: results/tables/03_qc_exploration/02_missingness_diagnostics/<dataset>/missingness_diagnostics.xlsx","NAMESPACE_BASENAME","03_qc_exploration","","DOCUMENTATION","active",FALSE,"MEDIUM",""
"render_compartment_abundance_figures","pRoteomics","docs/OUTPUT_LAYOUT.md","91: path_export(""publication_source_data"", publication_id)","NAMESPACE_BASENAME","publication_source_data","","DOCUMENTATION","active",FALSE,"MEDIUM",""
"render_compartment_abundance_figures","pRoteomics","docs/OUTPUT_LAYOUT.md","156: exports/publication_source_data/<publication_id>/...","NAMESPACE_BASENAME","publication_source_data","","DOCUMENTATION","active",FALSE,"MEDIUM",""
"render_compartment_abundance_figures","pRoteomics","docs/OUTPUT_LAYOUT.md","157: exports/publication_source_data/manifest.csv","NAMESPACE_BASENAME","publication_source_data","","DOCUMENTATION","active",FALSE,"MEDIUM",""
"render_compartment_abundance_figures","pRoteomics","docs/OUTPUT_LAYOUT.md","178: `results/publication_source_data/...`. The hashes are what the column is for","NAMESPACE_BASENAME","publication_source_data","","DOCUMENTATION","active",FALSE,"MEDIUM",""
"render_compartment_abundance_figures","pRoteomics","docs/OUTPUT_LAYOUT.md","191: imported, `results/publication_source_data/`, sat inside the canonical results","NAMESPACE_BASENAME","publication_source_data","","DOCUMENTATION","active",FALSE,"MEDIUM",""
"render_compartment_abundance_figures","pRoteomics","docs/PRIDE_EXPORT.md","10: See [`analysis/publication_source_data/README.md`](../09_export_pride_journal/README.md) for commands and output layout.","NAMESPACE_BASENAME","publication_source_data","","DOCUMENTATION","active",FALSE,"MEDIUM",""
"render_compartment_abundance_figures","pRoteomics","docs/PRIDE_EXPORT.md","26: Rscript analysis/publication_source_data/RUN_EXPORT.R --dataset all --export-level pg_matrix_onward","NAMESPACE_BASENAME","publication_source_data","","DOCUMENTATION","active",FALSE,"MEDIUM",""
"render_compartment_abundance_figures","pRoteomics","docs/PRIDE_EXPORT.md","27: Rscript analysis/publication_source_data/RUN_EXPORT.R --dataset microglia --export-level pg_matrix_onward --dry-run","NAMESPACE_BASENAME","publication_source_data","","DOCUMENTATION","active",FALSE,"MEDIUM",""
"render_compartment_abundance_figures","pRoteomics","docs/PRIDE_EXPORT.md","28: Rscript analysis/publication_source_data/validate_pride_submission.R --export-level pg_matrix_onward","NAMESPACE_BASENAME","publication_source_data","","DOCUMENTATION","active",FALSE,"MEDIUM",""
"render_compartment_abundance_figures","pRoteomics","docs/PRIDE_submission_workflow.md","16: Rscript analysis/publication_source_data/build_pride_manifest.R --dry-run","NAMESPACE_BASENAME","publication_source_data","","DOCUMENTATION","active",FALSE,"MEDIUM",""
"render_compartment_abundance_figures","pRoteomics","docs/PRIDE_submission_workflow.md","17: Rscript analysis/publication_source_data/build_sample_metadata.R --dry-run","NAMESPACE_BASENAME","publication_source_data","","DOCUMENTATION","active",FALSE,"MEDIUM",""
"render_compartment_abundance_figures","pRoteomics","docs/PRIDE_submission_workflow.md","18: Rscript analysis/publication_source_data/build_supplementary_tables.R --dry-run","NAMESPACE_BASENAME","publication_source_data","","DOCUMENTATION","active",FALSE,"MEDIUM",""
"render_compartment_abundance_figures","pRoteomics","docs/PRIDE_submission_workflow.md","19: Rscript analysis/publication_source_data/validate_pride_submission.R --dry-run","NAMESPACE_BASENAME","publication_source_data","","DOCUMENTATION","active",FALSE,"MEDIUM",""
"render_compartment_abundance_figures","pRoteomics","docs/PRIDE_submission_workflow.md","20: Rscript analysis/publication_source_data/build_methods_summary.R --dry-run","NAMESPACE_BASENAME","publication_source_data","","DOCUMENTATION","active",FALSE,"MEDIUM",""
"render_compartment_abundance_figures","pRoteomics","docs/PUBLICATION_HARDENING_PROGRESS.md","180: (`analysis/publication_source_data/RUN_EXPORT.R`). None is reachable from a publication","NAMESPACE_BASENAME","publication_source_data","","DOCUMENTATION","historical",FALSE,"MEDIUM",""
"render_compartment_abundance_figures","pRoteomics","docs/refactor_backlog.md","38: results/tables/03_qc_exploration/02_missingness_diagnostics/<dataset>/","NAMESPACE_BASENAME","03_qc_exploration","","DOCUMENTATION","active",FALSE,"MEDIUM",""
"render_compartment_abundance_figures","pRoteomics","docs/refactor_backlog.md","39: results/tables/03_qc_exploration/03_replicate_consistency/<dataset>/","NAMESPACE_BASENAME","03_qc_exploration","","DOCUMENTATION","active",FALSE,"MEDIUM",""
"render_compartment_abundance_figures","pRoteomics","docs/refactor_backlog.md","40: results/tables/03_qc_exploration/07_qc_biology_confounding_report/<dataset>/","NAMESPACE_BASENAME","03_qc_exploration","","DOCUMENTATION","active",FALSE,"MEDIUM",""
"render_compartment_abundance_figures","pRoteomics","docs/refactor_backlog.md","41: results/tables/03_qc_exploration/05_pca_confounding_qc/<dataset>/PCA_confounding_summary.csv","NAMESPACE_BASENAME","03_qc_exploration","","DOCUMENTATION","active",FALSE,"MEDIUM",""
"render_compartment_abundance_figures","pRoteomics","docs/refactor_backlog.md","171: - `archive/03_qc_exploration/legacy/06_pcaPlot_Neha.r` and","NAMESPACE_BASENAME","03_qc_exploration","","DOCUMENTATION","active",FALSE,"MEDIUM",""
"render_compartment_abundance_figures","pRoteomics","docs/refactor_backlog.md","172: `archive/03_qc_exploration/legacy/08_boxplotBonanza.r` should be marked legacy, not","NAMESPACE_BASENAME","03_qc_exploration","","DOCUMENTATION","active",FALSE,"MEDIUM",""
"render_compartment_abundance_figures","pRoteomics","docs/refactor_backlog.md","34: Extend `analysis/publication_source_data/build_biological_claims_table.R` so each","NAMESPACE_BASENAME","publication_source_data","","DOCUMENTATION","active",FALSE,"MEDIUM",""
"render_compartment_abundance_figures","pRoteomics","docs/refactor_backlog.md","114: analysis/publication_source_data/build_biological_claims_table.R","NAMESPACE_BASENAME","publication_source_data","","DOCUMENTATION","active",FALSE,"MEDIUM",""
"render_compartment_abundance_figures","pRoteomics","docs/REPOSITORY_ARCHITECTURE.md","93: results/publication_source_data/<publication_id>/ + manifest.csv","NAMESPACE_BASENAME","publication_source_data","","DOCUMENTATION","active",FALSE,"MEDIUM",""
"render_compartment_abundance_figures","pRoteomics","docs/REPOSITORY_ARCHITECTURE.md","110: What remains here is `analysis/publication_source_data/08_export_manuscript_figures.R`.","NAMESPACE_BASENAME","publication_source_data","","DOCUMENTATION","active",FALSE,"MEDIUM",""
"render_compartment_abundance_figures","pRoteomics","docs/REPOSITORY_NAME_RECOMMENDATION.md","70: - `exports/publication_source_data/manifest.csv` (`source_repo` column);","NAMESPACE_BASENAME","publication_source_data","","DOCUMENTATION","active",FALSE,"MEDIUM",""
"render_compartment_abundance_figures","pRoteomics","docs/RESULTS_OWNERSHIP.md","15: `results/tables/03_qc_exploration/02_missingness_diagnostics/`: the namespace","NAMESPACE_BASENAME","03_qc_exploration","","DOCUMENTATION","active",FALSE,"MEDIUM",""
"render_compartment_abundance_figures","pRoteomics","docs/RESULTS_OWNERSHIP.md","82: | `results/qc/render_compartment_abundance_figures/global` | `render_compartment_abundance_figures.R` | 1 | 0 |","ANALYSIS_REFERENCE","render_compartment_abundance_figures","","DOCUMENTATION","active",FALSE,"MEDIUM",""
"render_compartment_abundance_figures","pRoteomics","docs/RESULTS_OWNERSHIP.md","82: | `results/qc/render_compartment_abundance_figures/global` | `render_compartment_abundance_figures.R` | 1 | 0 |","ANALYSIS_REFERENCE","render_compartment_abundance_figures.R","","DOCUMENTATION","active",FALSE,"MEDIUM",""
"render_compartment_abundance_figures","pRoteomics","docs/WGCNA_WORKFLOW.md","44: - `results/tables/03_qc_exploration/05_empirical_roi_marker_discovery/empirical_roi_marker_sets.csv`","NAMESPACE_BASENAME","03_qc_exploration","","DOCUMENTATION","active",FALSE,"MEDIUM",""
"render_compartment_abundance_figures","pRoteomics","R/qc/control_compartment_abundance_workflow.R","2: # Sourced by analysis/qc/render_compartment_abundance_figures.R.","DOCUMENTATION_ONLY","render_compartment_abundance_figures","","DOCUMENTATION","active",FALSE,"N/A",""
"render_compartment_abundance_figures","pRoteomics","R/qc/control_compartment_abundance_workflow.R","64: ## analysis/qc/render_compartment_abundance_figures.R, which has no","DOCUMENTATION_ONLY","render_compartment_abundance_figures","","DOCUMENTATION","active",FALSE,"N/A",""
"render_compartment_abundance_figures","pRoteomics","R/qc/control_compartment_abundance_workflow.R","2: # Sourced by analysis/qc/render_compartment_abundance_figures.R.","DOCUMENTATION_ONLY","render_compartment_abundance_figures.R","","DOCUMENTATION","active",FALSE,"N/A",""
"render_compartment_abundance_figures","pRoteomics","R/qc/control_compartment_abundance_workflow.R","64: ## analysis/qc/render_compartment_abundance_figures.R, which has no","DOCUMENTATION_ONLY","render_compartment_abundance_figures.R","","DOCUMENTATION","active",FALSE,"N/A",""
"render_compartment_abundance_figures","pRoteomics","R/qc/qc_result_paths.R","16: #   results/<kind>/03_qc_exploration/<substep>/<dataset>/","DOCUMENTATION_ONLY","03_qc_exploration","","DOCUMENTATION","active",FALSE,"N/A",""
"render_compartment_abundance_figures","pRoteomics","R/utilities/export_helpers.R","642: # analysis/publication_source_data/08_export_manuscript_figures.R is","DOCUMENTATION_ONLY","publication_source_data","repo_path","DOCUMENTATION","active",FALSE,"HIGH",""
"render_compartment_abundance_figures","pRoteomics","tests/testthat/test-qc-writer-namespace.R","29: # render_compartment_abundance_figures constructs no destination itself; the","DOCUMENTATION_ONLY","render_compartment_abundance_figures","","DOCUMENTATION","active",FALSE,"N/A",""
"render_compartment_abundance_figures","pRoteomics","tests/testthat/test-qc-writer-namespace.R","172: ## render_compartment_abundance_figures has no write call and no path","DOCUMENTATION_ONLY","render_compartment_abundance_figures","","DOCUMENTATION","active",FALSE,"N/A",""
"render_compartment_abundance_figures","pRoteomics","tools/audit_writer_namespaces.R","216: # analysis/qc/render_compartment_abundance_figures.R has no write call at all,","DOCUMENTATION_ONLY","render_compartment_abundance_figures","","DOCUMENTATION","active",FALSE,"N/A",""
"render_compartment_abundance_figures","pRoteomics","tools/audit_writer_namespaces.R","312: ## analysis/qc/render_compartment_abundance_figures.R has no write call and","DOCUMENTATION_ONLY","render_compartment_abundance_figures","","DOCUMENTATION","active",FALSE,"N/A",""
"render_compartment_abundance_figures","pRoteomics","tools/audit_writer_namespaces.R","216: # analysis/qc/render_compartment_abundance_figures.R has no write call at all,","DOCUMENTATION_ONLY","render_compartment_abundance_figures.R","","DOCUMENTATION","active",FALSE,"N/A",""
"render_compartment_abundance_figures","pRoteomics","tools/audit_writer_namespaces.R","312: ## analysis/qc/render_compartment_abundance_figures.R has no write call and","DOCUMENTATION_ONLY","render_compartment_abundance_figures.R","","DOCUMENTATION","active",FALSE,"N/A",""
"render_compartment_abundance_figures","pRoteomics","tools/export_publication_source_data.R","10: #   exports/publication_source_data/<publication_id>/...","DOCUMENTATION_ONLY","publication_source_data","","DOCUMENTATION","active",FALSE,"N/A",""
"render_compartment_abundance_figures","pRoteomics","tools/export_publication_source_data.R","11: #   exports/publication_source_data/manifest.csv","DOCUMENTATION_ONLY","publication_source_data","","DOCUMENTATION","active",FALSE,"N/A",""
"render_compartment_abundance_figures","pRoteomics","tools/migrate_publication_export_bundle.R","3: # Establish exports/publication_source_data/ as the publication boundary.","DOCUMENTATION_ONLY","publication_source_data","","DOCUMENTATION","active",FALSE,"N/A",""
"render_compartment_abundance_figures","pRoteomics","tools/migrate_publication_export_bundle.R","5: # The bundle Exp9_manuscript imports from, results/publication_source_data/,","DOCUMENTATION_ONLY","publication_source_data","","DOCUMENTATION","active",FALSE,"N/A",""
"render_compartment_abundance_figures","pRoteomics","tools/migrate_publication_export_bundle.R","12: # This copies it, byte for byte, to exports/publication_source_data/ and writes","DOCUMENTATION_ONLY","publication_source_data","","DOCUMENTATION","active",FALSE,"N/A",""
"render_compartment_abundance_figures","pRoteomics","config/marker_panels/wgcna_reference_marker_sets.csv","564: canonical_astrocyte,,,astrocyte,canonical,Aqp4,curated_fallback,proteomics_curated_fallback,03_qc_exploration/build_reference_marker_registry.R curated conserva","NAMESPACE_BASENAME","03_qc_exploration","","GENERATED_RECORD","active",FALSE,"MEDIUM",""
"render_compartment_abundance_figures","pRoteomics","config/marker_panels/wgcna_reference_marker_sets.csv","565: canonical_astrocyte,,,astrocyte,canonical,Gfap,curated_fallback,proteomics_curated_fallback,03_qc_exploration/build_reference_marker_registry.R curated conserva","NAMESPACE_BASENAME","03_qc_exploration","","GENERATED_RECORD","active",FALSE,"MEDIUM",""
"render_compartment_abundance_figures","pRoteomics","config/marker_panels/wgcna_reference_marker_sets.csv","566: canonical_astrocyte,,,astrocyte,canonical,Aldh1l1,curated_fallback,proteomics_curated_fallback,03_qc_exploration/build_reference_marker_registry.R curated conse","NAMESPACE_BASENAME","03_qc_exploration","","GENERATED_RECORD","active",FALSE,"MEDIUM",""
"render_compartment_abundance_figures","pRoteomics","config/marker_panels/wgcna_reference_marker_sets.csv","567: canonical_astrocyte,,,astrocyte,canonical,Slc1a2,curated_fallback,proteomics_curated_fallback,03_qc_exploration/build_reference_marker_registry.R curated conser","NAMESPACE_BASENAME","03_qc_exploration","","GENERATED_RECORD","active",FALSE,"MEDIUM",""
"render_compartment_abundance_figures","pRoteomics","config/marker_panels/wgcna_reference_marker_sets.csv","568: canonical_astrocyte,,,astrocyte,canonical,Slc1a3,curated_fallback,proteomics_curated_fallback,03_qc_exploration/build_reference_marker_registry.R curated conser","NAMESPACE_BASENAME","03_qc_exploration","","GENERATED_RECORD","active",FALSE,"MEDIUM",""
"render_compartment_abundance_figures","pRoteomics","config/marker_panels/wgcna_reference_marker_sets.csv","569: canonical_astrocyte,,,astrocyte,canonical,Glul,curated_fallback,proteomics_curated_fallback,03_qc_exploration/build_reference_marker_registry.R curated conserva","NAMESPACE_BASENAME","03_qc_exploration","","GENERATED_RECORD","active",FALSE,"MEDIUM",""
"render_compartment_abundance_figures","pRoteomics","config/marker_panels/wgcna_reference_marker_sets.csv","570: canonical_astrocyte,,,astrocyte,canonical,Aldoc,curated_fallback,proteomics_curated_fallback,03_qc_exploration/build_reference_marker_registry.R curated conserv","NAMESPACE_BASENAME","03_qc_exploration","","GENERATED_RECORD","active",FALSE,"MEDIUM",""
"render_compartment_abundance_figures","pRoteomics","config/marker_panels/wgcna_reference_marker_sets.csv","571: canonical_astrocyte,,,astrocyte,canonical,Gja1,curated_fallback,proteomics_curated_fallback,03_qc_exploration/build_reference_marker_registry.R curated conserva","NAMESPACE_BASENAME","03_qc_exploration","","GENERATED_RECORD","active",FALSE,"MEDIUM",""
"render_compartment_abundance_figures","pRoteomics","config/marker_panels/wgcna_reference_marker_sets.csv","572: canonical_astrocyte,,,astrocyte,canonical,S100b,curated_fallback,proteomics_curated_fallback,03_qc_exploration/build_reference_marker_registry.R curated conserv","NAMESPACE_BASENAME","03_qc_exploration","","GENERATED_RECORD","active",FALSE,"MEDIUM",""
"render_compartment_abundance_figures","pRoteomics","config/marker_panels/wgcna_reference_marker_sets.csv","573: canonical_oligodendrocyte_myelin,,,oligodendrocyte,myelin,Mbp,curated_fallback,proteomics_curated_fallback,03_qc_exploration/build_reference_marker_registry.R c","NAMESPACE_BASENAME","03_qc_exploration","","GENERATED_RECORD","active",FALSE,"MEDIUM",""
"render_compartment_abundance_figures","pRoteomics","config/marker_panels/wgcna_reference_marker_sets.csv","574: canonical_oligodendrocyte_myelin,,,oligodendrocyte,myelin,Plp1,curated_fallback,proteomics_curated_fallback,03_qc_exploration/build_reference_marker_registry.R","NAMESPACE_BASENAME","03_qc_exploration","","GENERATED_RECORD","active",FALSE,"MEDIUM",""
"render_compartment_abundance_figures","pRoteomics","config/marker_panels/wgcna_reference_marker_sets.csv","575: canonical_oligodendrocyte_myelin,,,oligodendrocyte,myelin,Mog,curated_fallback,proteomics_curated_fallback,03_qc_exploration/build_reference_marker_registry.R c","NAMESPACE_BASENAME","03_qc_exploration","","GENERATED_RECORD","active",FALSE,"MEDIUM",""
"render_compartment_abundance_figures","pRoteomics","config/marker_panels/wgcna_reference_marker_sets.csv","576: canonical_oligodendrocyte_myelin,,,oligodendrocyte,myelin,Cnp,curated_fallback,proteomics_curated_fallback,03_qc_exploration/build_reference_marker_registry.R c","NAMESPACE_BASENAME","03_qc_exploration","","GENERATED_RECORD","active",FALSE,"MEDIUM",""
"render_compartment_abundance_figures","pRoteomics","config/marker_panels/wgcna_reference_marker_sets.csv","577: canonical_oligodendrocyte_myelin,,,oligodendrocyte,myelin,Mag,curated_fallback,proteomics_curated_fallback,03_qc_exploration/build_reference_marker_registry.R c","NAMESPACE_BASENAME","03_qc_exploration","","GENERATED_RECORD","active",FALSE,"MEDIUM",""
"render_compartment_abundance_figures","pRoteomics","config/marker_panels/wgcna_reference_marker_sets.csv","578: canonical_oligodendrocyte_myelin,,,oligodendrocyte,myelin,Mobp,curated_fallback,proteomics_curated_fallback,03_qc_exploration/build_reference_marker_registry.R","NAMESPACE_BASENAME","03_qc_exploration","","GENERATED_RECORD","active",FALSE,"MEDIUM",""
"render_compartment_abundance_figures","pRoteomics","config/marker_panels/wgcna_reference_marker_sets.csv","579: canonical_oligodendrocyte_myelin,,,oligodendrocyte,myelin,Cldn11,curated_fallback,proteomics_curated_fallback,03_qc_exploration/build_reference_marker_registry.","NAMESPACE_BASENAME","03_qc_exploration","","GENERATED_RECORD","active",FALSE,"MEDIUM",""
"render_compartment_abundance_figures","pRoteomics","config/marker_panels/wgcna_reference_marker_sets.csv","580: canonical_oligodendrocyte_myelin,,,oligodendrocyte,myelin,Myrf,curated_fallback,proteomics_curated_fallback,03_qc_exploration/build_reference_marker_registry.R","NAMESPACE_BASENAME","03_qc_exploration","","GENERATED_RECORD","active",FALSE,"MEDIUM",""
"render_compartment_abundance_figures","pRoteomics","config/marker_panels/wgcna_reference_marker_sets.csv","581: canonical_oligodendrocyte_myelin,,,oligodendrocyte,myelin,Olig1,curated_fallback,proteomics_curated_fallback,03_qc_exploration/build_reference_marker_registry.R","NAMESPACE_BASENAME","03_qc_exploration","","GENERATED_RECORD","active",FALSE,"MEDIUM",""
"render_compartment_abundance_figures","pRoteomics","config/marker_panels/wgcna_reference_marker_sets.csv","582: canonical_oligodendrocyte_myelin,,,oligodendrocyte,myelin,Olig2,curated_fallback,proteomics_curated_fallback,03_qc_exploration/build_reference_marker_registry.R","NAMESPACE_BASENAME","03_qc_exploration","","GENERATED_RECORD","active",FALSE,"MEDIUM",""
"render_compartment_abundance_figures","pRoteomics","config/marker_panels/wgcna_reference_marker_sets.csv","583: canonical_opc,,,opc,canonical,Pdgfra,curated_fallback,proteomics_curated_fallback,03_qc_exploration/build_reference_marker_registry.R curated conservative fallb","NAMESPACE_BASENAME","03_qc_exploration","","GENERATED_RECORD","active",FALSE,"MEDIUM",""
"render_compartment_abundance_figures","pRoteomics","config/marker_panels/wgcna_reference_marker_sets.csv","584: canonical_opc,,,opc,canonical,Cspg4,curated_fallback,proteomics_curated_fallback,03_qc_exploration/build_reference_marker_registry.R curated conservative fallba","NAMESPACE_BASENAME","03_qc_exploration","","GENERATED_RECORD","active",FALSE,"MEDIUM",""
"render_compartment_abundance_figures","pRoteomics","config/marker_panels/wgcna_reference_marker_sets.csv","585: canonical_opc,,,opc,canonical,Vcan,curated_fallback,proteomics_curated_fallback,03_qc_exploration/build_reference_marker_registry.R curated conservative fallbac","NAMESPACE_BASENAME","03_qc_exploration","","GENERATED_RECORD","active",FALSE,"MEDIUM",""
"render_compartment_abundance_figures","pRoteomics","config/marker_panels/wgcna_reference_marker_sets.csv","586: canonical_opc,,,opc,canonical,Sox10,curated_fallback,proteomics_curated_fallback,03_qc_exploration/build_reference_marker_registry.R curated conservative fallba","NAMESPACE_BASENAME","03_qc_exploration","","GENERATED_RECORD","active",FALSE,"MEDIUM",""
"render_compartment_abundance_figures","pRoteomics","config/marker_panels/wgcna_reference_marker_sets.csv","587: canonical_opc,,,opc,canonical,Olig1,curated_fallback,proteomics_curated_fallback,03_qc_exploration/build_reference_marker_registry.R curated conservative fallba","NAMESPACE_BASENAME","03_qc_exploration","","GENERATED_RECORD","active",FALSE,"MEDIUM",""
"render_compartment_abundance_figures","pRoteomics","config/marker_panels/wgcna_reference_marker_sets.csv","588: canonical_opc,,,opc,canonical,Olig2,curated_fallback,proteomics_curated_fallback,03_qc_exploration/build_reference_marker_registry.R curated conservative fallba","NAMESPACE_BASENAME","03_qc_exploration","","GENERATED_RECORD","active",FALSE,"MEDIUM",""
"render_compartment_abundance_figures","pRoteomics","config/marker_panels/wgcna_reference_marker_sets.csv","589: canonical_endothelial_vascular,,,endothelial,vascular,Cldn5,curated_fallback,proteomics_curated_fallback,03_qc_exploration/build_reference_marker_registry.R cur","NAMESPACE_BASENAME","03_qc_exploration","","GENERATED_RECORD","active",FALSE,"MEDIUM",""
"render_compartment_abundance_figures","pRoteomics","config/marker_panels/wgcna_reference_marker_sets.csv","590: canonical_endothelial_vascular,,,endothelial,vascular,Pecam1,curated_fallback,proteomics_curated_fallback,03_qc_exploration/build_reference_marker_registry.R cu","NAMESPACE_BASENAME","03_qc_exploration","","GENERATED_RECORD","active",FALSE,"MEDIUM",""
"render_compartment_abundance_figures","pRoteomics","config/marker_panels/wgcna_reference_marker_sets.csv","591: canonical_endothelial_vascular,,,endothelial,vascular,Kdr,curated_fallback,proteomics_curated_fallback,03_qc_exploration/build_reference_marker_registry.R curat","NAMESPACE_BASENAME","03_qc_exploration","","GENERATED_RECORD","active",FALSE,"MEDIUM",""
"render_compartment_abundance_figures","pRoteomics","config/marker_panels/wgcna_reference_marker_sets.csv","592: canonical_endothelial_vascular,,,endothelial,vascular,Flt1,curated_fallback,proteomics_curated_fallback,03_qc_exploration/build_reference_marker_registry.R cura","NAMESPACE_BASENAME","03_qc_exploration","","GENERATED_RECORD","active",FALSE,"MEDIUM",""
"render_compartment_abundance_figures","pRoteomics","config/marker_panels/wgcna_reference_marker_sets.csv","593: canonical_endothelial_vascular,,,endothelial,vascular,Slco1a4,curated_fallback,proteomics_curated_fallback,03_qc_exploration/build_reference_marker_registry.R c","NAMESPACE_BASENAME","03_qc_exploration","","GENERATED_RECORD","active",FALSE,"MEDIUM",""
"render_compartment_abundance_figures","pRoteomics","config/marker_panels/wgcna_reference_marker_sets.csv","594: canonical_pericyte_vascular,,,pericyte,vascular,Rgs5,curated_fallback,proteomics_curated_fallback,03_qc_exploration/build_reference_marker_registry.R curated co","NAMESPACE_BASENAME","03_qc_exploration","","GENERATED_RECORD","active",FALSE,"MEDIUM",""
"render_compartment_abundance_figures","pRoteomics","config/marker_panels/wgcna_reference_marker_sets.csv","595: canonical_pericyte_vascular,,,pericyte,vascular,Pdgfrb,curated_fallback,proteomics_curated_fallback,03_qc_exploration/build_reference_marker_registry.R curated","NAMESPACE_BASENAME","03_qc_exploration","","GENERATED_RECORD","active",FALSE,"MEDIUM",""
"render_compartment_abundance_figures","pRoteomics","config/marker_panels/wgcna_reference_marker_sets.csv","596: canonical_pericyte_vascular,,,pericyte,vascular,Vtn,curated_fallback,proteomics_curated_fallback,03_qc_exploration/build_reference_marker_registry.R curated con","NAMESPACE_BASENAME","03_qc_exploration","","GENERATED_RECORD","active",FALSE,"MEDIUM",""
"render_compartment_abundance_figures","pRoteomics","config/marker_panels/wgcna_reference_marker_sets.csv","597: canonical_pericyte_vascular,,,pericyte,vascular,Acta2,curated_fallback,proteomics_curated_fallback,03_qc_exploration/build_reference_marker_registry.R curated c","NAMESPACE_BASENAME","03_qc_exploration","","GENERATED_RECORD","active",FALSE,"MEDIUM",""
"render_compartment_abundance_figures","pRoteomics","config/marker_panels/wgcna_reference_marker_sets.csv","598: canonical_peripheral_myeloid_caution,,,peripheral_myeloid,caution,Lyz2,curated_fallback,proteomics_curated_fallback,03_qc_exploration/build_reference_marker_reg","NAMESPACE_BASENAME","03_qc_exploration","","GENERATED_RECORD","active",FALSE,"MEDIUM",""
"render_compartment_abundance_figures","pRoteomics","config/marker_panels/wgcna_reference_marker_sets.csv","599: canonical_peripheral_myeloid_caution,,,peripheral_myeloid,caution,Cd74,curated_fallback,proteomics_curated_fallback,03_qc_exploration/build_reference_marker_reg","NAMESPACE_BASENAME","03_qc_exploration","","GENERATED_RECORD","active",FALSE,"MEDIUM",""
"render_compartment_abundance_figures","pRoteomics","config/marker_panels/wgcna_reference_marker_sets.csv","600: canonical_peripheral_myeloid_caution,,,peripheral_myeloid,caution,H2-Ab1,curated_fallback,proteomics_curated_fallback,03_qc_exploration/build_reference_marker_r","NAMESPACE_BASENAME","03_qc_exploration","","GENERATED_RECORD","active",FALSE,"MEDIUM",""
"render_compartment_abundance_figures","pRoteomics","config/marker_panels/wgcna_reference_marker_sets.csv","601: canonical_peripheral_myeloid_caution,,,peripheral_myeloid,caution,Fcgr1,curated_fallback,proteomics_curated_fallback,03_qc_exploration/build_reference_marker_re","NAMESPACE_BASENAME","03_qc_exploration","","GENERATED_RECORD","active",FALSE,"MEDIUM",""
"render_compartment_abundance_figures","pRoteomics","config/marker_panels/wgcna_reference_marker_sets.csv","602: canonical_peripheral_myeloid_caution,,,peripheral_myeloid,caution,Ccr2,curated_fallback,proteomics_curated_fallback,03_qc_exploration/build_reference_marker_reg","NAMESPACE_BASENAME","03_qc_exploration","","GENERATED_RECORD","active",FALSE,"MEDIUM",""
"render_compartment_abundance_figures","pRoteomics","config/marker_panels/wgcna_reference_marker_sets.csv","603: canonical_peripheral_myeloid_caution,,,peripheral_myeloid,caution,Ly6c2,curated_fallback,proteomics_curated_fallback,03_qc_exploration/build_reference_marker_re","NAMESPACE_BASENAME","03_qc_exploration","","GENERATED_RECORD","active",FALSE,"MEDIUM",""
"render_compartment_abundance_figures","pRoteomics","config/marker_panels/wgcna_reference_marker_sets.csv","604: canonical_peripheral_myeloid_caution,,,peripheral_myeloid,caution,Itgam,curated_fallback,proteomics_curated_fallback,03_qc_exploration/build_reference_marker_re","NAMESPACE_BASENAME","03_qc_exploration","","GENERATED_RECORD","active",FALSE,"MEDIUM",""
"render_compartment_abundance_figures","pRoteomics","config/marker_panels/wgcna_reference_marker_sets.csv","605: canonical_mitochondrial_oxphos,,,mitochondrial,oxphos,Ndufs1,curated_fallback,proteomics_curated_fallback,03_qc_exploration/build_reference_marker_registry.R cu","NAMESPACE_BASENAME","03_qc_exploration","","GENERATED_RECORD","active",FALSE,"MEDIUM",""
"render_compartment_abundance_figures","pRoteomics","config/marker_panels/wgcna_reference_marker_sets.csv","606: canonical_mitochondrial_oxphos,,,mitochondrial,oxphos,Ndufa9,curated_fallback,proteomics_curated_fallback,03_qc_exploration/build_reference_marker_registry.R cu","NAMESPACE_BASENAME","03_qc_exploration","","GENERATED_RECORD","active",FALSE,"MEDIUM",""
"render_compartment_abundance_figures","pRoteomics","config/marker_panels/wgcna_reference_marker_sets.csv","607: canonical_mitochondrial_oxphos,,,mitochondrial,oxphos,Sdha,curated_fallback,proteomics_curated_fallback,03_qc_exploration/build_reference_marker_registry.R cura","NAMESPACE_BASENAME","03_qc_exploration","","GENERATED_RECORD","active",FALSE,"MEDIUM",""
"render_compartment_abundance_figures","pRoteomics","config/marker_panels/wgcna_reference_marker_sets.csv","608: canonical_mitochondrial_oxphos,,,mitochondrial,oxphos,Uqcrc2,curated_fallback,proteomics_curated_fallback,03_qc_exploration/build_reference_marker_registry.R cu","NAMESPACE_BASENAME","03_qc_exploration","","GENERATED_RECORD","active",FALSE,"MEDIUM",""
"render_compartment_abundance_figures","pRoteomics","config/marker_panels/wgcna_reference_marker_sets.csv","609: canonical_mitochondrial_oxphos,,,mitochondrial,oxphos,Cox4i1,curated_fallback,proteomics_curated_fallback,03_qc_exploration/build_reference_marker_registry.R cu","NAMESPACE_BASENAME","03_qc_exploration","","GENERATED_RECORD","active",FALSE,"MEDIUM",""
"render_compartment_abundance_figures","pRoteomics","config/marker_panels/wgcna_reference_marker_sets.csv","610: canonical_mitochondrial_oxphos,,,mitochondrial,oxphos,Atp5f1a,curated_fallback,proteomics_curated_fallback,03_qc_exploration/build_reference_marker_registry.R c","NAMESPACE_BASENAME","03_qc_exploration","","GENERATED_RECORD","active",FALSE,"MEDIUM",""
"render_compartment_abundance_figures","pRoteomics","config/marker_panels/wgcna_reference_marker_sets.csv","611: canonical_mitochondrial_oxphos,,,mitochondrial,oxphos,Atp5f1b,curated_fallback,proteomics_curated_fallback,03_qc_exploration/build_reference_marker_registry.R c","NAMESPACE_BASENAME","03_qc_exploration","","GENERATED_RECORD","active",FALSE,"MEDIUM",""
"render_compartment_abundance_figures","pRoteomics","config/marker_panels/wgcna_reference_marker_sets.csv","612: canonical_ribosomal_translation,,,ribosomal,translation,Rpl3,curated_fallback,proteomics_curated_fallback,03_qc_exploration/build_reference_marker_registry.R cu","NAMESPACE_BASENAME","03_qc_exploration","","GENERATED_RECORD","active",FALSE,"MEDIUM",""
"render_compartment_abundance_figures","pRoteomics","config/marker_panels/wgcna_reference_marker_sets.csv","613: canonical_ribosomal_translation,,,ribosomal,translation,Rpl4,curated_fallback,proteomics_curated_fallback,03_qc_exploration/build_reference_marker_registry.R cu","NAMESPACE_BASENAME","03_qc_exploration","","GENERATED_RECORD","active",FALSE,"MEDIUM",""
"render_compartment_abundance_figures","pRoteomics","config/marker_panels/wgcna_reference_marker_sets.csv","614: canonical_ribosomal_translation,,,ribosomal,translation,Rpl5,curated_fallback,proteomics_curated_fallback,03_qc_exploration/build_reference_marker_registry.R cu","NAMESPACE_BASENAME","03_qc_exploration","","GENERATED_RECORD","active",FALSE,"MEDIUM",""
"render_compartment_abundance_figures","pRoteomics","config/marker_panels/wgcna_reference_marker_sets.csv","615: canonical_ribosomal_translation,,,ribosomal,translation,Rps3,curated_fallback,proteomics_curated_fallback,03_qc_exploration/build_reference_marker_registry.R cu","NAMESPACE_BASENAME","03_qc_exploration","","GENERATED_RECORD","active",FALSE,"MEDIUM",""
"render_compartment_abundance_figures","pRoteomics","config/marker_panels/wgcna_reference_marker_sets.csv","616: canonical_ribosomal_translation,,,ribosomal,translation,Rps6,curated_fallback,proteomics_curated_fallback,03_qc_exploration/build_reference_marker_registry.R cu","NAMESPACE_BASENAME","03_qc_exploration","","GENERATED_RECORD","active",FALSE,"MEDIUM",""
"render_compartment_abundance_figures","pRoteomics","config/marker_panels/wgcna_reference_marker_sets.csv","617: canonical_ribosomal_translation,,,ribosomal,translation,Eef1a1,curated_fallback,proteomics_curated_fallback,03_qc_exploration/build_reference_marker_registry.R","NAMESPACE_BASENAME","03_qc_exploration","","GENERATED_RECORD","active",FALSE,"MEDIUM",""
"render_compartment_abundance_figures","pRoteomics","config/marker_panels/wgcna_reference_marker_sets.csv","618: canonical_ribosomal_translation,,,ribosomal,translation,Eef2,curated_fallback,proteomics_curated_fallback,03_qc_exploration/build_reference_marker_registry.R cu","NAMESPACE_BASENAME","03_qc_exploration","","GENERATED_RECORD","active",FALSE,"MEDIUM",""
"render_compartment_abundance_figures","pRoteomics","config/marker_panels/wgcna_reference_marker_sets.csv","619: canonical_rnp_rna_processing,,,rnp,rna_processing,Hnrnpa2b1,curated_fallback,proteomics_curated_fallback,03_qc_exploration/build_reference_marker_registry.R cur","NAMESPACE_BASENAME","03_qc_exploration","","GENERATED_RECORD","active",FALSE,"MEDIUM",""
"render_compartment_abundance_figures","pRoteomics","config/marker_panels/wgcna_reference_marker_sets.csv","620: canonical_rnp_rna_processing,,,rnp,rna_processing,Hnrnpc,curated_fallback,proteomics_curated_fallback,03_qc_exploration/build_reference_marker_registry.R curate","NAMESPACE_BASENAME","03_qc_exploration","","GENERATED_RECORD","active",FALSE,"MEDIUM",""
"render_compartment_abundance_figures","pRoteomics","config/marker_panels/wgcna_reference_marker_sets.csv","621: canonical_rnp_rna_processing,,,rnp,rna_processing,Sfpq,curated_fallback,proteomics_curated_fallback,03_qc_exploration/build_reference_marker_registry.R curated","NAMESPACE_BASENAME","03_qc_exploration","","GENERATED_RECORD","active",FALSE,"MEDIUM",""
"render_compartment_abundance_figures","pRoteomics","config/marker_panels/wgcna_reference_marker_sets.csv","622: canonical_rnp_rna_processing,,,rnp,rna_processing,Snrnp70,curated_fallback,proteomics_curated_fallback,03_qc_exploration/build_reference_marker_registry.R curat","NAMESPACE_BASENAME","03_qc_exploration","","GENERATED_RECORD","active",FALSE,"MEDIUM",""
"render_compartment_abundance_figures","pRoteomics","config/marker_panels/wgcna_reference_marker_sets.csv","623: canonical_rnp_rna_processing,,,rnp,rna_processing,Ddx5,curated_fallback,proteomics_curated_fallback,03_qc_exploration/build_reference_marker_registry.R curated","NAMESPACE_BASENAME","03_qc_exploration","","GENERATED_RECORD","active",FALSE,"MEDIUM",""
"render_compartment_abundance_figures","pRoteomics","config/marker_panels/wgcna_reference_marker_sets.csv","624: canonical_rnp_rna_processing,,,rnp,rna_processing,Ddx17,curated_fallback,proteomics_curated_fallback,03_qc_exploration/build_reference_marker_registry.R curated","NAMESPACE_BASENAME","03_qc_exploration","","GENERATED_RECORD","active",FALSE,"MEDIUM",""
"render_compartment_abundance_figures","pRoteomics","config/marker_panels/wgcna_reference_marker_sets.csv","625: canonical_rnp_rna_processing,,,rnp,rna_processing,Pabpc1,curated_fallback,proteomics_curated_fallback,03_qc_exploration/build_reference_marker_registry.R curate","NAMESPACE_BASENAME","03_qc_exploration","","GENERATED_RECORD","active",FALSE,"MEDIUM",""
"render_compartment_abundance_figures","pRoteomics","config/results_ownership.csv","43: ""results/manuscript/extended_data"",""results/manuscript/extended_data"",""analysis/publication_source_data/08_export_manuscript_figures.R"","""",1,"""",0,"""",FALSE,""SING","NAMESPACE_BASENAME","publication_source_data","","GENERATED_RECORD","active",FALSE,"MEDIUM",""
"render_compartment_abundance_figures","pRoteomics","config/results_ownership.csv","44: ""results/manuscript/figure_1"",""results/manuscript/figure_1"",""analysis/publication_source_data/08_export_manuscript_figures.R"","""",1,"""",0,"""",FALSE,""SINGLE_OWNER"",","NAMESPACE_BASENAME","publication_source_data","","GENERATED_RECORD","active",FALSE,"MEDIUM",""
"render_compartment_abundance_figures","pRoteomics","config/results_ownership.csv","45: ""results/manuscript/figure_2"",""results/manuscript/figure_2"",""analysis/publication_source_data/08_export_manuscript_figures.R"","""",1,"""",0,"""",FALSE,""SINGLE_OWNER"",","NAMESPACE_BASENAME","publication_source_data","","GENERATED_RECORD","active",FALSE,"MEDIUM",""
"render_compartment_abundance_figures","pRoteomics","config/results_ownership.csv","46: ""results/manuscript/figure_3"",""results/manuscript/figure_3"",""analysis/publication_source_data/08_export_manuscript_figures.R"","""",1,"""",0,"""",FALSE,""SINGLE_OWNER"",","NAMESPACE_BASENAME","publication_source_data","","GENERATED_RECORD","active",FALSE,"MEDIUM",""
"render_compartment_abundance_figures","pRoteomics","config/results_ownership.csv","47: ""results/manuscript/figure_export_manifest.csv"",""results/manuscript/figure_export_manifest.csv"",""analysis/publication_source_data/08_export_manuscript_figures.R","NAMESPACE_BASENAME","publication_source_data","","GENERATED_RECORD","active",FALSE,"MEDIUM",""
"render_compartment_abundance_figures","pRoteomics","config/results_ownership.csv","48: ""results/manuscript/figure_publication_audit.csv"",""results/manuscript/figure_publication_audit.csv"",""analysis/publication_source_data/08_export_manuscript_figur","NAMESPACE_BASENAME","publication_source_data","","GENERATED_RECORD","active",FALSE,"MEDIUM",""
"render_compartment_abundance_figures","pRoteomics","config/results_ownership.csv","49: ""results/manuscript/source_data"",""results/manuscript/source_data"",""analysis/publication_source_data/09_export_source_data.R"","""",1,"""",0,"""",FALSE,""SINGLE_OWNER"",""","NAMESPACE_BASENAME","publication_source_data","","GENERATED_RECORD","active",FALSE,"MEDIUM",""
"render_compartment_abundance_figures","pRoteomics","config/results_ownership.csv","50: ""results/manuscript/source_data_export_manifest.csv"",""results/manuscript/source_data_export_manifest.csv"",""analysis/publication_source_data/09_export_source_dat","NAMESPACE_BASENAME","publication_source_data","","GENERATED_RECORD","active",FALSE,"MEDIUM",""
"render_compartment_abundance_figures","pRoteomics","config/results_ownership.csv","51: ""results/manuscript/supplementary_tables"",""results/manuscript/supplementary_tables"",""analysis/publication_source_data/09_export_source_data.R"","""",1,"""",0,"""",FALS","NAMESPACE_BASENAME","publication_source_data","","GENERATED_RECORD","active",FALSE,"MEDIUM",""
"render_compartment_abundance_figures","pRoteomics","config/results_ownership.csv","84: ""results/reviewer_audit/microglia_wgcna_overlap_stage13_identity_audit.csv"",""results/reviewer_audit/microglia_wgcna_overlap_stage13_identity_audit.csv"",""analysi","NAMESPACE_BASENAME","publication_source_data","","GENERATED_RECORD","active",FALSE,"MEDIUM",""
"render_compartment_abundance_figures","pRoteomics","config/results_ownership.csv","98: ""results/reviewer_audit/wgcna_stage13_claim_cardinality_audit.csv"",""results/reviewer_audit/wgcna_stage13_claim_cardinality_audit.csv"",""analysis/publication_sour","NAMESPACE_BASENAME","publication_source_data","","GENERATED_RECORD","active",FALSE,"MEDIUM",""
"render_compartment_abundance_figures","pRoteomics","config/results_ownership.csv","179: ""results/tables/biological_claims_table.csv"",""results/tables/biological_claims_table.csv"",""analysis/publication_source_data/build_biological_claims_table.R"","""",","NAMESPACE_BASENAME","publication_source_data","","GENERATED_RECORD","active",FALSE,"MEDIUM",""
"render_compartment_abundance_figures","pRoteomics","config/results_ownership.csv","180: ""results/tables/biological_claims_table.xlsx"",""results/tables/biological_claims_table.xlsx"",""analysis/publication_source_data/build_biological_claims_table.R"",""","NAMESPACE_BASENAME","publication_source_data","","GENERATED_RECORD","active",FALSE,"MEDIUM",""
"render_compartment_abundance_figures","pRoteomics","config/results_ownership.csv","62: ""results/qc/render_compartment_abundance_figures/global"",""results/qc/render_compartment_abundance_figures"",""analysis/qc/render_compartment_abundance_figures.R"",","ANALYSIS_REFERENCE","render_compartment_abundance_figures","","GENERATED_RECORD","active",FALSE,"MEDIUM",""
"render_compartment_abundance_figures","pRoteomics","config/results_ownership.csv","62: ""results/qc/render_compartment_abundance_figures/global"",""results/qc/render_compartment_abundance_figures"",""analysis/qc/render_compartment_abundance_figures.R"",","ANALYSIS_REFERENCE","render_compartment_abundance_figures.R","","GENERATED_RECORD","active",FALSE,"MEDIUM",""
"render_compartment_abundance_figures","pRoteomics","docs/active_script_io_audit.tsv","21: analysis/qc/render_compartment_abundance_figures.R	active_optional	required: data/processed/01_preprocessing/joint_compartment_qc/global/joint_compartment_qc_ma","FULL_PATH","results/qc/render_compartment_abundance_figures/global/tables/source_data","","GENERATED_RECORD","active",FALSE,"HIGH",""
"render_compartment_abundance_figures","pRoteomics","docs/active_script_io_audit.tsv","21: analysis/qc/render_compartment_abundance_figures.R	active_optional	required: data/processed/01_preprocessing/joint_compartment_qc/global/joint_compartment_qc_ma","FULL_PATH","results/qc/render_compartment_abundance_figures/global/plots","","GENERATED_RECORD","active",FALSE,"HIGH",""
"render_compartment_abundance_figures","pRoteomics","docs/active_script_io_audit.tsv","21: analysis/qc/render_compartment_abundance_figures.R	active_optional	required: data/processed/01_preprocessing/joint_compartment_qc/global/joint_compartment_qc_ma","FULL_PATH","results/qc/render_compartment_abundance_figures/global/reports","","GENERATED_RECORD","active",FALSE,"HIGH",""
"render_compartment_abundance_figures","pRoteomics","docs/active_script_io_audit.tsv","8: analysis/qc/render_joint_compartment_qc_figures.R	active_optional	required: data/processed/01_preprocessing/joint_compartment_qc/global/joint_compartment_qc_mat","NAMESPACE_BASENAME","03_qc_exploration","","GENERATED_RECORD","active",FALSE,"MEDIUM",""
"render_compartment_abundance_figures","pRoteomics","docs/active_script_io_audit.tsv","16: analysis/qc/summarize_marker_detectability.R	active_optional	required: data/processed/01_preprocessing/impute/*_pgmatrix_imputed_<dataset>_*_missing70pct.xlsx|d","NAMESPACE_BASENAME","03_qc_exploration","","GENERATED_RECORD","active",FALSE,"MEDIUM",""
"render_compartment_abundance_figures","pRoteomics","docs/active_script_io_audit.tsv","19: analysis/qc/export_marker_traits.R	active_optional	required: data/processed/01_preprocessing/impute/*_pgmatrix_imputed_<dataset>_*_missing70pct.xlsx|data/extern","NAMESPACE_BASENAME","03_qc_exploration","","GENERATED_RECORD","active",FALSE,"MEDIUM",""
"render_compartment_abundance_figures","pRoteomics","docs/active_script_io_audit.tsv","20: analysis/qc/summarize_qc_confounding.R	active_optional	required: results/qc/assess_pca_confounding/<dataset>/tables|results/tables/03_qc_exploration/05_pca_conf","NAMESPACE_BASENAME","03_qc_exploration","","GENERATED_RECORD","active",FALSE,"MEDIUM",""
"render_compartment_abundance_figures","pRoteomics","docs/active_script_io_audit.tsv","26: analysis/differential_abundance/test_microglia_targeted_signatures.R	active_optional	required: results/differential_abundance/run_clusterprofiler_enrichment/mic","NAMESPACE_BASENAME","03_qc_exploration","","GENERATED_RECORD","active",FALSE,"MEDIUM",""
"render_compartment_abundance_figures","pRoteomics","docs/active_script_io_audit.tsv","42: analysis/wgcna/annotate_module_microenvironment.R	active_optional	required: results/tables/06_modules_WGCNA/01_WGCNA/<dataset>/modules/|results/tables/06_module","NAMESPACE_BASENAME","03_qc_exploration","","GENERATED_RECORD","active",FALSE,"MEDIUM",""
"render_compartment_abundance_figures","pRoteomics","docs/active_script_io_audit.tsv","47: analysis/wgcna/test_microglia_neuropil_independence.R	active_optional	required: config/microglia_neuropil_independence.yml|results/tables/06_modules_WGCNA/inter","NAMESPACE_BASENAME","03_qc_exploration","","GENERATED_RECORD","active",FALSE,"MEDIUM",""
"render_compartment_abundance_figures","pRoteomics","docs/active_script_io_audit.tsv","49: analysis/wgcna/summarize_microglia_roi_specificity.R	active_optional	required: config/microglia_neuropil_independence.yml|results/tables/06_modules_WGCNA/01_WGC","NAMESPACE_BASENAME","03_qc_exploration","","GENERATED_RECORD","active",FALSE,"MEDIUM",""
"render_compartment_abundance_figures","pRoteomics","docs/active_script_io_audit.tsv","51: analysis/wgcna/audit_module_robustness.R	active_optional	required: results/tables/06_modules_WGCNA/interpretable_summary/<dataset>/WGCNA_inferential_handoff.csv","NAMESPACE_BASENAME","03_qc_exploration","","GENERATED_RECORD","active",FALSE,"MEDIUM",""
"render_compartment_abundance_figures","pRoteomics","docs/active_script_io_audit.tsv","66: analysis/spatial_validation/quantify_empirical_compartments.R	active_optional	required: results/tables/03_qc_exploration/05_empirical_roi_marker_discovery/empir","NAMESPACE_BASENAME","03_qc_exploration","","GENERATED_RECORD","active",FALSE,"MEDIUM",""
"render_compartment_abundance_figures","pRoteomics","docs/active_script_io_audit.tsv","69: analysis/spatial_validation/decompose_bilateral_variance.R	active_optional	required: results/tables/06_modules_WGCNA/group_effects/<dataset>/WGCNA_group_effect_","NAMESPACE_BASENAME","03_qc_exploration","","GENERATED_RECORD","active",FALSE,"MEDIUM",""
"render_compartment_abundance_figures","pRoteomics","docs/active_script_io_audit.tsv","72: analysis/spatial_validation/build_protein_spatial_atlas.R	active_optional	required: results/tables/10_biological_integration/wgcna_candidate_protein_shortlist/g","NAMESPACE_BASENAME","03_qc_exploration","","GENERATED_RECORD","active",FALSE,"MEDIUM",""
"render_compartment_abundance_figures","pRoteomics","docs/active_script_io_audit.tsv","75: analysis/spatial_validation/quantify_neuropil_precision.R	active_optional	required: data/processed/02_id_mapping_animal_level/mapped/neuron_neuropil/forward/per","NAMESPACE_BASENAME","03_qc_exploration","","GENERATED_RECORD","active",FALSE,"MEDIUM",""
"render_compartment_abundance_figures","pRoteomics","docs/active_script_io_audit.tsv","79: analysis/spatial_validation/audit_ca2_slm_robustness.R	active_optional	required: data/processed/02_id_mapping/mapped/neuron_neuropil/forward/per_file/CA2slmsus_","NAMESPACE_BASENAME","03_qc_exploration","","GENERATED_RECORD","active",FALSE,"MEDIUM",""
"render_compartment_abundance_figures","pRoteomics","docs/active_script_io_audit.tsv","86: analysis/integration/build_cross_compartment_atlas.R	active_optional	required: results/tables/06_modules_WGCNA/claim_readiness/microglia/WGCNA_entity_claim_read","NAMESPACE_BASENAME","03_qc_exploration","","GENERATED_RECORD","active",FALSE,"MEDIUM",""
"render_compartment_abundance_figures","pRoteomics","docs/active_script_io_audit.tsv","88: analysis/publication_source_data/build_biological_claims_table.R	active_optional	required: results/tables/04_differential_expression_enrichment/|results/tables/","NAMESPACE_BASENAME","publication_source_data","","GENERATED_RECORD","active",FALSE,"MEDIUM",""
"render_compartment_abundance_figures","pRoteomics","docs/active_script_io_audit.tsv","100: analysis/publication_source_data/build_sample_metadata.R	active_optional	required: data/metadata/; optional: 09_export_pride_journal/config/export_config.yml	pr","NAMESPACE_BASENAME","publication_source_data","","GENERATED_RECORD","active",FALSE,"MEDIUM",""
"render_compartment_abundance_figures","pRoteomics","docs/active_script_io_audit.tsv","101: analysis/publication_source_data/export_processed_matrices.R	active_optional	required: data/raw/pg_matrix/|data/processed/01_preprocessing/|data/processed/02_id","NAMESPACE_BASENAME","publication_source_data","","GENERATED_RECORD","active",FALSE,"MEDIUM",""
"render_compartment_abundance_figures","pRoteomics","docs/active_script_io_audit.tsv","102: analysis/publication_source_data/build_supplementary_tables.R	active_optional	required: results/tables/; optional: results/source_data/	pride_submission/supplem","NAMESPACE_BASENAME","publication_source_data","","GENERATED_RECORD","active",FALSE,"MEDIUM",""
"render_compartment_abundance_figures","pRoteomics","docs/active_script_io_audit.tsv","103: analysis/publication_source_data/build_pride_manifest.R	active_required	required: pride_submission/metadata/sample_metadata.tsv|pride_submission/metadata/sdrf_l","NAMESPACE_BASENAME","publication_source_data","","GENERATED_RECORD","active",FALSE,"MEDIUM",""
"render_compartment_abundance_figures","pRoteomics","docs/active_script_io_audit.tsv","104: analysis/publication_source_data/build_methods_summary.R	active_optional	required: pipeline.yml; optional: results/logs/|renv.lock	pride_submission/methods/meth","NAMESPACE_BASENAME","publication_source_data","","GENERATED_RECORD","active",FALSE,"MEDIUM",""
"render_compartment_abundance_figures","pRoteomics","docs/active_script_io_audit.tsv","105: analysis/publication_source_data/08_export_manuscript_figures.R	active_optional	required: config/output_namespaces.yml|results/figures/; optional: 	results/manu","NAMESPACE_BASENAME","publication_source_data","","GENERATED_RECORD","active",FALSE,"MEDIUM",""
"render_compartment_abundance_figures","pRoteomics","docs/active_script_io_audit.tsv","106: analysis/publication_source_data/09_export_source_data.R	active_optional	required: config/output_namespaces.yml|results/tables/; optional: results/source_data/","NAMESPACE_BASENAME","publication_source_data","","GENERATED_RECORD","active",FALSE,"MEDIUM",""
"render_compartment_abundance_figures","pRoteomics","docs/active_script_io_audit.tsv","107: analysis/publication_source_data/validate_pride_submission.R	active_optional	required: pride_submission/; optional: data/raw/|data/external/search_results/|prid","NAMESPACE_BASENAME","publication_source_data","","GENERATED_RECORD","active",FALSE,"MEDIUM",""
"render_compartment_abundance_figures","pRoteomics","docs/active_script_io_audit.tsv","120: analysis/publication_source_data/RUN_EXPORT.R	registry_excluded	replacement: run_dataset_pipeline.R --stage export		excluded from active pipeline stages	not can","NAMESPACE_BASENAME","publication_source_data","","GENERATED_RECORD","active",FALSE,"MEDIUM",""
"render_compartment_abundance_figures","pRoteomics","docs/active_script_io_audit.tsv","21: analysis/qc/render_compartment_abundance_figures.R	active_optional	required: data/processed/01_preprocessing/joint_compartment_qc/global/joint_compartment_qc_ma","ANALYSIS_REFERENCE","render_compartment_abundance_figures","","GENERATED_RECORD","active",FALSE,"MEDIUM",""
"render_compartment_abundance_figures","pRoteomics","docs/active_script_io_audit.tsv","121: archive/02_qc/04d_compartment_marker_fidelity.r	legacy_deprecated	replacement: analysis/qc/render_compartment_abundance_figures.R		excluded from active pipeline","ANALYSIS_REFERENCE","render_compartment_abundance_figures","","GENERATED_RECORD","active",FALSE,"MEDIUM",""
"render_compartment_abundance_figures","pRoteomics","docs/active_script_io_audit.tsv","122: archive/08_integration/01_compartment_fidelity_summary.R	registry_excluded	replacement: analysis/qc/render_compartment_abundance_figures.R		excluded from active","ANALYSIS_REFERENCE","render_compartment_abundance_figures","","GENERATED_RECORD","active",FALSE,"MEDIUM",""
"render_compartment_abundance_figures","pRoteomics","docs/active_script_io_audit.tsv","21: analysis/qc/render_compartment_abundance_figures.R	active_optional	required: data/processed/01_preprocessing/joint_compartment_qc/global/joint_compartment_qc_ma","ANALYSIS_REFERENCE","render_compartment_abundance_figures.R","","GENERATED_RECORD","active",FALSE,"MEDIUM",""
"render_compartment_abundance_figures","pRoteomics","docs/active_script_io_audit.tsv","121: archive/02_qc/04d_compartment_marker_fidelity.r	legacy_deprecated	replacement: analysis/qc/render_compartment_abundance_figures.R		excluded from active pipeline","ANALYSIS_REFERENCE","render_compartment_abundance_figures.R","","GENERATED_RECORD","active",FALSE,"MEDIUM",""
"render_compartment_abundance_figures","pRoteomics","docs/active_script_io_audit.tsv","122: archive/08_integration/01_compartment_fidelity_summary.R	registry_excluded	replacement: analysis/qc/render_compartment_abundance_figures.R		excluded from active","ANALYSIS_REFERENCE","render_compartment_abundance_figures.R","","GENERATED_RECORD","active",FALSE,"MEDIUM",""
"render_compartment_abundance_figures","pRoteomics","docs/file_contracts.tsv","38: wgcna_marker_traits_by_sample	results/tables/03_qc_exploration/06_wgcna_marker_trait_export/<dataset>/wgcna_marker_traits_by_sample.csv; results/source_data/03_","NAMESPACE_BASENAME","03_qc_exploration","","GENERATED_RECORD","active",FALSE,"MEDIUM",""
"render_compartment_abundance_figures","pRoteomics","docs/file_contracts.tsv","39: canonical_marker_qc_feature_contract	results/tables/03_qc_exploration/{04_marker_rank_abundance_qc,04c_marker_detectability_and_wgcna_bridge,06_wgcna_marker_tra","NAMESPACE_BASENAME","03_qc_exploration","","GENERATED_RECORD","active",FALSE,"MEDIUM",""
"render_compartment_abundance_figures","pRoteomics","docs/file_contracts.tsv","40: reference_marker_registry	config/marker_panels/wgcna_reference_marker_sets.csv; results/tables/03_qc_exploration/reference_marker_import/reference_marker_eviden","NAMESPACE_BASENAME","03_qc_exploration","","GENERATED_RECORD","active",FALSE,"MEDIUM",""
"render_compartment_abundance_figures","pRoteomics","docs/file_contracts.tsv","41: empirical_roi_marker_sets	results/tables/03_qc_exploration/05_empirical_roi_marker_discovery/empirical_roi_marker_sets.csv; results/source_data/03_qc_exploratio","NAMESPACE_BASENAME","03_qc_exploration","","GENERATED_RECORD","active",FALSE,"MEDIUM",""
"render_compartment_abundance_figures","pRoteomics","docs/file_contracts.tsv","10: compareGO_tables	results/tables/04_differential_expression_enrichment/compareGO/<dataset>/<ontology>/<route_category>/<route_unit>/	analysis/differential_abunda","NAMESPACE_BASENAME","publication_source_data","","GENERATED_RECORD","active",FALSE,"MEDIUM",""
"render_compartment_abundance_figures","pRoteomics","docs/file_contracts.tsv","11: ewce_e9_outputs	data/processed/05_celltype_enrichment_EWCE/EWCE_E9/; results/{tables,figures,source_data,logs,reports}/05_celltype_enrichment_EWCE/EWCE_E9/	anal","NAMESPACE_BASENAME","publication_source_data","","GENERATED_RECORD","active",FALSE,"MEDIUM",""
"render_compartment_abundance_figures","pRoteomics","docs/file_contracts.tsv","17: biological_program_summary	results/tables/04_differential_expression_enrichment/biological_program_summary/<dataset>/program_summary.csv; results/source_data/04","NAMESPACE_BASENAME","publication_source_data","","GENERATED_RECORD","active",FALSE,"MEDIUM",""
"render_compartment_abundance_figures","pRoteomics","docs/file_contracts.tsv","25: microglia_signature_with_contrast_class	results/tables/04_differential_expression_enrichment/microglia_targeted_signature_enrichment/<dataset>/microglia_signatu","NAMESPACE_BASENAME","publication_source_data","","GENERATED_RECORD","active",FALSE,"MEDIUM",""
"render_compartment_abundance_figures","pRoteomics","docs/file_contracts.tsv","27: microglia_signature_claims_ready	results/tables/04_differential_expression_enrichment/microglia_targeted_signature_enrichment/<dataset>/microglia_signature_clai","NAMESPACE_BASENAME","publication_source_data","","GENERATED_RECORD","active",FALSE,"MEDIUM",""
"render_compartment_abundance_figures","pRoteomics","docs/file_contracts.tsv","28: wgcna_module_evidence_rank	results/tables/06_modules_WGCNA/01_WGCNA/<dataset>/modules/WGCNA_module_evidence_rank.csv	analysis/wgcna/build_wgcna_modules.R	analys","NAMESPACE_BASENAME","publication_source_data","","GENERATED_RECORD","active",FALSE,"MEDIUM",""
"render_compartment_abundance_figures","pRoteomics","docs/file_contracts.tsv","29: microglia_wgcna_claim_readiness	results/tables/06_modules_WGCNA/claim_readiness/microglia/WGCNA_entity_claim_readiness.csv	analysis/wgcna/audit_module_claim_rea","NAMESPACE_BASENAME","publication_source_data","","GENERATED_RECORD","active",FALSE,"MEDIUM",""
"render_compartment_abundance_figures","pRoteomics","docs/file_contracts.tsv","30: spatial_edge_validation	results/spatial_networks/test_network_stability/<dataset>/tables/edge_bootstrap_validation_summary.csv; results/spatial_networks/test_di","NAMESPACE_BASENAME","publication_source_data","","GENERATED_RECORD","active",FALSE,"MEDIUM",""
"render_compartment_abundance_figures","pRoteomics","docs/file_contracts.tsv","31: biological_claims_table	results/tables/biological_claims_table.csv; results/tables/biological_claims_table.xlsx	analysis/publication_source_data/build_biologica","NAMESPACE_BASENAME","publication_source_data","","GENERATED_RECORD","active",FALSE,"MEDIUM",""
"render_compartment_abundance_figures","pRoteomics","docs/file_contracts.tsv","34: network_behavior_outputs	results/tables/08_behavior_physio_coupling/network_behavior_coupling/; results/figures/08_behavior_physio_coupling/network_behavior_cou","NAMESPACE_BASENAME","publication_source_data","","GENERATED_RECORD","active",FALSE,"MEDIUM",""
"render_compartment_abundance_figures","pRoteomics","docs/file_contracts.tsv","35: pride_manifest	pride_submission/manifests/pride_file_manifest.tsv	analysis/publication_source_data/build_pride_manifest.R	analysis/publication_source_data/valid","NAMESPACE_BASENAME","publication_source_data","","GENERATED_RECORD","active",FALSE,"MEDIUM",""
"render_compartment_abundance_figures","pRoteomics","R/qc/control_compartment_abundance_workflow.R","66: ca_analysis_id <- ""render_compartment_abundance_figures""","ANALYSIS_REFERENCE","render_compartment_abundance_figures","","INDIRECT_READER_VIA_HELPER","active",FALSE,"MEDIUM",""
"render_compartment_abundance_figures","pRoteomics","audits/migration/generate_prerestructure_freeze.R","88: add(""publication_source_data"", pid, as.character(panel$primary_source),","NAMESPACE_BASENAME","publication_source_data","","PROVENANCE","historical",FALSE,"MEDIUM",""
"render_compartment_abundance_figures","pRoteomics","audits/part29/camera_feasibility.R","367: qc_animal_matrix <- ""results/tables/03_qc_exploration/03_replicate_consistency/%s/animal_aggregated_matrix.csv""","NAMESPACE_BASENAME","03_qc_exploration","","PROVENANCE","historical",FALSE,"MEDIUM",""
"render_compartment_abundance_figures","pRoteomics","audits/part29/camera_feasibility.R","427: ""results/tables/03_qc_exploration/03_replicate_consistency/<ds>/animal_aggregated_matrix.csv, which has only 9 animal columns "",","NAMESPACE_BASENAME","03_qc_exploration","","PROVENANCE","historical",FALSE,"MEDIUM",""
"render_compartment_abundance_figures","pRoteomics","audits/phase6e_final_active_tree.csv","79: ""analysis/publication_source_data/08_export_manuscript_figures.R"",""08_export_manuscript_figures.R"",""publication_source_data"",""ANALYSIS_ENTRYPOINT"",""CANONICAL_EN","NAMESPACE_BASENAME","publication_source_data","","PROVENANCE","historical",FALSE,"MEDIUM",""
"render_compartment_abundance_figures","pRoteomics","audits/phase6e_final_active_tree.csv","80: ""analysis/publication_source_data/09_export_source_data.R"",""09_export_source_data.R"",""publication_source_data"",""ANALYSIS_ENTRYPOINT"",""CANONICAL_ENTRYPOINT"",TRUE","NAMESPACE_BASENAME","publication_source_data","","PROVENANCE","historical",FALSE,"MEDIUM",""
"render_compartment_abundance_figures","pRoteomics","audits/phase6e_final_active_tree.csv","81: ""analysis/publication_source_data/build_biological_claims_table.R"",""build_biological_claims_table.R"",""publication_source_data"",""ANALYSIS_ENTRYPOINT"",""CANONICAL_","NAMESPACE_BASENAME","publication_source_data","","PROVENANCE","historical",FALSE,"MEDIUM",""
"render_compartment_abundance_figures","pRoteomics","audits/phase6e_final_active_tree.csv","82: ""analysis/publication_source_data/build_methods_summary.R"",""build_methods_summary.R"",""publication_source_data"",""ANALYSIS_ENTRYPOINT"",""CANONICAL_ENTRYPOINT"",TRUE","NAMESPACE_BASENAME","publication_source_data","","PROVENANCE","historical",FALSE,"MEDIUM",""
"render_compartment_abundance_figures","pRoteomics","audits/phase6e_final_active_tree.csv","83: ""analysis/publication_source_data/build_pride_manifest.R"",""build_pride_manifest.R"",""publication_source_data"",""ANALYSIS_ENTRYPOINT"",""CANONICAL_ENTRYPOINT"",TRUE,1","NAMESPACE_BASENAME","publication_source_data","","PROVENANCE","historical",FALSE,"MEDIUM",""
"render_compartment_abundance_figures","pRoteomics","audits/phase6e_final_active_tree.csv","84: ""analysis/publication_source_data/build_sample_metadata.R"",""build_sample_metadata.R"",""publication_source_data"",""ANALYSIS_ENTRYPOINT"",""CANONICAL_ENTRYPOINT"",TRUE","NAMESPACE_BASENAME","publication_source_data","","PROVENANCE","historical",FALSE,"MEDIUM",""
"render_compartment_abundance_figures","pRoteomics","audits/phase6e_final_active_tree.csv","85: ""analysis/publication_source_data/build_supplementary_tables.R"",""build_supplementary_tables.R"",""publication_source_data"",""ANALYSIS_ENTRYPOINT"",""CANONICAL_ENTRYP","NAMESPACE_BASENAME","publication_source_data","","PROVENANCE","historical",FALSE,"MEDIUM",""
"render_compartment_abundance_figures","pRoteomics","audits/phase6e_final_active_tree.csv","86: ""analysis/publication_source_data/export_processed_matrices.R"",""export_processed_matrices.R"",""publication_source_data"",""ANALYSIS_ENTRYPOINT"",""CANONICAL_ENTRYPOI","NAMESPACE_BASENAME","publication_source_data","","PROVENANCE","historical",FALSE,"MEDIUM",""
"render_compartment_abundance_figures","pRoteomics","audits/phase6e_final_active_tree.csv","87: ""analysis/publication_source_data/RUN_EXPORT.R"",""RUN_EXPORT.R"",""publication_source_data"",""SUPPORT_SCRIPT"",""ACTIVE_SUPPORT"",FALSE,0,FALSE,9,1,TRUE,TRUE,TRUE","NAMESPACE_BASENAME","publication_source_data","","PROVENANCE","historical",FALSE,"MEDIUM",""
"render_compartment_abundance_figures","pRoteomics","audits/phase6e_final_active_tree.csv","88: ""analysis/publication_source_data/validate_pride_submission.R"",""validate_pride_submission.R"",""publication_source_data"",""ANALYSIS_ENTRYPOINT"",""CANONICAL_ENTRYPOI","NAMESPACE_BASENAME","publication_source_data","","PROVENANCE","historical",FALSE,"MEDIUM",""
"render_compartment_abundance_figures","pRoteomics","audits/phase6e_final_active_tree.csv","99: ""analysis/qc/render_compartment_abundance_figures.R"",""render_compartment_abundance_figures.R"",""qc"",""SOURCE_DATA_EXPORTER"",""CANONICAL_ENTRYPOINT"",TRUE,3,TRUE,13,","ANALYSIS_REFERENCE","render_compartment_abundance_figures","","PROVENANCE","historical",FALSE,"MEDIUM",""
"render_compartment_abundance_figures","pRoteomics","audits/phase6e_final_active_tree.csv","99: ""analysis/qc/render_compartment_abundance_figures.R"",""render_compartment_abundance_figures.R"",""qc"",""SOURCE_DATA_EXPORTER"",""CANONICAL_ENTRYPOINT"",TRUE,3,TRUE,13,","ANALYSIS_REFERENCE","render_compartment_abundance_figures.R","","PROVENANCE","historical",FALSE,"MEDIUM",""
"render_compartment_abundance_figures","pRoteomics","audits/phase6e_naming_migration.csv","17: ""analysis/02_qc/04e_control_compartment_abundance_publication_figures.r"",""analysis/02_qc/render_compartment_abundance_figures.R"",""ANALYSIS_ENTRYPOINT"",""HISTORIC","ANALYSIS_REFERENCE","render_compartment_abundance_figures","","PROVENANCE","historical",FALSE,"MEDIUM",""
"render_compartment_abundance_figures","pRoteomics","audits/phase6e_naming_migration.csv","17: ""analysis/02_qc/04e_control_compartment_abundance_publication_figures.r"",""analysis/02_qc/render_compartment_abundance_figures.R"",""ANALYSIS_ENTRYPOINT"",""HISTORIC","ANALYSIS_REFERENCE","render_compartment_abundance_figures.R","","PROVENANCE","historical",FALSE,"MEDIUM",""
"render_compartment_abundance_figures","pRoteomics","audits/phase6f_artifact_migration.csv","2: ""results/publication_source_data/extended_data_01/assembled/extended_data_01.svg"",""exports/publication_source_data/extended_data_01/assembled/extended_data_01.s","NAMESPACE_BASENAME","publication_source_data","","PROVENANCE","historical",FALSE,"MEDIUM",""
"render_compartment_abundance_figures","pRoteomics","audits/phase6f_artifact_migration.csv","3: ""results/publication_source_data/extended_data_01/extended_data_01a_source_data.csv"",""exports/publication_source_data/extended_data_01/extended_data_01a_source_","NAMESPACE_BASENAME","publication_source_data","","PROVENANCE","historical",FALSE,"MEDIUM",""
"render_compartment_abundance_figures","pRoteomics","audits/phase6f_artifact_migration.csv","4: ""results/publication_source_data/extended_data_01/extended_data_01b_source_data.csv"",""exports/publication_source_data/extended_data_01/extended_data_01b_source_","NAMESPACE_BASENAME","publication_source_data","","PROVENANCE","historical",FALSE,"MEDIUM",""
"render_compartment_abundance_figures","pRoteomics","audits/phase6f_artifact_migration.csv","5: ""results/publication_source_data/extended_data_02/assembled/extended_data_02.svg"",""exports/publication_source_data/extended_data_02/assembled/extended_data_02.s","NAMESPACE_BASENAME","publication_source_data","","PROVENANCE","historical",FALSE,"MEDIUM",""
"render_compartment_abundance_figures","pRoteomics","audits/phase6f_artifact_migration.csv","6: ""results/publication_source_data/extended_data_02/extended_data_02a_source_data.csv"",""exports/publication_source_data/extended_data_02/extended_data_02a_source_","NAMESPACE_BASENAME","publication_source_data","","PROVENANCE","historical",FALSE,"MEDIUM",""
"render_compartment_abundance_figures","pRoteomics","audits/phase6f_artifact_migration.csv","7: ""results/publication_source_data/extended_data_02/extended_data_02b_source_data.csv"",""exports/publication_source_data/extended_data_02/extended_data_02b_source_","NAMESPACE_BASENAME","publication_source_data","","PROVENANCE","historical",FALSE,"MEDIUM",""
"render_compartment_abundance_figures","pRoteomics","audits/phase6f_artifact_migration.csv","8: ""results/publication_source_data/extended_data_03/assembled/extended_data_03.svg"",""exports/publication_source_data/extended_data_03/assembled/extended_data_03.s","NAMESPACE_BASENAME","publication_source_data","","PROVENANCE","historical",FALSE,"MEDIUM",""
"render_compartment_abundance_figures","pRoteomics","audits/phase6f_artifact_migration.csv","9: ""results/publication_source_data/extended_data_03/extended_data_03a_source_data.csv"",""exports/publication_source_data/extended_data_03/extended_data_03a_source_","NAMESPACE_BASENAME","publication_source_data","","PROVENANCE","historical",FALSE,"MEDIUM",""
"render_compartment_abundance_figures","pRoteomics","audits/phase6f_artifact_migration.csv","10: ""results/publication_source_data/extended_data_03/extended_data_03b_source_data.csv"",""exports/publication_source_data/extended_data_03/extended_data_03b_source_","NAMESPACE_BASENAME","publication_source_data","","PROVENANCE","historical",FALSE,"MEDIUM",""
"render_compartment_abundance_figures","pRoteomics","audits/phase6f_artifact_migration.csv","11: ""results/publication_source_data/extended_data_03/extended_data_03c_source_data.csv"",""exports/publication_source_data/extended_data_03/extended_data_03c_source_","NAMESPACE_BASENAME","publication_source_data","","PROVENANCE","historical",FALSE,"MEDIUM",""
"render_compartment_abundance_figures","pRoteomics","audits/phase6f_artifact_migration.csv","12: ""results/publication_source_data/extended_data_03/extended_data_03d_source_data.csv"",""exports/publication_source_data/extended_data_03/extended_data_03d_source_","NAMESPACE_BASENAME","publication_source_data","","PROVENANCE","historical",FALSE,"MEDIUM",""
"render_compartment_abundance_figures","pRoteomics","audits/phase6f_artifact_migration.csv","13: ""results/publication_source_data/extended_data_03/extended_data_03e_source_data.csv"",""exports/publication_source_data/extended_data_03/extended_data_03e_source_","NAMESPACE_BASENAME","publication_source_data","","PROVENANCE","historical",FALSE,"MEDIUM",""
"render_compartment_abundance_figures","pRoteomics","audits/phase6f_artifact_migration.csv","14: ""results/publication_source_data/extended_data_05/assembled/extended_data_05.svg"",""exports/publication_source_data/extended_data_05/assembled/extended_data_05.s","NAMESPACE_BASENAME","publication_source_data","","PROVENANCE","historical",FALSE,"MEDIUM",""
"render_compartment_abundance_figures","pRoteomics","audits/phase6f_artifact_migration.csv","15: ""results/publication_source_data/extended_data_05/extended_data_05a_source_data.csv"",""exports/publication_source_data/extended_data_05/extended_data_05a_source_","NAMESPACE_BASENAME","publication_source_data","","PROVENANCE","historical",FALSE,"MEDIUM",""
"render_compartment_abundance_figures","pRoteomics","audits/phase6f_artifact_migration.csv","16: ""results/publication_source_data/extended_data_05/extended_data_05b_source_data.csv"",""exports/publication_source_data/extended_data_05/extended_data_05b_source_","NAMESPACE_BASENAME","publication_source_data","","PROVENANCE","historical",FALSE,"MEDIUM",""
"render_compartment_abundance_figures","pRoteomics","audits/phase6f_artifact_migration.csv","17: ""results/publication_source_data/extended_data_06/assembled/extended_data_06.svg"",""exports/publication_source_data/extended_data_06/assembled/extended_data_06.s","NAMESPACE_BASENAME","publication_source_data","","PROVENANCE","historical",FALSE,"MEDIUM",""
"render_compartment_abundance_figures","pRoteomics","audits/phase6f_artifact_migration.csv","18: ""results/publication_source_data/extended_data_06/extended_data_06a_source_data.csv"",""exports/publication_source_data/extended_data_06/extended_data_06a_source_","NAMESPACE_BASENAME","publication_source_data","","PROVENANCE","historical",FALSE,"MEDIUM",""
"render_compartment_abundance_figures","pRoteomics","audits/phase6f_artifact_migration.csv","19: ""results/publication_source_data/extended_data_06/extended_data_06b_source_data.csv"",""exports/publication_source_data/extended_data_06/extended_data_06b_source_","NAMESPACE_BASENAME","publication_source_data","","PROVENANCE","historical",FALSE,"MEDIUM",""
"render_compartment_abundance_figures","pRoteomics","audits/phase6f_artifact_migration.csv","20: ""results/publication_source_data/extended_data_06/extended_data_06c_source_data.csv"",""exports/publication_source_data/extended_data_06/extended_data_06c_source_","NAMESPACE_BASENAME","publication_source_data","","PROVENANCE","historical",FALSE,"MEDIUM",""
"render_compartment_abundance_figures","pRoteomics","audits/phase6f_artifact_migration.csv","21: ""results/publication_source_data/extended_data_06/extended_data_06d_source_data.csv"",""exports/publication_source_data/extended_data_06/extended_data_06d_source_","NAMESPACE_BASENAME","publication_source_data","","PROVENANCE","historical",FALSE,"MEDIUM",""
"render_compartment_abundance_figures","pRoteomics","audits/phase6f_artifact_migration.csv","22: ""results/publication_source_data/extended_data_06/extended_data_06e_source_data.csv"",""exports/publication_source_data/extended_data_06/extended_data_06e_source_","NAMESPACE_BASENAME","publication_source_data","","PROVENANCE","historical",FALSE,"MEDIUM",""
"render_compartment_abundance_figures","pRoteomics","audits/phase6f_artifact_migration.csv","23: ""results/publication_source_data/extended_data_08/assembled/extended_data_08.svg"",""exports/publication_source_data/extended_data_08/assembled/extended_data_08.s","NAMESPACE_BASENAME","publication_source_data","","PROVENANCE","historical",FALSE,"MEDIUM",""
"render_compartment_abundance_figures","pRoteomics","audits/phase6f_artifact_migration.csv","24: ""results/publication_source_data/extended_data_08/extended_data_08a_source_data.csv"",""exports/publication_source_data/extended_data_08/extended_data_08a_source_","NAMESPACE_BASENAME","publication_source_data","","PROVENANCE","historical",FALSE,"MEDIUM",""
"render_compartment_abundance_figures","pRoteomics","audits/phase6f_artifact_migration.csv","25: ""results/publication_source_data/extended_data_08/extended_data_08b_source_data.csv"",""exports/publication_source_data/extended_data_08/extended_data_08b_source_","NAMESPACE_BASENAME","publication_source_data","","PROVENANCE","historical",FALSE,"MEDIUM",""
"render_compartment_abundance_figures","pRoteomics","audits/phase6f_artifact_migration.csv","26: ""results/publication_source_data/extended_data_08/extended_data_08c_source_data.csv"",""exports/publication_source_data/extended_data_08/extended_data_08c_source_","NAMESPACE_BASENAME","publication_source_data","","PROVENANCE","historical",FALSE,"MEDIUM",""
"render_compartment_abundance_figures","pRoteomics","audits/phase6f_artifact_migration.csv","27: ""results/publication_source_data/extended_data_08/extended_data_08d_source_data.csv"",""exports/publication_source_data/extended_data_08/extended_data_08d_source_","NAMESPACE_BASENAME","publication_source_data","","PROVENANCE","historical",FALSE,"MEDIUM",""
"render_compartment_abundance_figures","pRoteomics","audits/phase6f_artifact_migration.csv","28: ""results/publication_source_data/extended_data_09/assembled/extended_data_09.svg"",""exports/publication_source_data/extended_data_09/assembled/extended_data_09.s","NAMESPACE_BASENAME","publication_source_data","","PROVENANCE","historical",FALSE,"MEDIUM",""
"render_compartment_abundance_figures","pRoteomics","audits/phase6f_artifact_migration.csv","29: ""results/publication_source_data/extended_data_09/extended_data_09a_source_data.csv"",""exports/publication_source_data/extended_data_09/extended_data_09a_source_","NAMESPACE_BASENAME","publication_source_data","","PROVENANCE","historical",FALSE,"MEDIUM",""
"render_compartment_abundance_figures","pRoteomics","audits/phase6f_artifact_migration.csv","30: ""results/publication_source_data/extended_data_09/extended_data_09b_source_data.csv"",""exports/publication_source_data/extended_data_09/extended_data_09b_source_","NAMESPACE_BASENAME","publication_source_data","","PROVENANCE","historical",FALSE,"MEDIUM",""
"render_compartment_abundance_figures","pRoteomics","audits/phase6f_artifact_migration.csv","31: ""results/publication_source_data/extended_data_09/extended_data_09c_source_data.csv"",""exports/publication_source_data/extended_data_09/extended_data_09c_source_","NAMESPACE_BASENAME","publication_source_data","","PROVENANCE","historical",FALSE,"MEDIUM",""
"render_compartment_abundance_figures","pRoteomics","audits/phase6f_artifact_migration.csv","32: ""results/publication_source_data/figure_01/assembled/figure_01.svg"",""exports/publication_source_data/figure_01/assembled/figure_01.svg"",""cdb066da6b9996046e3a8e7","NAMESPACE_BASENAME","publication_source_data","","PROVENANCE","historical",FALSE,"MEDIUM",""
"render_compartment_abundance_figures","pRoteomics","audits/phase6f_artifact_migration.csv","33: ""results/publication_source_data/figure_01/figure_01a_source_data.csv"",""exports/publication_source_data/figure_01/figure_01a_source_data.csv"",""1906b79584a804182","NAMESPACE_BASENAME","publication_source_data","","PROVENANCE","historical",FALSE,"MEDIUM",""
"render_compartment_abundance_figures","pRoteomics","audits/phase6f_artifact_migration.csv","34: ""results/publication_source_data/figure_01/figure_01b_source_data.csv"",""exports/publication_source_data/figure_01/figure_01b_source_data.csv"",""92fcb8062baa92329","NAMESPACE_BASENAME","publication_source_data","","PROVENANCE","historical",FALSE,"MEDIUM",""
"render_compartment_abundance_figures","pRoteomics","audits/phase6f_artifact_migration.csv","35: ""results/publication_source_data/figure_01/figure_01c_source_data.csv"",""exports/publication_source_data/figure_01/figure_01c_source_data.csv"",""b992ad5a2fc61fe54","NAMESPACE_BASENAME","publication_source_data","","PROVENANCE","historical",FALSE,"MEDIUM",""
"render_compartment_abundance_figures","pRoteomics","audits/phase6f_artifact_migration.csv","36: ""results/publication_source_data/figure_01/figure_01d_source_data.csv"",""exports/publication_source_data/figure_01/figure_01d_source_data.csv"",""df987c921f3ffb254","NAMESPACE_BASENAME","publication_source_data","","PROVENANCE","historical",FALSE,"MEDIUM",""
"render_compartment_abundance_figures","pRoteomics","audits/phase6f_artifact_migration.csv","37: ""results/publication_source_data/figure_02/assembled/figure_02.svg"",""exports/publication_source_data/figure_02/assembled/figure_02.svg"",""f176c8a7e6f6b8951c306f3","NAMESPACE_BASENAME","publication_source_data","","PROVENANCE","historical",FALSE,"MEDIUM",""
"render_compartment_abundance_figures","pRoteomics","audits/phase6f_artifact_migration.csv","38: ""results/publication_source_data/figure_02/figure_02a_source_data.csv"",""exports/publication_source_data/figure_02/figure_02a_source_data.csv"",""d43386cd472ce8665","NAMESPACE_BASENAME","publication_source_data","","PROVENANCE","historical",FALSE,"MEDIUM",""
"render_compartment_abundance_figures","pRoteomics","audits/phase6f_artifact_migration.csv","39: ""results/publication_source_data/figure_02/figure_02b_source_data.csv"",""exports/publication_source_data/figure_02/figure_02b_source_data.csv"",""a96f684fe0a99d4d3","NAMESPACE_BASENAME","publication_source_data","","PROVENANCE","historical",FALSE,"MEDIUM",""
"render_compartment_abundance_figures","pRoteomics","audits/phase6f_artifact_migration.csv","40: ""results/publication_source_data/figure_02/figure_02c_source_data.csv"",""exports/publication_source_data/figure_02/figure_02c_source_data.csv"",""afed3b106d6059d0b","NAMESPACE_BASENAME","publication_source_data","","PROVENANCE","historical",FALSE,"MEDIUM",""
"render_compartment_abundance_figures","pRoteomics","audits/phase6f_artifact_migration.csv","41: ""results/publication_source_data/figure_02/figure_02d_source_data.csv"",""exports/publication_source_data/figure_02/figure_02d_source_data.csv"",""e24882adedc570db5","NAMESPACE_BASENAME","publication_source_data","","PROVENANCE","historical",FALSE,"MEDIUM",""
"render_compartment_abundance_figures","pRoteomics","audits/phase6f_artifact_migration.csv","42: ""results/publication_source_data/figure_02/figure_02e_source_data.csv"",""exports/publication_source_data/figure_02/figure_02e_source_data.csv"",""c84c10c77626b9673","NAMESPACE_BASENAME","publication_source_data","","PROVENANCE","historical",FALSE,"MEDIUM",""
"render_compartment_abundance_figures","pRoteomics","audits/phase6f_artifact_migration.csv","43: ""results/publication_source_data/figure_02/figure_02f_source_data.csv"",""exports/publication_source_data/figure_02/figure_02f_source_data.csv"",""82dd12966c8075357","NAMESPACE_BASENAME","publication_source_data","","PROVENANCE","historical",FALSE,"MEDIUM",""
"render_compartment_abundance_figures","pRoteomics","audits/phase6f_artifact_migration.csv","44: ""results/publication_source_data/figure_02/figure_02g_source_data.csv"",""exports/publication_source_data/figure_02/figure_02g_source_data.csv"",""fce8dd5433f8c1b53","NAMESPACE_BASENAME","publication_source_data","","PROVENANCE","historical",FALSE,"MEDIUM",""
"render_compartment_abundance_figures","pRoteomics","audits/phase6f_artifact_migration.csv","45: ""results/publication_source_data/figure_02/figure_02h_source_data.csv"",""exports/publication_source_data/figure_02/figure_02h_source_data.csv"",""5714040d944c4aab0","NAMESPACE_BASENAME","publication_source_data","","PROVENANCE","historical",FALSE,"MEDIUM",""
"render_compartment_abundance_figures","pRoteomics","audits/phase6f_artifact_migration.csv","46: ""results/publication_source_data/figure_03/assembled/figure_03.svg"",""exports/publication_source_data/figure_03/assembled/figure_03.svg"",""1c3799e6750cf44bc77f72e","NAMESPACE_BASENAME","publication_source_data","","PROVENANCE","historical",FALSE,"MEDIUM",""
"render_compartment_abundance_figures","pRoteomics","audits/phase6f_artifact_migration.csv","47: ""results/publication_source_data/figure_03/figure_03a_source_data.csv"",""exports/publication_source_data/figure_03/figure_03a_source_data.csv"",""258ac2ac4a7a48900","NAMESPACE_BASENAME","publication_source_data","","PROVENANCE","historical",FALSE,"MEDIUM",""
"render_compartment_abundance_figures","pRoteomics","audits/phase6f_artifact_migration.csv","48: ""results/publication_source_data/figure_03/figure_03b_source_data.csv"",""exports/publication_source_data/figure_03/figure_03b_source_data.csv"",""8dd21e47917feac3c","NAMESPACE_BASENAME","publication_source_data","","PROVENANCE","historical",FALSE,"MEDIUM",""
"render_compartment_abundance_figures","pRoteomics","audits/phase6f_artifact_migration.csv","49: ""results/publication_source_data/figure_03/figure_03c_source_data.csv"",""exports/publication_source_data/figure_03/figure_03c_source_data.csv"",""dc9c8f1dc9f33e5dd","NAMESPACE_BASENAME","publication_source_data","","PROVENANCE","historical",FALSE,"MEDIUM",""
"render_compartment_abundance_figures","pRoteomics","audits/phase6f_artifact_migration.csv","50: ""results/publication_source_data/figure_03/figure_03d_source_data.csv"",""exports/publication_source_data/figure_03/figure_03d_source_data.csv"",""a45f4f93b02f39660","NAMESPACE_BASENAME","publication_source_data","","PROVENANCE","historical",FALSE,"MEDIUM",""
"render_compartment_abundance_figures","pRoteomics","audits/phase6f_artifact_migration.csv","51: ""results/publication_source_data/figure_03/figure_03e_source_data.csv"",""exports/publication_source_data/figure_03/figure_03e_source_data.csv"",""0dc2c1728be08401a","NAMESPACE_BASENAME","publication_source_data","","PROVENANCE","historical",FALSE,"MEDIUM",""
"render_compartment_abundance_figures","pRoteomics","audits/phase6f_artifact_migration.csv","52: ""results/publication_source_data/figure_03/figure_03f_source_data.csv"",""exports/publication_source_data/figure_03/figure_03f_source_data.csv"",""6f4fda5f38e20fcbb","NAMESPACE_BASENAME","publication_source_data","","PROVENANCE","historical",FALSE,"MEDIUM",""
"render_compartment_abundance_figures","pRoteomics","audits/phase6f_artifact_migration.csv","53: ""results/publication_source_data/figure_03/figure_03g_source_data.csv"",""exports/publication_source_data/figure_03/figure_03g_source_data.csv"",""1a0c0a73eeac8d1d4","NAMESPACE_BASENAME","publication_source_data","","PROVENANCE","historical",FALSE,"MEDIUM",""
"render_compartment_abundance_figures","pRoteomics","audits/phase6f_artifact_migration.csv","54: ""results/publication_source_data/figure_03/figure_03h_source_data.csv"",""exports/publication_source_data/figure_03/figure_03h_source_data.csv"",""8ecaa4e1d4a2cfdde","NAMESPACE_BASENAME","publication_source_data","","PROVENANCE","historical",FALSE,"MEDIUM",""
"render_compartment_abundance_figures","pRoteomics","audits/phase6f_artifact_migration.csv","55: ""results/publication_source_data/figure_03/figure_03i_source_data.csv"",""exports/publication_source_data/figure_03/figure_03i_source_data.csv"",""93ecc2e5f93d73fc6","NAMESPACE_BASENAME","publication_source_data","","PROVENANCE","historical",FALSE,"MEDIUM",""
"render_compartment_abundance_figures","pRoteomics","audits/phase6f_artifact_migration.csv","56: ""results/publication_source_data/manifest.csv"",""exports/publication_source_data/manifest.csv"",""3af2958ef10b76bbe2e6b9048cd180d3a521fe4cfae315adfc88282ec50b3332""","NAMESPACE_BASENAME","publication_source_data","","PROVENANCE","historical",FALSE,"MEDIUM",""
"render_compartment_abundance_figures","pRoteomics","audits/phase6f_output_inventory.csv","160: ""analysis/02_qc/render_compartment_abundance_figures.R"",""results/figures/03_qc_exploration/04e_control_compartment_abundance_publication_figures/global/"",""figur","FULL_PATH","results/qc/render_compartment_abundance_figures/global/plots","","PROVENANCE","historical",FALSE,"HIGH",""
"render_compartment_abundance_figures","pRoteomics","audits/phase6f_output_inventory.csv","232: ""analysis/02_qc/render_compartment_abundance_figures.R"",""results/reports/03_qc_exploration/04e_control_compartment_abundance_publication_figures/global/"",""repor","FULL_PATH","results/qc/render_compartment_abundance_figures/global/reports","","PROVENANCE","historical",FALSE,"HIGH",""
"render_compartment_abundance_figures","pRoteomics","audits/phase6f_output_inventory.csv","160: ""analysis/02_qc/render_compartment_abundance_figures.R"",""results/figures/03_qc_exploration/04e_control_compartment_abundance_publication_figures/global/"",""figur","FULL_PATH","results/figures/03_qc_exploration/04e_control_compartment_abundance_publication_figures/global","","PROVENANCE","historical",FALSE,"HIGH",""
"render_compartment_abundance_figures","pRoteomics","audits/phase6f_output_inventory.csv","232: ""analysis/02_qc/render_compartment_abundance_figures.R"",""results/reports/03_qc_exploration/04e_control_compartment_abundance_publication_figures/global/"",""repor","FULL_PATH","results/reports/03_qc_exploration/04e_control_compartment_abundance_publication_figures/global","","PROVENANCE","historical",FALSE,"HIGH",""
"render_compartment_abundance_figures","pRoteomics","audits/phase6f_output_inventory.csv","334: ""analysis/02_qc/render_compartment_abundance_figures.R"",""results/source_data/03_qc_exploration/04e_control_compartment_abundance_publication_figures/global/"",""s","FULL_PATH","results/source_data/03_qc_exploration/04e_control_compartment_abundance_publication_figures/global","","PROVENANCE","historical",FALSE,"HIGH",""
"render_compartment_abundance_figures","pRoteomics","audits/phase6f_output_inventory.csv","334: ""analysis/02_qc/render_compartment_abundance_figures.R"",""results/source_data/03_qc_exploration/04e_control_compartment_abundance_publication_figures/global/"",""s","FULL_PATH","exports/publication_source_data/03_qc_exploration/04e_control_compartment_abundance_publication_figures/global","","PROVENANCE","historical",FALSE,"HIGH",""
"render_compartment_abundance_figures","pRoteomics","audits/phase6f_output_inventory.csv","5: ""analysis/02_qc/assess_dataset_quality.R"",""results/tables/03_qc_exploration/00_dataset_qc_report/<dataset>/dataset_qc_report.xlsx"",""tables"",""CANONICAL_RESULT"",""","NAMESPACE_BASENAME","03_qc_exploration","","PROVENANCE","historical",FALSE,"MEDIUM",""
"render_compartment_abundance_figures","pRoteomics","audits/phase6f_output_inventory.csv","6: ""analysis/02_qc/assess_sample_quality.R"",""results/tables/03_qc_exploration/01_sample_qc_quicksearch/<dataset>/qc_summary_tables.xlsx"",""tables"",""CANONICAL_RESULT","NAMESPACE_BASENAME","03_qc_exploration","","PROVENANCE","historical",FALSE,"MEDIUM",""
"render_compartment_abundance_figures","pRoteomics","audits/phase6f_output_inventory.csv","7: ""analysis/02_qc/summarize_missingness.R"",""results/tables/03_qc_exploration/02_missingness_diagnostics/<dataset>/missingness_diagnostics.xlsx"",""tables"",""CANONICA","NAMESPACE_BASENAME","03_qc_exploration","","PROVENANCE","historical",FALSE,"MEDIUM",""
"render_compartment_abundance_figures","pRoteomics","audits/phase6f_output_inventory.csv","8: ""analysis/02_qc/assess_replicate_consistency.R"",""results/tables/03_qc_exploration/03_replicate_consistency/<dataset>/replicate_consistency.xlsx"",""tables"",""CANON","NAMESPACE_BASENAME","03_qc_exploration","","PROVENANCE","historical",FALSE,"MEDIUM",""
"render_compartment_abundance_figures","pRoteomics","audits/phase6f_output_inventory.csv","9: ""analysis/02_qc/assess_marker_rank_abundance.R"",""results/tables/03_qc_exploration/04_marker_rank_abundance_qc/<dataset>/"",""tables"",""CANONICAL_RESULT"",""summarize","NAMESPACE_BASENAME","03_qc_exploration","","PROVENANCE","historical",FALSE,"MEDIUM",""
"render_compartment_abundance_figures","pRoteomics","audits/phase6f_output_inventory.csv","10: ""analysis/02_qc/summarize_marker_detectability.R"",""results/tables/03_qc_exploration/04c_marker_detectability_and_wgcna_bridge/<dataset>/"",""tables"",""CANONICAL_RE","NAMESPACE_BASENAME","03_qc_exploration","","PROVENANCE","historical",FALSE,"MEDIUM",""
"render_compartment_abundance_figures","pRoteomics","audits/phase6f_output_inventory.csv","11: ""analysis/02_qc/discover_empirical_roi_markers.R"",""results/tables/03_qc_exploration/05_empirical_roi_marker_discovery/empirical_roi_marker_sets.csv"",""tables"",""C","NAMESPACE_BASENAME","03_qc_exploration","","PROVENANCE","historical",FALSE,"MEDIUM",""
"render_compartment_abundance_figures","pRoteomics","audits/phase6f_output_inventory.csv","12: ""analysis/02_qc/assess_pca_confounding.R"",""results/tables/03_qc_exploration/05_pca_confounding_qc/<dataset>/"",""tables"",""CANONICAL_RESULT"",""summarize_qc_confound","NAMESPACE_BASENAME","03_qc_exploration","","PROVENANCE","historical",FALSE,"MEDIUM",""
"render_compartment_abundance_figures","pRoteomics","audits/phase6f_output_inventory.csv","13: ""analysis/02_qc/partition_variance.R"",""results/tables/03_qc_exploration/06_variance_partitioning/<dataset>/"",""tables"",""CANONICAL_RESULT"",""summarize_qc_confoundi","NAMESPACE_BASENAME","03_qc_exploration","","PROVENANCE","historical",FALSE,"MEDIUM",""
"render_compartment_abundance_figures","pRoteomics","audits/phase6f_output_inventory.csv","14: ""analysis/02_qc/export_marker_traits.R"",""results/tables/03_qc_exploration/06_wgcna_marker_trait_export/<dataset>/"",""tables"",""CANONICAL_RESULT"",""test_microglia_n","NAMESPACE_BASENAME","03_qc_exploration","","PROVENANCE","historical",FALSE,"MEDIUM",""
"render_compartment_abundance_figures","pRoteomics","audits/phase6f_output_inventory.csv","15: ""analysis/02_qc/build_reference_marker_registry.R"",""results/tables/03_qc_exploration/reference_marker_import/"",""tables"",""CANONICAL_RESULT"",""quantify_neuropil_pr","NAMESPACE_BASENAME","03_qc_exploration","","PROVENANCE","historical",FALSE,"MEDIUM",""
"render_compartment_abundance_figures","pRoteomics","audits/phase6f_output_inventory.csv","155: ""analysis/02_qc/assess_joint_compartment_quality.R"",""results/figures/03_qc_exploration/00b_joint_compartment_qc/global/"",""figures"",""DIAGNOSTIC"","""",0,FALSE,35288","NAMESPACE_BASENAME","03_qc_exploration","","PROVENANCE","historical",FALSE,"MEDIUM",""
"render_compartment_abundance_figures","pRoteomics","audits/phase6f_output_inventory.csv","156: ""analysis/02_qc/render_joint_compartment_qc_figures.R"",""results/figures/03_qc_exploration/00b_joint_compartment_qc/publication_style/global/joint_compartment_qc","NAMESPACE_BASENAME","03_qc_exploration","","PROVENANCE","historical",FALSE,"MEDIUM",""
"render_compartment_abundance_figures","pRoteomics","audits/phase6f_output_inventory.csv","157: ""analysis/02_qc/render_joint_compartment_qc_figures.R"",""results/figures/03_qc_exploration/00b_joint_compartment_qc/publication_style/global/joint_compartment_qc","NAMESPACE_BASENAME","03_qc_exploration","","PROVENANCE","historical",FALSE,"MEDIUM",""
"render_compartment_abundance_figures","pRoteomics","audits/phase6f_output_inventory.csv","158: ""analysis/02_qc/render_joint_compartment_qc_figures.R"",""results/figures/03_qc_exploration/00b_joint_compartment_qc/publication_style/global/panels/"",""figures"",""","NAMESPACE_BASENAME","03_qc_exploration","","PROVENANCE","historical",FALSE,"MEDIUM",""
"render_compartment_abundance_figures","pRoteomics","audits/phase6f_output_inventory.csv","159: ""analysis/02_qc/assess_sample_quality.R"",""results/figures/03_qc_exploration/01_sample_qc_quicksearch/<dataset>/"",""figures"",""DIAGNOSTIC"","""",0,FALSE,NA,FALSE,FALS","NAMESPACE_BASENAME","03_qc_exploration","","PROVENANCE","historical",FALSE,"MEDIUM",""
"render_compartment_abundance_figures","pRoteomics","audits/phase6f_output_inventory.csv","160: ""analysis/02_qc/render_compartment_abundance_figures.R"",""results/figures/03_qc_exploration/04e_control_compartment_abundance_publication_figures/global/"",""figur","NAMESPACE_BASENAME","03_qc_exploration","","PROVENANCE","historical",FALSE,"MEDIUM",""
"render_compartment_abundance_figures","pRoteomics","audits/phase6f_output_inventory.csv","229: ""analysis/02_qc/assess_dataset_quality.R"",""results/reports/03_qc_exploration/00_dataset_qc_report/<dataset>/dataset_qc_summary.md"",""reports"",""DIAGNOSTIC"","""",0,F","NAMESPACE_BASENAME","03_qc_exploration","","PROVENANCE","historical",FALSE,"MEDIUM",""
"render_compartment_abundance_figures","pRoteomics","audits/phase6f_output_inventory.csv","230: ""analysis/02_qc/assess_joint_compartment_quality.R"",""results/reports/03_qc_exploration/00b_joint_compartment_qc/global/joint_compartment_qc_summary.md"",""reports","NAMESPACE_BASENAME","03_qc_exploration","","PROVENANCE","historical",FALSE,"MEDIUM",""
"render_compartment_abundance_figures","pRoteomics","audits/phase6f_output_inventory.csv","231: ""analysis/02_qc/render_joint_compartment_qc_figures.R"",""results/reports/03_qc_exploration/00c_joint_compartment_qc_publication_figures/global/joint_compartment_","NAMESPACE_BASENAME","03_qc_exploration","","PROVENANCE","historical",FALSE,"MEDIUM",""
"render_compartment_abundance_figures","pRoteomics","audits/phase6f_output_inventory.csv","232: ""analysis/02_qc/render_compartment_abundance_figures.R"",""results/reports/03_qc_exploration/04e_control_compartment_abundance_publication_figures/global/"",""repor","NAMESPACE_BASENAME","03_qc_exploration","","PROVENANCE","historical",FALSE,"MEDIUM",""
"render_compartment_abundance_figures","pRoteomics","audits/phase6f_output_inventory.csv","233: ""analysis/02_qc/partition_variance.R"",""results/reports/03_qc_exploration/06_variance_partitioning/<dataset>/"",""reports"",""DIAGNOSTIC"","""",0,FALSE,NA,FALSE,FALSE,0","NAMESPACE_BASENAME","03_qc_exploration","","PROVENANCE","historical",FALSE,"MEDIUM",""
"render_compartment_abundance_figures","pRoteomics","audits/phase6f_output_inventory.csv","234: ""analysis/02_qc/summarize_qc_confounding.R"",""results/reports/03_qc_exploration/07_qc_biology_confounding_report/<dataset>/"",""reports"",""DIAGNOSTIC"",""build_cross_","NAMESPACE_BASENAME","03_qc_exploration","","PROVENANCE","historical",FALSE,"MEDIUM",""
"render_compartment_abundance_figures","pRoteomics","audits/phase6f_output_inventory.csv","291: ""analysis/02_qc/assess_joint_compartment_quality.R"",""results/logs/03_qc_exploration/00b_joint_compartment_qc/global/run_manifest.yml"",""logs"",""PROVENANCE_ONLY"",""","NAMESPACE_BASENAME","03_qc_exploration","","PROVENANCE","historical",FALSE,"MEDIUM",""
"render_compartment_abundance_figures","pRoteomics","audits/phase6f_output_inventory.csv","292: ""analysis/02_qc/render_joint_compartment_qc_figures.R"",""results/logs/03_qc_exploration/00c_joint_compartment_qc_publication_figures/global/run_manifest.yml"",""lo","NAMESPACE_BASENAME","03_qc_exploration","","PROVENANCE","historical",FALSE,"MEDIUM",""
"render_compartment_abundance_figures","pRoteomics","audits/phase6f_output_inventory.csv","334: ""analysis/02_qc/render_compartment_abundance_figures.R"",""results/source_data/03_qc_exploration/04e_control_compartment_abundance_publication_figures/global/"",""s","NAMESPACE_BASENAME","03_qc_exploration","","PROVENANCE","historical",FALSE,"MEDIUM",""
"render_compartment_abundance_figures","pRoteomics","audits/phase6f_output_inventory.csv","387: ""analysis/02_qc/assess_joint_compartment_quality.R"",""results/tables/03_qc_exploration/00b_joint_compartment_qc/global/"",""tables"",""PUBLICATION_EXPORT"",""render_jo","NAMESPACE_BASENAME","03_qc_exploration","","PROVENANCE","historical",FALSE,"MEDIUM",""
"render_compartment_abundance_figures","pRoteomics","audits/phase6f_output_inventory.csv","160: ""analysis/02_qc/render_compartment_abundance_figures.R"",""results/figures/03_qc_exploration/04e_control_compartment_abundance_publication_figures/global/"",""figur","NAMESPACE_BASENAME","04e_control_compartment_abundance_publication_figures","","PROVENANCE","historical",FALSE,"MEDIUM",""
"render_compartment_abundance_figures","pRoteomics","audits/phase6f_output_inventory.csv","232: ""analysis/02_qc/render_compartment_abundance_figures.R"",""results/reports/03_qc_exploration/04e_control_compartment_abundance_publication_figures/global/"",""repor","NAMESPACE_BASENAME","04e_control_compartment_abundance_publication_figures","","PROVENANCE","historical",FALSE,"MEDIUM",""
"render_compartment_abundance_figures","pRoteomics","audits/phase6f_output_inventory.csv","334: ""analysis/02_qc/render_compartment_abundance_figures.R"",""results/source_data/03_qc_exploration/04e_control_compartment_abundance_publication_figures/global/"",""s","NAMESPACE_BASENAME","04e_control_compartment_abundance_publication_figures","","PROVENANCE","historical",FALSE,"MEDIUM",""
"render_compartment_abundance_figures","pRoteomics","audits/phase6f_output_inventory.csv","153: ""analysis/09_publication_exports/build_biological_claims_table.R"",""results/tables/biological_claims_table.csv"",""tables"",""CANONICAL_RESULT"",""build_evidence_prior","NAMESPACE_BASENAME","publication_source_data","","PROVENANCE","historical",FALSE,"MEDIUM",""
"render_compartment_abundance_figures","pRoteomics","audits/phase6f_output_inventory.csv","154: ""analysis/09_publication_exports/build_biological_claims_table.R"",""results/tables/biological_claims_table.xlsx"",""tables"",""CANONICAL_RESULT"","""",0,FALSE,631905,FA","NAMESPACE_BASENAME","publication_source_data","","PROVENANCE","historical",FALSE,"MEDIUM",""
"render_compartment_abundance_figures","pRoteomics","audits/phase6f_output_inventory.csv","257: ""analysis/09_publication_exports/build_biological_claims_table.R"",""results/reviewer_audit/microglia_wgcna_overlap_stage13_identity_audit.csv"",""reviewer_audit"",""","NAMESPACE_BASENAME","publication_source_data","","PROVENANCE","historical",FALSE,"MEDIUM",""
"render_compartment_abundance_figures","pRoteomics","audits/phase6f_output_inventory.csv","274: ""analysis/09_publication_exports/build_biological_claims_table.R"",""results/reviewer_audit/wgcna_stage13_claim_cardinality_audit.csv"",""reviewer_audit"",""DIAGNOSTI","NAMESPACE_BASENAME","publication_source_data","","PROVENANCE","historical",FALSE,"MEDIUM",""
"render_compartment_abundance_figures","pRoteomics","audits/phase6f_output_inventory.csv","334: ""analysis/02_qc/render_compartment_abundance_figures.R"",""results/source_data/03_qc_exploration/04e_control_compartment_abundance_publication_figures/global/"",""s","NAMESPACE_BASENAME","publication_source_data","","PROVENANCE","historical",FALSE,"MEDIUM",""
"render_compartment_abundance_figures","pRoteomics","audits/phase6f_output_inventory.csv","335: ""analysis/04_differential_abundance/build_go_program_atlas.R"",""results/source_data/04_differential_expression_enrichment/compareGO_spatial_atlas/source_data_Spa","NAMESPACE_BASENAME","publication_source_data","","PROVENANCE","historical",FALSE,"MEDIUM",""
"render_compartment_abundance_figures","pRoteomics","audits/phase6f_output_inventory.csv","336: ""analysis/04_differential_abundance/build_go_program_atlas.R"",""results/source_data/04_differential_expression_enrichment/compareGO_spatial_atlas/spatial_atlas_e","NAMESPACE_BASENAME","publication_source_data","","PROVENANCE","historical",FALSE,"MEDIUM",""
"render_compartment_abundance_figures","pRoteomics","audits/phase6f_output_inventory.csv","337: ""analysis/04_differential_abundance/build_go_program_atlas.R"",""results/source_data/04_differential_expression_enrichment/compareGO_spatial_atlas/sus_res_support","NAMESPACE_BASENAME","publication_source_data","","PROVENANCE","historical",FALSE,"MEDIUM",""
"render_compartment_abundance_figures","pRoteomics","audits/phase6f_output_inventory.csv","338: ""analysis/04_differential_abundance/validate_control_spatial_identity.R"",""results/source_data/04_differential_expression_enrichment/control_spatial_identity_val","NAMESPACE_BASENAME","publication_source_data","","PROVENANCE","historical",FALSE,"MEDIUM",""
"render_compartment_abundance_figures","pRoteomics","audits/phase6f_output_inventory.csv","339: ""analysis/04_differential_abundance/compare_external_stress_signatures.R"",""results/source_data/04_differential_expression_enrichment/external_stress_disease_sig","NAMESPACE_BASENAME","publication_source_data","","PROVENANCE","historical",FALSE,"MEDIUM",""
"render_compartment_abundance_figures","pRoteomics","audits/phase6f_output_inventory.csv","340: ""analysis/04_differential_abundance/audit_stress_response_biology.R"",""results/source_data/04_differential_expression_enrichment/stress_response_biological_audit","NAMESPACE_BASENAME","publication_source_data","","PROVENANCE","historical",FALSE,"MEDIUM",""
"render_compartment_abundance_figures","pRoteomics","audits/phase6f_output_inventory.csv","341: ""analysis/04_differential_abundance/build_sus_res_dap_atlas.R"",""results/source_data/04_differential_expression_enrichment/sus_res_spatial_dap_atlas/global/"",""so","NAMESPACE_BASENAME","publication_source_data","","PROVENANCE","historical",FALSE,"MEDIUM",""
"render_compartment_abundance_figures","pRoteomics","audits/phase6f_output_inventory.csv","342: ""analysis/05_wgcna/audit_module_claim_readiness.R"",""results/source_data/06_modules_WGCNA/claim_readiness/microglia/WGCNA_entity_claim_readiness_source.csv"",""sou","NAMESPACE_BASENAME","publication_source_data","","PROVENANCE","historical",FALSE,"MEDIUM",""
"render_compartment_abundance_figures","pRoteomics","audits/phase6f_output_inventory.csv","343: ""analysis/05_wgcna/build_module_identity_contract.R"",""results/source_data/06_modules_WGCNA/identity_contract/<dataset>/"",""source_data"",""PUBLICATION_EXPORT"","""",0","NAMESPACE_BASENAME","publication_source_data","","PROVENANCE","historical",FALSE,"MEDIUM",""
"render_compartment_abundance_figures","pRoteomics","audits/phase6f_output_inventory.csv","344: ""analysis/05_wgcna/render_microglia_independence_figures.R"",""results/source_data/06_modules_WGCNA/microglia_neuropil_independence/microglia/"",""source_data"",""PUB","NAMESPACE_BASENAME","publication_source_data","","PROVENANCE","historical",FALSE,"MEDIUM",""
"render_compartment_abundance_figures","pRoteomics","audits/phase6f_output_inventory.csv","345: ""analysis/05_wgcna/summarize_microglia_roi_specificity.R"",""results/source_data/06_modules_WGCNA/microglia_roi_specificity/microglia/"",""source_data"",""PUBLICATION","NAMESPACE_BASENAME","publication_source_data","","PROVENANCE","historical",FALSE,"MEDIUM",""
"render_compartment_abundance_figures","pRoteomics","audits/phase6f_output_inventory.csv","346: ""analysis/05_wgcna/summarize_module_complex_architecture.R"",""results/source_data/06_modules_WGCNA/module_complex_architecture/<dataset>/module_complex_architect","NAMESPACE_BASENAME","publication_source_data","","PROVENANCE","historical",FALSE,"MEDIUM",""
"render_compartment_abundance_figures","pRoteomics","audits/phase6f_output_inventory.csv","347: ""analysis/05_wgcna/audit_module_robustness.R"",""results/source_data/06_modules_WGCNA/module_robustness_sensitivity/<dataset>/module_robustness_sensitivity.csv"",""","NAMESPACE_BASENAME","publication_source_data","","PROVENANCE","historical",FALSE,"MEDIUM",""
"render_compartment_abundance_figures","pRoteomics","audits/phase6f_output_inventory.csv","348: ""analysis/05_wgcna/render_microglia_module_figures.R"",""results/source_data/06_modules_WGCNA/wgcna_publication_figures_corrected/microglia/corrected_all_supermod","NAMESPACE_BASENAME","publication_source_data","","PROVENANCE","historical",FALSE,"MEDIUM",""
"render_compartment_abundance_figures","pRoteomics","audits/phase6f_output_inventory.csv","349: ""analysis/05_wgcna/render_microglia_module_figures.R"",""results/source_data/06_modules_WGCNA/wgcna_publication_figures_corrected/microglia/corrected_all_supermod","NAMESPACE_BASENAME","publication_source_data","","PROVENANCE","historical",FALSE,"MEDIUM",""
"render_compartment_abundance_figures","pRoteomics","audits/phase6f_output_inventory.csv","350: ""analysis/05_wgcna/render_microglia_module_figures.R"",""results/source_data/06_modules_WGCNA/wgcna_publication_figures_corrected/microglia/corrected_all_supermod","NAMESPACE_BASENAME","publication_source_data","","PROVENANCE","historical",FALSE,"MEDIUM",""
"render_compartment_abundance_figures","pRoteomics","audits/phase6f_output_inventory.csv","351: ""analysis/05_wgcna/render_microglia_module_figures.R"",""results/source_data/06_modules_WGCNA/wgcna_publication_figures_corrected/microglia/corrected_all_supermod","NAMESPACE_BASENAME","publication_source_data","","PROVENANCE","historical",FALSE,"MEDIUM",""
"render_compartment_abundance_figures","pRoteomics","audits/phase6f_output_inventory.csv","352: ""analysis/05_wgcna/render_microglia_module_figures.R"",""results/source_data/06_modules_WGCNA/wgcna_publication_figures_corrected/microglia/corrected_multi_superm","NAMESPACE_BASENAME","publication_source_data","","PROVENANCE","historical",FALSE,"MEDIUM",""
"render_compartment_abundance_figures","pRoteomics","audits/phase6f_output_inventory.csv","353: ""analysis/05_wgcna/render_microglia_module_figures.R"",""results/source_data/06_modules_WGCNA/wgcna_publication_figures_corrected/microglia/corrected_supplementar","NAMESPACE_BASENAME","publication_source_data","","PROVENANCE","historical",FALSE,"MEDIUM",""
"render_compartment_abundance_figures","pRoteomics","audits/phase6f_output_inventory.csv","354: ""analysis/05_wgcna/render_microglia_module_figures.R"",""results/source_data/06_modules_WGCNA/wgcna_publication_figures_corrected/microglia/wgcna_readiness_summar","NAMESPACE_BASENAME","publication_source_data","","PROVENANCE","historical",FALSE,"MEDIUM",""
"render_compartment_abundance_figures","pRoteomics","audits/phase6f_output_inventory.csv","355: ""analysis/08_integration/test_module_behaviour_coupling.R"",""results/source_data/08_behavior_physio_coupling/module_behavior_coupling/<dataset>/module_behavior_c","NAMESPACE_BASENAME","publication_source_data","","PROVENANCE","historical",FALSE,"MEDIUM",""
"render_compartment_abundance_figures","pRoteomics","audits/phase6f_output_inventory.csv","356: ""analysis/08_integration/build_cross_compartment_atlas.R"",""results/source_data/10_biological_integration/cross_compartment_program_atlas/global/cross_compartmen","NAMESPACE_BASENAME","publication_source_data","","PROVENANCE","historical",FALSE,"MEDIUM",""
"render_compartment_abundance_figures","pRoteomics","audits/phase6f_output_inventory.csv","357: ""analysis/08_integration/build_cross_compartment_atlas.R"",""results/source_data/10_biological_integration/cross_compartment_program_atlas/global/cross_compartmen","NAMESPACE_BASENAME","publication_source_data","","PROVENANCE","historical",FALSE,"MEDIUM",""
"render_compartment_abundance_figures","pRoteomics","audits/phase6f_output_inventory.csv","358: ""analysis/08_integration/build_cross_compartment_atlas.R"",""results/source_data/10_biological_integration/cross_compartment_program_atlas/global/cross_compartmen","NAMESPACE_BASENAME","publication_source_data","","PROVENANCE","historical",FALSE,"MEDIUM",""
"render_compartment_abundance_figures","pRoteomics","audits/phase6f_output_inventory.csv","359: ""analysis/08_integration/build_evidence_priority_matrix.R"",""results/source_data/10_biological_integration/evidence_priority_matrix/global/evidence_priority_matr","NAMESPACE_BASENAME","publication_source_data","","PROVENANCE","historical",FALSE,"MEDIUM",""
"render_compartment_abundance_figures","pRoteomics","audits/phase6f_output_inventory.csv","360: ""analysis/08_integration/build_evidence_priority_matrix.R"",""results/source_data/10_biological_integration/final_evidence_bundle/global/"",""source_data"",""PUBLICAT","NAMESPACE_BASENAME","publication_source_data","","PROVENANCE","historical",FALSE,"MEDIUM",""
"render_compartment_abundance_figures","pRoteomics","audits/phase6f_output_inventory.csv","361: ""analysis/08_integration/test_enrichment_module_concordance.R"",""results/source_data/10_biological_integration/gsea_wgcna_concordance/global/"",""source_data"",""PUB","NAMESPACE_BASENAME","publication_source_data","","PROVENANCE","historical",FALSE,"MEDIUM",""
"render_compartment_abundance_figures","pRoteomics","audits/phase6f_output_inventory.csv","362: ""analysis/08_integration/summarize_enrichment_module_concordance.R"",""results/source_data/10_biological_integration/gsea_wgcna_concordance_diagnostics/global/"",""","NAMESPACE_BASENAME","publication_source_data","","PROVENANCE","historical",FALSE,"MEDIUM",""
"render_compartment_abundance_figures","pRoteomics","audits/phase6f_output_inventory.csv","363: ""analysis/08_integration/screen_immunostaining_panel.R"",""results/source_data/10_biological_integration/immunostaining_candidate_panel/candidate_panel_animal_abu","NAMESPACE_BASENAME","publication_source_data","","PROVENANCE","historical",FALSE,"MEDIUM",""
"render_compartment_abundance_figures","pRoteomics","audits/phase6f_output_inventory.csv","364: ""analysis/08_integration/screen_immunostaining_panel.R"",""results/source_data/10_biological_integration/immunostaining_candidate_panel/candidate_panel_excluded_c","NAMESPACE_BASENAME","publication_source_data","","PROVENANCE","historical",FALSE,"MEDIUM",""
"render_compartment_abundance_figures","pRoteomics","audits/phase6f_output_inventory.csv","365: ""analysis/08_integration/screen_immunostaining_panel.R"",""results/source_data/10_biological_integration/immunostaining_candidate_panel/candidate_panel_excluded_e","NAMESPACE_BASENAME","publication_source_data","","PROVENANCE","historical",FALSE,"MEDIUM",""
"render_compartment_abundance_figures","pRoteomics","audits/phase6f_output_inventory.csv","366: ""analysis/08_integration/screen_immunostaining_panel.R"",""results/source_data/10_biological_integration/immunostaining_candidate_panel/candidate_panel_provenance","NAMESPACE_BASENAME","publication_source_data","","PROVENANCE","historical",FALSE,"MEDIUM",""
"render_compartment_abundance_figures","pRoteomics","audits/phase6f_output_inventory.csv","367: ""analysis/08_integration/screen_immunostaining_panel.R"",""results/source_data/10_biological_integration/immunostaining_candidate_panel/candidate_panel_selection.","NAMESPACE_BASENAME","publication_source_data","","PROVENANCE","historical",FALSE,"MEDIUM",""
"render_compartment_abundance_figures","pRoteomics","audits/phase6f_output_inventory.csv","368: ""analysis/08_integration/screen_immunostaining_panel.R"",""results/source_data/10_biological_integration/immunostaining_candidate_panel/candidate_panel_sus_res_ef","NAMESPACE_BASENAME","publication_source_data","","PROVENANCE","historical",FALSE,"MEDIUM",""
"render_compartment_abundance_figures","pRoteomics","audits/phase6f_output_inventory.csv","369: ""analysis/08_integration/screen_immunostaining_separation.R"",""results/source_data/10_biological_integration/immunostaining_separation_screen/separation_candidat","NAMESPACE_BASENAME","publication_source_data","","PROVENANCE","historical",FALSE,"MEDIUM",""
"render_compartment_abundance_figures","pRoteomics","audits/phase6f_output_inventory.csv","370: ""analysis/08_integration/screen_immunostaining_separation.R"",""results/source_data/10_biological_integration/immunostaining_separation_screen/separation_metrics_","NAMESPACE_BASENAME","publication_source_data","","PROVENANCE","historical",FALSE,"MEDIUM",""
"render_compartment_abundance_figures","pRoteomics","audits/phase6f_output_inventory.csv","371: ""analysis/08_integration/screen_immunostaining_separation.R"",""results/source_data/10_biological_integration/immunostaining_separation_screen/separation_panel_an","NAMESPACE_BASENAME","publication_source_data","","PROVENANCE","historical",FALSE,"MEDIUM",""
"render_compartment_abundance_figures","pRoteomics","audits/phase6f_output_inventory.csv","372: ""analysis/08_integration/screen_immunostaining_separation.R"",""results/source_data/10_biological_integration/immunostaining_separation_screen/separation_panel_su","NAMESPACE_BASENAME","publication_source_data","","PROVENANCE","historical",FALSE,"MEDIUM",""
"render_compartment_abundance_figures","pRoteomics","audits/phase6f_output_inventory.csv","373: ""analysis/08_integration/screen_immunostaining_separation.R"",""results/source_data/10_biological_integration/immunostaining_separation_screen/separation_qualifyi","NAMESPACE_BASENAME","publication_source_data","","PROVENANCE","historical",FALSE,"MEDIUM",""
"render_compartment_abundance_figures","pRoteomics","audits/phase6f_output_inventory.csv","374: ""analysis/08_integration/screen_immunostaining_separation.R"",""results/source_data/10_biological_integration/immunostaining_separation_screen/separation_screen_p","NAMESPACE_BASENAME","publication_source_data","","PROVENANCE","historical",FALSE,"MEDIUM",""
"render_compartment_abundance_figures","pRoteomics","audits/phase6f_output_inventory.csv","375: ""analysis/08_integration/summarize_programs_for_manuscript.R"",""results/source_data/10_biological_integration/manuscript_program_summary/global/manuscript_progra","NAMESPACE_BASENAME","publication_source_data","","PROVENANCE","historical",FALSE,"MEDIUM",""
"render_compartment_abundance_figures","pRoteomics","audits/phase6f_output_inventory.csv","376: ""analysis/08_integration/build_candidate_protein_shortlist.R"",""results/source_data/10_biological_integration/wgcna_candidate_protein_shortlist/<dataset>/"",""sour","NAMESPACE_BASENAME","publication_source_data","","PROVENANCE","historical",FALSE,"MEDIUM",""
"render_compartment_abundance_figures","pRoteomics","audits/phase6f_output_inventory.csv","377: ""analysis/08_integration/render_module_circular_atlas.R"",""results/source_data/10_biological_integration/wgcna_circular_atlas/global/"",""source_data"",""PUBLICATION","NAMESPACE_BASENAME","publication_source_data","","PROVENANCE","historical",FALSE,"MEDIUM",""
"render_compartment_abundance_figures","pRoteomics","audits/phase6f_output_inventory.csv","378: ""analysis/08_integration/render_module_circular_atlas.R"",""results/source_data/10_biological_integration/wgcna_circular_atlas/global/wgcna_circular_atlas_plot_so","NAMESPACE_BASENAME","publication_source_data","","PROVENANCE","historical",FALSE,"MEDIUM",""
"render_compartment_abundance_figures","pRoteomics","audits/phase6f_output_inventory.csv","379: ""analysis/08_integration/render_module_circular_atlas.R"",""results/source_data/10_biological_integration/wgcna_circular_atlas/global/wgcna_circular_atlas_segment","NAMESPACE_BASENAME","publication_source_data","","PROVENANCE","historical",FALSE,"MEDIUM",""
"render_compartment_abundance_figures","pRoteomics","audits/phase6f_output_inventory.csv","380: ""analysis/08_integration/render_module_circular_atlas.R"",""results/source_data/10_biological_integration/wgcna_circular_atlas/global/wgcna_circular_heatmap_layou","NAMESPACE_BASENAME","publication_source_data","","PROVENANCE","historical",FALSE,"MEDIUM",""
"render_compartment_abundance_figures","pRoteomics","audits/phase6f_output_inventory.csv","381: ""analysis/08_integration/render_module_circular_atlas.R"",""results/source_data/10_biological_integration/wgcna_circular_atlas/global/wgcna_circular_heatmap_sourc","NAMESPACE_BASENAME","publication_source_data","","PROVENANCE","historical",FALSE,"MEDIUM",""
"render_compartment_abundance_figures","pRoteomics","audits/phase6f_output_inventory.csv","382: ""analysis/08_integration/render_module_circular_atlas.R"",""results/source_data/10_biological_integration/wgcna_circular_atlas/global/wgcna_circular_heatmap_sourc","NAMESPACE_BASENAME","publication_source_data","","PROVENANCE","historical",FALSE,"MEDIUM",""
"render_compartment_abundance_figures","pRoteomics","audits/phase6f_output_inventory.csv","383: ""analysis/08_integration/render_module_circular_atlas.R"",""results/source_data/10_biological_integration/wgcna_circular_atlas/global/wgcna_circular_publication_s","NAMESPACE_BASENAME","publication_source_data","","PROVENANCE","historical",FALSE,"MEDIUM",""
"render_compartment_abundance_figures","pRoteomics","audits/phase6f_output_inventory.csv","384: ""analysis/08_integration/render_module_circular_atlas.R"",""results/source_data/10_biological_integration/wgcna_circular_atlas/global/wgcna_circular_publication_s","NAMESPACE_BASENAME","publication_source_data","","PROVENANCE","historical",FALSE,"MEDIUM",""
"render_compartment_abundance_figures","pRoteomics","audits/phase6f_output_inventory.csv","385: ""analysis/08_integration/summarize_module_cross_compartment.R"",""results/source_data/10_biological_integration/wgcna_cross_compartment_overview/global/"",""source_","NAMESPACE_BASENAME","publication_source_data","","PROVENANCE","historical",FALSE,"MEDIUM",""
"render_compartment_abundance_figures","pRoteomics","audits/phase6f_output_inventory.csv","386: ""analysis/08_integration/quantify_candidate_network_position.R"",""results/source_data/10_biological_integration/wgcna_sus_res_network_position/<dataset>/"",""sourc","NAMESPACE_BASENAME","publication_source_data","","PROVENANCE","historical",FALSE,"MEDIUM",""
"render_compartment_abundance_figures","pRoteomics","audits/phase6f_output_inventory.csv","2: ""analysis/02_qc/build_reference_marker_registry.R"",""config/marker_panels/wgcna_reference_marker_sets.csv"",""config_table"",""AMBIGUOUS_WRITES_INTO_CONFIG"",""assess_","ANALYSIS_REFERENCE","render_compartment_abundance_figures","","PROVENANCE","historical",FALSE,"MEDIUM",""
"render_compartment_abundance_figures","pRoteomics","audits/phase6f_output_inventory.csv","160: ""analysis/02_qc/render_compartment_abundance_figures.R"",""results/figures/03_qc_exploration/04e_control_compartment_abundance_publication_figures/global/"",""figur","ANALYSIS_REFERENCE","render_compartment_abundance_figures","","PROVENANCE","historical",FALSE,"MEDIUM",""
"render_compartment_abundance_figures","pRoteomics","audits/phase6f_output_inventory.csv","232: ""analysis/02_qc/render_compartment_abundance_figures.R"",""results/reports/03_qc_exploration/04e_control_compartment_abundance_publication_figures/global/"",""repor","ANALYSIS_REFERENCE","render_compartment_abundance_figures","","PROVENANCE","historical",FALSE,"MEDIUM",""
"render_compartment_abundance_figures","pRoteomics","audits/phase6f_output_inventory.csv","334: ""analysis/02_qc/render_compartment_abundance_figures.R"",""results/source_data/03_qc_exploration/04e_control_compartment_abundance_publication_figures/global/"",""s","ANALYSIS_REFERENCE","render_compartment_abundance_figures","","PROVENANCE","historical",FALSE,"MEDIUM",""
"render_compartment_abundance_figures","pRoteomics","audits/phase6f_output_inventory.csv","426: ""analysis/01_preprocessing/build_joint_protigy_input.R"",""data/processed/01_preprocessing/joint_compartment_qc/global/joint_compartment_qc_matrices.rds"",""process","ANALYSIS_REFERENCE","render_compartment_abundance_figures","","PROVENANCE","historical",FALSE,"MEDIUM",""
"render_compartment_abundance_figures","pRoteomics","audits/phase6f_output_inventory.csv","2: ""analysis/02_qc/build_reference_marker_registry.R"",""config/marker_panels/wgcna_reference_marker_sets.csv"",""config_table"",""AMBIGUOUS_WRITES_INTO_CONFIG"",""assess_","ANALYSIS_REFERENCE","render_compartment_abundance_figures.R","","PROVENANCE","historical",FALSE,"MEDIUM",""
"render_compartment_abundance_figures","pRoteomics","audits/phase6f_output_inventory.csv","160: ""analysis/02_qc/render_compartment_abundance_figures.R"",""results/figures/03_qc_exploration/04e_control_compartment_abundance_publication_figures/global/"",""figur","ANALYSIS_REFERENCE","render_compartment_abundance_figures.R","","PROVENANCE","historical",FALSE,"MEDIUM",""
"render_compartment_abundance_figures","pRoteomics","audits/phase6f_output_inventory.csv","232: ""analysis/02_qc/render_compartment_abundance_figures.R"",""results/reports/03_qc_exploration/04e_control_compartment_abundance_publication_figures/global/"",""repor","ANALYSIS_REFERENCE","render_compartment_abundance_figures.R","","PROVENANCE","historical",FALSE,"MEDIUM",""
"render_compartment_abundance_figures","pRoteomics","audits/phase6f_output_inventory.csv","334: ""analysis/02_qc/render_compartment_abundance_figures.R"",""results/source_data/03_qc_exploration/04e_control_compartment_abundance_publication_figures/global/"",""s","ANALYSIS_REFERENCE","render_compartment_abundance_figures.R","","PROVENANCE","historical",FALSE,"MEDIUM",""
"render_compartment_abundance_figures","pRoteomics","audits/phase6f_output_inventory.csv","426: ""analysis/01_preprocessing/build_joint_protigy_input.R"",""data/processed/01_preprocessing/joint_compartment_qc/global/joint_compartment_qc_matrices.rds"",""process","ANALYSIS_REFERENCE","render_compartment_abundance_figures.R","","PROVENANCE","historical",FALSE,"MEDIUM",""
"render_compartment_abundance_figures","pRoteomics","audits/phase6g_coordinating_families_qc_premigration.csv","2: ""results/figures/03_qc_exploration/00b_joint_compartment_qc"",""CANONICAL_OWNER"",""analysis/qc/render_joint_compartment_qc_figures.R"",""render_joint_compartment_qc_","NAMESPACE_BASENAME","03_qc_exploration","","PROVENANCE","historical",FALSE,"MEDIUM",""
"render_compartment_abundance_figures","pRoteomics","audits/phase6g_coordinating_families_qc_premigration.csv","3: ""results/figures/03_qc_exploration/00b_joint_compartment_qc"",""CANONICAL_OWNER"",""analysis/qc/render_joint_compartment_qc_figures.R"",""render_joint_compartment_qc_","NAMESPACE_BASENAME","03_qc_exploration","","PROVENANCE","historical",FALSE,"MEDIUM",""
"render_compartment_abundance_figures","pRoteomics","audits/phase6g_coordinating_families_qc_premigration.csv","4: ""results/figures/03_qc_exploration/00b_joint_compartment_qc"",""CANONICAL_OWNER"",""analysis/qc/render_joint_compartment_qc_figures.R"",""render_joint_compartment_qc_","NAMESPACE_BASENAME","03_qc_exploration","","PROVENANCE","historical",FALSE,"MEDIUM",""
"render_compartment_abundance_figures","pRoteomics","audits/phase6g_coordinating_families_qc_premigration.csv","5: ""results/figures/03_qc_exploration/00b_joint_compartment_qc"",""CONTRIBUTOR"",""analysis/qc/assess_joint_compartment_quality.R"",""assess_joint_compartment_quality"",""","NAMESPACE_BASENAME","03_qc_exploration","","PROVENANCE","historical",FALSE,"MEDIUM",""
"render_compartment_abundance_figures","pRoteomics","audits/phase6g_cross_domain_reader_verification.csv","6: ""analysis/publication_source_data/08_export_manuscript_figures.R"",""publication_source_data"",""LEGACY_LITERAL"",TRUE,NA,FALSE,""results/figures/07_spatial_networks""","NAMESPACE_BASENAME","publication_source_data","","PROVENANCE","historical",FALSE,"MEDIUM",""
"render_compartment_abundance_figures","pRoteomics","audits/phase6g_differential_abundance_consumer_reconciliation.csv","4: ""analysis/publication_source_data/08_export_manuscript_figures.R"",""REPOINTED"",""Present in both inventories."",FALSE","NAMESPACE_BASENAME","publication_source_data","","PROVENANCE","historical",FALSE,"MEDIUM",""
"render_compartment_abundance_figures","pRoteomics","audits/phase6g_differential_abundance_consumer_reconciliation.csv","5: ""analysis/publication_source_data/09_export_source_data.R"",""REPOINTED"",""Present in both inventories."",FALSE","NAMESPACE_BASENAME","publication_source_data","","PROVENANCE","historical",FALSE,"MEDIUM",""
"render_compartment_abundance_figures","pRoteomics","audits/phase6g_differential_abundance_consumer_reconciliation.csv","6: ""analysis/publication_source_data/build_biological_claims_table.R"",""REPOINTED"",""Present in both inventories."",FALSE","NAMESPACE_BASENAME","publication_source_data","","PROVENANCE","historical",FALSE,"MEDIUM",""
"render_compartment_abundance_figures","pRoteomics","audits/phase6g_differential_abundance_consumer_reconciliation.csv","7: ""analysis/publication_source_data/build_methods_summary.R"",""REPOINTED"",""Present in both inventories."",FALSE","NAMESPACE_BASENAME","publication_source_data","","PROVENANCE","historical",FALSE,"MEDIUM",""
"render_compartment_abundance_figures","pRoteomics","audits/phase6g_differential_abundance_consumer_reconciliation.csv","8: ""analysis/publication_source_data/build_pride_manifest.R"",""REPOINTED"",""Present in both inventories."",FALSE","NAMESPACE_BASENAME","publication_source_data","","PROVENANCE","historical",FALSE,"MEDIUM",""
"render_compartment_abundance_figures","pRoteomics","audits/phase6g_differential_abundance_consumer_reconciliation.csv","9: ""analysis/publication_source_data/build_sample_metadata.R"",""REPOINTED"",""Present in both inventories."",FALSE","NAMESPACE_BASENAME","publication_source_data","","PROVENANCE","historical",FALSE,"MEDIUM",""
"render_compartment_abundance_figures","pRoteomics","audits/phase6g_differential_abundance_consumer_reconciliation.csv","10: ""analysis/publication_source_data/build_supplementary_tables.R"",""REPOINTED"",""Present in both inventories."",FALSE","NAMESPACE_BASENAME","publication_source_data","","PROVENANCE","historical",FALSE,"MEDIUM",""
"render_compartment_abundance_figures","pRoteomics","audits/phase6g_differential_abundance_consumer_reconciliation.csv","11: ""analysis/publication_source_data/config/export_config.yml"",""REPOINTED"",""Present in both inventories."",FALSE","NAMESPACE_BASENAME","publication_source_data","","PROVENANCE","historical",FALSE,"MEDIUM",""
"render_compartment_abundance_figures","pRoteomics","audits/phase6g_differential_abundance_consumer_reconciliation.csv","12: ""analysis/publication_source_data/export_processed_matrices.R"",""REPOINTED"",""Present in both inventories."",FALSE","NAMESPACE_BASENAME","publication_source_data","","PROVENANCE","historical",FALSE,"MEDIUM",""
"render_compartment_abundance_figures","pRoteomics","audits/phase6g_differential_abundance_consumer_reconciliation.csv","13: ""analysis/publication_source_data/RUN_EXPORT.R"",""REPOINTED"",""Present in both inventories."",FALSE","NAMESPACE_BASENAME","publication_source_data","","PROVENANCE","historical",FALSE,"MEDIUM",""
"render_compartment_abundance_figures","pRoteomics","audits/phase6g_differential_abundance_consumer_reconciliation.csv","14: ""analysis/publication_source_data/validate_pride_submission.R"",""REPOINTED"",""Present in both inventories."",FALSE","NAMESPACE_BASENAME","publication_source_data","","PROVENANCE","historical",FALSE,"MEDIUM",""
"render_compartment_abundance_figures","pRoteomics","audits/phase6g_enrichment_writer_inventory.csv","14: ""analysis/publication_source_data/config/export_config.yml"",""EXPORT_CONSUMER"",""results/tables/05_celltype_enrichment_EWCE/EWCE_E9/*/{Supplementary_Table_EWCE,Hi","NAMESPACE_BASENAME","publication_source_data","","PROVENANCE","historical",FALSE,"MEDIUM",""
"render_compartment_abundance_figures","pRoteomics","audits/phase6g_qc_consumer_reconciliation.csv","19: ""analysis/publication_source_data/08_export_manuscript_figures.R"",""REPOINTED"",""Present in both inventories."",FALSE","NAMESPACE_BASENAME","publication_source_data","","PROVENANCE","historical",FALSE,"MEDIUM",""
"render_compartment_abundance_figures","pRoteomics","audits/phase6g_qc_consumer_reconciliation.csv","20: ""analysis/publication_source_data/09_export_source_data.R"",""REPOINTED"",""Present in both inventories."",FALSE","NAMESPACE_BASENAME","publication_source_data","","PROVENANCE","historical",FALSE,"MEDIUM",""
"render_compartment_abundance_figures","pRoteomics","audits/phase6g_qc_consumer_reconciliation.csv","21: ""analysis/publication_source_data/build_methods_summary.R"",""REPOINTED"",""Present in both inventories."",FALSE","NAMESPACE_BASENAME","publication_source_data","","PROVENANCE","historical",FALSE,"MEDIUM",""
"render_compartment_abundance_figures","pRoteomics","audits/phase6g_qc_consumer_reconciliation.csv","22: ""analysis/publication_source_data/build_pride_manifest.R"",""REPOINTED"",""Present in both inventories."",FALSE","NAMESPACE_BASENAME","publication_source_data","","PROVENANCE","historical",FALSE,"MEDIUM",""
"render_compartment_abundance_figures","pRoteomics","audits/phase6g_qc_consumer_reconciliation.csv","23: ""analysis/publication_source_data/build_sample_metadata.R"",""REPOINTED"",""Present in both inventories."",FALSE","NAMESPACE_BASENAME","publication_source_data","","PROVENANCE","historical",FALSE,"MEDIUM",""
"render_compartment_abundance_figures","pRoteomics","audits/phase6g_qc_consumer_reconciliation.csv","24: ""analysis/publication_source_data/build_supplementary_tables.R"",""REPOINTED"",""Present in both inventories."",FALSE","NAMESPACE_BASENAME","publication_source_data","","PROVENANCE","historical",FALSE,"MEDIUM",""
"render_compartment_abundance_figures","pRoteomics","audits/phase6g_qc_consumer_reconciliation.csv","25: ""analysis/publication_source_data/export_processed_matrices.R"",""REPOINTED"",""Present in both inventories."",FALSE","NAMESPACE_BASENAME","publication_source_data","","PROVENANCE","historical",FALSE,"MEDIUM",""
"render_compartment_abundance_figures","pRoteomics","audits/phase6g_qc_consumer_reconciliation.csv","26: ""analysis/publication_source_data/RUN_EXPORT.R"",""REPOINTED"",""Present in both inventories."",FALSE","NAMESPACE_BASENAME","publication_source_data","","PROVENANCE","historical",FALSE,"MEDIUM",""
"render_compartment_abundance_figures","pRoteomics","audits/phase6g_qc_consumer_reconciliation.csv","27: ""analysis/publication_source_data/validate_pride_submission.R"",""REPOINTED"",""Present in both inventories."",FALSE","NAMESPACE_BASENAME","publication_source_data","","PROVENANCE","historical",FALSE,"MEDIUM",""
"render_compartment_abundance_figures","pRoteomics","audits/phase6g_qc_consumer_reconciliation.csv","80: ""analysis/publication_source_data/build_biological_claims_table.R"",""RESOLVER_DELEGATED"",""Present in both inventories."",TRUE","NAMESPACE_BASENAME","publication_source_data","","PROVENANCE","historical",FALSE,"MEDIUM",""
"render_compartment_abundance_figures","pRoteomics","audits/phase6g_qc_lifecycle.csv","27: ""render_compartment_abundance_figures"",""results/source_data/03_qc_exploration/04e_control_compartment_abundance_publication_figures/global/"",""results/qc/render_","FULL_PATH","results/qc/render_compartment_abundance_figures/global/tables/source_data","","PROVENANCE","historical",FALSE,"HIGH",""
"render_compartment_abundance_figures","pRoteomics","audits/phase6g_qc_lifecycle.csv","28: ""render_compartment_abundance_figures"",""results/figures/03_qc_exploration/04e_control_compartment_abundance_publication_figures/global/"",""results/qc/render_comp","FULL_PATH","results/qc/render_compartment_abundance_figures/global/plots","","PROVENANCE","historical",FALSE,"HIGH",""
"render_compartment_abundance_figures","pRoteomics","audits/phase6g_qc_lifecycle.csv","29: ""render_compartment_abundance_figures"",""results/reports/03_qc_exploration/04e_control_compartment_abundance_publication_figures/global/"",""results/qc/render_comp","FULL_PATH","results/qc/render_compartment_abundance_figures/global/reports","","PROVENANCE","historical",FALSE,"HIGH",""
"render_compartment_abundance_figures","pRoteomics","audits/phase6g_qc_lifecycle.csv","28: ""render_compartment_abundance_figures"",""results/figures/03_qc_exploration/04e_control_compartment_abundance_publication_figures/global/"",""results/qc/render_comp","FULL_PATH","results/figures/03_qc_exploration/04e_control_compartment_abundance_publication_figures/global","","PROVENANCE","historical",FALSE,"HIGH",""
"render_compartment_abundance_figures","pRoteomics","audits/phase6g_qc_lifecycle.csv","29: ""render_compartment_abundance_figures"",""results/reports/03_qc_exploration/04e_control_compartment_abundance_publication_figures/global/"",""results/qc/render_comp","FULL_PATH","results/reports/03_qc_exploration/04e_control_compartment_abundance_publication_figures/global","","PROVENANCE","historical",FALSE,"HIGH",""
"render_compartment_abundance_figures","pRoteomics","audits/phase6g_qc_lifecycle.csv","27: ""render_compartment_abundance_figures"",""results/source_data/03_qc_exploration/04e_control_compartment_abundance_publication_figures/global/"",""results/qc/render_","FULL_PATH","results/source_data/03_qc_exploration/04e_control_compartment_abundance_publication_figures/global","","PROVENANCE","historical",FALSE,"HIGH",""
"render_compartment_abundance_figures","pRoteomics","audits/phase6g_qc_lifecycle.csv","2: ""assess_joint_compartment_quality"",""results/tables/03_qc_exploration/00b_joint_compartment_qc/global/"",""results/qc/assess_joint_compartment_quality/global/table","NAMESPACE_BASENAME","03_qc_exploration","","PROVENANCE","historical",FALSE,"MEDIUM",""
"render_compartment_abundance_figures","pRoteomics","audits/phase6g_qc_lifecycle.csv","3: ""assess_joint_compartment_quality"",""results/figures/03_qc_exploration/00b_joint_compartment_qc/global/"",""results/qc/assess_joint_compartment_quality/global/plot","NAMESPACE_BASENAME","03_qc_exploration","","PROVENANCE","historical",FALSE,"MEDIUM",""
"render_compartment_abundance_figures","pRoteomics","audits/phase6g_qc_lifecycle.csv","4: ""assess_joint_compartment_quality"",""results/reports/03_qc_exploration/00b_joint_compartment_qc/global/joint_compartment_qc_summary.md"",""results/qc/assess_joint_","NAMESPACE_BASENAME","03_qc_exploration","","PROVENANCE","historical",FALSE,"MEDIUM",""
"render_compartment_abundance_figures","pRoteomics","audits/phase6g_qc_lifecycle.csv","5: ""assess_joint_compartment_quality"",""results/logs/03_qc_exploration/00b_joint_compartment_qc/global/run_manifest.yml"",""results/qc/assess_joint_compartment_qualit","NAMESPACE_BASENAME","03_qc_exploration","","PROVENANCE","historical",FALSE,"MEDIUM",""
"render_compartment_abundance_figures","pRoteomics","audits/phase6g_qc_lifecycle.csv","6: ""render_joint_compartment_qc_figures"",""results/figures/03_qc_exploration/00b_joint_compartment_qc/publication_style/global/joint_compartment_qc_main_figure_183m","NAMESPACE_BASENAME","03_qc_exploration","","PROVENANCE","historical",FALSE,"MEDIUM",""
"render_compartment_abundance_figures","pRoteomics","audits/phase6g_qc_lifecycle.csv","7: ""render_joint_compartment_qc_figures"",""results/figures/03_qc_exploration/00b_joint_compartment_qc/publication_style/global/joint_compartment_qc_extended_data_fi","NAMESPACE_BASENAME","03_qc_exploration","","PROVENANCE","historical",FALSE,"MEDIUM",""
"render_compartment_abundance_figures","pRoteomics","audits/phase6g_qc_lifecycle.csv","8: ""render_joint_compartment_qc_figures"",""results/figures/03_qc_exploration/00b_joint_compartment_qc/publication_style/global/panels/"",""results/qc/render_joint_com","NAMESPACE_BASENAME","03_qc_exploration","","PROVENANCE","historical",FALSE,"MEDIUM",""
"render_compartment_abundance_figures","pRoteomics","audits/phase6g_qc_lifecycle.csv","9: ""render_joint_compartment_qc_figures"",""results/reports/03_qc_exploration/00c_joint_compartment_qc_publication_figures/global/joint_compartment_qc_publication_fi","NAMESPACE_BASENAME","03_qc_exploration","","PROVENANCE","historical",FALSE,"MEDIUM",""
"render_compartment_abundance_figures","pRoteomics","audits/phase6g_qc_lifecycle.csv","10: ""render_joint_compartment_qc_figures"",""results/logs/03_qc_exploration/00c_joint_compartment_qc_publication_figures/global/run_manifest.yml"",""results/qc/render_j","NAMESPACE_BASENAME","03_qc_exploration","","PROVENANCE","historical",FALSE,"MEDIUM",""
"render_compartment_abundance_figures","pRoteomics","audits/phase6g_qc_lifecycle.csv","12: ""build_reference_marker_registry"",""results/tables/03_qc_exploration/reference_marker_import/"",""results/qc/build_reference_marker_registry/global/tables"",""TABLE""","NAMESPACE_BASENAME","03_qc_exploration","","PROVENANCE","historical",FALSE,"MEDIUM",""
"render_compartment_abundance_figures","pRoteomics","audits/phase6g_qc_lifecycle.csv","13: ""discover_empirical_roi_markers"",""results/tables/03_qc_exploration/05_empirical_roi_marker_discovery/empirical_roi_marker_sets.csv"",""results/qc/discover_empiric","NAMESPACE_BASENAME","03_qc_exploration","","PROVENANCE","historical",FALSE,"MEDIUM",""
"render_compartment_abundance_figures","pRoteomics","audits/phase6g_qc_lifecycle.csv","14: ""assess_dataset_quality"",""results/tables/03_qc_exploration/00_dataset_qc_report/<dataset>/dataset_qc_report.xlsx"",""results/qc/assess_dataset_quality/<dataset>/t","NAMESPACE_BASENAME","03_qc_exploration","","PROVENANCE","historical",FALSE,"MEDIUM",""
"render_compartment_abundance_figures","pRoteomics","audits/phase6g_qc_lifecycle.csv","15: ""assess_dataset_quality"",""results/reports/03_qc_exploration/00_dataset_qc_report/<dataset>/dataset_qc_summary.md"",""results/qc/assess_dataset_quality/<dataset>/r","NAMESPACE_BASENAME","03_qc_exploration","","PROVENANCE","historical",FALSE,"MEDIUM",""
"render_compartment_abundance_figures","pRoteomics","audits/phase6g_qc_lifecycle.csv","16: ""assess_sample_quality"",""results/figures/03_qc_exploration/01_sample_qc_quicksearch/<dataset>/"",""results/qc/assess_sample_quality/<dataset>/plots"",""PLOT"",""analy","NAMESPACE_BASENAME","03_qc_exploration","","PROVENANCE","historical",FALSE,"MEDIUM",""
"render_compartment_abundance_figures","pRoteomics","audits/phase6g_qc_lifecycle.csv","17: ""assess_sample_quality"",""results/tables/03_qc_exploration/01_sample_qc_quicksearch/<dataset>/qc_summary_tables.xlsx"",""results/qc/assess_sample_quality/<dataset>","NAMESPACE_BASENAME","03_qc_exploration","","PROVENANCE","historical",FALSE,"MEDIUM",""
"render_compartment_abundance_figures","pRoteomics","audits/phase6g_qc_lifecycle.csv","18: ""summarize_missingness"",""results/tables/03_qc_exploration/02_missingness_diagnostics/<dataset>/missingness_diagnostics.xlsx"",""results/qc/summarize_missingness/<","NAMESPACE_BASENAME","03_qc_exploration","","PROVENANCE","historical",FALSE,"MEDIUM",""
"render_compartment_abundance_figures","pRoteomics","audits/phase6g_qc_lifecycle.csv","19: ""assess_replicate_consistency"",""results/tables/03_qc_exploration/03_replicate_consistency/<dataset>/replicate_consistency.xlsx"",""results/qc/assess_replicate_con","NAMESPACE_BASENAME","03_qc_exploration","","PROVENANCE","historical",FALSE,"MEDIUM",""
"render_compartment_abundance_figures","pRoteomics","audits/phase6g_qc_lifecycle.csv","20: ""assess_marker_rank_abundance"",""results/tables/03_qc_exploration/04_marker_rank_abundance_qc/<dataset>/"",""results/qc/assess_marker_rank_abundance/<dataset>/tabl","NAMESPACE_BASENAME","03_qc_exploration","","PROVENANCE","historical",FALSE,"MEDIUM",""
"render_compartment_abundance_figures","pRoteomics","audits/phase6g_qc_lifecycle.csv","21: ""summarize_marker_detectability"",""results/tables/03_qc_exploration/04c_marker_detectability_and_wgcna_bridge/<dataset>/"",""results/qc/summarize_marker_detectabil","NAMESPACE_BASENAME","03_qc_exploration","","PROVENANCE","historical",FALSE,"MEDIUM",""
"render_compartment_abundance_figures","pRoteomics","audits/phase6g_qc_lifecycle.csv","22: ""assess_pca_confounding"",""results/tables/03_qc_exploration/05_pca_confounding_qc/<dataset>/"",""results/qc/assess_pca_confounding/<dataset>/tables"",""TABLE"",""analy","NAMESPACE_BASENAME","03_qc_exploration","","PROVENANCE","historical",FALSE,"MEDIUM",""
"render_compartment_abundance_figures","pRoteomics","audits/phase6g_qc_lifecycle.csv","23: ""partition_variance"",""results/tables/03_qc_exploration/06_variance_partitioning/<dataset>/"",""results/qc/partition_variance/<dataset>/tables"",""TABLE"",""analysis/q","NAMESPACE_BASENAME","03_qc_exploration","","PROVENANCE","historical",FALSE,"MEDIUM",""
"render_compartment_abundance_figures","pRoteomics","audits/phase6g_qc_lifecycle.csv","24: ""partition_variance"",""results/reports/03_qc_exploration/06_variance_partitioning/<dataset>/"",""results/qc/partition_variance/<dataset>/reports"",""REPORT"",""analysi","NAMESPACE_BASENAME","03_qc_exploration","","PROVENANCE","historical",FALSE,"MEDIUM",""
"render_compartment_abundance_figures","pRoteomics","audits/phase6g_qc_lifecycle.csv","25: ""export_marker_traits"",""results/tables/03_qc_exploration/06_wgcna_marker_trait_export/<dataset>/"",""results/qc/export_marker_traits/<dataset>/tables"",""TABLE"",""an","NAMESPACE_BASENAME","03_qc_exploration","","PROVENANCE","historical",FALSE,"MEDIUM",""
"render_compartment_abundance_figures","pRoteomics","audits/phase6g_qc_lifecycle.csv","26: ""summarize_qc_confounding"",""results/reports/03_qc_exploration/07_qc_biology_confounding_report/<dataset>/"",""results/qc/summarize_qc_confounding/<dataset>/report","NAMESPACE_BASENAME","03_qc_exploration","","PROVENANCE","historical",FALSE,"MEDIUM",""
"render_compartment_abundance_figures","pRoteomics","audits/phase6g_qc_lifecycle.csv","27: ""render_compartment_abundance_figures"",""results/source_data/03_qc_exploration/04e_control_compartment_abundance_publication_figures/global/"",""results/qc/render_","NAMESPACE_BASENAME","03_qc_exploration","","PROVENANCE","historical",FALSE,"MEDIUM",""
"render_compartment_abundance_figures","pRoteomics","audits/phase6g_qc_lifecycle.csv","28: ""render_compartment_abundance_figures"",""results/figures/03_qc_exploration/04e_control_compartment_abundance_publication_figures/global/"",""results/qc/render_comp","NAMESPACE_BASENAME","03_qc_exploration","","PROVENANCE","historical",FALSE,"MEDIUM",""
"render_compartment_abundance_figures","pRoteomics","audits/phase6g_qc_lifecycle.csv","29: ""render_compartment_abundance_figures"",""results/reports/03_qc_exploration/04e_control_compartment_abundance_publication_figures/global/"",""results/qc/render_comp","NAMESPACE_BASENAME","03_qc_exploration","","PROVENANCE","historical",FALSE,"MEDIUM",""
"render_compartment_abundance_figures","pRoteomics","audits/phase6g_qc_lifecycle.csv","27: ""render_compartment_abundance_figures"",""results/source_data/03_qc_exploration/04e_control_compartment_abundance_publication_figures/global/"",""results/qc/render_","NAMESPACE_BASENAME","04e_control_compartment_abundance_publication_figures","","PROVENANCE","historical",FALSE,"MEDIUM",""
"render_compartment_abundance_figures","pRoteomics","audits/phase6g_qc_lifecycle.csv","28: ""render_compartment_abundance_figures"",""results/figures/03_qc_exploration/04e_control_compartment_abundance_publication_figures/global/"",""results/qc/render_comp","NAMESPACE_BASENAME","04e_control_compartment_abundance_publication_figures","","PROVENANCE","historical",FALSE,"MEDIUM",""
"render_compartment_abundance_figures","pRoteomics","audits/phase6g_qc_lifecycle.csv","29: ""render_compartment_abundance_figures"",""results/reports/03_qc_exploration/04e_control_compartment_abundance_publication_figures/global/"",""results/qc/render_comp","NAMESPACE_BASENAME","04e_control_compartment_abundance_publication_figures","","PROVENANCE","historical",FALSE,"MEDIUM",""
"render_compartment_abundance_figures","pRoteomics","audits/phase6g_qc_lifecycle.csv","27: ""render_compartment_abundance_figures"",""results/source_data/03_qc_exploration/04e_control_compartment_abundance_publication_figures/global/"",""results/qc/render_","ANALYSIS_REFERENCE","render_compartment_abundance_figures","","PROVENANCE","historical",FALSE,"MEDIUM",""
"render_compartment_abundance_figures","pRoteomics","audits/phase6g_qc_lifecycle.csv","28: ""render_compartment_abundance_figures"",""results/figures/03_qc_exploration/04e_control_compartment_abundance_publication_figures/global/"",""results/qc/render_comp","ANALYSIS_REFERENCE","render_compartment_abundance_figures","","PROVENANCE","historical",FALSE,"MEDIUM",""
"render_compartment_abundance_figures","pRoteomics","audits/phase6g_qc_lifecycle.csv","29: ""render_compartment_abundance_figures"",""results/reports/03_qc_exploration/04e_control_compartment_abundance_publication_figures/global/"",""results/qc/render_comp","ANALYSIS_REFERENCE","render_compartment_abundance_figures","","PROVENANCE","historical",FALSE,"MEDIUM",""
"render_compartment_abundance_figures","pRoteomics","audits/phase6g_qc_lifecycle.csv","27: ""render_compartment_abundance_figures"",""results/source_data/03_qc_exploration/04e_control_compartment_abundance_publication_figures/global/"",""results/qc/render_","ANALYSIS_REFERENCE","render_compartment_abundance_figures.R","","PROVENANCE","historical",FALSE,"MEDIUM",""
"render_compartment_abundance_figures","pRoteomics","audits/phase6g_qc_lifecycle.csv","28: ""render_compartment_abundance_figures"",""results/figures/03_qc_exploration/04e_control_compartment_abundance_publication_figures/global/"",""results/qc/render_comp","ANALYSIS_REFERENCE","render_compartment_abundance_figures.R","","PROVENANCE","historical",FALSE,"MEDIUM",""
"render_compartment_abundance_figures","pRoteomics","audits/phase6g_qc_lifecycle.csv","29: ""render_compartment_abundance_figures"",""results/reports/03_qc_exploration/04e_control_compartment_abundance_publication_figures/global/"",""results/qc/render_comp","ANALYSIS_REFERENCE","render_compartment_abundance_figures.R","","PROVENANCE","historical",FALSE,"MEDIUM",""
"render_compartment_abundance_figures","pRoteomics","audits/phase6g_spatial_networks_consumer_reconciliation.csv","9: ""analysis/publication_source_data/08_export_manuscript_figures.R"",""RETAINED"",""Present in both inventories.""","NAMESPACE_BASENAME","publication_source_data","","PROVENANCE","historical",FALSE,"MEDIUM",""
"render_compartment_abundance_figures","pRoteomics","audits/phase6g_writer_namespace_audit.csv","2: ""qc"",""render_compartment_abundance_figures"",""analysis/qc/render_compartment_abundance_figures.R"",""results/qc/render_compartment_abundance_figures/global/tables/","FULL_PATH","results/qc/render_compartment_abundance_figures/global/tables/source_data","","PROVENANCE","historical",FALSE,"HIGH",""
"render_compartment_abundance_figures","pRoteomics","audits/phase6g_writer_namespace_audit.csv","2: ""qc"",""render_compartment_abundance_figures"",""analysis/qc/render_compartment_abundance_figures.R"",""results/qc/render_compartment_abundance_figures/global/tables/","FULL_PATH","results/qc/render_compartment_abundance_figures/global/plots","","PROVENANCE","historical",FALSE,"HIGH",""
"render_compartment_abundance_figures","pRoteomics","audits/phase6g_writer_namespace_audit.csv","2: ""qc"",""render_compartment_abundance_figures"",""analysis/qc/render_compartment_abundance_figures.R"",""results/qc/render_compartment_abundance_figures/global/tables/","FULL_PATH","results/qc/render_compartment_abundance_figures/global/reports","","PROVENANCE","historical",FALSE,"HIGH",""
"render_compartment_abundance_figures","pRoteomics","audits/phase6g_writer_namespace_audit.csv","74: ""publication_source_data"",""08_export_manuscript_figures"",""analysis/publication_source_data/08_export_manuscript_figures.R"",""results/manuscript/figure_1/ | resul","NAMESPACE_BASENAME","publication_source_data","","PROVENANCE","historical",FALSE,"MEDIUM",""
"render_compartment_abundance_figures","pRoteomics","audits/phase6g_writer_namespace_audit.csv","75: ""publication_source_data"",""09_export_source_data"",""analysis/publication_source_data/09_export_source_data.R"",""results/manuscript/source_data/ | results/manuscri","NAMESPACE_BASENAME","publication_source_data","","PROVENANCE","historical",FALSE,"MEDIUM",""
"render_compartment_abundance_figures","pRoteomics","audits/phase6g_writer_namespace_audit.csv","76: ""publication_source_data"",""build_biological_claims_table"",""analysis/publication_source_data/build_biological_claims_table.R"",""results/tables/biological_claims_t","NAMESPACE_BASENAME","publication_source_data","","PROVENANCE","historical",FALSE,"MEDIUM",""
"render_compartment_abundance_figures","pRoteomics","audits/phase6g_writer_namespace_audit.csv","77: ""publication_source_data"",""build_methods_summary"",""analysis/publication_source_data/build_methods_summary.R"",""pride_submission/methods/methods_summary.md | prid","NAMESPACE_BASENAME","publication_source_data","","PROVENANCE","historical",FALSE,"MEDIUM",""
"render_compartment_abundance_figures","pRoteomics","audits/phase6g_writer_namespace_audit.csv","78: ""publication_source_data"",""build_pride_manifest"",""analysis/publication_source_data/build_pride_manifest.R"",""pride_submission/manifests/pride_file_manifest.tsv"",","NAMESPACE_BASENAME","publication_source_data","","PROVENANCE","historical",FALSE,"MEDIUM",""
"render_compartment_abundance_figures","pRoteomics","audits/phase6g_writer_namespace_audit.csv","79: ""publication_source_data"",""build_sample_metadata"",""analysis/publication_source_data/build_sample_metadata.R"",""pride_submission/metadata/sample_metadata.tsv | pr","NAMESPACE_BASENAME","publication_source_data","","PROVENANCE","historical",FALSE,"MEDIUM",""
"render_compartment_abundance_figures","pRoteomics","audits/phase6g_writer_namespace_audit.csv","80: ""publication_source_data"",""build_supplementary_tables"",""analysis/publication_source_data/build_supplementary_tables.R"",""pride_submission/supplementary_tables/"",","NAMESPACE_BASENAME","publication_source_data","","PROVENANCE","historical",FALSE,"MEDIUM",""
"render_compartment_abundance_figures","pRoteomics","audits/phase6g_writer_namespace_audit.csv","81: ""publication_source_data"",""export_processed_matrices"",""analysis/publication_source_data/export_processed_matrices.R"",""pride_submission/processed_data/ | pride_s","NAMESPACE_BASENAME","publication_source_data","","PROVENANCE","historical",FALSE,"MEDIUM",""
"render_compartment_abundance_figures","pRoteomics","audits/phase6g_writer_namespace_audit.csv","82: ""publication_source_data"",""validate_pride_submission"",""analysis/publication_source_data/validate_pride_submission.R"",""pride_submission/validation/validation_rep","NAMESPACE_BASENAME","publication_source_data","","PROVENANCE","historical",FALSE,"MEDIUM",""
"render_compartment_abundance_figures","pRoteomics","audits/phase6g_writer_namespace_audit.csv","2: ""qc"",""render_compartment_abundance_figures"",""analysis/qc/render_compartment_abundance_figures.R"",""results/qc/render_compartment_abundance_figures/global/tables/","ANALYSIS_REFERENCE","render_compartment_abundance_figures","","PROVENANCE","historical",FALSE,"MEDIUM",""
"render_compartment_abundance_figures","pRoteomics","audits/phase6g_writer_namespace_audit.csv","2: ""qc"",""render_compartment_abundance_figures"",""analysis/qc/render_compartment_abundance_figures.R"",""results/qc/render_compartment_abundance_figures/global/tables/","ANALYSIS_REFERENCE","render_compartment_abundance_figures.R","","PROVENANCE","historical",FALSE,"MEDIUM",""
"render_compartment_abundance_figures","pRoteomics","audits/publication_hardening/06_target_structure_and_risk.R","104: ""03_qc_exploration/04f_compartment_fidelity_summary.r"",","NAMESPACE_BASENAME","03_qc_exploration","","PROVENANCE","historical",FALSE,"MEDIUM",""
"render_compartment_abundance_figures","pRoteomics","audits/restructure_migration_map.csv","23: ""pRoteomics"",""results/source_data/03_qc_exploration/04e_control_compartment_abundance_publication_figures/global/figure2d_compact_recognizable_markers_v2_source","FULL_PATH","results/source_data/03_qc_exploration/04e_control_compartment_abundance_publication_figures/global","","PROVENANCE","historical",FALSE,"HIGH",""
"render_compartment_abundance_figures","pRoteomics","audits/restructure_migration_map.csv","23: ""pRoteomics"",""results/source_data/03_qc_exploration/04e_control_compartment_abundance_publication_figures/global/figure2d_compact_recognizable_markers_v2_source","NAMESPACE_BASENAME","03_qc_exploration","","PROVENANCE","historical",FALSE,"MEDIUM",""
"render_compartment_abundance_figures","pRoteomics","audits/restructure_migration_map.csv","25: ""pRoteomics"",""results/tables/03_qc_exploration/00b_joint_compartment_qc/global/joint_primary_pca_scores.csv"",""2e1decd69cb06a145ce5890f3eba785529dc45ed58325bf92b","NAMESPACE_BASENAME","03_qc_exploration","","PROVENANCE","historical",FALSE,"MEDIUM",""
"render_compartment_abundance_figures","pRoteomics","audits/restructure_migration_map.csv","26: ""pRoteomics"",""results/tables/03_qc_exploration/00b_joint_compartment_qc/global/joint_primary_pca_variance_explained.csv"",""a95fe04686db47e86b185157e7e3864d4e0264","NAMESPACE_BASENAME","03_qc_exploration","","PROVENANCE","historical",FALSE,"MEDIUM",""
"render_compartment_abundance_figures","pRoteomics","audits/restructure_migration_map.csv","23: ""pRoteomics"",""results/source_data/03_qc_exploration/04e_control_compartment_abundance_publication_figures/global/figure2d_compact_recognizable_markers_v2_source","NAMESPACE_BASENAME","04e_control_compartment_abundance_publication_figures","","PROVENANCE","historical",FALSE,"MEDIUM",""
"render_compartment_abundance_figures","pRoteomics","docs/restructure_inventory.csv","671: ""results/source_data/03_qc_exploration/04e_control_compartment_abundance_publication_figures/global/figure2d_compact_recognizable_markers_v2_source_data.csv"",""P","FULL_PATH","results/source_data/03_qc_exploration/04e_control_compartment_abundance_publication_figures/global","","PROVENANCE","historical",FALSE,"HIGH",""
"render_compartment_abundance_figures","pRoteomics","docs/restructure_inventory.csv","19: ""03_qc_exploration/assess_dataset_quality.R"",""ANALYSIS_ENTRYPOINT"",""proteomics"",""ACTIVE_CANONICAL"",TRUE,FALSE,""pRoteomics"",""analysis/02_qc/assess_dataset_qualit","NAMESPACE_BASENAME","03_qc_exploration","","PROVENANCE","historical",FALSE,"MEDIUM",""
"render_compartment_abundance_figures","pRoteomics","docs/restructure_inventory.csv","20: ""03_qc_exploration/assess_joint_compartment_quality.R"",""ANALYSIS_ENTRYPOINT"",""proteomics"",""ACTIVE_CANONICAL"",TRUE,FALSE,""pRoteomics"",""analysis/02_qc/assess_join","NAMESPACE_BASENAME","03_qc_exploration","","PROVENANCE","historical",FALSE,"MEDIUM",""
"render_compartment_abundance_figures","pRoteomics","docs/restructure_inventory.csv","21: ""03_qc_exploration/render_joint_compartment_qc_figures.R"",""ANALYSIS_ENTRYPOINT"",""proteomics"",""ACTIVE_CANONICAL"",TRUE,FALSE,""pRoteomics"",""analysis/02_qc/render_j","NAMESPACE_BASENAME","03_qc_exploration","","PROVENANCE","historical",FALSE,"MEDIUM",""
"render_compartment_abundance_figures","pRoteomics","docs/restructure_inventory.csv","22: ""03_qc_exploration/assess_sample_quality.R"",""ANALYSIS_ENTRYPOINT"",""proteomics"",""ACTIVE_CANONICAL"",TRUE,FALSE,""pRoteomics"",""analysis/02_qc/assess_sample_quality.","NAMESPACE_BASENAME","03_qc_exploration","","PROVENANCE","historical",FALSE,"MEDIUM",""
"render_compartment_abundance_figures","pRoteomics","docs/restructure_inventory.csv","23: ""03_qc_exploration/summarize_missingness.R"",""ANALYSIS_ENTRYPOINT"",""proteomics"",""ACTIVE_CANONICAL"",TRUE,FALSE,""pRoteomics"",""analysis/02_qc/summarize_missingness.","NAMESPACE_BASENAME","03_qc_exploration","","PROVENANCE","historical",FALSE,"MEDIUM",""
"render_compartment_abundance_figures","pRoteomics","docs/restructure_inventory.csv","24: ""03_qc_exploration/assess_replicate_consistency.R"",""ANALYSIS_ENTRYPOINT"",""proteomics"",""ACTIVE_CANONICAL"",TRUE,FALSE,""pRoteomics"",""analysis/02_qc/assess_replicat","NAMESPACE_BASENAME","03_qc_exploration","","PROVENANCE","historical",FALSE,"MEDIUM",""
"render_compartment_abundance_figures","pRoteomics","docs/restructure_inventory.csv","25: ""03_qc_exploration/assess_marker_rank_abundance.R"",""ANALYSIS_ENTRYPOINT"",""proteomics"",""ACTIVE_CANONICAL"",TRUE,FALSE,""pRoteomics"",""analysis/02_qc/assess_marker_r","NAMESPACE_BASENAME","03_qc_exploration","","PROVENANCE","historical",FALSE,"MEDIUM",""
"render_compartment_abundance_figures","pRoteomics","docs/restructure_inventory.csv","26: ""03_qc_exploration/build_reference_marker_registry.R"",""ANALYSIS_ENTRYPOINT"",""proteomics"",""ACTIVE_CANONICAL"",TRUE,FALSE,""pRoteomics"",""analysis/02_qc/build_refere","NAMESPACE_BASENAME","03_qc_exploration","","PROVENANCE","historical",FALSE,"MEDIUM",""
"render_compartment_abundance_figures","pRoteomics","docs/restructure_inventory.csv","27: ""03_qc_exploration/summarize_marker_detectability.R"",""ANALYSIS_ENTRYPOINT"",""proteomics"",""ACTIVE_CANONICAL"",TRUE,FALSE,""pRoteomics"",""analysis/02_qc/summarize_mar","NAMESPACE_BASENAME","03_qc_exploration","","PROVENANCE","historical",FALSE,"MEDIUM",""
"render_compartment_abundance_figures","pRoteomics","docs/restructure_inventory.csv","28: ""03_qc_exploration/04d_compartment_marker_fidelity.r"",""LEGACY_SUPERSEDED"",""proteomics"",""SUPERSEDED_PROVENANCE"",TRUE,FALSE,""pRoteomics"",""archive/02_qc/04d_compar","NAMESPACE_BASENAME","03_qc_exploration","","PROVENANCE","historical",FALSE,"MEDIUM",""
"render_compartment_abundance_figures","pRoteomics","docs/restructure_inventory.csv","29: ""03_qc_exploration/render_compartment_abundance_figures.R"",""ANALYSIS_ENTRYPOINT"",""proteomics"",""ACTIVE_CANONICAL"",TRUE,FALSE,""pRoteomics"",""analysis/02_qc/render_","NAMESPACE_BASENAME","03_qc_exploration","","PROVENANCE","historical",FALSE,"MEDIUM",""
"render_compartment_abundance_figures","pRoteomics","docs/restructure_inventory.csv","30: ""03_qc_exploration/discover_empirical_roi_markers.R"",""ANALYSIS_ENTRYPOINT"",""proteomics"",""ACTIVE_CANONICAL"",TRUE,FALSE,""pRoteomics"",""analysis/02_qc/discover_empi","NAMESPACE_BASENAME","03_qc_exploration","","PROVENANCE","historical",FALSE,"MEDIUM",""
"render_compartment_abundance_figures","pRoteomics","docs/restructure_inventory.csv","31: ""03_qc_exploration/assess_pca_confounding.R"",""ANALYSIS_ENTRYPOINT"",""proteomics"",""ACTIVE_CANONICAL"",TRUE,FALSE,""pRoteomics"",""analysis/02_qc/assess_pca_confoundin","NAMESPACE_BASENAME","03_qc_exploration","","PROVENANCE","historical",FALSE,"MEDIUM",""
"render_compartment_abundance_figures","pRoteomics","docs/restructure_inventory.csv","32: ""03_qc_exploration/partition_variance.R"",""ANALYSIS_ENTRYPOINT"",""proteomics"",""ACTIVE_CANONICAL"",TRUE,FALSE,""pRoteomics"",""analysis/02_qc/partition_variance.R"",""ru","NAMESPACE_BASENAME","03_qc_exploration","","PROVENANCE","historical",FALSE,"MEDIUM",""
"render_compartment_abundance_figures","pRoteomics","docs/restructure_inventory.csv","33: ""03_qc_exploration/export_marker_traits.R"",""ANALYSIS_ENTRYPOINT"",""proteomics"",""ACTIVE_CANONICAL"",TRUE,FALSE,""pRoteomics"",""analysis/02_qc/export_marker_traits.R""","NAMESPACE_BASENAME","03_qc_exploration","","PROVENANCE","historical",FALSE,"MEDIUM",""
"render_compartment_abundance_figures","pRoteomics","docs/restructure_inventory.csv","34: ""03_qc_exploration/summarize_qc_confounding.R"",""ANALYSIS_ENTRYPOINT"",""proteomics"",""ACTIVE_CANONICAL"",TRUE,FALSE,""pRoteomics"",""analysis/02_qc/summarize_qc_confou","NAMESPACE_BASENAME","03_qc_exploration","","PROVENANCE","historical",FALSE,"MEDIUM",""
"render_compartment_abundance_figures","pRoteomics","docs/restructure_inventory.csv","35: ""03_qc_exploration/README.md"",""DOCUMENTATION"",""proteomics"",""ACTIVE_SUPPORT"",TRUE,FALSE,""pRoteomics"",""analysis/02_qc/README.md"",""stage-local documentation""","NAMESPACE_BASENAME","03_qc_exploration","","PROVENANCE","historical",FALSE,"MEDIUM",""
"render_compartment_abundance_figures","pRoteomics","docs/restructure_inventory.csv","36: ""03_qc_exploration/legacy/06_pcaPlot_Neha.r"",""LEGACY_SUPERSEDED"",""proteomics"",""SUPERSEDED_PROVENANCE"",TRUE,FALSE,""pRoteomics"",""archive/03_qc_exploration/legacy/","NAMESPACE_BASENAME","03_qc_exploration","","PROVENANCE","historical",FALSE,"MEDIUM",""
"render_compartment_abundance_figures","pRoteomics","docs/restructure_inventory.csv","37: ""03_qc_exploration/legacy/08_boxplotBonanza.r"",""LEGACY_SUPERSEDED"",""proteomics"",""SUPERSEDED_PROVENANCE"",TRUE,FALSE,""pRoteomics"",""archive/03_qc_exploration/legac","NAMESPACE_BASENAME","03_qc_exploration","","PROVENANCE","historical",FALSE,"MEDIUM",""
"render_compartment_abundance_figures","pRoteomics","docs/restructure_inventory.csv","38: ""03_qc_exploration/legacy/README.md"",""LEGACY_SUPERSEDED"",""proteomics"",""SUPERSEDED_PROVENANCE"",TRUE,FALSE,""pRoteomics"",""archive/03_qc_exploration/legacy/README.m","NAMESPACE_BASENAME","03_qc_exploration","","PROVENANCE","historical",FALSE,"MEDIUM",""
"render_compartment_abundance_figures","pRoteomics","docs/restructure_inventory.csv","671: ""results/source_data/03_qc_exploration/04e_control_compartment_abundance_publication_figures/global/figure2d_compact_recognizable_markers_v2_source_data.csv"",""P","NAMESPACE_BASENAME","03_qc_exploration","","PROVENANCE","historical",FALSE,"MEDIUM",""
"render_compartment_abundance_figures","pRoteomics","docs/restructure_inventory.csv","673: ""results/tables/03_qc_exploration/00b_joint_compartment_qc/global/joint_primary_pca_scores.csv"",""CANONICAL_ANALYSIS_OUTPUT"",""proteomics"",""ACTIVE_CANONICAL"",FALS","NAMESPACE_BASENAME","03_qc_exploration","","PROVENANCE","historical",FALSE,"MEDIUM",""
"render_compartment_abundance_figures","pRoteomics","docs/restructure_inventory.csv","674: ""results/tables/03_qc_exploration/00b_joint_compartment_qc/global/joint_primary_pca_variance_explained.csv"",""CANONICAL_ANALYSIS_OUTPUT"",""proteomics"",""ACTIVE_CAN","NAMESPACE_BASENAME","03_qc_exploration","","PROVENANCE","historical",FALSE,"MEDIUM",""
"render_compartment_abundance_figures","pRoteomics","docs/restructure_inventory.csv","671: ""results/source_data/03_qc_exploration/04e_control_compartment_abundance_publication_figures/global/figure2d_compact_recognizable_markers_v2_source_data.csv"",""P","NAMESPACE_BASENAME","04e_control_compartment_abundance_publication_figures","","PROVENANCE","historical",FALSE,"MEDIUM",""
"render_compartment_abundance_figures","pRoteomics","docs/restructure_inventory.csv","29: ""03_qc_exploration/render_compartment_abundance_figures.R"",""ANALYSIS_ENTRYPOINT"",""proteomics"",""ACTIVE_CANONICAL"",TRUE,FALSE,""pRoteomics"",""analysis/02_qc/render_","ANALYSIS_REFERENCE","render_compartment_abundance_figures","","PROVENANCE","historical",FALSE,"MEDIUM",""
"render_compartment_abundance_figures","pRoteomics","docs/restructure_inventory.csv","29: ""03_qc_exploration/render_compartment_abundance_figures.R"",""ANALYSIS_ENTRYPOINT"",""proteomics"",""ACTIVE_CANONICAL"",TRUE,FALSE,""pRoteomics"",""analysis/02_qc/render_","ANALYSIS_REFERENCE","render_compartment_abundance_figures.R","","PROVENANCE","historical",FALSE,"MEDIUM",""
"render_compartment_abundance_figures","pRoteomics","tools/verify_path_contract_rewrites.R","40: c(""03_qc_exploration"",                     ""analysis/qc""),","NAMESPACE_BASENAME","03_qc_exploration","","PROVENANCE","active",FALSE,"MEDIUM",""
"render_compartment_abundance_figures","pRoteomics","tests/testthat/test-qc-writer-namespace.R","23: ""render_compartment_abundance_figures"",","ANALYSIS_REFERENCE","render_compartment_abundance_figures","","TEST","active",FALSE,"MEDIUM",""
"render_compartment_abundance_figures","pRoteomics","tests/testthat/test-qc-writer-namespace.R","31: DELEGATES <- ""render_compartment_abundance_figures""","ANALYSIS_REFERENCE","render_compartment_abundance_figures","","TEST","active",FALSE,"MEDIUM",""
