"figure_panel","scientific_owner_stage","owner_table","exported_by","permutation_id","seed","model_id","model_label","cv_scheme","performance_metric","performance_value","is_observed","n_permutations","row_role"
"1e","Analysis/09_early_prediction_model_ladder.R","early_prediction_permutation_draws.csv","Analysis/_supporting/build_figure1_panel_source_data.R",0,20260811,"movement_mean","Movement mean","leave-one-animal-out outcome permutation with full refit","cv_r2_vs_mean",0.1593945585532,TRUE,1000,"observed_statistic"
"1e","Analysis/09_early_prediction_model_ladder.R","early_prediction_permutation_draws.csv","Analysis/_supporting/build_figure1_panel_source_data.R",1,20260811,"movement_mean","Movement mean","leave-one-animal-out outcome permutation with full refit","cv_r2_vs_mean",-0.0225335264360227,FALSE,1000,"permutation_draw"
"1e","Analysis/09_early_prediction_model_ladder.R","early_prediction_permutation_draws.csv","Analysis/_supporting/build_figure1_panel_source_data.R",2,20260811,"movement_mean","Movement mean","leave-one-animal-out outcome permutation with full refit","cv_r2_vs_mean",-0.0215475431421459,FALSE,1000,"permutation_draw"
"1e","Analysis/09_early_prediction_model_ladder.R","early_prediction_permutation_draws.csv","Analysis/_supporting/build_figure1_panel_source_data.R",3,20260811,"movement_mean","Movement mean","leave-one-animal-out outcome permutation with full refit","cv_r2_vs_mean",-0.0108151729774282,FALSE,1000,"permutation_draw"
"1e","Analysis/09_early_prediction_model_ladder.R","early_prediction_permutation_draws.csv","Analysis/_supporting/build_figure1_panel_source_data.R",4,20260811,"movement_mean","Movement mean","leave-one-animal-out outcome permutation with full refit","cv_r2_vs_mean",-0.0334496833012705,FALSE,1000,"permutation_draw"
"1e","Analysis/09_early_prediction_model_ladder.R","early_prediction_permutation_draws.csv","Analysis/_supporting/build_figure1_panel_source_data.R",5,20260811,"movement_mean","Movement mean","leave-one-animal-out outcome permutation with full refit","cv_r2_vs_mean",-0.0372377627325875,FALSE,1000,"permutation_draw"
"1e","Analysis/09_early_prediction_model_ladder.R","early_prediction_permutation_draws.csv","Analysis/_supporting/build_figure1_panel_source_data.R",6,20260811,"movement_mean","Movement mean","leave-one-animal-out outcome permutation with full refit","cv_r2_vs_mean",-0.0365153508191614,FALSE,1000,"permutation_draw"
"1e","Analysis/09_early_prediction_model_ladder.R","early_prediction_permutation_draws.csv","Analysis/_supporting/build_figure1_panel_source_data.R",7,20260811,"movement_mean","Movement mean","leave-one-animal-out outcome permutation with full refit","cv_r2_vs_mean",-0.0295678860326196,FALSE,1000,"permutation_draw"
"1e","Analysis/09_early_prediction_model_ladder.R","early_prediction_permutation_draws.csv","Analysis/_supporting/build_figure1_panel_source_data.R",8,20260811,"movement_mean","Movement mean","leave-one-animal-out outcome permutation with full refit","cv_r2_vs_mean",-0.034493185936117,FALSE,1000,"permutation_draw"
"1e","Analysis/09_early_prediction_model_ladder.R","early_prediction_permutation_draws.csv","Analysis/_supporting/build_figure1_panel_source_data.R",9,20260811,"movement_mean","Movement mean","leave-one-animal-out outcome permutation with full refit","cv_r2_vs_mean",-0.0237158699890381,FALSE,1000,"permutation_draw"
"1e","Analysis/09_early_prediction_model_ladder.R","early_prediction_permutation_draws.csv","Analysis/_supporting/build_figure1_panel_source_data.R",10,20260811,"movement_mean","Movement mean","leave-one-animal-out outcome permutation with full refit","cv_r2_vs_mean",-0.0265515139989301,FALSE,1000,"permutation_draw"
"1e","Analysis/09_early_prediction_model_ladder.R","early_prediction_permutation_draws.csv","Analysis/_supporting/build_figure1_panel_source_data.R",11,20260811,"movement_mean","Movement mean","leave-one-animal-out outcome permutation with full refit","cv_r2_vs_mean",0.0253883451521655,FALSE,1000,"permutation_draw"
"1e","Analysis/09_early_prediction_model_ladder.R","early_prediction_permutation_draws.csv","Analysis/_supporting/build_figure1_panel_source_data.R",12,20260811,"movement_mean","Movement mean","leave-one-animal-out outcome permutation with full refit","cv_r2_vs_mean",-0.0259853521504347,FALSE,1000,"permutation_draw"
"1e","Analysis/09_early_prediction_model_ladder.R","early_prediction_permutation_draws.csv","Analysis/_supporting/build_figure1_panel_source_data.R",13,20260811,"movement_mean","Movement mean","leave-one-animal-out outcome permutation with full refit","cv_r2_vs_mean",-0.0387294977036541,FALSE,1000,"permutation_draw"
"1e","Analysis/09_early_prediction_model_ladder.R","early_prediction_permutation_draws.csv","Analysis/_supporting/build_figure1_panel_source_data.R",14,20260811,"movement_mean","Movement mean","leave-one-animal-out outcome permutation with full refit","cv_r2_vs_mean",-0.0220608996012044,FALSE,1000,"permutation_draw"
"1e","Analysis/09_early_prediction_model_ladder.R","early_prediction_permutation_draws.csv","Analysis/_supporting/build_figure1_panel_source_data.R",15,20260811,"movement_mean","Movement mean","leave-one-animal-out outcome permutation with full refit","cv_r2_vs_mean",-0.00438536004307876,FALSE,1000,"permutation_draw"
"1e","Analysis/09_early_prediction_model_ladder.R","early_prediction_permutation_draws.csv","Analysis/_supporting/build_figure1_panel_source_data.R",16,20260811,"movement_mean","Movement mean","leave-one-animal-out outcome permutation with full refit","cv_r2_vs_mean",-0.0235490779576621,FALSE,1000,"permutation_draw"
"1e","Analysis/09_early_prediction_model_ladder.R","early_prediction_permutation_draws.csv","Analysis/_supporting/build_figure1_panel_source_data.R",17,20260811,"movement_mean","Movement mean","leave-one-animal-out outcome permutation with full refit","cv_r2_vs_mean",-0.0411239407087134,FALSE,1000,"permutation_draw"
"1e","Analysis/09_early_prediction_model_ladder.R","early_prediction_permutation_draws.csv","Analysis/_supporting/build_figure1_panel_source_data.R",18,20260811,"movement_mean","Movement mean","leave-one-animal-out outcome permutation with full refit","cv_r2_vs_mean",-0.0326691467288302,FALSE,1000,"permutation_draw"
"1e","Analysis/09_early_prediction_model_ladder.R","early_prediction_permutation_draws.csv","Analysis/_supporting/build_figure1_panel_source_data.R",19,20260811,"movement_mean","Movement mean","leave-one-animal-out outcome permutation with full refit","cv_r2_vs_mean",-0.0387940253609456,FALSE,1000,"permutation_draw"
"1e","Analysis/09_early_prediction_model_ladder.R","early_prediction_permutation_draws.csv","Analysis/_supporting/build_figure1_panel_source_data.R",20,20260811,"movement_mean","Movement mean","leave-one-animal-out outcome permutation with full refit","cv_r2_vs_mean",-0.0175281597131991,FALSE,1000,"permutation_draw"
"1e","Analysis/09_early_prediction_model_ladder.R","early_prediction_permutation_draws.csv","Analysis/_supporting/build_figure1_panel_source_data.R",21,20260811,"movement_mean","Movement mean","leave-one-animal-out outcome permutation with full refit","cv_r2_vs_mean",-0.00754754156665882,FALSE,1000,"permutation_draw"
"1e","Analysis/09_early_prediction_model_ladder.R","early_prediction_permutation_draws.csv","Analysis/_supporting/build_figure1_panel_source_data.R",22,20260811,"movement_mean","Movement mean","leave-one-animal-out outcome permutation with full refit","cv_r2_vs_mean",0.00798410483141742,FALSE,1000,"permutation_draw"
"1e","Analysis/09_early_prediction_model_ladder.R","early_prediction_permutation_draws.csv","Analysis/_supporting/build_figure1_panel_source_data.R",23,20260811,"movement_mean","Movement mean","leave-one-animal-out outcome permutation with full refit","cv_r2_vs_mean",-0.0373418790514006,FALSE,1000,"permutation_draw"
"1e","Analysis/09_early_prediction_model_ladder.R","early_prediction_permutation_draws.csv","Analysis/_supporting/build_figure1_panel_source_data.R",24,20260811,"movement_mean","Movement mean","leave-one-animal-out outcome permutation with full refit","cv_r2_vs_mean",-0.0348790844092484,FALSE,1000,"permutation_draw"
"1e","Analysis/09_early_prediction_model_ladder.R","early_prediction_permutation_draws.csv","Analysis/_supporting/build_figure1_panel_source_data.R",25,20260811,"movement_mean","Movement mean","leave-one-animal-out outcome permutation with full refit","cv_r2_vs_mean",-0.0243580225629669,FALSE,1000,"permutation_draw"
"1e","Analysis/09_early_prediction_model_ladder.R","early_prediction_permutation_draws.csv","Analysis/_supporting/build_figure1_panel_source_data.R",26,20260811,"movement_mean","Movement mean","leave-one-animal-out outcome permutation with full refit","cv_r2_vs_mean",-0.0274437745507325,FALSE,1000,"permutation_draw"
"1e","Analysis/09_early_prediction_model_ladder.R","early_prediction_permutation_draws.csv","Analysis/_supporting/build_figure1_panel_source_data.R",27,20260811,"movement_mean","Movement mean","leave-one-animal-out outcome permutation with full refit","cv_r2_vs_mean",-0.0349396565215296,FALSE,1000,"permutation_draw"
"1e","Analysis/09_early_prediction_model_ladder.R","early_prediction_permutation_draws.csv","Analysis/_supporting/build_figure1_panel_source_data.R",28,20260811,"movement_mean","Movement mean","leave-one-animal-out outcome permutation with full refit","cv_r2_vs_mean",-0.0420046574165731,FALSE,1000,"permutation_draw"
"1e","Analysis/09_early_prediction_model_ladder.R","early_prediction_permutation_draws.csv","Analysis/_supporting/build_figure1_panel_source_data.R",29,20260811,"movement_mean","Movement mean","leave-one-animal-out outcome permutation with full refit","cv_r2_vs_mean",-0.011943822768969,FALSE,1000,"permutation_draw"
"1e","Analysis/09_early_prediction_model_ladder.R","early_prediction_permutation_draws.csv","Analysis/_supporting/build_figure1_panel_source_data.R",30,20260811,"movement_mean","Movement mean","leave-one-animal-out outcome permutation with full refit","cv_r2_vs_mean",-0.0348964973407102,FALSE,1000,"permutation_draw"
"1e","Analysis/09_early_prediction_model_ladder.R","early_prediction_permutation_draws.csv","Analysis/_supporting/build_figure1_panel_source_data.R",31,20260811,"movement_mean","Movement mean","leave-one-animal-out outcome permutation with full refit","cv_r2_vs_mean",-0.030302705891929,FALSE,1000,"permutation_draw"
"1e","Analysis/09_early_prediction_model_ladder.R","early_prediction_permutation_draws.csv","Analysis/_supporting/build_figure1_panel_source_data.R",32,20260811,"movement_mean","Movement mean","leave-one-animal-out outcome permutation with full refit","cv_r2_vs_mean",-0.0316067972782186,FALSE,1000,"permutation_draw"
"1e","Analysis/09_early_prediction_model_ladder.R","early_prediction_permutation_draws.csv","Analysis/_supporting/build_figure1_panel_source_data.R",33,20260811,"movement_mean","Movement mean","leave-one-animal-out outcome permutation with full refit","cv_r2_vs_mean",-0.0467217470060606,FALSE,1000,"permutation_draw"
"1e","Analysis/09_early_prediction_model_ladder.R","early_prediction_permutation_draws.csv","Analysis/_supporting/build_figure1_panel_source_data.R",34,20260811,"movement_mean","Movement mean","leave-one-animal-out outcome permutation with full refit","cv_r2_vs_mean",-0.0200031404552616,FALSE,1000,"permutation_draw"
"1e","Analysis/09_early_prediction_model_ladder.R","early_prediction_permutation_draws.csv","Analysis/_supporting/build_figure1_panel_source_data.R",35,20260811,"movement_mean","Movement mean","leave-one-animal-out outcome permutation with full refit","cv_r2_vs_mean",-0.0323389040898188,FALSE,1000,"permutation_draw"
"1e","Analysis/09_early_prediction_model_ladder.R","early_prediction_permutation_draws.csv","Analysis/_supporting/build_figure1_panel_source_data.R",36,20260811,"movement_mean","Movement mean","leave-one-animal-out outcome permutation with full refit","cv_r2_vs_mean",-0.0384033504505463,FALSE,1000,"permutation_draw"
"1e","Analysis/09_early_prediction_model_ladder.R","early_prediction_permutation_draws.csv","Analysis/_supporting/build_figure1_panel_source_data.R",37,20260811,"movement_mean","Movement mean","leave-one-animal-out outcome permutation with full refit","cv_r2_vs_mean",-0.0360872275578354,FALSE,1000,"permutation_draw"
"1e","Analysis/09_early_prediction_model_ladder.R","early_prediction_permutation_draws.csv","Analysis/_supporting/build_figure1_panel_source_data.R",38,20260811,"movement_mean","Movement mean","leave-one-animal-out outcome permutation with full refit","cv_r2_vs_mean",-0.0291937235910551,FALSE,1000,"permutation_draw"
"1e","Analysis/09_early_prediction_model_ladder.R","early_prediction_permutation_draws.csv","Analysis/_supporting/build_figure1_panel_source_data.R",39,20260811,"movement_mean","Movement mean","leave-one-animal-out outcome permutation with full refit","cv_r2_vs_mean",-0.0282175802379994,FALSE,1000,"permutation_draw"
"1e","Analysis/09_early_prediction_model_ladder.R","early_prediction_permutation_draws.csv","Analysis/_supporting/build_figure1_panel_source_data.R",40,20260811,"movement_mean","Movement mean","leave-one-animal-out outcome permutation with full refit","cv_r2_vs_mean",-0.0293443636735315,FALSE,1000,"permutation_draw"
"1e","Analysis/09_early_prediction_model_ladder.R","early_prediction_permutation_draws.csv","Analysis/_supporting/build_figure1_panel_source_data.R",41,20260811,"movement_mean","Movement mean","leave-one-animal-out outcome permutation with full refit","cv_r2_vs_mean",-0.0345369173453502,FALSE,1000,"permutation_draw"
"1e","Analysis/09_early_prediction_model_ladder.R","early_prediction_permutation_draws.csv","Analysis/_supporting/build_figure1_panel_source_data.R",42,20260811,"movement_mean","Movement mean","leave-one-animal-out outcome permutation with full refit","cv_r2_vs_mean",-0.0328618125906603,FALSE,1000,"permutation_draw"
"1e","Analysis/09_early_prediction_model_ladder.R","early_prediction_permutation_draws.csv","Analysis/_supporting/build_figure1_panel_source_data.R",43,20260811,"movement_mean","Movement mean","leave-one-animal-out outcome permutation with full refit","cv_r2_vs_mean",-0.0399104810158382,FALSE,1000,"permutation_draw"
"1e","Analysis/09_early_prediction_model_ladder.R","early_prediction_permutation_draws.csv","Analysis/_supporting/build_figure1_panel_source_data.R",44,20260811,"movement_mean","Movement mean","leave-one-animal-out outcome permutation with full refit","cv_r2_vs_mean",-0.0160525816811126,FALSE,1000,"permutation_draw"
"1e","Analysis/09_early_prediction_model_ladder.R","early_prediction_permutation_draws.csv","Analysis/_supporting/build_figure1_panel_source_data.R",45,20260811,"movement_mean","Movement mean","leave-one-animal-out outcome permutation with full refit","cv_r2_vs_mean",-0.0191393849586936,FALSE,1000,"permutation_draw"
"1e","Analysis/09_early_prediction_model_ladder.R","early_prediction_permutation_draws.csv","Analysis/_supporting/build_figure1_panel_source_data.R",46,20260811,"movement_mean","Movement mean","leave-one-animal-out outcome permutation with full refit","cv_r2_vs_mean",-0.0458302618602582,FALSE,1000,"permutation_draw"
"1e","Analysis/09_early_prediction_model_ladder.R","early_prediction_permutation_draws.csv","Analysis/_supporting/build_figure1_panel_source_data.R",47,20260811,"movement_mean","Movement mean","leave-one-animal-out outcome permutation with full refit","cv_r2_vs_mean",-0.0358301037040498,FALSE,1000,"permutation_draw"
"1e","Analysis/09_early_prediction_model_ladder.R","early_prediction_permutation_draws.csv","Analysis/_supporting/build_figure1_panel_source_data.R",48,20260811,"movement_mean","Movement mean","leave-one-animal-out outcome permutation with full refit","cv_r2_vs_mean",-0.0351122449339438,FALSE,1000,"permutation_draw"
"1e","Analysis/09_early_prediction_model_ladder.R","early_prediction_permutation_draws.csv","Analysis/_supporting/build_figure1_panel_source_data.R",49,20260811,"movement_mean","Movement mean","leave-one-animal-out outcome permutation with full refit","cv_r2_vs_mean",-0.0353781706866618,FALSE,1000,"permutation_draw"
"1e","Analysis/09_early_prediction_model_ladder.R","early_prediction_permutation_draws.csv","Analysis/_supporting/build_figure1_panel_source_data.R",50,20260811,"movement_mean","Movement mean","leave-one-animal-out outcome permutation with full refit","cv_r2_vs_mean",-0.0354218263974848,FALSE,1000,"permutation_draw"
"1e","Analysis/09_early_prediction_model_ladder.R","early_prediction_permutation_draws.csv","Analysis/_supporting/build_figure1_panel_source_data.R",51,20260811,"movement_mean","Movement mean","leave-one-animal-out outcome permutation with full refit","cv_r2_vs_mean",-0.0296139513368483,FALSE,1000,"permutation_draw"
"1e","Analysis/09_early_prediction_model_ladder.R","early_prediction_permutation_draws.csv","Analysis/_supporting/build_figure1_panel_source_data.R",52,20260811,"movement_mean","Movement mean","leave-one-animal-out outcome permutation with full refit","cv_r2_vs_mean",-0.0340322273272371,FALSE,1000,"permutation_draw"
"1e","Analysis/09_early_prediction_model_ladder.R","early_prediction_permutation_draws.csv","Analysis/_supporting/build_figure1_panel_source_data.R",53,20260811,"movement_mean","Movement mean","leave-one-animal-out outcome permutation with full refit","cv_r2_vs_mean",-0.0335556060637638,FALSE,1000,"permutation_draw"
"1e","Analysis/09_early_prediction_model_ladder.R","early_prediction_permutation_draws.csv","Analysis/_supporting/build_figure1_panel_source_data.R",54,20260811,"movement_mean","Movement mean","leave-one-animal-out outcome permutation with full refit","cv_r2_vs_mean",-0.0250716879407684,FALSE,1000,"permutation_draw"
"1e","Analysis/09_early_prediction_model_ladder.R","early_prediction_permutation_draws.csv","Analysis/_supporting/build_figure1_panel_source_data.R",55,20260811,"movement_mean","Movement mean","leave-one-animal-out outcome permutation with full refit","cv_r2_vs_mean",-0.0239269023123212,FALSE,1000,"permutation_draw"
"1e","Analysis/09_early_prediction_model_ladder.R","early_prediction_permutation_draws.csv","Analysis/_supporting/build_figure1_panel_source_data.R",56,20260811,"movement_mean","Movement mean","leave-one-animal-out outcome permutation with full refit","cv_r2_vs_mean",-0.0279151830732183,FALSE,1000,"permutation_draw"
"1e","Analysis/09_early_prediction_model_ladder.R","early_prediction_permutation_draws.csv","Analysis/_supporting/build_figure1_panel_source_data.R",57,20260811,"movement_mean","Movement mean","leave-one-animal-out outcome permutation with full refit","cv_r2_vs_mean",-0.0395201638079197,FALSE,1000,"permutation_draw"
"1e","Analysis/09_early_prediction_model_ladder.R","early_prediction_permutation_draws.csv","Analysis/_supporting/build_figure1_panel_source_data.R",58,20260811,"movement_mean","Movement mean","leave-one-animal-out outcome permutation with full refit","cv_r2_vs_mean",-0.0311087684339182,FALSE,1000,"permutation_draw"
"1e","Analysis/09_early_prediction_model_ladder.R","early_prediction_permutation_draws.csv","Analysis/_supporting/build_figure1_panel_source_data.R",59,20260811,"movement_mean","Movement mean","leave-one-animal-out outcome permutation with full refit","cv_r2_vs_mean",-0.0329692849464056,FALSE,1000,"permutation_draw"
"1e","Analysis/09_early_prediction_model_ladder.R","early_prediction_permutation_draws.csv","Analysis/_supporting/build_figure1_panel_source_data.R",60,20260811,"movement_mean","Movement mean","leave-one-animal-out outcome permutation with full refit","cv_r2_vs_mean",-0.029540590788353,FALSE,1000,"permutation_draw"
"1e","Analysis/09_early_prediction_model_ladder.R","early_prediction_permutation_draws.csv","Analysis/_supporting/build_figure1_panel_source_data.R",61,20260811,"movement_mean","Movement mean","leave-one-animal-out outcome permutation with full refit","cv_r2_vs_mean",-0.0342065053261287,FALSE,1000,"permutation_draw"
"1e","Analysis/09_early_prediction_model_ladder.R","early_prediction_permutation_draws.csv","Analysis/_supporting/build_figure1_panel_source_data.R",62,20260811,"movement_mean","Movement mean","leave-one-animal-out outcome permutation with full refit","cv_r2_vs_mean",-0.0356627553424966,FALSE,1000,"permutation_draw"
"1e","Analysis/09_early_prediction_model_ladder.R","early_prediction_permutation_draws.csv","Analysis/_supporting/build_figure1_panel_source_data.R",63,20260811,"movement_mean","Movement mean","leave-one-animal-out outcome permutation with full refit","cv_r2_vs_mean",-0.0296892771649202,FALSE,1000,"permutation_draw"
"1e","Analysis/09_early_prediction_model_ladder.R","early_prediction_permutation_draws.csv","Analysis/_supporting/build_figure1_panel_source_data.R",64,20260811,"movement_mean","Movement mean","leave-one-animal-out outcome permutation with full refit","cv_r2_vs_mean",-0.0155017395248855,FALSE,1000,"permutation_draw"
"1e","Analysis/09_early_prediction_model_ladder.R","early_prediction_permutation_draws.csv","Analysis/_supporting/build_figure1_panel_source_data.R",65,20260811,"movement_mean","Movement mean","leave-one-animal-out outcome permutation with full refit","cv_r2_vs_mean",-0.0357115667116903,FALSE,1000,"permutation_draw"
"1e","Analysis/09_early_prediction_model_ladder.R","early_prediction_permutation_draws.csv","Analysis/_supporting/build_figure1_panel_source_data.R",66,20260811,"movement_mean","Movement mean","leave-one-animal-out outcome permutation with full refit","cv_r2_vs_mean",-0.0302630085219266,FALSE,1000,"permutation_draw"
"1e","Analysis/09_early_prediction_model_ladder.R","early_prediction_permutation_draws.csv","Analysis/_supporting/build_figure1_panel_source_data.R",67,20260811,"movement_mean","Movement mean","leave-one-animal-out outcome permutation with full refit","cv_r2_vs_mean",-0.00175645503498378,FALSE,1000,"permutation_draw"
"1e","Analysis/09_early_prediction_model_ladder.R","early_prediction_permutation_draws.csv","Analysis/_supporting/build_figure1_panel_source_data.R",68,20260811,"movement_mean","Movement mean","leave-one-animal-out outcome permutation with full refit","cv_r2_vs_mean",-0.0284950229283898,FALSE,1000,"permutation_draw"
"1e","Analysis/09_early_prediction_model_ladder.R","early_prediction_permutation_draws.csv","Analysis/_supporting/build_figure1_panel_source_data.R",69,20260811,"movement_mean","Movement mean","leave-one-animal-out outcome permutation with full refit","cv_r2_vs_mean",-0.0281067819207645,FALSE,1000,"permutation_draw"
"1e","Analysis/09_early_prediction_model_ladder.R","early_prediction_permutation_draws.csv","Analysis/_supporting/build_figure1_panel_source_data.R",70,20260811,"movement_mean","Movement mean","leave-one-animal-out outcome permutation with full refit","cv_r2_vs_mean",-0.0395780920163393,FALSE,1000,"permutation_draw"
"1e","Analysis/09_early_prediction_model_ladder.R","early_prediction_permutation_draws.csv","Analysis/_supporting/build_figure1_panel_source_data.R",71,20260811,"movement_mean","Movement mean","leave-one-animal-out outcome permutation with full refit","cv_r2_vs_mean",0.0201998188085033,FALSE,1000,"permutation_draw"
"1e","Analysis/09_early_prediction_model_ladder.R","early_prediction_permutation_draws.csv","Analysis/_supporting/build_figure1_panel_source_data.R",72,20260811,"movement_mean","Movement mean","leave-one-animal-out outcome permutation with full refit","cv_r2_vs_mean",-0.0294079000125098,FALSE,1000,"permutation_draw"
"1e","Analysis/09_early_prediction_model_ladder.R","early_prediction_permutation_draws.csv","Analysis/_supporting/build_figure1_panel_source_data.R",73,20260811,"movement_mean","Movement mean","leave-one-animal-out outcome permutation with full refit","cv_r2_vs_mean",-0.031547875873688,FALSE,1000,"permutation_draw"
"1e","Analysis/09_early_prediction_model_ladder.R","early_prediction_permutation_draws.csv","Analysis/_supporting/build_figure1_panel_source_data.R",74,20260811,"movement_mean","Movement mean","leave-one-animal-out outcome permutation with full refit","cv_r2_vs_mean",-0.0277326957513457,FALSE,1000,"permutation_draw"
"1e","Analysis/09_early_prediction_model_ladder.R","early_prediction_permutation_draws.csv","Analysis/_supporting/build_figure1_panel_source_data.R",75,20260811,"movement_mean","Movement mean","leave-one-animal-out outcome permutation with full refit","cv_r2_vs_mean",-0.0327576317135689,FALSE,1000,"permutation_draw"
"1e","Analysis/09_early_prediction_model_ladder.R","early_prediction_permutation_draws.csv","Analysis/_supporting/build_figure1_panel_source_data.R",76,20260811,"movement_mean","Movement mean","leave-one-animal-out outcome permutation with full refit","cv_r2_vs_mean",-0.0180323134497702,FALSE,1000,"permutation_draw"
"1e","Analysis/09_early_prediction_model_ladder.R","early_prediction_permutation_draws.csv","Analysis/_supporting/build_figure1_panel_source_data.R",77,20260811,"movement_mean","Movement mean","leave-one-animal-out outcome permutation with full refit","cv_r2_vs_mean",-0.0286866445467313,FALSE,1000,"permutation_draw"
"1e","Analysis/09_early_prediction_model_ladder.R","early_prediction_permutation_draws.csv","Analysis/_supporting/build_figure1_panel_source_data.R",78,20260811,"movement_mean","Movement mean","leave-one-animal-out outcome permutation with full refit","cv_r2_vs_mean",-0.0312121940520966,FALSE,1000,"permutation_draw"
"1e","Analysis/09_early_prediction_model_ladder.R","early_prediction_permutation_draws.csv","Analysis/_supporting/build_figure1_panel_source_data.R",79,20260811,"movement_mean","Movement mean","leave-one-animal-out outcome permutation with full refit","cv_r2_vs_mean",-0.0344453017634678,FALSE,1000,"permutation_draw"
"1e","Analysis/09_early_prediction_model_ladder.R","early_prediction_permutation_draws.csv","Analysis/_supporting/build_figure1_panel_source_data.R",80,20260811,"movement_mean","Movement mean","leave-one-animal-out outcome permutation with full refit","cv_r2_vs_mean",-0.00715700632008653,FALSE,1000,"permutation_draw"
"1e","Analysis/09_early_prediction_model_ladder.R","early_prediction_permutation_draws.csv","Analysis/_supporting/build_figure1_panel_source_data.R",81,20260811,"movement_mean","Movement mean","leave-one-animal-out outcome permutation with full refit","cv_r2_vs_mean",-0.0250627309998321,FALSE,1000,"permutation_draw"
"1e","Analysis/09_early_prediction_model_ladder.R","early_prediction_permutation_draws.csv","Analysis/_supporting/build_figure1_panel_source_data.R",82,20260811,"movement_mean","Movement mean","leave-one-animal-out outcome permutation with full refit","cv_r2_vs_mean",-0.0368473743555622,FALSE,1000,"permutation_draw"
"1e","Analysis/09_early_prediction_model_ladder.R","early_prediction_permutation_draws.csv","Analysis/_supporting/build_figure1_panel_source_data.R",83,20260811,"movement_mean","Movement mean","leave-one-animal-out outcome permutation with full refit","cv_r2_vs_mean",-0.0345724809698196,FALSE,1000,"permutation_draw"
"1e","Analysis/09_early_prediction_model_ladder.R","early_prediction_permutation_draws.csv","Analysis/_supporting/build_figure1_panel_source_data.R",84,20260811,"movement_mean","Movement mean","leave-one-animal-out outcome permutation with full refit","cv_r2_vs_mean",-0.0340229733381578,FALSE,1000,"permutation_draw"
"1e","Analysis/09_early_prediction_model_ladder.R","early_prediction_permutation_draws.csv","Analysis/_supporting/build_figure1_panel_source_data.R",85,20260811,"movement_mean","Movement mean","leave-one-animal-out outcome permutation with full refit","cv_r2_vs_mean",-0.0406048081547843,FALSE,1000,"permutation_draw"
"1e","Analysis/09_early_prediction_model_ladder.R","early_prediction_permutation_draws.csv","Analysis/_supporting/build_figure1_panel_source_data.R",86,20260811,"movement_mean","Movement mean","leave-one-animal-out outcome permutation with full refit","cv_r2_vs_mean",-0.0288193286255791,FALSE,1000,"permutation_draw"
"1e","Analysis/09_early_prediction_model_ladder.R","early_prediction_permutation_draws.csv","Analysis/_supporting/build_figure1_panel_source_data.R",87,20260811,"movement_mean","Movement mean","leave-one-animal-out outcome permutation with full refit","cv_r2_vs_mean",-0.00589424647723357,FALSE,1000,"permutation_draw"
"1e","Analysis/09_early_prediction_model_ladder.R","early_prediction_permutation_draws.csv","Analysis/_supporting/build_figure1_panel_source_data.R",88,20260811,"movement_mean","Movement mean","leave-one-animal-out outcome permutation with full refit","cv_r2_vs_mean",-0.0363110239868749,FALSE,1000,"permutation_draw"
"1e","Analysis/09_early_prediction_model_ladder.R","early_prediction_permutation_draws.csv","Analysis/_supporting/build_figure1_panel_source_data.R",89,20260811,"movement_mean","Movement mean","leave-one-animal-out outcome permutation with full refit","cv_r2_vs_mean",-0.0234309344245591,FALSE,1000,"permutation_draw"
"1e","Analysis/09_early_prediction_model_ladder.R","early_prediction_permutation_draws.csv","Analysis/_supporting/build_figure1_panel_source_data.R",90,20260811,"movement_mean","Movement mean","leave-one-animal-out outcome permutation with full refit","cv_r2_vs_mean",-0.0115021398405319,FALSE,1000,"permutation_draw"
"1e","Analysis/09_early_prediction_model_ladder.R","early_prediction_permutation_draws.csv","Analysis/_supporting/build_figure1_panel_source_data.R",91,20260811,"movement_mean","Movement mean","leave-one-animal-out outcome permutation with full refit","cv_r2_vs_mean",-0.0238540639821203,FALSE,1000,"permutation_draw"
"1e","Analysis/09_early_prediction_model_ladder.R","early_prediction_permutation_draws.csv","Analysis/_supporting/build_figure1_panel_source_data.R",92,20260811,"movement_mean","Movement mean","leave-one-animal-out outcome permutation with full refit","cv_r2_vs_mean",-0.0395230215829561,FALSE,1000,"permutation_draw"
"1e","Analysis/09_early_prediction_model_ladder.R","early_prediction_permutation_draws.csv","Analysis/_supporting/build_figure1_panel_source_data.R",93,20260811,"movement_mean","Movement mean","leave-one-animal-out outcome permutation with full refit","cv_r2_vs_mean",-0.0313479871775795,FALSE,1000,"permutation_draw"
"1e","Analysis/09_early_prediction_model_ladder.R","early_prediction_permutation_draws.csv","Analysis/_supporting/build_figure1_panel_source_data.R",94,20260811,"movement_mean","Movement mean","leave-one-animal-out outcome permutation with full refit","cv_r2_vs_mean",-0.0238970109004364,FALSE,1000,"permutation_draw"
"1e","Analysis/09_early_prediction_model_ladder.R","early_prediction_permutation_draws.csv","Analysis/_supporting/build_figure1_panel_source_data.R",95,20260811,"movement_mean","Movement mean","leave-one-animal-out outcome permutation with full refit","cv_r2_vs_mean",-0.0318503377051364,FALSE,1000,"permutation_draw"
"1e","Analysis/09_early_prediction_model_ladder.R","early_prediction_permutation_draws.csv","Analysis/_supporting/build_figure1_panel_source_data.R",96,20260811,"movement_mean","Movement mean","leave-one-animal-out outcome permutation with full refit","cv_r2_vs_mean",-0.0341756843863148,FALSE,1000,"permutation_draw"
"1e","Analysis/09_early_prediction_model_ladder.R","early_prediction_permutation_draws.csv","Analysis/_supporting/build_figure1_panel_source_data.R",97,20260811,"movement_mean","Movement mean","leave-one-animal-out outcome permutation with full refit","cv_r2_vs_mean",-0.0430795766422083,FALSE,1000,"permutation_draw"
"1e","Analysis/09_early_prediction_model_ladder.R","early_prediction_permutation_draws.csv","Analysis/_supporting/build_figure1_panel_source_data.R",98,20260811,"movement_mean","Movement mean","leave-one-animal-out outcome permutation with full refit","cv_r2_vs_mean",-0.0348020583261306,FALSE,1000,"permutation_draw"
"1e","Analysis/09_early_prediction_model_ladder.R","early_prediction_permutation_draws.csv","Analysis/_supporting/build_figure1_panel_source_data.R",99,20260811,"movement_mean","Movement mean","leave-one-animal-out outcome permutation with full refit","cv_r2_vs_mean",-0.00133361777706153,FALSE,1000,"permutation_draw"
"1e","Analysis/09_early_prediction_model_ladder.R","early_prediction_permutation_draws.csv","Analysis/_supporting/build_figure1_panel_source_data.R",100,20260811,"movement_mean","Movement mean","leave-one-animal-out outcome permutation with full refit","cv_r2_vs_mean",-0.0306057999197065,FALSE,1000,"permutation_draw"
"1e","Analysis/09_early_prediction_model_ladder.R","early_prediction_permutation_draws.csv","Analysis/_supporting/build_figure1_panel_source_data.R",101,20260811,"movement_mean","Movement mean","leave-one-animal-out outcome permutation with full refit","cv_r2_vs_mean",-0.0399105643130926,FALSE,1000,"permutation_draw"
"1e","Analysis/09_early_prediction_model_ladder.R","early_prediction_permutation_draws.csv","Analysis/_supporting/build_figure1_panel_source_data.R",102,20260811,"movement_mean","Movement mean","leave-one-animal-out outcome permutation with full refit","cv_r2_vs_mean",-0.0305520516837732,FALSE,1000,"permutation_draw"
"1e","Analysis/09_early_prediction_model_ladder.R","early_prediction_permutation_draws.csv","Analysis/_supporting/build_figure1_panel_source_data.R",103,20260811,"movement_mean","Movement mean","leave-one-animal-out outcome permutation with full refit","cv_r2_vs_mean",-0.0380733597081069,FALSE,1000,"permutation_draw"
"1e","Analysis/09_early_prediction_model_ladder.R","early_prediction_permutation_draws.csv","Analysis/_supporting/build_figure1_panel_source_data.R",104,20260811,"movement_mean","Movement mean","leave-one-animal-out outcome permutation with full refit","cv_r2_vs_mean",-0.0327609373142124,FALSE,1000,"permutation_draw"
"1e","Analysis/09_early_prediction_model_ladder.R","early_prediction_permutation_draws.csv","Analysis/_supporting/build_figure1_panel_source_data.R",105,20260811,"movement_mean","Movement mean","leave-one-animal-out outcome permutation with full refit","cv_r2_vs_mean",-0.0276090176144366,FALSE,1000,"permutation_draw"
"1e","Analysis/09_early_prediction_model_ladder.R","early_prediction_permutation_draws.csv","Analysis/_supporting/build_figure1_panel_source_data.R",106,20260811,"movement_mean","Movement mean","leave-one-animal-out outcome permutation with full refit","cv_r2_vs_mean",-0.0363546761585234,FALSE,1000,"permutation_draw"
"1e","Analysis/09_early_prediction_model_ladder.R","early_prediction_permutation_draws.csv","Analysis/_supporting/build_figure1_panel_source_data.R",107,20260811,"movement_mean","Movement mean","leave-one-animal-out outcome permutation with full refit","cv_r2_vs_mean",-0.0295441832705277,FALSE,1000,"permutation_draw"
"1e","Analysis/09_early_prediction_model_ladder.R","early_prediction_permutation_draws.csv","Analysis/_supporting/build_figure1_panel_source_data.R",108,20260811,"movement_mean","Movement mean","leave-one-animal-out outcome permutation with full refit","cv_r2_vs_mean",-0.0233278978290996,FALSE,1000,"permutation_draw"
"1e","Analysis/09_early_prediction_model_ladder.R","early_prediction_permutation_draws.csv","Analysis/_supporting/build_figure1_panel_source_data.R",109,20260811,"movement_mean","Movement mean","leave-one-animal-out outcome permutation with full refit","cv_r2_vs_mean",-0.0406307315304977,FALSE,1000,"permutation_draw"
"1e","Analysis/09_early_prediction_model_ladder.R","early_prediction_permutation_draws.csv","Analysis/_supporting/build_figure1_panel_source_data.R",110,20260811,"movement_mean","Movement mean","leave-one-animal-out outcome permutation with full refit","cv_r2_vs_mean",-0.0276315142040666,FALSE,1000,"permutation_draw"
"1e","Analysis/09_early_prediction_model_ladder.R","early_prediction_permutation_draws.csv","Analysis/_supporting/build_figure1_panel_source_data.R",111,20260811,"movement_mean","Movement mean","leave-one-animal-out outcome permutation with full refit","cv_r2_vs_mean",-0.021770348713547,FALSE,1000,"permutation_draw"
"1e","Analysis/09_early_prediction_model_ladder.R","early_prediction_permutation_draws.csv","Analysis/_supporting/build_figure1_panel_source_data.R",112,20260811,"movement_mean","Movement mean","leave-one-animal-out outcome permutation with full refit","cv_r2_vs_mean",-0.0391089115917347,FALSE,1000,"permutation_draw"
"1e","Analysis/09_early_prediction_model_ladder.R","early_prediction_permutation_draws.csv","Analysis/_supporting/build_figure1_panel_source_data.R",113,20260811,"movement_mean","Movement mean","leave-one-animal-out outcome permutation with full refit","cv_r2_vs_mean",-0.00599554924046752,FALSE,1000,"permutation_draw"
"1e","Analysis/09_early_prediction_model_ladder.R","early_prediction_permutation_draws.csv","Analysis/_supporting/build_figure1_panel_source_data.R",114,20260811,"movement_mean","Movement mean","leave-one-animal-out outcome permutation with full refit","cv_r2_vs_mean",-0.0335241673450994,FALSE,1000,"permutation_draw"
"1e","Analysis/09_early_prediction_model_ladder.R","early_prediction_permutation_draws.csv","Analysis/_supporting/build_figure1_panel_source_data.R",115,20260811,"movement_mean","Movement mean","leave-one-animal-out outcome permutation with full refit","cv_r2_vs_mean",-0.0370595681344486,FALSE,1000,"permutation_draw"
"1e","Analysis/09_early_prediction_model_ladder.R","early_prediction_permutation_draws.csv","Analysis/_supporting/build_figure1_panel_source_data.R",116,20260811,"movement_mean","Movement mean","leave-one-animal-out outcome permutation with full refit","cv_r2_vs_mean",-0.0310928267161166,FALSE,1000,"permutation_draw"
"1e","Analysis/09_early_prediction_model_ladder.R","early_prediction_permutation_draws.csv","Analysis/_supporting/build_figure1_panel_source_data.R",117,20260811,"movement_mean","Movement mean","leave-one-animal-out outcome permutation with full refit","cv_r2_vs_mean",0.0266030199431824,FALSE,1000,"permutation_draw"
"1e","Analysis/09_early_prediction_model_ladder.R","early_prediction_permutation_draws.csv","Analysis/_supporting/build_figure1_panel_source_data.R",118,20260811,"movement_mean","Movement mean","leave-one-animal-out outcome permutation with full refit","cv_r2_vs_mean",-0.0325341592670436,FALSE,1000,"permutation_draw"
"1e","Analysis/09_early_prediction_model_ladder.R","early_prediction_permutation_draws.csv","Analysis/_supporting/build_figure1_panel_source_data.R",119,20260811,"movement_mean","Movement mean","leave-one-animal-out outcome permutation with full refit","cv_r2_vs_mean",-0.012218418868104,FALSE,1000,"permutation_draw"
"1e","Analysis/09_early_prediction_model_ladder.R","early_prediction_permutation_draws.csv","Analysis/_supporting/build_figure1_panel_source_data.R",120,20260811,"movement_mean","Movement mean","leave-one-animal-out outcome permutation with full refit","cv_r2_vs_mean",-0.0363114077688864,FALSE,1000,"permutation_draw"
"1e","Analysis/09_early_prediction_model_ladder.R","early_prediction_permutation_draws.csv","Analysis/_supporting/build_figure1_panel_source_data.R",121,20260811,"movement_mean","Movement mean","leave-one-animal-out outcome permutation with full refit","cv_r2_vs_mean",-0.0269512390769477,FALSE,1000,"permutation_draw"
"1e","Analysis/09_early_prediction_model_ladder.R","early_prediction_permutation_draws.csv","Analysis/_supporting/build_figure1_panel_source_data.R",122,20260811,"movement_mean","Movement mean","leave-one-animal-out outcome permutation with full refit","cv_r2_vs_mean",-0.0373110722929233,FALSE,1000,"permutation_draw"
"1e","Analysis/09_early_prediction_model_ladder.R","early_prediction_permutation_draws.csv","Analysis/_supporting/build_figure1_panel_source_data.R",123,20260811,"movement_mean","Movement mean","leave-one-animal-out outcome permutation with full refit","cv_r2_vs_mean",-0.031873840524568,FALSE,1000,"permutation_draw"
"1e","Analysis/09_early_prediction_model_ladder.R","early_prediction_permutation_draws.csv","Analysis/_supporting/build_figure1_panel_source_data.R",124,20260811,"movement_mean","Movement mean","leave-one-animal-out outcome permutation with full refit","cv_r2_vs_mean",-0.026155376815066,FALSE,1000,"permutation_draw"
"1e","Analysis/09_early_prediction_model_ladder.R","early_prediction_permutation_draws.csv","Analysis/_supporting/build_figure1_panel_source_data.R",125,20260811,"movement_mean","Movement mean","leave-one-animal-out outcome permutation with full refit","cv_r2_vs_mean",-0.0352444367563522,FALSE,1000,"permutation_draw"
"1e","Analysis/09_early_prediction_model_ladder.R","early_prediction_permutation_draws.csv","Analysis/_supporting/build_figure1_panel_source_data.R",126,20260811,"movement_mean","Movement mean","leave-one-animal-out outcome permutation with full refit","cv_r2_vs_mean",-0.0297468681944781,FALSE,1000,"permutation_draw"
"1e","Analysis/09_early_prediction_model_ladder.R","early_prediction_permutation_draws.csv","Analysis/_supporting/build_figure1_panel_source_data.R",127,20260811,"movement_mean","Movement mean","leave-one-animal-out outcome permutation with full refit","cv_r2_vs_mean",-0.0242992314293344,FALSE,1000,"permutation_draw"
"1e","Analysis/09_early_prediction_model_ladder.R","early_prediction_permutation_draws.csv","Analysis/_supporting/build_figure1_panel_source_data.R",128,20260811,"movement_mean","Movement mean","leave-one-animal-out outcome permutation with full refit","cv_r2_vs_mean",-0.0311665301867985,FALSE,1000,"permutation_draw"
"1e","Analysis/09_early_prediction_model_ladder.R","early_prediction_permutation_draws.csv","Analysis/_supporting/build_figure1_panel_source_data.R",129,20260811,"movement_mean","Movement mean","leave-one-animal-out outcome permutation with full refit","cv_r2_vs_mean",-0.0351486867408946,FALSE,1000,"permutation_draw"
"1e","Analysis/09_early_prediction_model_ladder.R","early_prediction_permutation_draws.csv","Analysis/_supporting/build_figure1_panel_source_data.R",130,20260811,"movement_mean","Movement mean","leave-one-animal-out outcome permutation with full refit","cv_r2_vs_mean",-0.0376745617077636,FALSE,1000,"permutation_draw"
"1e","Analysis/09_early_prediction_model_ladder.R","early_prediction_permutation_draws.csv","Analysis/_supporting/build_figure1_panel_source_data.R",131,20260811,"movement_mean","Movement mean","leave-one-animal-out outcome permutation with full refit","cv_r2_vs_mean",-0.0366255512608737,FALSE,1000,"permutation_draw"
"1e","Analysis/09_early_prediction_model_ladder.R","early_prediction_permutation_draws.csv","Analysis/_supporting/build_figure1_panel_source_data.R",132,20260811,"movement_mean","Movement mean","leave-one-animal-out outcome permutation with full refit","cv_r2_vs_mean",-0.0300749642036517,FALSE,1000,"permutation_draw"
"1e","Analysis/09_early_prediction_model_ladder.R","early_prediction_permutation_draws.csv","Analysis/_supporting/build_figure1_panel_source_data.R",133,20260811,"movement_mean","Movement mean","leave-one-animal-out outcome permutation with full refit","cv_r2_vs_mean",-0.023665649056793,FALSE,1000,"permutation_draw"
"1e","Analysis/09_early_prediction_model_ladder.R","early_prediction_permutation_draws.csv","Analysis/_supporting/build_figure1_panel_source_data.R",134,20260811,"movement_mean","Movement mean","leave-one-animal-out outcome permutation with full refit","cv_r2_vs_mean",-0.0303032832508445,FALSE,1000,"permutation_draw"
"1e","Analysis/09_early_prediction_model_ladder.R","early_prediction_permutation_draws.csv","Analysis/_supporting/build_figure1_panel_source_data.R",135,20260811,"movement_mean","Movement mean","leave-one-animal-out outcome permutation with full refit","cv_r2_vs_mean",-0.0230921035977858,FALSE,1000,"permutation_draw"
"1e","Analysis/09_early_prediction_model_ladder.R","early_prediction_permutation_draws.csv","Analysis/_supporting/build_figure1_panel_source_data.R",136,20260811,"movement_mean","Movement mean","leave-one-animal-out outcome permutation with full refit","cv_r2_vs_mean",-0.0343337228310152,FALSE,1000,"permutation_draw"
"1e","Analysis/09_early_prediction_model_ladder.R","early_prediction_permutation_draws.csv","Analysis/_supporting/build_figure1_panel_source_data.R",137,20260811,"movement_mean","Movement mean","leave-one-animal-out outcome permutation with full refit","cv_r2_vs_mean",-0.0170198214642447,FALSE,1000,"permutation_draw"
"1e","Analysis/09_early_prediction_model_ladder.R","early_prediction_permutation_draws.csv","Analysis/_supporting/build_figure1_panel_source_data.R",138,20260811,"movement_mean","Movement mean","leave-one-animal-out outcome permutation with full refit","cv_r2_vs_mean",-0.0405377675474894,FALSE,1000,"permutation_draw"
"1e","Analysis/09_early_prediction_model_ladder.R","early_prediction_permutation_draws.csv","Analysis/_supporting/build_figure1_panel_source_data.R",139,20260811,"movement_mean","Movement mean","leave-one-animal-out outcome permutation with full refit","cv_r2_vs_mean",-0.0281596746942414,FALSE,1000,"permutation_draw"
"1e","Analysis/09_early_prediction_model_ladder.R","early_prediction_permutation_draws.csv","Analysis/_supporting/build_figure1_panel_source_data.R",140,20260811,"movement_mean","Movement mean","leave-one-animal-out outcome permutation with full refit","cv_r2_vs_mean",-0.0307846278010722,FALSE,1000,"permutation_draw"
"1e","Analysis/09_early_prediction_model_ladder.R","early_prediction_permutation_draws.csv","Analysis/_supporting/build_figure1_panel_source_data.R",141,20260811,"movement_mean","Movement mean","leave-one-animal-out outcome permutation with full refit","cv_r2_vs_mean",-0.0387388772266981,FALSE,1000,"permutation_draw"
"1e","Analysis/09_early_prediction_model_ladder.R","early_prediction_permutation_draws.csv","Analysis/_supporting/build_figure1_panel_source_data.R",142,20260811,"movement_mean","Movement mean","leave-one-animal-out outcome permutation with full refit","cv_r2_vs_mean",-0.0310920739366078,FALSE,1000,"permutation_draw"
"1e","Analysis/09_early_prediction_model_ladder.R","early_prediction_permutation_draws.csv","Analysis/_supporting/build_figure1_panel_source_data.R",143,20260811,"movement_mean","Movement mean","leave-one-animal-out outcome permutation with full refit","cv_r2_vs_mean",-0.0116496980852867,FALSE,1000,"permutation_draw"
"1e","Analysis/09_early_prediction_model_ladder.R","early_prediction_permutation_draws.csv","Analysis/_supporting/build_figure1_panel_source_data.R",144,20260811,"movement_mean","Movement mean","leave-one-animal-out outcome permutation with full refit","cv_r2_vs_mean",-0.0459398462470526,FALSE,1000,"permutation_draw"
"1e","Analysis/09_early_prediction_model_ladder.R","early_prediction_permutation_draws.csv","Analysis/_supporting/build_figure1_panel_source_data.R",145,20260811,"movement_mean","Movement mean","leave-one-animal-out outcome permutation with full refit","cv_r2_vs_mean",-0.000234252212182762,FALSE,1000,"permutation_draw"
"1e","Analysis/09_early_prediction_model_ladder.R","early_prediction_permutation_draws.csv","Analysis/_supporting/build_figure1_panel_source_data.R",146,20260811,"movement_mean","Movement mean","leave-one-animal-out outcome permutation with full refit","cv_r2_vs_mean",-0.0174767172634376,FALSE,1000,"permutation_draw"
"1e","Analysis/09_early_prediction_model_ladder.R","early_prediction_permutation_draws.csv","Analysis/_supporting/build_figure1_panel_source_data.R",147,20260811,"movement_mean","Movement mean","leave-one-animal-out outcome permutation with full refit","cv_r2_vs_mean",-0.0318992085178329,FALSE,1000,"permutation_draw"
"1e","Analysis/09_early_prediction_model_ladder.R","early_prediction_permutation_draws.csv","Analysis/_supporting/build_figure1_panel_source_data.R",148,20260811,"movement_mean","Movement mean","leave-one-animal-out outcome permutation with full refit","cv_r2_vs_mean",-0.0320669911584941,FALSE,1000,"permutation_draw"
"1e","Analysis/09_early_prediction_model_ladder.R","early_prediction_permutation_draws.csv","Analysis/_supporting/build_figure1_panel_source_data.R",149,20260811,"movement_mean","Movement mean","leave-one-animal-out outcome permutation with full refit","cv_r2_vs_mean",-0.0231367221559868,FALSE,1000,"permutation_draw"
"1e","Analysis/09_early_prediction_model_ladder.R","early_prediction_permutation_draws.csv","Analysis/_supporting/build_figure1_panel_source_data.R",150,20260811,"movement_mean","Movement mean","leave-one-animal-out outcome permutation with full refit","cv_r2_vs_mean",-0.0306188056253793,FALSE,1000,"permutation_draw"
"1e","Analysis/09_early_prediction_model_ladder.R","early_prediction_permutation_draws.csv","Analysis/_supporting/build_figure1_panel_source_data.R",151,20260811,"movement_mean","Movement mean","leave-one-animal-out outcome permutation with full refit","cv_r2_vs_mean",-0.0312780405322401,FALSE,1000,"permutation_draw"
"1e","Analysis/09_early_prediction_model_ladder.R","early_prediction_permutation_draws.csv","Analysis/_supporting/build_figure1_panel_source_data.R",152,20260811,"movement_mean","Movement mean","leave-one-animal-out outcome permutation with full refit","cv_r2_vs_mean",-0.00870352906566251,FALSE,1000,"permutation_draw"
"1e","Analysis/09_early_prediction_model_ladder.R","early_prediction_permutation_draws.csv","Analysis/_supporting/build_figure1_panel_source_data.R",153,20260811,"movement_mean","Movement mean","leave-one-animal-out outcome permutation with full refit","cv_r2_vs_mean",-0.0356493933029234,FALSE,1000,"permutation_draw"
"1e","Analysis/09_early_prediction_model_ladder.R","early_prediction_permutation_draws.csv","Analysis/_supporting/build_figure1_panel_source_data.R",154,20260811,"movement_mean","Movement mean","leave-one-animal-out outcome permutation with full refit","cv_r2_vs_mean",-0.0336361899278166,FALSE,1000,"permutation_draw"
"1e","Analysis/09_early_prediction_model_ladder.R","early_prediction_permutation_draws.csv","Analysis/_supporting/build_figure1_panel_source_data.R",155,20260811,"movement_mean","Movement mean","leave-one-animal-out outcome permutation with full refit","cv_r2_vs_mean",-0.0358003665582796,FALSE,1000,"permutation_draw"
"1e","Analysis/09_early_prediction_model_ladder.R","early_prediction_permutation_draws.csv","Analysis/_supporting/build_figure1_panel_source_data.R",156,20260811,"movement_mean","Movement mean","leave-one-animal-out outcome permutation with full refit","cv_r2_vs_mean",-0.044368330279692,FALSE,1000,"permutation_draw"
"1e","Analysis/09_early_prediction_model_ladder.R","early_prediction_permutation_draws.csv","Analysis/_supporting/build_figure1_panel_source_data.R",157,20260811,"movement_mean","Movement mean","leave-one-animal-out outcome permutation with full refit","cv_r2_vs_mean",-0.0297877580309913,FALSE,1000,"permutation_draw"
"1e","Analysis/09_early_prediction_model_ladder.R","early_prediction_permutation_draws.csv","Analysis/_supporting/build_figure1_panel_source_data.R",158,20260811,"movement_mean","Movement mean","leave-one-animal-out outcome permutation with full refit","cv_r2_vs_mean",-0.0207761460847837,FALSE,1000,"permutation_draw"
"1e","Analysis/09_early_prediction_model_ladder.R","early_prediction_permutation_draws.csv","Analysis/_supporting/build_figure1_panel_source_data.R",159,20260811,"movement_mean","Movement mean","leave-one-animal-out outcome permutation with full refit","cv_r2_vs_mean",-0.0368791009703646,FALSE,1000,"permutation_draw"
"1e","Analysis/09_early_prediction_model_ladder.R","early_prediction_permutation_draws.csv","Analysis/_supporting/build_figure1_panel_source_data.R",160,20260811,"movement_mean","Movement mean","leave-one-animal-out outcome permutation with full refit","cv_r2_vs_mean",-0.0290787653885269,FALSE,1000,"permutation_draw"
"1e","Analysis/09_early_prediction_model_ladder.R","early_prediction_permutation_draws.csv","Analysis/_supporting/build_figure1_panel_source_data.R",161,20260811,"movement_mean","Movement mean","leave-one-animal-out outcome permutation with full refit","cv_r2_vs_mean",-0.033697313670205,FALSE,1000,"permutation_draw"
"1e","Analysis/09_early_prediction_model_ladder.R","early_prediction_permutation_draws.csv","Analysis/_supporting/build_figure1_panel_source_data.R",162,20260811,"movement_mean","Movement mean","leave-one-animal-out outcome permutation with full refit","cv_r2_vs_mean",-0.0391975037063583,FALSE,1000,"permutation_draw"
"1e","Analysis/09_early_prediction_model_ladder.R","early_prediction_permutation_draws.csv","Analysis/_supporting/build_figure1_panel_source_data.R",163,20260811,"movement_mean","Movement mean","leave-one-animal-out outcome permutation with full refit","cv_r2_vs_mean",-0.0252486123050779,FALSE,1000,"permutation_draw"
"1e","Analysis/09_early_prediction_model_ladder.R","early_prediction_permutation_draws.csv","Analysis/_supporting/build_figure1_panel_source_data.R",164,20260811,"movement_mean","Movement mean","leave-one-animal-out outcome permutation with full refit","cv_r2_vs_mean",0.00586189895418909,FALSE,1000,"permutation_draw"
"1e","Analysis/09_early_prediction_model_ladder.R","early_prediction_permutation_draws.csv","Analysis/_supporting/build_figure1_panel_source_data.R",165,20260811,"movement_mean","Movement mean","leave-one-animal-out outcome permutation with full refit","cv_r2_vs_mean",-0.0437933624708116,FALSE,1000,"permutation_draw"
"1e","Analysis/09_early_prediction_model_ladder.R","early_prediction_permutation_draws.csv","Analysis/_supporting/build_figure1_panel_source_data.R",166,20260811,"movement_mean","Movement mean","leave-one-animal-out outcome permutation with full refit","cv_r2_vs_mean",-0.0297212697325875,FALSE,1000,"permutation_draw"
"1e","Analysis/09_early_prediction_model_ladder.R","early_prediction_permutation_draws.csv","Analysis/_supporting/build_figure1_panel_source_data.R",167,20260811,"movement_mean","Movement mean","leave-one-animal-out outcome permutation with full refit","cv_r2_vs_mean",-0.0375440415688968,FALSE,1000,"permutation_draw"
"1e","Analysis/09_early_prediction_model_ladder.R","early_prediction_permutation_draws.csv","Analysis/_supporting/build_figure1_panel_source_data.R",168,20260811,"movement_mean","Movement mean","leave-one-animal-out outcome permutation with full refit","cv_r2_vs_mean",-0.0336443092924028,FALSE,1000,"permutation_draw"
"1e","Analysis/09_early_prediction_model_ladder.R","early_prediction_permutation_draws.csv","Analysis/_supporting/build_figure1_panel_source_data.R",169,20260811,"movement_mean","Movement mean","leave-one-animal-out outcome permutation with full refit","cv_r2_vs_mean",-0.0347495752621103,FALSE,1000,"permutation_draw"
"1e","Analysis/09_early_prediction_model_ladder.R","early_prediction_permutation_draws.csv","Analysis/_supporting/build_figure1_panel_source_data.R",170,20260811,"movement_mean","Movement mean","leave-one-animal-out outcome permutation with full refit","cv_r2_vs_mean",-0.0340732065835896,FALSE,1000,"permutation_draw"
"1e","Analysis/09_early_prediction_model_ladder.R","early_prediction_permutation_draws.csv","Analysis/_supporting/build_figure1_panel_source_data.R",171,20260811,"movement_mean","Movement mean","leave-one-animal-out outcome permutation with full refit","cv_r2_vs_mean",-0.0323568134496763,FALSE,1000,"permutation_draw"
"1e","Analysis/09_early_prediction_model_ladder.R","early_prediction_permutation_draws.csv","Analysis/_supporting/build_figure1_panel_source_data.R",172,20260811,"movement_mean","Movement mean","leave-one-animal-out outcome permutation with full refit","cv_r2_vs_mean",-0.0272542459030005,FALSE,1000,"permutation_draw"
"1e","Analysis/09_early_prediction_model_ladder.R","early_prediction_permutation_draws.csv","Analysis/_supporting/build_figure1_panel_source_data.R",173,20260811,"movement_mean","Movement mean","leave-one-animal-out outcome permutation with full refit","cv_r2_vs_mean",-0.0325956491140962,FALSE,1000,"permutation_draw"
"1e","Analysis/09_early_prediction_model_ladder.R","early_prediction_permutation_draws.csv","Analysis/_supporting/build_figure1_panel_source_data.R",174,20260811,"movement_mean","Movement mean","leave-one-animal-out outcome permutation with full refit","cv_r2_vs_mean",-0.0382795916407879,FALSE,1000,"permutation_draw"
"1e","Analysis/09_early_prediction_model_ladder.R","early_prediction_permutation_draws.csv","Analysis/_supporting/build_figure1_panel_source_data.R",175,20260811,"movement_mean","Movement mean","leave-one-animal-out outcome permutation with full refit","cv_r2_vs_mean",-0.0240936474425986,FALSE,1000,"permutation_draw"
"1e","Analysis/09_early_prediction_model_ladder.R","early_prediction_permutation_draws.csv","Analysis/_supporting/build_figure1_panel_source_data.R",176,20260811,"movement_mean","Movement mean","leave-one-animal-out outcome permutation with full refit","cv_r2_vs_mean",-0.0289721313492692,FALSE,1000,"permutation_draw"
"1e","Analysis/09_early_prediction_model_ladder.R","early_prediction_permutation_draws.csv","Analysis/_supporting/build_figure1_panel_source_data.R",177,20260811,"movement_mean","Movement mean","leave-one-animal-out outcome permutation with full refit","cv_r2_vs_mean",-0.029948032603357,FALSE,1000,"permutation_draw"
"1e","Analysis/09_early_prediction_model_ladder.R","early_prediction_permutation_draws.csv","Analysis/_supporting/build_figure1_panel_source_data.R",178,20260811,"movement_mean","Movement mean","leave-one-animal-out outcome permutation with full refit","cv_r2_vs_mean",-0.0286770977846171,FALSE,1000,"permutation_draw"
"1e","Analysis/09_early_prediction_model_ladder.R","early_prediction_permutation_draws.csv","Analysis/_supporting/build_figure1_panel_source_data.R",179,20260811,"movement_mean","Movement mean","leave-one-animal-out outcome permutation with full refit","cv_r2_vs_mean",-0.0322061151783666,FALSE,1000,"permutation_draw"
"1e","Analysis/09_early_prediction_model_ladder.R","early_prediction_permutation_draws.csv","Analysis/_supporting/build_figure1_panel_source_data.R",180,20260811,"movement_mean","Movement mean","leave-one-animal-out outcome permutation with full refit","cv_r2_vs_mean",-0.0174060397310001,FALSE,1000,"permutation_draw"
"1e","Analysis/09_early_prediction_model_ladder.R","early_prediction_permutation_draws.csv","Analysis/_supporting/build_figure1_panel_source_data.R",181,20260811,"movement_mean","Movement mean","leave-one-animal-out outcome permutation with full refit","cv_r2_vs_mean",-0.0304737523990513,FALSE,1000,"permutation_draw"
"1e","Analysis/09_early_prediction_model_ladder.R","early_prediction_permutation_draws.csv","Analysis/_supporting/build_figure1_panel_source_data.R",182,20260811,"movement_mean","Movement mean","leave-one-animal-out outcome permutation with full refit","cv_r2_vs_mean",-0.039530664408775,FALSE,1000,"permutation_draw"
"1e","Analysis/09_early_prediction_model_ladder.R","early_prediction_permutation_draws.csv","Analysis/_supporting/build_figure1_panel_source_data.R",183,20260811,"movement_mean","Movement mean","leave-one-animal-out outcome permutation with full refit","cv_r2_vs_mean",-0.0375807702188642,FALSE,1000,"permutation_draw"
"1e","Analysis/09_early_prediction_model_ladder.R","early_prediction_permutation_draws.csv","Analysis/_supporting/build_figure1_panel_source_data.R",184,20260811,"movement_mean","Movement mean","leave-one-animal-out outcome permutation with full refit","cv_r2_vs_mean",-0.023779295220248,FALSE,1000,"permutation_draw"
"1e","Analysis/09_early_prediction_model_ladder.R","early_prediction_permutation_draws.csv","Analysis/_supporting/build_figure1_panel_source_data.R",185,20260811,"movement_mean","Movement mean","leave-one-animal-out outcome permutation with full refit","cv_r2_vs_mean",-0.0364582562846889,FALSE,1000,"permutation_draw"
"1e","Analysis/09_early_prediction_model_ladder.R","early_prediction_permutation_draws.csv","Analysis/_supporting/build_figure1_panel_source_data.R",186,20260811,"movement_mean","Movement mean","leave-one-animal-out outcome permutation with full refit","cv_r2_vs_mean",-0.00295455517800924,FALSE,1000,"permutation_draw"
"1e","Analysis/09_early_prediction_model_ladder.R","early_prediction_permutation_draws.csv","Analysis/_supporting/build_figure1_panel_source_data.R",187,20260811,"movement_mean","Movement mean","leave-one-animal-out outcome permutation with full refit","cv_r2_vs_mean",-0.0361744651887281,FALSE,1000,"permutation_draw"
"1e","Analysis/09_early_prediction_model_ladder.R","early_prediction_permutation_draws.csv","Analysis/_supporting/build_figure1_panel_source_data.R",188,20260811,"movement_mean","Movement mean","leave-one-animal-out outcome permutation with full refit","cv_r2_vs_mean",-0.0282933379266172,FALSE,1000,"permutation_draw"
"1e","Analysis/09_early_prediction_model_ladder.R","early_prediction_permutation_draws.csv","Analysis/_supporting/build_figure1_panel_source_data.R",189,20260811,"movement_mean","Movement mean","leave-one-animal-out outcome permutation with full refit","cv_r2_vs_mean",-0.0377364784785281,FALSE,1000,"permutation_draw"
"1e","Analysis/09_early_prediction_model_ladder.R","early_prediction_permutation_draws.csv","Analysis/_supporting/build_figure1_panel_source_data.R",190,20260811,"movement_mean","Movement mean","leave-one-animal-out outcome permutation with full refit","cv_r2_vs_mean",-0.00981841011568063,FALSE,1000,"permutation_draw"
"1e","Analysis/09_early_prediction_model_ladder.R","early_prediction_permutation_draws.csv","Analysis/_supporting/build_figure1_panel_source_data.R",191,20260811,"movement_mean","Movement mean","leave-one-animal-out outcome permutation with full refit","cv_r2_vs_mean",-0.0503305355234995,FALSE,1000,"permutation_draw"
"1e","Analysis/09_early_prediction_model_ladder.R","early_prediction_permutation_draws.csv","Analysis/_supporting/build_figure1_panel_source_data.R",192,20260811,"movement_mean","Movement mean","leave-one-animal-out outcome permutation with full refit","cv_r2_vs_mean",-0.0308636790007626,FALSE,1000,"permutation_draw"
"1e","Analysis/09_early_prediction_model_ladder.R","early_prediction_permutation_draws.csv","Analysis/_supporting/build_figure1_panel_source_data.R",193,20260811,"movement_mean","Movement mean","leave-one-animal-out outcome permutation with full refit","cv_r2_vs_mean",-0.0229036306061303,FALSE,1000,"permutation_draw"
"1e","Analysis/09_early_prediction_model_ladder.R","early_prediction_permutation_draws.csv","Analysis/_supporting/build_figure1_panel_source_data.R",194,20260811,"movement_mean","Movement mean","leave-one-animal-out outcome permutation with full refit","cv_r2_vs_mean",-0.0370495203438228,FALSE,1000,"permutation_draw"
"1e","Analysis/09_early_prediction_model_ladder.R","early_prediction_permutation_draws.csv","Analysis/_supporting/build_figure1_panel_source_data.R",195,20260811,"movement_mean","Movement mean","leave-one-animal-out outcome permutation with full refit","cv_r2_vs_mean",-0.0351808802053615,FALSE,1000,"permutation_draw"
"1e","Analysis/09_early_prediction_model_ladder.R","early_prediction_permutation_draws.csv","Analysis/_supporting/build_figure1_panel_source_data.R",196,20260811,"movement_mean","Movement mean","leave-one-animal-out outcome permutation with full refit","cv_r2_vs_mean",-0.0405809027488608,FALSE,1000,"permutation_draw"
"1e","Analysis/09_early_prediction_model_ladder.R","early_prediction_permutation_draws.csv","Analysis/_supporting/build_figure1_panel_source_data.R",197,20260811,"movement_mean","Movement mean","leave-one-animal-out outcome permutation with full refit","cv_r2_vs_mean",-0.0315578664345151,FALSE,1000,"permutation_draw"
"1e","Analysis/09_early_prediction_model_ladder.R","early_prediction_permutation_draws.csv","Analysis/_supporting/build_figure1_panel_source_data.R",198,20260811,"movement_mean","Movement mean","leave-one-animal-out outcome permutation with full refit","cv_r2_vs_mean",-0.00844688562592654,FALSE,1000,"permutation_draw"
"1e","Analysis/09_early_prediction_model_ladder.R","early_prediction_permutation_draws.csv","Analysis/_supporting/build_figure1_panel_source_data.R",199,20260811,"movement_mean","Movement mean","leave-one-animal-out outcome permutation with full refit","cv_r2_vs_mean",-0.0444201998738354,FALSE,1000,"permutation_draw"
"1e","Analysis/09_early_prediction_model_ladder.R","early_prediction_permutation_draws.csv","Analysis/_supporting/build_figure1_panel_source_data.R",200,20260811,"movement_mean","Movement mean","leave-one-animal-out outcome permutation with full refit","cv_r2_vs_mean",-0.0296564876067529,FALSE,1000,"permutation_draw"
"1e","Analysis/09_early_prediction_model_ladder.R","early_prediction_permutation_draws.csv","Analysis/_supporting/build_figure1_panel_source_data.R",201,20260811,"movement_mean","Movement mean","leave-one-animal-out outcome permutation with full refit","cv_r2_vs_mean",-0.0291505873319415,FALSE,1000,"permutation_draw"
"1e","Analysis/09_early_prediction_model_ladder.R","early_prediction_permutation_draws.csv","Analysis/_supporting/build_figure1_panel_source_data.R",202,20260811,"movement_mean","Movement mean","leave-one-animal-out outcome permutation with full refit","cv_r2_vs_mean",-0.0308008736682668,FALSE,1000,"permutation_draw"
"1e","Analysis/09_early_prediction_model_ladder.R","early_prediction_permutation_draws.csv","Analysis/_supporting/build_figure1_panel_source_data.R",203,20260811,"movement_mean","Movement mean","leave-one-animal-out outcome permutation with full refit","cv_r2_vs_mean",-0.00259171148565173,FALSE,1000,"permutation_draw"
"1e","Analysis/09_early_prediction_model_ladder.R","early_prediction_permutation_draws.csv","Analysis/_supporting/build_figure1_panel_source_data.R",204,20260811,"movement_mean","Movement mean","leave-one-animal-out outcome permutation with full refit","cv_r2_vs_mean",-0.0210431598289382,FALSE,1000,"permutation_draw"
"1e","Analysis/09_early_prediction_model_ladder.R","early_prediction_permutation_draws.csv","Analysis/_supporting/build_figure1_panel_source_data.R",205,20260811,"movement_mean","Movement mean","leave-one-animal-out outcome permutation with full refit","cv_r2_vs_mean",-0.0386167969014291,FALSE,1000,"permutation_draw"
"1e","Analysis/09_early_prediction_model_ladder.R","early_prediction_permutation_draws.csv","Analysis/_supporting/build_figure1_panel_source_data.R",206,20260811,"movement_mean","Movement mean","leave-one-animal-out outcome permutation with full refit","cv_r2_vs_mean",-0.0197644211279551,FALSE,1000,"permutation_draw"
"1e","Analysis/09_early_prediction_model_ladder.R","early_prediction_permutation_draws.csv","Analysis/_supporting/build_figure1_panel_source_data.R",207,20260811,"movement_mean","Movement mean","leave-one-animal-out outcome permutation with full refit","cv_r2_vs_mean",-0.00869014991722871,FALSE,1000,"permutation_draw"
"1e","Analysis/09_early_prediction_model_ladder.R","early_prediction_permutation_draws.csv","Analysis/_supporting/build_figure1_panel_source_data.R",208,20260811,"movement_mean","Movement mean","leave-one-animal-out outcome permutation with full refit","cv_r2_vs_mean",-0.0261943580398234,FALSE,1000,"permutation_draw"
"1e","Analysis/09_early_prediction_model_ladder.R","early_prediction_permutation_draws.csv","Analysis/_supporting/build_figure1_panel_source_data.R",209,20260811,"movement_mean","Movement mean","leave-one-animal-out outcome permutation with full refit","cv_r2_vs_mean",-0.0361147844579643,FALSE,1000,"permutation_draw"
"1e","Analysis/09_early_prediction_model_ladder.R","early_prediction_permutation_draws.csv","Analysis/_supporting/build_figure1_panel_source_data.R",210,20260811,"movement_mean","Movement mean","leave-one-animal-out outcome permutation with full refit","cv_r2_vs_mean",-0.0280499492647328,FALSE,1000,"permutation_draw"
"1e","Analysis/09_early_prediction_model_ladder.R","early_prediction_permutation_draws.csv","Analysis/_supporting/build_figure1_panel_source_data.R",211,20260811,"movement_mean","Movement mean","leave-one-animal-out outcome permutation with full refit","cv_r2_vs_mean",-0.0221895610440914,FALSE,1000,"permutation_draw"
"1e","Analysis/09_early_prediction_model_ladder.R","early_prediction_permutation_draws.csv","Analysis/_supporting/build_figure1_panel_source_data.R",212,20260811,"movement_mean","Movement mean","leave-one-animal-out outcome permutation with full refit","cv_r2_vs_mean",-0.0224555862778604,FALSE,1000,"permutation_draw"
"1e","Analysis/09_early_prediction_model_ladder.R","early_prediction_permutation_draws.csv","Analysis/_supporting/build_figure1_panel_source_data.R",213,20260811,"movement_mean","Movement mean","leave-one-animal-out outcome permutation with full refit","cv_r2_vs_mean",-0.0338112422881476,FALSE,1000,"permutation_draw"
"1e","Analysis/09_early_prediction_model_ladder.R","early_prediction_permutation_draws.csv","Analysis/_supporting/build_figure1_panel_source_data.R",214,20260811,"movement_mean","Movement mean","leave-one-animal-out outcome permutation with full refit","cv_r2_vs_mean",-0.03565103013908,FALSE,1000,"permutation_draw"
"1e","Analysis/09_early_prediction_model_ladder.R","early_prediction_permutation_draws.csv","Analysis/_supporting/build_figure1_panel_source_data.R",215,20260811,"movement_mean","Movement mean","leave-one-animal-out outcome permutation with full refit","cv_r2_vs_mean",-0.0359808769710717,FALSE,1000,"permutation_draw"
"1e","Analysis/09_early_prediction_model_ladder.R","early_prediction_permutation_draws.csv","Analysis/_supporting/build_figure1_panel_source_data.R",216,20260811,"movement_mean","Movement mean","leave-one-animal-out outcome permutation with full refit","cv_r2_vs_mean",-0.0397370929017711,FALSE,1000,"permutation_draw"
"1e","Analysis/09_early_prediction_model_ladder.R","early_prediction_permutation_draws.csv","Analysis/_supporting/build_figure1_panel_source_data.R",217,20260811,"movement_mean","Movement mean","leave-one-animal-out outcome permutation with full refit","cv_r2_vs_mean",-0.034253198273549,FALSE,1000,"permutation_draw"
"1e","Analysis/09_early_prediction_model_ladder.R","early_prediction_permutation_draws.csv","Analysis/_supporting/build_figure1_panel_source_data.R",218,20260811,"movement_mean","Movement mean","leave-one-animal-out outcome permutation with full refit","cv_r2_vs_mean",-0.0281041343911612,FALSE,1000,"permutation_draw"
"1e","Analysis/09_early_prediction_model_ladder.R","early_prediction_permutation_draws.csv","Analysis/_supporting/build_figure1_panel_source_data.R",219,20260811,"movement_mean","Movement mean","leave-one-animal-out outcome permutation with full refit","cv_r2_vs_mean",-0.0308029180883549,FALSE,1000,"permutation_draw"
"1e","Analysis/09_early_prediction_model_ladder.R","early_prediction_permutation_draws.csv","Analysis/_supporting/build_figure1_panel_source_data.R",220,20260811,"movement_mean","Movement mean","leave-one-animal-out outcome permutation with full refit","cv_r2_vs_mean",-0.0255969836276628,FALSE,1000,"permutation_draw"
"1e","Analysis/09_early_prediction_model_ladder.R","early_prediction_permutation_draws.csv","Analysis/_supporting/build_figure1_panel_source_data.R",221,20260811,"movement_mean","Movement mean","leave-one-animal-out outcome permutation with full refit","cv_r2_vs_mean",-0.0275830966342279,FALSE,1000,"permutation_draw"
"1e","Analysis/09_early_prediction_model_ladder.R","early_prediction_permutation_draws.csv","Analysis/_supporting/build_figure1_panel_source_data.R",222,20260811,"movement_mean","Movement mean","leave-one-animal-out outcome permutation with full refit","cv_r2_vs_mean",0.00180313099346629,FALSE,1000,"permutation_draw"
"1e","Analysis/09_early_prediction_model_ladder.R","early_prediction_permutation_draws.csv","Analysis/_supporting/build_figure1_panel_source_data.R",223,20260811,"movement_mean","Movement mean","leave-one-animal-out outcome permutation with full refit","cv_r2_vs_mean",-0.013894067938762,FALSE,1000,"permutation_draw"
"1e","Analysis/09_early_prediction_model_ladder.R","early_prediction_permutation_draws.csv","Analysis/_supporting/build_figure1_panel_source_data.R",224,20260811,"movement_mean","Movement mean","leave-one-animal-out outcome permutation with full refit","cv_r2_vs_mean",-0.0230066913537819,FALSE,1000,"permutation_draw"
"1e","Analysis/09_early_prediction_model_ladder.R","early_prediction_permutation_draws.csv","Analysis/_supporting/build_figure1_panel_source_data.R",225,20260811,"movement_mean","Movement mean","leave-one-animal-out outcome permutation with full refit","cv_r2_vs_mean",0.0281828741787815,FALSE,1000,"permutation_draw"
"1e","Analysis/09_early_prediction_model_ladder.R","early_prediction_permutation_draws.csv","Analysis/_supporting/build_figure1_panel_source_data.R",226,20260811,"movement_mean","Movement mean","leave-one-animal-out outcome permutation with full refit","cv_r2_vs_mean",-0.0277235722280658,FALSE,1000,"permutation_draw"
"1e","Analysis/09_early_prediction_model_ladder.R","early_prediction_permutation_draws.csv","Analysis/_supporting/build_figure1_panel_source_data.R",227,20260811,"movement_mean","Movement mean","leave-one-animal-out outcome permutation with full refit","cv_r2_vs_mean",-0.0279448823282158,FALSE,1000,"permutation_draw"
"1e","Analysis/09_early_prediction_model_ladder.R","early_prediction_permutation_draws.csv","Analysis/_supporting/build_figure1_panel_source_data.R",228,20260811,"movement_mean","Movement mean","leave-one-animal-out outcome permutation with full refit","cv_r2_vs_mean",-0.022794645337844,FALSE,1000,"permutation_draw"
"1e","Analysis/09_early_prediction_model_ladder.R","early_prediction_permutation_draws.csv","Analysis/_supporting/build_figure1_panel_source_data.R",229,20260811,"movement_mean","Movement mean","leave-one-animal-out outcome permutation with full refit","cv_r2_vs_mean",-0.0304962023326787,FALSE,1000,"permutation_draw"
"1e","Analysis/09_early_prediction_model_ladder.R","early_prediction_permutation_draws.csv","Analysis/_supporting/build_figure1_panel_source_data.R",230,20260811,"movement_mean","Movement mean","leave-one-animal-out outcome permutation with full refit","cv_r2_vs_mean",-0.0369570013284457,FALSE,1000,"permutation_draw"
"1e","Analysis/09_early_prediction_model_ladder.R","early_prediction_permutation_draws.csv","Analysis/_supporting/build_figure1_panel_source_data.R",231,20260811,"movement_mean","Movement mean","leave-one-animal-out outcome permutation with full refit","cv_r2_vs_mean",-0.0365573143176072,FALSE,1000,"permutation_draw"
"1e","Analysis/09_early_prediction_model_ladder.R","early_prediction_permutation_draws.csv","Analysis/_supporting/build_figure1_panel_source_data.R",232,20260811,"movement_mean","Movement mean","leave-one-animal-out outcome permutation with full refit","cv_r2_vs_mean",-0.00756630022527993,FALSE,1000,"permutation_draw"
"1e","Analysis/09_early_prediction_model_ladder.R","early_prediction_permutation_draws.csv","Analysis/_supporting/build_figure1_panel_source_data.R",233,20260811,"movement_mean","Movement mean","leave-one-animal-out outcome permutation with full refit","cv_r2_vs_mean",-0.0299305727417594,FALSE,1000,"permutation_draw"
"1e","Analysis/09_early_prediction_model_ladder.R","early_prediction_permutation_draws.csv","Analysis/_supporting/build_figure1_panel_source_data.R",234,20260811,"movement_mean","Movement mean","leave-one-animal-out outcome permutation with full refit","cv_r2_vs_mean",-0.0112377886923607,FALSE,1000,"permutation_draw"
"1e","Analysis/09_early_prediction_model_ladder.R","early_prediction_permutation_draws.csv","Analysis/_supporting/build_figure1_panel_source_data.R",235,20260811,"movement_mean","Movement mean","leave-one-animal-out outcome permutation with full refit","cv_r2_vs_mean",-0.0368581233210037,FALSE,1000,"permutation_draw"
"1e","Analysis/09_early_prediction_model_ladder.R","early_prediction_permutation_draws.csv","Analysis/_supporting/build_figure1_panel_source_data.R",236,20260811,"movement_mean","Movement mean","leave-one-animal-out outcome permutation with full refit","cv_r2_vs_mean",-0.0329284886476622,FALSE,1000,"permutation_draw"
"1e","Analysis/09_early_prediction_model_ladder.R","early_prediction_permutation_draws.csv","Analysis/_supporting/build_figure1_panel_source_data.R",237,20260811,"movement_mean","Movement mean","leave-one-animal-out outcome permutation with full refit","cv_r2_vs_mean",-0.0370855950799467,FALSE,1000,"permutation_draw"
"1e","Analysis/09_early_prediction_model_ladder.R","early_prediction_permutation_draws.csv","Analysis/_supporting/build_figure1_panel_source_data.R",238,20260811,"movement_mean","Movement mean","leave-one-animal-out outcome permutation with full refit","cv_r2_vs_mean",-0.0346289593026483,FALSE,1000,"permutation_draw"
"1e","Analysis/09_early_prediction_model_ladder.R","early_prediction_permutation_draws.csv","Analysis/_supporting/build_figure1_panel_source_data.R",239,20260811,"movement_mean","Movement mean","leave-one-animal-out outcome permutation with full refit","cv_r2_vs_mean",-0.0226783774634394,FALSE,1000,"permutation_draw"
"1e","Analysis/09_early_prediction_model_ladder.R","early_prediction_permutation_draws.csv","Analysis/_supporting/build_figure1_panel_source_data.R",240,20260811,"movement_mean","Movement mean","leave-one-animal-out outcome permutation with full refit","cv_r2_vs_mean",-0.0375404454668993,FALSE,1000,"permutation_draw"
"1e","Analysis/09_early_prediction_model_ladder.R","early_prediction_permutation_draws.csv","Analysis/_supporting/build_figure1_panel_source_data.R",241,20260811,"movement_mean","Movement mean","leave-one-animal-out outcome permutation with full refit","cv_r2_vs_mean",0.0156241167678417,FALSE,1000,"permutation_draw"
"1e","Analysis/09_early_prediction_model_ladder.R","early_prediction_permutation_draws.csv","Analysis/_supporting/build_figure1_panel_source_data.R",242,20260811,"movement_mean","Movement mean","leave-one-animal-out outcome permutation with full refit","cv_r2_vs_mean",-0.00433198584118676,FALSE,1000,"permutation_draw"
"1e","Analysis/09_early_prediction_model_ladder.R","early_prediction_permutation_draws.csv","Analysis/_supporting/build_figure1_panel_source_data.R",243,20260811,"movement_mean","Movement mean","leave-one-animal-out outcome permutation with full refit","cv_r2_vs_mean",-0.036439052628954,FALSE,1000,"permutation_draw"
"1e","Analysis/09_early_prediction_model_ladder.R","early_prediction_permutation_draws.csv","Analysis/_supporting/build_figure1_panel_source_data.R",244,20260811,"movement_mean","Movement mean","leave-one-animal-out outcome permutation with full refit","cv_r2_vs_mean",-0.00972862998046841,FALSE,1000,"permutation_draw"
"1e","Analysis/09_early_prediction_model_ladder.R","early_prediction_permutation_draws.csv","Analysis/_supporting/build_figure1_panel_source_data.R",245,20260811,"movement_mean","Movement mean","leave-one-animal-out outcome permutation with full refit","cv_r2_vs_mean",-0.0375890497915072,FALSE,1000,"permutation_draw"
"1e","Analysis/09_early_prediction_model_ladder.R","early_prediction_permutation_draws.csv","Analysis/_supporting/build_figure1_panel_source_data.R",246,20260811,"movement_mean","Movement mean","leave-one-animal-out outcome permutation with full refit","cv_r2_vs_mean",-0.0311394104327827,FALSE,1000,"permutation_draw"
"1e","Analysis/09_early_prediction_model_ladder.R","early_prediction_permutation_draws.csv","Analysis/_supporting/build_figure1_panel_source_data.R",247,20260811,"movement_mean","Movement mean","leave-one-animal-out outcome permutation with full refit","cv_r2_vs_mean",-0.030577448169151,FALSE,1000,"permutation_draw"
"1e","Analysis/09_early_prediction_model_ladder.R","early_prediction_permutation_draws.csv","Analysis/_supporting/build_figure1_panel_source_data.R",248,20260811,"movement_mean","Movement mean","leave-one-animal-out outcome permutation with full refit","cv_r2_vs_mean",-0.0393096502820585,FALSE,1000,"permutation_draw"
"1e","Analysis/09_early_prediction_model_ladder.R","early_prediction_permutation_draws.csv","Analysis/_supporting/build_figure1_panel_source_data.R",249,20260811,"movement_mean","Movement mean","leave-one-animal-out outcome permutation with full refit","cv_r2_vs_mean",-0.0176075519952354,FALSE,1000,"permutation_draw"
"1e","Analysis/09_early_prediction_model_ladder.R","early_prediction_permutation_draws.csv","Analysis/_supporting/build_figure1_panel_source_data.R",250,20260811,"movement_mean","Movement mean","leave-one-animal-out outcome permutation with full refit","cv_r2_vs_mean",0.0178931026698402,FALSE,1000,"permutation_draw"
"1e","Analysis/09_early_prediction_model_ladder.R","early_prediction_permutation_draws.csv","Analysis/_supporting/build_figure1_panel_source_data.R",251,20260811,"movement_mean","Movement mean","leave-one-animal-out outcome permutation with full refit","cv_r2_vs_mean",-0.0409826358943339,FALSE,1000,"permutation_draw"
"1e","Analysis/09_early_prediction_model_ladder.R","early_prediction_permutation_draws.csv","Analysis/_supporting/build_figure1_panel_source_data.R",252,20260811,"movement_mean","Movement mean","leave-one-animal-out outcome permutation with full refit","cv_r2_vs_mean",-0.0458094299227265,FALSE,1000,"permutation_draw"
"1e","Analysis/09_early_prediction_model_ladder.R","early_prediction_permutation_draws.csv","Analysis/_supporting/build_figure1_panel_source_data.R",253,20260811,"movement_mean","Movement mean","leave-one-animal-out outcome permutation with full refit","cv_r2_vs_mean",-0.0338296399989379,FALSE,1000,"permutation_draw"
"1e","Analysis/09_early_prediction_model_ladder.R","early_prediction_permutation_draws.csv","Analysis/_supporting/build_figure1_panel_source_data.R",254,20260811,"movement_mean","Movement mean","leave-one-animal-out outcome permutation with full refit","cv_r2_vs_mean",-0.0302580634094116,FALSE,1000,"permutation_draw"
"1e","Analysis/09_early_prediction_model_ladder.R","early_prediction_permutation_draws.csv","Analysis/_supporting/build_figure1_panel_source_data.R",255,20260811,"movement_mean","Movement mean","leave-one-animal-out outcome permutation with full refit","cv_r2_vs_mean",-0.0248903740190847,FALSE,1000,"permutation_draw"
"1e","Analysis/09_early_prediction_model_ladder.R","early_prediction_permutation_draws.csv","Analysis/_supporting/build_figure1_panel_source_data.R",256,20260811,"movement_mean","Movement mean","leave-one-animal-out outcome permutation with full refit","cv_r2_vs_mean",-0.0327637132868039,FALSE,1000,"permutation_draw"
"1e","Analysis/09_early_prediction_model_ladder.R","early_prediction_permutation_draws.csv","Analysis/_supporting/build_figure1_panel_source_data.R",257,20260811,"movement_mean","Movement mean","leave-one-animal-out outcome permutation with full refit","cv_r2_vs_mean",0.0251820347008304,FALSE,1000,"permutation_draw"
"1e","Analysis/09_early_prediction_model_ladder.R","early_prediction_permutation_draws.csv","Analysis/_supporting/build_figure1_panel_source_data.R",258,20260811,"movement_mean","Movement mean","leave-one-animal-out outcome permutation with full refit","cv_r2_vs_mean",-0.0442085738566962,FALSE,1000,"permutation_draw"
"1e","Analysis/09_early_prediction_model_ladder.R","early_prediction_permutation_draws.csv","Analysis/_supporting/build_figure1_panel_source_data.R",259,20260811,"movement_mean","Movement mean","leave-one-animal-out outcome permutation with full refit","cv_r2_vs_mean",-0.0327077076894107,FALSE,1000,"permutation_draw"
"1e","Analysis/09_early_prediction_model_ladder.R","early_prediction_permutation_draws.csv","Analysis/_supporting/build_figure1_panel_source_data.R",260,20260811,"movement_mean","Movement mean","leave-one-animal-out outcome permutation with full refit","cv_r2_vs_mean",-0.0283201134588082,FALSE,1000,"permutation_draw"
"1e","Analysis/09_early_prediction_model_ladder.R","early_prediction_permutation_draws.csv","Analysis/_supporting/build_figure1_panel_source_data.R",261,20260811,"movement_mean","Movement mean","leave-one-animal-out outcome permutation with full refit","cv_r2_vs_mean",-0.0353296448659788,FALSE,1000,"permutation_draw"
"1e","Analysis/09_early_prediction_model_ladder.R","early_prediction_permutation_draws.csv","Analysis/_supporting/build_figure1_panel_source_data.R",262,20260811,"movement_mean","Movement mean","leave-one-animal-out outcome permutation with full refit","cv_r2_vs_mean",-0.0300050367474922,FALSE,1000,"permutation_draw"
"1e","Analysis/09_early_prediction_model_ladder.R","early_prediction_permutation_draws.csv","Analysis/_supporting/build_figure1_panel_source_data.R",263,20260811,"movement_mean","Movement mean","leave-one-animal-out outcome permutation with full refit","cv_r2_vs_mean",-0.0185654183364556,FALSE,1000,"permutation_draw"
"1e","Analysis/09_early_prediction_model_ladder.R","early_prediction_permutation_draws.csv","Analysis/_supporting/build_figure1_panel_source_data.R",264,20260811,"movement_mean","Movement mean","leave-one-animal-out outcome permutation with full refit","cv_r2_vs_mean",-0.0325741742516745,FALSE,1000,"permutation_draw"
"1e","Analysis/09_early_prediction_model_ladder.R","early_prediction_permutation_draws.csv","Analysis/_supporting/build_figure1_panel_source_data.R",265,20260811,"movement_mean","Movement mean","leave-one-animal-out outcome permutation with full refit","cv_r2_vs_mean",-0.0462826130190368,FALSE,1000,"permutation_draw"
"1e","Analysis/09_early_prediction_model_ladder.R","early_prediction_permutation_draws.csv","Analysis/_supporting/build_figure1_panel_source_data.R",266,20260811,"movement_mean","Movement mean","leave-one-animal-out outcome permutation with full refit","cv_r2_vs_mean",-0.0111071763265662,FALSE,1000,"permutation_draw"
"1e","Analysis/09_early_prediction_model_ladder.R","early_prediction_permutation_draws.csv","Analysis/_supporting/build_figure1_panel_source_data.R",267,20260811,"movement_mean","Movement mean","leave-one-animal-out outcome permutation with full refit","cv_r2_vs_mean",-0.0337550783725817,FALSE,1000,"permutation_draw"
"1e","Analysis/09_early_prediction_model_ladder.R","early_prediction_permutation_draws.csv","Analysis/_supporting/build_figure1_panel_source_data.R",268,20260811,"movement_mean","Movement mean","leave-one-animal-out outcome permutation with full refit","cv_r2_vs_mean",-0.030766263048895,FALSE,1000,"permutation_draw"
"1e","Analysis/09_early_prediction_model_ladder.R","early_prediction_permutation_draws.csv","Analysis/_supporting/build_figure1_panel_source_data.R",269,20260811,"movement_mean","Movement mean","leave-one-animal-out outcome permutation with full refit","cv_r2_vs_mean",-0.051736640443127,FALSE,1000,"permutation_draw"
"1e","Analysis/09_early_prediction_model_ladder.R","early_prediction_permutation_draws.csv","Analysis/_supporting/build_figure1_panel_source_data.R",270,20260811,"movement_mean","Movement mean","leave-one-animal-out outcome permutation with full refit","cv_r2_vs_mean",0.0222823777327231,FALSE,1000,"permutation_draw"
"1e","Analysis/09_early_prediction_model_ladder.R","early_prediction_permutation_draws.csv","Analysis/_supporting/build_figure1_panel_source_data.R",271,20260811,"movement_mean","Movement mean","leave-one-animal-out outcome permutation with full refit","cv_r2_vs_mean",-0.0345085728164625,FALSE,1000,"permutation_draw"
"1e","Analysis/09_early_prediction_model_ladder.R","early_prediction_permutation_draws.csv","Analysis/_supporting/build_figure1_panel_source_data.R",272,20260811,"movement_mean","Movement mean","leave-one-animal-out outcome permutation with full refit","cv_r2_vs_mean",-0.0282679490435673,FALSE,1000,"permutation_draw"
"1e","Analysis/09_early_prediction_model_ladder.R","early_prediction_permutation_draws.csv","Analysis/_supporting/build_figure1_panel_source_data.R",273,20260811,"movement_mean","Movement mean","leave-one-animal-out outcome permutation with full refit","cv_r2_vs_mean",-0.0328412777599674,FALSE,1000,"permutation_draw"
"1e","Analysis/09_early_prediction_model_ladder.R","early_prediction_permutation_draws.csv","Analysis/_supporting/build_figure1_panel_source_data.R",274,20260811,"movement_mean","Movement mean","leave-one-animal-out outcome permutation with full refit","cv_r2_vs_mean",-0.0429458571709149,FALSE,1000,"permutation_draw"
"1e","Analysis/09_early_prediction_model_ladder.R","early_prediction_permutation_draws.csv","Analysis/_supporting/build_figure1_panel_source_data.R",275,20260811,"movement_mean","Movement mean","leave-one-animal-out outcome permutation with full refit","cv_r2_vs_mean",-0.0296564246353923,FALSE,1000,"permutation_draw"
"1e","Analysis/09_early_prediction_model_ladder.R","early_prediction_permutation_draws.csv","Analysis/_supporting/build_figure1_panel_source_data.R",276,20260811,"movement_mean","Movement mean","leave-one-animal-out outcome permutation with full refit","cv_r2_vs_mean",0.000225230849055125,FALSE,1000,"permutation_draw"
"1e","Analysis/09_early_prediction_model_ladder.R","early_prediction_permutation_draws.csv","Analysis/_supporting/build_figure1_panel_source_data.R",277,20260811,"movement_mean","Movement mean","leave-one-animal-out outcome permutation with full refit","cv_r2_vs_mean",-0.0310766085906387,FALSE,1000,"permutation_draw"
"1e","Analysis/09_early_prediction_model_ladder.R","early_prediction_permutation_draws.csv","Analysis/_supporting/build_figure1_panel_source_data.R",278,20260811,"movement_mean","Movement mean","leave-one-animal-out outcome permutation with full refit","cv_r2_vs_mean",-0.0270080601966729,FALSE,1000,"permutation_draw"
"1e","Analysis/09_early_prediction_model_ladder.R","early_prediction_permutation_draws.csv","Analysis/_supporting/build_figure1_panel_source_data.R",279,20260811,"movement_mean","Movement mean","leave-one-animal-out outcome permutation with full refit","cv_r2_vs_mean",-0.0295930541841316,FALSE,1000,"permutation_draw"
"1e","Analysis/09_early_prediction_model_ladder.R","early_prediction_permutation_draws.csv","Analysis/_supporting/build_figure1_panel_source_data.R",280,20260811,"movement_mean","Movement mean","leave-one-animal-out outcome permutation with full refit","cv_r2_vs_mean",-0.0273212687983255,FALSE,1000,"permutation_draw"
"1e","Analysis/09_early_prediction_model_ladder.R","early_prediction_permutation_draws.csv","Analysis/_supporting/build_figure1_panel_source_data.R",281,20260811,"movement_mean","Movement mean","leave-one-animal-out outcome permutation with full refit","cv_r2_vs_mean",0.00716252986756771,FALSE,1000,"permutation_draw"
"1e","Analysis/09_early_prediction_model_ladder.R","early_prediction_permutation_draws.csv","Analysis/_supporting/build_figure1_panel_source_data.R",282,20260811,"movement_mean","Movement mean","leave-one-animal-out outcome permutation with full refit","cv_r2_vs_mean",-0.0483929784192445,FALSE,1000,"permutation_draw"
"1e","Analysis/09_early_prediction_model_ladder.R","early_prediction_permutation_draws.csv","Analysis/_supporting/build_figure1_panel_source_data.R",283,20260811,"movement_mean","Movement mean","leave-one-animal-out outcome permutation with full refit","cv_r2_vs_mean",-0.0350722132742658,FALSE,1000,"permutation_draw"
"1e","Analysis/09_early_prediction_model_ladder.R","early_prediction_permutation_draws.csv","Analysis/_supporting/build_figure1_panel_source_data.R",284,20260811,"movement_mean","Movement mean","leave-one-animal-out outcome permutation with full refit","cv_r2_vs_mean",-0.0344352114097353,FALSE,1000,"permutation_draw"
"1e","Analysis/09_early_prediction_model_ladder.R","early_prediction_permutation_draws.csv","Analysis/_supporting/build_figure1_panel_source_data.R",285,20260811,"movement_mean","Movement mean","leave-one-animal-out outcome permutation with full refit","cv_r2_vs_mean",-0.0153214984325509,FALSE,1000,"permutation_draw"
"1e","Analysis/09_early_prediction_model_ladder.R","early_prediction_permutation_draws.csv","Analysis/_supporting/build_figure1_panel_source_data.R",286,20260811,"movement_mean","Movement mean","leave-one-animal-out outcome permutation with full refit","cv_r2_vs_mean",-0.0347023955443577,FALSE,1000,"permutation_draw"
"1e","Analysis/09_early_prediction_model_ladder.R","early_prediction_permutation_draws.csv","Analysis/_supporting/build_figure1_panel_source_data.R",287,20260811,"movement_mean","Movement mean","leave-one-animal-out outcome permutation with full refit","cv_r2_vs_mean",-0.0148045504866394,FALSE,1000,"permutation_draw"
"1e","Analysis/09_early_prediction_model_ladder.R","early_prediction_permutation_draws.csv","Analysis/_supporting/build_figure1_panel_source_data.R",288,20260811,"movement_mean","Movement mean","leave-one-animal-out outcome permutation with full refit","cv_r2_vs_mean",-0.0374085804886857,FALSE,1000,"permutation_draw"
"1e","Analysis/09_early_prediction_model_ladder.R","early_prediction_permutation_draws.csv","Analysis/_supporting/build_figure1_panel_source_data.R",289,20260811,"movement_mean","Movement mean","leave-one-animal-out outcome permutation with full refit","cv_r2_vs_mean",-0.0116417685047019,FALSE,1000,"permutation_draw"
"1e","Analysis/09_early_prediction_model_ladder.R","early_prediction_permutation_draws.csv","Analysis/_supporting/build_figure1_panel_source_data.R",290,20260811,"movement_mean","Movement mean","leave-one-animal-out outcome permutation with full refit","cv_r2_vs_mean",-0.0379655834353068,FALSE,1000,"permutation_draw"
"1e","Analysis/09_early_prediction_model_ladder.R","early_prediction_permutation_draws.csv","Analysis/_supporting/build_figure1_panel_source_data.R",291,20260811,"movement_mean","Movement mean","leave-one-animal-out outcome permutation with full refit","cv_r2_vs_mean",-0.0308749176531906,FALSE,1000,"permutation_draw"
"1e","Analysis/09_early_prediction_model_ladder.R","early_prediction_permutation_draws.csv","Analysis/_supporting/build_figure1_panel_source_data.R",292,20260811,"movement_mean","Movement mean","leave-one-animal-out outcome permutation with full refit","cv_r2_vs_mean",-0.0250574405128021,FALSE,1000,"permutation_draw"
"1e","Analysis/09_early_prediction_model_ladder.R","early_prediction_permutation_draws.csv","Analysis/_supporting/build_figure1_panel_source_data.R",293,20260811,"movement_mean","Movement mean","leave-one-animal-out outcome permutation with full refit","cv_r2_vs_mean",-0.00807489931024596,FALSE,1000,"permutation_draw"
"1e","Analysis/09_early_prediction_model_ladder.R","early_prediction_permutation_draws.csv","Analysis/_supporting/build_figure1_panel_source_data.R",294,20260811,"movement_mean","Movement mean","leave-one-animal-out outcome permutation with full refit","cv_r2_vs_mean",-0.0330830608216115,FALSE,1000,"permutation_draw"
"1e","Analysis/09_early_prediction_model_ladder.R","early_prediction_permutation_draws.csv","Analysis/_supporting/build_figure1_panel_source_data.R",295,20260811,"movement_mean","Movement mean","leave-one-animal-out outcome permutation with full refit","cv_r2_vs_mean",-0.0262985020494901,FALSE,1000,"permutation_draw"
"1e","Analysis/09_early_prediction_model_ladder.R","early_prediction_permutation_draws.csv","Analysis/_supporting/build_figure1_panel_source_data.R",296,20260811,"movement_mean","Movement mean","leave-one-animal-out outcome permutation with full refit","cv_r2_vs_mean",-0.0400239241264648,FALSE,1000,"permutation_draw"
"1e","Analysis/09_early_prediction_model_ladder.R","early_prediction_permutation_draws.csv","Analysis/_supporting/build_figure1_panel_source_data.R",297,20260811,"movement_mean","Movement mean","leave-one-animal-out outcome permutation with full refit","cv_r2_vs_mean",-0.0367965621681647,FALSE,1000,"permutation_draw"
"1e","Analysis/09_early_prediction_model_ladder.R","early_prediction_permutation_draws.csv","Analysis/_supporting/build_figure1_panel_source_data.R",298,20260811,"movement_mean","Movement mean","leave-one-animal-out outcome permutation with full refit","cv_r2_vs_mean",-0.00920261152324908,FALSE,1000,"permutation_draw"
"1e","Analysis/09_early_prediction_model_ladder.R","early_prediction_permutation_draws.csv","Analysis/_supporting/build_figure1_panel_source_data.R",299,20260811,"movement_mean","Movement mean","leave-one-animal-out outcome permutation with full refit","cv_r2_vs_mean",-0.0330439343374682,FALSE,1000,"permutation_draw"
"1e","Analysis/09_early_prediction_model_ladder.R","early_prediction_permutation_draws.csv","Analysis/_supporting/build_figure1_panel_source_data.R",300,20260811,"movement_mean","Movement mean","leave-one-animal-out outcome permutation with full refit","cv_r2_vs_mean",-0.0388698909728498,FALSE,1000,"permutation_draw"
"1e","Analysis/09_early_prediction_model_ladder.R","early_prediction_permutation_draws.csv","Analysis/_supporting/build_figure1_panel_source_data.R",301,20260811,"movement_mean","Movement mean","leave-one-animal-out outcome permutation with full refit","cv_r2_vs_mean",-0.0426875142056784,FALSE,1000,"permutation_draw"
"1e","Analysis/09_early_prediction_model_ladder.R","early_prediction_permutation_draws.csv","Analysis/_supporting/build_figure1_panel_source_data.R",302,20260811,"movement_mean","Movement mean","leave-one-animal-out outcome permutation with full refit","cv_r2_vs_mean",-0.0295185276908023,FALSE,1000,"permutation_draw"
"1e","Analysis/09_early_prediction_model_ladder.R","early_prediction_permutation_draws.csv","Analysis/_supporting/build_figure1_panel_source_data.R",303,20260811,"movement_mean","Movement mean","leave-one-animal-out outcome permutation with full refit","cv_r2_vs_mean",-0.0386332460778287,FALSE,1000,"permutation_draw"
"1e","Analysis/09_early_prediction_model_ladder.R","early_prediction_permutation_draws.csv","Analysis/_supporting/build_figure1_panel_source_data.R",304,20260811,"movement_mean","Movement mean","leave-one-animal-out outcome permutation with full refit","cv_r2_vs_mean",-0.0407163750389401,FALSE,1000,"permutation_draw"
"1e","Analysis/09_early_prediction_model_ladder.R","early_prediction_permutation_draws.csv","Analysis/_supporting/build_figure1_panel_source_data.R",305,20260811,"movement_mean","Movement mean","leave-one-animal-out outcome permutation with full refit","cv_r2_vs_mean",-0.0338091426141103,FALSE,1000,"permutation_draw"
"1e","Analysis/09_early_prediction_model_ladder.R","early_prediction_permutation_draws.csv","Analysis/_supporting/build_figure1_panel_source_data.R",306,20260811,"movement_mean","Movement mean","leave-one-animal-out outcome permutation with full refit","cv_r2_vs_mean",-0.0368418952279705,FALSE,1000,"permutation_draw"
"1e","Analysis/09_early_prediction_model_ladder.R","early_prediction_permutation_draws.csv","Analysis/_supporting/build_figure1_panel_source_data.R",307,20260811,"movement_mean","Movement mean","leave-one-animal-out outcome permutation with full refit","cv_r2_vs_mean",-0.0271441788080073,FALSE,1000,"permutation_draw"
"1e","Analysis/09_early_prediction_model_ladder.R","early_prediction_permutation_draws.csv","Analysis/_supporting/build_figure1_panel_source_data.R",308,20260811,"movement_mean","Movement mean","leave-one-animal-out outcome permutation with full refit","cv_r2_vs_mean",-0.025837739722983,FALSE,1000,"permutation_draw"
"1e","Analysis/09_early_prediction_model_ladder.R","early_prediction_permutation_draws.csv","Analysis/_supporting/build_figure1_panel_source_data.R",309,20260811,"movement_mean","Movement mean","leave-one-animal-out outcome permutation with full refit","cv_r2_vs_mean",0.00820478048314321,FALSE,1000,"permutation_draw"
"1e","Analysis/09_early_prediction_model_ladder.R","early_prediction_permutation_draws.csv","Analysis/_supporting/build_figure1_panel_source_data.R",310,20260811,"movement_mean","Movement mean","leave-one-animal-out outcome permutation with full refit","cv_r2_vs_mean",-0.0252877589981166,FALSE,1000,"permutation_draw"
"1e","Analysis/09_early_prediction_model_ladder.R","early_prediction_permutation_draws.csv","Analysis/_supporting/build_figure1_panel_source_data.R",311,20260811,"movement_mean","Movement mean","leave-one-animal-out outcome permutation with full refit","cv_r2_vs_mean",-0.0311920235632723,FALSE,1000,"permutation_draw"
"1e","Analysis/09_early_prediction_model_ladder.R","early_prediction_permutation_draws.csv","Analysis/_supporting/build_figure1_panel_source_data.R",312,20260811,"movement_mean","Movement mean","leave-one-animal-out outcome permutation with full refit","cv_r2_vs_mean",-0.0361632370130252,FALSE,1000,"permutation_draw"
"1e","Analysis/09_early_prediction_model_ladder.R","early_prediction_permutation_draws.csv","Analysis/_supporting/build_figure1_panel_source_data.R",313,20260811,"movement_mean","Movement mean","leave-one-animal-out outcome permutation with full refit","cv_r2_vs_mean",0.0235879640989517,FALSE,1000,"permutation_draw"
"1e","Analysis/09_early_prediction_model_ladder.R","early_prediction_permutation_draws.csv","Analysis/_supporting/build_figure1_panel_source_data.R",314,20260811,"movement_mean","Movement mean","leave-one-animal-out outcome permutation with full refit","cv_r2_vs_mean",-0.0309011406346029,FALSE,1000,"permutation_draw"
"1e","Analysis/09_early_prediction_model_ladder.R","early_prediction_permutation_draws.csv","Analysis/_supporting/build_figure1_panel_source_data.R",315,20260811,"movement_mean","Movement mean","leave-one-animal-out outcome permutation with full refit","cv_r2_vs_mean",-0.033044827025444,FALSE,1000,"permutation_draw"
"1e","Analysis/09_early_prediction_model_ladder.R","early_prediction_permutation_draws.csv","Analysis/_supporting/build_figure1_panel_source_data.R",316,20260811,"movement_mean","Movement mean","leave-one-animal-out outcome permutation with full refit","cv_r2_vs_mean",-0.0382918737434335,FALSE,1000,"permutation_draw"
"1e","Analysis/09_early_prediction_model_ladder.R","early_prediction_permutation_draws.csv","Analysis/_supporting/build_figure1_panel_source_data.R",317,20260811,"movement_mean","Movement mean","leave-one-animal-out outcome permutation with full refit","cv_r2_vs_mean",-0.00631100333296008,FALSE,1000,"permutation_draw"
"1e","Analysis/09_early_prediction_model_ladder.R","early_prediction_permutation_draws.csv","Analysis/_supporting/build_figure1_panel_source_data.R",318,20260811,"movement_mean","Movement mean","leave-one-animal-out outcome permutation with full refit","cv_r2_vs_mean",-0.00816954860280771,FALSE,1000,"permutation_draw"
"1e","Analysis/09_early_prediction_model_ladder.R","early_prediction_permutation_draws.csv","Analysis/_supporting/build_figure1_panel_source_data.R",319,20260811,"movement_mean","Movement mean","leave-one-animal-out outcome permutation with full refit","cv_r2_vs_mean",-0.0348604257439906,FALSE,1000,"permutation_draw"
"1e","Analysis/09_early_prediction_model_ladder.R","early_prediction_permutation_draws.csv","Analysis/_supporting/build_figure1_panel_source_data.R",320,20260811,"movement_mean","Movement mean","leave-one-animal-out outcome permutation with full refit","cv_r2_vs_mean",-0.0335914306552083,FALSE,1000,"permutation_draw"
"1e","Analysis/09_early_prediction_model_ladder.R","early_prediction_permutation_draws.csv","Analysis/_supporting/build_figure1_panel_source_data.R",321,20260811,"movement_mean","Movement mean","leave-one-animal-out outcome permutation with full refit","cv_r2_vs_mean",-0.0250003960025662,FALSE,1000,"permutation_draw"
"1e","Analysis/09_early_prediction_model_ladder.R","early_prediction_permutation_draws.csv","Analysis/_supporting/build_figure1_panel_source_data.R",322,20260811,"movement_mean","Movement mean","leave-one-animal-out outcome permutation with full refit","cv_r2_vs_mean",-0.0337934970002802,FALSE,1000,"permutation_draw"
"1e","Analysis/09_early_prediction_model_ladder.R","early_prediction_permutation_draws.csv","Analysis/_supporting/build_figure1_panel_source_data.R",323,20260811,"movement_mean","Movement mean","leave-one-animal-out outcome permutation with full refit","cv_r2_vs_mean",-0.0372935260089367,FALSE,1000,"permutation_draw"
"1e","Analysis/09_early_prediction_model_ladder.R","early_prediction_permutation_draws.csv","Analysis/_supporting/build_figure1_panel_source_data.R",324,20260811,"movement_mean","Movement mean","leave-one-animal-out outcome permutation with full refit","cv_r2_vs_mean",-0.0315988296690099,FALSE,1000,"permutation_draw"
"1e","Analysis/09_early_prediction_model_ladder.R","early_prediction_permutation_draws.csv","Analysis/_supporting/build_figure1_panel_source_data.R",325,20260811,"movement_mean","Movement mean","leave-one-animal-out outcome permutation with full refit","cv_r2_vs_mean",-0.0361210203167943,FALSE,1000,"permutation_draw"
"1e","Analysis/09_early_prediction_model_ladder.R","early_prediction_permutation_draws.csv","Analysis/_supporting/build_figure1_panel_source_data.R",326,20260811,"movement_mean","Movement mean","leave-one-animal-out outcome permutation with full refit","cv_r2_vs_mean",-0.0355812396058386,FALSE,1000,"permutation_draw"
"1e","Analysis/09_early_prediction_model_ladder.R","early_prediction_permutation_draws.csv","Analysis/_supporting/build_figure1_panel_source_data.R",327,20260811,"movement_mean","Movement mean","leave-one-animal-out outcome permutation with full refit","cv_r2_vs_mean",-0.0353192949502761,FALSE,1000,"permutation_draw"
"1e","Analysis/09_early_prediction_model_ladder.R","early_prediction_permutation_draws.csv","Analysis/_supporting/build_figure1_panel_source_data.R",328,20260811,"movement_mean","Movement mean","leave-one-animal-out outcome permutation with full refit","cv_r2_vs_mean",-0.0292487743729284,FALSE,1000,"permutation_draw"
"1e","Analysis/09_early_prediction_model_ladder.R","early_prediction_permutation_draws.csv","Analysis/_supporting/build_figure1_panel_source_data.R",329,20260811,"movement_mean","Movement mean","leave-one-animal-out outcome permutation with full refit","cv_r2_vs_mean",-0.0372507619574973,FALSE,1000,"permutation_draw"
"1e","Analysis/09_early_prediction_model_ladder.R","early_prediction_permutation_draws.csv","Analysis/_supporting/build_figure1_panel_source_data.R",330,20260811,"movement_mean","Movement mean","leave-one-animal-out outcome permutation with full refit","cv_r2_vs_mean",-0.0217537405126969,FALSE,1000,"permutation_draw"
"1e","Analysis/09_early_prediction_model_ladder.R","early_prediction_permutation_draws.csv","Analysis/_supporting/build_figure1_panel_source_data.R",331,20260811,"movement_mean","Movement mean","leave-one-animal-out outcome permutation with full refit","cv_r2_vs_mean",-0.0361441918136285,FALSE,1000,"permutation_draw"
"1e","Analysis/09_early_prediction_model_ladder.R","early_prediction_permutation_draws.csv","Analysis/_supporting/build_figure1_panel_source_data.R",332,20260811,"movement_mean","Movement mean","leave-one-animal-out outcome permutation with full refit","cv_r2_vs_mean",-0.0436612600799382,FALSE,1000,"permutation_draw"
"1e","Analysis/09_early_prediction_model_ladder.R","early_prediction_permutation_draws.csv","Analysis/_supporting/build_figure1_panel_source_data.R",333,20260811,"movement_mean","Movement mean","leave-one-animal-out outcome permutation with full refit","cv_r2_vs_mean",-0.0199271348430234,FALSE,1000,"permutation_draw"
"1e","Analysis/09_early_prediction_model_ladder.R","early_prediction_permutation_draws.csv","Analysis/_supporting/build_figure1_panel_source_data.R",334,20260811,"movement_mean","Movement mean","leave-one-animal-out outcome permutation with full refit","cv_r2_vs_mean",-0.034692274071215,FALSE,1000,"permutation_draw"
"1e","Analysis/09_early_prediction_model_ladder.R","early_prediction_permutation_draws.csv","Analysis/_supporting/build_figure1_panel_source_data.R",335,20260811,"movement_mean","Movement mean","leave-one-animal-out outcome permutation with full refit","cv_r2_vs_mean",-0.034727165631828,FALSE,1000,"permutation_draw"
"1e","Analysis/09_early_prediction_model_ladder.R","early_prediction_permutation_draws.csv","Analysis/_supporting/build_figure1_panel_source_data.R",336,20260811,"movement_mean","Movement mean","leave-one-animal-out outcome permutation with full refit","cv_r2_vs_mean",-0.0328207173086121,FALSE,1000,"permutation_draw"
"1e","Analysis/09_early_prediction_model_ladder.R","early_prediction_permutation_draws.csv","Analysis/_supporting/build_figure1_panel_source_data.R",337,20260811,"movement_mean","Movement mean","leave-one-animal-out outcome permutation with full refit","cv_r2_vs_mean",-0.0322115539908678,FALSE,1000,"permutation_draw"
"1e","Analysis/09_early_prediction_model_ladder.R","early_prediction_permutation_draws.csv","Analysis/_supporting/build_figure1_panel_source_data.R",338,20260811,"movement_mean","Movement mean","leave-one-animal-out outcome permutation with full refit","cv_r2_vs_mean",-0.0376760997571917,FALSE,1000,"permutation_draw"
"1e","Analysis/09_early_prediction_model_ladder.R","early_prediction_permutation_draws.csv","Analysis/_supporting/build_figure1_panel_source_data.R",339,20260811,"movement_mean","Movement mean","leave-one-animal-out outcome permutation with full refit","cv_r2_vs_mean",-0.0184629322438354,FALSE,1000,"permutation_draw"
"1e","Analysis/09_early_prediction_model_ladder.R","early_prediction_permutation_draws.csv","Analysis/_supporting/build_figure1_panel_source_data.R",340,20260811,"movement_mean","Movement mean","leave-one-animal-out outcome permutation with full refit","cv_r2_vs_mean",-0.0306629357761909,FALSE,1000,"permutation_draw"
"1e","Analysis/09_early_prediction_model_ladder.R","early_prediction_permutation_draws.csv","Analysis/_supporting/build_figure1_panel_source_data.R",341,20260811,"movement_mean","Movement mean","leave-one-animal-out outcome permutation with full refit","cv_r2_vs_mean",-0.0382197353643581,FALSE,1000,"permutation_draw"
"1e","Analysis/09_early_prediction_model_ladder.R","early_prediction_permutation_draws.csv","Analysis/_supporting/build_figure1_panel_source_data.R",342,20260811,"movement_mean","Movement mean","leave-one-animal-out outcome permutation with full refit","cv_r2_vs_mean",-0.033226743898698,FALSE,1000,"permutation_draw"
"1e","Analysis/09_early_prediction_model_ladder.R","early_prediction_permutation_draws.csv","Analysis/_supporting/build_figure1_panel_source_data.R",343,20260811,"movement_mean","Movement mean","leave-one-animal-out outcome permutation with full refit","cv_r2_vs_mean",-0.0327738783825329,FALSE,1000,"permutation_draw"
"1e","Analysis/09_early_prediction_model_ladder.R","early_prediction_permutation_draws.csv","Analysis/_supporting/build_figure1_panel_source_data.R",344,20260811,"movement_mean","Movement mean","leave-one-animal-out outcome permutation with full refit","cv_r2_vs_mean",-0.0287675701401662,FALSE,1000,"permutation_draw"
"1e","Analysis/09_early_prediction_model_ladder.R","early_prediction_permutation_draws.csv","Analysis/_supporting/build_figure1_panel_source_data.R",345,20260811,"movement_mean","Movement mean","leave-one-animal-out outcome permutation with full refit","cv_r2_vs_mean",-0.03466115573306,FALSE,1000,"permutation_draw"
"1e","Analysis/09_early_prediction_model_ladder.R","early_prediction_permutation_draws.csv","Analysis/_supporting/build_figure1_panel_source_data.R",346,20260811,"movement_mean","Movement mean","leave-one-animal-out outcome permutation with full refit","cv_r2_vs_mean",-0.0355789140050076,FALSE,1000,"permutation_draw"
"1e","Analysis/09_early_prediction_model_ladder.R","early_prediction_permutation_draws.csv","Analysis/_supporting/build_figure1_panel_source_data.R",347,20260811,"movement_mean","Movement mean","leave-one-animal-out outcome permutation with full refit","cv_r2_vs_mean",-0.0204711661000172,FALSE,1000,"permutation_draw"
"1e","Analysis/09_early_prediction_model_ladder.R","early_prediction_permutation_draws.csv","Analysis/_supporting/build_figure1_panel_source_data.R",348,20260811,"movement_mean","Movement mean","leave-one-animal-out outcome permutation with full refit","cv_r2_vs_mean",-0.0391786845236608,FALSE,1000,"permutation_draw"
"1e","Analysis/09_early_prediction_model_ladder.R","early_prediction_permutation_draws.csv","Analysis/_supporting/build_figure1_panel_source_data.R",349,20260811,"movement_mean","Movement mean","leave-one-animal-out outcome permutation with full refit","cv_r2_vs_mean",-0.0101191161780261,FALSE,1000,"permutation_draw"
"1e","Analysis/09_early_prediction_model_ladder.R","early_prediction_permutation_draws.csv","Analysis/_supporting/build_figure1_panel_source_data.R",350,20260811,"movement_mean","Movement mean","leave-one-animal-out outcome permutation with full refit","cv_r2_vs_mean",-0.0181248249918322,FALSE,1000,"permutation_draw"
"1e","Analysis/09_early_prediction_model_ladder.R","early_prediction_permutation_draws.csv","Analysis/_supporting/build_figure1_panel_source_data.R",351,20260811,"movement_mean","Movement mean","leave-one-animal-out outcome permutation with full refit","cv_r2_vs_mean",-0.0371106701009585,FALSE,1000,"permutation_draw"
"1e","Analysis/09_early_prediction_model_ladder.R","early_prediction_permutation_draws.csv","Analysis/_supporting/build_figure1_panel_source_data.R",352,20260811,"movement_mean","Movement mean","leave-one-animal-out outcome permutation with full refit","cv_r2_vs_mean",-0.0343756825589325,FALSE,1000,"permutation_draw"
"1e","Analysis/09_early_prediction_model_ladder.R","early_prediction_permutation_draws.csv","Analysis/_supporting/build_figure1_panel_source_data.R",353,20260811,"movement_mean","Movement mean","leave-one-animal-out outcome permutation with full refit","cv_r2_vs_mean",-0.0171421345617797,FALSE,1000,"permutation_draw"
"1e","Analysis/09_early_prediction_model_ladder.R","early_prediction_permutation_draws.csv","Analysis/_supporting/build_figure1_panel_source_data.R",354,20260811,"movement_mean","Movement mean","leave-one-animal-out outcome permutation with full refit","cv_r2_vs_mean",-0.00368335689326837,FALSE,1000,"permutation_draw"
"1e","Analysis/09_early_prediction_model_ladder.R","early_prediction_permutation_draws.csv","Analysis/_supporting/build_figure1_panel_source_data.R",355,20260811,"movement_mean","Movement mean","leave-one-animal-out outcome permutation with full refit","cv_r2_vs_mean",-0.0388781804752174,FALSE,1000,"permutation_draw"
"1e","Analysis/09_early_prediction_model_ladder.R","early_prediction_permutation_draws.csv","Analysis/_supporting/build_figure1_panel_source_data.R",356,20260811,"movement_mean","Movement mean","leave-one-animal-out outcome permutation with full refit","cv_r2_vs_mean",-0.0143285242155831,FALSE,1000,"permutation_draw"
"1e","Analysis/09_early_prediction_model_ladder.R","early_prediction_permutation_draws.csv","Analysis/_supporting/build_figure1_panel_source_data.R",357,20260811,"movement_mean","Movement mean","leave-one-animal-out outcome permutation with full refit","cv_r2_vs_mean",-0.0330202347344544,FALSE,1000,"permutation_draw"
"1e","Analysis/09_early_prediction_model_ladder.R","early_prediction_permutation_draws.csv","Analysis/_supporting/build_figure1_panel_source_data.R",358,20260811,"movement_mean","Movement mean","leave-one-animal-out outcome permutation with full refit","cv_r2_vs_mean",-0.0221199327338037,FALSE,1000,"permutation_draw"
"1e","Analysis/09_early_prediction_model_ladder.R","early_prediction_permutation_draws.csv","Analysis/_supporting/build_figure1_panel_source_data.R",359,20260811,"movement_mean","Movement mean","leave-one-animal-out outcome permutation with full refit","cv_r2_vs_mean",-0.0210116099851061,FALSE,1000,"permutation_draw"
"1e","Analysis/09_early_prediction_model_ladder.R","early_prediction_permutation_draws.csv","Analysis/_supporting/build_figure1_panel_source_data.R",360,20260811,"movement_mean","Movement mean","leave-one-animal-out outcome permutation with full refit","cv_r2_vs_mean",-0.0350763532788205,FALSE,1000,"permutation_draw"
"1e","Analysis/09_early_prediction_model_ladder.R","early_prediction_permutation_draws.csv","Analysis/_supporting/build_figure1_panel_source_data.R",361,20260811,"movement_mean","Movement mean","leave-one-animal-out outcome permutation with full refit","cv_r2_vs_mean",-0.0291110360677629,FALSE,1000,"permutation_draw"
"1e","Analysis/09_early_prediction_model_ladder.R","early_prediction_permutation_draws.csv","Analysis/_supporting/build_figure1_panel_source_data.R",362,20260811,"movement_mean","Movement mean","leave-one-animal-out outcome permutation with full refit","cv_r2_vs_mean",-0.0158046522158695,FALSE,1000,"permutation_draw"
"1e","Analysis/09_early_prediction_model_ladder.R","early_prediction_permutation_draws.csv","Analysis/_supporting/build_figure1_panel_source_data.R",363,20260811,"movement_mean","Movement mean","leave-one-animal-out outcome permutation with full refit","cv_r2_vs_mean",-0.0401154804153163,FALSE,1000,"permutation_draw"
"1e","Analysis/09_early_prediction_model_ladder.R","early_prediction_permutation_draws.csv","Analysis/_supporting/build_figure1_panel_source_data.R",364,20260811,"movement_mean","Movement mean","leave-one-animal-out outcome permutation with full refit","cv_r2_vs_mean",0.0198722807366827,FALSE,1000,"permutation_draw"
"1e","Analysis/09_early_prediction_model_ladder.R","early_prediction_permutation_draws.csv","Analysis/_supporting/build_figure1_panel_source_data.R",365,20260811,"movement_mean","Movement mean","leave-one-animal-out outcome permutation with full refit","cv_r2_vs_mean",-0.0131061035120761,FALSE,1000,"permutation_draw"
"1e","Analysis/09_early_prediction_model_ladder.R","early_prediction_permutation_draws.csv","Analysis/_supporting/build_figure1_panel_source_data.R",366,20260811,"movement_mean","Movement mean","leave-one-animal-out outcome permutation with full refit","cv_r2_vs_mean",-0.0373260241551825,FALSE,1000,"permutation_draw"
"1e","Analysis/09_early_prediction_model_ladder.R","early_prediction_permutation_draws.csv","Analysis/_supporting/build_figure1_panel_source_data.R",367,20260811,"movement_mean","Movement mean","leave-one-animal-out outcome permutation with full refit","cv_r2_vs_mean",-0.0277415216331556,FALSE,1000,"permutation_draw"
"1e","Analysis/09_early_prediction_model_ladder.R","early_prediction_permutation_draws.csv","Analysis/_supporting/build_figure1_panel_source_data.R",368,20260811,"movement_mean","Movement mean","leave-one-animal-out outcome permutation with full refit","cv_r2_vs_mean",-0.0300267690003273,FALSE,1000,"permutation_draw"
"1e","Analysis/09_early_prediction_model_ladder.R","early_prediction_permutation_draws.csv","Analysis/_supporting/build_figure1_panel_source_data.R",369,20260811,"movement_mean","Movement mean","leave-one-animal-out outcome permutation with full refit","cv_r2_vs_mean",-0.00720694915634201,FALSE,1000,"permutation_draw"
"1e","Analysis/09_early_prediction_model_ladder.R","early_prediction_permutation_draws.csv","Analysis/_supporting/build_figure1_panel_source_data.R",370,20260811,"movement_mean","Movement mean","leave-one-animal-out outcome permutation with full refit","cv_r2_vs_mean",-0.0386282085814991,FALSE,1000,"permutation_draw"
"1e","Analysis/09_early_prediction_model_ladder.R","early_prediction_permutation_draws.csv","Analysis/_supporting/build_figure1_panel_source_data.R",371,20260811,"movement_mean","Movement mean","leave-one-animal-out outcome permutation with full refit","cv_r2_vs_mean",-0.005764723759339,FALSE,1000,"permutation_draw"
"1e","Analysis/09_early_prediction_model_ladder.R","early_prediction_permutation_draws.csv","Analysis/_supporting/build_figure1_panel_source_data.R",372,20260811,"movement_mean","Movement mean","leave-one-animal-out outcome permutation with full refit","cv_r2_vs_mean",-0.0230029564470593,FALSE,1000,"permutation_draw"
"1e","Analysis/09_early_prediction_model_ladder.R","early_prediction_permutation_draws.csv","Analysis/_supporting/build_figure1_panel_source_data.R",373,20260811,"movement_mean","Movement mean","leave-one-animal-out outcome permutation with full refit","cv_r2_vs_mean",-0.00467750318248882,FALSE,1000,"permutation_draw"
"1e","Analysis/09_early_prediction_model_ladder.R","early_prediction_permutation_draws.csv","Analysis/_supporting/build_figure1_panel_source_data.R",374,20260811,"movement_mean","Movement mean","leave-one-animal-out outcome permutation with full refit","cv_r2_vs_mean",-0.032213889646834,FALSE,1000,"permutation_draw"
"1e","Analysis/09_early_prediction_model_ladder.R","early_prediction_permutation_draws.csv","Analysis/_supporting/build_figure1_panel_source_data.R",375,20260811,"movement_mean","Movement mean","leave-one-animal-out outcome permutation with full refit","cv_r2_vs_mean",-0.0398611997577165,FALSE,1000,"permutation_draw"
"1e","Analysis/09_early_prediction_model_ladder.R","early_prediction_permutation_draws.csv","Analysis/_supporting/build_figure1_panel_source_data.R",376,20260811,"movement_mean","Movement mean","leave-one-animal-out outcome permutation with full refit","cv_r2_vs_mean",-0.0362590045326898,FALSE,1000,"permutation_draw"
"1e","Analysis/09_early_prediction_model_ladder.R","early_prediction_permutation_draws.csv","Analysis/_supporting/build_figure1_panel_source_data.R",377,20260811,"movement_mean","Movement mean","leave-one-animal-out outcome permutation with full refit","cv_r2_vs_mean",-0.0316179418223919,FALSE,1000,"permutation_draw"
"1e","Analysis/09_early_prediction_model_ladder.R","early_prediction_permutation_draws.csv","Analysis/_supporting/build_figure1_panel_source_data.R",378,20260811,"movement_mean","Movement mean","leave-one-animal-out outcome permutation with full refit","cv_r2_vs_mean",-0.013820197235938,FALSE,1000,"permutation_draw"
"1e","Analysis/09_early_prediction_model_ladder.R","early_prediction_permutation_draws.csv","Analysis/_supporting/build_figure1_panel_source_data.R",379,20260811,"movement_mean","Movement mean","leave-one-animal-out outcome permutation with full refit","cv_r2_vs_mean",-0.0336704058012023,FALSE,1000,"permutation_draw"
"1e","Analysis/09_early_prediction_model_ladder.R","early_prediction_permutation_draws.csv","Analysis/_supporting/build_figure1_panel_source_data.R",380,20260811,"movement_mean","Movement mean","leave-one-animal-out outcome permutation with full refit","cv_r2_vs_mean",0.00302189400553054,FALSE,1000,"permutation_draw"
"1e","Analysis/09_early_prediction_model_ladder.R","early_prediction_permutation_draws.csv","Analysis/_supporting/build_figure1_panel_source_data.R",381,20260811,"movement_mean","Movement mean","leave-one-animal-out outcome permutation with full refit","cv_r2_vs_mean",-0.0361165099332901,FALSE,1000,"permutation_draw"
"1e","Analysis/09_early_prediction_model_ladder.R","early_prediction_permutation_draws.csv","Analysis/_supporting/build_figure1_panel_source_data.R",382,20260811,"movement_mean","Movement mean","leave-one-animal-out outcome permutation with full refit","cv_r2_vs_mean",-0.0322687505411716,FALSE,1000,"permutation_draw"
"1e","Analysis/09_early_prediction_model_ladder.R","early_prediction_permutation_draws.csv","Analysis/_supporting/build_figure1_panel_source_data.R",383,20260811,"movement_mean","Movement mean","leave-one-animal-out outcome permutation with full refit","cv_r2_vs_mean",-0.0362775339667154,FALSE,1000,"permutation_draw"
"1e","Analysis/09_early_prediction_model_ladder.R","early_prediction_permutation_draws.csv","Analysis/_supporting/build_figure1_panel_source_data.R",384,20260811,"movement_mean","Movement mean","leave-one-animal-out outcome permutation with full refit","cv_r2_vs_mean",-0.0442269561072524,FALSE,1000,"permutation_draw"
"1e","Analysis/09_early_prediction_model_ladder.R","early_prediction_permutation_draws.csv","Analysis/_supporting/build_figure1_panel_source_data.R",385,20260811,"movement_mean","Movement mean","leave-one-animal-out outcome permutation with full refit","cv_r2_vs_mean",-0.0438670752781929,FALSE,1000,"permutation_draw"
"1e","Analysis/09_early_prediction_model_ladder.R","early_prediction_permutation_draws.csv","Analysis/_supporting/build_figure1_panel_source_data.R",386,20260811,"movement_mean","Movement mean","leave-one-animal-out outcome permutation with full refit","cv_r2_vs_mean",-0.0262345455523081,FALSE,1000,"permutation_draw"
"1e","Analysis/09_early_prediction_model_ladder.R","early_prediction_permutation_draws.csv","Analysis/_supporting/build_figure1_panel_source_data.R",387,20260811,"movement_mean","Movement mean","leave-one-animal-out outcome permutation with full refit","cv_r2_vs_mean",-0.0202310554654101,FALSE,1000,"permutation_draw"
"1e","Analysis/09_early_prediction_model_ladder.R","early_prediction_permutation_draws.csv","Analysis/_supporting/build_figure1_panel_source_data.R",388,20260811,"movement_mean","Movement mean","leave-one-animal-out outcome permutation with full refit","cv_r2_vs_mean",-0.0380090598388634,FALSE,1000,"permutation_draw"
"1e","Analysis/09_early_prediction_model_ladder.R","early_prediction_permutation_draws.csv","Analysis/_supporting/build_figure1_panel_source_data.R",389,20260811,"movement_mean","Movement mean","leave-one-animal-out outcome permutation with full refit","cv_r2_vs_mean",-0.0330450852068582,FALSE,1000,"permutation_draw"
"1e","Analysis/09_early_prediction_model_ladder.R","early_prediction_permutation_draws.csv","Analysis/_supporting/build_figure1_panel_source_data.R",390,20260811,"movement_mean","Movement mean","leave-one-animal-out outcome permutation with full refit","cv_r2_vs_mean",0.00151063199894863,FALSE,1000,"permutation_draw"
"1e","Analysis/09_early_prediction_model_ladder.R","early_prediction_permutation_draws.csv","Analysis/_supporting/build_figure1_panel_source_data.R",391,20260811,"movement_mean","Movement mean","leave-one-animal-out outcome permutation with full refit","cv_r2_vs_mean",-0.0246396993438611,FALSE,1000,"permutation_draw"
"1e","Analysis/09_early_prediction_model_ladder.R","early_prediction_permutation_draws.csv","Analysis/_supporting/build_figure1_panel_source_data.R",392,20260811,"movement_mean","Movement mean","leave-one-animal-out outcome permutation with full refit","cv_r2_vs_mean",-0.041763458395871,FALSE,1000,"permutation_draw"
"1e","Analysis/09_early_prediction_model_ladder.R","early_prediction_permutation_draws.csv","Analysis/_supporting/build_figure1_panel_source_data.R",393,20260811,"movement_mean","Movement mean","leave-one-animal-out outcome permutation with full refit","cv_r2_vs_mean",-0.0378492093359248,FALSE,1000,"permutation_draw"
"1e","Analysis/09_early_prediction_model_ladder.R","early_prediction_permutation_draws.csv","Analysis/_supporting/build_figure1_panel_source_data.R",394,20260811,"movement_mean","Movement mean","leave-one-animal-out outcome permutation with full refit","cv_r2_vs_mean",0.00107238629560157,FALSE,1000,"permutation_draw"
"1e","Analysis/09_early_prediction_model_ladder.R","early_prediction_permutation_draws.csv","Analysis/_supporting/build_figure1_panel_source_data.R",395,20260811,"movement_mean","Movement mean","leave-one-animal-out outcome permutation with full refit","cv_r2_vs_mean",-0.0388528092502956,FALSE,1000,"permutation_draw"
"1e","Analysis/09_early_prediction_model_ladder.R","early_prediction_permutation_draws.csv","Analysis/_supporting/build_figure1_panel_source_data.R",396,20260811,"movement_mean","Movement mean","leave-one-animal-out outcome permutation with full refit","cv_r2_vs_mean",-0.0193663498828649,FALSE,1000,"permutation_draw"
"1e","Analysis/09_early_prediction_model_ladder.R","early_prediction_permutation_draws.csv","Analysis/_supporting/build_figure1_panel_source_data.R",397,20260811,"movement_mean","Movement mean","leave-one-animal-out outcome permutation with full refit","cv_r2_vs_mean",-0.0299575509640002,FALSE,1000,"permutation_draw"
"1e","Analysis/09_early_prediction_model_ladder.R","early_prediction_permutation_draws.csv","Analysis/_supporting/build_figure1_panel_source_data.R",398,20260811,"movement_mean","Movement mean","leave-one-animal-out outcome permutation with full refit","cv_r2_vs_mean",-0.0265542001526851,FALSE,1000,"permutation_draw"
"1e","Analysis/09_early_prediction_model_ladder.R","early_prediction_permutation_draws.csv","Analysis/_supporting/build_figure1_panel_source_data.R",399,20260811,"movement_mean","Movement mean","leave-one-animal-out outcome permutation with full refit","cv_r2_vs_mean",-0.0236636059361648,FALSE,1000,"permutation_draw"
"1e","Analysis/09_early_prediction_model_ladder.R","early_prediction_permutation_draws.csv","Analysis/_supporting/build_figure1_panel_source_data.R",400,20260811,"movement_mean","Movement mean","leave-one-animal-out outcome permutation with full refit","cv_r2_vs_mean",-0.0305414653784093,FALSE,1000,"permutation_draw"
"1e","Analysis/09_early_prediction_model_ladder.R","early_prediction_permutation_draws.csv","Analysis/_supporting/build_figure1_panel_source_data.R",401,20260811,"movement_mean","Movement mean","leave-one-animal-out outcome permutation with full refit","cv_r2_vs_mean",-0.0313193837442334,FALSE,1000,"permutation_draw"
"1e","Analysis/09_early_prediction_model_ladder.R","early_prediction_permutation_draws.csv","Analysis/_supporting/build_figure1_panel_source_data.R",402,20260811,"movement_mean","Movement mean","leave-one-animal-out outcome permutation with full refit","cv_r2_vs_mean",-0.0321304558855517,FALSE,1000,"permutation_draw"
"1e","Analysis/09_early_prediction_model_ladder.R","early_prediction_permutation_draws.csv","Analysis/_supporting/build_figure1_panel_source_data.R",403,20260811,"movement_mean","Movement mean","leave-one-animal-out outcome permutation with full refit","cv_r2_vs_mean",-0.0322368468416911,FALSE,1000,"permutation_draw"
"1e","Analysis/09_early_prediction_model_ladder.R","early_prediction_permutation_draws.csv","Analysis/_supporting/build_figure1_panel_source_data.R",404,20260811,"movement_mean","Movement mean","leave-one-animal-out outcome permutation with full refit","cv_r2_vs_mean",-0.0266745224194707,FALSE,1000,"permutation_draw"
"1e","Analysis/09_early_prediction_model_ladder.R","early_prediction_permutation_draws.csv","Analysis/_supporting/build_figure1_panel_source_data.R",405,20260811,"movement_mean","Movement mean","leave-one-animal-out outcome permutation with full refit","cv_r2_vs_mean",-0.0337193655645636,FALSE,1000,"permutation_draw"
"1e","Analysis/09_early_prediction_model_ladder.R","early_prediction_permutation_draws.csv","Analysis/_supporting/build_figure1_panel_source_data.R",406,20260811,"movement_mean","Movement mean","leave-one-animal-out outcome permutation with full refit","cv_r2_vs_mean",0.0324544470198379,FALSE,1000,"permutation_draw"
"1e","Analysis/09_early_prediction_model_ladder.R","early_prediction_permutation_draws.csv","Analysis/_supporting/build_figure1_panel_source_data.R",407,20260811,"movement_mean","Movement mean","leave-one-animal-out outcome permutation with full refit","cv_r2_vs_mean",-0.0384995773518435,FALSE,1000,"permutation_draw"
"1e","Analysis/09_early_prediction_model_ladder.R","early_prediction_permutation_draws.csv","Analysis/_supporting/build_figure1_panel_source_data.R",408,20260811,"movement_mean","Movement mean","leave-one-animal-out outcome permutation with full refit","cv_r2_vs_mean",-0.0261612382047347,FALSE,1000,"permutation_draw"
"1e","Analysis/09_early_prediction_model_ladder.R","early_prediction_permutation_draws.csv","Analysis/_supporting/build_figure1_panel_source_data.R",409,20260811,"movement_mean","Movement mean","leave-one-animal-out outcome permutation with full refit","cv_r2_vs_mean",-0.0214578932891125,FALSE,1000,"permutation_draw"
"1e","Analysis/09_early_prediction_model_ladder.R","early_prediction_permutation_draws.csv","Analysis/_supporting/build_figure1_panel_source_data.R",410,20260811,"movement_mean","Movement mean","leave-one-animal-out outcome permutation with full refit","cv_r2_vs_mean",-0.0120271407551056,FALSE,1000,"permutation_draw"
"1e","Analysis/09_early_prediction_model_ladder.R","early_prediction_permutation_draws.csv","Analysis/_supporting/build_figure1_panel_source_data.R",411,20260811,"movement_mean","Movement mean","leave-one-animal-out outcome permutation with full refit","cv_r2_vs_mean",-0.0363772418511636,FALSE,1000,"permutation_draw"
"1e","Analysis/09_early_prediction_model_ladder.R","early_prediction_permutation_draws.csv","Analysis/_supporting/build_figure1_panel_source_data.R",412,20260811,"movement_mean","Movement mean","leave-one-animal-out outcome permutation with full refit","cv_r2_vs_mean",-0.0330499140560079,FALSE,1000,"permutation_draw"
"1e","Analysis/09_early_prediction_model_ladder.R","early_prediction_permutation_draws.csv","Analysis/_supporting/build_figure1_panel_source_data.R",413,20260811,"movement_mean","Movement mean","leave-one-animal-out outcome permutation with full refit","cv_r2_vs_mean",-0.0195275865633671,FALSE,1000,"permutation_draw"
"1e","Analysis/09_early_prediction_model_ladder.R","early_prediction_permutation_draws.csv","Analysis/_supporting/build_figure1_panel_source_data.R",414,20260811,"movement_mean","Movement mean","leave-one-animal-out outcome permutation with full refit","cv_r2_vs_mean",-0.0360757857475189,FALSE,1000,"permutation_draw"
"1e","Analysis/09_early_prediction_model_ladder.R","early_prediction_permutation_draws.csv","Analysis/_supporting/build_figure1_panel_source_data.R",415,20260811,"movement_mean","Movement mean","leave-one-animal-out outcome permutation with full refit","cv_r2_vs_mean",-0.0203472821969031,FALSE,1000,"permutation_draw"
"1e","Analysis/09_early_prediction_model_ladder.R","early_prediction_permutation_draws.csv","Analysis/_supporting/build_figure1_panel_source_data.R",416,20260811,"movement_mean","Movement mean","leave-one-animal-out outcome permutation with full refit","cv_r2_vs_mean",-0.0314963101532524,FALSE,1000,"permutation_draw"
"1e","Analysis/09_early_prediction_model_ladder.R","early_prediction_permutation_draws.csv","Analysis/_supporting/build_figure1_panel_source_data.R",417,20260811,"movement_mean","Movement mean","leave-one-animal-out outcome permutation with full refit","cv_r2_vs_mean",-0.0286482551426424,FALSE,1000,"permutation_draw"
"1e","Analysis/09_early_prediction_model_ladder.R","early_prediction_permutation_draws.csv","Analysis/_supporting/build_figure1_panel_source_data.R",418,20260811,"movement_mean","Movement mean","leave-one-animal-out outcome permutation with full refit","cv_r2_vs_mean",-0.0317431911796267,FALSE,1000,"permutation_draw"
"1e","Analysis/09_early_prediction_model_ladder.R","early_prediction_permutation_draws.csv","Analysis/_supporting/build_figure1_panel_source_data.R",419,20260811,"movement_mean","Movement mean","leave-one-animal-out outcome permutation with full refit","cv_r2_vs_mean",-0.036853437098423,FALSE,1000,"permutation_draw"
"1e","Analysis/09_early_prediction_model_ladder.R","early_prediction_permutation_draws.csv","Analysis/_supporting/build_figure1_panel_source_data.R",420,20260811,"movement_mean","Movement mean","leave-one-animal-out outcome permutation with full refit","cv_r2_vs_mean",-0.0344839340331795,FALSE,1000,"permutation_draw"
"1e","Analysis/09_early_prediction_model_ladder.R","early_prediction_permutation_draws.csv","Analysis/_supporting/build_figure1_panel_source_data.R",421,20260811,"movement_mean","Movement mean","leave-one-animal-out outcome permutation with full refit","cv_r2_vs_mean",-0.037165646583454,FALSE,1000,"permutation_draw"
"1e","Analysis/09_early_prediction_model_ladder.R","early_prediction_permutation_draws.csv","Analysis/_supporting/build_figure1_panel_source_data.R",422,20260811,"movement_mean","Movement mean","leave-one-animal-out outcome permutation with full refit","cv_r2_vs_mean",-0.0200701192709531,FALSE,1000,"permutation_draw"
"1e","Analysis/09_early_prediction_model_ladder.R","early_prediction_permutation_draws.csv","Analysis/_supporting/build_figure1_panel_source_data.R",423,20260811,"movement_mean","Movement mean","leave-one-animal-out outcome permutation with full refit","cv_r2_vs_mean",-0.0355967438493452,FALSE,1000,"permutation_draw"
"1e","Analysis/09_early_prediction_model_ladder.R","early_prediction_permutation_draws.csv","Analysis/_supporting/build_figure1_panel_source_data.R",424,20260811,"movement_mean","Movement mean","leave-one-animal-out outcome permutation with full refit","cv_r2_vs_mean",-0.0312590722431179,FALSE,1000,"permutation_draw"
"1e","Analysis/09_early_prediction_model_ladder.R","early_prediction_permutation_draws.csv","Analysis/_supporting/build_figure1_panel_source_data.R",425,20260811,"movement_mean","Movement mean","leave-one-animal-out outcome permutation with full refit","cv_r2_vs_mean",-0.0302360993156991,FALSE,1000,"permutation_draw"
"1e","Analysis/09_early_prediction_model_ladder.R","early_prediction_permutation_draws.csv","Analysis/_supporting/build_figure1_panel_source_data.R",426,20260811,"movement_mean","Movement mean","leave-one-animal-out outcome permutation with full refit","cv_r2_vs_mean",-0.0320752216902747,FALSE,1000,"permutation_draw"
"1e","Analysis/09_early_prediction_model_ladder.R","early_prediction_permutation_draws.csv","Analysis/_supporting/build_figure1_panel_source_data.R",427,20260811,"movement_mean","Movement mean","leave-one-animal-out outcome permutation with full refit","cv_r2_vs_mean",-0.0254482967086351,FALSE,1000,"permutation_draw"
"1e","Analysis/09_early_prediction_model_ladder.R","early_prediction_permutation_draws.csv","Analysis/_supporting/build_figure1_panel_source_data.R",428,20260811,"movement_mean","Movement mean","leave-one-animal-out outcome permutation with full refit","cv_r2_vs_mean",-0.0219464050630862,FALSE,1000,"permutation_draw"
"1e","Analysis/09_early_prediction_model_ladder.R","early_prediction_permutation_draws.csv","Analysis/_supporting/build_figure1_panel_source_data.R",429,20260811,"movement_mean","Movement mean","leave-one-animal-out outcome permutation with full refit","cv_r2_vs_mean",0.0198536797808536,FALSE,1000,"permutation_draw"
"1e","Analysis/09_early_prediction_model_ladder.R","early_prediction_permutation_draws.csv","Analysis/_supporting/build_figure1_panel_source_data.R",430,20260811,"movement_mean","Movement mean","leave-one-animal-out outcome permutation with full refit","cv_r2_vs_mean",-0.0416235654486292,FALSE,1000,"permutation_draw"
"1e","Analysis/09_early_prediction_model_ladder.R","early_prediction_permutation_draws.csv","Analysis/_supporting/build_figure1_panel_source_data.R",431,20260811,"movement_mean","Movement mean","leave-one-animal-out outcome permutation with full refit","cv_r2_vs_mean",-0.0234712762649252,FALSE,1000,"permutation_draw"
"1e","Analysis/09_early_prediction_model_ladder.R","early_prediction_permutation_draws.csv","Analysis/_supporting/build_figure1_panel_source_data.R",432,20260811,"movement_mean","Movement mean","leave-one-animal-out outcome permutation with full refit","cv_r2_vs_mean",-0.0302521314058435,FALSE,1000,"permutation_draw"
"1e","Analysis/09_early_prediction_model_ladder.R","early_prediction_permutation_draws.csv","Analysis/_supporting/build_figure1_panel_source_data.R",433,20260811,"movement_mean","Movement mean","leave-one-animal-out outcome permutation with full refit","cv_r2_vs_mean",-0.0308492405126637,FALSE,1000,"permutation_draw"
"1e","Analysis/09_early_prediction_model_ladder.R","early_prediction_permutation_draws.csv","Analysis/_supporting/build_figure1_panel_source_data.R",434,20260811,"movement_mean","Movement mean","leave-one-animal-out outcome permutation with full refit","cv_r2_vs_mean",-0.0302212417766285,FALSE,1000,"permutation_draw"
"1e","Analysis/09_early_prediction_model_ladder.R","early_prediction_permutation_draws.csv","Analysis/_supporting/build_figure1_panel_source_data.R",435,20260811,"movement_mean","Movement mean","leave-one-animal-out outcome permutation with full refit","cv_r2_vs_mean",-0.0437330267573492,FALSE,1000,"permutation_draw"
"1e","Analysis/09_early_prediction_model_ladder.R","early_prediction_permutation_draws.csv","Analysis/_supporting/build_figure1_panel_source_data.R",436,20260811,"movement_mean","Movement mean","leave-one-animal-out outcome permutation with full refit","cv_r2_vs_mean",-0.0411567833242574,FALSE,1000,"permutation_draw"
"1e","Analysis/09_early_prediction_model_ladder.R","early_prediction_permutation_draws.csv","Analysis/_supporting/build_figure1_panel_source_data.R",437,20260811,"movement_mean","Movement mean","leave-one-animal-out outcome permutation with full refit","cv_r2_vs_mean",-0.0358866147851213,FALSE,1000,"permutation_draw"
"1e","Analysis/09_early_prediction_model_ladder.R","early_prediction_permutation_draws.csv","Analysis/_supporting/build_figure1_panel_source_data.R",438,20260811,"movement_mean","Movement mean","leave-one-animal-out outcome permutation with full refit","cv_r2_vs_mean",-0.0364835523494798,FALSE,1000,"permutation_draw"
"1e","Analysis/09_early_prediction_model_ladder.R","early_prediction_permutation_draws.csv","Analysis/_supporting/build_figure1_panel_source_data.R",439,20260811,"movement_mean","Movement mean","leave-one-animal-out outcome permutation with full refit","cv_r2_vs_mean",-0.0108724764002466,FALSE,1000,"permutation_draw"
"1e","Analysis/09_early_prediction_model_ladder.R","early_prediction_permutation_draws.csv","Analysis/_supporting/build_figure1_panel_source_data.R",440,20260811,"movement_mean","Movement mean","leave-one-animal-out outcome permutation with full refit","cv_r2_vs_mean",-0.0384473709318906,FALSE,1000,"permutation_draw"
"1e","Analysis/09_early_prediction_model_ladder.R","early_prediction_permutation_draws.csv","Analysis/_supporting/build_figure1_panel_source_data.R",441,20260811,"movement_mean","Movement mean","leave-one-animal-out outcome permutation with full refit","cv_r2_vs_mean",-0.0389259612561772,FALSE,1000,"permutation_draw"
"1e","Analysis/09_early_prediction_model_ladder.R","early_prediction_permutation_draws.csv","Analysis/_supporting/build_figure1_panel_source_data.R",442,20260811,"movement_mean","Movement mean","leave-one-animal-out outcome permutation with full refit","cv_r2_vs_mean",-0.00612215747459399,FALSE,1000,"permutation_draw"
"1e","Analysis/09_early_prediction_model_ladder.R","early_prediction_permutation_draws.csv","Analysis/_supporting/build_figure1_panel_source_data.R",443,20260811,"movement_mean","Movement mean","leave-one-animal-out outcome permutation with full refit","cv_r2_vs_mean",-0.0270190084608468,FALSE,1000,"permutation_draw"
"1e","Analysis/09_early_prediction_model_ladder.R","early_prediction_permutation_draws.csv","Analysis/_supporting/build_figure1_panel_source_data.R",444,20260811,"movement_mean","Movement mean","leave-one-animal-out outcome permutation with full refit","cv_r2_vs_mean",-0.029865136361253,FALSE,1000,"permutation_draw"
"1e","Analysis/09_early_prediction_model_ladder.R","early_prediction_permutation_draws.csv","Analysis/_supporting/build_figure1_panel_source_data.R",445,20260811,"movement_mean","Movement mean","leave-one-animal-out outcome permutation with full refit","cv_r2_vs_mean",-0.0373021055043459,FALSE,1000,"permutation_draw"
"1e","Analysis/09_early_prediction_model_ladder.R","early_prediction_permutation_draws.csv","Analysis/_supporting/build_figure1_panel_source_data.R",446,20260811,"movement_mean","Movement mean","leave-one-animal-out outcome permutation with full refit","cv_r2_vs_mean",-0.0286455707750357,FALSE,1000,"permutation_draw"
"1e","Analysis/09_early_prediction_model_ladder.R","early_prediction_permutation_draws.csv","Analysis/_supporting/build_figure1_panel_source_data.R",447,20260811,"movement_mean","Movement mean","leave-one-animal-out outcome permutation with full refit","cv_r2_vs_mean",-0.0278750423380494,FALSE,1000,"permutation_draw"
"1e","Analysis/09_early_prediction_model_ladder.R","early_prediction_permutation_draws.csv","Analysis/_supporting/build_figure1_panel_source_data.R",448,20260811,"movement_mean","Movement mean","leave-one-animal-out outcome permutation with full refit","cv_r2_vs_mean",-0.0210394009332151,FALSE,1000,"permutation_draw"
"1e","Analysis/09_early_prediction_model_ladder.R","early_prediction_permutation_draws.csv","Analysis/_supporting/build_figure1_panel_source_data.R",449,20260811,"movement_mean","Movement mean","leave-one-animal-out outcome permutation with full refit","cv_r2_vs_mean",-0.0374146168881551,FALSE,1000,"permutation_draw"
"1e","Analysis/09_early_prediction_model_ladder.R","early_prediction_permutation_draws.csv","Analysis/_supporting/build_figure1_panel_source_data.R",450,20260811,"movement_mean","Movement mean","leave-one-animal-out outcome permutation with full refit","cv_r2_vs_mean",-0.0355196664616815,FALSE,1000,"permutation_draw"
"1e","Analysis/09_early_prediction_model_ladder.R","early_prediction_permutation_draws.csv","Analysis/_supporting/build_figure1_panel_source_data.R",451,20260811,"movement_mean","Movement mean","leave-one-animal-out outcome permutation with full refit","cv_r2_vs_mean",-0.0297501939922691,FALSE,1000,"permutation_draw"
"1e","Analysis/09_early_prediction_model_ladder.R","early_prediction_permutation_draws.csv","Analysis/_supporting/build_figure1_panel_source_data.R",452,20260811,"movement_mean","Movement mean","leave-one-animal-out outcome permutation with full refit","cv_r2_vs_mean",-0.0425726715262447,FALSE,1000,"permutation_draw"
"1e","Analysis/09_early_prediction_model_ladder.R","early_prediction_permutation_draws.csv","Analysis/_supporting/build_figure1_panel_source_data.R",453,20260811,"movement_mean","Movement mean","leave-one-animal-out outcome permutation with full refit","cv_r2_vs_mean",-0.0165025381985442,FALSE,1000,"permutation_draw"
"1e","Analysis/09_early_prediction_model_ladder.R","early_prediction_permutation_draws.csv","Analysis/_supporting/build_figure1_panel_source_data.R",454,20260811,"movement_mean","Movement mean","leave-one-animal-out outcome permutation with full refit","cv_r2_vs_mean",-0.0272830583242205,FALSE,1000,"permutation_draw"
"1e","Analysis/09_early_prediction_model_ladder.R","early_prediction_permutation_draws.csv","Analysis/_supporting/build_figure1_panel_source_data.R",455,20260811,"movement_mean","Movement mean","leave-one-animal-out outcome permutation with full refit","cv_r2_vs_mean",-0.023836803358003,FALSE,1000,"permutation_draw"
"1e","Analysis/09_early_prediction_model_ladder.R","early_prediction_permutation_draws.csv","Analysis/_supporting/build_figure1_panel_source_data.R",456,20260811,"movement_mean","Movement mean","leave-one-animal-out outcome permutation with full refit","cv_r2_vs_mean",-0.0194651048296153,FALSE,1000,"permutation_draw"
"1e","Analysis/09_early_prediction_model_ladder.R","early_prediction_permutation_draws.csv","Analysis/_supporting/build_figure1_panel_source_data.R",457,20260811,"movement_mean","Movement mean","leave-one-animal-out outcome permutation with full refit","cv_r2_vs_mean",-0.0129744220293009,FALSE,1000,"permutation_draw"
"1e","Analysis/09_early_prediction_model_ladder.R","early_prediction_permutation_draws.csv","Analysis/_supporting/build_figure1_panel_source_data.R",458,20260811,"movement_mean","Movement mean","leave-one-animal-out outcome permutation with full refit","cv_r2_vs_mean",-0.0277287426136381,FALSE,1000,"permutation_draw"
"1e","Analysis/09_early_prediction_model_ladder.R","early_prediction_permutation_draws.csv","Analysis/_supporting/build_figure1_panel_source_data.R",459,20260811,"movement_mean","Movement mean","leave-one-animal-out outcome permutation with full refit","cv_r2_vs_mean",-0.0384596030796664,FALSE,1000,"permutation_draw"
"1e","Analysis/09_early_prediction_model_ladder.R","early_prediction_permutation_draws.csv","Analysis/_supporting/build_figure1_panel_source_data.R",460,20260811,"movement_mean","Movement mean","leave-one-animal-out outcome permutation with full refit","cv_r2_vs_mean",-0.0400499751630221,FALSE,1000,"permutation_draw"
"1e","Analysis/09_early_prediction_model_ladder.R","early_prediction_permutation_draws.csv","Analysis/_supporting/build_figure1_panel_source_data.R",461,20260811,"movement_mean","Movement mean","leave-one-animal-out outcome permutation with full refit","cv_r2_vs_mean",-0.0320555521609249,FALSE,1000,"permutation_draw"
"1e","Analysis/09_early_prediction_model_ladder.R","early_prediction_permutation_draws.csv","Analysis/_supporting/build_figure1_panel_source_data.R",462,20260811,"movement_mean","Movement mean","leave-one-animal-out outcome permutation with full refit","cv_r2_vs_mean",-0.0360673701853933,FALSE,1000,"permutation_draw"
"1e","Analysis/09_early_prediction_model_ladder.R","early_prediction_permutation_draws.csv","Analysis/_supporting/build_figure1_panel_source_data.R",463,20260811,"movement_mean","Movement mean","leave-one-animal-out outcome permutation with full refit","cv_r2_vs_mean",-0.0401006043008938,FALSE,1000,"permutation_draw"
"1e","Analysis/09_early_prediction_model_ladder.R","early_prediction_permutation_draws.csv","Analysis/_supporting/build_figure1_panel_source_data.R",464,20260811,"movement_mean","Movement mean","leave-one-animal-out outcome permutation with full refit","cv_r2_vs_mean",-0.0250672816050508,FALSE,1000,"permutation_draw"
"1e","Analysis/09_early_prediction_model_ladder.R","early_prediction_permutation_draws.csv","Analysis/_supporting/build_figure1_panel_source_data.R",465,20260811,"movement_mean","Movement mean","leave-one-animal-out outcome permutation with full refit","cv_r2_vs_mean",-0.0295146412718881,FALSE,1000,"permutation_draw"
"1e","Analysis/09_early_prediction_model_ladder.R","early_prediction_permutation_draws.csv","Analysis/_supporting/build_figure1_panel_source_data.R",466,20260811,"movement_mean","Movement mean","leave-one-animal-out outcome permutation with full refit","cv_r2_vs_mean",-0.0351265062496893,FALSE,1000,"permutation_draw"
"1e","Analysis/09_early_prediction_model_ladder.R","early_prediction_permutation_draws.csv","Analysis/_supporting/build_figure1_panel_source_data.R",467,20260811,"movement_mean","Movement mean","leave-one-animal-out outcome permutation with full refit","cv_r2_vs_mean",-0.0300182136143701,FALSE,1000,"permutation_draw"
"1e","Analysis/09_early_prediction_model_ladder.R","early_prediction_permutation_draws.csv","Analysis/_supporting/build_figure1_panel_source_data.R",468,20260811,"movement_mean","Movement mean","leave-one-animal-out outcome permutation with full refit","cv_r2_vs_mean",-0.00239879376170315,FALSE,1000,"permutation_draw"
"1e","Analysis/09_early_prediction_model_ladder.R","early_prediction_permutation_draws.csv","Analysis/_supporting/build_figure1_panel_source_data.R",469,20260811,"movement_mean","Movement mean","leave-one-animal-out outcome permutation with full refit","cv_r2_vs_mean",-0.0300792075750869,FALSE,1000,"permutation_draw"
"1e","Analysis/09_early_prediction_model_ladder.R","early_prediction_permutation_draws.csv","Analysis/_supporting/build_figure1_panel_source_data.R",470,20260811,"movement_mean","Movement mean","leave-one-animal-out outcome permutation with full refit","cv_r2_vs_mean",-0.0208728560955862,FALSE,1000,"permutation_draw"
"1e","Analysis/09_early_prediction_model_ladder.R","early_prediction_permutation_draws.csv","Analysis/_supporting/build_figure1_panel_source_data.R",471,20260811,"movement_mean","Movement mean","leave-one-animal-out outcome permutation with full refit","cv_r2_vs_mean",-0.0341645584861467,FALSE,1000,"permutation_draw"
"1e","Analysis/09_early_prediction_model_ladder.R","early_prediction_permutation_draws.csv","Analysis/_supporting/build_figure1_panel_source_data.R",472,20260811,"movement_mean","Movement mean","leave-one-animal-out outcome permutation with full refit","cv_r2_vs_mean",-0.035714638551517,FALSE,1000,"permutation_draw"
"1e","Analysis/09_early_prediction_model_ladder.R","early_prediction_permutation_draws.csv","Analysis/_supporting/build_figure1_panel_source_data.R",473,20260811,"movement_mean","Movement mean","leave-one-animal-out outcome permutation with full refit","cv_r2_vs_mean",-0.0357669599946213,FALSE,1000,"permutation_draw"
"1e","Analysis/09_early_prediction_model_ladder.R","early_prediction_permutation_draws.csv","Analysis/_supporting/build_figure1_panel_source_data.R",474,20260811,"movement_mean","Movement mean","leave-one-animal-out outcome permutation with full refit","cv_r2_vs_mean",-0.0253228842664712,FALSE,1000,"permutation_draw"
"1e","Analysis/09_early_prediction_model_ladder.R","early_prediction_permutation_draws.csv","Analysis/_supporting/build_figure1_panel_source_data.R",475,20260811,"movement_mean","Movement mean","leave-one-animal-out outcome permutation with full refit","cv_r2_vs_mean",-0.00674323075318961,FALSE,1000,"permutation_draw"
"1e","Analysis/09_early_prediction_model_ladder.R","early_prediction_permutation_draws.csv","Analysis/_supporting/build_figure1_panel_source_data.R",476,20260811,"movement_mean","Movement mean","leave-one-animal-out outcome permutation with full refit","cv_r2_vs_mean",-0.0348585507740062,FALSE,1000,"permutation_draw"
"1e","Analysis/09_early_prediction_model_ladder.R","early_prediction_permutation_draws.csv","Analysis/_supporting/build_figure1_panel_source_data.R",477,20260811,"movement_mean","Movement mean","leave-one-animal-out outcome permutation with full refit","cv_r2_vs_mean",-0.0304010399850443,FALSE,1000,"permutation_draw"
"1e","Analysis/09_early_prediction_model_ladder.R","early_prediction_permutation_draws.csv","Analysis/_supporting/build_figure1_panel_source_data.R",478,20260811,"movement_mean","Movement mean","leave-one-animal-out outcome permutation with full refit","cv_r2_vs_mean",-0.030958496624168,FALSE,1000,"permutation_draw"
"1e","Analysis/09_early_prediction_model_ladder.R","early_prediction_permutation_draws.csv","Analysis/_supporting/build_figure1_panel_source_data.R",479,20260811,"movement_mean","Movement mean","leave-one-animal-out outcome permutation with full refit","cv_r2_vs_mean",-0.0353586811298487,FALSE,1000,"permutation_draw"
"1e","Analysis/09_early_prediction_model_ladder.R","early_prediction_permutation_draws.csv","Analysis/_supporting/build_figure1_panel_source_data.R",480,20260811,"movement_mean","Movement mean","leave-one-animal-out outcome permutation with full refit","cv_r2_vs_mean",-0.0371325058942224,FALSE,1000,"permutation_draw"
"1e","Analysis/09_early_prediction_model_ladder.R","early_prediction_permutation_draws.csv","Analysis/_supporting/build_figure1_panel_source_data.R",481,20260811,"movement_mean","Movement mean","leave-one-animal-out outcome permutation with full refit","cv_r2_vs_mean",-0.0316697189996227,FALSE,1000,"permutation_draw"
"1e","Analysis/09_early_prediction_model_ladder.R","early_prediction_permutation_draws.csv","Analysis/_supporting/build_figure1_panel_source_data.R",482,20260811,"movement_mean","Movement mean","leave-one-animal-out outcome permutation with full refit","cv_r2_vs_mean",-0.0339578584819258,FALSE,1000,"permutation_draw"
"1e","Analysis/09_early_prediction_model_ladder.R","early_prediction_permutation_draws.csv","Analysis/_supporting/build_figure1_panel_source_data.R",483,20260811,"movement_mean","Movement mean","leave-one-animal-out outcome permutation with full refit","cv_r2_vs_mean",-0.0291261077400138,FALSE,1000,"permutation_draw"
"1e","Analysis/09_early_prediction_model_ladder.R","early_prediction_permutation_draws.csv","Analysis/_supporting/build_figure1_panel_source_data.R",484,20260811,"movement_mean","Movement mean","leave-one-animal-out outcome permutation with full refit","cv_r2_vs_mean",-0.0378117638508999,FALSE,1000,"permutation_draw"
"1e","Analysis/09_early_prediction_model_ladder.R","early_prediction_permutation_draws.csv","Analysis/_supporting/build_figure1_panel_source_data.R",485,20260811,"movement_mean","Movement mean","leave-one-animal-out outcome permutation with full refit","cv_r2_vs_mean",-0.020688799016388,FALSE,1000,"permutation_draw"
"1e","Analysis/09_early_prediction_model_ladder.R","early_prediction_permutation_draws.csv","Analysis/_supporting/build_figure1_panel_source_data.R",486,20260811,"movement_mean","Movement mean","leave-one-animal-out outcome permutation with full refit","cv_r2_vs_mean",-0.0234895828060544,FALSE,1000,"permutation_draw"
"1e","Analysis/09_early_prediction_model_ladder.R","early_prediction_permutation_draws.csv","Analysis/_supporting/build_figure1_panel_source_data.R",487,20260811,"movement_mean","Movement mean","leave-one-animal-out outcome permutation with full refit","cv_r2_vs_mean",-0.014942124339967,FALSE,1000,"permutation_draw"
"1e","Analysis/09_early_prediction_model_ladder.R","early_prediction_permutation_draws.csv","Analysis/_supporting/build_figure1_panel_source_data.R",488,20260811,"movement_mean","Movement mean","leave-one-animal-out outcome permutation with full refit","cv_r2_vs_mean",-0.0306594033999563,FALSE,1000,"permutation_draw"
"1e","Analysis/09_early_prediction_model_ladder.R","early_prediction_permutation_draws.csv","Analysis/_supporting/build_figure1_panel_source_data.R",489,20260811,"movement_mean","Movement mean","leave-one-animal-out outcome permutation with full refit","cv_r2_vs_mean",-0.0379577755637426,FALSE,1000,"permutation_draw"
"1e","Analysis/09_early_prediction_model_ladder.R","early_prediction_permutation_draws.csv","Analysis/_supporting/build_figure1_panel_source_data.R",490,20260811,"movement_mean","Movement mean","leave-one-animal-out outcome permutation with full refit","cv_r2_vs_mean",-0.039821738372072,FALSE,1000,"permutation_draw"
"1e","Analysis/09_early_prediction_model_ladder.R","early_prediction_permutation_draws.csv","Analysis/_supporting/build_figure1_panel_source_data.R",491,20260811,"movement_mean","Movement mean","leave-one-animal-out outcome permutation with full refit","cv_r2_vs_mean",-0.028259601199627,FALSE,1000,"permutation_draw"
"1e","Analysis/09_early_prediction_model_ladder.R","early_prediction_permutation_draws.csv","Analysis/_supporting/build_figure1_panel_source_data.R",492,20260811,"movement_mean","Movement mean","leave-one-animal-out outcome permutation with full refit","cv_r2_vs_mean",-0.0199927955209718,FALSE,1000,"permutation_draw"
"1e","Analysis/09_early_prediction_model_ladder.R","early_prediction_permutation_draws.csv","Analysis/_supporting/build_figure1_panel_source_data.R",493,20260811,"movement_mean","Movement mean","leave-one-animal-out outcome permutation with full refit","cv_r2_vs_mean",-0.0328954639060797,FALSE,1000,"permutation_draw"
"1e","Analysis/09_early_prediction_model_ladder.R","early_prediction_permutation_draws.csv","Analysis/_supporting/build_figure1_panel_source_data.R",494,20260811,"movement_mean","Movement mean","leave-one-animal-out outcome permutation with full refit","cv_r2_vs_mean",-0.0309421026920527,FALSE,1000,"permutation_draw"
"1e","Analysis/09_early_prediction_model_ladder.R","early_prediction_permutation_draws.csv","Analysis/_supporting/build_figure1_panel_source_data.R",495,20260811,"movement_mean","Movement mean","leave-one-animal-out outcome permutation with full refit","cv_r2_vs_mean",-0.0274426673733761,FALSE,1000,"permutation_draw"
"1e","Analysis/09_early_prediction_model_ladder.R","early_prediction_permutation_draws.csv","Analysis/_supporting/build_figure1_panel_source_data.R",496,20260811,"movement_mean","Movement mean","leave-one-animal-out outcome permutation with full refit","cv_r2_vs_mean",-0.030638287200166,FALSE,1000,"permutation_draw"
"1e","Analysis/09_early_prediction_model_ladder.R","early_prediction_permutation_draws.csv","Analysis/_supporting/build_figure1_panel_source_data.R",497,20260811,"movement_mean","Movement mean","leave-one-animal-out outcome permutation with full refit","cv_r2_vs_mean",-0.0370476025233129,FALSE,1000,"permutation_draw"
"1e","Analysis/09_early_prediction_model_ladder.R","early_prediction_permutation_draws.csv","Analysis/_supporting/build_figure1_panel_source_data.R",498,20260811,"movement_mean","Movement mean","leave-one-animal-out outcome permutation with full refit","cv_r2_vs_mean",-0.020398560675694,FALSE,1000,"permutation_draw"
"1e","Analysis/09_early_prediction_model_ladder.R","early_prediction_permutation_draws.csv","Analysis/_supporting/build_figure1_panel_source_data.R",499,20260811,"movement_mean","Movement mean","leave-one-animal-out outcome permutation with full refit","cv_r2_vs_mean",-0.0307890626227658,FALSE,1000,"permutation_draw"
"1e","Analysis/09_early_prediction_model_ladder.R","early_prediction_permutation_draws.csv","Analysis/_supporting/build_figure1_panel_source_data.R",500,20260811,"movement_mean","Movement mean","leave-one-animal-out outcome permutation with full refit","cv_r2_vs_mean",-0.0326939495226113,FALSE,1000,"permutation_draw"
"1e","Analysis/09_early_prediction_model_ladder.R","early_prediction_permutation_draws.csv","Analysis/_supporting/build_figure1_panel_source_data.R",501,20260811,"movement_mean","Movement mean","leave-one-animal-out outcome permutation with full refit","cv_r2_vs_mean",-0.0301360892288156,FALSE,1000,"permutation_draw"
"1e","Analysis/09_early_prediction_model_ladder.R","early_prediction_permutation_draws.csv","Analysis/_supporting/build_figure1_panel_source_data.R",502,20260811,"movement_mean","Movement mean","leave-one-animal-out outcome permutation with full refit","cv_r2_vs_mean",-0.0339857596958295,FALSE,1000,"permutation_draw"
"1e","Analysis/09_early_prediction_model_ladder.R","early_prediction_permutation_draws.csv","Analysis/_supporting/build_figure1_panel_source_data.R",503,20260811,"movement_mean","Movement mean","leave-one-animal-out outcome permutation with full refit","cv_r2_vs_mean",-0.0355896370710038,FALSE,1000,"permutation_draw"
"1e","Analysis/09_early_prediction_model_ladder.R","early_prediction_permutation_draws.csv","Analysis/_supporting/build_figure1_panel_source_data.R",504,20260811,"movement_mean","Movement mean","leave-one-animal-out outcome permutation with full refit","cv_r2_vs_mean",-0.0328903742308242,FALSE,1000,"permutation_draw"
"1e","Analysis/09_early_prediction_model_ladder.R","early_prediction_permutation_draws.csv","Analysis/_supporting/build_figure1_panel_source_data.R",505,20260811,"movement_mean","Movement mean","leave-one-animal-out outcome permutation with full refit","cv_r2_vs_mean",-0.0360729069140648,FALSE,1000,"permutation_draw"
"1e","Analysis/09_early_prediction_model_ladder.R","early_prediction_permutation_draws.csv","Analysis/_supporting/build_figure1_panel_source_data.R",506,20260811,"movement_mean","Movement mean","leave-one-animal-out outcome permutation with full refit","cv_r2_vs_mean",-0.0353412855180839,FALSE,1000,"permutation_draw"
"1e","Analysis/09_early_prediction_model_ladder.R","early_prediction_permutation_draws.csv","Analysis/_supporting/build_figure1_panel_source_data.R",507,20260811,"movement_mean","Movement mean","leave-one-animal-out outcome permutation with full refit","cv_r2_vs_mean",-0.0277144003595238,FALSE,1000,"permutation_draw"
"1e","Analysis/09_early_prediction_model_ladder.R","early_prediction_permutation_draws.csv","Analysis/_supporting/build_figure1_panel_source_data.R",508,20260811,"movement_mean","Movement mean","leave-one-animal-out outcome permutation with full refit","cv_r2_vs_mean",-0.0317482819896018,FALSE,1000,"permutation_draw"
"1e","Analysis/09_early_prediction_model_ladder.R","early_prediction_permutation_draws.csv","Analysis/_supporting/build_figure1_panel_source_data.R",509,20260811,"movement_mean","Movement mean","leave-one-animal-out outcome permutation with full refit","cv_r2_vs_mean",-0.0347868987169886,FALSE,1000,"permutation_draw"
"1e","Analysis/09_early_prediction_model_ladder.R","early_prediction_permutation_draws.csv","Analysis/_supporting/build_figure1_panel_source_data.R",510,20260811,"movement_mean","Movement mean","leave-one-animal-out outcome permutation with full refit","cv_r2_vs_mean",-0.0344672738395682,FALSE,1000,"permutation_draw"
"1e","Analysis/09_early_prediction_model_ladder.R","early_prediction_permutation_draws.csv","Analysis/_supporting/build_figure1_panel_source_data.R",511,20260811,"movement_mean","Movement mean","leave-one-animal-out outcome permutation with full refit","cv_r2_vs_mean",-0.0344716157906073,FALSE,1000,"permutation_draw"
"1e","Analysis/09_early_prediction_model_ladder.R","early_prediction_permutation_draws.csv","Analysis/_supporting/build_figure1_panel_source_data.R",512,20260811,"movement_mean","Movement mean","leave-one-animal-out outcome permutation with full refit","cv_r2_vs_mean",-0.031091551769916,FALSE,1000,"permutation_draw"
"1e","Analysis/09_early_prediction_model_ladder.R","early_prediction_permutation_draws.csv","Analysis/_supporting/build_figure1_panel_source_data.R",513,20260811,"movement_mean","Movement mean","leave-one-animal-out outcome permutation with full refit","cv_r2_vs_mean",-0.0335475365372127,FALSE,1000,"permutation_draw"
"1e","Analysis/09_early_prediction_model_ladder.R","early_prediction_permutation_draws.csv","Analysis/_supporting/build_figure1_panel_source_data.R",514,20260811,"movement_mean","Movement mean","leave-one-animal-out outcome permutation with full refit","cv_r2_vs_mean",-0.0324132904221748,FALSE,1000,"permutation_draw"
"1e","Analysis/09_early_prediction_model_ladder.R","early_prediction_permutation_draws.csv","Analysis/_supporting/build_figure1_panel_source_data.R",515,20260811,"movement_mean","Movement mean","leave-one-animal-out outcome permutation with full refit","cv_r2_vs_mean",-0.028014378182494,FALSE,1000,"permutation_draw"
"1e","Analysis/09_early_prediction_model_ladder.R","early_prediction_permutation_draws.csv","Analysis/_supporting/build_figure1_panel_source_data.R",516,20260811,"movement_mean","Movement mean","leave-one-animal-out outcome permutation with full refit","cv_r2_vs_mean",-0.0357167029252836,FALSE,1000,"permutation_draw"
"1e","Analysis/09_early_prediction_model_ladder.R","early_prediction_permutation_draws.csv","Analysis/_supporting/build_figure1_panel_source_data.R",517,20260811,"movement_mean","Movement mean","leave-one-animal-out outcome permutation with full refit","cv_r2_vs_mean",-0.0256827529693997,FALSE,1000,"permutation_draw"
"1e","Analysis/09_early_prediction_model_ladder.R","early_prediction_permutation_draws.csv","Analysis/_supporting/build_figure1_panel_source_data.R",518,20260811,"movement_mean","Movement mean","leave-one-animal-out outcome permutation with full refit","cv_r2_vs_mean",-0.0151612641137815,FALSE,1000,"permutation_draw"
"1e","Analysis/09_early_prediction_model_ladder.R","early_prediction_permutation_draws.csv","Analysis/_supporting/build_figure1_panel_source_data.R",519,20260811,"movement_mean","Movement mean","leave-one-animal-out outcome permutation with full refit","cv_r2_vs_mean",-0.0279691860429878,FALSE,1000,"permutation_draw"
"1e","Analysis/09_early_prediction_model_ladder.R","early_prediction_permutation_draws.csv","Analysis/_supporting/build_figure1_panel_source_data.R",520,20260811,"movement_mean","Movement mean","leave-one-animal-out outcome permutation with full refit","cv_r2_vs_mean",-0.00966250148152303,FALSE,1000,"permutation_draw"
"1e","Analysis/09_early_prediction_model_ladder.R","early_prediction_permutation_draws.csv","Analysis/_supporting/build_figure1_panel_source_data.R",521,20260811,"movement_mean","Movement mean","leave-one-animal-out outcome permutation with full refit","cv_r2_vs_mean",-0.0337320797265428,FALSE,1000,"permutation_draw"
"1e","Analysis/09_early_prediction_model_ladder.R","early_prediction_permutation_draws.csv","Analysis/_supporting/build_figure1_panel_source_data.R",522,20260811,"movement_mean","Movement mean","leave-one-animal-out outcome permutation with full refit","cv_r2_vs_mean",-0.0276969678160026,FALSE,1000,"permutation_draw"
"1e","Analysis/09_early_prediction_model_ladder.R","early_prediction_permutation_draws.csv","Analysis/_supporting/build_figure1_panel_source_data.R",523,20260811,"movement_mean","Movement mean","leave-one-animal-out outcome permutation with full refit","cv_r2_vs_mean",-0.00594526284165142,FALSE,1000,"permutation_draw"
"1e","Analysis/09_early_prediction_model_ladder.R","early_prediction_permutation_draws.csv","Analysis/_supporting/build_figure1_panel_source_data.R",524,20260811,"movement_mean","Movement mean","leave-one-animal-out outcome permutation with full refit","cv_r2_vs_mean",-0.0369804113495109,FALSE,1000,"permutation_draw"
"1e","Analysis/09_early_prediction_model_ladder.R","early_prediction_permutation_draws.csv","Analysis/_supporting/build_figure1_panel_source_data.R",525,20260811,"movement_mean","Movement mean","leave-one-animal-out outcome permutation with full refit","cv_r2_vs_mean",-0.0333693555434171,FALSE,1000,"permutation_draw"
"1e","Analysis/09_early_prediction_model_ladder.R","early_prediction_permutation_draws.csv","Analysis/_supporting/build_figure1_panel_source_data.R",526,20260811,"movement_mean","Movement mean","leave-one-animal-out outcome permutation with full refit","cv_r2_vs_mean",-0.037376745609536,FALSE,1000,"permutation_draw"
"1e","Analysis/09_early_prediction_model_ladder.R","early_prediction_permutation_draws.csv","Analysis/_supporting/build_figure1_panel_source_data.R",527,20260811,"movement_mean","Movement mean","leave-one-animal-out outcome permutation with full refit","cv_r2_vs_mean",-0.0315955382264343,FALSE,1000,"permutation_draw"
"1e","Analysis/09_early_prediction_model_ladder.R","early_prediction_permutation_draws.csv","Analysis/_supporting/build_figure1_panel_source_data.R",528,20260811,"movement_mean","Movement mean","leave-one-animal-out outcome permutation with full refit","cv_r2_vs_mean",-0.0374980551554862,FALSE,1000,"permutation_draw"
"1e","Analysis/09_early_prediction_model_ladder.R","early_prediction_permutation_draws.csv","Analysis/_supporting/build_figure1_panel_source_data.R",529,20260811,"movement_mean","Movement mean","leave-one-animal-out outcome permutation with full refit","cv_r2_vs_mean",-0.0337337026930382,FALSE,1000,"permutation_draw"
"1e","Analysis/09_early_prediction_model_ladder.R","early_prediction_permutation_draws.csv","Analysis/_supporting/build_figure1_panel_source_data.R",530,20260811,"movement_mean","Movement mean","leave-one-animal-out outcome permutation with full refit","cv_r2_vs_mean",-0.0219018742906691,FALSE,1000,"permutation_draw"
"1e","Analysis/09_early_prediction_model_ladder.R","early_prediction_permutation_draws.csv","Analysis/_supporting/build_figure1_panel_source_data.R",531,20260811,"movement_mean","Movement mean","leave-one-animal-out outcome permutation with full refit","cv_r2_vs_mean",-0.0404222949746293,FALSE,1000,"permutation_draw"
"1e","Analysis/09_early_prediction_model_ladder.R","early_prediction_permutation_draws.csv","Analysis/_supporting/build_figure1_panel_source_data.R",532,20260811,"movement_mean","Movement mean","leave-one-animal-out outcome permutation with full refit","cv_r2_vs_mean",-0.0372155735875337,FALSE,1000,"permutation_draw"
"1e","Analysis/09_early_prediction_model_ladder.R","early_prediction_permutation_draws.csv","Analysis/_supporting/build_figure1_panel_source_data.R",533,20260811,"movement_mean","Movement mean","leave-one-animal-out outcome permutation with full refit","cv_r2_vs_mean",-0.0395980173507548,FALSE,1000,"permutation_draw"
"1e","Analysis/09_early_prediction_model_ladder.R","early_prediction_permutation_draws.csv","Analysis/_supporting/build_figure1_panel_source_data.R",534,20260811,"movement_mean","Movement mean","leave-one-animal-out outcome permutation with full refit","cv_r2_vs_mean",-0.037762382027126,FALSE,1000,"permutation_draw"
"1e","Analysis/09_early_prediction_model_ladder.R","early_prediction_permutation_draws.csv","Analysis/_supporting/build_figure1_panel_source_data.R",535,20260811,"movement_mean","Movement mean","leave-one-animal-out outcome permutation with full refit","cv_r2_vs_mean",-0.0445726840183225,FALSE,1000,"permutation_draw"
"1e","Analysis/09_early_prediction_model_ladder.R","early_prediction_permutation_draws.csv","Analysis/_supporting/build_figure1_panel_source_data.R",536,20260811,"movement_mean","Movement mean","leave-one-animal-out outcome permutation with full refit","cv_r2_vs_mean",-0.0395999878270994,FALSE,1000,"permutation_draw"
"1e","Analysis/09_early_prediction_model_ladder.R","early_prediction_permutation_draws.csv","Analysis/_supporting/build_figure1_panel_source_data.R",537,20260811,"movement_mean","Movement mean","leave-one-animal-out outcome permutation with full refit","cv_r2_vs_mean",-0.0237283704973827,FALSE,1000,"permutation_draw"
"1e","Analysis/09_early_prediction_model_ladder.R","early_prediction_permutation_draws.csv","Analysis/_supporting/build_figure1_panel_source_data.R",538,20260811,"movement_mean","Movement mean","leave-one-animal-out outcome permutation with full refit","cv_r2_vs_mean",-0.033497017504797,FALSE,1000,"permutation_draw"
"1e","Analysis/09_early_prediction_model_ladder.R","early_prediction_permutation_draws.csv","Analysis/_supporting/build_figure1_panel_source_data.R",539,20260811,"movement_mean","Movement mean","leave-one-animal-out outcome permutation with full refit","cv_r2_vs_mean",-0.0197533776073198,FALSE,1000,"permutation_draw"
"1e","Analysis/09_early_prediction_model_ladder.R","early_prediction_permutation_draws.csv","Analysis/_supporting/build_figure1_panel_source_data.R",540,20260811,"movement_mean","Movement mean","leave-one-animal-out outcome permutation with full refit","cv_r2_vs_mean",-0.0289476480347475,FALSE,1000,"permutation_draw"
"1e","Analysis/09_early_prediction_model_ladder.R","early_prediction_permutation_draws.csv","Analysis/_supporting/build_figure1_panel_source_data.R",541,20260811,"movement_mean","Movement mean","leave-one-animal-out outcome permutation with full refit","cv_r2_vs_mean",-0.0232057720647463,FALSE,1000,"permutation_draw"
"1e","Analysis/09_early_prediction_model_ladder.R","early_prediction_permutation_draws.csv","Analysis/_supporting/build_figure1_panel_source_data.R",542,20260811,"movement_mean","Movement mean","leave-one-animal-out outcome permutation with full refit","cv_r2_vs_mean",-0.0294330213115293,FALSE,1000,"permutation_draw"
"1e","Analysis/09_early_prediction_model_ladder.R","early_prediction_permutation_draws.csv","Analysis/_supporting/build_figure1_panel_source_data.R",543,20260811,"movement_mean","Movement mean","leave-one-animal-out outcome permutation with full refit","cv_r2_vs_mean",-0.00864945003158523,FALSE,1000,"permutation_draw"
"1e","Analysis/09_early_prediction_model_ladder.R","early_prediction_permutation_draws.csv","Analysis/_supporting/build_figure1_panel_source_data.R",544,20260811,"movement_mean","Movement mean","leave-one-animal-out outcome permutation with full refit","cv_r2_vs_mean",-0.0320159303103495,FALSE,1000,"permutation_draw"
"1e","Analysis/09_early_prediction_model_ladder.R","early_prediction_permutation_draws.csv","Analysis/_supporting/build_figure1_panel_source_data.R",545,20260811,"movement_mean","Movement mean","leave-one-animal-out outcome permutation with full refit","cv_r2_vs_mean",-0.0366829984529868,FALSE,1000,"permutation_draw"
"1e","Analysis/09_early_prediction_model_ladder.R","early_prediction_permutation_draws.csv","Analysis/_supporting/build_figure1_panel_source_data.R",546,20260811,"movement_mean","Movement mean","leave-one-animal-out outcome permutation with full refit","cv_r2_vs_mean",-0.0266006589527457,FALSE,1000,"permutation_draw"
"1e","Analysis/09_early_prediction_model_ladder.R","early_prediction_permutation_draws.csv","Analysis/_supporting/build_figure1_panel_source_data.R",547,20260811,"movement_mean","Movement mean","leave-one-animal-out outcome permutation with full refit","cv_r2_vs_mean",-0.0212805947243329,FALSE,1000,"permutation_draw"
"1e","Analysis/09_early_prediction_model_ladder.R","early_prediction_permutation_draws.csv","Analysis/_supporting/build_figure1_panel_source_data.R",548,20260811,"movement_mean","Movement mean","leave-one-animal-out outcome permutation with full refit","cv_r2_vs_mean",-0.0224001049391274,FALSE,1000,"permutation_draw"
"1e","Analysis/09_early_prediction_model_ladder.R","early_prediction_permutation_draws.csv","Analysis/_supporting/build_figure1_panel_source_data.R",549,20260811,"movement_mean","Movement mean","leave-one-animal-out outcome permutation with full refit","cv_r2_vs_mean",-0.0238115325378441,FALSE,1000,"permutation_draw"
"1e","Analysis/09_early_prediction_model_ladder.R","early_prediction_permutation_draws.csv","Analysis/_supporting/build_figure1_panel_source_data.R",550,20260811,"movement_mean","Movement mean","leave-one-animal-out outcome permutation with full refit","cv_r2_vs_mean",-0.0150062640036326,FALSE,1000,"permutation_draw"
"1e","Analysis/09_early_prediction_model_ladder.R","early_prediction_permutation_draws.csv","Analysis/_supporting/build_figure1_panel_source_data.R",551,20260811,"movement_mean","Movement mean","leave-one-animal-out outcome permutation with full refit","cv_r2_vs_mean",-0.0258838289534937,FALSE,1000,"permutation_draw"
"1e","Analysis/09_early_prediction_model_ladder.R","early_prediction_permutation_draws.csv","Analysis/_supporting/build_figure1_panel_source_data.R",552,20260811,"movement_mean","Movement mean","leave-one-animal-out outcome permutation with full refit","cv_r2_vs_mean",-0.0312923268735257,FALSE,1000,"permutation_draw"
"1e","Analysis/09_early_prediction_model_ladder.R","early_prediction_permutation_draws.csv","Analysis/_supporting/build_figure1_panel_source_data.R",553,20260811,"movement_mean","Movement mean","leave-one-animal-out outcome permutation with full refit","cv_r2_vs_mean",-0.0302695706069676,FALSE,1000,"permutation_draw"
"1e","Analysis/09_early_prediction_model_ladder.R","early_prediction_permutation_draws.csv","Analysis/_supporting/build_figure1_panel_source_data.R",554,20260811,"movement_mean","Movement mean","leave-one-animal-out outcome permutation with full refit","cv_r2_vs_mean",-0.0281770616036063,FALSE,1000,"permutation_draw"
"1e","Analysis/09_early_prediction_model_ladder.R","early_prediction_permutation_draws.csv","Analysis/_supporting/build_figure1_panel_source_data.R",555,20260811,"movement_mean","Movement mean","leave-one-animal-out outcome permutation with full refit","cv_r2_vs_mean",-0.0066752043539251,FALSE,1000,"permutation_draw"
"1e","Analysis/09_early_prediction_model_ladder.R","early_prediction_permutation_draws.csv","Analysis/_supporting/build_figure1_panel_source_data.R",556,20260811,"movement_mean","Movement mean","leave-one-animal-out outcome permutation with full refit","cv_r2_vs_mean",-0.0458029702691092,FALSE,1000,"permutation_draw"
"1e","Analysis/09_early_prediction_model_ladder.R","early_prediction_permutation_draws.csv","Analysis/_supporting/build_figure1_panel_source_data.R",557,20260811,"movement_mean","Movement mean","leave-one-animal-out outcome permutation with full refit","cv_r2_vs_mean",-0.00807711114939047,FALSE,1000,"permutation_draw"
"1e","Analysis/09_early_prediction_model_ladder.R","early_prediction_permutation_draws.csv","Analysis/_supporting/build_figure1_panel_source_data.R",558,20260811,"movement_mean","Movement mean","leave-one-animal-out outcome permutation with full refit","cv_r2_vs_mean",-0.0335465174497633,FALSE,1000,"permutation_draw"
"1e","Analysis/09_early_prediction_model_ladder.R","early_prediction_permutation_draws.csv","Analysis/_supporting/build_figure1_panel_source_data.R",559,20260811,"movement_mean","Movement mean","leave-one-animal-out outcome permutation with full refit","cv_r2_vs_mean",-0.0311728257201067,FALSE,1000,"permutation_draw"
"1e","Analysis/09_early_prediction_model_ladder.R","early_prediction_permutation_draws.csv","Analysis/_supporting/build_figure1_panel_source_data.R",560,20260811,"movement_mean","Movement mean","leave-one-animal-out outcome permutation with full refit","cv_r2_vs_mean",-0.0240928349726115,FALSE,1000,"permutation_draw"
"1e","Analysis/09_early_prediction_model_ladder.R","early_prediction_permutation_draws.csv","Analysis/_supporting/build_figure1_panel_source_data.R",561,20260811,"movement_mean","Movement mean","leave-one-animal-out outcome permutation with full refit","cv_r2_vs_mean",-0.0387714081964805,FALSE,1000,"permutation_draw"
"1e","Analysis/09_early_prediction_model_ladder.R","early_prediction_permutation_draws.csv","Analysis/_supporting/build_figure1_panel_source_data.R",562,20260811,"movement_mean","Movement mean","leave-one-animal-out outcome permutation with full refit","cv_r2_vs_mean",-0.0347172770832034,FALSE,1000,"permutation_draw"
"1e","Analysis/09_early_prediction_model_ladder.R","early_prediction_permutation_draws.csv","Analysis/_supporting/build_figure1_panel_source_data.R",563,20260811,"movement_mean","Movement mean","leave-one-animal-out outcome permutation with full refit","cv_r2_vs_mean",-0.0281014796057539,FALSE,1000,"permutation_draw"
"1e","Analysis/09_early_prediction_model_ladder.R","early_prediction_permutation_draws.csv","Analysis/_supporting/build_figure1_panel_source_data.R",564,20260811,"movement_mean","Movement mean","leave-one-animal-out outcome permutation with full refit","cv_r2_vs_mean",-0.0259982888090939,FALSE,1000,"permutation_draw"
"1e","Analysis/09_early_prediction_model_ladder.R","early_prediction_permutation_draws.csv","Analysis/_supporting/build_figure1_panel_source_data.R",565,20260811,"movement_mean","Movement mean","leave-one-animal-out outcome permutation with full refit","cv_r2_vs_mean",-0.039449571648704,FALSE,1000,"permutation_draw"
"1e","Analysis/09_early_prediction_model_ladder.R","early_prediction_permutation_draws.csv","Analysis/_supporting/build_figure1_panel_source_data.R",566,20260811,"movement_mean","Movement mean","leave-one-animal-out outcome permutation with full refit","cv_r2_vs_mean",-0.0212353082086414,FALSE,1000,"permutation_draw"
"1e","Analysis/09_early_prediction_model_ladder.R","early_prediction_permutation_draws.csv","Analysis/_supporting/build_figure1_panel_source_data.R",567,20260811,"movement_mean","Movement mean","leave-one-animal-out outcome permutation with full refit","cv_r2_vs_mean",-0.0380186525084842,FALSE,1000,"permutation_draw"
"1e","Analysis/09_early_prediction_model_ladder.R","early_prediction_permutation_draws.csv","Analysis/_supporting/build_figure1_panel_source_data.R",568,20260811,"movement_mean","Movement mean","leave-one-animal-out outcome permutation with full refit","cv_r2_vs_mean",-0.0333312619002073,FALSE,1000,"permutation_draw"
"1e","Analysis/09_early_prediction_model_ladder.R","early_prediction_permutation_draws.csv","Analysis/_supporting/build_figure1_panel_source_data.R",569,20260811,"movement_mean","Movement mean","leave-one-animal-out outcome permutation with full refit","cv_r2_vs_mean",-0.0381307741590402,FALSE,1000,"permutation_draw"
"1e","Analysis/09_early_prediction_model_ladder.R","early_prediction_permutation_draws.csv","Analysis/_supporting/build_figure1_panel_source_data.R",570,20260811,"movement_mean","Movement mean","leave-one-animal-out outcome permutation with full refit","cv_r2_vs_mean",-0.0308422563662243,FALSE,1000,"permutation_draw"
"1e","Analysis/09_early_prediction_model_ladder.R","early_prediction_permutation_draws.csv","Analysis/_supporting/build_figure1_panel_source_data.R",571,20260811,"movement_mean","Movement mean","leave-one-animal-out outcome permutation with full refit","cv_r2_vs_mean",-0.0333478260139028,FALSE,1000,"permutation_draw"
"1e","Analysis/09_early_prediction_model_ladder.R","early_prediction_permutation_draws.csv","Analysis/_supporting/build_figure1_panel_source_data.R",572,20260811,"movement_mean","Movement mean","leave-one-animal-out outcome permutation with full refit","cv_r2_vs_mean",-0.0300840297390439,FALSE,1000,"permutation_draw"
"1e","Analysis/09_early_prediction_model_ladder.R","early_prediction_permutation_draws.csv","Analysis/_supporting/build_figure1_panel_source_data.R",573,20260811,"movement_mean","Movement mean","leave-one-animal-out outcome permutation with full refit","cv_r2_vs_mean",-0.0372323682803291,FALSE,1000,"permutation_draw"
"1e","Analysis/09_early_prediction_model_ladder.R","early_prediction_permutation_draws.csv","Analysis/_supporting/build_figure1_panel_source_data.R",574,20260811,"movement_mean","Movement mean","leave-one-animal-out outcome permutation with full refit","cv_r2_vs_mean",-0.0112202085792514,FALSE,1000,"permutation_draw"
"1e","Analysis/09_early_prediction_model_ladder.R","early_prediction_permutation_draws.csv","Analysis/_supporting/build_figure1_panel_source_data.R",575,20260811,"movement_mean","Movement mean","leave-one-animal-out outcome permutation with full refit","cv_r2_vs_mean",0.017686985060235,FALSE,1000,"permutation_draw"
"1e","Analysis/09_early_prediction_model_ladder.R","early_prediction_permutation_draws.csv","Analysis/_supporting/build_figure1_panel_source_data.R",576,20260811,"movement_mean","Movement mean","leave-one-animal-out outcome permutation with full refit","cv_r2_vs_mean",-0.0318250551024284,FALSE,1000,"permutation_draw"
"1e","Analysis/09_early_prediction_model_ladder.R","early_prediction_permutation_draws.csv","Analysis/_supporting/build_figure1_panel_source_data.R",577,20260811,"movement_mean","Movement mean","leave-one-animal-out outcome permutation with full refit","cv_r2_vs_mean",-0.0288484841152294,FALSE,1000,"permutation_draw"
"1e","Analysis/09_early_prediction_model_ladder.R","early_prediction_permutation_draws.csv","Analysis/_supporting/build_figure1_panel_source_data.R",578,20260811,"movement_mean","Movement mean","leave-one-animal-out outcome permutation with full refit","cv_r2_vs_mean",-0.0192242753967551,FALSE,1000,"permutation_draw"
"1e","Analysis/09_early_prediction_model_ladder.R","early_prediction_permutation_draws.csv","Analysis/_supporting/build_figure1_panel_source_data.R",579,20260811,"movement_mean","Movement mean","leave-one-animal-out outcome permutation with full refit","cv_r2_vs_mean",-0.00990998479705962,FALSE,1000,"permutation_draw"
"1e","Analysis/09_early_prediction_model_ladder.R","early_prediction_permutation_draws.csv","Analysis/_supporting/build_figure1_panel_source_data.R",580,20260811,"movement_mean","Movement mean","leave-one-animal-out outcome permutation with full refit","cv_r2_vs_mean",-0.0358272112469624,FALSE,1000,"permutation_draw"
"1e","Analysis/09_early_prediction_model_ladder.R","early_prediction_permutation_draws.csv","Analysis/_supporting/build_figure1_panel_source_data.R",581,20260811,"movement_mean","Movement mean","leave-one-animal-out outcome permutation with full refit","cv_r2_vs_mean",0.00165179733474984,FALSE,1000,"permutation_draw"
"1e","Analysis/09_early_prediction_model_ladder.R","early_prediction_permutation_draws.csv","Analysis/_supporting/build_figure1_panel_source_data.R",582,20260811,"movement_mean","Movement mean","leave-one-animal-out outcome permutation with full refit","cv_r2_vs_mean",-0.0341787930284552,FALSE,1000,"permutation_draw"
"1e","Analysis/09_early_prediction_model_ladder.R","early_prediction_permutation_draws.csv","Analysis/_supporting/build_figure1_panel_source_data.R",583,20260811,"movement_mean","Movement mean","leave-one-animal-out outcome permutation with full refit","cv_r2_vs_mean",-0.033092605073197,FALSE,1000,"permutation_draw"
"1e","Analysis/09_early_prediction_model_ladder.R","early_prediction_permutation_draws.csv","Analysis/_supporting/build_figure1_panel_source_data.R",584,20260811,"movement_mean","Movement mean","leave-one-animal-out outcome permutation with full refit","cv_r2_vs_mean",-0.0369972807576722,FALSE,1000,"permutation_draw"
"1e","Analysis/09_early_prediction_model_ladder.R","early_prediction_permutation_draws.csv","Analysis/_supporting/build_figure1_panel_source_data.R",585,20260811,"movement_mean","Movement mean","leave-one-animal-out outcome permutation with full refit","cv_r2_vs_mean",-0.0218458167249425,FALSE,1000,"permutation_draw"
"1e","Analysis/09_early_prediction_model_ladder.R","early_prediction_permutation_draws.csv","Analysis/_supporting/build_figure1_panel_source_data.R",586,20260811,"movement_mean","Movement mean","leave-one-animal-out outcome permutation with full refit","cv_r2_vs_mean",-0.0345246488050652,FALSE,1000,"permutation_draw"
"1e","Analysis/09_early_prediction_model_ladder.R","early_prediction_permutation_draws.csv","Analysis/_supporting/build_figure1_panel_source_data.R",587,20260811,"movement_mean","Movement mean","leave-one-animal-out outcome permutation with full refit","cv_r2_vs_mean",-0.0342289497296491,FALSE,1000,"permutation_draw"
"1e","Analysis/09_early_prediction_model_ladder.R","early_prediction_permutation_draws.csv","Analysis/_supporting/build_figure1_panel_source_data.R",588,20260811,"movement_mean","Movement mean","leave-one-animal-out outcome permutation with full refit","cv_r2_vs_mean",-0.0324686416924533,FALSE,1000,"permutation_draw"
"1e","Analysis/09_early_prediction_model_ladder.R","early_prediction_permutation_draws.csv","Analysis/_supporting/build_figure1_panel_source_data.R",589,20260811,"movement_mean","Movement mean","leave-one-animal-out outcome permutation with full refit","cv_r2_vs_mean",-0.024454159140896,FALSE,1000,"permutation_draw"
"1e","Analysis/09_early_prediction_model_ladder.R","early_prediction_permutation_draws.csv","Analysis/_supporting/build_figure1_panel_source_data.R",590,20260811,"movement_mean","Movement mean","leave-one-animal-out outcome permutation with full refit","cv_r2_vs_mean",-0.00786620606710997,FALSE,1000,"permutation_draw"
"1e","Analysis/09_early_prediction_model_ladder.R","early_prediction_permutation_draws.csv","Analysis/_supporting/build_figure1_panel_source_data.R",591,20260811,"movement_mean","Movement mean","leave-one-animal-out outcome permutation with full refit","cv_r2_vs_mean",-0.032423928309727,FALSE,1000,"permutation_draw"
"1e","Analysis/09_early_prediction_model_ladder.R","early_prediction_permutation_draws.csv","Analysis/_supporting/build_figure1_panel_source_data.R",592,20260811,"movement_mean","Movement mean","leave-one-animal-out outcome permutation with full refit","cv_r2_vs_mean",-0.00632917499002605,FALSE,1000,"permutation_draw"
"1e","Analysis/09_early_prediction_model_ladder.R","early_prediction_permutation_draws.csv","Analysis/_supporting/build_figure1_panel_source_data.R",593,20260811,"movement_mean","Movement mean","leave-one-animal-out outcome permutation with full refit","cv_r2_vs_mean",0.0201667615509835,FALSE,1000,"permutation_draw"
"1e","Analysis/09_early_prediction_model_ladder.R","early_prediction_permutation_draws.csv","Analysis/_supporting/build_figure1_panel_source_data.R",594,20260811,"movement_mean","Movement mean","leave-one-animal-out outcome permutation with full refit","cv_r2_vs_mean",-0.0402193575278813,FALSE,1000,"permutation_draw"
"1e","Analysis/09_early_prediction_model_ladder.R","early_prediction_permutation_draws.csv","Analysis/_supporting/build_figure1_panel_source_data.R",595,20260811,"movement_mean","Movement mean","leave-one-animal-out outcome permutation with full refit","cv_r2_vs_mean",-0.040405513116001,FALSE,1000,"permutation_draw"
"1e","Analysis/09_early_prediction_model_ladder.R","early_prediction_permutation_draws.csv","Analysis/_supporting/build_figure1_panel_source_data.R",596,20260811,"movement_mean","Movement mean","leave-one-animal-out outcome permutation with full refit","cv_r2_vs_mean",-0.0344733841721587,FALSE,1000,"permutation_draw"
"1e","Analysis/09_early_prediction_model_ladder.R","early_prediction_permutation_draws.csv","Analysis/_supporting/build_figure1_panel_source_data.R",597,20260811,"movement_mean","Movement mean","leave-one-animal-out outcome permutation with full refit","cv_r2_vs_mean",-0.0422408594393233,FALSE,1000,"permutation_draw"
"1e","Analysis/09_early_prediction_model_ladder.R","early_prediction_permutation_draws.csv","Analysis/_supporting/build_figure1_panel_source_data.R",598,20260811,"movement_mean","Movement mean","leave-one-animal-out outcome permutation with full refit","cv_r2_vs_mean",-0.0281728387746392,FALSE,1000,"permutation_draw"
"1e","Analysis/09_early_prediction_model_ladder.R","early_prediction_permutation_draws.csv","Analysis/_supporting/build_figure1_panel_source_data.R",599,20260811,"movement_mean","Movement mean","leave-one-animal-out outcome permutation with full refit","cv_r2_vs_mean",-0.0261131162799784,FALSE,1000,"permutation_draw"
"1e","Analysis/09_early_prediction_model_ladder.R","early_prediction_permutation_draws.csv","Analysis/_supporting/build_figure1_panel_source_data.R",600,20260811,"movement_mean","Movement mean","leave-one-animal-out outcome permutation with full refit","cv_r2_vs_mean",-0.037608849312863,FALSE,1000,"permutation_draw"
"1e","Analysis/09_early_prediction_model_ladder.R","early_prediction_permutation_draws.csv","Analysis/_supporting/build_figure1_panel_source_data.R",601,20260811,"movement_mean","Movement mean","leave-one-animal-out outcome permutation with full refit","cv_r2_vs_mean",-0.033893669193674,FALSE,1000,"permutation_draw"
"1e","Analysis/09_early_prediction_model_ladder.R","early_prediction_permutation_draws.csv","Analysis/_supporting/build_figure1_panel_source_data.R",602,20260811,"movement_mean","Movement mean","leave-one-animal-out outcome permutation with full refit","cv_r2_vs_mean",-0.0430293154258674,FALSE,1000,"permutation_draw"
"1e","Analysis/09_early_prediction_model_ladder.R","early_prediction_permutation_draws.csv","Analysis/_supporting/build_figure1_panel_source_data.R",603,20260811,"movement_mean","Movement mean","leave-one-animal-out outcome permutation with full refit","cv_r2_vs_mean",-0.0348157113361529,FALSE,1000,"permutation_draw"
"1e","Analysis/09_early_prediction_model_ladder.R","early_prediction_permutation_draws.csv","Analysis/_supporting/build_figure1_panel_source_data.R",604,20260811,"movement_mean","Movement mean","leave-one-animal-out outcome permutation with full refit","cv_r2_vs_mean",-0.0265961269198098,FALSE,1000,"permutation_draw"
"1e","Analysis/09_early_prediction_model_ladder.R","early_prediction_permutation_draws.csv","Analysis/_supporting/build_figure1_panel_source_data.R",605,20260811,"movement_mean","Movement mean","leave-one-animal-out outcome permutation with full refit","cv_r2_vs_mean",-0.0465814015173653,FALSE,1000,"permutation_draw"
"1e","Analysis/09_early_prediction_model_ladder.R","early_prediction_permutation_draws.csv","Analysis/_supporting/build_figure1_panel_source_data.R",606,20260811,"movement_mean","Movement mean","leave-one-animal-out outcome permutation with full refit","cv_r2_vs_mean",-0.0387614488683077,FALSE,1000,"permutation_draw"
"1e","Analysis/09_early_prediction_model_ladder.R","early_prediction_permutation_draws.csv","Analysis/_supporting/build_figure1_panel_source_data.R",607,20260811,"movement_mean","Movement mean","leave-one-animal-out outcome permutation with full refit","cv_r2_vs_mean",-0.0376137152010905,FALSE,1000,"permutation_draw"
"1e","Analysis/09_early_prediction_model_ladder.R","early_prediction_permutation_draws.csv","Analysis/_supporting/build_figure1_panel_source_data.R",608,20260811,"movement_mean","Movement mean","leave-one-animal-out outcome permutation with full refit","cv_r2_vs_mean",-0.0303333750903305,FALSE,1000,"permutation_draw"
"1e","Analysis/09_early_prediction_model_ladder.R","early_prediction_permutation_draws.csv","Analysis/_supporting/build_figure1_panel_source_data.R",609,20260811,"movement_mean","Movement mean","leave-one-animal-out outcome permutation with full refit","cv_r2_vs_mean",-0.0513422450709182,FALSE,1000,"permutation_draw"
"1e","Analysis/09_early_prediction_model_ladder.R","early_prediction_permutation_draws.csv","Analysis/_supporting/build_figure1_panel_source_data.R",610,20260811,"movement_mean","Movement mean","leave-one-animal-out outcome permutation with full refit","cv_r2_vs_mean",-0.0188556350350875,FALSE,1000,"permutation_draw"
"1e","Analysis/09_early_prediction_model_ladder.R","early_prediction_permutation_draws.csv","Analysis/_supporting/build_figure1_panel_source_data.R",611,20260811,"movement_mean","Movement mean","leave-one-animal-out outcome permutation with full refit","cv_r2_vs_mean",-0.0421246621713687,FALSE,1000,"permutation_draw"
"1e","Analysis/09_early_prediction_model_ladder.R","early_prediction_permutation_draws.csv","Analysis/_supporting/build_figure1_panel_source_data.R",612,20260811,"movement_mean","Movement mean","leave-one-animal-out outcome permutation with full refit","cv_r2_vs_mean",-0.0298526895755413,FALSE,1000,"permutation_draw"
"1e","Analysis/09_early_prediction_model_ladder.R","early_prediction_permutation_draws.csv","Analysis/_supporting/build_figure1_panel_source_data.R",613,20260811,"movement_mean","Movement mean","leave-one-animal-out outcome permutation with full refit","cv_r2_vs_mean",-0.0333867240360715,FALSE,1000,"permutation_draw"
"1e","Analysis/09_early_prediction_model_ladder.R","early_prediction_permutation_draws.csv","Analysis/_supporting/build_figure1_panel_source_data.R",614,20260811,"movement_mean","Movement mean","leave-one-animal-out outcome permutation with full refit","cv_r2_vs_mean",-0.0414419090949638,FALSE,1000,"permutation_draw"
"1e","Analysis/09_early_prediction_model_ladder.R","early_prediction_permutation_draws.csv","Analysis/_supporting/build_figure1_panel_source_data.R",615,20260811,"movement_mean","Movement mean","leave-one-animal-out outcome permutation with full refit","cv_r2_vs_mean",-0.0431512195257133,FALSE,1000,"permutation_draw"
"1e","Analysis/09_early_prediction_model_ladder.R","early_prediction_permutation_draws.csv","Analysis/_supporting/build_figure1_panel_source_data.R",616,20260811,"movement_mean","Movement mean","leave-one-animal-out outcome permutation with full refit","cv_r2_vs_mean",-0.0344084118549177,FALSE,1000,"permutation_draw"
"1e","Analysis/09_early_prediction_model_ladder.R","early_prediction_permutation_draws.csv","Analysis/_supporting/build_figure1_panel_source_data.R",617,20260811,"movement_mean","Movement mean","leave-one-animal-out outcome permutation with full refit","cv_r2_vs_mean",-0.0410678901254542,FALSE,1000,"permutation_draw"
"1e","Analysis/09_early_prediction_model_ladder.R","early_prediction_permutation_draws.csv","Analysis/_supporting/build_figure1_panel_source_data.R",618,20260811,"movement_mean","Movement mean","leave-one-animal-out outcome permutation with full refit","cv_r2_vs_mean",-0.0368738040153462,FALSE,1000,"permutation_draw"
"1e","Analysis/09_early_prediction_model_ladder.R","early_prediction_permutation_draws.csv","Analysis/_supporting/build_figure1_panel_source_data.R",619,20260811,"movement_mean","Movement mean","leave-one-animal-out outcome permutation with full refit","cv_r2_vs_mean",-0.0284277806616977,FALSE,1000,"permutation_draw"
"1e","Analysis/09_early_prediction_model_ladder.R","early_prediction_permutation_draws.csv","Analysis/_supporting/build_figure1_panel_source_data.R",620,20260811,"movement_mean","Movement mean","leave-one-animal-out outcome permutation with full refit","cv_r2_vs_mean",-0.0211173353230505,FALSE,1000,"permutation_draw"
"1e","Analysis/09_early_prediction_model_ladder.R","early_prediction_permutation_draws.csv","Analysis/_supporting/build_figure1_panel_source_data.R",621,20260811,"movement_mean","Movement mean","leave-one-animal-out outcome permutation with full refit","cv_r2_vs_mean",-0.0331064989257808,FALSE,1000,"permutation_draw"
"1e","Analysis/09_early_prediction_model_ladder.R","early_prediction_permutation_draws.csv","Analysis/_supporting/build_figure1_panel_source_data.R",622,20260811,"movement_mean","Movement mean","leave-one-animal-out outcome permutation with full refit","cv_r2_vs_mean",-0.0407825033437135,FALSE,1000,"permutation_draw"
"1e","Analysis/09_early_prediction_model_ladder.R","early_prediction_permutation_draws.csv","Analysis/_supporting/build_figure1_panel_source_data.R",623,20260811,"movement_mean","Movement mean","leave-one-animal-out outcome permutation with full refit","cv_r2_vs_mean",-0.0287264052386458,FALSE,1000,"permutation_draw"
"1e","Analysis/09_early_prediction_model_ladder.R","early_prediction_permutation_draws.csv","Analysis/_supporting/build_figure1_panel_source_data.R",624,20260811,"movement_mean","Movement mean","leave-one-animal-out outcome permutation with full refit","cv_r2_vs_mean",-0.0337769979517983,FALSE,1000,"permutation_draw"
"1e","Analysis/09_early_prediction_model_ladder.R","early_prediction_permutation_draws.csv","Analysis/_supporting/build_figure1_panel_source_data.R",625,20260811,"movement_mean","Movement mean","leave-one-animal-out outcome permutation with full refit","cv_r2_vs_mean",-0.0382950148353416,FALSE,1000,"permutation_draw"
"1e","Analysis/09_early_prediction_model_ladder.R","early_prediction_permutation_draws.csv","Analysis/_supporting/build_figure1_panel_source_data.R",626,20260811,"movement_mean","Movement mean","leave-one-animal-out outcome permutation with full refit","cv_r2_vs_mean",-0.0221844947670779,FALSE,1000,"permutation_draw"
"1e","Analysis/09_early_prediction_model_ladder.R","early_prediction_permutation_draws.csv","Analysis/_supporting/build_figure1_panel_source_data.R",627,20260811,"movement_mean","Movement mean","leave-one-animal-out outcome permutation with full refit","cv_r2_vs_mean",-0.036665353404133,FALSE,1000,"permutation_draw"
"1e","Analysis/09_early_prediction_model_ladder.R","early_prediction_permutation_draws.csv","Analysis/_supporting/build_figure1_panel_source_data.R",628,20260811,"movement_mean","Movement mean","leave-one-animal-out outcome permutation with full refit","cv_r2_vs_mean",-0.0340573755437019,FALSE,1000,"permutation_draw"
"1e","Analysis/09_early_prediction_model_ladder.R","early_prediction_permutation_draws.csv","Analysis/_supporting/build_figure1_panel_source_data.R",629,20260811,"movement_mean","Movement mean","leave-one-animal-out outcome permutation with full refit","cv_r2_vs_mean",-0.0121649574591263,FALSE,1000,"permutation_draw"
"1e","Analysis/09_early_prediction_model_ladder.R","early_prediction_permutation_draws.csv","Analysis/_supporting/build_figure1_panel_source_data.R",630,20260811,"movement_mean","Movement mean","leave-one-animal-out outcome permutation with full refit","cv_r2_vs_mean",-0.031001404383562,FALSE,1000,"permutation_draw"
"1e","Analysis/09_early_prediction_model_ladder.R","early_prediction_permutation_draws.csv","Analysis/_supporting/build_figure1_panel_source_data.R",631,20260811,"movement_mean","Movement mean","leave-one-animal-out outcome permutation with full refit","cv_r2_vs_mean",-0.0365658623015999,FALSE,1000,"permutation_draw"
"1e","Analysis/09_early_prediction_model_ladder.R","early_prediction_permutation_draws.csv","Analysis/_supporting/build_figure1_panel_source_data.R",632,20260811,"movement_mean","Movement mean","leave-one-animal-out outcome permutation with full refit","cv_r2_vs_mean",-0.0271671668734863,FALSE,1000,"permutation_draw"
"1e","Analysis/09_early_prediction_model_ladder.R","early_prediction_permutation_draws.csv","Analysis/_supporting/build_figure1_panel_source_data.R",633,20260811,"movement_mean","Movement mean","leave-one-animal-out outcome permutation with full refit","cv_r2_vs_mean",-0.0241935427326241,FALSE,1000,"permutation_draw"
"1e","Analysis/09_early_prediction_model_ladder.R","early_prediction_permutation_draws.csv","Analysis/_supporting/build_figure1_panel_source_data.R",634,20260811,"movement_mean","Movement mean","leave-one-animal-out outcome permutation with full refit","cv_r2_vs_mean",-0.0329093762737986,FALSE,1000,"permutation_draw"
"1e","Analysis/09_early_prediction_model_ladder.R","early_prediction_permutation_draws.csv","Analysis/_supporting/build_figure1_panel_source_data.R",635,20260811,"movement_mean","Movement mean","leave-one-animal-out outcome permutation with full refit","cv_r2_vs_mean",-0.0361346079854834,FALSE,1000,"permutation_draw"
"1e","Analysis/09_early_prediction_model_ladder.R","early_prediction_permutation_draws.csv","Analysis/_supporting/build_figure1_panel_source_data.R",636,20260811,"movement_mean","Movement mean","leave-one-animal-out outcome permutation with full refit","cv_r2_vs_mean",-0.0318576027358575,FALSE,1000,"permutation_draw"
"1e","Analysis/09_early_prediction_model_ladder.R","early_prediction_permutation_draws.csv","Analysis/_supporting/build_figure1_panel_source_data.R",637,20260811,"movement_mean","Movement mean","leave-one-animal-out outcome permutation with full refit","cv_r2_vs_mean",-0.025655945314706,FALSE,1000,"permutation_draw"
"1e","Analysis/09_early_prediction_model_ladder.R","early_prediction_permutation_draws.csv","Analysis/_supporting/build_figure1_panel_source_data.R",638,20260811,"movement_mean","Movement mean","leave-one-animal-out outcome permutation with full refit","cv_r2_vs_mean",-0.0345359153558336,FALSE,1000,"permutation_draw"
"1e","Analysis/09_early_prediction_model_ladder.R","early_prediction_permutation_draws.csv","Analysis/_supporting/build_figure1_panel_source_data.R",639,20260811,"movement_mean","Movement mean","leave-one-animal-out outcome permutation with full refit","cv_r2_vs_mean",-0.040233058324217,FALSE,1000,"permutation_draw"
"1e","Analysis/09_early_prediction_model_ladder.R","early_prediction_permutation_draws.csv","Analysis/_supporting/build_figure1_panel_source_data.R",640,20260811,"movement_mean","Movement mean","leave-one-animal-out outcome permutation with full refit","cv_r2_vs_mean",-0.0188672328030217,FALSE,1000,"permutation_draw"
"1e","Analysis/09_early_prediction_model_ladder.R","early_prediction_permutation_draws.csv","Analysis/_supporting/build_figure1_panel_source_data.R",641,20260811,"movement_mean","Movement mean","leave-one-animal-out outcome permutation with full refit","cv_r2_vs_mean",0.0315273872995414,FALSE,1000,"permutation_draw"
"1e","Analysis/09_early_prediction_model_ladder.R","early_prediction_permutation_draws.csv","Analysis/_supporting/build_figure1_panel_source_data.R",642,20260811,"movement_mean","Movement mean","leave-one-animal-out outcome permutation with full refit","cv_r2_vs_mean",-0.0422197454848292,FALSE,1000,"permutation_draw"
"1e","Analysis/09_early_prediction_model_ladder.R","early_prediction_permutation_draws.csv","Analysis/_supporting/build_figure1_panel_source_data.R",643,20260811,"movement_mean","Movement mean","leave-one-animal-out outcome permutation with full refit","cv_r2_vs_mean",-0.0360291320516932,FALSE,1000,"permutation_draw"
"1e","Analysis/09_early_prediction_model_ladder.R","early_prediction_permutation_draws.csv","Analysis/_supporting/build_figure1_panel_source_data.R",644,20260811,"movement_mean","Movement mean","leave-one-animal-out outcome permutation with full refit","cv_r2_vs_mean",-0.0228906983987733,FALSE,1000,"permutation_draw"
"1e","Analysis/09_early_prediction_model_ladder.R","early_prediction_permutation_draws.csv","Analysis/_supporting/build_figure1_panel_source_data.R",645,20260811,"movement_mean","Movement mean","leave-one-animal-out outcome permutation with full refit","cv_r2_vs_mean",-0.0285640952082327,FALSE,1000,"permutation_draw"
"1e","Analysis/09_early_prediction_model_ladder.R","early_prediction_permutation_draws.csv","Analysis/_supporting/build_figure1_panel_source_data.R",646,20260811,"movement_mean","Movement mean","leave-one-animal-out outcome permutation with full refit","cv_r2_vs_mean",-0.0344532936387287,FALSE,1000,"permutation_draw"
"1e","Analysis/09_early_prediction_model_ladder.R","early_prediction_permutation_draws.csv","Analysis/_supporting/build_figure1_panel_source_data.R",647,20260811,"movement_mean","Movement mean","leave-one-animal-out outcome permutation with full refit","cv_r2_vs_mean",-0.0294455946154422,FALSE,1000,"permutation_draw"
"1e","Analysis/09_early_prediction_model_ladder.R","early_prediction_permutation_draws.csv","Analysis/_supporting/build_figure1_panel_source_data.R",648,20260811,"movement_mean","Movement mean","leave-one-animal-out outcome permutation with full refit","cv_r2_vs_mean",-0.0355881573720085,FALSE,1000,"permutation_draw"
"1e","Analysis/09_early_prediction_model_ladder.R","early_prediction_permutation_draws.csv","Analysis/_supporting/build_figure1_panel_source_data.R",649,20260811,"movement_mean","Movement mean","leave-one-animal-out outcome permutation with full refit","cv_r2_vs_mean",-0.023574971133641,FALSE,1000,"permutation_draw"
"1e","Analysis/09_early_prediction_model_ladder.R","early_prediction_permutation_draws.csv","Analysis/_supporting/build_figure1_panel_source_data.R",650,20260811,"movement_mean","Movement mean","leave-one-animal-out outcome permutation with full refit","cv_r2_vs_mean",-0.0385655682909827,FALSE,1000,"permutation_draw"
"1e","Analysis/09_early_prediction_model_ladder.R","early_prediction_permutation_draws.csv","Analysis/_supporting/build_figure1_panel_source_data.R",651,20260811,"movement_mean","Movement mean","leave-one-animal-out outcome permutation with full refit","cv_r2_vs_mean",-0.0353583948764005,FALSE,1000,"permutation_draw"
"1e","Analysis/09_early_prediction_model_ladder.R","early_prediction_permutation_draws.csv","Analysis/_supporting/build_figure1_panel_source_data.R",652,20260811,"movement_mean","Movement mean","leave-one-animal-out outcome permutation with full refit","cv_r2_vs_mean",-0.0235295337507362,FALSE,1000,"permutation_draw"
"1e","Analysis/09_early_prediction_model_ladder.R","early_prediction_permutation_draws.csv","Analysis/_supporting/build_figure1_panel_source_data.R",653,20260811,"movement_mean","Movement mean","leave-one-animal-out outcome permutation with full refit","cv_r2_vs_mean",-0.034600297338679,FALSE,1000,"permutation_draw"
"1e","Analysis/09_early_prediction_model_ladder.R","early_prediction_permutation_draws.csv","Analysis/_supporting/build_figure1_panel_source_data.R",654,20260811,"movement_mean","Movement mean","leave-one-animal-out outcome permutation with full refit","cv_r2_vs_mean",-0.0303192939777177,FALSE,1000,"permutation_draw"
"1e","Analysis/09_early_prediction_model_ladder.R","early_prediction_permutation_draws.csv","Analysis/_supporting/build_figure1_panel_source_data.R",655,20260811,"movement_mean","Movement mean","leave-one-animal-out outcome permutation with full refit","cv_r2_vs_mean",-0.0265597181603989,FALSE,1000,"permutation_draw"
"1e","Analysis/09_early_prediction_model_ladder.R","early_prediction_permutation_draws.csv","Analysis/_supporting/build_figure1_panel_source_data.R",656,20260811,"movement_mean","Movement mean","leave-one-animal-out outcome permutation with full refit","cv_r2_vs_mean",-0.0346464592592008,FALSE,1000,"permutation_draw"
"1e","Analysis/09_early_prediction_model_ladder.R","early_prediction_permutation_draws.csv","Analysis/_supporting/build_figure1_panel_source_data.R",657,20260811,"movement_mean","Movement mean","leave-one-animal-out outcome permutation with full refit","cv_r2_vs_mean",-0.034412859452662,FALSE,1000,"permutation_draw"
"1e","Analysis/09_early_prediction_model_ladder.R","early_prediction_permutation_draws.csv","Analysis/_supporting/build_figure1_panel_source_data.R",658,20260811,"movement_mean","Movement mean","leave-one-animal-out outcome permutation with full refit","cv_r2_vs_mean",-0.0175932954872928,FALSE,1000,"permutation_draw"
"1e","Analysis/09_early_prediction_model_ladder.R","early_prediction_permutation_draws.csv","Analysis/_supporting/build_figure1_panel_source_data.R",659,20260811,"movement_mean","Movement mean","leave-one-animal-out outcome permutation with full refit","cv_r2_vs_mean",-0.0374405484911018,FALSE,1000,"permutation_draw"
"1e","Analysis/09_early_prediction_model_ladder.R","early_prediction_permutation_draws.csv","Analysis/_supporting/build_figure1_panel_source_data.R",660,20260811,"movement_mean","Movement mean","leave-one-animal-out outcome permutation with full refit","cv_r2_vs_mean",-0.0364479229541514,FALSE,1000,"permutation_draw"
"1e","Analysis/09_early_prediction_model_ladder.R","early_prediction_permutation_draws.csv","Analysis/_supporting/build_figure1_panel_source_data.R",661,20260811,"movement_mean","Movement mean","leave-one-animal-out outcome permutation with full refit","cv_r2_vs_mean",-0.0243591339908384,FALSE,1000,"permutation_draw"
"1e","Analysis/09_early_prediction_model_ladder.R","early_prediction_permutation_draws.csv","Analysis/_supporting/build_figure1_panel_source_data.R",662,20260811,"movement_mean","Movement mean","leave-one-animal-out outcome permutation with full refit","cv_r2_vs_mean",-0.0285068741568288,FALSE,1000,"permutation_draw"
"1e","Analysis/09_early_prediction_model_ladder.R","early_prediction_permutation_draws.csv","Analysis/_supporting/build_figure1_panel_source_data.R",663,20260811,"movement_mean","Movement mean","leave-one-animal-out outcome permutation with full refit","cv_r2_vs_mean",-0.0299986453303418,FALSE,1000,"permutation_draw"
"1e","Analysis/09_early_prediction_model_ladder.R","early_prediction_permutation_draws.csv","Analysis/_supporting/build_figure1_panel_source_data.R",664,20260811,"movement_mean","Movement mean","leave-one-animal-out outcome permutation with full refit","cv_r2_vs_mean",-0.0186232082534559,FALSE,1000,"permutation_draw"
"1e","Analysis/09_early_prediction_model_ladder.R","early_prediction_permutation_draws.csv","Analysis/_supporting/build_figure1_panel_source_data.R",665,20260811,"movement_mean","Movement mean","leave-one-animal-out outcome permutation with full refit","cv_r2_vs_mean",-0.0241750694542513,FALSE,1000,"permutation_draw"
"1e","Analysis/09_early_prediction_model_ladder.R","early_prediction_permutation_draws.csv","Analysis/_supporting/build_figure1_panel_source_data.R",666,20260811,"movement_mean","Movement mean","leave-one-animal-out outcome permutation with full refit","cv_r2_vs_mean",-0.0358451802433062,FALSE,1000,"permutation_draw"
"1e","Analysis/09_early_prediction_model_ladder.R","early_prediction_permutation_draws.csv","Analysis/_supporting/build_figure1_panel_source_data.R",667,20260811,"movement_mean","Movement mean","leave-one-animal-out outcome permutation with full refit","cv_r2_vs_mean",-0.0337412126627226,FALSE,1000,"permutation_draw"
"1e","Analysis/09_early_prediction_model_ladder.R","early_prediction_permutation_draws.csv","Analysis/_supporting/build_figure1_panel_source_data.R",668,20260811,"movement_mean","Movement mean","leave-one-animal-out outcome permutation with full refit","cv_r2_vs_mean",-0.0177926035955966,FALSE,1000,"permutation_draw"
"1e","Analysis/09_early_prediction_model_ladder.R","early_prediction_permutation_draws.csv","Analysis/_supporting/build_figure1_panel_source_data.R",669,20260811,"movement_mean","Movement mean","leave-one-animal-out outcome permutation with full refit","cv_r2_vs_mean",-0.028472111419934,FALSE,1000,"permutation_draw"
"1e","Analysis/09_early_prediction_model_ladder.R","early_prediction_permutation_draws.csv","Analysis/_supporting/build_figure1_panel_source_data.R",670,20260811,"movement_mean","Movement mean","leave-one-animal-out outcome permutation with full refit","cv_r2_vs_mean",-0.0361059315557963,FALSE,1000,"permutation_draw"
"1e","Analysis/09_early_prediction_model_ladder.R","early_prediction_permutation_draws.csv","Analysis/_supporting/build_figure1_panel_source_data.R",671,20260811,"movement_mean","Movement mean","leave-one-animal-out outcome permutation with full refit","cv_r2_vs_mean",-0.0393835161446749,FALSE,1000,"permutation_draw"
"1e","Analysis/09_early_prediction_model_ladder.R","early_prediction_permutation_draws.csv","Analysis/_supporting/build_figure1_panel_source_data.R",672,20260811,"movement_mean","Movement mean","leave-one-animal-out outcome permutation with full refit","cv_r2_vs_mean",-0.0304424586442278,FALSE,1000,"permutation_draw"
"1e","Analysis/09_early_prediction_model_ladder.R","early_prediction_permutation_draws.csv","Analysis/_supporting/build_figure1_panel_source_data.R",673,20260811,"movement_mean","Movement mean","leave-one-animal-out outcome permutation with full refit","cv_r2_vs_mean",-0.0135320195867967,FALSE,1000,"permutation_draw"
"1e","Analysis/09_early_prediction_model_ladder.R","early_prediction_permutation_draws.csv","Analysis/_supporting/build_figure1_panel_source_data.R",674,20260811,"movement_mean","Movement mean","leave-one-animal-out outcome permutation with full refit","cv_r2_vs_mean",-0.0253557891538474,FALSE,1000,"permutation_draw"
"1e","Analysis/09_early_prediction_model_ladder.R","early_prediction_permutation_draws.csv","Analysis/_supporting/build_figure1_panel_source_data.R",675,20260811,"movement_mean","Movement mean","leave-one-animal-out outcome permutation with full refit","cv_r2_vs_mean",-0.0153937801934472,FALSE,1000,"permutation_draw"
"1e","Analysis/09_early_prediction_model_ladder.R","early_prediction_permutation_draws.csv","Analysis/_supporting/build_figure1_panel_source_data.R",676,20260811,"movement_mean","Movement mean","leave-one-animal-out outcome permutation with full refit","cv_r2_vs_mean",-0.0347712264495812,FALSE,1000,"permutation_draw"
"1e","Analysis/09_early_prediction_model_ladder.R","early_prediction_permutation_draws.csv","Analysis/_supporting/build_figure1_panel_source_data.R",677,20260811,"movement_mean","Movement mean","leave-one-animal-out outcome permutation with full refit","cv_r2_vs_mean",-0.0256978928418188,FALSE,1000,"permutation_draw"
"1e","Analysis/09_early_prediction_model_ladder.R","early_prediction_permutation_draws.csv","Analysis/_supporting/build_figure1_panel_source_data.R",678,20260811,"movement_mean","Movement mean","leave-one-animal-out outcome permutation with full refit","cv_r2_vs_mean",-0.0317782243267703,FALSE,1000,"permutation_draw"
"1e","Analysis/09_early_prediction_model_ladder.R","early_prediction_permutation_draws.csv","Analysis/_supporting/build_figure1_panel_source_data.R",679,20260811,"movement_mean","Movement mean","leave-one-animal-out outcome permutation with full refit","cv_r2_vs_mean",-0.0257976452784396,FALSE,1000,"permutation_draw"
"1e","Analysis/09_early_prediction_model_ladder.R","early_prediction_permutation_draws.csv","Analysis/_supporting/build_figure1_panel_source_data.R",680,20260811,"movement_mean","Movement mean","leave-one-animal-out outcome permutation with full refit","cv_r2_vs_mean",0.0146344619766225,FALSE,1000,"permutation_draw"
"1e","Analysis/09_early_prediction_model_ladder.R","early_prediction_permutation_draws.csv","Analysis/_supporting/build_figure1_panel_source_data.R",681,20260811,"movement_mean","Movement mean","leave-one-animal-out outcome permutation with full refit","cv_r2_vs_mean",-0.0345227831415573,FALSE,1000,"permutation_draw"
"1e","Analysis/09_early_prediction_model_ladder.R","early_prediction_permutation_draws.csv","Analysis/_supporting/build_figure1_panel_source_data.R",682,20260811,"movement_mean","Movement mean","leave-one-animal-out outcome permutation with full refit","cv_r2_vs_mean",-0.0369155925088382,FALSE,1000,"permutation_draw"
"1e","Analysis/09_early_prediction_model_ladder.R","early_prediction_permutation_draws.csv","Analysis/_supporting/build_figure1_panel_source_data.R",683,20260811,"movement_mean","Movement mean","leave-one-animal-out outcome permutation with full refit","cv_r2_vs_mean",-0.0354998505192543,FALSE,1000,"permutation_draw"
"1e","Analysis/09_early_prediction_model_ladder.R","early_prediction_permutation_draws.csv","Analysis/_supporting/build_figure1_panel_source_data.R",684,20260811,"movement_mean","Movement mean","leave-one-animal-out outcome permutation with full refit","cv_r2_vs_mean",-0.0380857244112438,FALSE,1000,"permutation_draw"
"1e","Analysis/09_early_prediction_model_ladder.R","early_prediction_permutation_draws.csv","Analysis/_supporting/build_figure1_panel_source_data.R",685,20260811,"movement_mean","Movement mean","leave-one-animal-out outcome permutation with full refit","cv_r2_vs_mean",-0.0371707116453082,FALSE,1000,"permutation_draw"
"1e","Analysis/09_early_prediction_model_ladder.R","early_prediction_permutation_draws.csv","Analysis/_supporting/build_figure1_panel_source_data.R",686,20260811,"movement_mean","Movement mean","leave-one-animal-out outcome permutation with full refit","cv_r2_vs_mean",-0.0362687268974828,FALSE,1000,"permutation_draw"
"1e","Analysis/09_early_prediction_model_ladder.R","early_prediction_permutation_draws.csv","Analysis/_supporting/build_figure1_panel_source_data.R",687,20260811,"movement_mean","Movement mean","leave-one-animal-out outcome permutation with full refit","cv_r2_vs_mean",-0.0169260049083872,FALSE,1000,"permutation_draw"
"1e","Analysis/09_early_prediction_model_ladder.R","early_prediction_permutation_draws.csv","Analysis/_supporting/build_figure1_panel_source_data.R",688,20260811,"movement_mean","Movement mean","leave-one-animal-out outcome permutation with full refit","cv_r2_vs_mean",-0.0321668244899318,FALSE,1000,"permutation_draw"
"1e","Analysis/09_early_prediction_model_ladder.R","early_prediction_permutation_draws.csv","Analysis/_supporting/build_figure1_panel_source_data.R",689,20260811,"movement_mean","Movement mean","leave-one-animal-out outcome permutation with full refit","cv_r2_vs_mean",-0.030868526581231,FALSE,1000,"permutation_draw"
"1e","Analysis/09_early_prediction_model_ladder.R","early_prediction_permutation_draws.csv","Analysis/_supporting/build_figure1_panel_source_data.R",690,20260811,"movement_mean","Movement mean","leave-one-animal-out outcome permutation with full refit","cv_r2_vs_mean",-0.0373445071941532,FALSE,1000,"permutation_draw"
"1e","Analysis/09_early_prediction_model_ladder.R","early_prediction_permutation_draws.csv","Analysis/_supporting/build_figure1_panel_source_data.R",691,20260811,"movement_mean","Movement mean","leave-one-animal-out outcome permutation with full refit","cv_r2_vs_mean",-0.0297141934128549,FALSE,1000,"permutation_draw"
"1e","Analysis/09_early_prediction_model_ladder.R","early_prediction_permutation_draws.csv","Analysis/_supporting/build_figure1_panel_source_data.R",692,20260811,"movement_mean","Movement mean","leave-one-animal-out outcome permutation with full refit","cv_r2_vs_mean",-0.0362225592318408,FALSE,1000,"permutation_draw"
"1e","Analysis/09_early_prediction_model_ladder.R","early_prediction_permutation_draws.csv","Analysis/_supporting/build_figure1_panel_source_data.R",693,20260811,"movement_mean","Movement mean","leave-one-animal-out outcome permutation with full refit","cv_r2_vs_mean",-0.0294099729396708,FALSE,1000,"permutation_draw"
"1e","Analysis/09_early_prediction_model_ladder.R","early_prediction_permutation_draws.csv","Analysis/_supporting/build_figure1_panel_source_data.R",694,20260811,"movement_mean","Movement mean","leave-one-animal-out outcome permutation with full refit","cv_r2_vs_mean",-0.0359602137120842,FALSE,1000,"permutation_draw"
"1e","Analysis/09_early_prediction_model_ladder.R","early_prediction_permutation_draws.csv","Analysis/_supporting/build_figure1_panel_source_data.R",695,20260811,"movement_mean","Movement mean","leave-one-animal-out outcome permutation with full refit","cv_r2_vs_mean",-0.0319930251640168,FALSE,1000,"permutation_draw"
"1e","Analysis/09_early_prediction_model_ladder.R","early_prediction_permutation_draws.csv","Analysis/_supporting/build_figure1_panel_source_data.R",696,20260811,"movement_mean","Movement mean","leave-one-animal-out outcome permutation with full refit","cv_r2_vs_mean",-0.0425621735975112,FALSE,1000,"permutation_draw"
"1e","Analysis/09_early_prediction_model_ladder.R","early_prediction_permutation_draws.csv","Analysis/_supporting/build_figure1_panel_source_data.R",697,20260811,"movement_mean","Movement mean","leave-one-animal-out outcome permutation with full refit","cv_r2_vs_mean",-0.0276361346631968,FALSE,1000,"permutation_draw"
"1e","Analysis/09_early_prediction_model_ladder.R","early_prediction_permutation_draws.csv","Analysis/_supporting/build_figure1_panel_source_data.R",698,20260811,"movement_mean","Movement mean","leave-one-animal-out outcome permutation with full refit","cv_r2_vs_mean",-0.0222499707517136,FALSE,1000,"permutation_draw"
"1e","Analysis/09_early_prediction_model_ladder.R","early_prediction_permutation_draws.csv","Analysis/_supporting/build_figure1_panel_source_data.R",699,20260811,"movement_mean","Movement mean","leave-one-animal-out outcome permutation with full refit","cv_r2_vs_mean",-0.0316186172703468,FALSE,1000,"permutation_draw"
"1e","Analysis/09_early_prediction_model_ladder.R","early_prediction_permutation_draws.csv","Analysis/_supporting/build_figure1_panel_source_data.R",700,20260811,"movement_mean","Movement mean","leave-one-animal-out outcome permutation with full refit","cv_r2_vs_mean",-0.0358048066436547,FALSE,1000,"permutation_draw"
"1e","Analysis/09_early_prediction_model_ladder.R","early_prediction_permutation_draws.csv","Analysis/_supporting/build_figure1_panel_source_data.R",701,20260811,"movement_mean","Movement mean","leave-one-animal-out outcome permutation with full refit","cv_r2_vs_mean",-0.0171929722650654,FALSE,1000,"permutation_draw"
"1e","Analysis/09_early_prediction_model_ladder.R","early_prediction_permutation_draws.csv","Analysis/_supporting/build_figure1_panel_source_data.R",702,20260811,"movement_mean","Movement mean","leave-one-animal-out outcome permutation with full refit","cv_r2_vs_mean",-0.0145343404477467,FALSE,1000,"permutation_draw"
"1e","Analysis/09_early_prediction_model_ladder.R","early_prediction_permutation_draws.csv","Analysis/_supporting/build_figure1_panel_source_data.R",703,20260811,"movement_mean","Movement mean","leave-one-animal-out outcome permutation with full refit","cv_r2_vs_mean",-0.0304016712281898,FALSE,1000,"permutation_draw"
"1e","Analysis/09_early_prediction_model_ladder.R","early_prediction_permutation_draws.csv","Analysis/_supporting/build_figure1_panel_source_data.R",704,20260811,"movement_mean","Movement mean","leave-one-animal-out outcome permutation with full refit","cv_r2_vs_mean",-0.0387137362315821,FALSE,1000,"permutation_draw"
"1e","Analysis/09_early_prediction_model_ladder.R","early_prediction_permutation_draws.csv","Analysis/_supporting/build_figure1_panel_source_data.R",705,20260811,"movement_mean","Movement mean","leave-one-animal-out outcome permutation with full refit","cv_r2_vs_mean",-0.0204090796635035,FALSE,1000,"permutation_draw"
"1e","Analysis/09_early_prediction_model_ladder.R","early_prediction_permutation_draws.csv","Analysis/_supporting/build_figure1_panel_source_data.R",706,20260811,"movement_mean","Movement mean","leave-one-animal-out outcome permutation with full refit","cv_r2_vs_mean",-0.0227772359317491,FALSE,1000,"permutation_draw"
"1e","Analysis/09_early_prediction_model_ladder.R","early_prediction_permutation_draws.csv","Analysis/_supporting/build_figure1_panel_source_data.R",707,20260811,"movement_mean","Movement mean","leave-one-animal-out outcome permutation with full refit","cv_r2_vs_mean",-0.0364674762765005,FALSE,1000,"permutation_draw"
"1e","Analysis/09_early_prediction_model_ladder.R","early_prediction_permutation_draws.csv","Analysis/_supporting/build_figure1_panel_source_data.R",708,20260811,"movement_mean","Movement mean","leave-one-animal-out outcome permutation with full refit","cv_r2_vs_mean",-0.0415827652065242,FALSE,1000,"permutation_draw"
"1e","Analysis/09_early_prediction_model_ladder.R","early_prediction_permutation_draws.csv","Analysis/_supporting/build_figure1_panel_source_data.R",709,20260811,"movement_mean","Movement mean","leave-one-animal-out outcome permutation with full refit","cv_r2_vs_mean",-0.0321043486319645,FALSE,1000,"permutation_draw"
"1e","Analysis/09_early_prediction_model_ladder.R","early_prediction_permutation_draws.csv","Analysis/_supporting/build_figure1_panel_source_data.R",710,20260811,"movement_mean","Movement mean","leave-one-animal-out outcome permutation with full refit","cv_r2_vs_mean",-0.0179386316116223,FALSE,1000,"permutation_draw"
"1e","Analysis/09_early_prediction_model_ladder.R","early_prediction_permutation_draws.csv","Analysis/_supporting/build_figure1_panel_source_data.R",711,20260811,"movement_mean","Movement mean","leave-one-animal-out outcome permutation with full refit","cv_r2_vs_mean",-0.0272931226929831,FALSE,1000,"permutation_draw"
"1e","Analysis/09_early_prediction_model_ladder.R","early_prediction_permutation_draws.csv","Analysis/_supporting/build_figure1_panel_source_data.R",712,20260811,"movement_mean","Movement mean","leave-one-animal-out outcome permutation with full refit","cv_r2_vs_mean",-0.0415625168127212,FALSE,1000,"permutation_draw"
"1e","Analysis/09_early_prediction_model_ladder.R","early_prediction_permutation_draws.csv","Analysis/_supporting/build_figure1_panel_source_data.R",713,20260811,"movement_mean","Movement mean","leave-one-animal-out outcome permutation with full refit","cv_r2_vs_mean",-0.0368805008346733,FALSE,1000,"permutation_draw"
"1e","Analysis/09_early_prediction_model_ladder.R","early_prediction_permutation_draws.csv","Analysis/_supporting/build_figure1_panel_source_data.R",714,20260811,"movement_mean","Movement mean","leave-one-animal-out outcome permutation with full refit","cv_r2_vs_mean",-0.0319239019592938,FALSE,1000,"permutation_draw"
"1e","Analysis/09_early_prediction_model_ladder.R","early_prediction_permutation_draws.csv","Analysis/_supporting/build_figure1_panel_source_data.R",715,20260811,"movement_mean","Movement mean","leave-one-animal-out outcome permutation with full refit","cv_r2_vs_mean",-0.0287579312612567,FALSE,1000,"permutation_draw"
"1e","Analysis/09_early_prediction_model_ladder.R","early_prediction_permutation_draws.csv","Analysis/_supporting/build_figure1_panel_source_data.R",716,20260811,"movement_mean","Movement mean","leave-one-animal-out outcome permutation with full refit","cv_r2_vs_mean",-0.0292120236439908,FALSE,1000,"permutation_draw"
"1e","Analysis/09_early_prediction_model_ladder.R","early_prediction_permutation_draws.csv","Analysis/_supporting/build_figure1_panel_source_data.R",717,20260811,"movement_mean","Movement mean","leave-one-animal-out outcome permutation with full refit","cv_r2_vs_mean",-0.0257566565376097,FALSE,1000,"permutation_draw"
"1e","Analysis/09_early_prediction_model_ladder.R","early_prediction_permutation_draws.csv","Analysis/_supporting/build_figure1_panel_source_data.R",718,20260811,"movement_mean","Movement mean","leave-one-animal-out outcome permutation with full refit","cv_r2_vs_mean",-0.0329521669883301,FALSE,1000,"permutation_draw"
"1e","Analysis/09_early_prediction_model_ladder.R","early_prediction_permutation_draws.csv","Analysis/_supporting/build_figure1_panel_source_data.R",719,20260811,"movement_mean","Movement mean","leave-one-animal-out outcome permutation with full refit","cv_r2_vs_mean",-0.042532003611806,FALSE,1000,"permutation_draw"
"1e","Analysis/09_early_prediction_model_ladder.R","early_prediction_permutation_draws.csv","Analysis/_supporting/build_figure1_panel_source_data.R",720,20260811,"movement_mean","Movement mean","leave-one-animal-out outcome permutation with full refit","cv_r2_vs_mean",-0.0329925015160608,FALSE,1000,"permutation_draw"
"1e","Analysis/09_early_prediction_model_ladder.R","early_prediction_permutation_draws.csv","Analysis/_supporting/build_figure1_panel_source_data.R",721,20260811,"movement_mean","Movement mean","leave-one-animal-out outcome permutation with full refit","cv_r2_vs_mean",-0.0199566053336688,FALSE,1000,"permutation_draw"
"1e","Analysis/09_early_prediction_model_ladder.R","early_prediction_permutation_draws.csv","Analysis/_supporting/build_figure1_panel_source_data.R",722,20260811,"movement_mean","Movement mean","leave-one-animal-out outcome permutation with full refit","cv_r2_vs_mean",-0.0438664937537263,FALSE,1000,"permutation_draw"
"1e","Analysis/09_early_prediction_model_ladder.R","early_prediction_permutation_draws.csv","Analysis/_supporting/build_figure1_panel_source_data.R",723,20260811,"movement_mean","Movement mean","leave-one-animal-out outcome permutation with full refit","cv_r2_vs_mean",-0.0305183541205551,FALSE,1000,"permutation_draw"
"1e","Analysis/09_early_prediction_model_ladder.R","early_prediction_permutation_draws.csv","Analysis/_supporting/build_figure1_panel_source_data.R",724,20260811,"movement_mean","Movement mean","leave-one-animal-out outcome permutation with full refit","cv_r2_vs_mean",-0.0350505111852564,FALSE,1000,"permutation_draw"
"1e","Analysis/09_early_prediction_model_ladder.R","early_prediction_permutation_draws.csv","Analysis/_supporting/build_figure1_panel_source_data.R",725,20260811,"movement_mean","Movement mean","leave-one-animal-out outcome permutation with full refit","cv_r2_vs_mean",-0.0298639829733383,FALSE,1000,"permutation_draw"
"1e","Analysis/09_early_prediction_model_ladder.R","early_prediction_permutation_draws.csv","Analysis/_supporting/build_figure1_panel_source_data.R",726,20260811,"movement_mean","Movement mean","leave-one-animal-out outcome permutation with full refit","cv_r2_vs_mean",-0.0231681852524717,FALSE,1000,"permutation_draw"
"1e","Analysis/09_early_prediction_model_ladder.R","early_prediction_permutation_draws.csv","Analysis/_supporting/build_figure1_panel_source_data.R",727,20260811,"movement_mean","Movement mean","leave-one-animal-out outcome permutation with full refit","cv_r2_vs_mean",-0.0444146065244257,FALSE,1000,"permutation_draw"
"1e","Analysis/09_early_prediction_model_ladder.R","early_prediction_permutation_draws.csv","Analysis/_supporting/build_figure1_panel_source_data.R",728,20260811,"movement_mean","Movement mean","leave-one-animal-out outcome permutation with full refit","cv_r2_vs_mean",-0.0259149262741043,FALSE,1000,"permutation_draw"
"1e","Analysis/09_early_prediction_model_ladder.R","early_prediction_permutation_draws.csv","Analysis/_supporting/build_figure1_panel_source_data.R",729,20260811,"movement_mean","Movement mean","leave-one-animal-out outcome permutation with full refit","cv_r2_vs_mean",-0.0314168454561703,FALSE,1000,"permutation_draw"
"1e","Analysis/09_early_prediction_model_ladder.R","early_prediction_permutation_draws.csv","Analysis/_supporting/build_figure1_panel_source_data.R",730,20260811,"movement_mean","Movement mean","leave-one-animal-out outcome permutation with full refit","cv_r2_vs_mean",-0.038609629875489,FALSE,1000,"permutation_draw"
"1e","Analysis/09_early_prediction_model_ladder.R","early_prediction_permutation_draws.csv","Analysis/_supporting/build_figure1_panel_source_data.R",731,20260811,"movement_mean","Movement mean","leave-one-animal-out outcome permutation with full refit","cv_r2_vs_mean",-0.0135101034128937,FALSE,1000,"permutation_draw"
"1e","Analysis/09_early_prediction_model_ladder.R","early_prediction_permutation_draws.csv","Analysis/_supporting/build_figure1_panel_source_data.R",732,20260811,"movement_mean","Movement mean","leave-one-animal-out outcome permutation with full refit","cv_r2_vs_mean",-0.0348822766992178,FALSE,1000,"permutation_draw"
"1e","Analysis/09_early_prediction_model_ladder.R","early_prediction_permutation_draws.csv","Analysis/_supporting/build_figure1_panel_source_data.R",733,20260811,"movement_mean","Movement mean","leave-one-animal-out outcome permutation with full refit","cv_r2_vs_mean",-0.0190906561565793,FALSE,1000,"permutation_draw"
"1e","Analysis/09_early_prediction_model_ladder.R","early_prediction_permutation_draws.csv","Analysis/_supporting/build_figure1_panel_source_data.R",734,20260811,"movement_mean","Movement mean","leave-one-animal-out outcome permutation with full refit","cv_r2_vs_mean",-0.036178954593276,FALSE,1000,"permutation_draw"
"1e","Analysis/09_early_prediction_model_ladder.R","early_prediction_permutation_draws.csv","Analysis/_supporting/build_figure1_panel_source_data.R",735,20260811,"movement_mean","Movement mean","leave-one-animal-out outcome permutation with full refit","cv_r2_vs_mean",-0.0378066721876682,FALSE,1000,"permutation_draw"
"1e","Analysis/09_early_prediction_model_ladder.R","early_prediction_permutation_draws.csv","Analysis/_supporting/build_figure1_panel_source_data.R",736,20260811,"movement_mean","Movement mean","leave-one-animal-out outcome permutation with full refit","cv_r2_vs_mean",-0.0321639353092456,FALSE,1000,"permutation_draw"
"1e","Analysis/09_early_prediction_model_ladder.R","early_prediction_permutation_draws.csv","Analysis/_supporting/build_figure1_panel_source_data.R",737,20260811,"movement_mean","Movement mean","leave-one-animal-out outcome permutation with full refit","cv_r2_vs_mean",-0.0349240277031038,FALSE,1000,"permutation_draw"
"1e","Analysis/09_early_prediction_model_ladder.R","early_prediction_permutation_draws.csv","Analysis/_supporting/build_figure1_panel_source_data.R",738,20260811,"movement_mean","Movement mean","leave-one-animal-out outcome permutation with full refit","cv_r2_vs_mean",-0.033111205187494,FALSE,1000,"permutation_draw"
"1e","Analysis/09_early_prediction_model_ladder.R","early_prediction_permutation_draws.csv","Analysis/_supporting/build_figure1_panel_source_data.R",739,20260811,"movement_mean","Movement mean","leave-one-animal-out outcome permutation with full refit","cv_r2_vs_mean",-0.0433924227717928,FALSE,1000,"permutation_draw"
"1e","Analysis/09_early_prediction_model_ladder.R","early_prediction_permutation_draws.csv","Analysis/_supporting/build_figure1_panel_source_data.R",740,20260811,"movement_mean","Movement mean","leave-one-animal-out outcome permutation with full refit","cv_r2_vs_mean",-0.0193771530937608,FALSE,1000,"permutation_draw"
"1e","Analysis/09_early_prediction_model_ladder.R","early_prediction_permutation_draws.csv","Analysis/_supporting/build_figure1_panel_source_data.R",741,20260811,"movement_mean","Movement mean","leave-one-animal-out outcome permutation with full refit","cv_r2_vs_mean",-0.0150019224057862,FALSE,1000,"permutation_draw"
"1e","Analysis/09_early_prediction_model_ladder.R","early_prediction_permutation_draws.csv","Analysis/_supporting/build_figure1_panel_source_data.R",742,20260811,"movement_mean","Movement mean","leave-one-animal-out outcome permutation with full refit","cv_r2_vs_mean",-0.0343665560869413,FALSE,1000,"permutation_draw"
"1e","Analysis/09_early_prediction_model_ladder.R","early_prediction_permutation_draws.csv","Analysis/_supporting/build_figure1_panel_source_data.R",743,20260811,"movement_mean","Movement mean","leave-one-animal-out outcome permutation with full refit","cv_r2_vs_mean",-0.0312615656385109,FALSE,1000,"permutation_draw"
"1e","Analysis/09_early_prediction_model_ladder.R","early_prediction_permutation_draws.csv","Analysis/_supporting/build_figure1_panel_source_data.R",744,20260811,"movement_mean","Movement mean","leave-one-animal-out outcome permutation with full refit","cv_r2_vs_mean",-0.015905219380254,FALSE,1000,"permutation_draw"
"1e","Analysis/09_early_prediction_model_ladder.R","early_prediction_permutation_draws.csv","Analysis/_supporting/build_figure1_panel_source_data.R",745,20260811,"movement_mean","Movement mean","leave-one-animal-out outcome permutation with full refit","cv_r2_vs_mean",-0.017177451725463,FALSE,1000,"permutation_draw"
"1e","Analysis/09_early_prediction_model_ladder.R","early_prediction_permutation_draws.csv","Analysis/_supporting/build_figure1_panel_source_data.R",746,20260811,"movement_mean","Movement mean","leave-one-animal-out outcome permutation with full refit","cv_r2_vs_mean",-0.0435685385674507,FALSE,1000,"permutation_draw"
"1e","Analysis/09_early_prediction_model_ladder.R","early_prediction_permutation_draws.csv","Analysis/_supporting/build_figure1_panel_source_data.R",747,20260811,"movement_mean","Movement mean","leave-one-animal-out outcome permutation with full refit","cv_r2_vs_mean",-0.0267137667360806,FALSE,1000,"permutation_draw"
"1e","Analysis/09_early_prediction_model_ladder.R","early_prediction_permutation_draws.csv","Analysis/_supporting/build_figure1_panel_source_data.R",748,20260811,"movement_mean","Movement mean","leave-one-animal-out outcome permutation with full refit","cv_r2_vs_mean",-0.0423775899592502,FALSE,1000,"permutation_draw"
"1e","Analysis/09_early_prediction_model_ladder.R","early_prediction_permutation_draws.csv","Analysis/_supporting/build_figure1_panel_source_data.R",749,20260811,"movement_mean","Movement mean","leave-one-animal-out outcome permutation with full refit","cv_r2_vs_mean",-0.0372328324658668,FALSE,1000,"permutation_draw"
"1e","Analysis/09_early_prediction_model_ladder.R","early_prediction_permutation_draws.csv","Analysis/_supporting/build_figure1_panel_source_data.R",750,20260811,"movement_mean","Movement mean","leave-one-animal-out outcome permutation with full refit","cv_r2_vs_mean",-0.00463488712692283,FALSE,1000,"permutation_draw"
"1e","Analysis/09_early_prediction_model_ladder.R","early_prediction_permutation_draws.csv","Analysis/_supporting/build_figure1_panel_source_data.R",751,20260811,"movement_mean","Movement mean","leave-one-animal-out outcome permutation with full refit","cv_r2_vs_mean",-0.0317870233573025,FALSE,1000,"permutation_draw"
"1e","Analysis/09_early_prediction_model_ladder.R","early_prediction_permutation_draws.csv","Analysis/_supporting/build_figure1_panel_source_data.R",752,20260811,"movement_mean","Movement mean","leave-one-animal-out outcome permutation with full refit","cv_r2_vs_mean",0.0114951702660968,FALSE,1000,"permutation_draw"
"1e","Analysis/09_early_prediction_model_ladder.R","early_prediction_permutation_draws.csv","Analysis/_supporting/build_figure1_panel_source_data.R",753,20260811,"movement_mean","Movement mean","leave-one-animal-out outcome permutation with full refit","cv_r2_vs_mean",-0.0399853709847693,FALSE,1000,"permutation_draw"
"1e","Analysis/09_early_prediction_model_ladder.R","early_prediction_permutation_draws.csv","Analysis/_supporting/build_figure1_panel_source_data.R",754,20260811,"movement_mean","Movement mean","leave-one-animal-out outcome permutation with full refit","cv_r2_vs_mean",-0.0275322974931185,FALSE,1000,"permutation_draw"
"1e","Analysis/09_early_prediction_model_ladder.R","early_prediction_permutation_draws.csv","Analysis/_supporting/build_figure1_panel_source_data.R",755,20260811,"movement_mean","Movement mean","leave-one-animal-out outcome permutation with full refit","cv_r2_vs_mean",-0.0324758523387609,FALSE,1000,"permutation_draw"
"1e","Analysis/09_early_prediction_model_ladder.R","early_prediction_permutation_draws.csv","Analysis/_supporting/build_figure1_panel_source_data.R",756,20260811,"movement_mean","Movement mean","leave-one-animal-out outcome permutation with full refit","cv_r2_vs_mean",-0.0323541870874942,FALSE,1000,"permutation_draw"
"1e","Analysis/09_early_prediction_model_ladder.R","early_prediction_permutation_draws.csv","Analysis/_supporting/build_figure1_panel_source_data.R",757,20260811,"movement_mean","Movement mean","leave-one-animal-out outcome permutation with full refit","cv_r2_vs_mean",-0.0280654029158309,FALSE,1000,"permutation_draw"
"1e","Analysis/09_early_prediction_model_ladder.R","early_prediction_permutation_draws.csv","Analysis/_supporting/build_figure1_panel_source_data.R",758,20260811,"movement_mean","Movement mean","leave-one-animal-out outcome permutation with full refit","cv_r2_vs_mean",-0.0392645440874619,FALSE,1000,"permutation_draw"
"1e","Analysis/09_early_prediction_model_ladder.R","early_prediction_permutation_draws.csv","Analysis/_supporting/build_figure1_panel_source_data.R",759,20260811,"movement_mean","Movement mean","leave-one-animal-out outcome permutation with full refit","cv_r2_vs_mean",-0.0262199219597614,FALSE,1000,"permutation_draw"
"1e","Analysis/09_early_prediction_model_ladder.R","early_prediction_permutation_draws.csv","Analysis/_supporting/build_figure1_panel_source_data.R",760,20260811,"movement_mean","Movement mean","leave-one-animal-out outcome permutation with full refit","cv_r2_vs_mean",-0.0279932847445328,FALSE,1000,"permutation_draw"
"1e","Analysis/09_early_prediction_model_ladder.R","early_prediction_permutation_draws.csv","Analysis/_supporting/build_figure1_panel_source_data.R",761,20260811,"movement_mean","Movement mean","leave-one-animal-out outcome permutation with full refit","cv_r2_vs_mean",-0.0287928392881256,FALSE,1000,"permutation_draw"
"1e","Analysis/09_early_prediction_model_ladder.R","early_prediction_permutation_draws.csv","Analysis/_supporting/build_figure1_panel_source_data.R",762,20260811,"movement_mean","Movement mean","leave-one-animal-out outcome permutation with full refit","cv_r2_vs_mean",-0.0400476621632577,FALSE,1000,"permutation_draw"
"1e","Analysis/09_early_prediction_model_ladder.R","early_prediction_permutation_draws.csv","Analysis/_supporting/build_figure1_panel_source_data.R",763,20260811,"movement_mean","Movement mean","leave-one-animal-out outcome permutation with full refit","cv_r2_vs_mean",-0.00366503570238529,FALSE,1000,"permutation_draw"
"1e","Analysis/09_early_prediction_model_ladder.R","early_prediction_permutation_draws.csv","Analysis/_supporting/build_figure1_panel_source_data.R",764,20260811,"movement_mean","Movement mean","leave-one-animal-out outcome permutation with full refit","cv_r2_vs_mean",-0.0298671169495424,FALSE,1000,"permutation_draw"
"1e","Analysis/09_early_prediction_model_ladder.R","early_prediction_permutation_draws.csv","Analysis/_supporting/build_figure1_panel_source_data.R",765,20260811,"movement_mean","Movement mean","leave-one-animal-out outcome permutation with full refit","cv_r2_vs_mean",-0.0378861038077452,FALSE,1000,"permutation_draw"
"1e","Analysis/09_early_prediction_model_ladder.R","early_prediction_permutation_draws.csv","Analysis/_supporting/build_figure1_panel_source_data.R",766,20260811,"movement_mean","Movement mean","leave-one-animal-out outcome permutation with full refit","cv_r2_vs_mean",-0.0153838822364751,FALSE,1000,"permutation_draw"
"1e","Analysis/09_early_prediction_model_ladder.R","early_prediction_permutation_draws.csv","Analysis/_supporting/build_figure1_panel_source_data.R",767,20260811,"movement_mean","Movement mean","leave-one-animal-out outcome permutation with full refit","cv_r2_vs_mean",-0.0296099199041055,FALSE,1000,"permutation_draw"
"1e","Analysis/09_early_prediction_model_ladder.R","early_prediction_permutation_draws.csv","Analysis/_supporting/build_figure1_panel_source_data.R",768,20260811,"movement_mean","Movement mean","leave-one-animal-out outcome permutation with full refit","cv_r2_vs_mean",-0.0202159734440643,FALSE,1000,"permutation_draw"
"1e","Analysis/09_early_prediction_model_ladder.R","early_prediction_permutation_draws.csv","Analysis/_supporting/build_figure1_panel_source_data.R",769,20260811,"movement_mean","Movement mean","leave-one-animal-out outcome permutation with full refit","cv_r2_vs_mean",-0.0397694513112361,FALSE,1000,"permutation_draw"
"1e","Analysis/09_early_prediction_model_ladder.R","early_prediction_permutation_draws.csv","Analysis/_supporting/build_figure1_panel_source_data.R",770,20260811,"movement_mean","Movement mean","leave-one-animal-out outcome permutation with full refit","cv_r2_vs_mean",-0.0386382459452475,FALSE,1000,"permutation_draw"
"1e","Analysis/09_early_prediction_model_ladder.R","early_prediction_permutation_draws.csv","Analysis/_supporting/build_figure1_panel_source_data.R",771,20260811,"movement_mean","Movement mean","leave-one-animal-out outcome permutation with full refit","cv_r2_vs_mean",-0.0242510931104149,FALSE,1000,"permutation_draw"
"1e","Analysis/09_early_prediction_model_ladder.R","early_prediction_permutation_draws.csv","Analysis/_supporting/build_figure1_panel_source_data.R",772,20260811,"movement_mean","Movement mean","leave-one-animal-out outcome permutation with full refit","cv_r2_vs_mean",-0.033165832934938,FALSE,1000,"permutation_draw"
"1e","Analysis/09_early_prediction_model_ladder.R","early_prediction_permutation_draws.csv","Analysis/_supporting/build_figure1_panel_source_data.R",773,20260811,"movement_mean","Movement mean","leave-one-animal-out outcome permutation with full refit","cv_r2_vs_mean",-0.0362605041429185,FALSE,1000,"permutation_draw"
"1e","Analysis/09_early_prediction_model_ladder.R","early_prediction_permutation_draws.csv","Analysis/_supporting/build_figure1_panel_source_data.R",774,20260811,"movement_mean","Movement mean","leave-one-animal-out outcome permutation with full refit","cv_r2_vs_mean",-0.0338628629585296,FALSE,1000,"permutation_draw"
"1e","Analysis/09_early_prediction_model_ladder.R","early_prediction_permutation_draws.csv","Analysis/_supporting/build_figure1_panel_source_data.R",775,20260811,"movement_mean","Movement mean","leave-one-animal-out outcome permutation with full refit","cv_r2_vs_mean",-0.0260900541890621,FALSE,1000,"permutation_draw"
"1e","Analysis/09_early_prediction_model_ladder.R","early_prediction_permutation_draws.csv","Analysis/_supporting/build_figure1_panel_source_data.R",776,20260811,"movement_mean","Movement mean","leave-one-animal-out outcome permutation with full refit","cv_r2_vs_mean",-0.031820989376065,FALSE,1000,"permutation_draw"
"1e","Analysis/09_early_prediction_model_ladder.R","early_prediction_permutation_draws.csv","Analysis/_supporting/build_figure1_panel_source_data.R",777,20260811,"movement_mean","Movement mean","leave-one-animal-out outcome permutation with full refit","cv_r2_vs_mean",-0.00254225222724513,FALSE,1000,"permutation_draw"
"1e","Analysis/09_early_prediction_model_ladder.R","early_prediction_permutation_draws.csv","Analysis/_supporting/build_figure1_panel_source_data.R",778,20260811,"movement_mean","Movement mean","leave-one-animal-out outcome permutation with full refit","cv_r2_vs_mean",-0.0287140511691439,FALSE,1000,"permutation_draw"
"1e","Analysis/09_early_prediction_model_ladder.R","early_prediction_permutation_draws.csv","Analysis/_supporting/build_figure1_panel_source_data.R",779,20260811,"movement_mean","Movement mean","leave-one-animal-out outcome permutation with full refit","cv_r2_vs_mean",-0.0302349634082064,FALSE,1000,"permutation_draw"
"1e","Analysis/09_early_prediction_model_ladder.R","early_prediction_permutation_draws.csv","Analysis/_supporting/build_figure1_panel_source_data.R",780,20260811,"movement_mean","Movement mean","leave-one-animal-out outcome permutation with full refit","cv_r2_vs_mean",-0.0373472735522768,FALSE,1000,"permutation_draw"
"1e","Analysis/09_early_prediction_model_ladder.R","early_prediction_permutation_draws.csv","Analysis/_supporting/build_figure1_panel_source_data.R",781,20260811,"movement_mean","Movement mean","leave-one-animal-out outcome permutation with full refit","cv_r2_vs_mean",-0.000247487305449878,FALSE,1000,"permutation_draw"
"1e","Analysis/09_early_prediction_model_ladder.R","early_prediction_permutation_draws.csv","Analysis/_supporting/build_figure1_panel_source_data.R",782,20260811,"movement_mean","Movement mean","leave-one-animal-out outcome permutation with full refit","cv_r2_vs_mean",-0.0339550633340837,FALSE,1000,"permutation_draw"
"1e","Analysis/09_early_prediction_model_ladder.R","early_prediction_permutation_draws.csv","Analysis/_supporting/build_figure1_panel_source_data.R",783,20260811,"movement_mean","Movement mean","leave-one-animal-out outcome permutation with full refit","cv_r2_vs_mean",-0.0364711804729063,FALSE,1000,"permutation_draw"
"1e","Analysis/09_early_prediction_model_ladder.R","early_prediction_permutation_draws.csv","Analysis/_supporting/build_figure1_panel_source_data.R",784,20260811,"movement_mean","Movement mean","leave-one-animal-out outcome permutation with full refit","cv_r2_vs_mean",-0.0307482119559999,FALSE,1000,"permutation_draw"
"1e","Analysis/09_early_prediction_model_ladder.R","early_prediction_permutation_draws.csv","Analysis/_supporting/build_figure1_panel_source_data.R",785,20260811,"movement_mean","Movement mean","leave-one-animal-out outcome permutation with full refit","cv_r2_vs_mean",-0.0342975641160079,FALSE,1000,"permutation_draw"
"1e","Analysis/09_early_prediction_model_ladder.R","early_prediction_permutation_draws.csv","Analysis/_supporting/build_figure1_panel_source_data.R",786,20260811,"movement_mean","Movement mean","leave-one-animal-out outcome permutation with full refit","cv_r2_vs_mean",-0.0215400652426645,FALSE,1000,"permutation_draw"
"1e","Analysis/09_early_prediction_model_ladder.R","early_prediction_permutation_draws.csv","Analysis/_supporting/build_figure1_panel_source_data.R",787,20260811,"movement_mean","Movement mean","leave-one-animal-out outcome permutation with full refit","cv_r2_vs_mean",-0.0377190097087263,FALSE,1000,"permutation_draw"
"1e","Analysis/09_early_prediction_model_ladder.R","early_prediction_permutation_draws.csv","Analysis/_supporting/build_figure1_panel_source_data.R",788,20260811,"movement_mean","Movement mean","leave-one-animal-out outcome permutation with full refit","cv_r2_vs_mean",-0.0344648059472059,FALSE,1000,"permutation_draw"
"1e","Analysis/09_early_prediction_model_ladder.R","early_prediction_permutation_draws.csv","Analysis/_supporting/build_figure1_panel_source_data.R",789,20260811,"movement_mean","Movement mean","leave-one-animal-out outcome permutation with full refit","cv_r2_vs_mean",-0.0267970947009124,FALSE,1000,"permutation_draw"
"1e","Analysis/09_early_prediction_model_ladder.R","early_prediction_permutation_draws.csv","Analysis/_supporting/build_figure1_panel_source_data.R",790,20260811,"movement_mean","Movement mean","leave-one-animal-out outcome permutation with full refit","cv_r2_vs_mean",-0.0306447980761442,FALSE,1000,"permutation_draw"
"1e","Analysis/09_early_prediction_model_ladder.R","early_prediction_permutation_draws.csv","Analysis/_supporting/build_figure1_panel_source_data.R",791,20260811,"movement_mean","Movement mean","leave-one-animal-out outcome permutation with full refit","cv_r2_vs_mean",-0.0375765111727988,FALSE,1000,"permutation_draw"
"1e","Analysis/09_early_prediction_model_ladder.R","early_prediction_permutation_draws.csv","Analysis/_supporting/build_figure1_panel_source_data.R",792,20260811,"movement_mean","Movement mean","leave-one-animal-out outcome permutation with full refit","cv_r2_vs_mean",-0.0193856615547903,FALSE,1000,"permutation_draw"
"1e","Analysis/09_early_prediction_model_ladder.R","early_prediction_permutation_draws.csv","Analysis/_supporting/build_figure1_panel_source_data.R",793,20260811,"movement_mean","Movement mean","leave-one-animal-out outcome permutation with full refit","cv_r2_vs_mean",-0.0377309839051203,FALSE,1000,"permutation_draw"
"1e","Analysis/09_early_prediction_model_ladder.R","early_prediction_permutation_draws.csv","Analysis/_supporting/build_figure1_panel_source_data.R",794,20260811,"movement_mean","Movement mean","leave-one-animal-out outcome permutation with full refit","cv_r2_vs_mean",-0.0466155763446559,FALSE,1000,"permutation_draw"
"1e","Analysis/09_early_prediction_model_ladder.R","early_prediction_permutation_draws.csv","Analysis/_supporting/build_figure1_panel_source_data.R",795,20260811,"movement_mean","Movement mean","leave-one-animal-out outcome permutation with full refit","cv_r2_vs_mean",-0.0301024157086105,FALSE,1000,"permutation_draw"
"1e","Analysis/09_early_prediction_model_ladder.R","early_prediction_permutation_draws.csv","Analysis/_supporting/build_figure1_panel_source_data.R",796,20260811,"movement_mean","Movement mean","leave-one-animal-out outcome permutation with full refit","cv_r2_vs_mean",-0.0337254577322792,FALSE,1000,"permutation_draw"
"1e","Analysis/09_early_prediction_model_ladder.R","early_prediction_permutation_draws.csv","Analysis/_supporting/build_figure1_panel_source_data.R",797,20260811,"movement_mean","Movement mean","leave-one-animal-out outcome permutation with full refit","cv_r2_vs_mean",-0.0269633569323546,FALSE,1000,"permutation_draw"
"1e","Analysis/09_early_prediction_model_ladder.R","early_prediction_permutation_draws.csv","Analysis/_supporting/build_figure1_panel_source_data.R",798,20260811,"movement_mean","Movement mean","leave-one-animal-out outcome permutation with full refit","cv_r2_vs_mean",-0.0286937512752379,FALSE,1000,"permutation_draw"
"1e","Analysis/09_early_prediction_model_ladder.R","early_prediction_permutation_draws.csv","Analysis/_supporting/build_figure1_panel_source_data.R",799,20260811,"movement_mean","Movement mean","leave-one-animal-out outcome permutation with full refit","cv_r2_vs_mean",-0.0315711349690573,FALSE,1000,"permutation_draw"
"1e","Analysis/09_early_prediction_model_ladder.R","early_prediction_permutation_draws.csv","Analysis/_supporting/build_figure1_panel_source_data.R",800,20260811,"movement_mean","Movement mean","leave-one-animal-out outcome permutation with full refit","cv_r2_vs_mean",-0.0269497510832062,FALSE,1000,"permutation_draw"
"1e","Analysis/09_early_prediction_model_ladder.R","early_prediction_permutation_draws.csv","Analysis/_supporting/build_figure1_panel_source_data.R",801,20260811,"movement_mean","Movement mean","leave-one-animal-out outcome permutation with full refit","cv_r2_vs_mean",-0.00302344646869268,FALSE,1000,"permutation_draw"
"1e","Analysis/09_early_prediction_model_ladder.R","early_prediction_permutation_draws.csv","Analysis/_supporting/build_figure1_panel_source_data.R",802,20260811,"movement_mean","Movement mean","leave-one-animal-out outcome permutation with full refit","cv_r2_vs_mean",-0.0445560321292506,FALSE,1000,"permutation_draw"
"1e","Analysis/09_early_prediction_model_ladder.R","early_prediction_permutation_draws.csv","Analysis/_supporting/build_figure1_panel_source_data.R",803,20260811,"movement_mean","Movement mean","leave-one-animal-out outcome permutation with full refit","cv_r2_vs_mean",-0.0262370830749998,FALSE,1000,"permutation_draw"
"1e","Analysis/09_early_prediction_model_ladder.R","early_prediction_permutation_draws.csv","Analysis/_supporting/build_figure1_panel_source_data.R",804,20260811,"movement_mean","Movement mean","leave-one-animal-out outcome permutation with full refit","cv_r2_vs_mean",-0.0352305363466046,FALSE,1000,"permutation_draw"
"1e","Analysis/09_early_prediction_model_ladder.R","early_prediction_permutation_draws.csv","Analysis/_supporting/build_figure1_panel_source_data.R",805,20260811,"movement_mean","Movement mean","leave-one-animal-out outcome permutation with full refit","cv_r2_vs_mean",-0.0314021106401507,FALSE,1000,"permutation_draw"
"1e","Analysis/09_early_prediction_model_ladder.R","early_prediction_permutation_draws.csv","Analysis/_supporting/build_figure1_panel_source_data.R",806,20260811,"movement_mean","Movement mean","leave-one-animal-out outcome permutation with full refit","cv_r2_vs_mean",-0.0267032796086932,FALSE,1000,"permutation_draw"
"1e","Analysis/09_early_prediction_model_ladder.R","early_prediction_permutation_draws.csv","Analysis/_supporting/build_figure1_panel_source_data.R",807,20260811,"movement_mean","Movement mean","leave-one-animal-out outcome permutation with full refit","cv_r2_vs_mean",-0.0346406427537926,FALSE,1000,"permutation_draw"
"1e","Analysis/09_early_prediction_model_ladder.R","early_prediction_permutation_draws.csv","Analysis/_supporting/build_figure1_panel_source_data.R",808,20260811,"movement_mean","Movement mean","leave-one-animal-out outcome permutation with full refit","cv_r2_vs_mean",-0.0320499006456516,FALSE,1000,"permutation_draw"
"1e","Analysis/09_early_prediction_model_ladder.R","early_prediction_permutation_draws.csv","Analysis/_supporting/build_figure1_panel_source_data.R",809,20260811,"movement_mean","Movement mean","leave-one-animal-out outcome permutation with full refit","cv_r2_vs_mean",-0.0257780440000901,FALSE,1000,"permutation_draw"
"1e","Analysis/09_early_prediction_model_ladder.R","early_prediction_permutation_draws.csv","Analysis/_supporting/build_figure1_panel_source_data.R",810,20260811,"movement_mean","Movement mean","leave-one-animal-out outcome permutation with full refit","cv_r2_vs_mean",-0.0197175517955823,FALSE,1000,"permutation_draw"
"1e","Analysis/09_early_prediction_model_ladder.R","early_prediction_permutation_draws.csv","Analysis/_supporting/build_figure1_panel_source_data.R",811,20260811,"movement_mean","Movement mean","leave-one-animal-out outcome permutation with full refit","cv_r2_vs_mean",-0.0310760783559709,FALSE,1000,"permutation_draw"
"1e","Analysis/09_early_prediction_model_ladder.R","early_prediction_permutation_draws.csv","Analysis/_supporting/build_figure1_panel_source_data.R",812,20260811,"movement_mean","Movement mean","leave-one-animal-out outcome permutation with full refit","cv_r2_vs_mean",-0.0389671201338775,FALSE,1000,"permutation_draw"
"1e","Analysis/09_early_prediction_model_ladder.R","early_prediction_permutation_draws.csv","Analysis/_supporting/build_figure1_panel_source_data.R",813,20260811,"movement_mean","Movement mean","leave-one-animal-out outcome permutation with full refit","cv_r2_vs_mean",-0.0260609250866157,FALSE,1000,"permutation_draw"
"1e","Analysis/09_early_prediction_model_ladder.R","early_prediction_permutation_draws.csv","Analysis/_supporting/build_figure1_panel_source_data.R",814,20260811,"movement_mean","Movement mean","leave-one-animal-out outcome permutation with full refit","cv_r2_vs_mean",-0.0128903774669102,FALSE,1000,"permutation_draw"
"1e","Analysis/09_early_prediction_model_ladder.R","early_prediction_permutation_draws.csv","Analysis/_supporting/build_figure1_panel_source_data.R",815,20260811,"movement_mean","Movement mean","leave-one-animal-out outcome permutation with full refit","cv_r2_vs_mean",-0.0342773565986401,FALSE,1000,"permutation_draw"
"1e","Analysis/09_early_prediction_model_ladder.R","early_prediction_permutation_draws.csv","Analysis/_supporting/build_figure1_panel_source_data.R",816,20260811,"movement_mean","Movement mean","leave-one-animal-out outcome permutation with full refit","cv_r2_vs_mean",-0.0159523562382879,FALSE,1000,"permutation_draw"
"1e","Analysis/09_early_prediction_model_ladder.R","early_prediction_permutation_draws.csv","Analysis/_supporting/build_figure1_panel_source_data.R",817,20260811,"movement_mean","Movement mean","leave-one-animal-out outcome permutation with full refit","cv_r2_vs_mean",-0.0312546812565899,FALSE,1000,"permutation_draw"
"1e","Analysis/09_early_prediction_model_ladder.R","early_prediction_permutation_draws.csv","Analysis/_supporting/build_figure1_panel_source_data.R",818,20260811,"movement_mean","Movement mean","leave-one-animal-out outcome permutation with full refit","cv_r2_vs_mean",-0.0306071582327538,FALSE,1000,"permutation_draw"
"1e","Analysis/09_early_prediction_model_ladder.R","early_prediction_permutation_draws.csv","Analysis/_supporting/build_figure1_panel_source_data.R",819,20260811,"movement_mean","Movement mean","leave-one-animal-out outcome permutation with full refit","cv_r2_vs_mean",-0.0269729823635278,FALSE,1000,"permutation_draw"
"1e","Analysis/09_early_prediction_model_ladder.R","early_prediction_permutation_draws.csv","Analysis/_supporting/build_figure1_panel_source_data.R",820,20260811,"movement_mean","Movement mean","leave-one-animal-out outcome permutation with full refit","cv_r2_vs_mean",-0.0422816820026934,FALSE,1000,"permutation_draw"
"1e","Analysis/09_early_prediction_model_ladder.R","early_prediction_permutation_draws.csv","Analysis/_supporting/build_figure1_panel_source_data.R",821,20260811,"movement_mean","Movement mean","leave-one-animal-out outcome permutation with full refit","cv_r2_vs_mean",-0.0288109014424272,FALSE,1000,"permutation_draw"
"1e","Analysis/09_early_prediction_model_ladder.R","early_prediction_permutation_draws.csv","Analysis/_supporting/build_figure1_panel_source_data.R",822,20260811,"movement_mean","Movement mean","leave-one-animal-out outcome permutation with full refit","cv_r2_vs_mean",-0.0327444831602959,FALSE,1000,"permutation_draw"
"1e","Analysis/09_early_prediction_model_ladder.R","early_prediction_permutation_draws.csv","Analysis/_supporting/build_figure1_panel_source_data.R",823,20260811,"movement_mean","Movement mean","leave-one-animal-out outcome permutation with full refit","cv_r2_vs_mean",-0.0098510502022433,FALSE,1000,"permutation_draw"
"1e","Analysis/09_early_prediction_model_ladder.R","early_prediction_permutation_draws.csv","Analysis/_supporting/build_figure1_panel_source_data.R",824,20260811,"movement_mean","Movement mean","leave-one-animal-out outcome permutation with full refit","cv_r2_vs_mean",-0.0333728714837094,FALSE,1000,"permutation_draw"
"1e","Analysis/09_early_prediction_model_ladder.R","early_prediction_permutation_draws.csv","Analysis/_supporting/build_figure1_panel_source_data.R",825,20260811,"movement_mean","Movement mean","leave-one-animal-out outcome permutation with full refit","cv_r2_vs_mean",-0.0328522822443011,FALSE,1000,"permutation_draw"
"1e","Analysis/09_early_prediction_model_ladder.R","early_prediction_permutation_draws.csv","Analysis/_supporting/build_figure1_panel_source_data.R",826,20260811,"movement_mean","Movement mean","leave-one-animal-out outcome permutation with full refit","cv_r2_vs_mean",-0.0144137430694871,FALSE,1000,"permutation_draw"
"1e","Analysis/09_early_prediction_model_ladder.R","early_prediction_permutation_draws.csv","Analysis/_supporting/build_figure1_panel_source_data.R",827,20260811,"movement_mean","Movement mean","leave-one-animal-out outcome permutation with full refit","cv_r2_vs_mean",-0.0388521400660478,FALSE,1000,"permutation_draw"
"1e","Analysis/09_early_prediction_model_ladder.R","early_prediction_permutation_draws.csv","Analysis/_supporting/build_figure1_panel_source_data.R",828,20260811,"movement_mean","Movement mean","leave-one-animal-out outcome permutation with full refit","cv_r2_vs_mean",-0.0314379448771192,FALSE,1000,"permutation_draw"
"1e","Analysis/09_early_prediction_model_ladder.R","early_prediction_permutation_draws.csv","Analysis/_supporting/build_figure1_panel_source_data.R",829,20260811,"movement_mean","Movement mean","leave-one-animal-out outcome permutation with full refit","cv_r2_vs_mean",-0.0105469147509452,FALSE,1000,"permutation_draw"
"1e","Analysis/09_early_prediction_model_ladder.R","early_prediction_permutation_draws.csv","Analysis/_supporting/build_figure1_panel_source_data.R",830,20260811,"movement_mean","Movement mean","leave-one-animal-out outcome permutation with full refit","cv_r2_vs_mean",-0.0307433907383137,FALSE,1000,"permutation_draw"
"1e","Analysis/09_early_prediction_model_ladder.R","early_prediction_permutation_draws.csv","Analysis/_supporting/build_figure1_panel_source_data.R",831,20260811,"movement_mean","Movement mean","leave-one-animal-out outcome permutation with full refit","cv_r2_vs_mean",-0.0346180955572659,FALSE,1000,"permutation_draw"
"1e","Analysis/09_early_prediction_model_ladder.R","early_prediction_permutation_draws.csv","Analysis/_supporting/build_figure1_panel_source_data.R",832,20260811,"movement_mean","Movement mean","leave-one-animal-out outcome permutation with full refit","cv_r2_vs_mean",-0.00661110148663413,FALSE,1000,"permutation_draw"
"1e","Analysis/09_early_prediction_model_ladder.R","early_prediction_permutation_draws.csv","Analysis/_supporting/build_figure1_panel_source_data.R",833,20260811,"movement_mean","Movement mean","leave-one-animal-out outcome permutation with full refit","cv_r2_vs_mean",-0.0304173793539806,FALSE,1000,"permutation_draw"
"1e","Analysis/09_early_prediction_model_ladder.R","early_prediction_permutation_draws.csv","Analysis/_supporting/build_figure1_panel_source_data.R",834,20260811,"movement_mean","Movement mean","leave-one-animal-out outcome permutation with full refit","cv_r2_vs_mean",-0.0444720188380581,FALSE,1000,"permutation_draw"
"1e","Analysis/09_early_prediction_model_ladder.R","early_prediction_permutation_draws.csv","Analysis/_supporting/build_figure1_panel_source_data.R",835,20260811,"movement_mean","Movement mean","leave-one-animal-out outcome permutation with full refit","cv_r2_vs_mean",-0.0353387991962657,FALSE,1000,"permutation_draw"
"1e","Analysis/09_early_prediction_model_ladder.R","early_prediction_permutation_draws.csv","Analysis/_supporting/build_figure1_panel_source_data.R",836,20260811,"movement_mean","Movement mean","leave-one-animal-out outcome permutation with full refit","cv_r2_vs_mean",-0.0307082919507544,FALSE,1000,"permutation_draw"
"1e","Analysis/09_early_prediction_model_ladder.R","early_prediction_permutation_draws.csv","Analysis/_supporting/build_figure1_panel_source_data.R",837,20260811,"movement_mean","Movement mean","leave-one-animal-out outcome permutation with full refit","cv_r2_vs_mean",0.0145905901171288,FALSE,1000,"permutation_draw"
"1e","Analysis/09_early_prediction_model_ladder.R","early_prediction_permutation_draws.csv","Analysis/_supporting/build_figure1_panel_source_data.R",838,20260811,"movement_mean","Movement mean","leave-one-animal-out outcome permutation with full refit","cv_r2_vs_mean",-0.0320998108287118,FALSE,1000,"permutation_draw"
"1e","Analysis/09_early_prediction_model_ladder.R","early_prediction_permutation_draws.csv","Analysis/_supporting/build_figure1_panel_source_data.R",839,20260811,"movement_mean","Movement mean","leave-one-animal-out outcome permutation with full refit","cv_r2_vs_mean",-0.0310608058615052,FALSE,1000,"permutation_draw"
"1e","Analysis/09_early_prediction_model_ladder.R","early_prediction_permutation_draws.csv","Analysis/_supporting/build_figure1_panel_source_data.R",840,20260811,"movement_mean","Movement mean","leave-one-animal-out outcome permutation with full refit","cv_r2_vs_mean",-0.0322875296801779,FALSE,1000,"permutation_draw"
"1e","Analysis/09_early_prediction_model_ladder.R","early_prediction_permutation_draws.csv","Analysis/_supporting/build_figure1_panel_source_data.R",841,20260811,"movement_mean","Movement mean","leave-one-animal-out outcome permutation with full refit","cv_r2_vs_mean",-0.0317109278155501,FALSE,1000,"permutation_draw"
"1e","Analysis/09_early_prediction_model_ladder.R","early_prediction_permutation_draws.csv","Analysis/_supporting/build_figure1_panel_source_data.R",842,20260811,"movement_mean","Movement mean","leave-one-animal-out outcome permutation with full refit","cv_r2_vs_mean",-0.0356306869156138,FALSE,1000,"permutation_draw"
"1e","Analysis/09_early_prediction_model_ladder.R","early_prediction_permutation_draws.csv","Analysis/_supporting/build_figure1_panel_source_data.R",843,20260811,"movement_mean","Movement mean","leave-one-animal-out outcome permutation with full refit","cv_r2_vs_mean",-0.0309762538877416,FALSE,1000,"permutation_draw"
"1e","Analysis/09_early_prediction_model_ladder.R","early_prediction_permutation_draws.csv","Analysis/_supporting/build_figure1_panel_source_data.R",844,20260811,"movement_mean","Movement mean","leave-one-animal-out outcome permutation with full refit","cv_r2_vs_mean",-0.0456749312004079,FALSE,1000,"permutation_draw"
"1e","Analysis/09_early_prediction_model_ladder.R","early_prediction_permutation_draws.csv","Analysis/_supporting/build_figure1_panel_source_data.R",845,20260811,"movement_mean","Movement mean","leave-one-animal-out outcome permutation with full refit","cv_r2_vs_mean",0.00921789652147608,FALSE,1000,"permutation_draw"
"1e","Analysis/09_early_prediction_model_ladder.R","early_prediction_permutation_draws.csv","Analysis/_supporting/build_figure1_panel_source_data.R",846,20260811,"movement_mean","Movement mean","leave-one-animal-out outcome permutation with full refit","cv_r2_vs_mean",-0.0344175773407433,FALSE,1000,"permutation_draw"
"1e","Analysis/09_early_prediction_model_ladder.R","early_prediction_permutation_draws.csv","Analysis/_supporting/build_figure1_panel_source_data.R",847,20260811,"movement_mean","Movement mean","leave-one-animal-out outcome permutation with full refit","cv_r2_vs_mean",-0.0359116178103085,FALSE,1000,"permutation_draw"
"1e","Analysis/09_early_prediction_model_ladder.R","early_prediction_permutation_draws.csv","Analysis/_supporting/build_figure1_panel_source_data.R",848,20260811,"movement_mean","Movement mean","leave-one-animal-out outcome permutation with full refit","cv_r2_vs_mean",-0.0243692729737541,FALSE,1000,"permutation_draw"
"1e","Analysis/09_early_prediction_model_ladder.R","early_prediction_permutation_draws.csv","Analysis/_supporting/build_figure1_panel_source_data.R",849,20260811,"movement_mean","Movement mean","leave-one-animal-out outcome permutation with full refit","cv_r2_vs_mean",-0.0339432236553276,FALSE,1000,"permutation_draw"
"1e","Analysis/09_early_prediction_model_ladder.R","early_prediction_permutation_draws.csv","Analysis/_supporting/build_figure1_panel_source_data.R",850,20260811,"movement_mean","Movement mean","leave-one-animal-out outcome permutation with full refit","cv_r2_vs_mean",-0.0382276550236453,FALSE,1000,"permutation_draw"
"1e","Analysis/09_early_prediction_model_ladder.R","early_prediction_permutation_draws.csv","Analysis/_supporting/build_figure1_panel_source_data.R",851,20260811,"movement_mean","Movement mean","leave-one-animal-out outcome permutation with full refit","cv_r2_vs_mean",-0.0392690267799394,FALSE,1000,"permutation_draw"
"1e","Analysis/09_early_prediction_model_ladder.R","early_prediction_permutation_draws.csv","Analysis/_supporting/build_figure1_panel_source_data.R",852,20260811,"movement_mean","Movement mean","leave-one-animal-out outcome permutation with full refit","cv_r2_vs_mean",-0.0325762215854797,FALSE,1000,"permutation_draw"
"1e","Analysis/09_early_prediction_model_ladder.R","early_prediction_permutation_draws.csv","Analysis/_supporting/build_figure1_panel_source_data.R",853,20260811,"movement_mean","Movement mean","leave-one-animal-out outcome permutation with full refit","cv_r2_vs_mean",-0.052996621064211,FALSE,1000,"permutation_draw"
"1e","Analysis/09_early_prediction_model_ladder.R","early_prediction_permutation_draws.csv","Analysis/_supporting/build_figure1_panel_source_data.R",854,20260811,"movement_mean","Movement mean","leave-one-animal-out outcome permutation with full refit","cv_r2_vs_mean",-0.0431088586771311,FALSE,1000,"permutation_draw"
"1e","Analysis/09_early_prediction_model_ladder.R","early_prediction_permutation_draws.csv","Analysis/_supporting/build_figure1_panel_source_data.R",855,20260811,"movement_mean","Movement mean","leave-one-animal-out outcome permutation with full refit","cv_r2_vs_mean",-0.0263845945944228,FALSE,1000,"permutation_draw"
"1e","Analysis/09_early_prediction_model_ladder.R","early_prediction_permutation_draws.csv","Analysis/_supporting/build_figure1_panel_source_data.R",856,20260811,"movement_mean","Movement mean","leave-one-animal-out outcome permutation with full refit","cv_r2_vs_mean",-0.0321073737520052,FALSE,1000,"permutation_draw"
"1e","Analysis/09_early_prediction_model_ladder.R","early_prediction_permutation_draws.csv","Analysis/_supporting/build_figure1_panel_source_data.R",857,20260811,"movement_mean","Movement mean","leave-one-animal-out outcome permutation with full refit","cv_r2_vs_mean",-0.0330894787792975,FALSE,1000,"permutation_draw"
"1e","Analysis/09_early_prediction_model_ladder.R","early_prediction_permutation_draws.csv","Analysis/_supporting/build_figure1_panel_source_data.R",858,20260811,"movement_mean","Movement mean","leave-one-animal-out outcome permutation with full refit","cv_r2_vs_mean",-0.0319895802464205,FALSE,1000,"permutation_draw"
"1e","Analysis/09_early_prediction_model_ladder.R","early_prediction_permutation_draws.csv","Analysis/_supporting/build_figure1_panel_source_data.R",859,20260811,"movement_mean","Movement mean","leave-one-animal-out outcome permutation with full refit","cv_r2_vs_mean",-0.0384439470021445,FALSE,1000,"permutation_draw"
"1e","Analysis/09_early_prediction_model_ladder.R","early_prediction_permutation_draws.csv","Analysis/_supporting/build_figure1_panel_source_data.R",860,20260811,"movement_mean","Movement mean","leave-one-animal-out outcome permutation with full refit","cv_r2_vs_mean",-0.0333486476538782,FALSE,1000,"permutation_draw"
"1e","Analysis/09_early_prediction_model_ladder.R","early_prediction_permutation_draws.csv","Analysis/_supporting/build_figure1_panel_source_data.R",861,20260811,"movement_mean","Movement mean","leave-one-animal-out outcome permutation with full refit","cv_r2_vs_mean",-0.0361946496571326,FALSE,1000,"permutation_draw"
"1e","Analysis/09_early_prediction_model_ladder.R","early_prediction_permutation_draws.csv","Analysis/_supporting/build_figure1_panel_source_data.R",862,20260811,"movement_mean","Movement mean","leave-one-animal-out outcome permutation with full refit","cv_r2_vs_mean",-0.0341676470644356,FALSE,1000,"permutation_draw"
"1e","Analysis/09_early_prediction_model_ladder.R","early_prediction_permutation_draws.csv","Analysis/_supporting/build_figure1_panel_source_data.R",863,20260811,"movement_mean","Movement mean","leave-one-animal-out outcome permutation with full refit","cv_r2_vs_mean",-0.0270741184011574,FALSE,1000,"permutation_draw"
"1e","Analysis/09_early_prediction_model_ladder.R","early_prediction_permutation_draws.csv","Analysis/_supporting/build_figure1_panel_source_data.R",864,20260811,"movement_mean","Movement mean","leave-one-animal-out outcome permutation with full refit","cv_r2_vs_mean",-0.0338187275837849,FALSE,1000,"permutation_draw"
"1e","Analysis/09_early_prediction_model_ladder.R","early_prediction_permutation_draws.csv","Analysis/_supporting/build_figure1_panel_source_data.R",865,20260811,"movement_mean","Movement mean","leave-one-animal-out outcome permutation with full refit","cv_r2_vs_mean",-0.0221168637745579,FALSE,1000,"permutation_draw"
"1e","Analysis/09_early_prediction_model_ladder.R","early_prediction_permutation_draws.csv","Analysis/_supporting/build_figure1_panel_source_data.R",866,20260811,"movement_mean","Movement mean","leave-one-animal-out outcome permutation with full refit","cv_r2_vs_mean",-0.0230288367735401,FALSE,1000,"permutation_draw"
"1e","Analysis/09_early_prediction_model_ladder.R","early_prediction_permutation_draws.csv","Analysis/_supporting/build_figure1_panel_source_data.R",867,20260811,"movement_mean","Movement mean","leave-one-animal-out outcome permutation with full refit","cv_r2_vs_mean",-0.0284845951463477,FALSE,1000,"permutation_draw"
"1e","Analysis/09_early_prediction_model_ladder.R","early_prediction_permutation_draws.csv","Analysis/_supporting/build_figure1_panel_source_data.R",868,20260811,"movement_mean","Movement mean","leave-one-animal-out outcome permutation with full refit","cv_r2_vs_mean",-0.0414356420427584,FALSE,1000,"permutation_draw"
"1e","Analysis/09_early_prediction_model_ladder.R","early_prediction_permutation_draws.csv","Analysis/_supporting/build_figure1_panel_source_data.R",869,20260811,"movement_mean","Movement mean","leave-one-animal-out outcome permutation with full refit","cv_r2_vs_mean",-0.0305178029099611,FALSE,1000,"permutation_draw"
"1e","Analysis/09_early_prediction_model_ladder.R","early_prediction_permutation_draws.csv","Analysis/_supporting/build_figure1_panel_source_data.R",870,20260811,"movement_mean","Movement mean","leave-one-animal-out outcome permutation with full refit","cv_r2_vs_mean",-0.0263016232592965,FALSE,1000,"permutation_draw"
"1e","Analysis/09_early_prediction_model_ladder.R","early_prediction_permutation_draws.csv","Analysis/_supporting/build_figure1_panel_source_data.R",871,20260811,"movement_mean","Movement mean","leave-one-animal-out outcome permutation with full refit","cv_r2_vs_mean",-0.00984929028828718,FALSE,1000,"permutation_draw"
"1e","Analysis/09_early_prediction_model_ladder.R","early_prediction_permutation_draws.csv","Analysis/_supporting/build_figure1_panel_source_data.R",872,20260811,"movement_mean","Movement mean","leave-one-animal-out outcome permutation with full refit","cv_r2_vs_mean",-0.0307590172828351,FALSE,1000,"permutation_draw"
"1e","Analysis/09_early_prediction_model_ladder.R","early_prediction_permutation_draws.csv","Analysis/_supporting/build_figure1_panel_source_data.R",873,20260811,"movement_mean","Movement mean","leave-one-animal-out outcome permutation with full refit","cv_r2_vs_mean",-0.0313135454752267,FALSE,1000,"permutation_draw"
"1e","Analysis/09_early_prediction_model_ladder.R","early_prediction_permutation_draws.csv","Analysis/_supporting/build_figure1_panel_source_data.R",874,20260811,"movement_mean","Movement mean","leave-one-animal-out outcome permutation with full refit","cv_r2_vs_mean",-0.0296249902027894,FALSE,1000,"permutation_draw"
"1e","Analysis/09_early_prediction_model_ladder.R","early_prediction_permutation_draws.csv","Analysis/_supporting/build_figure1_panel_source_data.R",875,20260811,"movement_mean","Movement mean","leave-one-animal-out outcome permutation with full refit","cv_r2_vs_mean",-0.0415251697691654,FALSE,1000,"permutation_draw"
"1e","Analysis/09_early_prediction_model_ladder.R","early_prediction_permutation_draws.csv","Analysis/_supporting/build_figure1_panel_source_data.R",876,20260811,"movement_mean","Movement mean","leave-one-animal-out outcome permutation with full refit","cv_r2_vs_mean",-0.0351611604233029,FALSE,1000,"permutation_draw"
"1e","Analysis/09_early_prediction_model_ladder.R","early_prediction_permutation_draws.csv","Analysis/_supporting/build_figure1_panel_source_data.R",877,20260811,"movement_mean","Movement mean","leave-one-animal-out outcome permutation with full refit","cv_r2_vs_mean",-0.0381187159370524,FALSE,1000,"permutation_draw"
"1e","Analysis/09_early_prediction_model_ladder.R","early_prediction_permutation_draws.csv","Analysis/_supporting/build_figure1_panel_source_data.R",878,20260811,"movement_mean","Movement mean","leave-one-animal-out outcome permutation with full refit","cv_r2_vs_mean",-0.0314778390132062,FALSE,1000,"permutation_draw"
"1e","Analysis/09_early_prediction_model_ladder.R","early_prediction_permutation_draws.csv","Analysis/_supporting/build_figure1_panel_source_data.R",879,20260811,"movement_mean","Movement mean","leave-one-animal-out outcome permutation with full refit","cv_r2_vs_mean",0.00593299700094751,FALSE,1000,"permutation_draw"
"1e","Analysis/09_early_prediction_model_ladder.R","early_prediction_permutation_draws.csv","Analysis/_supporting/build_figure1_panel_source_data.R",880,20260811,"movement_mean","Movement mean","leave-one-animal-out outcome permutation with full refit","cv_r2_vs_mean",-0.0368721633154723,FALSE,1000,"permutation_draw"
"1e","Analysis/09_early_prediction_model_ladder.R","early_prediction_permutation_draws.csv","Analysis/_supporting/build_figure1_panel_source_data.R",881,20260811,"movement_mean","Movement mean","leave-one-animal-out outcome permutation with full refit","cv_r2_vs_mean",-0.0399400362981648,FALSE,1000,"permutation_draw"
"1e","Analysis/09_early_prediction_model_ladder.R","early_prediction_permutation_draws.csv","Analysis/_supporting/build_figure1_panel_source_data.R",882,20260811,"movement_mean","Movement mean","leave-one-animal-out outcome permutation with full refit","cv_r2_vs_mean",-0.0297049264012148,FALSE,1000,"permutation_draw"
"1e","Analysis/09_early_prediction_model_ladder.R","early_prediction_permutation_draws.csv","Analysis/_supporting/build_figure1_panel_source_data.R",883,20260811,"movement_mean","Movement mean","leave-one-animal-out outcome permutation with full refit","cv_r2_vs_mean",-0.0302328696117771,FALSE,1000,"permutation_draw"
"1e","Analysis/09_early_prediction_model_ladder.R","early_prediction_permutation_draws.csv","Analysis/_supporting/build_figure1_panel_source_data.R",884,20260811,"movement_mean","Movement mean","leave-one-animal-out outcome permutation with full refit","cv_r2_vs_mean",-0.0485289976843544,FALSE,1000,"permutation_draw"
"1e","Analysis/09_early_prediction_model_ladder.R","early_prediction_permutation_draws.csv","Analysis/_supporting/build_figure1_panel_source_data.R",885,20260811,"movement_mean","Movement mean","leave-one-animal-out outcome permutation with full refit","cv_r2_vs_mean",-0.0339521633354911,FALSE,1000,"permutation_draw"
"1e","Analysis/09_early_prediction_model_ladder.R","early_prediction_permutation_draws.csv","Analysis/_supporting/build_figure1_panel_source_data.R",886,20260811,"movement_mean","Movement mean","leave-one-animal-out outcome permutation with full refit","cv_r2_vs_mean",-0.014231514092407,FALSE,1000,"permutation_draw"
"1e","Analysis/09_early_prediction_model_ladder.R","early_prediction_permutation_draws.csv","Analysis/_supporting/build_figure1_panel_source_data.R",887,20260811,"movement_mean","Movement mean","leave-one-animal-out outcome permutation with full refit","cv_r2_vs_mean",-0.0369107212764899,FALSE,1000,"permutation_draw"
"1e","Analysis/09_early_prediction_model_ladder.R","early_prediction_permutation_draws.csv","Analysis/_supporting/build_figure1_panel_source_data.R",888,20260811,"movement_mean","Movement mean","leave-one-animal-out outcome permutation with full refit","cv_r2_vs_mean",0.0244110740375518,FALSE,1000,"permutation_draw"
"1e","Analysis/09_early_prediction_model_ladder.R","early_prediction_permutation_draws.csv","Analysis/_supporting/build_figure1_panel_source_data.R",889,20260811,"movement_mean","Movement mean","leave-one-animal-out outcome permutation with full refit","cv_r2_vs_mean",-0.0246309205782686,FALSE,1000,"permutation_draw"
"1e","Analysis/09_early_prediction_model_ladder.R","early_prediction_permutation_draws.csv","Analysis/_supporting/build_figure1_panel_source_data.R",890,20260811,"movement_mean","Movement mean","leave-one-animal-out outcome permutation with full refit","cv_r2_vs_mean",0.0364945765332105,FALSE,1000,"permutation_draw"
"1e","Analysis/09_early_prediction_model_ladder.R","early_prediction_permutation_draws.csv","Analysis/_supporting/build_figure1_panel_source_data.R",891,20260811,"movement_mean","Movement mean","leave-one-animal-out outcome permutation with full refit","cv_r2_vs_mean",-0.0254474980210426,FALSE,1000,"permutation_draw"
"1e","Analysis/09_early_prediction_model_ladder.R","early_prediction_permutation_draws.csv","Analysis/_supporting/build_figure1_panel_source_data.R",892,20260811,"movement_mean","Movement mean","leave-one-animal-out outcome permutation with full refit","cv_r2_vs_mean",-0.0391204684044328,FALSE,1000,"permutation_draw"
"1e","Analysis/09_early_prediction_model_ladder.R","early_prediction_permutation_draws.csv","Analysis/_supporting/build_figure1_panel_source_data.R",893,20260811,"movement_mean","Movement mean","leave-one-animal-out outcome permutation with full refit","cv_r2_vs_mean",-0.0400729678173173,FALSE,1000,"permutation_draw"
"1e","Analysis/09_early_prediction_model_ladder.R","early_prediction_permutation_draws.csv","Analysis/_supporting/build_figure1_panel_source_data.R",894,20260811,"movement_mean","Movement mean","leave-one-animal-out outcome permutation with full refit","cv_r2_vs_mean",-0.0432575456352289,FALSE,1000,"permutation_draw"
"1e","Analysis/09_early_prediction_model_ladder.R","early_prediction_permutation_draws.csv","Analysis/_supporting/build_figure1_panel_source_data.R",895,20260811,"movement_mean","Movement mean","leave-one-animal-out outcome permutation with full refit","cv_r2_vs_mean",-0.0301412929145772,FALSE,1000,"permutation_draw"
"1e","Analysis/09_early_prediction_model_ladder.R","early_prediction_permutation_draws.csv","Analysis/_supporting/build_figure1_panel_source_data.R",896,20260811,"movement_mean","Movement mean","leave-one-animal-out outcome permutation with full refit","cv_r2_vs_mean",-0.0428523994478902,FALSE,1000,"permutation_draw"
"1e","Analysis/09_early_prediction_model_ladder.R","early_prediction_permutation_draws.csv","Analysis/_supporting/build_figure1_panel_source_data.R",897,20260811,"movement_mean","Movement mean","leave-one-animal-out outcome permutation with full refit","cv_r2_vs_mean",-0.0267025415729276,FALSE,1000,"permutation_draw"
"1e","Analysis/09_early_prediction_model_ladder.R","early_prediction_permutation_draws.csv","Analysis/_supporting/build_figure1_panel_source_data.R",898,20260811,"movement_mean","Movement mean","leave-one-animal-out outcome permutation with full refit","cv_r2_vs_mean",-0.0306652675053258,FALSE,1000,"permutation_draw"
"1e","Analysis/09_early_prediction_model_ladder.R","early_prediction_permutation_draws.csv","Analysis/_supporting/build_figure1_panel_source_data.R",899,20260811,"movement_mean","Movement mean","leave-one-animal-out outcome permutation with full refit","cv_r2_vs_mean",-0.0354101634695658,FALSE,1000,"permutation_draw"
"1e","Analysis/09_early_prediction_model_ladder.R","early_prediction_permutation_draws.csv","Analysis/_supporting/build_figure1_panel_source_data.R",900,20260811,"movement_mean","Movement mean","leave-one-animal-out outcome permutation with full refit","cv_r2_vs_mean",-0.036680550649546,FALSE,1000,"permutation_draw"
"1e","Analysis/09_early_prediction_model_ladder.R","early_prediction_permutation_draws.csv","Analysis/_supporting/build_figure1_panel_source_data.R",901,20260811,"movement_mean","Movement mean","leave-one-animal-out outcome permutation with full refit","cv_r2_vs_mean",-0.00738011266491045,FALSE,1000,"permutation_draw"
"1e","Analysis/09_early_prediction_model_ladder.R","early_prediction_permutation_draws.csv","Analysis/_supporting/build_figure1_panel_source_data.R",902,20260811,"movement_mean","Movement mean","leave-one-animal-out outcome permutation with full refit","cv_r2_vs_mean",-0.0393152145327353,FALSE,1000,"permutation_draw"
"1e","Analysis/09_early_prediction_model_ladder.R","early_prediction_permutation_draws.csv","Analysis/_supporting/build_figure1_panel_source_data.R",903,20260811,"movement_mean","Movement mean","leave-one-animal-out outcome permutation with full refit","cv_r2_vs_mean",-0.0260273964152637,FALSE,1000,"permutation_draw"
"1e","Analysis/09_early_prediction_model_ladder.R","early_prediction_permutation_draws.csv","Analysis/_supporting/build_figure1_panel_source_data.R",904,20260811,"movement_mean","Movement mean","leave-one-animal-out outcome permutation with full refit","cv_r2_vs_mean",-0.0257190549980777,FALSE,1000,"permutation_draw"
"1e","Analysis/09_early_prediction_model_ladder.R","early_prediction_permutation_draws.csv","Analysis/_supporting/build_figure1_panel_source_data.R",905,20260811,"movement_mean","Movement mean","leave-one-animal-out outcome permutation with full refit","cv_r2_vs_mean",-0.032460983410153,FALSE,1000,"permutation_draw"
"1e","Analysis/09_early_prediction_model_ladder.R","early_prediction_permutation_draws.csv","Analysis/_supporting/build_figure1_panel_source_data.R",906,20260811,"movement_mean","Movement mean","leave-one-animal-out outcome permutation with full refit","cv_r2_vs_mean",0.00313070593347308,FALSE,1000,"permutation_draw"
"1e","Analysis/09_early_prediction_model_ladder.R","early_prediction_permutation_draws.csv","Analysis/_supporting/build_figure1_panel_source_data.R",907,20260811,"movement_mean","Movement mean","leave-one-animal-out outcome permutation with full refit","cv_r2_vs_mean",-0.0352394450636504,FALSE,1000,"permutation_draw"
"1e","Analysis/09_early_prediction_model_ladder.R","early_prediction_permutation_draws.csv","Analysis/_supporting/build_figure1_panel_source_data.R",908,20260811,"movement_mean","Movement mean","leave-one-animal-out outcome permutation with full refit","cv_r2_vs_mean",-0.00988818362300292,FALSE,1000,"permutation_draw"
"1e","Analysis/09_early_prediction_model_ladder.R","early_prediction_permutation_draws.csv","Analysis/_supporting/build_figure1_panel_source_data.R",909,20260811,"movement_mean","Movement mean","leave-one-animal-out outcome permutation with full refit","cv_r2_vs_mean",-0.0167713850216034,FALSE,1000,"permutation_draw"
"1e","Analysis/09_early_prediction_model_ladder.R","early_prediction_permutation_draws.csv","Analysis/_supporting/build_figure1_panel_source_data.R",910,20260811,"movement_mean","Movement mean","leave-one-animal-out outcome permutation with full refit","cv_r2_vs_mean",-0.0339475498490576,FALSE,1000,"permutation_draw"
"1e","Analysis/09_early_prediction_model_ladder.R","early_prediction_permutation_draws.csv","Analysis/_supporting/build_figure1_panel_source_data.R",911,20260811,"movement_mean","Movement mean","leave-one-animal-out outcome permutation with full refit","cv_r2_vs_mean",-0.0129387991426415,FALSE,1000,"permutation_draw"
"1e","Analysis/09_early_prediction_model_ladder.R","early_prediction_permutation_draws.csv","Analysis/_supporting/build_figure1_panel_source_data.R",912,20260811,"movement_mean","Movement mean","leave-one-animal-out outcome permutation with full refit","cv_r2_vs_mean",-0.0311340499411139,FALSE,1000,"permutation_draw"
"1e","Analysis/09_early_prediction_model_ladder.R","early_prediction_permutation_draws.csv","Analysis/_supporting/build_figure1_panel_source_data.R",913,20260811,"movement_mean","Movement mean","leave-one-animal-out outcome permutation with full refit","cv_r2_vs_mean",-0.0282280601653664,FALSE,1000,"permutation_draw"
"1e","Analysis/09_early_prediction_model_ladder.R","early_prediction_permutation_draws.csv","Analysis/_supporting/build_figure1_panel_source_data.R",914,20260811,"movement_mean","Movement mean","leave-one-animal-out outcome permutation with full refit","cv_r2_vs_mean",-0.0161725397653054,FALSE,1000,"permutation_draw"
"1e","Analysis/09_early_prediction_model_ladder.R","early_prediction_permutation_draws.csv","Analysis/_supporting/build_figure1_panel_source_data.R",915,20260811,"movement_mean","Movement mean","leave-one-animal-out outcome permutation with full refit","cv_r2_vs_mean",-0.0360244181063436,FALSE,1000,"permutation_draw"
"1e","Analysis/09_early_prediction_model_ladder.R","early_prediction_permutation_draws.csv","Analysis/_supporting/build_figure1_panel_source_data.R",916,20260811,"movement_mean","Movement mean","leave-one-animal-out outcome permutation with full refit","cv_r2_vs_mean",-0.0363530418435132,FALSE,1000,"permutation_draw"
"1e","Analysis/09_early_prediction_model_ladder.R","early_prediction_permutation_draws.csv","Analysis/_supporting/build_figure1_panel_source_data.R",917,20260811,"movement_mean","Movement mean","leave-one-animal-out outcome permutation with full refit","cv_r2_vs_mean",-0.0196300792616957,FALSE,1000,"permutation_draw"
"1e","Analysis/09_early_prediction_model_ladder.R","early_prediction_permutation_draws.csv","Analysis/_supporting/build_figure1_panel_source_data.R",918,20260811,"movement_mean","Movement mean","leave-one-animal-out outcome permutation with full refit","cv_r2_vs_mean",-0.0235143606018768,FALSE,1000,"permutation_draw"
"1e","Analysis/09_early_prediction_model_ladder.R","early_prediction_permutation_draws.csv","Analysis/_supporting/build_figure1_panel_source_data.R",919,20260811,"movement_mean","Movement mean","leave-one-animal-out outcome permutation with full refit","cv_r2_vs_mean",-0.0210446850518722,FALSE,1000,"permutation_draw"
"1e","Analysis/09_early_prediction_model_ladder.R","early_prediction_permutation_draws.csv","Analysis/_supporting/build_figure1_panel_source_data.R",920,20260811,"movement_mean","Movement mean","leave-one-animal-out outcome permutation with full refit","cv_r2_vs_mean",-0.0338810887879939,FALSE,1000,"permutation_draw"
"1e","Analysis/09_early_prediction_model_ladder.R","early_prediction_permutation_draws.csv","Analysis/_supporting/build_figure1_panel_source_data.R",921,20260811,"movement_mean","Movement mean","leave-one-animal-out outcome permutation with full refit","cv_r2_vs_mean",-0.0379208526480037,FALSE,1000,"permutation_draw"
"1e","Analysis/09_early_prediction_model_ladder.R","early_prediction_permutation_draws.csv","Analysis/_supporting/build_figure1_panel_source_data.R",922,20260811,"movement_mean","Movement mean","leave-one-animal-out outcome permutation with full refit","cv_r2_vs_mean",-0.0284161330723738,FALSE,1000,"permutation_draw"
"1e","Analysis/09_early_prediction_model_ladder.R","early_prediction_permutation_draws.csv","Analysis/_supporting/build_figure1_panel_source_data.R",923,20260811,"movement_mean","Movement mean","leave-one-animal-out outcome permutation with full refit","cv_r2_vs_mean",-0.0379469636053817,FALSE,1000,"permutation_draw"
"1e","Analysis/09_early_prediction_model_ladder.R","early_prediction_permutation_draws.csv","Analysis/_supporting/build_figure1_panel_source_data.R",924,20260811,"movement_mean","Movement mean","leave-one-animal-out outcome permutation with full refit","cv_r2_vs_mean",-0.0363300396699111,FALSE,1000,"permutation_draw"
"1e","Analysis/09_early_prediction_model_ladder.R","early_prediction_permutation_draws.csv","Analysis/_supporting/build_figure1_panel_source_data.R",925,20260811,"movement_mean","Movement mean","leave-one-animal-out outcome permutation with full refit","cv_r2_vs_mean",-0.032863167258615,FALSE,1000,"permutation_draw"
"1e","Analysis/09_early_prediction_model_ladder.R","early_prediction_permutation_draws.csv","Analysis/_supporting/build_figure1_panel_source_data.R",926,20260811,"movement_mean","Movement mean","leave-one-animal-out outcome permutation with full refit","cv_r2_vs_mean",-0.0338703492223211,FALSE,1000,"permutation_draw"
"1e","Analysis/09_early_prediction_model_ladder.R","early_prediction_permutation_draws.csv","Analysis/_supporting/build_figure1_panel_source_data.R",927,20260811,"movement_mean","Movement mean","leave-one-animal-out outcome permutation with full refit","cv_r2_vs_mean",-0.0417427900071823,FALSE,1000,"permutation_draw"
"1e","Analysis/09_early_prediction_model_ladder.R","early_prediction_permutation_draws.csv","Analysis/_supporting/build_figure1_panel_source_data.R",928,20260811,"movement_mean","Movement mean","leave-one-animal-out outcome permutation with full refit","cv_r2_vs_mean",-0.0352728833751008,FALSE,1000,"permutation_draw"
"1e","Analysis/09_early_prediction_model_ladder.R","early_prediction_permutation_draws.csv","Analysis/_supporting/build_figure1_panel_source_data.R",929,20260811,"movement_mean","Movement mean","leave-one-animal-out outcome permutation with full refit","cv_r2_vs_mean",-0.0348743752411538,FALSE,1000,"permutation_draw"
"1e","Analysis/09_early_prediction_model_ladder.R","early_prediction_permutation_draws.csv","Analysis/_supporting/build_figure1_panel_source_data.R",930,20260811,"movement_mean","Movement mean","leave-one-animal-out outcome permutation with full refit","cv_r2_vs_mean",-0.0231197913970929,FALSE,1000,"permutation_draw"
"1e","Analysis/09_early_prediction_model_ladder.R","early_prediction_permutation_draws.csv","Analysis/_supporting/build_figure1_panel_source_data.R",931,20260811,"movement_mean","Movement mean","leave-one-animal-out outcome permutation with full refit","cv_r2_vs_mean",-0.0396407902112905,FALSE,1000,"permutation_draw"
"1e","Analysis/09_early_prediction_model_ladder.R","early_prediction_permutation_draws.csv","Analysis/_supporting/build_figure1_panel_source_data.R",932,20260811,"movement_mean","Movement mean","leave-one-animal-out outcome permutation with full refit","cv_r2_vs_mean",-0.0299268387459057,FALSE,1000,"permutation_draw"
"1e","Analysis/09_early_prediction_model_ladder.R","early_prediction_permutation_draws.csv","Analysis/_supporting/build_figure1_panel_source_data.R",933,20260811,"movement_mean","Movement mean","leave-one-animal-out outcome permutation with full refit","cv_r2_vs_mean",-0.0372818760448024,FALSE,1000,"permutation_draw"
"1e","Analysis/09_early_prediction_model_ladder.R","early_prediction_permutation_draws.csv","Analysis/_supporting/build_figure1_panel_source_data.R",934,20260811,"movement_mean","Movement mean","leave-one-animal-out outcome permutation with full refit","cv_r2_vs_mean",-0.00125232339821934,FALSE,1000,"permutation_draw"
"1e","Analysis/09_early_prediction_model_ladder.R","early_prediction_permutation_draws.csv","Analysis/_supporting/build_figure1_panel_source_data.R",935,20260811,"movement_mean","Movement mean","leave-one-animal-out outcome permutation with full refit","cv_r2_vs_mean",-0.0310085274912633,FALSE,1000,"permutation_draw"
"1e","Analysis/09_early_prediction_model_ladder.R","early_prediction_permutation_draws.csv","Analysis/_supporting/build_figure1_panel_source_data.R",936,20260811,"movement_mean","Movement mean","leave-one-animal-out outcome permutation with full refit","cv_r2_vs_mean",-0.0198326107449607,FALSE,1000,"permutation_draw"
"1e","Analysis/09_early_prediction_model_ladder.R","early_prediction_permutation_draws.csv","Analysis/_supporting/build_figure1_panel_source_data.R",937,20260811,"movement_mean","Movement mean","leave-one-animal-out outcome permutation with full refit","cv_r2_vs_mean",-0.0415122181454048,FALSE,1000,"permutation_draw"
"1e","Analysis/09_early_prediction_model_ladder.R","early_prediction_permutation_draws.csv","Analysis/_supporting/build_figure1_panel_source_data.R",938,20260811,"movement_mean","Movement mean","leave-one-animal-out outcome permutation with full refit","cv_r2_vs_mean",-0.0241284203485237,FALSE,1000,"permutation_draw"
"1e","Analysis/09_early_prediction_model_ladder.R","early_prediction_permutation_draws.csv","Analysis/_supporting/build_figure1_panel_source_data.R",939,20260811,"movement_mean","Movement mean","leave-one-animal-out outcome permutation with full refit","cv_r2_vs_mean",-0.0132084430567441,FALSE,1000,"permutation_draw"
"1e","Analysis/09_early_prediction_model_ladder.R","early_prediction_permutation_draws.csv","Analysis/_supporting/build_figure1_panel_source_data.R",940,20260811,"movement_mean","Movement mean","leave-one-animal-out outcome permutation with full refit","cv_r2_vs_mean",-0.0362717212630659,FALSE,1000,"permutation_draw"
"1e","Analysis/09_early_prediction_model_ladder.R","early_prediction_permutation_draws.csv","Analysis/_supporting/build_figure1_panel_source_data.R",941,20260811,"movement_mean","Movement mean","leave-one-animal-out outcome permutation with full refit","cv_r2_vs_mean",-0.0349051027739866,FALSE,1000,"permutation_draw"
"1e","Analysis/09_early_prediction_model_ladder.R","early_prediction_permutation_draws.csv","Analysis/_supporting/build_figure1_panel_source_data.R",942,20260811,"movement_mean","Movement mean","leave-one-animal-out outcome permutation with full refit","cv_r2_vs_mean",-0.0251307842359334,FALSE,1000,"permutation_draw"
"1e","Analysis/09_early_prediction_model_ladder.R","early_prediction_permutation_draws.csv","Analysis/_supporting/build_figure1_panel_source_data.R",943,20260811,"movement_mean","Movement mean","leave-one-animal-out outcome permutation with full refit","cv_r2_vs_mean",-0.027594377624615,FALSE,1000,"permutation_draw"
"1e","Analysis/09_early_prediction_model_ladder.R","early_prediction_permutation_draws.csv","Analysis/_supporting/build_figure1_panel_source_data.R",944,20260811,"movement_mean","Movement mean","leave-one-animal-out outcome permutation with full refit","cv_r2_vs_mean",-0.0394478729320382,FALSE,1000,"permutation_draw"
"1e","Analysis/09_early_prediction_model_ladder.R","early_prediction_permutation_draws.csv","Analysis/_supporting/build_figure1_panel_source_data.R",945,20260811,"movement_mean","Movement mean","leave-one-animal-out outcome permutation with full refit","cv_r2_vs_mean",-0.0175736934413804,FALSE,1000,"permutation_draw"
"1e","Analysis/09_early_prediction_model_ladder.R","early_prediction_permutation_draws.csv","Analysis/_supporting/build_figure1_panel_source_data.R",946,20260811,"movement_mean","Movement mean","leave-one-animal-out outcome permutation with full refit","cv_r2_vs_mean",-0.0189704731592872,FALSE,1000,"permutation_draw"
"1e","Analysis/09_early_prediction_model_ladder.R","early_prediction_permutation_draws.csv","Analysis/_supporting/build_figure1_panel_source_data.R",947,20260811,"movement_mean","Movement mean","leave-one-animal-out outcome permutation with full refit","cv_r2_vs_mean",-0.0233931389109492,FALSE,1000,"permutation_draw"
"1e","Analysis/09_early_prediction_model_ladder.R","early_prediction_permutation_draws.csv","Analysis/_supporting/build_figure1_panel_source_data.R",948,20260811,"movement_mean","Movement mean","leave-one-animal-out outcome permutation with full refit","cv_r2_vs_mean",-0.0318821571540846,FALSE,1000,"permutation_draw"
"1e","Analysis/09_early_prediction_model_ladder.R","early_prediction_permutation_draws.csv","Analysis/_supporting/build_figure1_panel_source_data.R",949,20260811,"movement_mean","Movement mean","leave-one-animal-out outcome permutation with full refit","cv_r2_vs_mean",-0.0297868053187524,FALSE,1000,"permutation_draw"
"1e","Analysis/09_early_prediction_model_ladder.R","early_prediction_permutation_draws.csv","Analysis/_supporting/build_figure1_panel_source_data.R",950,20260811,"movement_mean","Movement mean","leave-one-animal-out outcome permutation with full refit","cv_r2_vs_mean",-0.047309700817924,FALSE,1000,"permutation_draw"
"1e","Analysis/09_early_prediction_model_ladder.R","early_prediction_permutation_draws.csv","Analysis/_supporting/build_figure1_panel_source_data.R",951,20260811,"movement_mean","Movement mean","leave-one-animal-out outcome permutation with full refit","cv_r2_vs_mean",-0.00387165112823639,FALSE,1000,"permutation_draw"
"1e","Analysis/09_early_prediction_model_ladder.R","early_prediction_permutation_draws.csv","Analysis/_supporting/build_figure1_panel_source_data.R",952,20260811,"movement_mean","Movement mean","leave-one-animal-out outcome permutation with full refit","cv_r2_vs_mean",-0.0422615469046754,FALSE,1000,"permutation_draw"
"1e","Analysis/09_early_prediction_model_ladder.R","early_prediction_permutation_draws.csv","Analysis/_supporting/build_figure1_panel_source_data.R",953,20260811,"movement_mean","Movement mean","leave-one-animal-out outcome permutation with full refit","cv_r2_vs_mean",-0.0297124281421217,FALSE,1000,"permutation_draw"
"1e","Analysis/09_early_prediction_model_ladder.R","early_prediction_permutation_draws.csv","Analysis/_supporting/build_figure1_panel_source_data.R",954,20260811,"movement_mean","Movement mean","leave-one-animal-out outcome permutation with full refit","cv_r2_vs_mean",0.00247820170211121,FALSE,1000,"permutation_draw"
"1e","Analysis/09_early_prediction_model_ladder.R","early_prediction_permutation_draws.csv","Analysis/_supporting/build_figure1_panel_source_data.R",955,20260811,"movement_mean","Movement mean","leave-one-animal-out outcome permutation with full refit","cv_r2_vs_mean",-0.029358400330995,FALSE,1000,"permutation_draw"
"1e","Analysis/09_early_prediction_model_ladder.R","early_prediction_permutation_draws.csv","Analysis/_supporting/build_figure1_panel_source_data.R",956,20260811,"movement_mean","Movement mean","leave-one-animal-out outcome permutation with full refit","cv_r2_vs_mean",-0.0483849474080469,FALSE,1000,"permutation_draw"
"1e","Analysis/09_early_prediction_model_ladder.R","early_prediction_permutation_draws.csv","Analysis/_supporting/build_figure1_panel_source_data.R",957,20260811,"movement_mean","Movement mean","leave-one-animal-out outcome permutation with full refit","cv_r2_vs_mean",-0.0410998619240555,FALSE,1000,"permutation_draw"
"1e","Analysis/09_early_prediction_model_ladder.R","early_prediction_permutation_draws.csv","Analysis/_supporting/build_figure1_panel_source_data.R",958,20260811,"movement_mean","Movement mean","leave-one-animal-out outcome permutation with full refit","cv_r2_vs_mean",-0.026443093785421,FALSE,1000,"permutation_draw"
"1e","Analysis/09_early_prediction_model_ladder.R","early_prediction_permutation_draws.csv","Analysis/_supporting/build_figure1_panel_source_data.R",959,20260811,"movement_mean","Movement mean","leave-one-animal-out outcome permutation with full refit","cv_r2_vs_mean",-0.0314763945101926,FALSE,1000,"permutation_draw"
"1e","Analysis/09_early_prediction_model_ladder.R","early_prediction_permutation_draws.csv","Analysis/_supporting/build_figure1_panel_source_data.R",960,20260811,"movement_mean","Movement mean","leave-one-animal-out outcome permutation with full refit","cv_r2_vs_mean",-0.0114199557506773,FALSE,1000,"permutation_draw"
"1e","Analysis/09_early_prediction_model_ladder.R","early_prediction_permutation_draws.csv","Analysis/_supporting/build_figure1_panel_source_data.R",961,20260811,"movement_mean","Movement mean","leave-one-animal-out outcome permutation with full refit","cv_r2_vs_mean",-0.0316036189507833,FALSE,1000,"permutation_draw"
"1e","Analysis/09_early_prediction_model_ladder.R","early_prediction_permutation_draws.csv","Analysis/_supporting/build_figure1_panel_source_data.R",962,20260811,"movement_mean","Movement mean","leave-one-animal-out outcome permutation with full refit","cv_r2_vs_mean",-0.0213675868397691,FALSE,1000,"permutation_draw"
"1e","Analysis/09_early_prediction_model_ladder.R","early_prediction_permutation_draws.csv","Analysis/_supporting/build_figure1_panel_source_data.R",963,20260811,"movement_mean","Movement mean","leave-one-animal-out outcome permutation with full refit","cv_r2_vs_mean",-0.0397698811721088,FALSE,1000,"permutation_draw"
"1e","Analysis/09_early_prediction_model_ladder.R","early_prediction_permutation_draws.csv","Analysis/_supporting/build_figure1_panel_source_data.R",964,20260811,"movement_mean","Movement mean","leave-one-animal-out outcome permutation with full refit","cv_r2_vs_mean",-0.0443394517783733,FALSE,1000,"permutation_draw"
"1e","Analysis/09_early_prediction_model_ladder.R","early_prediction_permutation_draws.csv","Analysis/_supporting/build_figure1_panel_source_data.R",965,20260811,"movement_mean","Movement mean","leave-one-animal-out outcome permutation with full refit","cv_r2_vs_mean",-0.0234662877189897,FALSE,1000,"permutation_draw"
"1e","Analysis/09_early_prediction_model_ladder.R","early_prediction_permutation_draws.csv","Analysis/_supporting/build_figure1_panel_source_data.R",966,20260811,"movement_mean","Movement mean","leave-one-animal-out outcome permutation with full refit","cv_r2_vs_mean",-0.0384798915061624,FALSE,1000,"permutation_draw"
"1e","Analysis/09_early_prediction_model_ladder.R","early_prediction_permutation_draws.csv","Analysis/_supporting/build_figure1_panel_source_data.R",967,20260811,"movement_mean","Movement mean","leave-one-animal-out outcome permutation with full refit","cv_r2_vs_mean",-0.0317303593570111,FALSE,1000,"permutation_draw"
"1e","Analysis/09_early_prediction_model_ladder.R","early_prediction_permutation_draws.csv","Analysis/_supporting/build_figure1_panel_source_data.R",968,20260811,"movement_mean","Movement mean","leave-one-animal-out outcome permutation with full refit","cv_r2_vs_mean",-0.0299940558260203,FALSE,1000,"permutation_draw"
"1e","Analysis/09_early_prediction_model_ladder.R","early_prediction_permutation_draws.csv","Analysis/_supporting/build_figure1_panel_source_data.R",969,20260811,"movement_mean","Movement mean","leave-one-animal-out outcome permutation with full refit","cv_r2_vs_mean",-0.0324581598329316,FALSE,1000,"permutation_draw"
"1e","Analysis/09_early_prediction_model_ladder.R","early_prediction_permutation_draws.csv","Analysis/_supporting/build_figure1_panel_source_data.R",970,20260811,"movement_mean","Movement mean","leave-one-animal-out outcome permutation with full refit","cv_r2_vs_mean",-0.0231348260821458,FALSE,1000,"permutation_draw"
"1e","Analysis/09_early_prediction_model_ladder.R","early_prediction_permutation_draws.csv","Analysis/_supporting/build_figure1_panel_source_data.R",971,20260811,"movement_mean","Movement mean","leave-one-animal-out outcome permutation with full refit","cv_r2_vs_mean",-0.0311426484358381,FALSE,1000,"permutation_draw"
"1e","Analysis/09_early_prediction_model_ladder.R","early_prediction_permutation_draws.csv","Analysis/_supporting/build_figure1_panel_source_data.R",972,20260811,"movement_mean","Movement mean","leave-one-animal-out outcome permutation with full refit","cv_r2_vs_mean",-0.0373660892179968,FALSE,1000,"permutation_draw"
"1e","Analysis/09_early_prediction_model_ladder.R","early_prediction_permutation_draws.csv","Analysis/_supporting/build_figure1_panel_source_data.R",973,20260811,"movement_mean","Movement mean","leave-one-animal-out outcome permutation with full refit","cv_r2_vs_mean",-0.0330495530177519,FALSE,1000,"permutation_draw"
"1e","Analysis/09_early_prediction_model_ladder.R","early_prediction_permutation_draws.csv","Analysis/_supporting/build_figure1_panel_source_data.R",974,20260811,"movement_mean","Movement mean","leave-one-animal-out outcome permutation with full refit","cv_r2_vs_mean",-0.0367959798101207,FALSE,1000,"permutation_draw"
"1e","Analysis/09_early_prediction_model_ladder.R","early_prediction_permutation_draws.csv","Analysis/_supporting/build_figure1_panel_source_data.R",975,20260811,"movement_mean","Movement mean","leave-one-animal-out outcome permutation with full refit","cv_r2_vs_mean",-0.0323597446091526,FALSE,1000,"permutation_draw"
"1e","Analysis/09_early_prediction_model_ladder.R","early_prediction_permutation_draws.csv","Analysis/_supporting/build_figure1_panel_source_data.R",976,20260811,"movement_mean","Movement mean","leave-one-animal-out outcome permutation with full refit","cv_r2_vs_mean",-0.0299258876767827,FALSE,1000,"permutation_draw"
"1e","Analysis/09_early_prediction_model_ladder.R","early_prediction_permutation_draws.csv","Analysis/_supporting/build_figure1_panel_source_data.R",977,20260811,"movement_mean","Movement mean","leave-one-animal-out outcome permutation with full refit","cv_r2_vs_mean",-0.00248289740701923,FALSE,1000,"permutation_draw"
"1e","Analysis/09_early_prediction_model_ladder.R","early_prediction_permutation_draws.csv","Analysis/_supporting/build_figure1_panel_source_data.R",978,20260811,"movement_mean","Movement mean","leave-one-animal-out outcome permutation with full refit","cv_r2_vs_mean",-0.0146154504581486,FALSE,1000,"permutation_draw"
"1e","Analysis/09_early_prediction_model_ladder.R","early_prediction_permutation_draws.csv","Analysis/_supporting/build_figure1_panel_source_data.R",979,20260811,"movement_mean","Movement mean","leave-one-animal-out outcome permutation with full refit","cv_r2_vs_mean",-0.021770074155653,FALSE,1000,"permutation_draw"
"1e","Analysis/09_early_prediction_model_ladder.R","early_prediction_permutation_draws.csv","Analysis/_supporting/build_figure1_panel_source_data.R",980,20260811,"movement_mean","Movement mean","leave-one-animal-out outcome permutation with full refit","cv_r2_vs_mean",-0.0341122188325989,FALSE,1000,"permutation_draw"
"1e","Analysis/09_early_prediction_model_ladder.R","early_prediction_permutation_draws.csv","Analysis/_supporting/build_figure1_panel_source_data.R",981,20260811,"movement_mean","Movement mean","leave-one-animal-out outcome permutation with full refit","cv_r2_vs_mean",-0.0349182893288535,FALSE,1000,"permutation_draw"
"1e","Analysis/09_early_prediction_model_ladder.R","early_prediction_permutation_draws.csv","Analysis/_supporting/build_figure1_panel_source_data.R",982,20260811,"movement_mean","Movement mean","leave-one-animal-out outcome permutation with full refit","cv_r2_vs_mean",-0.0360051958009691,FALSE,1000,"permutation_draw"
"1e","Analysis/09_early_prediction_model_ladder.R","early_prediction_permutation_draws.csv","Analysis/_supporting/build_figure1_panel_source_data.R",983,20260811,"movement_mean","Movement mean","leave-one-animal-out outcome permutation with full refit","cv_r2_vs_mean",-0.0356726434196699,FALSE,1000,"permutation_draw"
"1e","Analysis/09_early_prediction_model_ladder.R","early_prediction_permutation_draws.csv","Analysis/_supporting/build_figure1_panel_source_data.R",984,20260811,"movement_mean","Movement mean","leave-one-animal-out outcome permutation with full refit","cv_r2_vs_mean",-0.0394569260913269,FALSE,1000,"permutation_draw"
"1e","Analysis/09_early_prediction_model_ladder.R","early_prediction_permutation_draws.csv","Analysis/_supporting/build_figure1_panel_source_data.R",985,20260811,"movement_mean","Movement mean","leave-one-animal-out outcome permutation with full refit","cv_r2_vs_mean",-0.0429499273745171,FALSE,1000,"permutation_draw"
"1e","Analysis/09_early_prediction_model_ladder.R","early_prediction_permutation_draws.csv","Analysis/_supporting/build_figure1_panel_source_data.R",986,20260811,"movement_mean","Movement mean","leave-one-animal-out outcome permutation with full refit","cv_r2_vs_mean",-0.034916654960051,FALSE,1000,"permutation_draw"
"1e","Analysis/09_early_prediction_model_ladder.R","early_prediction_permutation_draws.csv","Analysis/_supporting/build_figure1_panel_source_data.R",987,20260811,"movement_mean","Movement mean","leave-one-animal-out outcome permutation with full refit","cv_r2_vs_mean",-0.0337992634249169,FALSE,1000,"permutation_draw"
"1e","Analysis/09_early_prediction_model_ladder.R","early_prediction_permutation_draws.csv","Analysis/_supporting/build_figure1_panel_source_data.R",988,20260811,"movement_mean","Movement mean","leave-one-animal-out outcome permutation with full refit","cv_r2_vs_mean",-0.029157527230425,FALSE,1000,"permutation_draw"
"1e","Analysis/09_early_prediction_model_ladder.R","early_prediction_permutation_draws.csv","Analysis/_supporting/build_figure1_panel_source_data.R",989,20260811,"movement_mean","Movement mean","leave-one-animal-out outcome permutation with full refit","cv_r2_vs_mean",-0.0321553446740654,FALSE,1000,"permutation_draw"
"1e","Analysis/09_early_prediction_model_ladder.R","early_prediction_permutation_draws.csv","Analysis/_supporting/build_figure1_panel_source_data.R",990,20260811,"movement_mean","Movement mean","leave-one-animal-out outcome permutation with full refit","cv_r2_vs_mean",-0.0217314965225124,FALSE,1000,"permutation_draw"
"1e","Analysis/09_early_prediction_model_ladder.R","early_prediction_permutation_draws.csv","Analysis/_supporting/build_figure1_panel_source_data.R",991,20260811,"movement_mean","Movement mean","leave-one-animal-out outcome permutation with full refit","cv_r2_vs_mean",-0.0355185077092932,FALSE,1000,"permutation_draw"
"1e","Analysis/09_early_prediction_model_ladder.R","early_prediction_permutation_draws.csv","Analysis/_supporting/build_figure1_panel_source_data.R",992,20260811,"movement_mean","Movement mean","leave-one-animal-out outcome permutation with full refit","cv_r2_vs_mean",-0.0315412120456233,FALSE,1000,"permutation_draw"
"1e","Analysis/09_early_prediction_model_ladder.R","early_prediction_permutation_draws.csv","Analysis/_supporting/build_figure1_panel_source_data.R",993,20260811,"movement_mean","Movement mean","leave-one-animal-out outcome permutation with full refit","cv_r2_vs_mean",-0.00752905440136819,FALSE,1000,"permutation_draw"
"1e","Analysis/09_early_prediction_model_ladder.R","early_prediction_permutation_draws.csv","Analysis/_supporting/build_figure1_panel_source_data.R",994,20260811,"movement_mean","Movement mean","leave-one-animal-out outcome permutation with full refit","cv_r2_vs_mean",0.00173983235856067,FALSE,1000,"permutation_draw"
"1e","Analysis/09_early_prediction_model_ladder.R","early_prediction_permutation_draws.csv","Analysis/_supporting/build_figure1_panel_source_data.R",995,20260811,"movement_mean","Movement mean","leave-one-animal-out outcome permutation with full refit","cv_r2_vs_mean",-0.0372397081767641,FALSE,1000,"permutation_draw"
"1e","Analysis/09_early_prediction_model_ladder.R","early_prediction_permutation_draws.csv","Analysis/_supporting/build_figure1_panel_source_data.R",996,20260811,"movement_mean","Movement mean","leave-one-animal-out outcome permutation with full refit","cv_r2_vs_mean",-0.0379945263277772,FALSE,1000,"permutation_draw"
"1e","Analysis/09_early_prediction_model_ladder.R","early_prediction_permutation_draws.csv","Analysis/_supporting/build_figure1_panel_source_data.R",997,20260811,"movement_mean","Movement mean","leave-one-animal-out outcome permutation with full refit","cv_r2_vs_mean",-0.0198523793048708,FALSE,1000,"permutation_draw"
"1e","Analysis/09_early_prediction_model_ladder.R","early_prediction_permutation_draws.csv","Analysis/_supporting/build_figure1_panel_source_data.R",998,20260811,"movement_mean","Movement mean","leave-one-animal-out outcome permutation with full refit","cv_r2_vs_mean",-0.0138291995740076,FALSE,1000,"permutation_draw"
"1e","Analysis/09_early_prediction_model_ladder.R","early_prediction_permutation_draws.csv","Analysis/_supporting/build_figure1_panel_source_data.R",999,20260811,"movement_mean","Movement mean","leave-one-animal-out outcome permutation with full refit","cv_r2_vs_mean",-0.0275835875215449,FALSE,1000,"permutation_draw"
"1e","Analysis/09_early_prediction_model_ladder.R","early_prediction_permutation_draws.csv","Analysis/_supporting/build_figure1_panel_source_data.R",1000,20260811,"movement_mean","Movement mean","leave-one-animal-out outcome permutation with full refit","cv_r2_vs_mean",-0.0296050327091113,FALSE,1000,"permutation_draw"
