script_path	status	consumes	produces	uses_manifest_config_env	canonical_output_directory	remaining_TODOs
AUDIT_GENERATED_SNAPSHOT	documentation_note	Generated from pipeline.yml; pipeline.yml is the active source of truth.	Refresh with Rscript tools/generate_pipeline_docs.R after structural changes.	not applicable	not canonical	Generated/audit snapshot; do not treat as active workflow instructions.
analysis/preprocessing/extract_protigy_contrasts.R	active_required	required: data/processed/01_preprocessing/protigy_output/<dataset>/*.gct; optional: data/processed/01_preprocessing/protigy_output/<dataset>/protigy_manifest.csv|data/processed/01_preprocessing/protigy_output/protigy_manifest.csv	results/preprocessing/extract_protigy_contrasts/<dataset>/tables/forward/*.csv|results/preprocessing/extract_protigy_contrasts/<dataset>/tables/reverse/*.csv|results/preprocessing/extract_protigy_contrasts/<dataset>/manifests/indexComparisons.csv|results/preprocessing/extract_protigy_contrasts/<dataset>/manifests/canonical_gct_extract_manifest.csv	stage=core; scope=dataset_specific; datasets=neuron_neuropil,neuron_soma,microglia	results/preprocessing/extract_protigy_contrasts/<dataset>/tables/forward/*.csv|results/preprocessing/extract_protigy_contrasts/<dataset>/tables/reverse/*.csv|results/preprocessing/extract_protigy_contrasts/<dataset>/manifests/indexComparisons.csv|results/preprocessing/extract_protigy_contrasts/<dataset>/manifests/canonical_gct_extract_manifest.csv	Creates dataset-scoped GCT comparison CSVs consumed by MapThatProt; rerun intentionally because this refreshes core handoff state.
analysis/preprocessing/build_module_score_metadata.R	active_optional	required: data/processed/01_preprocessing/**/*.xlsx; optional: data/external/behavior/auc_individual_animals_all.csv|data/external/behavior/auc_individual_animals_firstChangeActive.csv|data/external/behavior/E9_Behavior_Data.xlsx	results/preprocessing/build_module_score_metadata/<dataset>/tables/sample_metadata_merged_clean_for_module_scores.xlsx|results/preprocessing/build_module_score_metadata/<dataset>/tables/metadata_merge_qc_summary.csv|results/preprocessing/build_module_score_metadata/<dataset>/manifests/run_manifest.yml|results/preprocessing/build_module_score_metadata/<dataset>/reports/metadata_merge_summary.md	stage=core; scope=dataset_specific; datasets=neuron_neuropil,neuron_soma,microglia	results/preprocessing/build_module_score_metadata/<dataset>/tables/sample_metadata_merged_clean_for_module_scores.xlsx|results/preprocessing/build_module_score_metadata/<dataset>/tables/metadata_merge_qc_summary.csv|results/preprocessing/build_module_score_metadata/<dataset>/manifests/run_manifest.yml|results/preprocessing/build_module_score_metadata/<dataset>/reports/metadata_merge_summary.md	Builds dataset-scoped behavior/physiology metadata used by module activity scoring; does not change expression matrices.
analysis/preprocessing/map_protein_identifiers.R	active_required	required: results/preprocessing/extract_protigy_contrasts/<dataset>/tables/forward/*.csv|data/processed/01_preprocessing/gct_extractR/<dataset>/forward/*.csv|data/external/MOUSE_10090_idmapping.dat; optional: data/metadata/manual_mapping.xlsx	results/preprocessing/map_protein_identifiers/<dataset>/tables/mapped/forward/per_file/*.csv|results/preprocessing/map_protein_identifiers/<dataset>/tables/mapped/forward/summaries/*.csv	stage=core; scope=dataset_specific; datasets=neuron_neuropil,neuron_soma,microglia	results/preprocessing/map_protein_identifiers/<dataset>/tables/mapped/forward/per_file/*.csv|results/preprocessing/map_protein_identifiers/<dataset>/tables/mapped/forward/summaries/*.csv	Maps GCT-derived protein IDs to UniProt/gene symbols; enrichment and WGCNA consume these mapped files.
analysis/preprocessing/build_joint_protigy_input.R	active_optional	required: data/raw/pg_matrix/quicksearch.pg_matrix.tsv|data/metadata/TPE9_sample_metadata_males.xlsx|data/external/MOUSE_10090_idmapping.dat; optional: data/metadata/manual_mapping.xlsx|data/metadata/manual_gene_annotation_overrides.csv	results/preprocessing/build_joint_protigy_input/global/models/joint_compartment_qc_matrices.rds|results/preprocessing/build_joint_protigy_input/global/tables/feature_filter_audit.csv|results/preprocessing/build_joint_protigy_input/global/models/joint_shared_core_log2_median_normalized_imputed.gct|results/preprocessing/build_joint_protigy_input/global/manifests/run_manifest.yml	stage=joint_qc_preprocessing; scope=global; datasets=global	results/preprocessing/build_joint_protigy_input/global/models/joint_compartment_qc_matrices.rds|results/preprocessing/build_joint_protigy_input/global/tables/feature_filter_audit.csv|results/preprocessing/build_joint_protigy_input/global/models/joint_shared_core_log2_median_normalized_imputed.gct|results/preprocessing/build_joint_protigy_input/global/manifests/run_manifest.yml	Balanced dataset-by-technical-block shared core, joint log2/sample-median normalization, label-blind protein-wise median imputation, and strict GCT v1.3 export for global QC only.
analysis/qc/assess_joint_compartment_quality.R	active_optional	required: results/preprocessing/build_joint_protigy_input/global/models/joint_compartment_qc_matrices.rds|data/processed/01_preprocessing/joint_compartment_qc/global/joint_compartment_qc_matrices.rds; optional: 	results/qc/assess_joint_compartment_quality/global/tables|results/qc/assess_joint_compartment_quality/global/plots|results/qc/assess_joint_compartment_quality/global/reports/joint_compartment_qc_summary.md|results/qc/assess_joint_compartment_quality/global/manifests/run_manifest.yml	stage=qc_global; scope=global; datasets=global	results/qc/assess_joint_compartment_quality/global/tables|results/qc/assess_joint_compartment_quality/global/plots|results/qc/assess_joint_compartment_quality/global/reports/joint_compartment_qc_summary.md|results/qc/assess_joint_compartment_quality/global/manifests/run_manifest.yml	Uncorrected global PCA plus exploratory UMAP/t-SNE from the raw-derived primary shared core; does not perform combined DE/WGCNA or primary batch correction.
analysis/qc/render_joint_compartment_qc_figures.R	active_optional	required: results/preprocessing/build_joint_protigy_input/global/models/joint_compartment_qc_matrices.rds|data/processed/01_preprocessing/joint_compartment_qc/global/joint_compartment_qc_matrices.rds|results/tables/03_qc_exploration/00b_joint_compartment_qc/global/joint_primary_pca_scores.csv|results/tables/03_qc_exploration/00b_joint_compartment_qc/global/joint_primary_pca_variance_explained.csv|results/tables/03_qc_exploration/00b_joint_compartment_qc/global/joint_umap_exploratory_scores.csv|results/tables/03_qc_exploration/00b_joint_compartment_qc/global/joint_tsne_exploratory_scores.csv|results/tables/03_qc_exploration/00b_joint_compartment_qc/global/joint_sample_correlations.csv|results/tables/03_qc_exploration/00b_joint_compartment_qc/global/primary_vs_complete_case_pca_concordance.csv; optional: 	results/qc/render_joint_compartment_qc_figures/global/plots/publication_style/joint_compartment_qc_main_figure_183mm.svg|results/qc/render_joint_compartment_qc_figures/global/plots/publication_style/joint_compartment_qc_extended_data_figure_183mm.svg|results/qc/render_joint_compartment_qc_figures/global/plots/publication_style/panels|results/qc/render_joint_compartment_qc_figures/global/reports/joint_compartment_qc_publication_figure_manifest.md|results/qc/render_joint_compartment_qc_figures/global/manifests/run_manifest.yml	stage=qc_global; scope=global; datasets=global	results/qc/render_joint_compartment_qc_figures/global/plots/publication_style/joint_compartment_qc_main_figure_183mm.svg|results/qc/render_joint_compartment_qc_figures/global/plots/publication_style/joint_compartment_qc_extended_data_figure_183mm.svg|results/qc/render_joint_compartment_qc_figures/global/plots/publication_style/panels|results/qc/render_joint_compartment_qc_figures/global/reports/joint_compartment_qc_publication_figure_manifest.md|results/qc/render_joint_compartment_qc_figures/global/manifests/run_manifest.yml	Plot-only Nature-style rendering of completed joint-QC coordinates and audits; writes new editable SVGs without replacing source tables or recomputing PCA/UMAP/t-SNE.
analysis/qc/build_reference_marker_registry.R	active_optional	required: data/external/reference_markers/reference_marker_sources.yml; optional: config/marker_panels/compartment_fidelity_marker_sets.csv|data/external/reference_markers/go_mgi/raw/mgi.gaf.gz|data/external/reference_markers/go_mgi/raw/go-basic.obo|data/external/reference_markers/go_mgi/raw/HOM_MouseHumanSequence.rpt|data/external/reference_markers/syngo/raw/	config/marker_panels/wgcna_reference_marker_sets.csv|results/qc/build_reference_marker_registry/global/tables	stage=qc_global; scope=global; datasets=global	config/marker_panels/wgcna_reference_marker_sets.csv|results/qc/build_reference_marker_registry/global/tables	Creates the marker registry consumed by marker QC and WGCNA downstream annotation; offline/cached sources are preferred.
analysis/qc/discover_empirical_roi_markers.R	active_optional	required: data/processed/01_preprocessing/impute/*_pgmatrix_imputed_neuron_neuropil_*_missing70pct.xlsx|data/processed/01_preprocessing/impute/*_pgmatrix_imputed_neuron_soma_*_missing70pct.xlsx|data/processed/01_preprocessing/impute/*_pgmatrix_imputed_microglia_*_missing70pct.xlsx|data/external/MOUSE_10090_idmapping.dat|data/metadata/TPE9_sample_metadata_males.xlsx; optional: data/metadata/manual_mapping.xlsx|data/metadata/manual_gene_annotation_overrides.csv	results/qc/discover_empirical_roi_markers/global/tables/empirical_roi_marker_sets.csv	stage=qc_global; scope=global; datasets=global	results/qc/discover_empirical_roi_markers/global/tables/empirical_roi_marker_sets.csv	Global because marker discovery compares all three dataset matrices; CON/RES/SUS contrasts should not define marker sets.
analysis/qc/assess_dataset_quality.R	active_optional	required: results/preprocessing/map_protein_identifiers/<dataset>/tables/mapped/forward/per_file/*.csv|data/processed/02_id_mapping/mapped/<dataset>/forward/per_file/*.csv; optional: data/metadata/*.xlsx	results/qc/assess_dataset_quality/<dataset>/tables/dataset_qc_report.xlsx|results/qc/assess_dataset_quality/<dataset>/reports/dataset_qc_summary.md	stage=qc; scope=dataset_specific; datasets=neuron_neuropil,neuron_soma,microglia	results/qc/assess_dataset_quality/<dataset>/tables/dataset_qc_report.xlsx|results/qc/assess_dataset_quality/<dataset>/reports/dataset_qc_summary.md	Baseline dataset QC.
analysis/qc/assess_sample_quality.R	active_optional	required: data/raw/pg_matrix/quicksearch.stats.annotated.xlsx; optional: data/metadata/*.xlsx	results/qc/assess_sample_quality/<dataset>/plots|results/qc/assess_sample_quality/<dataset>/tables/qc_summary_tables.xlsx	stage=qc; scope=dataset_specific; datasets=neuron_neuropil,neuron_soma,microglia	results/qc/assess_sample_quality/<dataset>/plots|results/qc/assess_sample_quality/<dataset>/tables/qc_summary_tables.xlsx	Quicksearch sample-level QC.
analysis/qc/summarize_missingness.R	active_optional	required: results/preprocessing/map_protein_identifiers/<dataset>/tables/mapped/forward/per_file/*.csv|data/processed/02_id_mapping/mapped/<dataset>/forward/per_file/*.csv; optional: data/metadata/*.xlsx	results/qc/summarize_missingness/<dataset>/tables/missingness_diagnostics.xlsx	stage=qc; scope=dataset_specific; datasets=neuron_neuropil,neuron_soma,microglia	results/qc/summarize_missingness/<dataset>/tables/missingness_diagnostics.xlsx	Missingness diagnostics.
analysis/qc/assess_replicate_consistency.R	active_optional	required: results/preprocessing/map_protein_identifiers/<dataset>/tables/mapped/forward/per_file/*.csv|data/processed/02_id_mapping/mapped/<dataset>/forward/per_file/*.csv; optional: data/metadata/*.xlsx	results/qc/assess_replicate_consistency/<dataset>/tables/replicate_consistency.xlsx	stage=qc; scope=dataset_specific; datasets=neuron_neuropil,neuron_soma,microglia	results/qc/assess_replicate_consistency/<dataset>/tables/replicate_consistency.xlsx	Replicate consistency diagnostics.
analysis/qc/assess_marker_rank_abundance.R	active_optional	required: data/processed/01_preprocessing/impute/*_pgmatrix_imputed_<dataset>_*_missing70pct.xlsx|data/external/MOUSE_10090_idmapping.dat|data/metadata/TPE9_sample_metadata_males.xlsx|config/marker_panels/wgcna_reference_marker_sets.csv; optional: data/metadata/manual_mapping.xlsx|data/metadata/manual_gene_annotation_overrides.csv	results/qc/assess_marker_rank_abundance/<dataset>/tables	stage=qc; scope=dataset_specific; datasets=neuron_neuropil,neuron_soma,microglia	results/qc/assess_marker_rank_abundance/<dataset>/tables	Marker abundance QC; benefits from qc_global marker registries.
analysis/qc/summarize_marker_detectability.R	active_optional	required: data/processed/01_preprocessing/impute/*_pgmatrix_imputed_<dataset>_*_missing70pct.xlsx|data/external/MOUSE_10090_idmapping.dat|data/metadata/TPE9_sample_metadata_males.xlsx|config/marker_panels/wgcna_reference_marker_sets.csv; optional: data/metadata/manual_mapping.xlsx|data/metadata/manual_gene_annotation_overrides.csv|results/qc/discover_empirical_roi_markers/global/tables/empirical_roi_marker_sets.csv|results/tables/03_qc_exploration/05_empirical_roi_marker_discovery/empirical_roi_marker_sets.csv|results/wgcna/build_wgcna_modules/<dataset>/models/wgcna_final_model_state.rds|data/processed/06_modules_WGCNA/01_WGCNA/<dataset>/wgcna_final_model_state.rds|results/wgcna/build_wgcna_modules/<dataset>/tables/modules/|results/tables/06_modules_WGCNA/01_WGCNA/<dataset>/modules/	results/qc/summarize_marker_detectability/<dataset>/tables	stage=qc; scope=dataset_specific; datasets=neuron_neuropil,neuron_soma,microglia	results/qc/summarize_marker_detectability/<dataset>/tables	Dataset-specific canonical marker mapping, post-filter/post-imputation processed-matrix availability, and WGCNA interpretation bridge. These nonmissing values are not raw detection and are not the authoritative cross-compartment abundance validation.
analysis/qc/assess_pca_confounding.R	active_optional	required: results/preprocessing/map_protein_identifiers/<dataset>/tables/mapped/forward/per_file/*.csv|data/processed/02_id_mapping/mapped/<dataset>/forward/per_file/*.csv; optional: data/metadata/*.xlsx	results/qc/assess_pca_confounding/<dataset>/tables	stage=qc; scope=dataset_specific; datasets=neuron_neuropil,neuron_soma,microglia	results/qc/assess_pca_confounding/<dataset>/tables	PCA and confounding QC.
analysis/qc/partition_variance.R	active_optional	required: results/preprocessing/map_protein_identifiers/<dataset>/tables/mapped/forward/per_file/*.csv|data/processed/02_id_mapping/mapped/<dataset>/forward/per_file/*.csv; optional: data/metadata/*.xlsx	results/qc/partition_variance/<dataset>/tables|results/qc/partition_variance/<dataset>/reports	stage=qc; scope=dataset_specific; datasets=neuron_neuropil,neuron_soma,microglia	results/qc/partition_variance/<dataset>/tables|results/qc/partition_variance/<dataset>/reports	Variance partitioning; no WGCNA recomputation.
analysis/qc/export_marker_traits.R	active_optional	required: data/processed/01_preprocessing/impute/*_pgmatrix_imputed_<dataset>_*_missing70pct.xlsx|data/external/MOUSE_10090_idmapping.dat|data/metadata/TPE9_sample_metadata_males.xlsx|config/marker_panels/wgcna_reference_marker_sets.csv; optional: data/metadata/manual_mapping.xlsx|data/metadata/manual_gene_annotation_overrides.csv|results/qc/discover_empirical_roi_markers/global/tables/empirical_roi_marker_sets.csv|results/tables/03_qc_exploration/05_empirical_roi_marker_discovery/empirical_roi_marker_sets.csv	results/qc/export_marker_traits/<dataset>/tables	stage=qc; scope=dataset_specific; datasets=neuron_neuropil,neuron_soma,microglia	results/qc/export_marker_traits/<dataset>/tables	Exports canonical ProteinGroupID/member-provenance marker traits for later WGCNA annotation without depending on completed WGCNA outputs.
analysis/qc/summarize_qc_confounding.R	active_optional	required: results/qc/assess_pca_confounding/<dataset>/tables|results/tables/03_qc_exploration/05_pca_confounding_qc/<dataset>/|results/qc/partition_variance/<dataset>/tables|results/tables/03_qc_exploration/06_variance_partitioning/<dataset>/; optional: results/qc/assess_marker_rank_abundance/<dataset>/tables|results/tables/03_qc_exploration/04_marker_rank_abundance_qc/<dataset>/	results/qc/summarize_qc_confounding/<dataset>/reports	stage=qc; scope=dataset_specific; datasets=neuron_neuropil,neuron_soma,microglia	results/qc/summarize_qc_confounding/<dataset>/reports	Summarizes QC biology/confounding evidence.
analysis/qc/render_compartment_abundance_figures.R	active_optional	required: results/preprocessing/build_joint_protigy_input/global/models/joint_compartment_qc_matrices.rds|data/processed/01_preprocessing/joint_compartment_qc/global/joint_compartment_qc_matrices.rds|config/marker_panels/wgcna_reference_marker_sets.csv; optional: 	results/qc/render_compartment_abundance_figures/global/tables/source_data|results/qc/render_compartment_abundance_figures/global/plots|results/qc/render_compartment_abundance_figures/global/reports	stage=qc_cross_dataset; scope=global; datasets=global	results/qc/render_compartment_abundance_figures/global/tables/source_data|results/qc/render_compartment_abundance_figures/global/plots|results/qc/render_compartment_abundance_figures/global/reports	Authoritative v2 CON-only marker abundance/detection validation. Reconstructs observed raw-positive log2 values with joint shared-core sample offsets, preserves hemisphere and animal hierarchy, removes shared-core membership from the primary marker gate, uses centered-log2 medians/subpanel balance, and writes separately named shared-core/robust-z sensitivities. Existing v1 and v2 outputs are overwrite-protected; render-only regeneration requires an explicit environment guard.
analysis/differential_abundance/run_clusterprofiler_enrichment.R	active_required	required: results/preprocessing/map_protein_identifiers/<dataset>/tables/mapped/forward/per_file/*.csv|data/processed/02_id_mapping/mapped/<dataset>/forward/per_file/*.csv; optional: data/external/MOUSE_10090_idmapping.dat	results/differential_abundance/run_clusterprofiler_enrichment/<dataset>/models/clusterProfiler_manifest.csv	stage=enrichment; scope=dataset_specific; datasets=neuron_neuropil,neuron_soma,microglia	results/differential_abundance/run_clusterprofiler_enrichment/<dataset>/models/clusterProfiler_manifest.csv	Creates the dataset-scoped clusterProfiler manifest consumed by compareGO and program summaries.
analysis/differential_abundance/audit_gsea_protein_direction.R	active_optional	required: results/differential_abundance/run_clusterprofiler_enrichment/<dataset>/models/clusterProfiler_manifest.csv|data/processed/04_differential_expression_enrichment/clusterProfiler/<dataset>/clusterProfiler_manifest.csv|results/preprocessing/map_protein_identifiers/<dataset>/tables/mapped/forward/per_file/*.csv|data/processed/02_id_mapping/mapped/<dataset>/forward/per_file/*.csv; optional: results/source_data/04_differential_expression_enrichment/clusterProfiler/<dataset>/	results/differential_abundance/audit_gsea_protein_direction/<dataset>/tables/<ontology>/gsea_term_direction_audit.csv|results/differential_abundance/audit_gsea_protein_direction/<dataset>/tables/<ontology>/gsea_contrast_direction_summary.csv|results/differential_abundance/audit_gsea_protein_direction/<dataset>/tables/<ontology>/ora_pooled_direction_warning.csv|results/differential_abundance/audit_gsea_protein_direction/<dataset>/tables/<ontology>/input_status.csv|results/differential_abundance/audit_gsea_protein_direction/<dataset>/manifests/<ontology>/run_manifest.yml	stage=enrichment; scope=dataset_specific; datasets=neuron_neuropil,neuron_soma,microglia	results/differential_abundance/audit_gsea_protein_direction/<dataset>/tables/<ontology>/gsea_term_direction_audit.csv|results/differential_abundance/audit_gsea_protein_direction/<dataset>/tables/<ontology>/gsea_contrast_direction_summary.csv|results/differential_abundance/audit_gsea_protein_direction/<dataset>/tables/<ontology>/ora_pooled_direction_warning.csv|results/differential_abundance/audit_gsea_protein_direction/<dataset>/tables/<ontology>/input_status.csv|results/differential_abundance/audit_gsea_protein_direction/<dataset>/manifests/<ontology>/run_manifest.yml	Optional read-only diagnostic audit of GSEA NES direction against leading/core protein log2fc direction; does not alter enrichment outputs.
analysis/differential_abundance/compare_go_enrichment.R	active_required	required: results/differential_abundance/run_clusterprofiler_enrichment/<dataset>/models/clusterProfiler_manifest.csv|data/processed/04_differential_expression_enrichment/clusterProfiler/<dataset>/clusterProfiler_manifest.csv; optional: 	results/differential_abundance/compare_go_enrichment/<dataset>/models/compareGO_input_manifest.csv|results/differential_abundance/compare_go_enrichment/<dataset>/tables	stage=enrichment; scope=dataset_specific; datasets=neuron_neuropil,neuron_soma,microglia	results/differential_abundance/compare_go_enrichment/<dataset>/models/compareGO_input_manifest.csv|results/differential_abundance/compare_go_enrichment/<dataset>/tables	Consumes only the manifest-selected clusterProfiler outputs for this dataset.
analysis/differential_abundance/annotate_neuropil_reference.R	active_optional	required: results/differential_abundance/run_clusterprofiler_enrichment/<dataset>/models/clusterProfiler_manifest.csv|data/processed/04_differential_expression_enrichment/clusterProfiler/<dataset>/clusterProfiler_manifest.csv|results/differential_abundance/run_clusterprofiler_enrichment/neuron_neuropil/models/clusterProfiler_manifest.csv|data/processed/04_differential_expression_enrichment/clusterProfiler/neuron_neuropil/clusterProfiler_manifest.csv; optional: config/marker_panels/wgcna_reference_marker_sets.csv	results/differential_abundance/annotate_neuropil_reference/<dataset>/tables	stage=enrichment; scope=dataset_specific; datasets=neuron_neuropil,neuron_soma,microglia	results/differential_abundance/annotate_neuropil_reference/<dataset>/tables	Adds neuropil-reference annotation where supported; microglia uses this as context for ROI/local microenvironment interpretation, not subtraction.
analysis/differential_abundance/test_microglia_targeted_signatures.R	active_optional	required: results/differential_abundance/run_clusterprofiler_enrichment/microglia/models/clusterProfiler_manifest.csv|data/processed/04_differential_expression_enrichment/clusterProfiler/microglia/clusterProfiler_manifest.csv; optional: config/marker_panels/wgcna_reference_marker_sets.csv|results/qc/discover_empirical_roi_markers/global/tables/empirical_roi_marker_sets.csv|results/tables/03_qc_exploration/05_empirical_roi_marker_discovery/empirical_roi_marker_sets.csv|data/processed/05_celltype_enrichment_EWCE/EWCE_E9/microglia/EWCE_results_full.rds	results/differential_abundance/test_microglia_targeted_signatures/microglia/tables	stage=enrichment; scope=dataset_specific; datasets=microglia	results/differential_abundance/test_microglia_targeted_signatures/microglia/tables	Microglia-only targeted signature enrichment; supports conservative ROI annotation rather than purified-cell claims. Canonical EWCE RDS is optional diagnostic target-list support only and does not determine signatures, enrichment statistics, claims, or figures.
analysis/differential_abundance/summarize_biological_programs.R	active_optional	required: results/differential_abundance/run_clusterprofiler_enrichment/<dataset>/models/clusterProfiler_manifest.csv|data/processed/04_differential_expression_enrichment/clusterProfiler/<dataset>/clusterProfiler_manifest.csv|results/differential_abundance/compare_go_enrichment/<dataset>/models/compareGO_input_manifest.csv|data/processed/04_differential_expression_enrichment/compareGO/<dataset>/compareGO_input_manifest.csv; optional: results/differential_abundance/annotate_neuropil_reference/<dataset>/tables|results/tables/04_differential_expression_enrichment/neuropil_reference_annotation/<dataset>/|results/tables/04_differential_expression_enrichment/microglia_targeted_signature_enrichment/<dataset>/	results/differential_abundance/summarize_biological_programs/<dataset>/tables/program_summary.csv	stage=enrichment; scope=dataset_specific; datasets=neuron_neuropil,neuron_soma,microglia	results/differential_abundance/summarize_biological_programs/<dataset>/tables/program_summary.csv	Runs after clusterProfiler and compareGO; summarizes conservative biological programs and uses annotations/signatures where supported.
analysis/differential_abundance/build_go_program_atlas.R	active_optional	required: results/differential_abundance/compare_go_enrichment/<dataset>/models/compareGO_input_manifest.csv|data/processed/04_differential_expression_enrichment/compareGO/<dataset>/compareGO_input_manifest.csv|config/manuscript_go_theme_registry.tsv; optional: results/differential_abundance/summarize_biological_programs/<dataset>/tables/program_summary.csv|results/tables/04_differential_expression_enrichment/biological_program_summary/<dataset>/program_summary.csv	results/differential_abundance/build_go_program_atlas/global/tables/spatial_program_summary.csv|results/differential_abundance/build_go_program_atlas/global/tables/compareGO_spatial_program_atlas_tables.xlsx|results/differential_abundance/build_go_program_atlas/global/tables/sus_res_manuscript_theme_summary.csv|results/differential_abundance/build_go_program_atlas/global/tables/source_data/spatial_atlas_enrichment_long.csv|results/differential_abundance/build_go_program_atlas/global/tables/source_data/sus_res_supported_go_term_theme_audit.csv|results/differential_abundance/build_go_program_atlas/global/tables/source_data/source_data_SpatialProgramAtlas_SUS_vs_RES_publication.csv	stage=enrichment; scope=dataset_specific; datasets=neuron_neuropil,neuron_soma,microglia	results/differential_abundance/build_go_program_atlas/global/tables/spatial_program_summary.csv|results/differential_abundance/build_go_program_atlas/global/tables/compareGO_spatial_program_atlas_tables.xlsx|results/differential_abundance/build_go_program_atlas/global/tables/sus_res_manuscript_theme_summary.csv|results/differential_abundance/build_go_program_atlas/global/tables/source_data/spatial_atlas_enrichment_long.csv|results/differential_abundance/build_go_program_atlas/global/tables/source_data/sus_res_supported_go_term_theme_audit.csv|results/differential_abundance/build_go_program_atlas/global/tables/source_data/source_data_SpatialProgramAtlas_SUS_vs_RES_publication.csv	Builds the backward-compatible broad heuristic spatial program atlas plus a SUS-RES manuscript layer mapped by GO ID through GO.db is_a/part_of relationships. GOSemSim Wang similarity is descriptive redundancy QA only; enrichment statistics are unchanged.
analysis/differential_abundance/compare_external_stress_signatures.R	active_optional	required: ; optional: data/external/stress_disease_signatures/*.csv|results/tables/04_differential_expression_enrichment/biological_program_summary/neuron_neuropil/program_summary.csv|results/tables/04_differential_expression_enrichment/biological_program_summary/neuron_soma/program_summary.csv|results/tables/04_differential_expression_enrichment/biological_program_summary/microglia/program_summary.csv	results/differential_abundance/compare_external_stress_signatures/global/tables/external_stress_disease_signature_overlap.csv|results/differential_abundance/compare_external_stress_signatures/global/tables/source_data/external_stress_disease_signature_overlap.csv|results/differential_abundance/compare_external_stress_signatures/global/manifests/run_manifest.yml	stage=enrichment; scope=global; datasets=global	results/differential_abundance/compare_external_stress_signatures/global/tables/external_stress_disease_signature_overlap.csv|results/differential_abundance/compare_external_stress_signatures/global/tables/source_data/external_stress_disease_signature_overlap.csv|results/differential_abundance/compare_external_stress_signatures/global/manifests/run_manifest.yml	Offline-only overlap against cached stress/disease signatures; missing optional signatures become status rows.
analysis/differential_abundance/validate_control_spatial_identity.R	active_optional	required: data/external/kaulich_2025/kaulich_supplementary_data_2.xlsx|data/metadata/TPE9_sample_metadata_males.xlsx; optional: 	results/differential_abundance/validate_control_spatial_identity/global/tables|results/differential_abundance/validate_control_spatial_identity/global/tables/source_data|results/differential_abundance/validate_control_spatial_identity/global/plots|results/differential_abundance/validate_control_spatial_identity/global/manifests/run_manifest.yml	stage=enrichment; scope=global; datasets=global	results/differential_abundance/validate_control_spatial_identity/global/tables|results/differential_abundance/validate_control_spatial_identity/global/tables/source_data|results/differential_abundance/validate_control_spatial_identity/global/plots|results/differential_abundance/validate_control_spatial_identity/global/manifests/run_manifest.yml	Narrow CON-only Figure 2 anatomical validation using canonical ProteinGroupID input/mapping, Kaulich 2025 reference signatures, and GO-BP preranked GSEA. It neither consumes nor modifies WGCNA state, stress contrasts, clusterProfiler manifests, or compareGO.
analysis/differential_abundance/build_sus_res_dap_atlas.R	active_optional	required: results/differential_abundance/run_clusterprofiler_enrichment/neuron_neuropil/models/clusterProfiler_manifest.csv|data/processed/04_differential_expression_enrichment/clusterProfiler/neuron_neuropil/clusterProfiler_manifest.csv|results/differential_abundance/run_clusterprofiler_enrichment/neuron_soma/models/clusterProfiler_manifest.csv|data/processed/04_differential_expression_enrichment/clusterProfiler/neuron_soma/clusterProfiler_manifest.csv|results/differential_abundance/run_clusterprofiler_enrichment/microglia/models/clusterProfiler_manifest.csv|data/processed/04_differential_expression_enrichment/clusterProfiler/microglia/clusterProfiler_manifest.csv|config/manuscript_go_theme_registry.tsv|results/differential_abundance/build_go_program_atlas/global/tables/source_data/source_data_SpatialProgramAtlas_SUS_vs_RES_publication.csv|results/source_data/04_differential_expression_enrichment/compareGO_spatial_atlas/source_data_SpatialProgramAtlas_SUS_vs_RES_publication.csv|results/differential_abundance/build_go_program_atlas/global/tables/source_data/sus_res_supported_go_term_theme_audit.csv|results/source_data/04_differential_expression_enrichment/compareGO_spatial_atlas/sus_res_supported_go_term_theme_audit.csv; optional: 	results/differential_abundance/build_sus_res_dap_atlas/global/tables/sus_res_manuscript_theme_summary.csv|results/differential_abundance/build_sus_res_dap_atlas/global/tables|results/differential_abundance/build_sus_res_dap_atlas/global/tables/source_data|results/differential_abundance/build_sus_res_dap_atlas/global/plots|results/differential_abundance/build_sus_res_dap_atlas/global/reports/sus_res_biological_audit.xlsx|results/differential_abundance/build_sus_res_dap_atlas/global/manifests/run_manifest.yml	stage=enrichment; scope=global; datasets=global	results/differential_abundance/build_sus_res_dap_atlas/global/tables/sus_res_manuscript_theme_summary.csv|results/differential_abundance/build_sus_res_dap_atlas/global/tables|results/differential_abundance/build_sus_res_dap_atlas/global/tables/source_data|results/differential_abundance/build_sus_res_dap_atlas/global/plots|results/differential_abundance/build_sus_res_dap_atlas/global/reports/sus_res_biological_audit.xlsx|results/differential_abundance/build_sus_res_dap_atlas/global/manifests/run_manifest.yml	Downstream ProteinGroupID-level SUS-RES spatial DAP counts and within-dataset direction-aware overlap, plus a manuscript Panel C that separates descriptive all-tested-term median NES from original constituent GO-term BH FDR support. Spatial concordance and semantic redundancy are descriptive only. The XLSX is a human-facing audit of canonical CSVs. DAP-set GO-BP ORA remains separate; the stage does not rerun differential abundance or ranked GO/GSEA.
analysis/differential_abundance/audit_stress_response_biology.R	active_optional	required: results/differential_abundance/run_clusterprofiler_enrichment/neuron_neuropil/models/clusterProfiler_manifest.csv|data/processed/04_differential_expression_enrichment/clusterProfiler/neuron_neuropil/clusterProfiler_manifest.csv|results/differential_abundance/run_clusterprofiler_enrichment/neuron_soma/models/clusterProfiler_manifest.csv|data/processed/04_differential_expression_enrichment/clusterProfiler/neuron_soma/clusterProfiler_manifest.csv|results/differential_abundance/run_clusterprofiler_enrichment/microglia/models/clusterProfiler_manifest.csv|data/processed/04_differential_expression_enrichment/clusterProfiler/microglia/clusterProfiler_manifest.csv|config/manuscript_go_theme_registry.tsv|results/differential_abundance/build_go_program_atlas/global/tables/source_data/spatial_atlas_enrichment_long.csv|results/source_data/04_differential_expression_enrichment/compareGO_spatial_atlas/spatial_atlas_enrichment_long.csv; optional: 	results/differential_abundance/audit_stress_response_biology/global/tables|results/differential_abundance/audit_stress_response_biology/global/tables/source_data|results/differential_abundance/audit_stress_response_biology/global/plots|results/differential_abundance/audit_stress_response_biology/global/reports|results/differential_abundance/audit_stress_response_biology/global/manifests/run_manifest.yml	stage=enrichment; scope=global; datasets=global	results/differential_abundance/audit_stress_response_biology/global/tables|results/differential_abundance/audit_stress_response_biology/global/tables/source_data|results/differential_abundance/audit_stress_response_biology/global/plots|results/differential_abundance/audit_stress_response_biology/global/reports|results/differential_abundance/audit_stress_response_biology/global/manifests/run_manifest.yml	Bounded downstream three-contrast audit. Preserves individual-contrast protein/GO BH FDR; adds secondary dataset-by-spatial-unit joint control-pair BH families on matched ProteinGroupID/GO-ID universes using raw nominal p-values. SUS-RES remains outside those families. Direct-DAP control-reference geometry is selected only by canonical SUS-RES FDR and is descriptive, not independent validation. Effect/NES trajectories are descriptive; no DA model, GSEA, DAP-set ORA, WGCNA, or behavior model is rerun. The SUS-RES audit workbook is a protected reference artifact, not a Stage-11 input.
analysis/enrichment/run_ewce_celltype_enrichment.R	active_optional	required: results/differential_abundance/run_clusterprofiler_enrichment/<dataset>/models/clusterProfiler_manifest.csv|data/processed/04_differential_expression_enrichment/clusterProfiler/<dataset>/clusterProfiler_manifest.csv; optional: results/differential_abundance/compare_go_enrichment/<dataset>/models/compareGO_input_manifest.csv|data/processed/04_differential_expression_enrichment/compareGO/<dataset>/compareGO_input_manifest.csv	results/enrichment/run_ewce_celltype_enrichment/<dataset>/tables/|results/enrichment/run_ewce_celltype_enrichment/<dataset>/plots/|results/enrichment/run_ewce_celltype_enrichment/<dataset>/models/|results/enrichment/run_ewce_celltype_enrichment/<dataset>/manifests/|results/enrichment/run_ewce_celltype_enrichment/<dataset>/reports/	stage=enrichment; scope=dataset_specific; datasets=neuron_neuropil,neuron_soma,microglia	results/enrichment/run_ewce_celltype_enrichment/<dataset>/tables/|results/enrichment/run_ewce_celltype_enrichment/<dataset>/plots/|results/enrichment/run_ewce_celltype_enrichment/<dataset>/models/|results/enrichment/run_ewce_celltype_enrichment/<dataset>/manifests/|results/enrichment/run_ewce_celltype_enrichment/<dataset>/reports/	Canonical EWCE uses AnimalID x spatial-unit biological replicates: observed left/right hemispheres are aggregated within animal, with biological n=3 animals per condition. Ordinary execution therefore writes EWCE_E9/<dataset>. Sample-level EWCE is retained only as explicit legacy/sensitivity work with PROTEOMICS_EWCE_ANALYSIS_UNIT=sample and a required PROTEOMICS_EWCE_BRANCH, which writes EWCE_E9_comparison/<branch>/<dataset>. Animal cache identity is branch-independent and records cache accounting after completed runs.
analysis/wgcna/build_wgcna_modules.R	active_required	required: data/processed/01_preprocessing/impute/*_pgmatrix_imputed_<dataset>_*_missing70pct.xlsx|data/metadata/TPE9_sample_metadata_males.xlsx|data/external/MOUSE_10090_idmapping.dat; optional: data/metadata/manual_mapping.xlsx	results/wgcna/build_wgcna_modules/<dataset>/tables/modules|results/wgcna/build_wgcna_modules/<dataset>/tables/supermodules/wgcna_module_supermodule_annotation.csv|results/wgcna/build_wgcna_modules/<dataset>/tables/supermodules/wgcna_supermodule_summary.csv|results/wgcna/build_wgcna_modules/<dataset>/tables/supermodules/wgcna_supermodule_GO_term_support_audit.csv|results/wgcna/build_wgcna_modules/<dataset>/tables/supermodules/wgcna_supermodule_biological_coherence.csv|results/wgcna/build_wgcna_modules/<dataset>/tables/supermodules/wgcna_supermodule_validation_summary.csv|results/wgcna/build_wgcna_modules/<dataset>/tables/supermodules/supermodule_clustering_sensitivity.csv	stage=modules_wgcna; scope=dataset_specific; datasets=neuron_neuropil,neuron_soma,microglia	results/wgcna/build_wgcna_modules/<dataset>/tables/modules|results/wgcna/build_wgcna_modules/<dataset>/tables/supermodules/wgcna_module_supermodule_annotation.csv|results/wgcna/build_wgcna_modules/<dataset>/tables/supermodules/wgcna_supermodule_summary.csv|results/wgcna/build_wgcna_modules/<dataset>/tables/supermodules/wgcna_supermodule_GO_term_support_audit.csv|results/wgcna/build_wgcna_modules/<dataset>/tables/supermodules/wgcna_supermodule_biological_coherence.csv|results/wgcna/build_wgcna_modules/<dataset>/tables/supermodules/wgcna_supermodule_validation_summary.csv|results/wgcna/build_wgcna_modules/<dataset>/tables/supermodules/supermodule_clustering_sensitivity.csv	Network/module construction from the canonical post-filter quantitative matrix. Supermodules are signed eigengene meta-modules keyed by dataset + SupermoduleID; GO naming uses recurring all-protein module terms at FDR <= 0.05 and hub overlap is audit-only. This is the only stage entry that recomputes core WGCNA state; downstream annotation/reporting should use modules_downstream.
analysis/wgcna/render_module_go_heatmaps.R	active_optional	required: results/wgcna/build_wgcna_modules/<dataset>/tables/modules/WGCNA_module_GO_enrichment_long.csv|results/tables/06_modules_WGCNA/01_WGCNA/<dataset>/modules/WGCNA_module_GO_enrichment_long.csv|results/wgcna/build_wgcna_modules/<dataset>/tables/modules/module_name_map.csv|results/tables/06_modules_WGCNA/01_WGCNA/<dataset>/modules/module_name_map.csv|results/wgcna/build_wgcna_modules/<dataset>/tables/supermodules/|results/tables/06_modules_WGCNA/01_WGCNA/<dataset>/supermodules/; optional: 	results/wgcna/render_module_go_heatmaps/<dataset>/tables|results/wgcna/render_module_go_heatmaps/<dataset>/plots	stage=modules_downstream; scope=dataset_specific; datasets=neuron_neuropil,neuron_soma,microglia	results/wgcna/render_module_go_heatmaps/<dataset>/tables|results/wgcna/render_module_go_heatmaps/<dataset>/plots	Creates representative all-module GO heatmaps. Module cells are BH-FDR enrichment strengths; supermodule cells are recurrence-weighted member-module summaries, not pooled ORA tests.
analysis/wgcna/compare_recurrent_module_proteins.R	active_optional	required: results/tables/04_differential_expression_enrichment/compareGO/<dataset>/BP/phenotype_within_unit/07_Top_Genes_Driving_TopTerms.xlsx; optional: 	results/wgcna/compare_recurrent_module_proteins/<dataset>/tables/recurrent_top_gene_drivers/overlapping_proteins_min3_spatial_units.xlsx	stage=modules_downstream; scope=dataset_specific; datasets=neuron_neuropil,neuron_soma,microglia	results/wgcna/compare_recurrent_module_proteins/<dataset>/tables/recurrent_top_gene_drivers/overlapping_proteins_min3_spatial_units.xlsx	Dataset-specific recurrent GO/protein comparison across spatial units; does not alter WGCNA modules.
analysis/wgcna/build_curated_overlap_programs.R	active_optional	required: results/tables/04_differential_expression_enrichment/compareGO/overlapping_proteins_min3_datasets.xlsx; optional: data/external/MOUSE_10090_idmapping.dat	results/wgcna/build_curated_overlap_programs/global/tables	stage=modules_downstream; scope=global; datasets=global	results/wgcna/build_curated_overlap_programs/global/tables	Curated overlap programs are global biological program sets and are distinct from WGCNA module construction.
analysis/wgcna/score_module_activity.R	active_optional	required: results/wgcna/build_wgcna_modules/<dataset>/tables/modules/|results/tables/06_modules_WGCNA/01_WGCNA/<dataset>/modules/|results/preprocessing/map_protein_identifiers/<dataset>/tables/mapped/forward/per_file/*.csv|data/processed/02_id_mapping/mapped/<dataset>/forward/per_file/*.csv; optional: results/preprocessing/build_module_score_metadata/<dataset>/tables/sample_metadata_merged_clean_for_module_scores.xlsx|data/processed/01_preprocessing/06_merged_metadata_module_score/<dataset>/sample_metadata_merged_clean_for_module_scores.xlsx|results/wgcna/build_wgcna_modules/<dataset>/tables/supermodules/wgcna_module_supermodule_annotation.csv|results/tables/06_modules_WGCNA/01_WGCNA/<dataset>/supermodules/wgcna_module_supermodule_annotation.csv	results/wgcna/score_module_activity/<dataset>/tables	stage=modules_downstream; scope=dataset_specific; datasets=neuron_neuropil,neuron_soma,microglia	results/wgcna/score_module_activity/<dataset>/tables	Module scoring layer: scores existing module definitions against dataset matrices; does not rebuild WGCNA modules. Dataset fallback is overlap for neuron_neuropil and WGCNA for neuron_soma/microglia.
analysis/wgcna/compare_module_enrichment_overlap.R	active_optional	required: results/wgcna/build_wgcna_modules/<dataset>/tables/modules/|results/tables/06_modules_WGCNA/01_WGCNA/<dataset>/modules/|results/differential_abundance/run_clusterprofiler_enrichment/<dataset>/models/clusterProfiler_manifest.csv|data/processed/04_differential_expression_enrichment/clusterProfiler/<dataset>/clusterProfiler_manifest.csv|results/differential_abundance/compare_go_enrichment/<dataset>/models/compareGO_input_manifest.csv|data/processed/04_differential_expression_enrichment/compareGO/<dataset>/compareGO_input_manifest.csv; optional: results/differential_abundance/summarize_biological_programs/<dataset>/tables/program_summary.csv|results/tables/04_differential_expression_enrichment/biological_program_summary/<dataset>/program_summary.csv	results/wgcna/compare_module_enrichment_overlap/<dataset>/tables	stage=modules_downstream; scope=dataset_specific; datasets=neuron_neuropil,neuron_soma,microglia	results/wgcna/compare_module_enrichment_overlap/<dataset>/tables	Bridge layer between WGCNA modules and DE/GSEA manifests; must run after WGCNA and enrichment.
analysis/wgcna/build_module_identity_contract.R	active_optional	required: results/wgcna/build_wgcna_modules/<dataset>/models/wgcna_final_model_state.rds|data/processed/06_modules_WGCNA/01_WGCNA/<dataset>/wgcna_final_model_state.rds|results/wgcna/build_wgcna_modules/<dataset>/tables/modules/WGCNA_module_definitions_for_downstream.csv|results/tables/06_modules_WGCNA/01_WGCNA/<dataset>/modules/WGCNA_module_definitions_for_downstream.csv|results/wgcna/build_wgcna_modules/<dataset>/tables/supermodules/wgcna_module_supermodule_annotation.csv|results/tables/06_modules_WGCNA/01_WGCNA/<dataset>/supermodules/wgcna_module_supermodule_annotation.csv|results/wgcna/build_wgcna_modules/<dataset>/tables/supermodules/wgcna_supermodule_summary.csv|results/tables/06_modules_WGCNA/01_WGCNA/<dataset>/supermodules/wgcna_supermodule_summary.csv|results/wgcna/build_wgcna_modules/<dataset>/tables/supermodules/wgcna_supermodule_eigengene_clusters.csv|results/tables/06_modules_WGCNA/01_WGCNA/<dataset>/supermodules/wgcna_supermodule_eigengene_clusters.csv|results/wgcna/build_wgcna_modules/<dataset>/tables/supermodules/supermodule_clustering_sensitivity.csv|results/tables/06_modules_WGCNA/01_WGCNA/<dataset>/supermodules/supermodule_clustering_sensitivity.csv|results/wgcna/build_wgcna_modules/<dataset>/manifests/run_manifest.yml|results/logs/06_modules_WGCNA/01_WGCNA/<dataset>/run_manifest.yml|results/wgcna/build_wgcna_modules/<dataset>/manifests/wgcna_run_manifest.yml|results/logs/06_modules_WGCNA/01_WGCNA/<dataset>/wgcna_run_manifest.yml|results/wgcna/build_wgcna_modules/<dataset>/manifests/output_manifest.csv|results/logs/06_modules_WGCNA/01_WGCNA/<dataset>/output_manifest.csv|results/wgcna/build_wgcna_modules/<dataset>/tables/modules/WGCNA_parameter_audit.csv|results/tables/06_modules_WGCNA/01_WGCNA/<dataset>/modules/WGCNA_parameter_audit.csv; optional: results/wgcna/test_module_phenotypes/<dataset>/tables/|results/tables/06_modules_WGCNA/group_effects/<dataset>/|results/wgcna/annotate_module_microenvironment/<dataset>/tables/|results/tables/06_modules_WGCNA/module_annotation/<dataset>/|results/wgcna/summarize_module_interpretation/<dataset>/tables/|results/tables/06_modules_WGCNA/interpretable_summary/<dataset>/|results/wgcna/summarize_module_scores/<dataset>/tables/|results/tables/06_modules_WGCNA/score_publication_summary/<dataset>/|results/wgcna/audit_module_claim_readiness/<dataset>/tables/|results/tables/06_modules_WGCNA/claim_readiness/<dataset>/|results/integration/render_module_circular_atlas/global/tables/source_data|results/source_data/10_biological_integration/wgcna_circular_atlas/global/	results/wgcna/build_module_identity_contract/<dataset>/tables|results/wgcna/build_module_identity_contract/<dataset>/tables/source_data|results/wgcna/build_module_identity_contract/<dataset>/reports|results/wgcna/build_module_identity_contract/<dataset>/manifests	stage=modules_downstream; scope=dataset_specific; datasets=neuron_neuropil,neuron_soma,microglia	results/wgcna/build_module_identity_contract/<dataset>/tables|results/wgcna/build_module_identity_contract/<dataset>/tables/source_data|results/wgcna/build_module_identity_contract/<dataset>/reports|results/wgcna/build_module_identity_contract/<dataset>/manifests	Read-only canonical identity publication. Neuronal authority is the provenance-selected Stage 01 cluster assignment; microglia authority is the current Stage 01 member map. Stage 05-13 inputs are compatibility-audit only and never select membership or labels.
analysis/wgcna/test_module_phenotypes.R	active_optional	required: results/wgcna/build_wgcna_modules/<dataset>/models/wgcna_final_model_state.rds|data/processed/06_modules_WGCNA/01_WGCNA/<dataset>/wgcna_final_model_state.rds|results/wgcna/build_module_identity_contract/<dataset>/tables/WGCNA_entity_identity_contract.csv|results/tables/06_modules_WGCNA/identity_contract/<dataset>/WGCNA_entity_identity_contract.csv|results/wgcna/build_module_identity_contract/<dataset>/tables/WGCNA_module_supermodule_membership_contract.csv|results/tables/06_modules_WGCNA/identity_contract/<dataset>/WGCNA_module_supermodule_membership_contract.csv|results/wgcna/build_module_identity_contract/<dataset>/tables/WGCNA_identity_contract_status.csv|results/tables/06_modules_WGCNA/identity_contract/<dataset>/WGCNA_identity_contract_status.csv; optional: 	results/wgcna/test_module_phenotypes/<dataset>/tables/module_group_effects.csv|results/wgcna/test_module_phenotypes/<dataset>/tables/supermodule_group_effects.csv|results/wgcna/test_module_phenotypes/<dataset>/tables/supermodule_composition.csv|results/wgcna/test_module_phenotypes/<dataset>/tables/WGCNA_group_effect_endpoint_provenance.csv|results/wgcna/test_module_phenotypes/<dataset>/tables/WGCNA_group_effect_model_validation.csv|results/wgcna/test_module_phenotypes/<dataset>/tables/WGCNA_group_effect_sample_inclusion_audit.csv|results/wgcna/test_module_phenotypes/<dataset>/tables/WGCNA_group_effect_animal_spatial_unit_values.csv|results/wgcna/test_module_phenotypes/<dataset>/tables/WGCNA_group_effect_hemisphere_values.csv|results/wgcna/test_module_phenotypes/<dataset>/tables/WGCNA_group_effect_interaction_conditional_followup.csv|results/wgcna/test_module_phenotypes/<dataset>/tables/WGCNA_group_effect_sensitivity.csv|results/wgcna/test_module_phenotypes/<dataset>/tables/WGCNA_group_effect_left_right_concordance.csv|results/wgcna/test_module_phenotypes/<dataset>/tables/WGCNA_group_effect_downstream_consumer_migration_audit.csv|results/wgcna/test_module_phenotypes/<dataset>/tables/WGCNA_group_effect_contract_status.csv|results/wgcna/test_module_phenotypes/<dataset>/tables/supermodule_pca_input_audit.csv|results/wgcna/test_module_phenotypes/<dataset>/tables/supermodule_pca_eigenvalues.csv|results/wgcna/test_module_phenotypes/<dataset>/tables/supermodule_pca_member_loadings.csv|results/wgcna/test_module_phenotypes/<dataset>/tables/all_supermodule_eigengene_group_values.csv|results/wgcna/test_module_phenotypes/<dataset>/tables/all_supermodule_eigengene_spatial_group_values.csv|results/wgcna/test_module_phenotypes/<dataset>/tables/WGCNA_group_effect_legacy_output_staleness_audit.csv	stage=modules_downstream; scope=dataset_specific; datasets=neuron_neuropil,neuron_soma,microglia	results/wgcna/test_module_phenotypes/<dataset>/tables/module_group_effects.csv|results/wgcna/test_module_phenotypes/<dataset>/tables/supermodule_group_effects.csv|results/wgcna/test_module_phenotypes/<dataset>/tables/supermodule_composition.csv|results/wgcna/test_module_phenotypes/<dataset>/tables/WGCNA_group_effect_endpoint_provenance.csv|results/wgcna/test_module_phenotypes/<dataset>/tables/WGCNA_group_effect_model_validation.csv|results/wgcna/test_module_phenotypes/<dataset>/tables/WGCNA_group_effect_sample_inclusion_audit.csv|results/wgcna/test_module_phenotypes/<dataset>/tables/WGCNA_group_effect_animal_spatial_unit_values.csv|results/wgcna/test_module_phenotypes/<dataset>/tables/WGCNA_group_effect_hemisphere_values.csv|results/wgcna/test_module_phenotypes/<dataset>/tables/WGCNA_group_effect_interaction_conditional_followup.csv|results/wgcna/test_module_phenotypes/<dataset>/tables/WGCNA_group_effect_sensitivity.csv|results/wgcna/test_module_phenotypes/<dataset>/tables/WGCNA_group_effect_left_right_concordance.csv|results/wgcna/test_module_phenotypes/<dataset>/tables/WGCNA_group_effect_downstream_consumer_migration_audit.csv|results/wgcna/test_module_phenotypes/<dataset>/tables/WGCNA_group_effect_contract_status.csv|results/wgcna/test_module_phenotypes/<dataset>/tables/supermodule_pca_input_audit.csv|results/wgcna/test_module_phenotypes/<dataset>/tables/supermodule_pca_eigenvalues.csv|results/wgcna/test_module_phenotypes/<dataset>/tables/supermodule_pca_member_loadings.csv|results/wgcna/test_module_phenotypes/<dataset>/tables/all_supermodule_eigengene_group_values.csv|results/wgcna/test_module_phenotypes/<dataset>/tables/all_supermodule_eigengene_spatial_group_values.csv|results/wgcna/test_module_phenotypes/<dataset>/tables/WGCNA_group_effect_legacy_output_staleness_audit.csv	Phase 2B v5 statistical production only. Bilateral values use equal hemisphere weighting after within-hemisphere technical-row means and sha256_utf8_lf_v1 content hashes. Named, full-interaction follow-up, and composite reduced/full omnibus diagnostics have explicit scopes; mixed-model boundaries use the prespecified variance-ratio rule and retain lme4 singularity as a separate diagnostic. The identity contract is the sole membership authority; publication readiness is not assessed. Existing generated Stage 05 migration-status artifacts remain stale until a later authorized refresh; the source migration is complete and claim-facing consumers use only the Stage 07 inferential handoff.
analysis/wgcna/annotate_module_microenvironment.R	active_optional	required: results/wgcna/build_wgcna_modules/<dataset>/tables/modules/|results/tables/06_modules_WGCNA/01_WGCNA/<dataset>/modules/|results/wgcna/build_wgcna_modules/<dataset>/tables/supermodules/wgcna_module_supermodule_annotation.csv|results/tables/06_modules_WGCNA/01_WGCNA/<dataset>/supermodules/wgcna_module_supermodule_annotation.csv|results/wgcna/build_wgcna_modules/<dataset>/tables/supermodules/wgcna_supermodule_summary.csv|results/tables/06_modules_WGCNA/01_WGCNA/<dataset>/supermodules/wgcna_supermodule_summary.csv; optional: config/marker_panels/wgcna_reference_marker_sets.csv|results/qc/discover_empirical_roi_markers/global/tables/empirical_roi_marker_sets.csv|results/tables/03_qc_exploration/05_empirical_roi_marker_discovery/empirical_roi_marker_sets.csv|results/differential_abundance/annotate_neuropil_reference/<dataset>/tables|results/tables/04_differential_expression_enrichment/neuropil_reference_annotation/<dataset>/	results/wgcna/annotate_module_microenvironment/<dataset>/tables/WGCNA_module_biological_annotation.csv|results/wgcna/annotate_module_microenvironment/<dataset>/tables/WGCNA_supermodule_biological_annotation.csv|results/wgcna/annotate_module_microenvironment/<dataset>/tables/WGCNA_module_targeted_signature_overlap_details.csv	stage=modules_downstream; scope=dataset_specific; datasets=neuron_neuropil,neuron_soma,microglia	results/wgcna/annotate_module_microenvironment/<dataset>/tables/WGCNA_module_biological_annotation.csv|results/wgcna/annotate_module_microenvironment/<dataset>/tables/WGCNA_supermodule_biological_annotation.csv|results/wgcna/annotate_module_microenvironment/<dataset>/tables/WGCNA_module_targeted_signature_overlap_details.csv	Biological annotation layer. Consumes marker registry, empirical markers, WGCNA outputs, and neuropil annotations when present; microglia labels refer to ROI/local microenvironment unless explicit immune-state evidence is present.
analysis/wgcna/summarize_module_interpretation.R	active_optional	required: results/wgcna/test_module_phenotypes/<dataset>/tables/module_group_effects.csv|results/tables/06_modules_WGCNA/group_effects/<dataset>/module_group_effects.csv|results/wgcna/test_module_phenotypes/<dataset>/tables/supermodule_group_effects.csv|results/tables/06_modules_WGCNA/group_effects/<dataset>/supermodule_group_effects.csv|results/wgcna/test_module_phenotypes/<dataset>/tables/supermodule_composition.csv|results/tables/06_modules_WGCNA/group_effects/<dataset>/supermodule_composition.csv|results/wgcna/build_wgcna_modules/<dataset>/tables/supermodules/wgcna_module_supermodule_annotation.csv|results/tables/06_modules_WGCNA/01_WGCNA/<dataset>/supermodules/wgcna_module_supermodule_annotation.csv|results/wgcna/annotate_module_microenvironment/<dataset>/tables/WGCNA_module_biological_annotation.csv|results/tables/06_modules_WGCNA/module_annotation/<dataset>/WGCNA_module_biological_annotation.csv|results/wgcna/annotate_module_microenvironment/<dataset>/tables/WGCNA_supermodule_biological_annotation.csv|results/tables/06_modules_WGCNA/module_annotation/<dataset>/WGCNA_supermodule_biological_annotation.csv|config/wgcna_labels/<dataset>.csv (required for microglia reviewed-label authority); optional: results/wgcna/compare_module_enrichment_overlap/<dataset>/tables/|results/tables/06_modules_WGCNA/04_wgcna_de_gsea_overlap/<dataset>/	results/wgcna/summarize_module_interpretation/<dataset>/tables/WGCNA_interpretable_summary.xlsx|results/wgcna/summarize_module_interpretation/<dataset>/tables/WGCNA_label_candidates.csv|results/wgcna/summarize_module_interpretation/<dataset>/tables/WGCNA_final_label_lookup.csv|results/wgcna/summarize_module_interpretation/<dataset>/tables/WGCNA_inferential_handoff.csv	stage=modules_downstream; scope=dataset_specific; datasets=neuron_neuropil,neuron_soma,microglia	results/wgcna/summarize_module_interpretation/<dataset>/tables/WGCNA_interpretable_summary.xlsx|results/wgcna/summarize_module_interpretation/<dataset>/tables/WGCNA_label_candidates.csv|results/wgcna/summarize_module_interpretation/<dataset>/tables/WGCNA_final_label_lookup.csv|results/wgcna/summarize_module_interpretation/<dataset>/tables/WGCNA_inferential_handoff.csv	Final WGCNA interpretable module/supermodule summary tables and plots. The inferential handoff retains every independent module endpoint and only genuine multi-module supermodule endpoints, with tier-specific FDR copied through the Phase 2B adapter. For microglia, reviewed biological labels remain authoritative while automatic proposals, GO, hub, and microenvironment evidence remain provenance.
analysis/wgcna/render_module_figures.R	active_optional	required: results/wgcna/summarize_module_interpretation/microglia/tables/WGCNA_final_label_lookup.csv|results/tables/06_modules_WGCNA/interpretable_summary/microglia/WGCNA_final_label_lookup.csv|results/wgcna/summarize_module_interpretation/microglia/tables/WGCNA_inferential_handoff.csv|results/tables/06_modules_WGCNA/interpretable_summary/microglia/WGCNA_inferential_handoff.csv|results/wgcna/test_module_phenotypes/microglia/tables/all_supermodule_eigengene_group_values.csv|results/tables/06_modules_WGCNA/group_effects/microglia/all_supermodule_eigengene_group_values.csv|results/wgcna/test_module_phenotypes/microglia/tables/supermodule_pca_member_loadings.csv|results/tables/06_modules_WGCNA/group_effects/microglia/supermodule_pca_member_loadings.csv|results/wgcna/build_wgcna_modules/microglia/tables/supermodules/wgcna_module_supermodule_annotation.csv|results/tables/06_modules_WGCNA/01_WGCNA/microglia/supermodules/wgcna_module_supermodule_annotation.csv; optional: 	results/wgcna/render_module_figures/microglia/plots/all_supermodule_architecture.svg|results/wgcna/render_module_figures/microglia/plots/all_supermodule_global_eigengenes.svg|results/wgcna/render_module_figures/microglia/plots/all_supermodule_sus_res_forest.svg|results/wgcna/render_module_figures/microglia/plots/all_supermodule_sus_res_spatial_heatmap.svg|results/wgcna/render_module_figures/microglia/plots/multi_supermodule_member_loadings.svg|results/wgcna/render_module_figures/microglia/plots/supplementary_all_contrast_effect_matrix.svg|results/wgcna/render_module_figures/microglia/tables/WGCNA_publication_figure_validation.csv	stage=modules_downstream; scope=dataset_specific; datasets=microglia	results/wgcna/render_module_figures/microglia/plots/all_supermodule_architecture.svg|results/wgcna/render_module_figures/microglia/plots/all_supermodule_global_eigengenes.svg|results/wgcna/render_module_figures/microglia/plots/all_supermodule_sus_res_forest.svg|results/wgcna/render_module_figures/microglia/plots/all_supermodule_sus_res_spatial_heatmap.svg|results/wgcna/render_module_figures/microglia/plots/multi_supermodule_member_loadings.svg|results/wgcna/render_module_figures/microglia/plots/supplementary_all_contrast_effect_matrix.svg|results/wgcna/render_module_figures/microglia/tables/WGCNA_publication_figure_validation.csv	Final all-supermodule publication renderer. Uses the reviewed Stage 07 lookup and inferential handoff; singleton panels reuse their canonical module endpoint and do not create an independent claim. Raw eigengene values and PCA loadings remain non-inferential Stage 05 inputs.
analysis/wgcna/summarize_module_scores.R	active_optional	required: results/wgcna/score_module_activity/<dataset>/tables/wgcna/supermodule_directional_effects.csv|results/tables/06_modules_WGCNA/module_score/<dataset>/wgcna/supermodule_directional_effects.csv|results/wgcna/score_module_activity/<dataset>/tables/wgcna/supermodule_directional_consistency.csv|results/tables/06_modules_WGCNA/module_score/<dataset>/wgcna/supermodule_directional_consistency.csv|results/wgcna/score_module_activity/<dataset>/tables/wgcna/supermodule_score_correlation_structure.csv|results/tables/06_modules_WGCNA/module_score/<dataset>/wgcna/supermodule_score_correlation_structure.csv|results/wgcna/summarize_module_interpretation/<dataset>/tables/WGCNA_final_label_lookup.csv|results/tables/06_modules_WGCNA/interpretable_summary/<dataset>/WGCNA_final_label_lookup.csv; optional: 	results/wgcna/summarize_module_scores/<dataset>/plots/publication_supermodule_effect_heatmap_<dataset>_wgcna_primary_all_replicates.svg|results/wgcna/summarize_module_scores/<dataset>/plots/publication_supermodule_effect_heatmap_<dataset>_wgcna_sensitivity.svg|results/wgcna/summarize_module_scores/<dataset>/plots/publication_supermodule_correlation_<dataset>_wgcna_primary_all_replicates.svg|results/wgcna/summarize_module_scores/<dataset>/plots/publication_supermodule_correlation_<dataset>_wgcna_sensitivity.svg|results/wgcna/summarize_module_scores/<dataset>/plots/publication_supermodule_consistency_<dataset>_wgcna_primary_all_replicates.svg|results/wgcna/summarize_module_scores/<dataset>/plots/publication_supermodule_consistency_<dataset>_wgcna_sensitivity.svg|results/wgcna/summarize_module_scores/<dataset>/tables/WGCNA_score_publication_validation.csv	stage=modules_downstream; scope=dataset_specific; datasets=neuron_neuropil,neuron_soma,microglia	results/wgcna/summarize_module_scores/<dataset>/plots/publication_supermodule_effect_heatmap_<dataset>_wgcna_primary_all_replicates.svg|results/wgcna/summarize_module_scores/<dataset>/plots/publication_supermodule_effect_heatmap_<dataset>_wgcna_sensitivity.svg|results/wgcna/summarize_module_scores/<dataset>/plots/publication_supermodule_correlation_<dataset>_wgcna_primary_all_replicates.svg|results/wgcna/summarize_module_scores/<dataset>/plots/publication_supermodule_correlation_<dataset>_wgcna_sensitivity.svg|results/wgcna/summarize_module_scores/<dataset>/plots/publication_supermodule_consistency_<dataset>_wgcna_primary_all_replicates.svg|results/wgcna/summarize_module_scores/<dataset>/plots/publication_supermodule_consistency_<dataset>_wgcna_sensitivity.svg|results/wgcna/summarize_module_scores/<dataset>/tables/WGCNA_score_publication_validation.csv	Final publication rendering only. Score/statistics computation stays in score_module_activity.R; every rendered label must come from the canonical final lookup produced by summarize_module_interpretation.R.
analysis/wgcna/render_microglia_module_figures.R	active_optional	required: results/wgcna/summarize_module_interpretation/microglia/tables/WGCNA_final_label_lookup.csv|results/tables/06_modules_WGCNA/interpretable_summary/microglia/WGCNA_final_label_lookup.csv|results/wgcna/test_module_phenotypes/microglia/tables/all_supermodule_eigengene_group_values.csv|results/tables/06_modules_WGCNA/group_effects/microglia/all_supermodule_eigengene_group_values.csv|results/wgcna/summarize_module_interpretation/microglia/tables/WGCNA_inferential_handoff.csv|results/tables/06_modules_WGCNA/interpretable_summary/microglia/WGCNA_inferential_handoff.csv|results/wgcna/test_module_phenotypes/microglia/tables/supermodule_pca_member_loadings.csv|results/tables/06_modules_WGCNA/group_effects/microglia/supermodule_pca_member_loadings.csv|results/wgcna/build_wgcna_modules/microglia/tables/supermodules/wgcna_module_supermodule_annotation.csv|results/tables/06_modules_WGCNA/01_WGCNA/microglia/supermodules/wgcna_module_supermodule_annotation.csv|results/wgcna/build_wgcna_modules/microglia/tables/supermodules/wgcna_supermodule_summary.csv|results/tables/06_modules_WGCNA/01_WGCNA/microglia/supermodules/wgcna_supermodule_summary.csv|results/wgcna/build_wgcna_modules/microglia/tables/modules/WGCNA_module_definitions_for_downstream.csv|results/tables/06_modules_WGCNA/01_WGCNA/microglia/modules/WGCNA_module_definitions_for_downstream.csv|results/reviewer_audit/microglia_wgcna_nature_readiness/module_robustness_consensus.csv|results/reviewer_audit/microglia_wgcna_nature_readiness/higher_order_block_readiness_summary.csv|results/reviewer_audit/microglia_wgcna_nature_readiness/module_eigengene_variance_partition_fixed_group.csv; optional: 	results/wgcna/render_microglia_module_figures/microglia/plots/corrected_all_supermodule_architecture.svg|results/wgcna/render_microglia_module_figures/microglia/plots/corrected_all_supermodule_architecture.pdf|results/wgcna/render_microglia_module_figures/microglia/plots/corrected_all_supermodule_global_eigengenes.svg|results/wgcna/render_microglia_module_figures/microglia/plots/corrected_all_supermodule_global_eigengenes.pdf|results/wgcna/render_microglia_module_figures/microglia/plots/corrected_all_supermodule_sus_res_forest.svg|results/wgcna/render_microglia_module_figures/microglia/plots/corrected_all_supermodule_sus_res_forest.pdf|results/wgcna/render_microglia_module_figures/microglia/plots/corrected_all_supermodule_sus_res_spatial_heatmap.svg|results/wgcna/render_microglia_module_figures/microglia/plots/corrected_all_supermodule_sus_res_spatial_heatmap.pdf|results/wgcna/render_microglia_module_figures/microglia/plots/corrected_multi_supermodule_member_loadings.svg|results/wgcna/render_microglia_module_figures/microglia/plots/corrected_multi_supermodule_member_loadings.pdf|results/wgcna/render_microglia_module_figures/microglia/plots/corrected_supplementary_all_contrast_effect_matrix.svg|results/wgcna/render_microglia_module_figures/microglia/plots/corrected_supplementary_all_contrast_effect_matrix.pdf|results/wgcna/render_microglia_module_figures/microglia/plots/wgcna_readiness_summary.svg|results/wgcna/render_microglia_module_figures/microglia/plots/wgcna_readiness_summary.pdf|results/wgcna/render_microglia_module_figures/microglia/tables/source_data/corrected_all_supermodule_architecture_source.csv|results/wgcna/render_microglia_module_figures/microglia/tables/source_data/corrected_all_supermodule_global_eigengenes_source.csv|results/wgcna/render_microglia_module_figures/microglia/tables/source_data/corrected_all_supermodule_sus_res_forest_source.csv|results/wgcna/render_microglia_module_figures/microglia/tables/source_data/corrected_all_supermodule_sus_res_spatial_heatmap_source.csv|results/wgcna/render_microglia_module_figures/microglia/tables/source_data/corrected_multi_supermodule_member_loadings_source.csv|results/wgcna/render_microglia_module_figures/microglia/tables/source_data/corrected_supplementary_all_contrast_effect_matrix_source.csv|results/wgcna/render_microglia_module_figures/microglia/tables/source_data/wgcna_readiness_summary_source.csv|results/wgcna/render_microglia_module_figures/microglia/tables/supermodule_group_effects_standardized.csv|results/wgcna/render_microglia_module_figures/microglia/tables/WGCNA_corrected_publication_figure_validation.csv|results/wgcna/render_microglia_module_figures/microglia/manifests/run_manifest.yml	stage=modules_downstream; scope=dataset_specific; datasets=microglia	results/wgcna/render_microglia_module_figures/microglia/plots/corrected_all_supermodule_architecture.svg|results/wgcna/render_microglia_module_figures/microglia/plots/corrected_all_supermodule_architecture.pdf|results/wgcna/render_microglia_module_figures/microglia/plots/corrected_all_supermodule_global_eigengenes.svg|results/wgcna/render_microglia_module_figures/microglia/plots/corrected_all_supermodule_global_eigengenes.pdf|results/wgcna/render_microglia_module_figures/microglia/plots/corrected_all_supermodule_sus_res_forest.svg|results/wgcna/render_microglia_module_figures/microglia/plots/corrected_all_supermodule_sus_res_forest.pdf|results/wgcna/render_microglia_module_figures/microglia/plots/corrected_all_supermodule_sus_res_spatial_heatmap.svg|results/wgcna/render_microglia_module_figures/microglia/plots/corrected_all_supermodule_sus_res_spatial_heatmap.pdf|results/wgcna/render_microglia_module_figures/microglia/plots/corrected_multi_supermodule_member_loadings.svg|results/wgcna/render_microglia_module_figures/microglia/plots/corrected_multi_supermodule_member_loadings.pdf|results/wgcna/render_microglia_module_figures/microglia/plots/corrected_supplementary_all_contrast_effect_matrix.svg|results/wgcna/render_microglia_module_figures/microglia/plots/corrected_supplementary_all_contrast_effect_matrix.pdf|results/wgcna/render_microglia_module_figures/microglia/plots/wgcna_readiness_summary.svg|results/wgcna/render_microglia_module_figures/microglia/plots/wgcna_readiness_summary.pdf|results/wgcna/render_microglia_module_figures/microglia/tables/source_data/corrected_all_supermodule_architecture_source.csv|results/wgcna/render_microglia_module_figures/microglia/tables/source_data/corrected_all_supermodule_global_eigengenes_source.csv|results/wgcna/render_microglia_module_figures/microglia/tables/source_data/corrected_all_supermodule_sus_res_forest_source.csv|results/wgcna/render_microglia_module_figures/microglia/tables/source_data/corrected_all_supermodule_sus_res_spatial_heatmap_source.csv|results/wgcna/render_microglia_module_figures/microglia/tables/source_data/corrected_multi_supermodule_member_loadings_source.csv|results/wgcna/render_microglia_module_figures/microglia/tables/source_data/corrected_supplementary_all_contrast_effect_matrix_source.csv|results/wgcna/render_microglia_module_figures/microglia/tables/source_data/wgcna_readiness_summary_source.csv|results/wgcna/render_microglia_module_figures/microglia/tables/supermodule_group_effects_standardized.csv|results/wgcna/render_microglia_module_figures/microglia/tables/WGCNA_corrected_publication_figure_validation.csv|results/wgcna/render_microglia_module_figures/microglia/manifests/run_manifest.yml	Additive corrected WGCNA figure layer. Reads inference only from the Stage 07 handoff, standardizes by the exact response SD, and presents AnimalID means without overwriting historic Stage 08 outputs.
analysis/wgcna/test_microglia_neuropil_independence.R	active_optional	required: config/microglia_neuropil_independence.yml|results/wgcna/summarize_module_interpretation/microglia/tables/WGCNA_inferential_handoff.csv|results/tables/06_modules_WGCNA/interpretable_summary/microglia/WGCNA_inferential_handoff.csv|results/wgcna/build_wgcna_modules/microglia/tables/modules/|results/tables/06_modules_WGCNA/01_WGCNA/microglia/modules/|results/wgcna/build_wgcna_modules/neuron_neuropil/tables/modules/|results/tables/06_modules_WGCNA/01_WGCNA/neuron_neuropil/modules/; optional: results/tables/03_qc_exploration/06_wgcna_marker_trait_export/microglia/wgcna_marker_traits_by_sample.csv|results/tables/03_qc_exploration/06_wgcna_marker_trait_export/neuron_neuropil/wgcna_marker_traits_by_sample.csv	results/wgcna/test_microglia_neuropil_independence/microglia/tables/microglia_neuropil_independence_effects.csv|results/wgcna/test_microglia_neuropil_independence/microglia/tables/microglia_module_neuropil_independence_classification.csv|results/wgcna/test_microglia_neuropil_independence/microglia/tables/WGCNA_module_inferential_handoff_with_neuropil_independence.csv|results/wgcna/test_microglia_neuropil_independence/global/tables/microglia_neuropil_independence_claim_gate.csv|results/wgcna/test_microglia_neuropil_independence/global/tables/microglia_neuropil_covariate_selection_audit.csv	stage=modules_downstream; scope=dataset_specific; datasets=microglia	results/wgcna/test_microglia_neuropil_independence/microglia/tables/microglia_neuropil_independence_effects.csv|results/wgcna/test_microglia_neuropil_independence/microglia/tables/microglia_module_neuropil_independence_classification.csv|results/wgcna/test_microglia_neuropil_independence/microglia/tables/WGCNA_module_inferential_handoff_with_neuropil_independence.csv|results/wgcna/test_microglia_neuropil_independence/global/tables/microglia_neuropil_independence_claim_gate.csv|results/wgcna/test_microglia_neuropil_independence/global/tables/microglia_neuropil_covariate_selection_audit.csv	Microglia-only sensitivity analysis testing whether module/signature group effects persist after matched region-level neuron_neuropil covariate adjustment. Predeclared config-driven adjustments are separated from exploratory strongest-Spearman matching; exploratory rows are diagnostic only and cannot enable purified cell-type claim wording.
analysis/wgcna/render_microglia_independence_figures.R	active_optional	required: results/wgcna/test_microglia_neuropil_independence/microglia/tables/microglia_neuropil_independence_effects.csv|results/tables/06_modules_WGCNA/microglia_neuropil_independence/microglia/microglia_neuropil_independence_effects.csv|results/wgcna/test_microglia_neuropil_independence/microglia/tables/microglia_module_neuropil_independence_classification.csv|results/tables/06_modules_WGCNA/microglia_neuropil_independence/microglia/microglia_module_neuropil_independence_classification.csv|results/wgcna/test_microglia_neuropil_independence/microglia/tables/WGCNA_module_inferential_handoff_with_neuropil_independence.csv|results/tables/06_modules_WGCNA/microglia_neuropil_independence/microglia/WGCNA_module_inferential_handoff_with_neuropil_independence.csv; optional: 	results/wgcna/render_microglia_independence_figures/microglia/plots|results/wgcna/render_microglia_independence_figures/microglia/tables/source_data	stage=modules_downstream; scope=dataset_specific; datasets=microglia	results/wgcna/render_microglia_independence_figures/microglia/plots|results/wgcna/render_microglia_independence_figures/microglia/tables/source_data	Publication-style rendering of existing microglia matched-neuropil independence diagnostics; no model refitting and no WGCNA recomputation.
analysis/wgcna/summarize_microglia_roi_specificity.R	active_optional	required: config/microglia_neuropil_independence.yml|results/wgcna/build_wgcna_modules/microglia/tables/modules/|results/tables/06_modules_WGCNA/01_WGCNA/microglia/modules/|results/wgcna/build_wgcna_modules/neuron_neuropil/tables/modules/|results/tables/06_modules_WGCNA/01_WGCNA/neuron_neuropil/modules/|results/wgcna/annotate_module_microenvironment/microglia/tables/WGCNA_module_biological_annotation.csv|results/tables/06_modules_WGCNA/module_annotation/microglia/WGCNA_module_biological_annotation.csv; optional: results/wgcna/build_wgcna_modules/neuron_soma/tables/modules/|results/tables/06_modules_WGCNA/01_WGCNA/neuron_soma/modules/|results/tables/03_qc_exploration/06_wgcna_marker_trait_export/microglia/wgcna_marker_traits_by_sample.csv|results/tables/03_qc_exploration/06_wgcna_marker_trait_export/neuron_neuropil/wgcna_marker_traits_by_sample.csv|results/tables/03_qc_exploration/06_wgcna_marker_trait_export/neuron_soma/wgcna_marker_traits_by_sample.csv|results/wgcna/annotate_module_microenvironment/microglia/tables/WGCNA_module_targeted_signature_overlap_details.csv|results/tables/06_modules_WGCNA/module_annotation/microglia/WGCNA_module_targeted_signature_overlap_details.csv	results/wgcna/summarize_microglia_roi_specificity/microglia/tables|results/wgcna/summarize_microglia_roi_specificity/microglia/tables/source_data|results/wgcna/summarize_microglia_roi_specificity/microglia/plots|results/wgcna/summarize_microglia_roi_specificity/microglia/reports|results/wgcna/summarize_microglia_roi_specificity/microglia/plots/microglia_roi_specificity_decision_map.svg|results/wgcna/summarize_microglia_roi_specificity/microglia/plots/microglia_roi_specificity_decision_map.pdf	stage=modules_downstream; scope=dataset_specific; datasets=microglia	results/wgcna/summarize_microglia_roi_specificity/microglia/tables|results/wgcna/summarize_microglia_roi_specificity/microglia/tables/source_data|results/wgcna/summarize_microglia_roi_specificity/microglia/plots|results/wgcna/summarize_microglia_roi_specificity/microglia/reports|results/wgcna/summarize_microglia_roi_specificity/microglia/plots/microglia_roi_specificity_decision_map.svg|results/wgcna/summarize_microglia_roi_specificity/microglia/plots/microglia_roi_specificity_decision_map.pdf	Contrast-free diagnostic of microglia ROI module specificity, matched neuropil/soma coupling, and cross-compartment module sharing. Does not test StressGroup effects and does not enable purified cell-type claims without supporting evidence.
analysis/wgcna/summarize_module_complex_architecture.R	active_optional	required: results/wgcna/build_wgcna_modules/<dataset>/tables/modules/|results/tables/06_modules_WGCNA/01_WGCNA/<dataset>/modules/; optional: results/wgcna/annotate_module_microenvironment/<dataset>/tables/WGCNA_module_biological_annotation.csv|results/tables/06_modules_WGCNA/module_annotation/<dataset>/WGCNA_module_biological_annotation.csv|config/marker_panels/wgcna_reference_marker_sets.csv	results/wgcna/summarize_module_complex_architecture/<dataset>/tables/module_complex_architecture.csv|results/wgcna/summarize_module_complex_architecture/<dataset>/tables/source_data/module_complex_architecture.csv|results/wgcna/summarize_module_complex_architecture/<dataset>/manifests/run_manifest.yml	stage=modules_downstream; scope=dataset_specific; datasets=neuron_neuropil,neuron_soma,microglia	results/wgcna/summarize_module_complex_architecture/<dataset>/tables/module_complex_architecture.csv|results/wgcna/summarize_module_complex_architecture/<dataset>/tables/source_data/module_complex_architecture.csv|results/wgcna/summarize_module_complex_architecture/<dataset>/manifests/run_manifest.yml	Protein-complex/organelle architecture evidence from existing module definitions; no core WGCNA recomputation.
analysis/wgcna/audit_module_robustness.R	active_optional	required: results/wgcna/summarize_module_interpretation/<dataset>/tables/WGCNA_inferential_handoff.csv|results/tables/06_modules_WGCNA/interpretable_summary/<dataset>/WGCNA_inferential_handoff.csv; optional: results/wgcna/build_wgcna_modules/<dataset>/tables/modules/WGCNA_module_preservation_summary.csv|results/tables/06_modules_WGCNA/01_WGCNA/<dataset>/modules/WGCNA_module_preservation_summary.csv|results/tables/03_qc_exploration/05_pca_confounding_qc/<dataset>/PCA_confounding_summary.csv|results/tables/03_qc_exploration/06_variance_partitioning/<dataset>/group_technical_confounding_screen.csv	results/wgcna/audit_module_robustness/<dataset>/tables/module_robustness_sensitivity.csv|results/wgcna/audit_module_robustness/<dataset>/tables/source_data/module_robustness_sensitivity.csv|results/wgcna/audit_module_robustness/<dataset>/manifests/run_manifest.yml	stage=modules_downstream; scope=dataset_specific; datasets=neuron_neuropil,neuron_soma,microglia	results/wgcna/audit_module_robustness/<dataset>/tables/module_robustness_sensitivity.csv|results/wgcna/audit_module_robustness/<dataset>/tables/source_data/module_robustness_sensitivity.csv|results/wgcna/audit_module_robustness/<dataset>/manifests/run_manifest.yml	Robustness/sensitivity synthesis from the Stage 07 inferential handoff, preservation, and QC/confounding outputs; tier family, claim gate, and source key are retained.
analysis/wgcna/audit_microglia_module_claims.R	active_optional	required: results/wgcna/build_wgcna_modules/microglia/models/wgcna_final_model_state.rds|data/processed/06_modules_WGCNA/01_WGCNA/microglia/wgcna_final_model_state.rds|results/wgcna/test_module_phenotypes/microglia/tables/|results/tables/06_modules_WGCNA/group_effects/microglia/; optional: results/wgcna/test_microglia_neuropil_independence/microglia/tables/|results/tables/06_modules_WGCNA/microglia_neuropil_independence/microglia/|results/wgcna/audit_module_robustness/microglia/tables/|results/tables/06_modules_WGCNA/module_robustness_sensitivity/microglia/	results/wgcna/audit_microglia_module_claims/global/reports/WGCNA_nature_readiness_report.md|results/wgcna/audit_microglia_module_claims/global/tables/module_robustness_consensus.csv|results/wgcna/audit_microglia_module_claims/global/tables/higher_order_block_readiness_summary.csv	stage=modules_downstream; scope=dataset_specific; datasets=microglia	results/wgcna/audit_microglia_module_claims/global/reports/WGCNA_nature_readiness_report.md|results/wgcna/audit_microglia_module_claims/global/tables/module_robustness_consensus.csv|results/wgcna/audit_microglia_module_claims/global/tables/higher_order_block_readiness_summary.csv	Optional additive manuscript-readiness audit. Fixed memberships only; unblocked conventional WGCNA preservation is descriptive, strict nonspatial sensitivity is diagnostic, and region-organized covariance is not a technical failure.
analysis/wgcna/summarize_microglia_module_claims.R	active_optional	required: results/reviewer_audit/microglia_wgcna_nature_readiness/; optional: 	results/wgcna/summarize_microglia_module_claims/global/tables/finalization_validation.csv	stage=modules_downstream; scope=dataset_specific; datasets=microglia	results/wgcna/summarize_microglia_module_claims/global/tables/finalization_validation.csv	Packaging and integrity finalization only; it performs no scientific inference.
analysis/wgcna/audit_module_claim_readiness.R	active_optional	required: results/wgcna/summarize_module_interpretation/microglia/tables/WGCNA_inferential_handoff.csv|results/tables/06_modules_WGCNA/interpretable_summary/microglia/WGCNA_inferential_handoff.csv|results/wgcna/annotate_module_microenvironment/microglia/tables/WGCNA_module_biological_annotation.csv|results/tables/06_modules_WGCNA/module_annotation/microglia/WGCNA_module_biological_annotation.csv|results/wgcna/annotate_module_microenvironment/microglia/tables/WGCNA_supermodule_biological_annotation.csv|results/tables/06_modules_WGCNA/module_annotation/microglia/WGCNA_supermodule_biological_annotation.csv|results/wgcna/summarize_module_interpretation/microglia/tables/WGCNA_final_label_lookup.csv|results/tables/06_modules_WGCNA/interpretable_summary/microglia/WGCNA_final_label_lookup.csv|results/reviewer_audit/microglia_wgcna_nature_readiness/module_robustness_consensus.csv|results/reviewer_audit/microglia_wgcna_nature_readiness/higher_order_block_readiness_summary.csv|results/wgcna/build_wgcna_modules/microglia/tables/supermodules/wgcna_module_supermodule_annotation.csv|results/tables/06_modules_WGCNA/01_WGCNA/microglia/supermodules/wgcna_module_supermodule_annotation.csv; optional: results/wgcna/test_microglia_neuropil_independence/microglia/tables/microglia_module_neuropil_independence_classification.csv|results/tables/06_modules_WGCNA/microglia_neuropil_independence/microglia/microglia_module_neuropil_independence_classification.csv|results/wgcna/audit_module_robustness/microglia/tables/WGCNA_claim_gate_audit.csv|results/tables/06_modules_WGCNA/module_robustness_sensitivity/microglia/WGCNA_claim_gate_audit.csv	results/wgcna/audit_module_claim_readiness/microglia/tables/WGCNA_entity_claim_readiness.csv|results/wgcna/audit_module_claim_readiness/microglia/tables/source_data/WGCNA_entity_claim_readiness_source.csv	stage=modules_downstream; scope=dataset_specific; datasets=microglia	results/wgcna/audit_module_claim_readiness/microglia/tables/WGCNA_entity_claim_readiness.csv|results/wgcna/audit_module_claim_readiness/microglia/tables/source_data/WGCNA_entity_claim_readiness_source.csv	Canonical non-circular manuscript handoff. Stages 05-07 and 12 must not consume Stage 13.
analysis/wgcna/audit_module_label_coherence.R	active_optional	required: results/wgcna/build_wgcna_modules/<dataset>/tables/modules/WGCNA_modules_long.csv|results/tables/06_modules_WGCNA/01_WGCNA/<dataset>/modules/WGCNA_modules_long.csv|results/wgcna/build_wgcna_modules/<dataset>/tables/modules/WGCNA_module_GO_enrichment_long.csv|results/tables/06_modules_WGCNA/01_WGCNA/<dataset>/modules/WGCNA_module_GO_enrichment_long.csv|results/wgcna/build_module_identity_contract/<dataset>/tables/WGCNA_module_supermodule_membership_contract.csv|results/tables/06_modules_WGCNA/identity_contract/<dataset>/WGCNA_module_supermodule_membership_contract.csv; optional: results/wgcna/build_wgcna_modules/<dataset>/tables/supermodules/wgcna_supermodule_biological_coherence.csv|results/tables/06_modules_WGCNA/01_WGCNA/<dataset>/supermodules/wgcna_supermodule_biological_coherence.csv|results/wgcna/summarize_module_interpretation/<dataset>/tables/WGCNA_final_label_lookup.csv|results/tables/06_modules_WGCNA/interpretable_summary/<dataset>/WGCNA_final_label_lookup.csv|results/wgcna/annotate_module_microenvironment/<dataset>/tables/WGCNA_module_biological_annotation.csv|results/tables/06_modules_WGCNA/module_annotation/<dataset>/WGCNA_module_biological_annotation.csv	results/wgcna/audit_module_label_coherence/<dataset>/tables/WGCNA_module_label_coherence_audit.csv|results/wgcna/audit_module_label_coherence/<dataset>/tables/WGCNA_supermodule_label_coherence_audit.csv|results/wgcna/audit_module_label_coherence/<dataset>/tables/WGCNA_label_supporting_proteins.csv|results/wgcna/audit_module_label_coherence/<dataset>/tables/WGCNA_label_review.xlsx|results/wgcna/audit_module_label_coherence/<dataset>/tables/PROPOSED_wgcna_reviewed_labels_<dataset>.csv	stage=networks; scope=per_dataset; datasets=neuron_neuropil,neuron_soma,microglia	results/wgcna/audit_module_label_coherence/<dataset>/tables/WGCNA_module_label_coherence_audit.csv|results/wgcna/audit_module_label_coherence/<dataset>/tables/WGCNA_supermodule_label_coherence_audit.csv|results/wgcna/audit_module_label_coherence/<dataset>/tables/WGCNA_label_supporting_proteins.csv|results/wgcna/audit_module_label_coherence/<dataset>/tables/WGCNA_label_review.xlsx|results/wgcna/audit_module_label_coherence/<dataset>/tables/PROPOSED_wgcna_reviewed_labels_<dataset>.csv	PHENOTYPE-BLIND label coherence audit. Asks whether the GO term that named each module describes its network centre, using frozen ORA geneID contributors mapped to ProteinGroupIDs. No WGCNA, ORA or label is recomputed and no canonical label is overwritten; proposed reviewed registries are written to the review namespace for manual adjudication only.
analysis/wgcna/adjudicate_module_labels.R	active_optional	required: results/wgcna/build_wgcna_modules/<dataset>/tables/modules/WGCNA_modules_long.csv|results/tables/06_modules_WGCNA/01_WGCNA/<dataset>/modules/WGCNA_modules_long.csv|results/wgcna/build_wgcna_modules/<dataset>/tables/modules/WGCNA_module_GO_enrichment_long.csv|results/tables/06_modules_WGCNA/01_WGCNA/<dataset>/modules/WGCNA_module_GO_enrichment_long.csv|results/wgcna/build_module_identity_contract/<dataset>/tables/WGCNA_module_supermodule_membership_contract.csv|results/tables/06_modules_WGCNA/identity_contract/<dataset>/WGCNA_module_supermodule_membership_contract.csv; optional: results/wgcna/build_wgcna_modules/<dataset>/tables/supermodules/wgcna_supermodule_biological_coherence.csv|results/tables/06_modules_WGCNA/01_WGCNA/<dataset>/supermodules/wgcna_supermodule_biological_coherence.csv|results/wgcna/summarize_module_interpretation/<dataset>/tables/WGCNA_final_label_lookup.csv|results/tables/06_modules_WGCNA/interpretable_summary/<dataset>/WGCNA_final_label_lookup.csv|results/wgcna/annotate_module_microenvironment/<dataset>/tables/WGCNA_module_biological_annotation.csv|results/tables/06_modules_WGCNA/module_annotation/<dataset>/WGCNA_module_biological_annotation.csv	results/wgcna/adjudicate_module_labels/global/tables/WGCNA_module_adjudication.csv|results/wgcna/adjudicate_module_labels/global/tables/WGCNA_supermodule_adjudication.csv|results/wgcna/adjudicate_module_labels/global/tables/WGCNA_module_theme_evidence.csv|results/wgcna/adjudicate_module_labels/global/tables/WGCNA_module_top25_hubs.csv|results/wgcna/adjudicate_module_labels/global/tables/WGCNA_label_consumer_migration_plan.csv|results/wgcna/adjudicate_module_labels/global/tables/WGCNA_label_adjudication.xlsx|results/wgcna/adjudicate_module_labels/global/tables/proposed_<dataset>_reviewed_labels.csv	stage=networks; scope=per_dataset; datasets=neuron_neuropil,neuron_soma,microglia	results/wgcna/adjudicate_module_labels/global/tables/WGCNA_module_adjudication.csv|results/wgcna/adjudicate_module_labels/global/tables/WGCNA_supermodule_adjudication.csv|results/wgcna/adjudicate_module_labels/global/tables/WGCNA_module_theme_evidence.csv|results/wgcna/adjudicate_module_labels/global/tables/WGCNA_module_top25_hubs.csv|results/wgcna/adjudicate_module_labels/global/tables/WGCNA_label_consumer_migration_plan.csv|results/wgcna/adjudicate_module_labels/global/tables/WGCNA_label_adjudication.xlsx|results/wgcna/adjudicate_module_labels/global/tables/proposed_<dataset>_reviewed_labels.csv	PHENOTYPE-BLIND conservative naming adjudication. Consolidates the frozen Stage-01 ORA (all / core kME>=0.60 / top-25 hub protein sets) into biological themes, measures whether the network centre supports each theme, and emits PROPOSED reviewed labels with adjudication_status=proposed and reviewer=NA. No WGCNA, ORA or canonical label is recomputed or overwritten; proposals are never treated as active registries.
analysis/wgcna/build_module_label_registry.R	active_optional	required: results/reviewer_audit/wgcna_label_adjudication/WGCNA_module_adjudication.csv|results/wgcna/build_module_identity_contract/<dataset>/tables/WGCNA_module_supermodule_membership_contract.csv|results/tables/06_modules_WGCNA/identity_contract/<dataset>/WGCNA_module_supermodule_membership_contract.csv; optional: results/reviewer_audit/wgcna_label_adjudication/WGCNA_supermodule_adjudication.csv|results/reviewer_audit/wgcna_label_adjudication/WGCNA_module_top25_hubs.csv|results/wgcna/summarize_module_interpretation/<dataset>/tables/WGCNA_final_label_lookup.csv|results/tables/06_modules_WGCNA/interpretable_summary/<dataset>/WGCNA_final_label_lookup.csv	results/wgcna/build_module_label_registry/global/tables/WGCNA_final_label_approval_table.csv|results/wgcna/build_module_label_registry/global/tables/WGCNA_canonical_display_label_resolution.csv|results/wgcna/build_module_label_registry/global/tables/WGCNA_label_activation_rules.csv|results/wgcna/build_module_label_registry/global/tables/WGCNA_ambiguous_module_comparison.csv|results/wgcna/build_module_label_registry/global/tables/WGCNA_final_label_approval.xlsx	stage=networks; scope=per_dataset; datasets=neuron_neuropil,neuron_soma,microglia	results/wgcna/build_module_label_registry/global/tables/WGCNA_final_label_approval_table.csv|results/wgcna/build_module_label_registry/global/tables/WGCNA_canonical_display_label_resolution.csv|results/wgcna/build_module_label_registry/global/tables/WGCNA_label_activation_rules.csv|results/wgcna/build_module_label_registry/global/tables/WGCNA_ambiguous_module_comparison.csv|results/wgcna/build_module_label_registry/global/tables/WGCNA_final_label_approval.xlsx	MANUAL-ADJUDICATION SUPPORT. Reads the frozen Stage-15 evidence packet (no scoring is rerun) and emits one approval row per module and supermodule with proposed_final_label, two alternatives, confidence, rationale, a label-hierarchy redundancy warning and recommended_for_activation. proposal_prepared_by=automated_evidence_audit, reviewer=NA, human_decision=NA - approval is a human act performed outside this pipeline. Activates nothing.
analysis/spatial_networks/build_spatial_networks.R	active_required	required: results/preprocessing/map_protein_identifiers/<dataset>/tables/mapped/forward/per_file/*.csv|data/processed/02_id_mapping/mapped/<dataset>/forward/per_file/*.csv; optional: results/wgcna/build_wgcna_modules/<dataset>/tables/modules/|results/tables/06_modules_WGCNA/01_WGCNA/<dataset>/modules/	results/spatial_networks/build_spatial_networks/<dataset>/models/*/network_spatial_relations_objects.rds|results/spatial_networks/build_spatial_networks/<dataset>/tables|results/spatial_networks/build_spatial_networks/<dataset>/plots|results/spatial_networks/build_spatial_networks/<dataset>/manifests|results/spatial_networks/build_spatial_networks/<dataset>/reports	stage=networks; scope=dataset_specific; datasets=neuron_neuropil,neuron_soma,microglia	results/spatial_networks/build_spatial_networks/<dataset>/models/*/network_spatial_relations_objects.rds|results/spatial_networks/build_spatial_networks/<dataset>/tables|results/spatial_networks/build_spatial_networks/<dataset>/plots|results/spatial_networks/build_spatial_networks/<dataset>/manifests|results/spatial_networks/build_spatial_networks/<dataset>/reports	Generates spatial relation objects; may use module annotations when present but does not recompute WGCNA.
analysis/spatial_networks/build_differential_networks.R	active_optional	required: results/spatial_networks/build_spatial_networks/<dataset>/models/*/network_spatial_relations_objects.rds|data/processed/07_spatial_networks/network_spatial_relations/<dataset>/*/network_spatial_relations_objects.rds; optional: 	results/spatial_networks/build_differential_networks/<dataset>/tables/all_group_edges_long.csv|results/spatial_networks/build_differential_networks/<dataset>/tables/rewiring_summary_counts.csv|results/spatial_networks/build_differential_networks/<dataset>/tables/differential_networks_summary.xlsx|results/spatial_networks/build_differential_networks/<dataset>/plots|results/spatial_networks/build_differential_networks/<dataset>/manifests	stage=networks; scope=dataset_specific; datasets=neuron_neuropil,neuron_soma	results/spatial_networks/build_differential_networks/<dataset>/tables/all_group_edges_long.csv|results/spatial_networks/build_differential_networks/<dataset>/tables/rewiring_summary_counts.csv|results/spatial_networks/build_differential_networks/<dataset>/tables/differential_networks_summary.xlsx|results/spatial_networks/build_differential_networks/<dataset>/plots|results/spatial_networks/build_differential_networks/<dataset>/manifests	Differential networks after spatial relation generation.
analysis/spatial_networks/test_network_stability.R	active_optional	required: results/spatial_networks/build_spatial_networks/<dataset>/models/*/network_spatial_relations_objects.rds|data/processed/07_spatial_networks/network_spatial_relations/<dataset>/*/network_spatial_relations_objects.rds; optional: 	results/spatial_networks/test_network_stability/<dataset>/tables|results/spatial_networks/test_network_stability/<dataset>/plots|results/spatial_networks/test_network_stability/<dataset>/manifests	stage=networks; scope=dataset_specific; datasets=neuron_neuropil,neuron_soma	results/spatial_networks/test_network_stability/<dataset>/tables|results/spatial_networks/test_network_stability/<dataset>/plots|results/spatial_networks/test_network_stability/<dataset>/manifests	Bootstrap network stability.
analysis/spatial_networks/test_differential_network_stability.R	active_optional	required: results/spatial_networks/build_spatial_networks/<dataset>/models/*/network_spatial_relations_objects.rds|data/processed/07_spatial_networks/network_spatial_relations/<dataset>/*/network_spatial_relations_objects.rds; optional: 	results/spatial_networks/test_differential_network_stability/<dataset>/tables/bootstrap_differential_edge_stability_summary.csv|results/spatial_networks/test_differential_network_stability/<dataset>/tables|results/spatial_networks/test_differential_network_stability/<dataset>/plots|results/spatial_networks/test_differential_network_stability/<dataset>/manifests	stage=networks; scope=dataset_specific; datasets=neuron_neuropil,neuron_soma	results/spatial_networks/test_differential_network_stability/<dataset>/tables/bootstrap_differential_edge_stability_summary.csv|results/spatial_networks/test_differential_network_stability/<dataset>/tables|results/spatial_networks/test_differential_network_stability/<dataset>/plots|results/spatial_networks/test_differential_network_stability/<dataset>/manifests	Bootstrap differential network stability.
analysis/spatial_networks/render_differential_network_figures.R	active_optional	required: results/spatial_networks/test_differential_network_stability/<dataset>/tables/bootstrap_differential_edge_stability_summary.csv|results/spatial_networks/test_differential_network_stability/<dataset>/tables/bootstrap_differential_edge_values_long.csv; optional: results/spatial_networks/test_differential_network_stability/<dataset>/tables/candidate_edge_differential_stability_summary.csv|results/tables/07_spatial_networks/bootstrap_differential_network_stability/bootstrap_differential_edge_stability_summary.csv	results/spatial_networks/render_differential_network_figures/<dataset>/plots|results/spatial_networks/render_differential_network_figures/<dataset>/manifests	stage=networks; scope=dataset_specific; datasets=neuron_neuropil,neuron_soma	results/spatial_networks/render_differential_network_figures/<dataset>/plots|results/spatial_networks/render_differential_network_figures/<dataset>/manifests	Figure layer after bootstrap differential network stability.
analysis/spatial_networks/render_network_chord_diagram.R	active_optional	required: data/processed/02_id_mapping/mapped/neuron-phenotypeWithinUnit/; optional: results/tables/07_spatial_networks/	results/spatial_networks/render_network_chord_diagram/<dataset>/plots|results/spatial_networks/render_network_chord_diagram/<dataset>/manifests	stage=networks; scope=dataset_specific; datasets=neuron_neuropil,neuron_soma	results/spatial_networks/render_network_chord_diagram/<dataset>/plots|results/spatial_networks/render_network_chord_diagram/<dataset>/manifests	Chord diagrams from mapped phenotype-within-unit edge/protein tables; current stage placement is retained although the input path is legacy-shaped.
analysis/spatial_validation/build_spatial_data_contract.R	active_optional	required: results/preprocessing/build_module_score_metadata/<dataset>/tables/sample_metadata_merged_clean_for_module_scores.xlsx|data/processed/01_preprocessing/06_merged_metadata_module_score/<dataset>/sample_metadata_merged_clean_for_module_scores.xlsx; optional: results/wgcna/test_module_phenotypes/<dataset>/tables/WGCNA_group_effect_hemisphere_values.csv|results/tables/06_modules_WGCNA/group_effects/<dataset>/WGCNA_group_effect_hemisphere_values.csv	results/spatial_validation/build_spatial_data_contract/global/tables/spatial_systems_hemisphere_inventory.csv|results/spatial_validation/build_spatial_data_contract/global/tables/spatial_systems_aggregation_validation.csv|results/spatial_validation/build_spatial_data_contract/global/tables/spatial_systems_evidence_dependence.csv	stage=networks; scope=per_dataset; datasets=neuron_neuropil,neuron_soma,microglia	results/spatial_validation/build_spatial_data_contract/global/tables/spatial_systems_hemisphere_inventory.csv|results/spatial_validation/build_spatial_data_contract/global/tables/spatial_systems_aggregation_validation.csv|results/spatial_validation/build_spatial_data_contract/global/tables/spatial_systems_evidence_dependence.csv	Hemisphere-resolved data contract. Builds ProteinGroupID x AnimalID x Hemisphere x SpatialUnit (level 1), the equal-weight bilateral level 2 and explicit L/R/bilateral matrices, then proves level 2 against the canonical protigy_aggregate_expression_columns() aggregation. AnimalID is the biological replicate; a hemisphere is a repeated tissue sample within an animal. A critical validation failure stops the layer.
analysis/spatial_validation/quantify_bilateral_spatial_identity.R	active_optional	required: results/preprocessing/build_module_score_metadata/<dataset>/tables/sample_metadata_merged_clean_for_module_scores.xlsx|data/processed/01_preprocessing/06_merged_metadata_module_score/<dataset>/sample_metadata_merged_clean_for_module_scores.xlsx; optional: results/wgcna/build_wgcna_modules/<dataset>/tables/modules/WGCNA_modules_long.csv|results/tables/06_modules_WGCNA/01_WGCNA/<dataset>/modules/WGCNA_modules_long.csv	results/spatial_validation/quantify_bilateral_spatial_identity/global/tables/bilateral_spatial_identity_protein_level.csv|results/spatial_validation/quantify_bilateral_spatial_identity/global/tables/bilateral_spatial_identity_summary.csv	stage=networks; scope=per_dataset; datasets=neuron_neuropil,neuron_soma,microglia	results/spatial_validation/quantify_bilateral_spatial_identity/global/tables/bilateral_spatial_identity_protein_level.csv|results/spatial_validation/quantify_bilateral_spatial_identity/global/tables/bilateral_spatial_identity_summary.csv	CON-only bilateral validation of anatomical identity. Runs the SAME contrast definitions, from the single registry in R/control_spatial_identity_utils.R, on left-only, right-only and bilateral data. Reports effect reproducibility; the both-sides-significant fraction is a sensitivity descriptor only. Does not replace the canonical Stage-09 analysis.
analysis/spatial_validation/quantify_empirical_compartments.R	active_optional	required: results/tables/03_qc_exploration/05_empirical_roi_marker_discovery/empirical_roi_protein_identity_crosswalk_proposed.csv; optional: results/qc/discover_empirical_roi_markers/global/tables/empirical_roi_marker_sets.csv|results/tables/03_qc_exploration/05_empirical_roi_marker_discovery/empirical_roi_marker_sets.csv	results/spatial_validation/quantify_empirical_compartments/global/tables/bilateral_empirical_compartment_protein_level.csv|results/spatial_validation/quantify_empirical_compartments/global/tables/bilateral_empirical_compartment_summary.csv|results/spatial_validation/quantify_empirical_compartments/global/tables/bilateral_empirical_marker_transfer.csv	stage=networks; scope=global; datasets=neuron_neuropil,neuron_soma,microglia	results/spatial_validation/quantify_empirical_compartments/global/tables/bilateral_empirical_compartment_protein_level.csv|results/spatial_validation/quantify_empirical_compartments/global/tables/bilateral_empirical_compartment_summary.csv|results/spatial_validation/quantify_empirical_compartments/global/tables/bilateral_empirical_marker_transfer.csv	Cross-hemisphere validation of empirical compartment identity, rebuilt from the side-resolved matrices. Reuses the canonical ~ AnimalID + dataset design; AnimalID is nested within StressGroup so group membership is fully absorbed and the compartment effect is phenotype-independent. Marker transfer sizes 25/50/100 are pre-specified, not tuned.
analysis/spatial_validation/quantify_module_bilateral_identity.R	active_optional	required: results/wgcna/test_module_phenotypes/<dataset>/tables/WGCNA_group_effect_hemisphere_values.csv|results/tables/06_modules_WGCNA/group_effects/<dataset>/WGCNA_group_effect_hemisphere_values.csv; optional: 	results/spatial_validation/quantify_module_bilateral_identity/global/tables/WGCNA_module_bilateral_reproducibility.csv|results/spatial_validation/quantify_module_bilateral_identity/global/tables/WGCNA_module_bilateral_spatial_profile_reproducibility.csv|results/spatial_validation/quantify_module_bilateral_identity/global/tables/WGCNA_module_bilateral_spatial_profile_summary.csv	stage=networks; scope=per_dataset; datasets=neuron_neuropil,neuron_soma,microglia	results/spatial_validation/quantify_module_bilateral_identity/global/tables/WGCNA_module_bilateral_reproducibility.csv|results/spatial_validation/quantify_module_bilateral_identity/global/tables/WGCNA_module_bilateral_spatial_profile_reproducibility.csv|results/spatial_validation/quantify_module_bilateral_identity/global/tables/WGCNA_module_bilateral_spatial_profile_summary.csv	Module bilateral reproducibility from the ACCEPTED Stage-05 hemisphere values; no WGCNA state is recomputed. Reports absolute-value reproducibility and spatial-pattern reproducibility separately, because a module can carry a constant side offset while preserving its spatial pattern. Poor agreement is not labelled a technical failure.
analysis/spatial_validation/annotate_module_celltypes.R	active_optional	required: results/wgcna/build_wgcna_modules/<dataset>/tables/modules/WGCNA_modules_long.csv|results/tables/06_modules_WGCNA/01_WGCNA/<dataset>/modules/WGCNA_modules_long.csv; optional: 	results/spatial_validation/annotate_module_celltypes/global/tables/WGCNA_module_external_celltype_affinity_long.csv|results/spatial_validation/annotate_module_celltypes/global/tables/WGCNA_module_external_celltype_affinity_summary.csv	stage=networks; scope=per_dataset; datasets=neuron_neuropil,neuron_soma,microglia	results/spatial_validation/annotate_module_celltypes/global/tables/WGCNA_module_external_celltype_affinity_long.csv|results/spatial_validation/annotate_module_celltypes/global/tables/WGCNA_module_external_celltype_affinity_summary.csv	Phenotype-blind external cell-type annotation of every module at three scopes (all / core_kME06 / top25) via the shared engine in R/ewce_gene_set_engine.R. Measured-proteome background; BH applied strictly within ewce_module_annotation_<dataset>_<scope>_<level> so the phenotype arm can never move these FDRs. External expression enrichment is NOT empirical compartment affinity and NOT a cell-proportion claim. WGCNA labels are unchanged.
analysis/spatial_validation/decompose_bilateral_variance.R	active_optional	required: results/wgcna/test_module_phenotypes/<dataset>/tables/WGCNA_group_effect_hemisphere_values.csv|results/tables/06_modules_WGCNA/group_effects/<dataset>/WGCNA_group_effect_hemisphere_values.csv; optional: config/marker_panels/wgcna_reference_marker_sets.csv|results/qc/discover_empirical_roi_markers/global/tables/empirical_roi_marker_sets.csv|results/tables/03_qc_exploration/05_empirical_roi_marker_discovery/empirical_roi_marker_sets.csv	results/spatial_validation/decompose_bilateral_variance/global/tables/bilateral_variance_decomposition.csv|results/spatial_validation/decompose_bilateral_variance/global/tables/bilateral_precision_gain.csv	stage=networks; scope=per_dataset; datasets=neuron_neuropil,neuron_soma,microglia	results/spatial_validation/decompose_bilateral_variance/global/tables/bilateral_variance_decomposition.csv|results/spatial_validation/decompose_bilateral_variance/global/tables/bilateral_precision_gain.csv	Repeated-measures variance decomposition over WGCNA modules, reference marker scores and empirical compartment scores. Hemisphere is a FIXED effect so a systematic side offset is estimated rather than absorbed into noise; SpatialUnit is random so the anatomical gradient does not inflate the residual. Reliability is reported only for converged, non-singular fits, and L/R variation is called within-animal hemispheric variance, not measurement error.
analysis/spatial_validation/validate_spatial_foundations.R	active_optional	required: results/spatial_validation/build_spatial_data_contract/global/tables/spatial_systems_aggregation_validation.csv|results/tables/11_spatial_systems/data_contract/spatial_systems_aggregation_validation.csv; optional: results/tables/11_spatial_systems/bilateral/|results/tables/11_spatial_systems/precision/|results/tables/11_spatial_systems/celltype_annotation/	results/spatial_validation/validate_spatial_foundations/global/tables/spatial_systems_foundation_validation.csv	stage=networks; scope=global; datasets=neuron_neuropil,neuron_soma,microglia	results/spatial_validation/validate_spatial_foundations/global/tables/spatial_systems_foundation_validation.csv	Gates the spatial systems layer. A critical FAIL exits non-zero so later atlas and network stages cannot be built on a foundation that did not hold.
analysis/spatial_validation/build_module_spatial_atlas.R	active_optional	required: results/wgcna/test_module_phenotypes/<dataset>/tables/WGCNA_group_effect_hemisphere_values.csv|results/tables/06_modules_WGCNA/group_effects/<dataset>/WGCNA_group_effect_hemisphere_values.csv|results/wgcna/build_wgcna_modules/<dataset>/tables/modules/WGCNA_modules_long.csv|results/tables/06_modules_WGCNA/01_WGCNA/<dataset>/modules/WGCNA_modules_long.csv|results/spatial_validation/annotate_module_celltypes/global/tables/WGCNA_module_external_celltype_affinity_long.csv|results/tables/11_spatial_systems/celltype_annotation/WGCNA_module_external_celltype_affinity_long.csv; optional: results/spatial_validation/quantify_module_bilateral_identity/global/tables/WGCNA_module_bilateral_reproducibility.csv|results/tables/11_spatial_systems/bilateral/WGCNA_module_bilateral_reproducibility.csv|results/spatial_validation/decompose_bilateral_variance/global/tables/bilateral_precision_gain.csv|results/tables/11_spatial_systems/precision/bilateral_precision_gain.csv|config/marker_panels/wgcna_reference_marker_sets.csv	results/spatial_validation/build_module_spatial_atlas/global/tables/WGCNA_module_spatial_cell_affinity.csv|results/spatial_validation/build_module_spatial_atlas/global/tables/WGCNA_module_baseline_spatial_profile_long.csv|results/spatial_validation/build_module_spatial_atlas/global/tables/WGCNA_module_spatial_fingerprints_raw.csv|results/spatial_validation/build_module_spatial_atlas/global/tables/WGCNA_module_spatial_fingerprints_z.csv|results/spatial_validation/build_module_spatial_atlas/global/tables/WGCNA_module_spatial_similarity.csv|results/spatial_validation/build_module_spatial_atlas/global/tables/WGCNA_module_empirical_compartment_affinity_long.csv|results/spatial_validation/build_module_spatial_atlas/global/tables/WGCNA_module_reference_marker_affinity_long.csv|results/spatial_validation/build_module_spatial_atlas/global/tables/WGCNA_label_spatial_cell_context_audit.csv|results/spatial_validation/build_module_spatial_atlas/global/tables/WGCNA_supermodule_spatial_cell_context.csv|results/spatial_validation/build_module_spatial_atlas/global/tables/WGCNA_supermodule_spatial_coherence.csv	stage=networks; scope=per_dataset; datasets=neuron_neuropil,neuron_soma,microglia	results/spatial_validation/build_module_spatial_atlas/global/tables/WGCNA_module_spatial_cell_affinity.csv|results/spatial_validation/build_module_spatial_atlas/global/tables/WGCNA_module_baseline_spatial_profile_long.csv|results/spatial_validation/build_module_spatial_atlas/global/tables/WGCNA_module_spatial_fingerprints_raw.csv|results/spatial_validation/build_module_spatial_atlas/global/tables/WGCNA_module_spatial_fingerprints_z.csv|results/spatial_validation/build_module_spatial_atlas/global/tables/WGCNA_module_spatial_similarity.csv|results/spatial_validation/build_module_spatial_atlas/global/tables/WGCNA_module_empirical_compartment_affinity_long.csv|results/spatial_validation/build_module_spatial_atlas/global/tables/WGCNA_module_reference_marker_affinity_long.csv|results/spatial_validation/build_module_spatial_atlas/global/tables/WGCNA_label_spatial_cell_context_audit.csv|results/spatial_validation/build_module_spatial_atlas/global/tables/WGCNA_supermodule_spatial_cell_context.csv|results/spatial_validation/build_module_spatial_atlas/global/tables/WGCNA_supermodule_spatial_coherence.csv	Integrated module spatial/cell-affinity atlas. Baseline identity is CON-only from the validated Stage-05 hemisphere values; empirical compartment, reference marker and external EWCE affinity are kept as separate dimensions and never summed into a composite score. Marker sets outside 0.5%-50% of the measured universe are flagged non-informative and excluded from the strongest-compartment call, because empirical_microglia_neuropil_shared spans ~73% of the proteome and cannot discriminate. Labels are audited, never changed.
analysis/spatial_validation/build_protein_spatial_atlas.R	active_optional	required: results/tables/10_biological_integration/wgcna_candidate_protein_shortlist/global/wgcna_candidate_proteins_all.csv; optional: results/spatial_validation/quantify_bilateral_spatial_identity/global/tables/bilateral_spatial_identity_protein_level.csv|results/tables/11_spatial_systems/bilateral/bilateral_spatial_identity_protein_level.csv|results/qc/discover_empirical_roi_markers/global/tables/empirical_roi_marker_sets.csv|results/tables/03_qc_exploration/05_empirical_roi_marker_discovery/empirical_roi_marker_sets.csv|config/marker_panels/wgcna_reference_marker_sets.csv	results/spatial_validation/build_protein_spatial_atlas/global/tables/protein_spatial_cell_affinity.csv|results/spatial_validation/build_protein_spatial_atlas/global/tables/protein_baseline_spatial_profile.csv|results/spatial_validation/build_protein_spatial_atlas/global/tables/protein_sus_res_fdr_supported_atlas.csv	stage=networks; scope=global; datasets=neuron_neuropil,neuron_soma,microglia	results/spatial_validation/build_protein_spatial_atlas/global/tables/protein_spatial_cell_affinity.csv|results/spatial_validation/build_protein_spatial_atlas/global/tables/protein_baseline_spatial_profile.csv|results/spatial_validation/build_protein_spatial_atlas/global/tables/protein_sus_res_fdr_supported_atlas.csv	Protein-level atlas over the UNION of the WGCNA candidate shortlist and every SUS-RES FDR-supported protein, deduplicated by dataset x ProteinGroupID. Baseline spatial identity is established from CON animals only; SUS-RES statistics are JOINED from canonical outputs and never recomputed. The effect-at-identity classification uses a prespecified within-protein high-affinity rule (upper third of that protein's own spatial ranking).
analysis/spatial_validation/quantify_neuropil_detection_context.R	active_optional	required: results/tables/04_differential_expression_enrichment/sus_res_spatial_dap_atlas/global/sus_res_dap_counts.csv; optional: results/tables/10_biological_integration/wgcna_candidate_protein_shortlist/neuron_neuropil/wgcna_candidate_proteins_long.csv	results/spatial_validation/quantify_neuropil_detection_context/global/tables/neuropil_spatial_detection_context.csv	stage=networks; scope=global; datasets=neuron_neuropil	results/spatial_validation/quantify_neuropil_detection_context/global/tables/neuropil_spatial_detection_context.csv	Detectability audit for the CA2-SLM hit burden. Separates genuine spatial concentration from baseline abundance and from per-unit statistical power, using ALL tested proteins per unit as the denominator rather than the phenotype-selected candidate subset. Joins the DAP-count table on route_unit: the sibling spatial_unit column is collapsed to bare Region for soma and microglia and would silently drop 8 of 18 units. No DA statistic is refitted.
analysis/spatial_validation/summarize_spatial_atlas.R	active_optional	required: results/spatial_validation/build_module_spatial_atlas/global/tables/WGCNA_module_spatial_cell_affinity.csv|results/tables/11_spatial_systems/atlas/WGCNA_module_spatial_cell_affinity.csv|results/spatial_validation/build_protein_spatial_atlas/global/tables/protein_spatial_cell_affinity.csv|results/tables/11_spatial_systems/atlas/protein_spatial_cell_affinity.csv; optional: results/spatial_validation/quantify_neuropil_detection_context/global/tables/neuropil_spatial_detection_context.csv|results/tables/11_spatial_systems/atlas/neuropil_spatial_detection_context.csv|results/spatial_validation/decompose_bilateral_variance/global/tables/bilateral_precision_gain.csv|results/tables/11_spatial_systems/precision/bilateral_precision_gain.csv	results/spatial_validation/summarize_spatial_atlas/global/reports/spatial_systems_atlas.xlsx|results/spatial_validation/summarize_spatial_atlas/global/tables/spatial_systems_atlas_validation.csv|results/spatial_validation/summarize_spatial_atlas/global/plots	stage=networks; scope=global; datasets=neuron_neuropil,neuron_soma,microglia	results/spatial_validation/summarize_spatial_atlas/global/reports/spatial_systems_atlas.xlsx|results/spatial_validation/summarize_spatial_atlas/global/tables/spatial_systems_atlas_validation.csv|results/spatial_validation/summarize_spatial_atlas/global/plots	Reviewer workbook, candidate figures and atlas validation. Figures are NEW candidates and replace no manuscript contract; each writes its own source-data CSV. A critical validation FAIL exits non-zero, which is how a stored zero empirical EWCE p-value would block the atlas.
analysis/spatial_validation/quantify_neuropil_precision.R	active_optional	required: data/processed/02_id_mapping_animal_level/mapped/neuron_neuropil/forward/per_file/; optional: data/raw/pg_matrix/quicksearch.pg_matrix.tsv|results/tables/03_qc_exploration/	results/spatial_validation/quantify_neuropil_precision/global/tables/neuropil_spatial_precision_context.csv|results/spatial_validation/quantify_neuropil_precision/global/tables/ca2_slm_imputation_artifact_test.csv	stage=networks; scope=global; datasets=neuron_neuropil	results/spatial_validation/quantify_neuropil_precision/global/tables/neuropil_spatial_precision_context.csv|results/spatial_validation/quantify_neuropil_precision/global/tables/ca2_slm_imputation_artifact_test.csv	Final power audit of the CA2-SLM hit concentration. Model SE is RECOVERED as |log2FC|/|t| from the published statistics, never refitted. Result: precision is ruled out by construction because the canonical DA shares one residual variance per protein across units (SE identical to 3.3e-14), and detectability is contradicted because CA2_slm has the HIGHEST pre-imputation missingness and the LOWEST baseline abundance. Differential missingness IS supported (SUS 0.229 vs RES 0.181; r(dmiss, log2FC) = -0.455) and 3 of the 5 QC-flagged neuropil samples are CA2_slm, so the concentration is substantially an imputation artifact; only 8 of 28 DAPs are fully observed.
analysis/spatial_validation/build_animal_spatial_networks.R	active_optional	required: results/preprocessing/build_module_score_metadata/<dataset>/tables/sample_metadata_merged_clean_for_module_scores.xlsx|data/processed/01_preprocessing/06_merged_metadata_module_score/<dataset>/sample_metadata_merged_clean_for_module_scores.xlsx; optional: results/spatial_validation/build_spatial_data_contract/global/tables/spatial_systems_hemisphere_inventory.csv|results/tables/11_spatial_systems/data_contract/spatial_systems_hemisphere_inventory.csv	results/spatial_validation/build_animal_spatial_networks/global/tables/network_representation_selection.csv|results/spatial_validation/build_animal_spatial_networks/global/tables/animal_network_edges.csv|results/spatial_validation/build_animal_spatial_networks/global/tables/animal_network_nodes.csv|results/spatial_validation/build_animal_spatial_networks/global/tables/animal_network_bilateral_reproducibility.csv|results/spatial_validation/build_animal_spatial_networks/global/tables/edge_bilateral_reproducibility.csv|results/spatial_validation/build_animal_spatial_networks/global/models/animal_network_objects.rds|results/spatial_validation/build_animal_spatial_networks/global/tables	stage=networks; scope=global; datasets=neuron_neuropil,neuron_soma,microglia	results/spatial_validation/build_animal_spatial_networks/global/tables/network_representation_selection.csv|results/spatial_validation/build_animal_spatial_networks/global/tables/animal_network_edges.csv|results/spatial_validation/build_animal_spatial_networks/global/tables/animal_network_nodes.csv|results/spatial_validation/build_animal_spatial_networks/global/tables/animal_network_bilateral_reproducibility.csv|results/spatial_validation/build_animal_spatial_networks/global/tables/edge_bilateral_reproducibility.csv|results/spatial_validation/build_animal_spatial_networks/global/models/animal_network_objects.rds|results/spatial_validation/build_animal_spatial_networks/global/tables	ONE AnimalID = ONE independent network replicate. Builds a side-resolved and a bilateral spatial molecular-profile similarity matrix per animal. The representation is chosen PHENOTYPE-BLIND on CON animals: anatomical discrimination is a validity FLOOR (0.05), not a tiebreaker, which is why raw abundance is rejected despite posting the highest inter-animal stability - it scores highest precisely because similarity is dominated by the global abundance rank every unit shares (0.009 discrimination versus 0.12-0.13). Full weighted matrices only; no thresholding.
analysis/spatial_validation/test_network_group_organization.R	active_optional	required: results/spatial_validation/build_animal_spatial_networks/global/models/animal_network_objects.rds|results/tables/11_spatial_systems/networks/animal_network_objects.rds|results/spatial_validation/build_animal_spatial_networks/global/tables/animal_network_edges.csv|results/tables/11_spatial_systems/networks/animal_network_edges.csv; optional: results/spatial_validation/build_module_spatial_atlas/global/tables/WGCNA_module_spatial_cell_affinity.csv|results/tables/11_spatial_systems/atlas/WGCNA_module_spatial_cell_affinity.csv|results/spatial_validation/build_module_spatial_atlas/global/tables/WGCNA_module_spatial_fingerprints_raw.csv|results/tables/11_spatial_systems/atlas/WGCNA_module_spatial_fingerprints_raw.csv|results/spatial_validation/build_protein_spatial_atlas/global/tables/protein_spatial_cell_affinity.csv|results/tables/11_spatial_systems/atlas/protein_spatial_cell_affinity.csv	results/spatial_validation/test_network_group_organization/global/tables/CON_spatial_molecular_similarity_matrix.csv|results/spatial_validation/test_network_group_organization/global/tables/animal_network_global_metrics.csv|results/spatial_validation/test_network_group_organization/global/tables/network_metric_redundancy.csv|results/spatial_validation/test_network_group_organization/global/tables/animal_network_distance_from_CON.csv|results/spatial_validation/test_network_group_organization/global/tables/network_group_metric_comparison.csv|results/spatial_validation/test_network_group_organization/global/tables/network_global_multivariate_test.csv|results/spatial_validation/test_network_group_organization/global/tables/network_edge_group_differences.csv|results/spatial_validation/test_network_group_organization/global/tables/spatial_edge_module_context.csv|results/spatial_validation/test_network_group_organization/global/tables/spatial_node_cell_context.csv|results/spatial_validation/test_network_group_organization/global/tables/spatial_node_network_integration.csv|results/spatial_validation/test_network_group_organization/global/tables/WGCNA_module_network_context.csv|results/spatial_validation/test_network_group_organization/global/tables/protein_network_context.csv	stage=networks; scope=global; datasets=neuron_neuropil,neuron_soma,microglia	results/spatial_validation/test_network_group_organization/global/tables/CON_spatial_molecular_similarity_matrix.csv|results/spatial_validation/test_network_group_organization/global/tables/animal_network_global_metrics.csv|results/spatial_validation/test_network_group_organization/global/tables/network_metric_redundancy.csv|results/spatial_validation/test_network_group_organization/global/tables/animal_network_distance_from_CON.csv|results/spatial_validation/test_network_group_organization/global/tables/network_group_metric_comparison.csv|results/spatial_validation/test_network_group_organization/global/tables/network_global_multivariate_test.csv|results/spatial_validation/test_network_group_organization/global/tables/network_edge_group_differences.csv|results/spatial_validation/test_network_group_organization/global/tables/spatial_edge_module_context.csv|results/spatial_validation/test_network_group_organization/global/tables/spatial_node_cell_context.csv|results/spatial_validation/test_network_group_organization/global/tables/spatial_node_network_integration.csv|results/spatial_validation/test_network_group_organization/global/tables/WGCNA_module_network_context.csv|results/spatial_validation/test_network_group_organization/global/tables/protein_network_context.csv	Group organisation with the ANIMAL as the inferential unit throughout: every permutation relabels whole animals and every bootstrap resamples animals. SUS vs RES enumerates all 20 assignments exactly, so the smallest ATTAINABLE two-sided p is 0.10 and no such comparison can reach 0.05 - failing to cross it is not evidence of no difference. The three-group omnibus enumerates 1680. No bootstrap sign frequency is ever reported as a p-value and no BH FDR is derived from one. CON animals are scored against a LEAVE-ONE-CON-OUT centroid. Part 23 adds node-level integration context back to the module and protein atlas; the edge structure stays in the network tables.
analysis/spatial_validation/validate_network_workbook.R	active_optional	required: results/spatial_validation/build_animal_spatial_networks/global/tables/animal_network_edges.csv|results/tables/11_spatial_systems/networks/animal_network_edges.csv|results/spatial_validation/test_network_group_organization/global/tables/network_edge_group_differences.csv|results/tables/11_spatial_systems/networks/network_edge_group_differences.csv; optional: results/tables/07_spatial_networks/|results/spatial_validation/test_network_group_organization/global/tables/WGCNA_module_network_context.csv|results/tables/11_spatial_systems/atlas/WGCNA_module_network_context.csv|results/spatial_validation/test_network_group_organization/global/tables/spatial_node_network_integration.csv|results/tables/11_spatial_systems/networks/spatial_node_network_integration.csv	results/spatial_validation/validate_network_workbook/global/reports/spatial_systems_networks.xlsx|results/spatial_validation/validate_network_workbook/global/tables/spatial_network_validation_status.csv|results/spatial_validation/validate_network_workbook/global/tables/legacy_spatial_network_comparison.csv|results/spatial_validation/validate_network_workbook/global/tables/network_behavior_coupling_audit.csv|results/spatial_validation/validate_network_workbook/global/plots	stage=networks; scope=global; datasets=neuron_neuropil,neuron_soma,microglia	results/spatial_validation/validate_network_workbook/global/reports/spatial_systems_networks.xlsx|results/spatial_validation/validate_network_workbook/global/tables/spatial_network_validation_status.csv|results/spatial_validation/validate_network_workbook/global/tables/legacy_spatial_network_comparison.csv|results/spatial_validation/validate_network_workbook/global/tables/network_behavior_coupling_audit.csv|results/spatial_validation/validate_network_workbook/global/plots	Legacy comparison, reviewer workbook, candidate figures and the network validation contract; a critical FAIL exits non-zero. The legacy 07_spatial_networks outputs are READ and labelled legacy_noncanonical_inference, never modified: its permutation_p was a bootstrap sign frequency (no group label was ever shuffled) and its fdr was a BH adjustment of that pseudo-p, with a minimum of 0.890 across all 18 edges. Zero legacy edges are comparable to the corrected 10-unit neuropil axis because the legacy network was built on the corrupted 4-node axis.
analysis/spatial_validation/audit_ca2_slm_robustness.R	active_optional	required: results/preprocessing/map_protein_identifiers/neuron_neuropil/tables/mapped/forward/per_file/CA2slmsus_CA2slmres.csv|data/processed/02_id_mapping/mapped/neuron_neuropil/forward/per_file/CA2slmsus_CA2slmres.csv|data/raw/pg_matrix/quicksearch.pg_matrix.tsv|data/metadata/TPE9_sample_metadata_males.xlsx|data/processed/01_preprocessing/protigy_input_animal_level/neuron_neuropil/neuron_neuropil_animal_level.gct|data/processed/01_preprocessing/impute/20260601_pgmatrix_imputed_neuron_neuropil_180samples_missing70pct.xlsx; optional: results/tables/03_qc_exploration/00_dataset_qc_report/neuron_neuropil/dataset_qc_outlier_flags.csv|results/spatial_validation/build_protein_spatial_atlas/global/tables/protein_spatial_cell_affinity.csv|results/tables/11_spatial_systems/atlas/protein_spatial_cell_affinity.csv	results/spatial_validation/audit_ca2_slm_robustness/global/tables/CA2_SLM_DAP_robustness.csv|results/spatial_validation/audit_ca2_slm_robustness/global/tables/CA2_SLM_leave_one_animal_out_long.csv|results/spatial_validation/audit_ca2_slm_robustness/global/tables/CA2_SLM_fully_observed_DAP_audit.csv|results/spatial_validation/audit_ca2_slm_robustness/global/tables/CA2_SLM_sample_context.csv|results/spatial_validation/audit_ca2_slm_robustness/global/tables/CA2_SLM_normalization_bias_context.csv|results/spatial_validation/audit_ca2_slm_robustness/global/tables/CA2_SLM_prespecified_thresholds.csv	stage=networks; scope=global; datasets=neuron_neuropil	results/spatial_validation/audit_ca2_slm_robustness/global/tables/CA2_SLM_DAP_robustness.csv|results/spatial_validation/audit_ca2_slm_robustness/global/tables/CA2_SLM_leave_one_animal_out_long.csv|results/spatial_validation/audit_ca2_slm_robustness/global/tables/CA2_SLM_fully_observed_DAP_audit.csv|results/spatial_validation/audit_ca2_slm_robustness/global/tables/CA2_SLM_sample_context.csv|results/spatial_validation/audit_ca2_slm_robustness/global/tables/CA2_SLM_normalization_bias_context.csv|results/spatial_validation/audit_ca2_slm_robustness/global/tables/CA2_SLM_prespecified_thresholds.csv	Per-protein robustness audit of the 28 FDR-supported CA2-SLM DAPs. Canonical differential abundance is READ, never refitted, and no new FDR is computed anywhere; every quantity is a descriptive sensitivity diagnostic on the same animal-level values the model consumed. Imputation status is derived from the PRE-imputation raw matrix, because the post-imputation matrix has no NA left. The sample-level reconstruction is proven to reproduce the animal-level matrix to 1e-14 before any sensitivity number is formed. Also measures the missingness-driven normalisation displacement: per-sample median centring on observed values inflates the median of a heavily missing sample, displacing EVERY protein in it downwards, including proteins with no imputed value. All thresholds are prespecified named constants and the classifier has no argument through which a module, gene or tier could reach it.
analysis/spatial_validation/audit_stress_identity_robustness.R	active_optional	required: results/spatial_validation/build_protein_spatial_atlas/global/tables/protein_spatial_cell_affinity.csv|results/tables/11_spatial_systems/atlas/protein_spatial_cell_affinity.csv|results/spatial_validation/audit_ca2_slm_robustness/global/tables/CA2_SLM_DAP_robustness.csv|results/spatial_validation/audit_ca2_slm_robustness/global/tables/CA2_SLM_DAP_robustness.csv|results/tables/11_spatial_systems/ca2_slm_robustness/CA2_SLM_DAP_robustness.csv|results/source_data/04_differential_expression_enrichment/sus_res_spatial_dap_atlas/global/sus_res_dap_membership.csv|data/raw/pg_matrix/quicksearch.pg_matrix.tsv|data/metadata/TPE9_sample_metadata_males.xlsx; optional: results/preprocessing/map_protein_identifiers/neuron_neuropil/tables/mapped/forward/per_file/|data/processed/02_id_mapping/mapped/neuron_neuropil/forward/per_file/	results/spatial_validation/audit_stress_identity_robustness/global/tables/CA2_SLM_DAP_robustness_annotated.csv|results/spatial_validation/audit_stress_identity_robustness/global/tables/CA2_SLM_spatial_specificity.csv|results/spatial_validation/audit_stress_identity_robustness/global/tables/CA2_SLM_effect_across_neuropil_units.csv|results/spatial_validation/audit_stress_identity_robustness/global/tables/stress_identity_robustness_comparison.csv|results/spatial_validation/audit_stress_identity_robustness/global/tables/CA2_SLM_module_distribution_comparison.csv|results/spatial_validation/audit_stress_identity_robustness/global/tables/fdr_supported_hit_observation_status.csv|results/spatial_validation/audit_stress_identity_robustness/global/tables/protein_claimability_annotation.csv	stage=networks; scope=global; datasets=neuron_neuropil,neuron_soma,microglia	results/spatial_validation/audit_stress_identity_robustness/global/tables/CA2_SLM_DAP_robustness_annotated.csv|results/spatial_validation/audit_stress_identity_robustness/global/tables/CA2_SLM_spatial_specificity.csv|results/spatial_validation/audit_stress_identity_robustness/global/tables/CA2_SLM_effect_across_neuropil_units.csv|results/spatial_validation/audit_stress_identity_robustness/global/tables/stress_identity_robustness_comparison.csv|results/spatial_validation/audit_stress_identity_robustness/global/tables/CA2_SLM_module_distribution_comparison.csv|results/spatial_validation/audit_stress_identity_robustness/global/tables/fdr_supported_hit_observation_status.csv|results/spatial_validation/audit_stress_identity_robustness/global/tables/protein_claimability_annotation.csv	Spatial specificity, module distribution, and the stress-vs-baseline-identity result recomputed over explicit robustness subsets. The effect-vs-identity rule is NOT reimplemented: the canonical per-protein labels from script 09 are TABULATED over different row subsets, so the headline number and the robustness-qualified number cannot drift apart. No FDR is recomputed and no protein is removed from the atlas. TWO-PASS DEPENDENCY: this script writes protein_claimability_annotation.csv, which script 09 joins as an optional overlay. On a clean pipeline script 09 emits the not_yet_audited state on its first pass and the populated state after this script has run, so 09 must be re-run once after 17 to carry the claimability fields.
analysis/spatial_validation/summarize_ca2_slm_robustness.R	active_optional	required: results/spatial_validation/audit_ca2_slm_robustness/global/tables/CA2_SLM_DAP_robustness.csv|results/spatial_validation/audit_ca2_slm_robustness/global/tables/CA2_SLM_DAP_robustness.csv|results/tables/11_spatial_systems/ca2_slm_robustness/CA2_SLM_DAP_robustness.csv|results/preprocessing/map_protein_identifiers/neuron_neuropil/tables/mapped/forward/per_file/CA2slmsus_CA2slmres.csv|data/processed/02_id_mapping/mapped/neuron_neuropil/forward/per_file/CA2slmsus_CA2slmres.csv; optional: results/tables/11_spatial_systems/ca2_slm_robustness/|results/tables/08_behavior_physio_coupling/animal_id_integrity/|results/integration/test_network_behaviour_coupling/global/tables|results/tables/08_behavior_physio_coupling/network_behavior_coupling/|data/processed/01_preprocessing/impute/20260601_pgmatrix_imputed_neuron_neuropil_180samples_missing70pct.xlsx	results/spatial_validation/summarize_ca2_slm_robustness/global/reports/CA2_SLM_robustness_audit.xlsx|results/spatial_validation/summarize_ca2_slm_robustness/global/tables/CA2_SLM_robustness_validation.csv|results/spatial_validation/summarize_ca2_slm_robustness/global/plots	stage=networks; scope=global; datasets=neuron_neuropil	results/spatial_validation/summarize_ca2_slm_robustness/global/reports/CA2_SLM_robustness_audit.xlsx|results/spatial_validation/summarize_ca2_slm_robustness/global/tables/CA2_SLM_robustness_validation.csv|results/spatial_validation/summarize_ca2_slm_robustness/global/plots	Candidate QC/robustness figures, the reviewer workbook and the CA2-SLM validation contract; a critical FAIL exits non-zero. Figures are NEW candidates that replace no manuscript figure contract, and each writes its own source-data CSV. The contract asserts that canonical differential abundance is unchanged and carried verbatim, that no p.adjust or model fit appears anywhere in the robustness layer, that leave-one-out removes exactly one AnimalID, that the A755-out and A764-out analyses exclude exactly those animals, that removing both QC-failed SUS animals is labelled descriptive-only, and that frozen WGCNA state and the network layer are untouched.
analysis/integration/test_behaviour_proteomics_associations.R	active_optional	required: data/external/behavior/auc_individual_animals_firstChangeActive.csv; optional: data/processed/morpheus/20260218_pgmatrix_imputed_neuron_soma_71samples_missing70pct_with_metadata.xlsx|data/external/MOUSE_10090_idmapping.dat	results/integration/test_behaviour_proteomics_associations/global/plots/Figure3_AUC_vs_Proteomics.svg|results/integration/test_behaviour_proteomics_associations/global/plots/SourceData_Figure3_Correlation.csv|results/integration/test_behaviour_proteomics_associations/global/tables/join_diagnostics_summary.csv	stage=coupling; scope=dataset_specific; datasets=neuron_soma	results/integration/test_behaviour_proteomics_associations/global/plots/Figure3_AUC_vs_Proteomics.svg|results/integration/test_behaviour_proteomics_associations/global/plots/SourceData_Figure3_Correlation.csv|results/integration/test_behaviour_proteomics_associations/global/tables/join_diagnostics_summary.csv	Legacy direct proteomics-behavior coupling retained as optional soma-only analysis.
analysis/integration/test_network_behaviour_coupling.R	active_optional	required: results/spatial_networks/build_spatial_networks/<dataset>/models/*/network_spatial_relations_objects.rds|data/processed/07_spatial_networks/network_spatial_relations/<dataset>/*/network_spatial_relations_objects.rds|data/external/behavior/auc_individual_animals_firstChangeActive.csv|data/external/behavior/E9_Behavior_Data.xlsx; optional: data/external/behavior/auc_individual_animals_all.csv	results/integration/test_network_behaviour_coupling/global/tables|results/integration/test_network_behaviour_coupling/global/plots	stage=coupling; scope=dataset_specific; datasets=neuron_neuropil	results/integration/test_network_behaviour_coupling/global/tables|results/integration/test_network_behaviour_coupling/global/plots	Network/module/behavior coupling after networks and downstream module summaries.
analysis/integration/test_module_behaviour_coupling.R	active_optional	required: results/wgcna/summarize_module_interpretation/<dataset>/tables/WGCNA_inferential_handoff.csv|results/tables/06_modules_WGCNA/interpretable_summary/<dataset>/WGCNA_inferential_handoff.csv; optional: results/tables/08_behavior_physio_coupling/network_behavior_coupling/edge_behavior_figure_ready_table.csv	results/integration/test_module_behaviour_coupling/<dataset>/tables/module_behavior_coupling.csv|results/integration/test_module_behaviour_coupling/<dataset>/tables/source_data/module_behavior_coupling.csv|results/integration/test_module_behaviour_coupling/<dataset>/manifests/run_manifest.yml	stage=coupling; scope=dataset_specific; datasets=neuron_neuropil,neuron_soma,microglia	results/integration/test_module_behaviour_coupling/<dataset>/tables/module_behavior_coupling.csv|results/integration/test_module_behaviour_coupling/<dataset>/tables/source_data/module_behavior_coupling.csv|results/integration/test_module_behaviour_coupling/<dataset>/manifests/run_manifest.yml	Module-level behavior/physiology coupling context. WGCNA inference comes only from the Stage 07 handoff; missing behavior inputs become status rows.
analysis/integration/audit_animal_id_integrity.R	active_optional	required: config/animal_id_aliases.csv|data/external/behavior/E9_Behavior_Data.xlsx; optional: data/external/behavior/auc_individual_animals_firstChangeActive.csv|data/external/behavior/auc_individual_animals_all.csv|results/spatial_networks/build_spatial_networks/neuron_neuropil/models/region_layer/network_spatial_relations_objects.rds|data/processed/07_spatial_networks/network_spatial_relations/neuron_neuropil/region_layer/network_spatial_relations_objects.rds|results/integration/test_network_behaviour_coupling/global/tables|results/tables/08_behavior_physio_coupling/network_behavior_coupling/	results/integration/audit_animal_id_integrity/global/tables/animal_id_normalization_consumer_audit.csv|results/integration/audit_animal_id_integrity/global/tables/animal_id_normalization_blast_radius.csv|results/integration/audit_animal_id_integrity/global/tables/animal_id_resolution_report.csv	stage=coupling; scope=global; datasets=neuron_neuropil,neuron_soma,microglia	results/integration/audit_animal_id_integrity/global/tables/animal_id_normalization_consumer_audit.csv|results/integration/audit_animal_id_integrity/global/tables/animal_id_normalization_blast_radius.csv|results/integration/audit_animal_id_integrity/global/tables/animal_id_resolution_report.csv	Read-only repository-level AnimalID integrity audit and blast radius. The withdrawn normalize_animal_id() in test_network_behaviour_coupling.R did three independent kinds of damage: it truncated digit runs longer than four (merging 23 behaviour animals into 7 keys, after which distinct() silently dropped 16 rows), it zero-padded bare numerals to four while leaving already-A ids at their original width (so the proteomics A111 never matched the behaviour OR111 -> A0111, reducing the join to a single animal), and it required at least three digits (so canonical animal 3 became NA and lost all movement rows). Canonical WGCNA state, differential abundance and the spatial-systems layer are provably unaffected: no normaliser sits on their path.
analysis/integration/build_cross_compartment_atlas.R	active_optional	required: results/wgcna/audit_module_claim_readiness/microglia/tables/WGCNA_entity_claim_readiness.csv|results/tables/06_modules_WGCNA/claim_readiness/microglia/WGCNA_entity_claim_readiness.csv; optional: results/tables/04_differential_expression_enrichment/biological_program_summary/|results/differential_abundance/compare_external_stress_signatures/global/tables/external_stress_disease_signature_overlap.csv|results/tables/04_differential_expression_enrichment/external_stress_disease_signature_overlap/global/external_stress_disease_signature_overlap.csv|results/differential_abundance/build_go_program_atlas/global/tables/spatial_program_summary.csv|results/tables/04_differential_expression_enrichment/compareGO_spatial_atlas/spatial_program_summary.csv|results/wgcna/summarize_module_interpretation/<dataset>/tables/|results/tables/06_modules_WGCNA/interpretable_summary/|results/wgcna/annotate_module_microenvironment/<dataset>/tables/|results/tables/06_modules_WGCNA/module_annotation/|results/wgcna/summarize_module_complex_architecture/<dataset>/tables/|results/tables/06_modules_WGCNA/module_complex_architecture/|results/wgcna/audit_module_robustness/<dataset>/tables/|results/tables/06_modules_WGCNA/module_robustness_sensitivity/|results/tables/08_behavior_physio_coupling/module_behavior_coupling/|results/qc/summarize_qc_confounding/<dataset>/reports/|results/reports/03_qc_exploration/07_qc_biology_confounding_report/	results/integration/build_cross_compartment_atlas/global/tables/cross_compartment_program_atlas.csv|results/integration/build_cross_compartment_atlas/global/tables/cross_compartment_program_atlas_long.csv|results/integration/build_cross_compartment_atlas/global/tables/source_data/cross_compartment_program_atlas.csv|results/integration/build_cross_compartment_atlas/global/tables/source_data/cross_compartment_program_atlas_long.csv|results/integration/build_cross_compartment_atlas/global/tables/source_data/cross_compartment_program_atlas_input_status.csv|results/integration/build_cross_compartment_atlas/global/reports/input_status.csv|results/integration/build_cross_compartment_atlas/global/manifests/run_manifest.yml	stage=integration; scope=global; datasets=global	results/integration/build_cross_compartment_atlas/global/tables/cross_compartment_program_atlas.csv|results/integration/build_cross_compartment_atlas/global/tables/cross_compartment_program_atlas_long.csv|results/integration/build_cross_compartment_atlas/global/tables/source_data/cross_compartment_program_atlas.csv|results/integration/build_cross_compartment_atlas/global/tables/source_data/cross_compartment_program_atlas_long.csv|results/integration/build_cross_compartment_atlas/global/tables/source_data/cross_compartment_program_atlas_input_status.csv|results/integration/build_cross_compartment_atlas/global/reports/input_status.csv|results/integration/build_cross_compartment_atlas/global/manifests/run_manifest.yml	Global synthesis; optional missing evidence is represented explicitly in status rows.
analysis/integration/summarize_programs_for_manuscript.R	active_optional	required: results/integration/build_cross_compartment_atlas/global/tables/cross_compartment_program_atlas_long.csv|results/tables/10_biological_integration/cross_compartment_program_atlas/global/cross_compartment_program_atlas_long.csv; optional: results/integration/build_cross_compartment_atlas/global/tables/cross_compartment_program_atlas.csv|results/tables/10_biological_integration/cross_compartment_program_atlas/global/cross_compartment_program_atlas.csv	results/integration/summarize_programs_for_manuscript/global/tables/manuscript_program_summary.csv|results/integration/summarize_programs_for_manuscript/global/tables/source_data/manuscript_program_summary.csv|results/integration/summarize_programs_for_manuscript/global/manifests/run_manifest.yml	stage=integration; scope=global; datasets=global	results/integration/summarize_programs_for_manuscript/global/tables/manuscript_program_summary.csv|results/integration/summarize_programs_for_manuscript/global/tables/source_data/manuscript_program_summary.csv|results/integration/summarize_programs_for_manuscript/global/manifests/run_manifest.yml	Manuscript-facing summary built from the integration atlas.
analysis/publication_source_data/build_biological_claims_table.R	active_optional	required: results/tables/04_differential_expression_enrichment/|results/tables/06_modules_WGCNA/|results/wgcna/audit_module_claim_readiness/microglia/tables/WGCNA_entity_claim_readiness.csv|results/tables/06_modules_WGCNA/claim_readiness/microglia/WGCNA_entity_claim_readiness.csv|results/integration/summarize_programs_for_manuscript/global/tables/manuscript_program_summary.csv|results/tables/10_biological_integration/manuscript_program_summary/global/manuscript_program_summary.csv; optional: results/wgcna/summarize_module_interpretation/<dataset>/tables/|results/tables/06_modules_WGCNA/interpretable_summary/|results/integration/test_network_behaviour_coupling/global/tables|results/tables/08_behavior_physio_coupling/network_behavior_coupling/	results/tables/biological_claims_table.csv|results/tables/biological_claims_table.xlsx|results/reviewer_audit/wgcna_stage13_claim_cardinality_audit.csv|results/reviewer_audit/microglia_wgcna_overlap_stage13_identity_audit.csv	stage=integration; scope=global; datasets=global	results/tables/biological_claims_table.csv|results/tables/biological_claims_table.xlsx|results/reviewer_audit/wgcna_stage13_claim_cardinality_audit.csv|results/reviewer_audit/microglia_wgcna_overlap_stage13_identity_audit.csv	Final biological claims table after Stage 13 and manuscript summary; does not generate the final bundle, which is refreshed only after the priority matrix is current.
analysis/integration/build_evidence_priority_matrix.R	active_optional	required: results/integration/build_cross_compartment_atlas/global/tables/cross_compartment_program_atlas_long.csv|results/tables/10_biological_integration/cross_compartment_program_atlas/global/cross_compartment_program_atlas_long.csv|results/integration/summarize_programs_for_manuscript/global/tables/manuscript_program_summary.csv|results/tables/10_biological_integration/manuscript_program_summary/global/manuscript_program_summary.csv|results/tables/biological_claims_table.csv|results/wgcna/audit_module_claim_readiness/microglia/tables/WGCNA_entity_claim_readiness.csv|results/tables/06_modules_WGCNA/claim_readiness/microglia/WGCNA_entity_claim_readiness.csv; optional: results/wgcna/summarize_module_interpretation/<dataset>/tables/|results/tables/06_modules_WGCNA/interpretable_summary/	results/integration/build_evidence_priority_matrix/global/tables/evidence_priority_matrix.csv|results/integration/build_evidence_priority_matrix/global/tables/source_data/evidence_priority_matrix.csv|results/integration/build_evidence_priority_matrix/global/tables/final_biological_evidence_bundle.xlsx|results/integration/build_evidence_priority_matrix/global/tables|results/integration/build_evidence_priority_matrix/global/tables/source_data|results/integration/build_evidence_priority_matrix/global/manifests/final_evidence_bundle/run_manifest.yml|results/integration/build_evidence_priority_matrix/global/manifests/evidence_priority_matrix/run_manifest.yml	stage=integration; scope=global; datasets=global	results/integration/build_evidence_priority_matrix/global/tables/evidence_priority_matrix.csv|results/integration/build_evidence_priority_matrix/global/tables/source_data/evidence_priority_matrix.csv|results/integration/build_evidence_priority_matrix/global/tables/final_biological_evidence_bundle.xlsx|results/integration/build_evidence_priority_matrix/global/tables|results/integration/build_evidence_priority_matrix/global/tables/source_data|results/integration/build_evidence_priority_matrix/global/manifests/final_evidence_bundle/run_manifest.yml|results/integration/build_evidence_priority_matrix/global/manifests/evidence_priority_matrix/run_manifest.yml	Ranks candidate manuscript programs and refreshes the final biological evidence bundle from existing downstream outputs.
analysis/integration/test_enrichment_module_concordance.R	active_optional	required: results/differential_abundance/build_go_program_atlas/global/tables/source_data/spatial_atlas_enrichment_long.csv|results/source_data/04_differential_expression_enrichment/compareGO_spatial_atlas/spatial_atlas_enrichment_long.csv|results/wgcna/summarize_module_interpretation/<dataset>/tables/WGCNA_inferential_handoff.csv|results/tables/06_modules_WGCNA/interpretable_summary/<dataset>/WGCNA_inferential_handoff.csv|results/wgcna/build_wgcna_modules/<dataset>/tables/modules/WGCNA_feature_universe.csv|results/tables/06_modules_WGCNA/01_WGCNA/<dataset>/modules/WGCNA_feature_universe.csv|config/manuscript_go_theme_registry.tsv|config/gsea_wgcna_theme_module_mapping.csv; optional: results/wgcna/build_wgcna_modules/<dataset>/tables/modules/WGCNA_module_preservation_summary.csv|results/tables/06_modules_WGCNA/01_WGCNA/<dataset>/modules/WGCNA_module_preservation_summary.csv|results/wgcna/audit_module_claim_readiness/microglia/tables/WGCNA_entity_claim_readiness.csv|results/tables/06_modules_WGCNA/claim_readiness/microglia/WGCNA_entity_claim_readiness.csv|results/reviewer_audit/microglia_wgcna_nature_readiness/module_robustness_consensus.csv|results/reviewer_audit/microglia_wgcna_nature_readiness/higher_order_block_readiness_summary.csv|config/gsea_wgcna_program_module_mapping.csv	results/integration/test_enrichment_module_concordance/global/tables/gsea_wgcna_concordance_long.csv|results/integration/test_enrichment_module_concordance/global/tables/gsea_wgcna_concordance_summary.csv|results/integration/test_enrichment_module_concordance/global/tables/adaptive_resilience_pattern_summary.csv|results/integration/test_enrichment_module_concordance/global/tables/program_specific_leading_edge_module_overlap.csv|results/integration/test_enrichment_module_concordance/global/tables/gsea_wgcna_concordance_audit.csv|results/integration/test_enrichment_module_concordance/global/tables/program_module_matching_audit.csv|results/integration/test_enrichment_module_concordance/global/tables/ontology_aware_gsea_theme_assignments_all_contrasts.csv|results/integration/test_enrichment_module_concordance/global/tables/source_data|results/integration/test_enrichment_module_concordance/global/reports/README.md|results/integration/test_enrichment_module_concordance/global/manifests/run_manifest.yml	stage=integration; scope=global; datasets=global	results/integration/test_enrichment_module_concordance/global/tables/gsea_wgcna_concordance_long.csv|results/integration/test_enrichment_module_concordance/global/tables/gsea_wgcna_concordance_summary.csv|results/integration/test_enrichment_module_concordance/global/tables/adaptive_resilience_pattern_summary.csv|results/integration/test_enrichment_module_concordance/global/tables/program_specific_leading_edge_module_overlap.csv|results/integration/test_enrichment_module_concordance/global/tables/gsea_wgcna_concordance_audit.csv|results/integration/test_enrichment_module_concordance/global/tables/program_module_matching_audit.csv|results/integration/test_enrichment_module_concordance/global/tables/ontology_aware_gsea_theme_assignments_all_contrasts.csv|results/integration/test_enrichment_module_concordance/global/tables/source_data|results/integration/test_enrichment_module_concordance/global/reports/README.md|results/integration/test_enrichment_module_concordance/global/manifests/run_manifest.yml	Additive low-n concordance synthesis. GSEA-derived representations remain one lineage; Stage 07 p/FDR values are copied unchanged; new Fisher/BH tests use program-specific leading edges against canonical module universes.
analysis/integration/summarize_enrichment_module_concordance.R	active_optional	required: results/integration/test_enrichment_module_concordance/global/tables/gsea_wgcna_concordance_long.csv|results/tables/10_biological_integration/gsea_wgcna_concordance/global/gsea_wgcna_concordance_long.csv|results/integration/test_enrichment_module_concordance/global/tables/adaptive_resilience_pattern_summary.csv|results/tables/10_biological_integration/gsea_wgcna_concordance/global/adaptive_resilience_pattern_summary.csv|results/integration/test_enrichment_module_concordance/global/tables/program_specific_leading_edge_module_overlap.csv|results/tables/10_biological_integration/gsea_wgcna_concordance/global/program_specific_leading_edge_module_overlap.csv|results/integration/test_enrichment_module_concordance/global/tables/program_module_matching_audit.csv|results/tables/10_biological_integration/gsea_wgcna_concordance/global/program_module_matching_audit.csv|results/integration/test_enrichment_module_concordance/global/tables/ontology_aware_gsea_theme_assignments_all_contrasts.csv|results/tables/10_biological_integration/gsea_wgcna_concordance/global/ontology_aware_gsea_theme_assignments_all_contrasts.csv|config/manuscript_go_theme_registry.tsv|config/gsea_wgcna_theme_module_mapping.csv|results/wgcna/summarize_module_interpretation/<dataset>/tables/WGCNA_inferential_handoff.csv|results/tables/06_modules_WGCNA/interpretable_summary/<dataset>/WGCNA_inferential_handoff.csv|results/wgcna/build_wgcna_modules/<dataset>/tables/modules/WGCNA_feature_universe.csv|results/tables/06_modules_WGCNA/01_WGCNA/<dataset>/modules/WGCNA_feature_universe.csv|results/wgcna/build_wgcna_modules/<dataset>/tables/modules/WGCNA_module_GO_enrichment_long.csv|results/tables/06_modules_WGCNA/01_WGCNA/<dataset>/modules/WGCNA_module_GO_enrichment_long.csv|results/wgcna/annotate_module_microenvironment/<dataset>/tables/WGCNA_module_biological_annotation.csv|results/tables/06_modules_WGCNA/module_annotation/<dataset>/WGCNA_module_biological_annotation.csv|results/wgcna/annotate_module_microenvironment/<dataset>/tables/WGCNA_supermodule_biological_annotation.csv|results/tables/06_modules_WGCNA/module_annotation/<dataset>/WGCNA_supermodule_biological_annotation.csv|results/wgcna/summarize_module_interpretation/<dataset>/tables/WGCNA_final_label_lookup.csv|results/tables/06_modules_WGCNA/interpretable_summary/<dataset>/WGCNA_final_label_lookup.csv|results/wgcna/test_module_phenotypes/<dataset>/tables/WGCNA_group_effect_sensitivity.csv|results/tables/06_modules_WGCNA/group_effects/<dataset>/WGCNA_group_effect_sensitivity.csv; optional: 	results/integration/summarize_enrichment_module_concordance/global/tables|results/integration/summarize_enrichment_module_concordance/global/tables/source_data|results/integration/summarize_enrichment_module_concordance/global/reports/README.md|results/integration/summarize_enrichment_module_concordance/global/manifests/run_manifest.yml	stage=integration; scope=global; datasets=global	results/integration/summarize_enrichment_module_concordance/global/tables|results/integration/summarize_enrichment_module_concordance/global/tables/source_data|results/integration/summarize_enrichment_module_concordance/global/reports/README.md|results/integration/summarize_enrichment_module_concordance/global/manifests/run_manifest.yml	Read-only diagnostic of strict concordance/adaptive gates plus a separately labelled descriptive complete-effect direction layer. It does not modify classifications, thresholds, source inference, mappings, or claim gates.
analysis/integration/build_candidate_protein_shortlist.R	active_optional	required: results/wgcna/build_wgcna_modules/<dataset>/tables/modules/WGCNA_modules_long.csv|results/tables/06_modules_WGCNA/01_WGCNA/<dataset>/modules/WGCNA_modules_long.csv|results/wgcna/summarize_module_interpretation/<dataset>/tables/WGCNA_inferential_handoff.csv|results/tables/06_modules_WGCNA/interpretable_summary/<dataset>/WGCNA_inferential_handoff.csv|results/differential_abundance/run_clusterprofiler_enrichment/<dataset>/models/clusterProfiler_manifest.csv|data/processed/04_differential_expression_enrichment/clusterProfiler/<dataset>/clusterProfiler_manifest.csv; optional: results/integration/test_enrichment_module_concordance/global/tables/program_specific_leading_edge_module_overlap.csv|results/tables/10_biological_integration/gsea_wgcna_concordance/global/program_specific_leading_edge_module_overlap.csv	results/integration/build_candidate_protein_shortlist/<dataset>/tables/wgcna_candidate_proteins_all.csv|results/integration/build_candidate_protein_shortlist/<dataset>/tables/wgcna_candidate_proteins_long.csv|results/integration/build_candidate_protein_shortlist/<dataset>/tables/wgcna_candidate_proteins_shortlist.csv|results/integration/build_candidate_protein_shortlist/<dataset>/tables/wgcna_top10_per_module.csv|results/integration/build_candidate_protein_shortlist/<dataset>/tables/wgcna_candidate_proteins_shortlist.xlsx|results/integration/build_candidate_protein_shortlist/<dataset>/tables/source_data|results/integration/build_candidate_protein_shortlist/<dataset>/reports/README.md|results/integration/build_candidate_protein_shortlist/<dataset>/manifests/run_manifest.yml	stage=integration; scope=per_dataset_and_global; datasets=neuron_neuropil,neuron_soma,microglia,global	results/integration/build_candidate_protein_shortlist/<dataset>/tables/wgcna_candidate_proteins_all.csv|results/integration/build_candidate_protein_shortlist/<dataset>/tables/wgcna_candidate_proteins_long.csv|results/integration/build_candidate_protein_shortlist/<dataset>/tables/wgcna_candidate_proteins_shortlist.csv|results/integration/build_candidate_protein_shortlist/<dataset>/tables/wgcna_top10_per_module.csv|results/integration/build_candidate_protein_shortlist/<dataset>/tables/wgcna_candidate_proteins_shortlist.xlsx|results/integration/build_candidate_protein_shortlist/<dataset>/tables/source_data|results/integration/build_candidate_protein_shortlist/<dataset>/reports/README.md|results/integration/build_candidate_protein_shortlist/<dataset>/manifests/run_manifest.yml	Additive descriptive candidate-protein layer. Joins frozen Stage 01 membership, manifest-selected protein DA and the Stage 07 module handoff on canonical ProteinGroupID; every statistic is copied unchanged. Derives only ranks, counts and boolean flags. No weighted composite score. GSEA leading-edge membership is not independent of the DA columns and spatial contexts are repeated measures, both stated in the outputs.
analysis/integration/quantify_candidate_network_position.R	active_optional	required: results/wgcna/build_wgcna_modules/<dataset>/tables/modules/WGCNA_modules_long.csv|results/tables/06_modules_WGCNA/01_WGCNA/<dataset>/modules/WGCNA_modules_long.csv|results/differential_abundance/run_clusterprofiler_enrichment/<dataset>/models/clusterProfiler_manifest.csv|data/processed/04_differential_expression_enrichment/clusterProfiler/<dataset>/clusterProfiler_manifest.csv; optional: results/integration/build_candidate_protein_shortlist/<dataset>/tables/wgcna_candidate_proteins_all.csv|results/tables/10_biological_integration/wgcna_candidate_protein_shortlist/<dataset>/wgcna_candidate_proteins_all.csv	results/integration/quantify_candidate_network_position/<dataset>/tables/wgcna_sus_res_network_position_protein_level.csv|results/integration/quantify_candidate_network_position/<dataset>/tables/wgcna_sus_res_network_position_module_summary.csv|results/integration/quantify_candidate_network_position/<dataset>/tables/wgcna_sus_res_network_position_permutation_summary.csv|results/integration/quantify_candidate_network_position/<dataset>/plots|results/integration/quantify_candidate_network_position/<dataset>/tables/source_data|results/integration/quantify_candidate_network_position/<dataset>/reports/README.md|results/integration/quantify_candidate_network_position/<dataset>/manifests/run_manifest.yml	stage=integration; scope=per_dataset_and_global; datasets=neuron_neuropil,neuron_soma,microglia,global	results/integration/quantify_candidate_network_position/<dataset>/tables/wgcna_sus_res_network_position_protein_level.csv|results/integration/quantify_candidate_network_position/<dataset>/tables/wgcna_sus_res_network_position_module_summary.csv|results/integration/quantify_candidate_network_position/<dataset>/tables/wgcna_sus_res_network_position_permutation_summary.csv|results/integration/quantify_candidate_network_position/<dataset>/plots|results/integration/quantify_candidate_network_position/<dataset>/tables/source_data|results/integration/quantify_candidate_network_position/<dataset>/reports/README.md|results/integration/quantify_candidate_network_position/<dataset>/manifests/run_manifest.yml	Phenotype-AWARE descriptive audit of where SUS-RES FDR-supported proteins sit within frozen WGCNA modules, against a module-stratified permutation null over the DA-tested universe. No WGCNA and no differential abundance is recomputed. Permutation p-values are descriptive, not independent replication.
analysis/integration/build_immunostaining_candidates.R	active_optional	required: data/processed/01_preprocessing/protigy_input_animal_level/neuron_neuropil/neuron_neuropil_animal_level.gct|results/preprocessing/map_protein_identifiers/neuron_neuropil/tables/mapped/forward/per_file/|data/processed/02_id_mapping/mapped/neuron_neuropil/forward/per_file/|config/manuscript_spatial_order.yml; optional: 	results/integration/build_immunostaining_candidates/global/tables/source_data/immunostaining_candidates_animal_abundance.csv|results/integration/build_immunostaining_candidates/global/tables/source_data/immunostaining_candidates_sus_res_effects.csv|results/integration/build_immunostaining_candidates/global/tables/source_data/immunostaining_candidates_mapping.csv|results/integration/build_immunostaining_candidates/global/tables/source_data/immunostaining_candidates_provenance.csv	stage=integration; scope=global; datasets=global	results/integration/build_immunostaining_candidates/global/tables/source_data/immunostaining_candidates_animal_abundance.csv|results/integration/build_immunostaining_candidates/global/tables/source_data/immunostaining_candidates_sus_res_effects.csv|results/integration/build_immunostaining_candidates/global/tables/source_data/immunostaining_candidates_mapping.csv|results/integration/build_immunostaining_candidates/global/tables/source_data/immunostaining_candidates_provenance.csv	Source-data preparation for a manuscript-SUPPORTING candidate comparison over three already-nominated immunostaining targets (OGA, SLC22A23, ANXA2) in neuron_neuropil. No aggregation, no model and no candidate selection: the animal-level GCT is already bilateral, and every log2FC, p and BH-FDR is copied from the canonical SUS-RES output and then verified identical to it. Hard-fails on ambiguous protein mapping or on any duplicate protein x animal x spatial unit row.
analysis/integration/screen_immunostaining_panel.R	active_optional	required: results/preprocessing/map_protein_identifiers/neuron_neuropil/tables/mapped/forward/per_file/|data/processed/02_id_mapping/mapped/neuron_neuropil/forward/per_file/|data/processed/01_preprocessing/protigy_input_animal_level/neuron_neuropil/neuron_neuropil_animal_level.gct|results/spatial_validation/audit_ca2_slm_robustness/global/tables/CA2_SLM_DAP_robustness.csv|results/tables/11_spatial_systems/ca2_slm_robustness/CA2_SLM_DAP_robustness.csv|results/tables/10_biological_integration/wgcna_candidate_protein_shortlist/neuron_neuropil/wgcna_candidate_proteins_shortlist.csv|config/manuscript_spatial_order.yml; optional: 	results/integration/screen_immunostaining_panel/global/tables/source_data/candidate_panel_selection.csv|results/integration/screen_immunostaining_panel/global/tables/source_data/candidate_panel_sus_res_effects.csv|results/integration/screen_immunostaining_panel/global/tables/source_data/candidate_panel_animal_abundance.csv|results/integration/screen_immunostaining_panel/global/tables/source_data/candidate_panel_excluded_ca2slm.csv|results/integration/screen_immunostaining_panel/global/tables/source_data/candidate_panel_excluded_epidermal_qc.csv|results/integration/screen_immunostaining_panel/global/tables/source_data/candidate_panel_provenance.csv	stage=integration; scope=global; datasets=global	results/integration/screen_immunostaining_panel/global/tables/source_data/candidate_panel_selection.csv|results/integration/screen_immunostaining_panel/global/tables/source_data/candidate_panel_sus_res_effects.csv|results/integration/screen_immunostaining_panel/global/tables/source_data/candidate_panel_animal_abundance.csv|results/integration/screen_immunostaining_panel/global/tables/source_data/candidate_panel_excluded_ca2slm.csv|results/integration/screen_immunostaining_panel/global/tables/source_data/candidate_panel_excluded_epidermal_qc.csv|results/integration/screen_immunostaining_panel/global/tables/source_data/candidate_panel_provenance.csv	Candidate SCREEN for additional immunostaining targets. Selection only: no model is refitted and no threshold is tuned. Consumes the existing CA2-SLM robustness classes and WGCNA candidate tiers rather than re-deriving them, because 28 of the 31 FDR-supported SUS-RES cells in the neuropil are in CA2-SLM and only 6 of those are robustness-qualified. Records an explicit evidence class per candidate and writes both exclusion lists.
analysis/integration/screen_immunostaining_separation.R	active_optional	required: data/processed/01_preprocessing/protigy_input_animal_level/neuron_neuropil/neuron_neuropil_animal_level.gct|data/raw/pg_matrix/quicksearch.pg_matrix.tsv|results/preprocessing/map_protein_identifiers/neuron_neuropil/tables/mapped/forward/per_file/|data/processed/02_id_mapping/mapped/neuron_neuropil/forward/per_file/|config/manuscript_spatial_order.yml; optional: 	results/integration/screen_immunostaining_separation/global/tables/source_data/separation_candidate_panel.csv|results/integration/screen_immunostaining_separation/global/tables/source_data/separation_metrics_all.csv|results/integration/screen_immunostaining_separation/global/tables/source_data/separation_qualifying_cells.csv|results/integration/screen_immunostaining_separation/global/tables/source_data/separation_panel_animal_abundance.csv|results/integration/screen_immunostaining_separation/global/tables/source_data/separation_panel_sus_res_effects.csv|results/integration/screen_immunostaining_separation/global/tables/source_data/separation_screen_provenance.csv	stage=integration; scope=global; datasets=global	results/integration/screen_immunostaining_separation/global/tables/source_data/separation_candidate_panel.csv|results/integration/screen_immunostaining_separation/global/tables/source_data/separation_metrics_all.csv|results/integration/screen_immunostaining_separation/global/tables/source_data/separation_qualifying_cells.csv|results/integration/screen_immunostaining_separation/global/tables/source_data/separation_panel_animal_abundance.csv|results/integration/screen_immunostaining_separation/global/tables/source_data/separation_panel_sus_res_effects.csv|results/integration/screen_immunostaining_separation/global/tables/source_data/separation_screen_provenance.csv	Separation screen for staining feasibility, complementary to the FDR screen. At three animals per group an FDR value is variance-dominated; what decides whether a difference is visible on tissue is effect size, consistency across animals and within-group tightness. Computes descriptive separation measures only - within-group SD, complete separation, Z-factor and SSMD - from the canonical animal-level values. No p-value is derived and no model is fitted. Reads the raw matrix solely to rebuild the missingness mask, because imputed cells are artificially tight and would otherwise inflate every variance-based score; only fully observed protein x unit cells enter the ranking.
analysis/integration/render_module_circular_atlas.R	active_optional	required: results/tables/06_modules_WGCNA/|results/wgcna/summarize_module_interpretation/neuron_neuropil/tables/WGCNA_inferential_handoff.csv|results/tables/06_modules_WGCNA/interpretable_summary/neuron_neuropil/WGCNA_inferential_handoff.csv|results/wgcna/summarize_module_interpretation/neuron_soma/tables/WGCNA_inferential_handoff.csv|results/tables/06_modules_WGCNA/interpretable_summary/neuron_soma/WGCNA_inferential_handoff.csv|results/wgcna/summarize_module_interpretation/microglia/tables/WGCNA_inferential_handoff.csv|results/tables/06_modules_WGCNA/interpretable_summary/microglia/WGCNA_inferential_handoff.csv|results/wgcna/audit_module_claim_readiness/microglia/tables/WGCNA_entity_claim_readiness.csv|results/tables/06_modules_WGCNA/claim_readiness/microglia/WGCNA_entity_claim_readiness.csv|results/tables/biological_claims_table.csv; optional: results/integration/build_evidence_priority_matrix/global/tables/evidence_priority_matrix.csv|results/tables/10_biological_integration/evidence_priority_matrix/global/evidence_priority_matrix.csv	results/integration/render_module_circular_atlas/global/plots|results/integration/render_module_circular_atlas/global/plots/wgcna_circular_atlas_main.svg|results/integration/render_module_circular_atlas/global/plots/wgcna_circular_atlas_main.pdf|results/integration/render_module_circular_atlas/global/plots/wgcna_circular_atlas_selected_only.svg|results/integration/render_module_circular_atlas/global/plots/wgcna_circular_atlas_selected_only.pdf|results/integration/render_module_circular_atlas/global/plots/wgcna_circular_heatmap_all_datasets.svg|results/integration/render_module_circular_atlas/global/plots/wgcna_circular_heatmap_all_datasets.pdf|results/integration/render_module_circular_atlas/global/plots/wgcna_circular_heatmap_neuron_neuropil.svg|results/integration/render_module_circular_atlas/global/plots/wgcna_circular_heatmap_neuron_neuropil.pdf|results/integration/render_module_circular_atlas/global/plots/wgcna_circular_heatmap_neuron_soma.svg|results/integration/render_module_circular_atlas/global/plots/wgcna_circular_heatmap_neuron_soma.pdf|results/integration/render_module_circular_atlas/global/plots/wgcna_circular_heatmap_microglia.svg|results/integration/render_module_circular_atlas/global/plots/wgcna_circular_heatmap_microglia.pdf|results/integration/render_module_circular_atlas/global/plots/wgcna_circular_publication_supermodule_effect_heatmap_all_datasets.svg|results/integration/render_module_circular_atlas/global/plots/wgcna_circular_publication_supermodule_effect_heatmap_all_datasets.pdf|results/integration/render_module_circular_atlas/global/plots/wgcna_circular_publication_supermodule_effect_heatmap_neuron_neuropil.svg|results/integration/render_module_circular_atlas/global/plots/wgcna_circular_publication_supermodule_effect_heatmap_neuron_neuropil.pdf|results/integration/render_module_circular_atlas/global/plots/wgcna_circular_publication_supermodule_effect_heatmap_neuron_soma.svg|results/integration/render_module_circular_atlas/global/plots/wgcna_circular_publication_supermodule_effect_heatmap_neuron_soma.pdf|results/integration/render_module_circular_atlas/global/plots/wgcna_circular_publication_supermodule_effect_heatmap_microglia.svg|results/integration/render_module_circular_atlas/global/plots/wgcna_circular_publication_supermodule_effect_heatmap_microglia.pdf|results/integration/render_module_circular_atlas/global/plots/wgcna_region_layer_heatmap_all_modules.svg|results/integration/render_module_circular_atlas/global/plots/wgcna_region_layer_heatmap_all_modules.pdf|results/integration/render_module_circular_atlas/global/tables/wgcna_circular_atlas_metrics.csv|results/integration/render_module_circular_atlas/global/tables/source_data|results/integration/render_module_circular_atlas/global/tables/source_data/wgcna_circular_atlas_segments.csv|results/integration/render_module_circular_atlas/global/tables/source_data/wgcna_circular_atlas_plot_source.csv|results/integration/render_module_circular_atlas/global/tables/source_data/wgcna_circular_heatmap_source_supermodule.csv|results/integration/render_module_circular_atlas/global/tables/source_data/wgcna_circular_heatmap_source_module.csv|results/integration/render_module_circular_atlas/global/tables/source_data/wgcna_circular_heatmap_layout_all_datasets.csv|results/integration/render_module_circular_atlas/global/tables/source_data/wgcna_circular_publication_supermodule_effect_heatmap_source.csv|results/integration/render_module_circular_atlas/global/tables/source_data/wgcna_circular_publication_supermodule_effect_heatmap_layout_all_datasets.csv|results/integration/render_module_circular_atlas/global/reports/wgcna_circular_atlas_input_status.csv|results/integration/render_module_circular_atlas/global/reports/wgcna_circular_vs_publication_heatmap_source_audit.csv|results/integration/render_module_circular_atlas/global/reports/wgcna_circular_vs_publication_supermodule_id_comparison.csv|results/integration/render_module_circular_atlas/global/reports/wgcna_circular_metric_consistency_audit.csv|results/integration/render_module_circular_atlas/global/reports/wgcna_module_supermodule_mapping_audit.csv|results/integration/render_module_circular_atlas/global/reports/circular_atlas_selection_audit.csv|results/integration/render_module_circular_atlas/global/manifests/run_manifest.yml	stage=integration; scope=global; datasets=global	results/integration/render_module_circular_atlas/global/plots|results/integration/render_module_circular_atlas/global/plots/wgcna_circular_atlas_main.svg|results/integration/render_module_circular_atlas/global/plots/wgcna_circular_atlas_main.pdf|results/integration/render_module_circular_atlas/global/plots/wgcna_circular_atlas_selected_only.svg|results/integration/render_module_circular_atlas/global/plots/wgcna_circular_atlas_selected_only.pdf|results/integration/render_module_circular_atlas/global/plots/wgcna_circular_heatmap_all_datasets.svg|results/integration/render_module_circular_atlas/global/plots/wgcna_circular_heatmap_all_datasets.pdf|results/integration/render_module_circular_atlas/global/plots/wgcna_circular_heatmap_neuron_neuropil.svg|results/integration/render_module_circular_atlas/global/plots/wgcna_circular_heatmap_neuron_neuropil.pdf|results/integration/render_module_circular_atlas/global/plots/wgcna_circular_heatmap_neuron_soma.svg|results/integration/render_module_circular_atlas/global/plots/wgcna_circular_heatmap_neuron_soma.pdf|results/integration/render_module_circular_atlas/global/plots/wgcna_circular_heatmap_microglia.svg|results/integration/render_module_circular_atlas/global/plots/wgcna_circular_heatmap_microglia.pdf|results/integration/render_module_circular_atlas/global/plots/wgcna_circular_publication_supermodule_effect_heatmap_all_datasets.svg|results/integration/render_module_circular_atlas/global/plots/wgcna_circular_publication_supermodule_effect_heatmap_all_datasets.pdf|results/integration/render_module_circular_atlas/global/plots/wgcna_circular_publication_supermodule_effect_heatmap_neuron_neuropil.svg|results/integration/render_module_circular_atlas/global/plots/wgcna_circular_publication_supermodule_effect_heatmap_neuron_neuropil.pdf|results/integration/render_module_circular_atlas/global/plots/wgcna_circular_publication_supermodule_effect_heatmap_neuron_soma.svg|results/integration/render_module_circular_atlas/global/plots/wgcna_circular_publication_supermodule_effect_heatmap_neuron_soma.pdf|results/integration/render_module_circular_atlas/global/plots/wgcna_circular_publication_supermodule_effect_heatmap_microglia.svg|results/integration/render_module_circular_atlas/global/plots/wgcna_circular_publication_supermodule_effect_heatmap_microglia.pdf|results/integration/render_module_circular_atlas/global/plots/wgcna_region_layer_heatmap_all_modules.svg|results/integration/render_module_circular_atlas/global/plots/wgcna_region_layer_heatmap_all_modules.pdf|results/integration/render_module_circular_atlas/global/tables/wgcna_circular_atlas_metrics.csv|results/integration/render_module_circular_atlas/global/tables/source_data|results/integration/render_module_circular_atlas/global/tables/source_data/wgcna_circular_atlas_segments.csv|results/integration/render_module_circular_atlas/global/tables/source_data/wgcna_circular_atlas_plot_source.csv|results/integration/render_module_circular_atlas/global/tables/source_data/wgcna_circular_heatmap_source_supermodule.csv|results/integration/render_module_circular_atlas/global/tables/source_data/wgcna_circular_heatmap_source_module.csv|results/integration/render_module_circular_atlas/global/tables/source_data/wgcna_circular_heatmap_layout_all_datasets.csv|results/integration/render_module_circular_atlas/global/tables/source_data/wgcna_circular_publication_supermodule_effect_heatmap_source.csv|results/integration/render_module_circular_atlas/global/tables/source_data/wgcna_circular_publication_supermodule_effect_heatmap_layout_all_datasets.csv|results/integration/render_module_circular_atlas/global/reports/wgcna_circular_atlas_input_status.csv|results/integration/render_module_circular_atlas/global/reports/wgcna_circular_vs_publication_heatmap_source_audit.csv|results/integration/render_module_circular_atlas/global/reports/wgcna_circular_vs_publication_supermodule_id_comparison.csv|results/integration/render_module_circular_atlas/global/reports/wgcna_circular_metric_consistency_audit.csv|results/integration/render_module_circular_atlas/global/reports/wgcna_module_supermodule_mapping_audit.csv|results/integration/render_module_circular_atlas/global/reports/circular_atlas_selection_audit.csv|results/integration/render_module_circular_atlas/global/manifests/run_manifest.yml	Global circular WGCNA atlas. Claim-facing inference comes only from the Stage 07 handoff; singleton display aliases reuse canonical module endpoints. Technical response values and score-derived descriptive panels remain separate inputs.
analysis/integration/summarize_module_cross_compartment.R	active_optional	required: results/wgcna/build_wgcna_modules/neuron_neuropil/tables/modules/WGCNA_module_summary.csv|results/tables/06_modules_WGCNA/01_WGCNA/neuron_neuropil/modules/WGCNA_module_summary.csv|results/wgcna/build_wgcna_modules/neuron_neuropil/tables/modules/WGCNA_module_definitions_for_downstream.csv|results/tables/06_modules_WGCNA/01_WGCNA/neuron_neuropil/modules/WGCNA_module_definitions_for_downstream.csv|results/wgcna/build_wgcna_modules/neuron_neuropil/tables/supermodules/wgcna_supermodule_summary.csv|results/tables/06_modules_WGCNA/01_WGCNA/neuron_neuropil/supermodules/wgcna_supermodule_summary.csv|results/wgcna/build_wgcna_modules/neuron_neuropil/tables/supermodules/wgcna_module_supermodule_annotation.csv|results/tables/06_modules_WGCNA/01_WGCNA/neuron_neuropil/supermodules/wgcna_module_supermodule_annotation.csv|results/wgcna/summarize_module_interpretation/neuron_neuropil/tables/WGCNA_inferential_handoff.csv|results/tables/06_modules_WGCNA/interpretable_summary/neuron_neuropil/WGCNA_inferential_handoff.csv|results/wgcna/summarize_module_interpretation/neuron_neuropil/tables/WGCNA_final_label_lookup.csv|results/tables/06_modules_WGCNA/interpretable_summary/neuron_neuropil/WGCNA_final_label_lookup.csv|results/wgcna/build_wgcna_modules/neuron_soma/tables/modules/WGCNA_module_summary.csv|results/tables/06_modules_WGCNA/01_WGCNA/neuron_soma/modules/WGCNA_module_summary.csv|results/wgcna/build_wgcna_modules/neuron_soma/tables/modules/WGCNA_module_definitions_for_downstream.csv|results/tables/06_modules_WGCNA/01_WGCNA/neuron_soma/modules/WGCNA_module_definitions_for_downstream.csv|results/wgcna/build_wgcna_modules/neuron_soma/tables/supermodules/wgcna_supermodule_summary.csv|results/tables/06_modules_WGCNA/01_WGCNA/neuron_soma/supermodules/wgcna_supermodule_summary.csv|results/wgcna/build_wgcna_modules/neuron_soma/tables/supermodules/wgcna_module_supermodule_annotation.csv|results/tables/06_modules_WGCNA/01_WGCNA/neuron_soma/supermodules/wgcna_module_supermodule_annotation.csv|results/wgcna/summarize_module_interpretation/neuron_soma/tables/WGCNA_inferential_handoff.csv|results/tables/06_modules_WGCNA/interpretable_summary/neuron_soma/WGCNA_inferential_handoff.csv|results/wgcna/summarize_module_interpretation/neuron_soma/tables/WGCNA_final_label_lookup.csv|results/tables/06_modules_WGCNA/interpretable_summary/neuron_soma/WGCNA_final_label_lookup.csv|results/wgcna/build_wgcna_modules/microglia/tables/modules/WGCNA_module_summary.csv|results/tables/06_modules_WGCNA/01_WGCNA/microglia/modules/WGCNA_module_summary.csv|results/wgcna/build_wgcna_modules/microglia/tables/modules/WGCNA_module_definitions_for_downstream.csv|results/tables/06_modules_WGCNA/01_WGCNA/microglia/modules/WGCNA_module_definitions_for_downstream.csv|results/wgcna/build_wgcna_modules/microglia/tables/supermodules/wgcna_supermodule_summary.csv|results/tables/06_modules_WGCNA/01_WGCNA/microglia/supermodules/wgcna_supermodule_summary.csv|results/wgcna/build_wgcna_modules/microglia/tables/supermodules/wgcna_module_supermodule_annotation.csv|results/tables/06_modules_WGCNA/01_WGCNA/microglia/supermodules/wgcna_module_supermodule_annotation.csv|results/wgcna/summarize_module_interpretation/microglia/tables/WGCNA_inferential_handoff.csv|results/tables/06_modules_WGCNA/interpretable_summary/microglia/WGCNA_inferential_handoff.csv|results/wgcna/summarize_module_interpretation/microglia/tables/WGCNA_final_label_lookup.csv|results/tables/06_modules_WGCNA/interpretable_summary/microglia/WGCNA_final_label_lookup.csv|results/wgcna/audit_module_claim_readiness/microglia/tables/WGCNA_entity_claim_readiness.csv|results/tables/06_modules_WGCNA/claim_readiness/microglia/WGCNA_entity_claim_readiness.csv; optional: results/wgcna/build_wgcna_modules/<dataset>/tables/|results/tables/06_modules_WGCNA/01_WGCNA/|results/wgcna/annotate_module_microenvironment/<dataset>/tables/|results/tables/06_modules_WGCNA/module_annotation/|results/tables/biological_claims_table.csv|results/integration/build_evidence_priority_matrix/global/tables/final_biological_evidence_bundle.xlsx|results/tables/10_biological_integration/final_evidence_bundle/global/final_biological_evidence_bundle.xlsx	results/integration/summarize_module_cross_compartment/global/tables|results/integration/summarize_module_cross_compartment/global/tables/source_data|results/integration/summarize_module_cross_compartment/global/plots|results/integration/summarize_module_cross_compartment/global/manifests|results/integration/summarize_module_cross_compartment/global/reports	stage=integration; scope=global; datasets=global	results/integration/summarize_module_cross_compartment/global/tables|results/integration/summarize_module_cross_compartment/global/tables/source_data|results/integration/summarize_module_cross_compartment/global/plots|results/integration/summarize_module_cross_compartment/global/manifests|results/integration/summarize_module_cross_compartment/global/reports	Read-only compact WGCNA/supermodule overview across datasets; uses the Stage 07 inferential handoff, existing labels, and claim gates without recomputing WGCNA.
analysis/integration/export_module_protein_zoom_source_data.R	active_optional	required: results/wgcna/summarize_module_interpretation/neuron_neuropil/tables/source_data/module_group_effects_main_heatmap_source.csv|results/source_data/06_modules_WGCNA/interpretable_summary/neuron_neuropil/module_group_effects_main_heatmap_source.csv|results/wgcna/build_wgcna_modules/neuron_neuropil/tables/modules/WGCNA_modules_long.csv|results/tables/06_modules_WGCNA/01_WGCNA/neuron_neuropil/modules/WGCNA_modules_long.csv|results/differential_abundance/run_clusterprofiler_enrichment/neuron_neuropil/models/clusterProfiler_manifest.csv|data/processed/04_differential_expression_enrichment/clusterProfiler/neuron_neuropil/clusterProfiler_manifest.csv|results/integration/test_enrichment_module_concordance/global/tables/program_specific_leading_edge_module_overlap.csv|results/tables/10_biological_integration/gsea_wgcna_concordance/global/program_specific_leading_edge_module_overlap.csv|results/wgcna/render_module_go_heatmaps/neuron_neuropil/tables/WGCNA_module_GO_heatmap_source_BP.csv|results/tables/06_modules_WGCNA/01b_module_supermodule_GO_heatmaps/neuron_neuropil/WGCNA_module_GO_heatmap_source_BP.csv; optional: 	results/integration/export_module_protein_zoom_source_data/global/plots/figure_3|results/integration/export_module_protein_zoom_source_data/global/tables/source_data/figure_3|results/integration/export_module_protein_zoom_source_data/global/tables/figure_3|results/integration/export_module_protein_zoom_source_data/global/reports/figure_3|results/integration/export_module_protein_zoom_source_data/global/tables/manuscript_panel_inventory.csv	stage=integration; scope=global; datasets=global	results/integration/export_module_protein_zoom_source_data/global/plots/figure_3|results/integration/export_module_protein_zoom_source_data/global/tables/source_data/figure_3|results/integration/export_module_protein_zoom_source_data/global/tables/figure_3|results/integration/export_module_protein_zoom_source_data/global/reports/figure_3|results/integration/export_module_protein_zoom_source_data/global/tables/manuscript_panel_inventory.csv	Render-only manuscript Figure 3 integration from existing Stage 07 WGCNA, canonical module membership, manifest-selected protein DA, concordance, and GO sources; fits no new model.
analysis/publication_source_data/build_sample_metadata.R	active_optional	required: data/metadata/; optional: 09_export_pride_journal/config/export_config.yml	pride_submission/metadata/sample_metadata.tsv|pride_submission/metadata/sdrf_like_metadata.tsv	stage=export; scope=global; datasets=global	pride_submission/metadata/sample_metadata.tsv|pride_submission/metadata/sdrf_like_metadata.tsv	PRIDE sample metadata.
analysis/publication_source_data/export_processed_matrices.R	active_optional	required: data/raw/pg_matrix/|data/processed/01_preprocessing/|data/processed/02_id_mapping/; optional: 	pride_submission/processed_data/|pride_submission/processed_data/data_dictionary_processed_matrices.tsv	stage=export; scope=global; datasets=global	pride_submission/processed_data/|pride_submission/processed_data/data_dictionary_processed_matrices.tsv	Exports processed pg/mapped matrix package.
analysis/publication_source_data/build_supplementary_tables.R	active_optional	required: results/tables/; optional: results/source_data/	pride_submission/supplementary_tables/	stage=export; scope=global; datasets=global	pride_submission/supplementary_tables/	PRIDE supplementary tables.
analysis/publication_source_data/build_pride_manifest.R	active_required	required: pride_submission/metadata/sample_metadata.tsv|pride_submission/metadata/sdrf_like_metadata.tsv|pride_submission/processed_data/; optional: results/tables/|results/source_data/	pride_submission/manifests/pride_file_manifest.tsv	stage=export; scope=global; datasets=global	pride_submission/manifests/pride_file_manifest.tsv	Manifest after metadata and processed-data export.
analysis/publication_source_data/build_methods_summary.R	active_optional	required: pipeline.yml; optional: results/logs/|renv.lock	pride_submission/methods/methods_summary.md|pride_submission/methods/software_versions.tsv|pride_submission/methods/pipeline_steps.tsv|pride_submission/methods/known_limitations.md	stage=export; scope=global; datasets=global	pride_submission/methods/methods_summary.md|pride_submission/methods/software_versions.tsv|pride_submission/methods/pipeline_steps.tsv|pride_submission/methods/known_limitations.md	Methods summary from registry/manifests.
analysis/publication_source_data/08_export_manuscript_figures.R	active_optional	required: config/output_namespaces.yml|results/figures/; optional: 	results/manuscript/figure_1/|results/manuscript/figure_2/|results/manuscript/figure_3/|results/manuscript/extended_data/|results/manuscript/figure_export_manifest.csv|results/manuscript/figure_publication_audit.csv	stage=export; scope=global; datasets=global	results/manuscript/figure_1/|results/manuscript/figure_2/|results/manuscript/figure_3/|results/manuscript/extended_data/|results/manuscript/figure_export_manifest.csv|results/manuscript/figure_publication_audit.csv	Manuscript figure export.
analysis/publication_source_data/09_export_source_data.R	active_optional	required: config/output_namespaces.yml|results/tables/; optional: results/source_data/	results/manuscript/source_data/|results/manuscript/supplementary_tables/|results/manuscript/source_data_export_manifest.csv	stage=export; scope=global; datasets=global	results/manuscript/source_data/|results/manuscript/supplementary_tables/|results/manuscript/source_data_export_manifest.csv	Manuscript source-data export.
analysis/publication_source_data/validate_pride_submission.R	active_optional	required: pride_submission/; optional: data/raw/|data/external/search_results/|pride_submission/manifests/pride_file_manifest.tsv|pride_submission/methods/methods_summary.md|results/tables/biological_claims_table.csv	pride_submission/validation/validation_report.tsv|pride_submission/validation/validation_summary.md	stage=export; scope=global; datasets=global	pride_submission/validation/validation_report.tsv|pride_submission/validation/validation_summary.md	Validation runs after export products exist.
analysis/preprocessing/build_animal_level_protigy_input.R	registry_excluded	replacement: external/manual ProTigy input boundary		excluded from active pipeline stages	not canonical	external manual utility documented in RUN_ORDER.md; excluded from canonical runnable stages; replacement: external/manual ProTigy input boundary
archive/01_preprocessing/03c_legacy_vs_animal_level_da_audit.r	registry_excluded	replacement: standalone pre-promotion DA audit		excluded from active pipeline stages	not canonical	external diagnostic documented in RUN_ORDER.md; excluded from canonical runnable stages; replacement: standalone pre-promotion DA audit
archive/01_preprocessing/01_impute.r	legacy_deprecated	replacement: analysis/preprocessing/extract_protigy_contrasts.R		excluded from active pipeline stages	not canonical	older preprocessing branch not used by canonical registry; replacement: analysis/preprocessing/extract_protigy_contrasts.R
archive/01_preprocessing/02_excel_convert.r	legacy_deprecated	replacement: analysis/preprocessing/extract_protigy_contrasts.R		excluded from active pipeline stages	not canonical	older preprocessing branch not used by canonical registry; replacement: analysis/preprocessing/extract_protigy_contrasts.R
archive/01_preprocessing/04_format_metadata.r	legacy_deprecated	replacement: analysis/preprocessing/build_module_score_metadata.R		excluded from active pipeline stages	not canonical	older metadata helper; replacement: analysis/preprocessing/build_module_score_metadata.R
archive/01_preprocessing/05_metadata_create.r	legacy_deprecated	replacement: analysis/preprocessing/build_module_score_metadata.R		excluded from active pipeline stages	not canonical	older metadata helper; replacement: analysis/preprocessing/build_module_score_metadata.R
archive/04_differential_expression_enrichment/legacy/04_compare_pathways.r	registry_excluded	replacement: analysis/differential_abundance/summarize_biological_programs.R		excluded from active pipeline stages	not canonical	bespoke learning-signature workbook comparison; not part of canonical dataset pipeline; replacement: analysis/differential_abundance/summarize_biological_programs.R
archive/04_differential_expression_enrichment/legacy/05_compare_sig_expr.r	registry_excluded	replacement: analysis/differential_abundance/summarize_biological_programs.R		excluded from active pipeline stages	not canonical	bespoke learning-signature expression comparison; not part of canonical dataset pipeline; replacement: analysis/differential_abundance/summarize_biological_programs.R
archive/04_differential_expression_enrichment/legacy/07_control_strata_enrichment_figures.r	registry_excluded	replacement: analysis/differential_abundance/compare_go_enrichment.R		excluded from active pipeline stages	not canonical	bespoke control-strata figure helper requiring variancePartition-era inputs; replacement: analysis/differential_abundance/compare_go_enrichment.R
archive/05_celltype_enrichment_EWCE/90_EWCE_legacy.r	legacy_deprecated	replacement: analysis/enrichment/run_ewce_celltype_enrichment.R		excluded from active pipeline stages	not canonical	legacy EWCE script; replacement: analysis/enrichment/run_ewce_celltype_enrichment.R
analysis/wgcna/build_module_spatial_networks.R	registry_excluded	replacement: analysis/spatial_networks/build_spatial_networks.R		excluded from active pipeline stages	not canonical	argument-driven module spatial network helper; excluded from canonical full pipeline; replacement: analysis/spatial_networks/build_spatial_networks.R
09_pride_submission/00_make_pride_package.R	legacy_deprecated	replacement: 09_export_pride_journal/		excluded from active pipeline stages	not canonical	legacy code helper; generated payload belongs in gitignored pride_submission/; replacement: 09_export_pride_journal/
analysis/publication_source_data/RUN_EXPORT.R	registry_excluded	replacement: run_dataset_pipeline.R --stage export		excluded from active pipeline stages	not canonical	convenience export wrapper; excluded from canonical full pipeline to avoid re-running export steps already registered individually; replacement: run_dataset_pipeline.R --stage export
archive/02_qc/04d_compartment_marker_fidelity.r	legacy_deprecated	replacement: analysis/qc/render_compartment_abundance_figures.R		excluded from active pipeline stages	not canonical	deprecated sample-level cross-compartment inference; disabled by default and excluded from the canonical pipeline; replacement: analysis/qc/render_compartment_abundance_figures.R
archive/08_integration/01_compartment_fidelity_summary.R	registry_excluded	replacement: analysis/qc/render_compartment_abundance_figures.R		excluded from active pipeline stages	not canonical	superseded poster-summary of imputed 04c marker scores; not authoritative cross-compartment abundance and has no current consumer; replacement: analysis/qc/render_compartment_abundance_figures.R
audits/preprocessing/03b_directionality_audit_raw_vs_protigy.r	registry_excluded	replacement: standalone raw-versus-ProTigy directionality audit		excluded from active pipeline stages	not canonical	diagnostic-only audit with no canonical downstream consumer; excluded from automatic pipeline execution; replacement: standalone raw-versus-ProTigy directionality audit
audits/preprocessing/01b_animal_level_mapping_audit.r	registry_excluded	replacement: standalone animal-level mapping-branch audit		excluded from active pipeline stages	not canonical	validation-only audit of isolated animal-level mapping outputs; excluded from automatic pipeline execution; replacement: standalone animal-level mapping-branch audit
audits/integration/07_gsea_wgcna_concordance_correction_audit.R	registry_excluded	replacement: completed reviewer correction audit		excluded from active pipeline stages	not canonical	historical before/after audit requiring a preserved correction baseline; excluded from canonical integration execution; replacement: completed reviewer correction audit
audits/wgcna/proteomics_wgcna_downstream_audit.R	registry_excluded	replacement: repository audit utility		excluded from active pipeline stages	not canonical	root-level read-only audit utility; explicitly excluded from analysis-script discovery and canonical pipeline execution; replacement: repository audit utility
