"old_path","expected_path","intended_extension","producer","write_site","evidence","current_hash","bytes","collision","export_effect","action"
"results/figures/04_differential_expression_enrichment/microglia_targeted_signature_enrichment/microglia_validation_proposed/main_candidate/microglia_signature_within_region_condition_dotplo","results/figures/04_differential_expression_enrichment/microglia_targeted_signature_enrichment/microglia_validation_proposed/main_candidate/microglia_signature_within_region_condition_do.png",".png","analysis/differential_abundance/test_microglia_targeted_signatures.R","test_microglia_targeted_signatures.R:241 ggsave_publication","extension to be determined from the content signature; content signature = png, within the writer's emitted formats (svg/png)","831de244e6b0e398b993131c0ffa1d4f58a96091e5064d2ac44e65428ec0939d",284442,FALSE,"becomes discoverable","rename_in_place"
"results/figures/04_differential_expression_enrichment/microglia_targeted_signature_enrichment/microglia_validation_proposed/main_candidate/microglia_vs_neuropil_signature_NES_scatter_main.p","results/figures/04_differential_expression_enrichment/microglia_targeted_signature_enrichment/microglia_validation_proposed/main_candidate/microglia_vs_neuropil_signature_NES_scatter_ma.png",".png","analysis/differential_abundance/test_microglia_targeted_signatures.R","test_microglia_targeted_signatures.R:241 ggsave_publication","clipped suffix '.p' identifies the intended format; confirmed by content signature; content signature = png, within the writer's emitted formats (svg/png)","1fe80f5d9fe9c9b0c40ea64e86bbe32ddb8b46869e2d48ed41eda1ed8c9cd50e",186501,FALSE,"becomes discoverable","rename_in_place"
"results/figures/04_differential_expression_enrichment/microglia_targeted_signature_enrichment/microglia_validation_proposed/main_candidate/microglia_vs_neuropil_signature_NES_scatter_main.s","results/figures/04_differential_expression_enrichment/microglia_targeted_signature_enrichment/microglia_validation_proposed/main_candidate/microglia_vs_neuropil_signature_NES_scatter_ma.svg",".svg","analysis/differential_abundance/test_microglia_targeted_signatures.R","test_microglia_targeted_signatures.R:241 ggsave_publication","clipped suffix '.s' identifies the intended format; confirmed by content signature; content signature = svg, within the writer's emitted formats (svg/png)","1489068f5edfa8a17c976a058b6ebe613a00ff31a3592ea5092d783d94d01295",24248,FALSE,"becomes discoverable","rename_in_place"
"results/figures/04_differential_expression_enrichment/microglia_targeted_signature_enrichment/microglia_validation_proposed/supplementary_qc/microglia_signature_interpretation_scoreboard.sv","results/figures/04_differential_expression_enrichment/microglia_targeted_signature_enrichment/microglia_validation_proposed/supplementary_qc/microglia_signature_interpretation_scoreboar.svg",".svg","analysis/differential_abundance/test_microglia_targeted_signatures.R","test_microglia_targeted_signatures.R:241 ggsave_publication","clipped suffix '.sv' identifies the intended format; confirmed by content signature; content signature = svg, within the writer's emitted formats (svg/png)","e439e9389ba54c258a93e759aebc2837830493b627486ac2be93dfd275eff9ac",7251,FALSE,"becomes discoverable","rename_in_place"
"results/figures/04_differential_expression_enrichment/microglia_targeted_signature_enrichment/microglia_validation_proposed/supplementary_qc/microglia_signature_within_region_condition_dotp","results/figures/04_differential_expression_enrichment/microglia_targeted_signature_enrichment/microglia_validation_proposed/supplementary_qc/microglia_signature_within_region_condition_.svg",".svg","analysis/differential_abundance/test_microglia_targeted_signatures.R","test_microglia_targeted_signatures.R:241 ggsave_publication","extension to be determined from the content signature; content signature = svg, within the writer's emitted formats (svg/png)","9da67ce8b0cef5b29328fa27d75514e078afa5248a6784ebd1e49f92949abe4e",23505,FALSE,"becomes discoverable","rename_in_place"
"results/figures/06_modules_WGCNA/module_score/microglia/wgcna/module_group_scores/sensitivity_flagged_replicates_removed/module_score_CA1_WGCNA_#006D2C_sensitivity_flagged_replicates_remove","results/figures/06_modules_WGCNA/module_score/microglia/wgcna/module_group_scores/sensitivity_flagged_replicates_removed/module_score_CA1_WGCNA_#006D2C_sensitivity_flagged_replicates_re.svg",".svg","analysis/wgcna/score_module_activity.R","score_module_activity.R:3343/3357","template module_score_<rl>_<mod>_<analysis_label>.svg; unique prefix match against vocabulary harvested from well-formed siblings; content signature = svg, within the writer's emitted formats (svg)","814445c8e7f8d75aeac91cb9c5488176de304ea77ff51666213216b45cf88b93",7349,FALSE,"becomes discoverable","rename_in_place"
"results/figures/06_modules_WGCNA/module_score/microglia/wgcna/module_group_scores/sensitivity_flagged_replicates_removed/module_score_CA1_WGCNA_#08519C_sensitivity_flagged_replicates_remove","results/figures/06_modules_WGCNA/module_score/microglia/wgcna/module_group_scores/sensitivity_flagged_replicates_removed/module_score_CA1_WGCNA_#08519C_sensitivity_flagged_replicates_re.svg",".svg","analysis/wgcna/score_module_activity.R","score_module_activity.R:3343/3357","template module_score_<rl>_<mod>_<analysis_label>.svg; unique prefix match against vocabulary harvested from well-formed siblings; content signature = svg, within the writer's emitted formats (svg)","b3b103da476821f73c9ebfcab7de4e35af8e674e401b0c299d6e14b0bcf590f9",8137,FALSE,"becomes discoverable","rename_in_place"
"results/figures/06_modules_WGCNA/module_score/microglia/wgcna/module_group_scores/sensitivity_flagged_replicates_removed/module_score_CA1_WGCNA_#1F4E79_sensitivity_flagged_replicates_remove","results/figures/06_modules_WGCNA/module_score/microglia/wgcna/module_group_scores/sensitivity_flagged_replicates_removed/module_score_CA1_WGCNA_#1F4E79_sensitivity_flagged_replicates_re.svg",".svg","analysis/wgcna/score_module_activity.R","score_module_activity.R:3343/3357","template module_score_<rl>_<mod>_<analysis_label>.svg; unique prefix match against vocabulary harvested from well-formed siblings; content signature = svg, within the writer's emitted formats (svg)","4dcc8cc87ae4c97c81fecd899352f79b598e67284e25331662c286b2d52b3d90",7647,FALSE,"becomes discoverable","rename_in_place"
"results/figures/06_modules_WGCNA/module_score/microglia/wgcna/module_group_scores/sensitivity_flagged_replicates_removed/module_score_CA1_WGCNA_#2B8CBE_sensitivity_flagged_replicates_remove","results/figures/06_modules_WGCNA/module_score/microglia/wgcna/module_group_scores/sensitivity_flagged_replicates_removed/module_score_CA1_WGCNA_#2B8CBE_sensitivity_flagged_replicates_re.svg",".svg","analysis/wgcna/score_module_activity.R","score_module_activity.R:3343/3357","template module_score_<rl>_<mod>_<analysis_label>.svg; unique prefix match against vocabulary harvested from well-formed siblings; content signature = svg, within the writer's emitted formats (svg)","4d491935e17bd462dfa1161bbcb028f7fd4a394456f7971985eadc9ab71c86c1",7761,FALSE,"becomes discoverable","rename_in_place"
"results/figures/06_modules_WGCNA/module_score/microglia/wgcna/module_group_scores/sensitivity_flagged_replicates_removed/module_score_CA1_WGCNA_#3F007D_sensitivity_flagged_replicates_remove","results/figures/06_modules_WGCNA/module_score/microglia/wgcna/module_group_scores/sensitivity_flagged_replicates_removed/module_score_CA1_WGCNA_#3F007D_sensitivity_flagged_replicates_re.svg",".svg","analysis/wgcna/score_module_activity.R","score_module_activity.R:3343/3357","template module_score_<rl>_<mod>_<analysis_label>.svg; unique prefix match against vocabulary harvested from well-formed siblings; content signature = svg, within the writer's emitted formats (svg)","615d179ccdb4c1b10fb48fdabf792de42d775d5e7f5aefe56ae30582678d78c1",7457,FALSE,"becomes discoverable","rename_in_place"
"results/figures/06_modules_WGCNA/module_score/microglia/wgcna/module_group_scores/sensitivity_flagged_replicates_removed/module_score_CA1_WGCNA_#41AB5D_sensitivity_flagged_replicates_remove","results/figures/06_modules_WGCNA/module_score/microglia/wgcna/module_group_scores/sensitivity_flagged_replicates_removed/module_score_CA1_WGCNA_#41AB5D_sensitivity_flagged_replicates_re.svg",".svg","analysis/wgcna/score_module_activity.R","score_module_activity.R:3343/3357","template module_score_<rl>_<mod>_<analysis_label>.svg; unique prefix match against vocabulary harvested from well-formed siblings; content signature = svg, within the writer's emitted formats (svg)","672adb43dc2209f39a2e6d93078c2883d2b11c5f3788eee97bae5ab7b44f0a0c",7472,FALSE,"becomes discoverable","rename_in_place"
"results/figures/06_modules_WGCNA/module_score/microglia/wgcna/module_group_scores/sensitivity_flagged_replicates_removed/module_score_CA1_WGCNA_#4D4D4D_sensitivity_flagged_replicates_remove","results/figures/06_modules_WGCNA/module_score/microglia/wgcna/module_group_scores/sensitivity_flagged_replicates_removed/module_score_CA1_WGCNA_#4D4D4D_sensitivity_flagged_replicates_re.svg",".svg","analysis/wgcna/score_module_activity.R","score_module_activity.R:3343/3357","template module_score_<rl>_<mod>_<analysis_label>.svg; unique prefix match against vocabulary harvested from well-formed siblings; content signature = svg, within the writer's emitted formats (svg)","1c17687bf0b8c2b3656765aaa2423d2e7a8f2de071fa97d1622d55d6a18601e3",7464,FALSE,"becomes discoverable","rename_in_place"
"results/figures/06_modules_WGCNA/module_score/microglia/wgcna/module_group_scores/sensitivity_flagged_replicates_removed/module_score_CA1_WGCNA_#737373_sensitivity_flagged_replicates_remove","results/figures/06_modules_WGCNA/module_score/microglia/wgcna/module_group_scores/sensitivity_flagged_replicates_removed/module_score_CA1_WGCNA_#737373_sensitivity_flagged_replicates_re.svg",".svg","analysis/wgcna/score_module_activity.R","score_module_activity.R:3343/3357","template module_score_<rl>_<mod>_<analysis_label>.svg; unique prefix match against vocabulary harvested from well-formed siblings; content signature = svg, within the writer's emitted formats (svg)","7ad4c6b02791622e39205abf814c5bbadc843dd71b838470bb9cce6014a3c4ac",7691,FALSE,"becomes discoverable","rename_in_place"
"results/figures/06_modules_WGCNA/module_score/microglia/wgcna/module_group_scores/sensitivity_flagged_replicates_removed/module_score_CA1_WGCNA_#7F2704_sensitivity_flagged_replicates_remove","results/figures/06_modules_WGCNA/module_score/microglia/wgcna/module_group_scores/sensitivity_flagged_replicates_removed/module_score_CA1_WGCNA_#7F2704_sensitivity_flagged_replicates_re.svg",".svg","analysis/wgcna/score_module_activity.R","score_module_activity.R:3343/3357","template module_score_<rl>_<mod>_<analysis_label>.svg; unique prefix match against vocabulary harvested from well-formed siblings; content signature = svg, within the writer's emitted formats (svg)","bf22a038f631da0677c6495de5a0766b83971604f9e33f7645e22dbcdcbafeda",8225,FALSE,"becomes discoverable","rename_in_place"
"results/figures/06_modules_WGCNA/module_score/microglia/wgcna/module_group_scores/sensitivity_flagged_replicates_removed/module_score_CA1_WGCNA_#8C510A_sensitivity_flagged_replicates_remove","results/figures/06_modules_WGCNA/module_score/microglia/wgcna/module_group_scores/sensitivity_flagged_replicates_removed/module_score_CA1_WGCNA_#8C510A_sensitivity_flagged_replicates_re.svg",".svg","analysis/wgcna/score_module_activity.R","score_module_activity.R:3343/3357","template module_score_<rl>_<mod>_<analysis_label>.svg; unique prefix match against vocabulary harvested from well-formed siblings; content signature = svg, within the writer's emitted formats (svg)","8234bf574aecabfda414c49017d7732670bf91817d68db4935e71d33bb2354e5",7762,FALSE,"becomes discoverable","rename_in_place"
"results/figures/06_modules_WGCNA/module_score/microglia/wgcna/module_group_scores/sensitivity_flagged_replicates_removed/module_score_CA1_WGCNA_#969696_sensitivity_flagged_replicates_remove","results/figures/06_modules_WGCNA/module_score/microglia/wgcna/module_group_scores/sensitivity_flagged_replicates_removed/module_score_CA1_WGCNA_#969696_sensitivity_flagged_replicates_re.svg",".svg","analysis/wgcna/score_module_activity.R","score_module_activity.R:3343/3357","template module_score_<rl>_<mod>_<analysis_label>.svg; unique prefix match against vocabulary harvested from well-formed siblings; content signature = svg, within the writer's emitted formats (svg)","90e709832028522e7a1eff5cc1ee115588d04b63feefbcc7c3fd3a5380fd8a04",7774,FALSE,"becomes discoverable","rename_in_place"
"results/figures/06_modules_WGCNA/module_score/microglia/wgcna/module_group_scores/sensitivity_flagged_replicates_removed/module_score_CA1_WGCNA_#9E9AC8_sensitivity_flagged_replicates_remove","results/figures/06_modules_WGCNA/module_score/microglia/wgcna/module_group_scores/sensitivity_flagged_replicates_removed/module_score_CA1_WGCNA_#9E9AC8_sensitivity_flagged_replicates_re.svg",".svg","analysis/wgcna/score_module_activity.R","score_module_activity.R:3343/3357","template module_score_<rl>_<mod>_<analysis_label>.svg; unique prefix match against vocabulary harvested from well-formed siblings; content signature = svg, within the writer's emitted formats (svg)","f5b367a95e23935c941daaaa69a784173f3a472d9cb87dae3f2e989e8e86880f",7764,FALSE,"becomes discoverable","rename_in_place"
"results/figures/06_modules_WGCNA/module_score/microglia/wgcna/module_group_scores/sensitivity_flagged_replicates_removed/module_score_CA1_WGCNA_#A6611A_sensitivity_flagged_replicates_remove","results/figures/06_modules_WGCNA/module_score/microglia/wgcna/module_group_scores/sensitivity_flagged_replicates_removed/module_score_CA1_WGCNA_#A6611A_sensitivity_flagged_replicates_re.svg",".svg","analysis/wgcna/score_module_activity.R","score_module_activity.R:3343/3357","template module_score_<rl>_<mod>_<analysis_label>.svg; unique prefix match against vocabulary harvested from well-formed siblings; content signature = svg, within the writer's emitted formats (svg)","ac9485ca45119e5eef1849a2045241400b61a3563ba3768f46b70b11103846bd",7354,FALSE,"becomes discoverable","rename_in_place"
"results/figures/06_modules_WGCNA/module_score/microglia/wgcna/module_group_scores/sensitivity_flagged_replicates_removed/module_score_CA2_WGCNA_#006D2C_sensitivity_flagged_replicates_remove","results/figures/06_modules_WGCNA/module_score/microglia/wgcna/module_group_scores/sensitivity_flagged_replicates_removed/module_score_CA2_WGCNA_#006D2C_sensitivity_flagged_replicates_re.svg",".svg","analysis/wgcna/score_module_activity.R","score_module_activity.R:3343/3357","template module_score_<rl>_<mod>_<analysis_label>.svg; unique prefix match against vocabulary harvested from well-formed siblings; content signature = svg, within the writer's emitted formats (svg)","9e84fccac69ed1fa49709c3e67bb555e5324fb641546e4531e7ae871e69f537c",7754,FALSE,"becomes discoverable","rename_in_place"
"results/figures/06_modules_WGCNA/module_score/microglia/wgcna/module_group_scores/sensitivity_flagged_replicates_removed/module_score_CA2_WGCNA_#08519C_sensitivity_flagged_replicates_remove","results/figures/06_modules_WGCNA/module_score/microglia/wgcna/module_group_scores/sensitivity_flagged_replicates_removed/module_score_CA2_WGCNA_#08519C_sensitivity_flagged_replicates_re.svg",".svg","analysis/wgcna/score_module_activity.R","score_module_activity.R:3343/3357","template module_score_<rl>_<mod>_<analysis_label>.svg; unique prefix match against vocabulary harvested from well-formed siblings; content signature = svg, within the writer's emitted formats (svg)","5ac35a1bf007f7215a49152f3757c3984dc998e874a077669bc7fb4fc365a956",8051,FALSE,"becomes discoverable","rename_in_place"
"results/figures/06_modules_WGCNA/module_score/microglia/wgcna/module_group_scores/sensitivity_flagged_replicates_removed/module_score_CA2_WGCNA_#1F4E79_sensitivity_flagged_replicates_remove","results/figures/06_modules_WGCNA/module_score/microglia/wgcna/module_group_scores/sensitivity_flagged_replicates_removed/module_score_CA2_WGCNA_#1F4E79_sensitivity_flagged_replicates_re.svg",".svg","analysis/wgcna/score_module_activity.R","score_module_activity.R:3343/3357","template module_score_<rl>_<mod>_<analysis_label>.svg; unique prefix match against vocabulary harvested from well-formed siblings; content signature = svg, within the writer's emitted formats (svg)","997dda9e7cbd6293c8b4fb9cdab062e268b38bdc04008318d14e3872df64a6f3",7762,FALSE,"becomes discoverable","rename_in_place"
"results/figures/06_modules_WGCNA/module_score/microglia/wgcna/module_group_scores/sensitivity_flagged_replicates_removed/module_score_CA2_WGCNA_#2B8CBE_sensitivity_flagged_replicates_remove","results/figures/06_modules_WGCNA/module_score/microglia/wgcna/module_group_scores/sensitivity_flagged_replicates_removed/module_score_CA2_WGCNA_#2B8CBE_sensitivity_flagged_replicates_re.svg",".svg","analysis/wgcna/score_module_activity.R","score_module_activity.R:3343/3357","template module_score_<rl>_<mod>_<analysis_label>.svg; unique prefix match against vocabulary harvested from well-formed siblings; content signature = svg, within the writer's emitted formats (svg)","6859929de37b8611a4452f6029c7fa0f31b833ed636bc7b5fb33bc3fbe0ce1a2",8041,FALSE,"becomes discoverable","rename_in_place"
"results/figures/06_modules_WGCNA/module_score/microglia/wgcna/module_group_scores/sensitivity_flagged_replicates_removed/module_score_CA2_WGCNA_#3F007D_sensitivity_flagged_replicates_remove","results/figures/06_modules_WGCNA/module_score/microglia/wgcna/module_group_scores/sensitivity_flagged_replicates_removed/module_score_CA2_WGCNA_#3F007D_sensitivity_flagged_replicates_re.svg",".svg","analysis/wgcna/score_module_activity.R","score_module_activity.R:3343/3357","template module_score_<rl>_<mod>_<analysis_label>.svg; unique prefix match against vocabulary harvested from well-formed siblings; content signature = svg, within the writer's emitted formats (svg)","0b5163000df0bc0df7b1a98a07803c51cf63f4f10871a5aff82cf075e695baa4",7747,FALSE,"becomes discoverable","rename_in_place"
"results/figures/06_modules_WGCNA/module_score/microglia/wgcna/module_group_scores/sensitivity_flagged_replicates_removed/module_score_CA2_WGCNA_#41AB5D_sensitivity_flagged_replicates_remove","results/figures/06_modules_WGCNA/module_score/microglia/wgcna/module_group_scores/sensitivity_flagged_replicates_removed/module_score_CA2_WGCNA_#41AB5D_sensitivity_flagged_replicates_re.svg",".svg","analysis/wgcna/score_module_activity.R","score_module_activity.R:3343/3357","template module_score_<rl>_<mod>_<analysis_label>.svg; unique prefix match against vocabulary harvested from well-formed siblings; content signature = svg, within the writer's emitted formats (svg)","929855ccb8ed4950f7b995d74e941b6a21dc08edbb582760b5551a1c75fea3da",7633,FALSE,"becomes discoverable","rename_in_place"
"results/figures/06_modules_WGCNA/module_score/microglia/wgcna/module_group_scores/sensitivity_flagged_replicates_removed/module_score_CA2_WGCNA_#4D4D4D_sensitivity_flagged_replicates_remove","results/figures/06_modules_WGCNA/module_score/microglia/wgcna/module_group_scores/sensitivity_flagged_replicates_removed/module_score_CA2_WGCNA_#4D4D4D_sensitivity_flagged_replicates_re.svg",".svg","analysis/wgcna/score_module_activity.R","score_module_activity.R:3343/3357","template module_score_<rl>_<mod>_<analysis_label>.svg; unique prefix match against vocabulary harvested from well-formed siblings; content signature = svg, within the writer's emitted formats (svg)","7709ff0f36533dd518987e901f1419e267f7285c681a3874d4b9575680e114d9",7212,FALSE,"becomes discoverable","rename_in_place"
"results/figures/06_modules_WGCNA/module_score/microglia/wgcna/module_group_scores/sensitivity_flagged_replicates_removed/module_score_CA2_WGCNA_#737373_sensitivity_flagged_replicates_remove","results/figures/06_modules_WGCNA/module_score/microglia/wgcna/module_group_scores/sensitivity_flagged_replicates_removed/module_score_CA2_WGCNA_#737373_sensitivity_flagged_replicates_re.svg",".svg","analysis/wgcna/score_module_activity.R","score_module_activity.R:3343/3357","template module_score_<rl>_<mod>_<analysis_label>.svg; unique prefix match against vocabulary harvested from well-formed siblings; content signature = svg, within the writer's emitted formats (svg)","28e20cda86233ecee586487d6a1961e924a8a7e10f31c8b7801ccce56ffe4de4",6996,FALSE,"becomes discoverable","rename_in_place"
"results/figures/06_modules_WGCNA/module_score/microglia/wgcna/module_group_scores/sensitivity_flagged_replicates_removed/module_score_CA2_WGCNA_#7F2704_sensitivity_flagged_replicates_remove","results/figures/06_modules_WGCNA/module_score/microglia/wgcna/module_group_scores/sensitivity_flagged_replicates_removed/module_score_CA2_WGCNA_#7F2704_sensitivity_flagged_replicates_re.svg",".svg","analysis/wgcna/score_module_activity.R","score_module_activity.R:3343/3357","template module_score_<rl>_<mod>_<analysis_label>.svg; unique prefix match against vocabulary harvested from well-formed siblings; content signature = svg, within the writer's emitted formats (svg)","7747b7d68360523dd7496f522c17f9285b35ac3a01d803661ae31e97780e7e57",7480,FALSE,"becomes discoverable","rename_in_place"
"results/figures/06_modules_WGCNA/module_score/microglia/wgcna/module_group_scores/sensitivity_flagged_replicates_removed/module_score_CA2_WGCNA_#8C510A_sensitivity_flagged_replicates_remove","results/figures/06_modules_WGCNA/module_score/microglia/wgcna/module_group_scores/sensitivity_flagged_replicates_removed/module_score_CA2_WGCNA_#8C510A_sensitivity_flagged_replicates_re.svg",".svg","analysis/wgcna/score_module_activity.R","score_module_activity.R:3343/3357","template module_score_<rl>_<mod>_<analysis_label>.svg; unique prefix match against vocabulary harvested from well-formed siblings; content signature = svg, within the writer's emitted formats (svg)","f38f4c78995cb782651f2aa036baafa32c238fb4673f492df4e77088558ff1d9",7751,FALSE,"becomes discoverable","rename_in_place"
"results/figures/06_modules_WGCNA/module_score/microglia/wgcna/module_group_scores/sensitivity_flagged_replicates_removed/module_score_CA2_WGCNA_#969696_sensitivity_flagged_replicates_remove","results/figures/06_modules_WGCNA/module_score/microglia/wgcna/module_group_scores/sensitivity_flagged_replicates_removed/module_score_CA2_WGCNA_#969696_sensitivity_flagged_replicates_re.svg",".svg","analysis/wgcna/score_module_activity.R","score_module_activity.R:3343/3357","template module_score_<rl>_<mod>_<analysis_label>.svg; unique prefix match against vocabulary harvested from well-formed siblings; content signature = svg, within the writer's emitted formats (svg)","f16a96e5e7cef79252ed55b391f3fd8bd240186de3d8036b9d3e9d26d22be4b2",7922,FALSE,"becomes discoverable","rename_in_place"
"results/figures/06_modules_WGCNA/module_score/microglia/wgcna/module_group_scores/sensitivity_flagged_replicates_removed/module_score_CA2_WGCNA_#9E9AC8_sensitivity_flagged_replicates_remove","results/figures/06_modules_WGCNA/module_score/microglia/wgcna/module_group_scores/sensitivity_flagged_replicates_removed/module_score_CA2_WGCNA_#9E9AC8_sensitivity_flagged_replicates_re.svg",".svg","analysis/wgcna/score_module_activity.R","score_module_activity.R:3343/3357","template module_score_<rl>_<mod>_<analysis_label>.svg; unique prefix match against vocabulary harvested from well-formed siblings; content signature = svg, within the writer's emitted formats (svg)","16c4b457ca90ce4dd54f57a761b210352cba5b0374372ddeb305412a937b9718",7567,FALSE,"becomes discoverable","rename_in_place"
"results/figures/06_modules_WGCNA/module_score/microglia/wgcna/module_group_scores/sensitivity_flagged_replicates_removed/module_score_CA2_WGCNA_#A6611A_sensitivity_flagged_replicates_remove","results/figures/06_modules_WGCNA/module_score/microglia/wgcna/module_group_scores/sensitivity_flagged_replicates_removed/module_score_CA2_WGCNA_#A6611A_sensitivity_flagged_replicates_re.svg",".svg","analysis/wgcna/score_module_activity.R","score_module_activity.R:3343/3357","template module_score_<rl>_<mod>_<analysis_label>.svg; unique prefix match against vocabulary harvested from well-formed siblings; content signature = svg, within the writer's emitted formats (svg)","e3700074998743a0b0533ac4c0732c19ab318eb3947825ddfbbd2a7f106e313f",7933,FALSE,"becomes discoverable","rename_in_place"
"results/figures/06_modules_WGCNA/module_score/microglia/wgcna/module_group_scores/sensitivity_flagged_replicates_removed/module_score_CA3_WGCNA_#006D2C_sensitivity_flagged_replicates_remove","results/figures/06_modules_WGCNA/module_score/microglia/wgcna/module_group_scores/sensitivity_flagged_replicates_removed/module_score_CA3_WGCNA_#006D2C_sensitivity_flagged_replicates_re.svg",".svg","analysis/wgcna/score_module_activity.R","score_module_activity.R:3343/3357","template module_score_<rl>_<mod>_<analysis_label>.svg; unique prefix match against vocabulary harvested from well-formed siblings; content signature = svg, within the writer's emitted formats (svg)","f22d42cd758afcb85d7b8c3022739bdcfc686c428a6f61f6d01e3bff366035bb",7928,FALSE,"becomes discoverable","rename_in_place"
"results/figures/06_modules_WGCNA/module_score/microglia/wgcna/module_group_scores/sensitivity_flagged_replicates_removed/module_score_CA3_WGCNA_#08519C_sensitivity_flagged_replicates_remove","results/figures/06_modules_WGCNA/module_score/microglia/wgcna/module_group_scores/sensitivity_flagged_replicates_removed/module_score_CA3_WGCNA_#08519C_sensitivity_flagged_replicates_re.svg",".svg","analysis/wgcna/score_module_activity.R","score_module_activity.R:3343/3357","template module_score_<rl>_<mod>_<analysis_label>.svg; unique prefix match against vocabulary harvested from well-formed siblings; content signature = svg, within the writer's emitted formats (svg)","60624d2b65e00008f23b11990d30aec552643e1b4737a8aae445c6d3a445dcaa",7637,FALSE,"becomes discoverable","rename_in_place"
"results/figures/06_modules_WGCNA/module_score/microglia/wgcna/module_group_scores/sensitivity_flagged_replicates_removed/module_score_CA3_WGCNA_#1F4E79_sensitivity_flagged_replicates_remove","results/figures/06_modules_WGCNA/module_score/microglia/wgcna/module_group_scores/sensitivity_flagged_replicates_removed/module_score_CA3_WGCNA_#1F4E79_sensitivity_flagged_replicates_re.svg",".svg","analysis/wgcna/score_module_activity.R","score_module_activity.R:3343/3357","template module_score_<rl>_<mod>_<analysis_label>.svg; unique prefix match against vocabulary harvested from well-formed siblings; content signature = svg, within the writer's emitted formats (svg)","913d76d7b283345c9ba9414ef904a88722edffeb3b3d7a5a1a8caec4d73f1ead",7657,FALSE,"becomes discoverable","rename_in_place"
"results/figures/06_modules_WGCNA/module_score/microglia/wgcna/module_group_scores/sensitivity_flagged_replicates_removed/module_score_CA3_WGCNA_#2B8CBE_sensitivity_flagged_replicates_remove","results/figures/06_modules_WGCNA/module_score/microglia/wgcna/module_group_scores/sensitivity_flagged_replicates_removed/module_score_CA3_WGCNA_#2B8CBE_sensitivity_flagged_replicates_re.svg",".svg","analysis/wgcna/score_module_activity.R","score_module_activity.R:3343/3357","template module_score_<rl>_<mod>_<analysis_label>.svg; unique prefix match against vocabulary harvested from well-formed siblings; content signature = svg, within the writer's emitted formats (svg)","03e2fb4f1dd4202d7534fdb57b7924cb9efc4639ea2c0b9f56ffecc97c11f172",7518,FALSE,"becomes discoverable","rename_in_place"
"results/figures/06_modules_WGCNA/module_score/microglia/wgcna/module_group_scores/sensitivity_flagged_replicates_removed/module_score_CA3_WGCNA_#3F007D_sensitivity_flagged_replicates_remove","results/figures/06_modules_WGCNA/module_score/microglia/wgcna/module_group_scores/sensitivity_flagged_replicates_removed/module_score_CA3_WGCNA_#3F007D_sensitivity_flagged_replicates_re.svg",".svg","analysis/wgcna/score_module_activity.R","score_module_activity.R:3343/3357","template module_score_<rl>_<mod>_<analysis_label>.svg; unique prefix match against vocabulary harvested from well-formed siblings; content signature = svg, within the writer's emitted formats (svg)","6005c4bdb2b7f7c79226456f872fbfebe8834ab779ed69843ece4f59d43eb860",7516,FALSE,"becomes discoverable","rename_in_place"
"results/figures/06_modules_WGCNA/module_score/microglia/wgcna/module_group_scores/sensitivity_flagged_replicates_removed/module_score_CA3_WGCNA_#41AB5D_sensitivity_flagged_replicates_remove","results/figures/06_modules_WGCNA/module_score/microglia/wgcna/module_group_scores/sensitivity_flagged_replicates_removed/module_score_CA3_WGCNA_#41AB5D_sensitivity_flagged_replicates_re.svg",".svg","analysis/wgcna/score_module_activity.R","score_module_activity.R:3343/3357","template module_score_<rl>_<mod>_<analysis_label>.svg; unique prefix match against vocabulary harvested from well-formed siblings; content signature = svg, within the writer's emitted formats (svg)","351b6a7fdd5b9651351fb63fcc63b93bf13a2c410dd4ac980fbdb605f4a4d6b3",7649,FALSE,"becomes discoverable","rename_in_place"
"results/figures/06_modules_WGCNA/module_score/microglia/wgcna/module_group_scores/sensitivity_flagged_replicates_removed/module_score_CA3_WGCNA_#4D4D4D_sensitivity_flagged_replicates_remove","results/figures/06_modules_WGCNA/module_score/microglia/wgcna/module_group_scores/sensitivity_flagged_replicates_removed/module_score_CA3_WGCNA_#4D4D4D_sensitivity_flagged_replicates_re.svg",".svg","analysis/wgcna/score_module_activity.R","score_module_activity.R:3343/3357","template module_score_<rl>_<mod>_<analysis_label>.svg; unique prefix match against vocabulary harvested from well-formed siblings; content signature = svg, within the writer's emitted formats (svg)","0a6623199cfd868323e0c19b5ecc129f72ce3fac1d4974e97617545e16aae856",7344,FALSE,"becomes discoverable","rename_in_place"
"results/figures/06_modules_WGCNA/module_score/microglia/wgcna/module_group_scores/sensitivity_flagged_replicates_removed/module_score_CA3_WGCNA_#737373_sensitivity_flagged_replicates_remove","results/figures/06_modules_WGCNA/module_score/microglia/wgcna/module_group_scores/sensitivity_flagged_replicates_removed/module_score_CA3_WGCNA_#737373_sensitivity_flagged_replicates_re.svg",".svg","analysis/wgcna/score_module_activity.R","score_module_activity.R:3343/3357","template module_score_<rl>_<mod>_<analysis_label>.svg; unique prefix match against vocabulary harvested from well-formed siblings; content signature = svg, within the writer's emitted formats (svg)","cbc1a5bba1286624a1f2f7afe5af5bc90e8d7bf6f450a76121223755237b3284",7981,FALSE,"becomes discoverable","rename_in_place"
"results/figures/06_modules_WGCNA/module_score/microglia/wgcna/module_group_scores/sensitivity_flagged_replicates_removed/module_score_CA3_WGCNA_#7F2704_sensitivity_flagged_replicates_remove","results/figures/06_modules_WGCNA/module_score/microglia/wgcna/module_group_scores/sensitivity_flagged_replicates_removed/module_score_CA3_WGCNA_#7F2704_sensitivity_flagged_replicates_re.svg",".svg","analysis/wgcna/score_module_activity.R","score_module_activity.R:3343/3357","template module_score_<rl>_<mod>_<analysis_label>.svg; unique prefix match against vocabulary harvested from well-formed siblings; content signature = svg, within the writer's emitted formats (svg)","000c8eeb350b93f891f6edc1e0049907061daca93615884049246241a21b355e",8316,FALSE,"becomes discoverable","rename_in_place"
"results/figures/06_modules_WGCNA/module_score/microglia/wgcna/module_group_scores/sensitivity_flagged_replicates_removed/module_score_CA3_WGCNA_#8C510A_sensitivity_flagged_replicates_remove","results/figures/06_modules_WGCNA/module_score/microglia/wgcna/module_group_scores/sensitivity_flagged_replicates_removed/module_score_CA3_WGCNA_#8C510A_sensitivity_flagged_replicates_re.svg",".svg","analysis/wgcna/score_module_activity.R","score_module_activity.R:3343/3357","template module_score_<rl>_<mod>_<analysis_label>.svg; unique prefix match against vocabulary harvested from well-formed siblings; content signature = svg, within the writer's emitted formats (svg)","4f96ddea9a6c088694f319b5c7927a5e9a0138449c2b8ff69cb1925b5c36ee92",7366,FALSE,"becomes discoverable","rename_in_place"
"results/figures/06_modules_WGCNA/module_score/microglia/wgcna/module_group_scores/sensitivity_flagged_replicates_removed/module_score_CA3_WGCNA_#969696_sensitivity_flagged_replicates_remove","results/figures/06_modules_WGCNA/module_score/microglia/wgcna/module_group_scores/sensitivity_flagged_replicates_removed/module_score_CA3_WGCNA_#969696_sensitivity_flagged_replicates_re.svg",".svg","analysis/wgcna/score_module_activity.R","score_module_activity.R:3343/3357","template module_score_<rl>_<mod>_<analysis_label>.svg; unique prefix match against vocabulary harvested from well-formed siblings; content signature = svg, within the writer's emitted formats (svg)","78c8de36fe3797f20da9cd9d93f4e4ba204d231abf4aa9f435903e24bf98e3b7",7705,FALSE,"becomes discoverable","rename_in_place"
"results/figures/06_modules_WGCNA/module_score/microglia/wgcna/module_group_scores/sensitivity_flagged_replicates_removed/module_score_CA3_WGCNA_#9E9AC8_sensitivity_flagged_replicates_remove","results/figures/06_modules_WGCNA/module_score/microglia/wgcna/module_group_scores/sensitivity_flagged_replicates_removed/module_score_CA3_WGCNA_#9E9AC8_sensitivity_flagged_replicates_re.svg",".svg","analysis/wgcna/score_module_activity.R","score_module_activity.R:3343/3357","template module_score_<rl>_<mod>_<analysis_label>.svg; unique prefix match against vocabulary harvested from well-formed siblings; content signature = svg, within the writer's emitted formats (svg)","447af4a34eee9352f3a18e996840fc249b14bb2ad969c23e63df1bcd427ab8e7",7933,FALSE,"becomes discoverable","rename_in_place"
"results/figures/06_modules_WGCNA/module_score/microglia/wgcna/module_group_scores/sensitivity_flagged_replicates_removed/module_score_CA3_WGCNA_#A6611A_sensitivity_flagged_replicates_remove","results/figures/06_modules_WGCNA/module_score/microglia/wgcna/module_group_scores/sensitivity_flagged_replicates_removed/module_score_CA3_WGCNA_#A6611A_sensitivity_flagged_replicates_re.svg",".svg","analysis/wgcna/score_module_activity.R","score_module_activity.R:3343/3357","template module_score_<rl>_<mod>_<analysis_label>.svg; unique prefix match against vocabulary harvested from well-formed siblings; content signature = svg, within the writer's emitted formats (svg)","f083581b662ce8e8145bfec6684eb42bcfd5b0eac044acc7cba3c1d2ac3c5e31",7803,FALSE,"becomes discoverable","rename_in_place"
"results/figures/06_modules_WGCNA/module_score/microglia/wgcna/module_group_scores/sensitivity_flagged_replicates_removed/module_score_DG_WGCNA_#006D2C_sensitivity_flagged_replicates_removed","results/figures/06_modules_WGCNA/module_score/microglia/wgcna/module_group_scores/sensitivity_flagged_replicates_removed/module_score_DG_WGCNA_#006D2C_sensitivity_flagged_replicates_rem.svg",".svg","analysis/wgcna/score_module_activity.R","score_module_activity.R:3343/3357","template module_score_<rl>_<mod>_<analysis_label>.svg; unique prefix match against vocabulary harvested from well-formed siblings; content signature = svg, within the writer's emitted formats (svg)","06222acc82c00d18f5b8b44d05054d29275125f77e11909e039304b3a4783492",7236,FALSE,"becomes discoverable","rename_in_place"
"results/figures/06_modules_WGCNA/module_score/microglia/wgcna/module_group_scores/sensitivity_flagged_replicates_removed/module_score_DG_WGCNA_#08519C_sensitivity_flagged_replicates_removed","results/figures/06_modules_WGCNA/module_score/microglia/wgcna/module_group_scores/sensitivity_flagged_replicates_removed/module_score_DG_WGCNA_#08519C_sensitivity_flagged_replicates_rem.svg",".svg","analysis/wgcna/score_module_activity.R","score_module_activity.R:3343/3357","template module_score_<rl>_<mod>_<analysis_label>.svg; unique prefix match against vocabulary harvested from well-formed siblings; content signature = svg, within the writer's emitted formats (svg)","824d6dd86e8c2a8788ee6f9945b3cc7a8ed1c96b788b02b0efc07a619592cde9",8125,FALSE,"becomes discoverable","rename_in_place"
"results/figures/06_modules_WGCNA/module_score/microglia/wgcna/module_group_scores/sensitivity_flagged_replicates_removed/module_score_DG_WGCNA_#1F4E79_sensitivity_flagged_replicates_removed","results/figures/06_modules_WGCNA/module_score/microglia/wgcna/module_group_scores/sensitivity_flagged_replicates_removed/module_score_DG_WGCNA_#1F4E79_sensitivity_flagged_replicates_rem.svg",".svg","analysis/wgcna/score_module_activity.R","score_module_activity.R:3343/3357","template module_score_<rl>_<mod>_<analysis_label>.svg; unique prefix match against vocabulary harvested from well-formed siblings; content signature = svg, within the writer's emitted formats (svg)","f77ab2a460e933afabcc8ab0b542f42615b744d41bd68c545cb13f5cee6fa6ba",7526,FALSE,"becomes discoverable","rename_in_place"
"results/figures/06_modules_WGCNA/module_score/microglia/wgcna/module_group_scores/sensitivity_flagged_replicates_removed/module_score_DG_WGCNA_#2B8CBE_sensitivity_flagged_replicates_removed","results/figures/06_modules_WGCNA/module_score/microglia/wgcna/module_group_scores/sensitivity_flagged_replicates_removed/module_score_DG_WGCNA_#2B8CBE_sensitivity_flagged_replicates_rem.svg",".svg","analysis/wgcna/score_module_activity.R","score_module_activity.R:3343/3357","template module_score_<rl>_<mod>_<analysis_label>.svg; unique prefix match against vocabulary harvested from well-formed siblings; content signature = svg, within the writer's emitted formats (svg)","d1a71c278221cf3b424636335b4361b8c425ab2560be394831ec1385c4cd49bd",8054,FALSE,"becomes discoverable","rename_in_place"
"results/figures/06_modules_WGCNA/module_score/microglia/wgcna/module_group_scores/sensitivity_flagged_replicates_removed/module_score_DG_WGCNA_#3F007D_sensitivity_flagged_replicates_removed","results/figures/06_modules_WGCNA/module_score/microglia/wgcna/module_group_scores/sensitivity_flagged_replicates_removed/module_score_DG_WGCNA_#3F007D_sensitivity_flagged_replicates_rem.svg",".svg","analysis/wgcna/score_module_activity.R","score_module_activity.R:3343/3357","template module_score_<rl>_<mod>_<analysis_label>.svg; unique prefix match against vocabulary harvested from well-formed siblings; content signature = svg, within the writer's emitted formats (svg)","c89ee8a87e671eb034aae5f9e378fbb0ee1e2e713e9c8b42e0bcc39a2beab381",7751,FALSE,"becomes discoverable","rename_in_place"
"results/figures/06_modules_WGCNA/module_score/microglia/wgcna/module_group_scores/sensitivity_flagged_replicates_removed/module_score_DG_WGCNA_#41AB5D_sensitivity_flagged_replicates_removed","results/figures/06_modules_WGCNA/module_score/microglia/wgcna/module_group_scores/sensitivity_flagged_replicates_removed/module_score_DG_WGCNA_#41AB5D_sensitivity_flagged_replicates_rem.svg",".svg","analysis/wgcna/score_module_activity.R","score_module_activity.R:3343/3357","template module_score_<rl>_<mod>_<analysis_label>.svg; unique prefix match against vocabulary harvested from well-formed siblings; content signature = svg, within the writer's emitted formats (svg)","628c55a4f3323462f5f31112c1b138458b8622561ed5f295356dc994d42aa6e8",7359,FALSE,"becomes discoverable","rename_in_place"
"results/figures/06_modules_WGCNA/module_score/microglia/wgcna/module_group_scores/sensitivity_flagged_replicates_removed/module_score_DG_WGCNA_#4D4D4D_sensitivity_flagged_replicates_removed","results/figures/06_modules_WGCNA/module_score/microglia/wgcna/module_group_scores/sensitivity_flagged_replicates_removed/module_score_DG_WGCNA_#4D4D4D_sensitivity_flagged_replicates_rem.svg",".svg","analysis/wgcna/score_module_activity.R","score_module_activity.R:3343/3357","template module_score_<rl>_<mod>_<analysis_label>.svg; unique prefix match against vocabulary harvested from well-formed siblings; content signature = svg, within the writer's emitted formats (svg)","dace3e1aaaa3bd40adfa083b27f1b421f57a72524147c9a6113ea0b60084cb2d",7761,FALSE,"becomes discoverable","rename_in_place"
"results/figures/06_modules_WGCNA/module_score/microglia/wgcna/module_group_scores/sensitivity_flagged_replicates_removed/module_score_DG_WGCNA_#737373_sensitivity_flagged_replicates_removed","results/figures/06_modules_WGCNA/module_score/microglia/wgcna/module_group_scores/sensitivity_flagged_replicates_removed/module_score_DG_WGCNA_#737373_sensitivity_flagged_replicates_rem.svg",".svg","analysis/wgcna/score_module_activity.R","score_module_activity.R:3343/3357","template module_score_<rl>_<mod>_<analysis_label>.svg; unique prefix match against vocabulary harvested from well-formed siblings; content signature = svg, within the writer's emitted formats (svg)","488f7288e8c07c7c5da0b38e7087136becb4e5c938d3bc738f84733a6bbad470",7517,FALSE,"becomes discoverable","rename_in_place"
"results/figures/06_modules_WGCNA/module_score/microglia/wgcna/module_group_scores/sensitivity_flagged_replicates_removed/module_score_DG_WGCNA_#7F2704_sensitivity_flagged_replicates_removed","results/figures/06_modules_WGCNA/module_score/microglia/wgcna/module_group_scores/sensitivity_flagged_replicates_removed/module_score_DG_WGCNA_#7F2704_sensitivity_flagged_replicates_rem.svg",".svg","analysis/wgcna/score_module_activity.R","score_module_activity.R:3343/3357","template module_score_<rl>_<mod>_<analysis_label>.svg; unique prefix match against vocabulary harvested from well-formed siblings; content signature = svg, within the writer's emitted formats (svg)","e70222a3bc61d77b21c9ca1572d3d3669f2a0e4d55eebc13a99f6ffb451965b0",7468,FALSE,"becomes discoverable","rename_in_place"
"results/figures/06_modules_WGCNA/module_score/microglia/wgcna/module_group_scores/sensitivity_flagged_replicates_removed/module_score_DG_WGCNA_#8C510A_sensitivity_flagged_replicates_removed","results/figures/06_modules_WGCNA/module_score/microglia/wgcna/module_group_scores/sensitivity_flagged_replicates_removed/module_score_DG_WGCNA_#8C510A_sensitivity_flagged_replicates_rem.svg",".svg","analysis/wgcna/score_module_activity.R","score_module_activity.R:3343/3357","template module_score_<rl>_<mod>_<analysis_label>.svg; unique prefix match against vocabulary harvested from well-formed siblings; content signature = svg, within the writer's emitted formats (svg)","8c93d639912a3e19c27a8e8f908b4e3a65319f4977f185af1ee4454cfac4ea5b",7773,FALSE,"becomes discoverable","rename_in_place"
"results/figures/06_modules_WGCNA/module_score/microglia/wgcna/module_group_scores/sensitivity_flagged_replicates_removed/module_score_DG_WGCNA_#969696_sensitivity_flagged_replicates_removed","results/figures/06_modules_WGCNA/module_score/microglia/wgcna/module_group_scores/sensitivity_flagged_replicates_removed/module_score_DG_WGCNA_#969696_sensitivity_flagged_replicates_rem.svg",".svg","analysis/wgcna/score_module_activity.R","score_module_activity.R:3343/3357","template module_score_<rl>_<mod>_<analysis_label>.svg; unique prefix match against vocabulary harvested from well-formed siblings; content signature = svg, within the writer's emitted formats (svg)","f7a9e8b40b0f6d8f0f886d3cfc132a7666ce1b207ff21d5f8ea9821b307bcb48",7364,FALSE,"becomes discoverable","rename_in_place"
"results/figures/06_modules_WGCNA/module_score/microglia/wgcna/module_group_scores/sensitivity_flagged_replicates_removed/module_score_DG_WGCNA_#9E9AC8_sensitivity_flagged_replicates_removed","results/figures/06_modules_WGCNA/module_score/microglia/wgcna/module_group_scores/sensitivity_flagged_replicates_removed/module_score_DG_WGCNA_#9E9AC8_sensitivity_flagged_replicates_rem.svg",".svg","analysis/wgcna/score_module_activity.R","score_module_activity.R:3343/3357","template module_score_<rl>_<mod>_<analysis_label>.svg; unique prefix match against vocabulary harvested from well-formed siblings; content signature = svg, within the writer's emitted formats (svg)","de7b3457a750eb138443231417819b309a30d6b41bb5111f03bc9dc8da9fc322",7657,FALSE,"becomes discoverable","rename_in_place"
"results/figures/06_modules_WGCNA/module_score/microglia/wgcna/module_group_scores/sensitivity_flagged_replicates_removed/module_score_DG_WGCNA_#A6611A_sensitivity_flagged_replicates_removed","results/figures/06_modules_WGCNA/module_score/microglia/wgcna/module_group_scores/sensitivity_flagged_replicates_removed/module_score_DG_WGCNA_#A6611A_sensitivity_flagged_replicates_rem.svg",".svg","analysis/wgcna/score_module_activity.R","score_module_activity.R:3343/3357","template module_score_<rl>_<mod>_<analysis_label>.svg; unique prefix match against vocabulary harvested from well-formed siblings; content signature = svg, within the writer's emitted formats (svg)","2cfc2539d7ee3d83da795e1677a2ccf5de5fe57777e9c43d6e1a2c5d86e3c354",7504,FALSE,"becomes discoverable","rename_in_place"
"results/figures/06_modules_WGCNA/module_score/neuron_neuropil/overlap/behavior_correlations/cor_CA1_slm_Neuropil_chromatin_RNP_related_exploratory_AUC_norm_firstActive_primary_all_replicate","results/figures/06_modules_WGCNA/module_score/neuron_neuropil/overlap/behavior_correlations/cor_CA1_slm_Neuropil_chromatin_RNP_related_exploratory_AUC_norm_firstActive_primary_all_repli.svg",".svg","analysis/wgcna/score_module_activity.R","score_module_activity.R:4088","cut landed inside the trailing analysis label 'primary_all_replicates'; tail completed from the writer template (.svg); content signature = svg, within the writer's emitted formats (svg)","b3b73d7451b53152747caed5e5450f73df07dcdfca266b0f237fd1940fdb423b",13212,FALSE,"becomes discoverable","rename_in_place"
"results/figures/06_modules_WGCNA/module_score/neuron_neuropil/overlap/behavior_correlations/cor_CA1_so_Neuropil_chromatin_RNP_related_exploratory_AUC_norm_firstActive_primary_all_replicates","results/figures/06_modules_WGCNA/module_score/neuron_neuropil/overlap/behavior_correlations/cor_CA1_so_Neuropil_chromatin_RNP_related_exploratory_AUC_norm_firstActive_primary_all_replic.svg",".svg","analysis/wgcna/score_module_activity.R","score_module_activity.R:4088","cut landed inside the trailing analysis label 'primary_all_replicates'; tail completed from the writer template (.svg); content signature = svg, within the writer's emitted formats (svg)","40f322ee32c357358e694ae810e2843fa355d0f0399398473cd5718483039231",12715,FALSE,"becomes discoverable","rename_in_place"
"results/figures/06_modules_WGCNA/module_score/neuron_neuropil/overlap/behavior_correlations/cor_CA1_sr_Neuropil_chromatin_RNP_related_exploratory_AUC_norm_firstActive_primary_all_replicates","results/figures/06_modules_WGCNA/module_score/neuron_neuropil/overlap/behavior_correlations/cor_CA1_sr_Neuropil_chromatin_RNP_related_exploratory_AUC_norm_firstActive_primary_all_replic.svg",".svg","analysis/wgcna/score_module_activity.R","score_module_activity.R:4088","cut landed inside the trailing analysis label 'primary_all_replicates'; tail completed from the writer template (.svg); content signature = svg, within the writer's emitted formats (svg)","36b3358a2bc61eec92735f91eda8ef1ee59991a4ef653ef321668b2d07e0b8a7",12944,FALSE,"becomes discoverable","rename_in_place"
"results/figures/06_modules_WGCNA/module_score/neuron_neuropil/overlap/behavior_correlations/cor_CA2_slm_Neuropil_chromatin_RNP_related_exploratory_AUC_norm_firstActive_primary_all_replicate","results/figures/06_modules_WGCNA/module_score/neuron_neuropil/overlap/behavior_correlations/cor_CA2_slm_Neuropil_chromatin_RNP_related_exploratory_AUC_norm_firstActive_primary_all_repli.svg",".svg","analysis/wgcna/score_module_activity.R","score_module_activity.R:4088","cut landed inside the trailing analysis label 'primary_all_replicates'; tail completed from the writer template (.svg); content signature = svg, within the writer's emitted formats (svg)","9ee9528fa78b1ec930cee7fce0c315e83ed73886deb50c1306e1b6f1188c3e10",12692,FALSE,"becomes discoverable","rename_in_place"
"results/figures/06_modules_WGCNA/module_score/neuron_neuropil/overlap/behavior_correlations/cor_CA2_so_Neuropil_chromatin_RNP_related_exploratory_AUC_norm_firstActive_primary_all_replicates","results/figures/06_modules_WGCNA/module_score/neuron_neuropil/overlap/behavior_correlations/cor_CA2_so_Neuropil_chromatin_RNP_related_exploratory_AUC_norm_firstActive_primary_all_replic.svg",".svg","analysis/wgcna/score_module_activity.R","score_module_activity.R:4088","cut landed inside the trailing analysis label 'primary_all_replicates'; tail completed from the writer template (.svg); content signature = svg, within the writer's emitted formats (svg)","ae5035f0e51031bdf476a170dde9dc64b3f35e106efb25602f017630eae6d676",13312,FALSE,"becomes discoverable","rename_in_place"
"results/figures/06_modules_WGCNA/module_score/neuron_neuropil/overlap/behavior_correlations/cor_CA2_sr_Neuropil_chromatin_RNP_related_exploratory_AUC_norm_firstActive_primary_all_replicates","results/figures/06_modules_WGCNA/module_score/neuron_neuropil/overlap/behavior_correlations/cor_CA2_sr_Neuropil_chromatin_RNP_related_exploratory_AUC_norm_firstActive_primary_all_replic.svg",".svg","analysis/wgcna/score_module_activity.R","score_module_activity.R:4088","cut landed inside the trailing analysis label 'primary_all_replicates'; tail completed from the writer template (.svg); content signature = svg, within the writer's emitted formats (svg)","f15c46c810b6cc1a9954938701774f53dd327c82fe521414b0b84792f46dc1bf",12941,FALSE,"becomes discoverable","rename_in_place"
"results/figures/06_modules_WGCNA/module_score/neuron_neuropil/overlap/behavior_correlations/cor_CA3_so_Neuropil_chromatin_RNP_related_exploratory_AUC_norm_firstActive_primary_all_replicates","results/figures/06_modules_WGCNA/module_score/neuron_neuropil/overlap/behavior_correlations/cor_CA3_so_Neuropil_chromatin_RNP_related_exploratory_AUC_norm_firstActive_primary_all_replic.svg",".svg","analysis/wgcna/score_module_activity.R","score_module_activity.R:4088","cut landed inside the trailing analysis label 'primary_all_replicates'; tail completed from the writer template (.svg); content signature = svg, within the writer's emitted formats (svg)","4f8468c115e7c966c577e9d8b3a54d3b7d56d5944d17cd83bcb036c5d4438c5a",12433,FALSE,"becomes discoverable","rename_in_place"
"results/figures/06_modules_WGCNA/module_score/neuron_neuropil/overlap/behavior_correlations/cor_CA3_sr_Neuropil_chromatin_RNP_related_exploratory_AUC_norm_firstActive_primary_all_replicates","results/figures/06_modules_WGCNA/module_score/neuron_neuropil/overlap/behavior_correlations/cor_CA3_sr_Neuropil_chromatin_RNP_related_exploratory_AUC_norm_firstActive_primary_all_replic.svg",".svg","analysis/wgcna/score_module_activity.R","score_module_activity.R:4088","cut landed inside the trailing analysis label 'primary_all_replicates'; tail completed from the writer template (.svg); content signature = svg, within the writer's emitted formats (svg)","9a6f8bb2488fcf553de8581f962e40445b08ee78399a37f803a67b9ecc43752f",13200,FALSE,"becomes discoverable","rename_in_place"
"results/figures/06_modules_WGCNA/module_score/neuron_neuropil/overlap/behavior_correlations/cor_DG_mo_Neuropil_chromatin_RNP_related_exploratory_AUC_norm_firstActive_primary_all_replicates","results/figures/06_modules_WGCNA/module_score/neuron_neuropil/overlap/behavior_correlations/cor_DG_mo_Neuropil_chromatin_RNP_related_exploratory_AUC_norm_firstActive_primary_all_replica.svg",".svg","analysis/wgcna/score_module_activity.R","score_module_activity.R:4088","cut landed inside the trailing analysis label 'primary_all_replicates'; tail completed from the writer template (.svg); content signature = svg, within the writer's emitted formats (svg)","d5cc5b3dab75787ae794022e85f98265f87e50ff2602f7bea8ee1786819993de",13306,FALSE,"becomes discoverable","rename_in_place"
"results/figures/06_modules_WGCNA/module_score/neuron_neuropil/overlap/behavior_correlations/cor_DG_po_Neuropil_chromatin_RNP_related_exploratory_AUC_norm_firstActive_primary_all_replicates","results/figures/06_modules_WGCNA/module_score/neuron_neuropil/overlap/behavior_correlations/cor_DG_po_Neuropil_chromatin_RNP_related_exploratory_AUC_norm_firstActive_primary_all_replica.svg",".svg","analysis/wgcna/score_module_activity.R","score_module_activity.R:4088","cut landed inside the trailing analysis label 'primary_all_replicates'; tail completed from the writer template (.svg); content signature = svg, within the writer's emitted formats (svg)","a1ecd21862eaa7ca922c407733ffb678697a8ad497646d2d8d35ac35f672af77",13289,FALSE,"becomes discoverable","rename_in_place"
"results/figures/06_modules_WGCNA/module_score/neuron_neuropil/overlap/module_group_scores/primary_all_replicates/module_score_CA1_slm_Neuropil_chromatin_RNP_related_exploratory_primary_all_","results/figures/06_modules_WGCNA/module_score/neuron_neuropil/overlap/module_group_scores/primary_all_replicates/module_score_CA1_slm_Neuropil_chromatin_RNP_related_exploratory_primary_.svg",".svg","analysis/wgcna/score_module_activity.R","score_module_activity.R:3343/3357","cut landed inside the trailing analysis label 'primary_all_replicates'; tail completed from the writer template (.svg); content signature = svg, within the writer's emitted formats (svg)","875da6cb93f80f84d3f394be60b1775a5ce2e72033f36f14b25bcccf091760a1",7969,FALSE,"becomes discoverable","rename_in_place"
"results/figures/06_modules_WGCNA/module_score/neuron_neuropil/overlap/module_group_scores/primary_all_replicates/module_score_CA1_slm_Neuropil_endo_lysosomal_proteostasis_primary_all_replic","results/figures/06_modules_WGCNA/module_score/neuron_neuropil/overlap/module_group_scores/primary_all_replicates/module_score_CA1_slm_Neuropil_endo_lysosomal_proteostasis_primary_all_re.svg",".svg","analysis/wgcna/score_module_activity.R","score_module_activity.R:3343/3357","cut landed inside the trailing analysis label 'primary_all_replicates'; tail completed from the writer template (.svg); content signature = svg, within the writer's emitted formats (svg)","11c35d2b127def8c55f916fac3bcd2b237c10238ff5f79867b0f4d18d8d7ff8e",7975,FALSE,"becomes discoverable","rename_in_place"
"results/figures/06_modules_WGCNA/module_score/neuron_neuropil/overlap/module_group_scores/primary_all_replicates/module_score_CA1_slm_Neuropil_ribosome_translation_primary_all_replicates.sv","results/figures/06_modules_WGCNA/module_score/neuron_neuropil/overlap/module_group_scores/primary_all_replicates/module_score_CA1_slm_Neuropil_ribosome_translation_primary_all_replicate.svg",".svg","analysis/wgcna/score_module_activity.R","score_module_activity.R:3343/3357","cut landed inside the trailing analysis label 'primary_all_replicates'; tail completed from the writer template (.svg); content signature = svg, within the writer's emitted formats (svg)","b14aecda804c46e98400f250622eac29ecb612013d7a597b549992fc05cdfe7c",7664,FALSE,"becomes discoverable","rename_in_place"
"results/figures/06_modules_WGCNA/module_score/neuron_neuropil/overlap/module_group_scores/primary_all_replicates/module_score_CA1_slm_Neuropil_RNP_RNA_processing_full_primary_all_replicates","results/figures/06_modules_WGCNA/module_score/neuron_neuropil/overlap/module_group_scores/primary_all_replicates/module_score_CA1_slm_Neuropil_RNP_RNA_processing_full_primary_all_replic.svg",".svg","analysis/wgcna/score_module_activity.R","score_module_activity.R:3343/3357","cut landed inside the trailing analysis label 'primary_all_replicates'; tail completed from the writer template (.svg); content signature = svg, within the writer's emitted formats (svg)","6d4150a2b34021c199d9338e48c42042b5674fee0c3088787c49f1e9657e8613",7960,FALSE,"becomes discoverable","rename_in_place"
"results/figures/06_modules_WGCNA/module_score/neuron_neuropil/overlap/module_group_scores/primary_all_replicates/module_score_CA1_slm_Neuropil_RNP_RNA_processing_main_primary_all_replicates","results/figures/06_modules_WGCNA/module_score/neuron_neuropil/overlap/module_group_scores/primary_all_replicates/module_score_CA1_slm_Neuropil_RNP_RNA_processing_main_primary_all_replic.svg",".svg","analysis/wgcna/score_module_activity.R","score_module_activity.R:3343/3357","cut landed inside the trailing analysis label 'primary_all_replicates'; tail completed from the writer template (.svg); content signature = svg, within the writer's emitted formats (svg)","385cc20e884a6746f179b1ea8c9d29cf109bf55b73bcc422284a423c4bd52816",7961,FALSE,"becomes discoverable","rename_in_place"
"results/figures/06_modules_WGCNA/module_score/neuron_neuropil/overlap/module_group_scores/primary_all_replicates/module_score_CA1_slm_Neuropil_synaptic_cytoskeleton_primary_all_replicates.s","results/figures/06_modules_WGCNA/module_score/neuron_neuropil/overlap/module_group_scores/primary_all_replicates/module_score_CA1_slm_Neuropil_synaptic_cytoskeleton_primary_all_replicat.svg",".svg","analysis/wgcna/score_module_activity.R","score_module_activity.R:3343/3357","cut landed inside the trailing analysis label 'primary_all_replicates'; tail completed from the writer template (.svg); content signature = svg, within the writer's emitted formats (svg)","18f30c4ce590c5bea1b6a217902d97af249e8ad510156e9bd65926f85b965d6d",7937,FALSE,"becomes discoverable","rename_in_place"
"results/figures/06_modules_WGCNA/module_score/neuron_neuropil/overlap/module_group_scores/primary_all_replicates/module_score_CA1_so_Neuropil_chromatin_RNP_related_exploratory_primary_all_r","results/figures/06_modules_WGCNA/module_score/neuron_neuropil/overlap/module_group_scores/primary_all_replicates/module_score_CA1_so_Neuropil_chromatin_RNP_related_exploratory_primary_a.svg",".svg","analysis/wgcna/score_module_activity.R","score_module_activity.R:3343/3357","cut landed inside the trailing analysis label 'primary_all_replicates'; tail completed from the writer template (.svg); content signature = svg, within the writer's emitted formats (svg)","025b6884c70d851b14d41e6ad2d7ea5a3d24061055674f56239784301b23f805",7678,FALSE,"becomes discoverable","rename_in_place"
"results/figures/06_modules_WGCNA/module_score/neuron_neuropil/overlap/module_group_scores/primary_all_replicates/module_score_CA1_so_Neuropil_endo_lysosomal_proteostasis_primary_all_replica","results/figures/06_modules_WGCNA/module_score/neuron_neuropil/overlap/module_group_scores/primary_all_replicates/module_score_CA1_so_Neuropil_endo_lysosomal_proteostasis_primary_all_rep.svg",".svg","analysis/wgcna/score_module_activity.R","score_module_activity.R:3343/3357","cut landed inside the trailing analysis label 'primary_all_replicates'; tail completed from the writer template (.svg); content signature = svg, within the writer's emitted formats (svg)","a574849120094a3c8ae343074b438412ee9ef0142f6d64218998afc71c085a7f",7397,FALSE,"becomes discoverable","rename_in_place"
"results/figures/06_modules_WGCNA/module_score/neuron_neuropil/overlap/module_group_scores/primary_all_replicates/module_score_CA1_so_Neuropil_RNP_RNA_processing_full_primary_all_replicates","results/figures/06_modules_WGCNA/module_score/neuron_neuropil/overlap/module_group_scores/primary_all_replicates/module_score_CA1_so_Neuropil_RNP_RNA_processing_full_primary_all_replica.svg",".svg","analysis/wgcna/score_module_activity.R","score_module_activity.R:3343/3357","cut landed inside the trailing analysis label 'primary_all_replicates'; tail completed from the writer template (.svg); content signature = svg, within the writer's emitted formats (svg)","85cbc815c7a6e1b199b2f8c485f7be2eeab3dd58b28b5469ca0bd82b878ec29e",8250,FALSE,"becomes discoverable","rename_in_place"
"results/figures/06_modules_WGCNA/module_score/neuron_neuropil/overlap/module_group_scores/primary_all_replicates/module_score_CA1_so_Neuropil_RNP_RNA_processing_main_primary_all_replicates","results/figures/06_modules_WGCNA/module_score/neuron_neuropil/overlap/module_group_scores/primary_all_replicates/module_score_CA1_so_Neuropil_RNP_RNA_processing_main_primary_all_replica.svg",".svg","analysis/wgcna/score_module_activity.R","score_module_activity.R:3343/3357","cut landed inside the trailing analysis label 'primary_all_replicates'; tail completed from the writer template (.svg); content signature = svg, within the writer's emitted formats (svg)","5e53f5e1c4237c6a8de210d0dbbe1c8167c651ab5f32438ef826fb3fd67426df",8251,FALSE,"becomes discoverable","rename_in_place"
"results/figures/06_modules_WGCNA/module_score/neuron_neuropil/overlap/module_group_scores/primary_all_replicates/module_score_CA1_so_Neuropil_synaptic_cytoskeleton_primary_all_replicates.sv","results/figures/06_modules_WGCNA/module_score/neuron_neuropil/overlap/module_group_scores/primary_all_replicates/module_score_CA1_so_Neuropil_synaptic_cytoskeleton_primary_all_replicate.svg",".svg","analysis/wgcna/score_module_activity.R","score_module_activity.R:3343/3357","cut landed inside the trailing analysis label 'primary_all_replicates'; tail completed from the writer template (.svg); content signature = svg, within the writer's emitted formats (svg)","4d5b4a2e06f80e4f154e7a1c76c2b1b6ee49923f64825eedee992e470e30974f",8245,FALSE,"becomes discoverable","rename_in_place"
"results/figures/06_modules_WGCNA/module_score/neuron_neuropil/overlap/module_group_scores/primary_all_replicates/module_score_CA1_sr_Neuropil_chromatin_RNP_related_exploratory_primary_all_r","results/figures/06_modules_WGCNA/module_score/neuron_neuropil/overlap/module_group_scores/primary_all_replicates/module_score_CA1_sr_Neuropil_chromatin_RNP_related_exploratory_primary_a.svg",".svg","analysis/wgcna/score_module_activity.R","score_module_activity.R:3343/3357","cut landed inside the trailing analysis label 'primary_all_replicates'; tail completed from the writer template (.svg); content signature = svg, within the writer's emitted formats (svg)","c787a18a8207d230da433c912e19c9bebba3dcf3d6490208ac1c068fe1644778",8551,FALSE,"becomes discoverable","rename_in_place"
"results/figures/06_modules_WGCNA/module_score/neuron_neuropil/overlap/module_group_scores/primary_all_replicates/module_score_CA1_sr_Neuropil_endo_lysosomal_proteostasis_primary_all_replica","results/figures/06_modules_WGCNA/module_score/neuron_neuropil/overlap/module_group_scores/primary_all_replicates/module_score_CA1_sr_Neuropil_endo_lysosomal_proteostasis_primary_all_rep.svg",".svg","analysis/wgcna/score_module_activity.R","score_module_activity.R:3343/3357","cut landed inside the trailing analysis label 'primary_all_replicates'; tail completed from the writer template (.svg); content signature = svg, within the writer's emitted formats (svg)","9b1e143ee2849dc3108f8ca639d0a02fb565fa78be78bb619ac104c45b4ee891",7975,FALSE,"becomes discoverable","rename_in_place"
"results/figures/06_modules_WGCNA/module_score/neuron_neuropil/overlap/module_group_scores/primary_all_replicates/module_score_CA1_sr_Neuropil_RNP_RNA_processing_full_primary_all_replicates","results/figures/06_modules_WGCNA/module_score/neuron_neuropil/overlap/module_group_scores/primary_all_replicates/module_score_CA1_sr_Neuropil_RNP_RNA_processing_full_primary_all_replica.svg",".svg","analysis/wgcna/score_module_activity.R","score_module_activity.R:3343/3357","cut landed inside the trailing analysis label 'primary_all_replicates'; tail completed from the writer template (.svg); content signature = svg, within the writer's emitted formats (svg)","46462fd574208cf82686fa8f9303d0ea5c9dcd6b2804c1ade783edda0504338c",7959,FALSE,"becomes discoverable","rename_in_place"
"results/figures/06_modules_WGCNA/module_score/neuron_neuropil/overlap/module_group_scores/primary_all_replicates/module_score_CA1_sr_Neuropil_RNP_RNA_processing_main_primary_all_replicates","results/figures/06_modules_WGCNA/module_score/neuron_neuropil/overlap/module_group_scores/primary_all_replicates/module_score_CA1_sr_Neuropil_RNP_RNA_processing_main_primary_all_replica.svg",".svg","analysis/wgcna/score_module_activity.R","score_module_activity.R:3343/3357","cut landed inside the trailing analysis label 'primary_all_replicates'; tail completed from the writer template (.svg); content signature = svg, within the writer's emitted formats (svg)","7181eef68757e075137bf36193980e5a462af3846e26bc6b6ce585913136c040",7960,FALSE,"becomes discoverable","rename_in_place"
"results/figures/06_modules_WGCNA/module_score/neuron_neuropil/overlap/module_group_scores/primary_all_replicates/module_score_CA1_sr_Neuropil_synaptic_cytoskeleton_primary_all_replicates.sv","results/figures/06_modules_WGCNA/module_score/neuron_neuropil/overlap/module_group_scores/primary_all_replicates/module_score_CA1_sr_Neuropil_synaptic_cytoskeleton_primary_all_replicate.svg",".svg","analysis/wgcna/score_module_activity.R","score_module_activity.R:3343/3357","cut landed inside the trailing analysis label 'primary_all_replicates'; tail completed from the writer template (.svg); content signature = svg, within the writer's emitted formats (svg)","c0ce76c503a9dc5915bd9e96309bf2c7d62dde3965be98479f2e1643b5acea55",7950,FALSE,"becomes discoverable","rename_in_place"
"results/figures/06_modules_WGCNA/module_score/neuron_neuropil/overlap/module_group_scores/primary_all_replicates/module_score_CA2_slm_Neuropil_chromatin_RNP_related_exploratory_primary_all_","results/figures/06_modules_WGCNA/module_score/neuron_neuropil/overlap/module_group_scores/primary_all_replicates/module_score_CA2_slm_Neuropil_chromatin_RNP_related_exploratory_primary_.svg",".svg","analysis/wgcna/score_module_activity.R","score_module_activity.R:3343/3357","cut landed inside the trailing analysis label 'primary_all_replicates'; tail completed from the writer template (.svg); content signature = svg, within the writer's emitted formats (svg)","a6173e79253404b1571c4cb43eb007c7b3b525c2ff2ec63e178fdde68f258972",7970,FALSE,"becomes discoverable","rename_in_place"
"results/figures/06_modules_WGCNA/module_score/neuron_neuropil/overlap/module_group_scores/primary_all_replicates/module_score_CA2_slm_Neuropil_endo_lysosomal_proteostasis_primary_all_replic","results/figures/06_modules_WGCNA/module_score/neuron_neuropil/overlap/module_group_scores/primary_all_replicates/module_score_CA2_slm_Neuropil_endo_lysosomal_proteostasis_primary_all_re.svg",".svg","analysis/wgcna/score_module_activity.R","score_module_activity.R:3343/3357","cut landed inside the trailing analysis label 'primary_all_replicates'; tail completed from the writer template (.svg); content signature = svg, within the writer's emitted formats (svg)","1851bfae548d51f68ddd09a6a9a370943adb34abc820be6887f8b307a283b67e",8235,FALSE,"becomes discoverable","rename_in_place"
"results/figures/06_modules_WGCNA/module_score/neuron_neuropil/overlap/module_group_scores/primary_all_replicates/module_score_CA2_slm_Neuropil_ribosome_translation_primary_all_replicates.sv","results/figures/06_modules_WGCNA/module_score/neuron_neuropil/overlap/module_group_scores/primary_all_replicates/module_score_CA2_slm_Neuropil_ribosome_translation_primary_all_replicate.svg",".svg","analysis/wgcna/score_module_activity.R","score_module_activity.R:3343/3357","cut landed inside the trailing analysis label 'primary_all_replicates'; tail completed from the writer template (.svg); content signature = svg, within the writer's emitted formats (svg)","110eb42e9ac1836996222e9fbc293f84b63edb2646f77bd03583a231e133c324",7656,FALSE,"becomes discoverable","rename_in_place"
"results/figures/06_modules_WGCNA/module_score/neuron_neuropil/overlap/module_group_scores/primary_all_replicates/module_score_CA2_slm_Neuropil_RNP_RNA_processing_full_primary_all_replicates","results/figures/06_modules_WGCNA/module_score/neuron_neuropil/overlap/module_group_scores/primary_all_replicates/module_score_CA2_slm_Neuropil_RNP_RNA_processing_full_primary_all_replic.svg",".svg","analysis/wgcna/score_module_activity.R","score_module_activity.R:3343/3357","cut landed inside the trailing analysis label 'primary_all_replicates'; tail completed from the writer template (.svg); content signature = svg, within the writer's emitted formats (svg)","f6a48335ef03d77be62ad9265c071265f17c8046314931ecaad78b25f19b0d7e",7659,FALSE,"becomes discoverable","rename_in_place"
"results/figures/06_modules_WGCNA/module_score/neuron_neuropil/overlap/module_group_scores/primary_all_replicates/module_score_CA2_slm_Neuropil_RNP_RNA_processing_main_primary_all_replicates","results/figures/06_modules_WGCNA/module_score/neuron_neuropil/overlap/module_group_scores/primary_all_replicates/module_score_CA2_slm_Neuropil_RNP_RNA_processing_main_primary_all_replic.svg",".svg","analysis/wgcna/score_module_activity.R","score_module_activity.R:3343/3357","cut landed inside the trailing analysis label 'primary_all_replicates'; tail completed from the writer template (.svg); content signature = svg, within the writer's emitted formats (svg)","c79d2f4d020ce737028bd79b1c5025cd0c6c745c6147d12b38fd037727f62447",7660,FALSE,"becomes discoverable","rename_in_place"
"results/figures/06_modules_WGCNA/module_score/neuron_neuropil/overlap/module_group_scores/primary_all_replicates/module_score_CA2_slm_Neuropil_synaptic_cytoskeleton_primary_all_replicates.s","results/figures/06_modules_WGCNA/module_score/neuron_neuropil/overlap/module_group_scores/primary_all_replicates/module_score_CA2_slm_Neuropil_synaptic_cytoskeleton_primary_all_replicat.svg",".svg","analysis/wgcna/score_module_activity.R","score_module_activity.R:3343/3357","cut landed inside the trailing analysis label 'primary_all_replicates'; tail completed from the writer template (.svg); content signature = svg, within the writer's emitted formats (svg)","1f220756dc72393546502f9facb33f84e182976f953cb2da855c763b91920e49",7940,FALSE,"becomes discoverable","rename_in_place"
"results/figures/06_modules_WGCNA/module_score/neuron_neuropil/overlap/module_group_scores/primary_all_replicates/module_score_CA2_so_Neuropil_chromatin_RNP_related_exploratory_primary_all_r","results/figures/06_modules_WGCNA/module_score/neuron_neuropil/overlap/module_group_scores/primary_all_replicates/module_score_CA2_so_Neuropil_chromatin_RNP_related_exploratory_primary_a.svg",".svg","analysis/wgcna/score_module_activity.R","score_module_activity.R:3343/3357","cut landed inside the trailing analysis label 'primary_all_replicates'; tail completed from the writer template (.svg); content signature = svg, within the writer's emitted formats (svg)","5363b0f83617d52835abc1a124e8ab72bdcf1a928972d1ec9ee89be91215a3af",7968,FALSE,"becomes discoverable","rename_in_place"
"results/figures/06_modules_WGCNA/module_score/neuron_neuropil/overlap/module_group_scores/primary_all_replicates/module_score_CA2_so_Neuropil_endo_lysosomal_proteostasis_primary_all_replica","results/figures/06_modules_WGCNA/module_score/neuron_neuropil/overlap/module_group_scores/primary_all_replicates/module_score_CA2_so_Neuropil_endo_lysosomal_proteostasis_primary_all_rep.svg",".svg","analysis/wgcna/score_module_activity.R","score_module_activity.R:3343/3357","cut landed inside the trailing analysis label 'primary_all_replicates'; tail completed from the writer template (.svg); content signature = svg, within the writer's emitted formats (svg)","be7cab32b77788c02101c75d453c32decdcb4978d0ed488c571a6f01d7a8a879",7959,FALSE,"becomes discoverable","rename_in_place"
"results/figures/06_modules_WGCNA/module_score/neuron_neuropil/overlap/module_group_scores/primary_all_replicates/module_score_CA2_so_Neuropil_RNP_RNA_processing_full_primary_all_replicates","results/figures/06_modules_WGCNA/module_score/neuron_neuropil/overlap/module_group_scores/primary_all_replicates/module_score_CA2_so_Neuropil_RNP_RNA_processing_full_primary_all_replica.svg",".svg","analysis/wgcna/score_module_activity.R","score_module_activity.R:3343/3357","cut landed inside the trailing analysis label 'primary_all_replicates'; tail completed from the writer template (.svg); content signature = svg, within the writer's emitted formats (svg)","af66afb23111c9432d0416a39364013bff639fb64a312eb89c904f426f4b5fa7",7946,FALSE,"becomes discoverable","rename_in_place"
"results/figures/06_modules_WGCNA/module_score/neuron_neuropil/overlap/module_group_scores/primary_all_replicates/module_score_CA2_so_Neuropil_RNP_RNA_processing_main_primary_all_replicates","results/figures/06_modules_WGCNA/module_score/neuron_neuropil/overlap/module_group_scores/primary_all_replicates/module_score_CA2_so_Neuropil_RNP_RNA_processing_main_primary_all_replica.svg",".svg","analysis/wgcna/score_module_activity.R","score_module_activity.R:3343/3357","cut landed inside the trailing analysis label 'primary_all_replicates'; tail completed from the writer template (.svg); content signature = svg, within the writer's emitted formats (svg)","13b5cb8badde20a7734a4a38dac7425ff14d918e8069248550a1e4d33f32dc42",7947,FALSE,"becomes discoverable","rename_in_place"
"results/figures/06_modules_WGCNA/module_score/neuron_neuropil/overlap/module_group_scores/primary_all_replicates/module_score_CA2_so_Neuropil_synaptic_cytoskeleton_primary_all_replicates.sv","results/figures/06_modules_WGCNA/module_score/neuron_neuropil/overlap/module_group_scores/primary_all_replicates/module_score_CA2_so_Neuropil_synaptic_cytoskeleton_primary_all_replicate.svg",".svg","analysis/wgcna/score_module_activity.R","score_module_activity.R:3343/3357","cut landed inside the trailing analysis label 'primary_all_replicates'; tail completed from the writer template (.svg); content signature = svg, within the writer's emitted formats (svg)","32d4cd2b5096c771ae8d6cb7382f5381c51c645c7e8e0d24ab72c60d363885a5",7655,FALSE,"becomes discoverable","rename_in_place"
"results/figures/06_modules_WGCNA/module_score/neuron_neuropil/overlap/module_group_scores/primary_all_replicates/module_score_CA2_sr_Neuropil_chromatin_RNP_related_exploratory_primary_all_r","results/figures/06_modules_WGCNA/module_score/neuron_neuropil/overlap/module_group_scores/primary_all_replicates/module_score_CA2_sr_Neuropil_chromatin_RNP_related_exploratory_primary_a.svg",".svg","analysis/wgcna/score_module_activity.R","score_module_activity.R:3343/3357","cut landed inside the trailing analysis label 'primary_all_replicates'; tail completed from the writer template (.svg); content signature = svg, within the writer's emitted formats (svg)","0d77739981a9e7715453566136a250d9a47215c06866d13567af46e8d4c9f169",8259,FALSE,"becomes discoverable","rename_in_place"
"results/figures/06_modules_WGCNA/module_score/neuron_neuropil/overlap/module_group_scores/primary_all_replicates/module_score_CA2_sr_Neuropil_endo_lysosomal_proteostasis_primary_all_replica","results/figures/06_modules_WGCNA/module_score/neuron_neuropil/overlap/module_group_scores/primary_all_replicates/module_score_CA2_sr_Neuropil_endo_lysosomal_proteostasis_primary_all_rep.svg",".svg","analysis/wgcna/score_module_activity.R","score_module_activity.R:3343/3357","cut landed inside the trailing analysis label 'primary_all_replicates'; tail completed from the writer template (.svg); content signature = svg, within the writer's emitted formats (svg)","0e744de1a15be1e21bb500341fabdd585aa0c6da3ae0362557219f7ee3ba27a6",8251,FALSE,"becomes discoverable","rename_in_place"
"results/figures/06_modules_WGCNA/module_score/neuron_neuropil/overlap/module_group_scores/primary_all_replicates/module_score_CA2_sr_Neuropil_RNP_RNA_processing_full_primary_all_replicates","results/figures/06_modules_WGCNA/module_score/neuron_neuropil/overlap/module_group_scores/primary_all_replicates/module_score_CA2_sr_Neuropil_RNP_RNA_processing_full_primary_all_replica.svg",".svg","analysis/wgcna/score_module_activity.R","score_module_activity.R:3343/3357","cut landed inside the trailing analysis label 'primary_all_replicates'; tail completed from the writer template (.svg); content signature = svg, within the writer's emitted formats (svg)","4e0bded43df7973c67c584b2d04616f5343179ecffdfda32c3b5971b736ab3f9",7672,FALSE,"becomes discoverable","rename_in_place"
"results/figures/06_modules_WGCNA/module_score/neuron_neuropil/overlap/module_group_scores/primary_all_replicates/module_score_CA2_sr_Neuropil_RNP_RNA_processing_main_primary_all_replicates","results/figures/06_modules_WGCNA/module_score/neuron_neuropil/overlap/module_group_scores/primary_all_replicates/module_score_CA2_sr_Neuropil_RNP_RNA_processing_main_primary_all_replica.svg",".svg","analysis/wgcna/score_module_activity.R","score_module_activity.R:3343/3357","cut landed inside the trailing analysis label 'primary_all_replicates'; tail completed from the writer template (.svg); content signature = svg, within the writer's emitted formats (svg)","87abde9345add0bcb7957c3cb4dc27fb5809254818bfcadeda8f6158fe026c0e",7948,FALSE,"becomes discoverable","rename_in_place"
"results/figures/06_modules_WGCNA/module_score/neuron_neuropil/overlap/module_group_scores/primary_all_replicates/module_score_CA2_sr_Neuropil_synaptic_cytoskeleton_primary_all_replicates.sv","results/figures/06_modules_WGCNA/module_score/neuron_neuropil/overlap/module_group_scores/primary_all_replicates/module_score_CA2_sr_Neuropil_synaptic_cytoskeleton_primary_all_replicate.svg",".svg","analysis/wgcna/score_module_activity.R","score_module_activity.R:3343/3357","cut landed inside the trailing analysis label 'primary_all_replicates'; tail completed from the writer template (.svg); content signature = svg, within the writer's emitted formats (svg)","c6f90926c66cbcb64b5dcaa49ba9e4abcbfe27d38893411e6e465725cb8fff51",7656,FALSE,"becomes discoverable","rename_in_place"
"results/figures/06_modules_WGCNA/module_score/neuron_neuropil/overlap/module_group_scores/primary_all_replicates/module_score_CA3_so_Neuropil_chromatin_RNP_related_exploratory_primary_all_r","results/figures/06_modules_WGCNA/module_score/neuron_neuropil/overlap/module_group_scores/primary_all_replicates/module_score_CA3_so_Neuropil_chromatin_RNP_related_exploratory_primary_a.svg",".svg","analysis/wgcna/score_module_activity.R","score_module_activity.R:3343/3357","cut landed inside the trailing analysis label 'primary_all_replicates'; tail completed from the writer template (.svg); content signature = svg, within the writer's emitted formats (svg)","495ff2aac76b79c491efe6092b33bd752222153b31b35db0e8395ccefd72c5b9",8258,FALSE,"becomes discoverable","rename_in_place"
"results/figures/06_modules_WGCNA/module_score/neuron_neuropil/overlap/module_group_scores/primary_all_replicates/module_score_CA3_so_Neuropil_endo_lysosomal_proteostasis_primary_all_replica","results/figures/06_modules_WGCNA/module_score/neuron_neuropil/overlap/module_group_scores/primary_all_replicates/module_score_CA3_so_Neuropil_endo_lysosomal_proteostasis_primary_all_rep.svg",".svg","analysis/wgcna/score_module_activity.R","score_module_activity.R:3343/3357","cut landed inside the trailing analysis label 'primary_all_replicates'; tail completed from the writer template (.svg); content signature = svg, within the writer's emitted formats (svg)","0ceeaa716637a43c32ab7d125b4588692e23ba4086bfe676a0a190b614547ca5",7963,FALSE,"becomes discoverable","rename_in_place"
"results/figures/06_modules_WGCNA/module_score/neuron_neuropil/overlap/module_group_scores/primary_all_replicates/module_score_CA3_so_Neuropil_RNP_RNA_processing_full_primary_all_replicates","results/figures/06_modules_WGCNA/module_score/neuron_neuropil/overlap/module_group_scores/primary_all_replicates/module_score_CA3_so_Neuropil_RNP_RNA_processing_full_primary_all_replica.svg",".svg","analysis/wgcna/score_module_activity.R","score_module_activity.R:3343/3357","cut landed inside the trailing analysis label 'primary_all_replicates'; tail completed from the writer template (.svg); content signature = svg, within the writer's emitted formats (svg)","0e8c87ea43d4277c99596182e699a6d9ed75f40e733eaa048b3d4d0f0032b96a",8249,FALSE,"becomes discoverable","rename_in_place"
"results/figures/06_modules_WGCNA/module_score/neuron_neuropil/overlap/module_group_scores/primary_all_replicates/module_score_CA3_so_Neuropil_RNP_RNA_processing_main_primary_all_replicates","results/figures/06_modules_WGCNA/module_score/neuron_neuropil/overlap/module_group_scores/primary_all_replicates/module_score_CA3_so_Neuropil_RNP_RNA_processing_main_primary_all_replica.svg",".svg","analysis/wgcna/score_module_activity.R","score_module_activity.R:3343/3357","cut landed inside the trailing analysis label 'primary_all_replicates'; tail completed from the writer template (.svg); content signature = svg, within the writer's emitted formats (svg)","a1cb8578928f655f6fa2f34854845a41d61efd5f73fa5344b5a1bcca7d71e949",8250,FALSE,"becomes discoverable","rename_in_place"
"results/figures/06_modules_WGCNA/module_score/neuron_neuropil/overlap/module_group_scores/primary_all_replicates/module_score_CA3_so_Neuropil_synaptic_cytoskeleton_primary_all_replicates.sv","results/figures/06_modules_WGCNA/module_score/neuron_neuropil/overlap/module_group_scores/primary_all_replicates/module_score_CA3_so_Neuropil_synaptic_cytoskeleton_primary_all_replicate.svg",".svg","analysis/wgcna/score_module_activity.R","score_module_activity.R:3343/3357","cut landed inside the trailing analysis label 'primary_all_replicates'; tail completed from the writer template (.svg); content signature = svg, within the writer's emitted formats (svg)","e5d75e5c4a57c353e04129b035e1745d658d0b2b16a3a11215c7ee2c07dc26fe",8240,FALSE,"becomes discoverable","rename_in_place"
"results/figures/06_modules_WGCNA/module_score/neuron_neuropil/overlap/module_group_scores/primary_all_replicates/module_score_CA3_sr_Neuropil_chromatin_RNP_related_exploratory_primary_all_r","results/figures/06_modules_WGCNA/module_score/neuron_neuropil/overlap/module_group_scores/primary_all_replicates/module_score_CA3_sr_Neuropil_chromatin_RNP_related_exploratory_primary_a.svg",".svg","analysis/wgcna/score_module_activity.R","score_module_activity.R:3343/3357","cut landed inside the trailing analysis label 'primary_all_replicates'; tail completed from the writer template (.svg); content signature = svg, within the writer's emitted formats (svg)","d370b9ebc08f62dca26f587a875cf09ecc4def1edda04df5dd3533da47395b39",7968,FALSE,"becomes discoverable","rename_in_place"
"results/figures/06_modules_WGCNA/module_score/neuron_neuropil/overlap/module_group_scores/primary_all_replicates/module_score_CA3_sr_Neuropil_endo_lysosomal_proteostasis_primary_all_replica","results/figures/06_modules_WGCNA/module_score/neuron_neuropil/overlap/module_group_scores/primary_all_replicates/module_score_CA3_sr_Neuropil_endo_lysosomal_proteostasis_primary_all_rep.svg",".svg","analysis/wgcna/score_module_activity.R","score_module_activity.R:3343/3357","cut landed inside the trailing analysis label 'primary_all_replicates'; tail completed from the writer template (.svg); content signature = svg, within the writer's emitted formats (svg)","19762ff0e582f7bd185d62946c5431f4a0a60b4393af838abb086d337e6675e4",8268,FALSE,"becomes discoverable","rename_in_place"
"results/figures/06_modules_WGCNA/module_score/neuron_neuropil/overlap/module_group_scores/primary_all_replicates/module_score_CA3_sr_Neuropil_RNP_RNA_processing_full_primary_all_replicates","results/figures/06_modules_WGCNA/module_score/neuron_neuropil/overlap/module_group_scores/primary_all_replicates/module_score_CA3_sr_Neuropil_RNP_RNA_processing_full_primary_all_replica.svg",".svg","analysis/wgcna/score_module_activity.R","score_module_activity.R:3343/3357","cut landed inside the trailing analysis label 'primary_all_replicates'; tail completed from the writer template (.svg); content signature = svg, within the writer's emitted formats (svg)","8df1b082d593b7ec398411f4945ae35dd7693fa71173e82021738051d3f5fc6d",7958,FALSE,"becomes discoverable","rename_in_place"
"results/figures/06_modules_WGCNA/module_score/neuron_neuropil/overlap/module_group_scores/primary_all_replicates/module_score_CA3_sr_Neuropil_RNP_RNA_processing_main_primary_all_replicates","results/figures/06_modules_WGCNA/module_score/neuron_neuropil/overlap/module_group_scores/primary_all_replicates/module_score_CA3_sr_Neuropil_RNP_RNA_processing_main_primary_all_replica.svg",".svg","analysis/wgcna/score_module_activity.R","score_module_activity.R:3343/3357","cut landed inside the trailing analysis label 'primary_all_replicates'; tail completed from the writer template (.svg); content signature = svg, within the writer's emitted formats (svg)","d1d63130260e0a1fcd1457c99f05ed1792218836a043d56306e9091d1de193d0",7959,FALSE,"becomes discoverable","rename_in_place"
"results/figures/06_modules_WGCNA/module_score/neuron_neuropil/overlap/module_group_scores/primary_all_replicates/module_score_CA3_sr_Neuropil_synaptic_cytoskeleton_primary_all_replicates.sv","results/figures/06_modules_WGCNA/module_score/neuron_neuropil/overlap/module_group_scores/primary_all_replicates/module_score_CA3_sr_Neuropil_synaptic_cytoskeleton_primary_all_replicate.svg",".svg","analysis/wgcna/score_module_activity.R","score_module_activity.R:3343/3357","cut landed inside the trailing analysis label 'primary_all_replicates'; tail completed from the writer template (.svg); content signature = svg, within the writer's emitted formats (svg)","384895e08b03af1a48c6a466b1315ff180488f786aca9eca7acb8d9483ce98a0",8255,FALSE,"becomes discoverable","rename_in_place"
"results/figures/06_modules_WGCNA/module_score/neuron_neuropil/overlap/module_group_scores/primary_all_replicates/module_score_DG_mo_Neuropil_chromatin_RNP_related_exploratory_primary_all_re","results/figures/06_modules_WGCNA/module_score/neuron_neuropil/overlap/module_group_scores/primary_all_replicates/module_score_DG_mo_Neuropil_chromatin_RNP_related_exploratory_primary_al.svg",".svg","analysis/wgcna/score_module_activity.R","score_module_activity.R:3343/3357","cut landed inside the trailing analysis label 'primary_all_replicates'; tail completed from the writer template (.svg); content signature = svg, within the writer's emitted formats (svg)","c9bf7b8ccee95fd8e4c3750ed982780727f54460bc3ed5a405a614c6bda66d17",7676,FALSE,"becomes discoverable","rename_in_place"
"results/figures/06_modules_WGCNA/module_score/neuron_neuropil/overlap/module_group_scores/primary_all_replicates/module_score_DG_mo_Neuropil_endo_lysosomal_proteostasis_primary_all_replicat","results/figures/06_modules_WGCNA/module_score/neuron_neuropil/overlap/module_group_scores/primary_all_replicates/module_score_DG_mo_Neuropil_endo_lysosomal_proteostasis_primary_all_repl.svg",".svg","analysis/wgcna/score_module_activity.R","score_module_activity.R:3343/3357","cut landed inside the trailing analysis label 'primary_all_replicates'; tail completed from the writer template (.svg); content signature = svg, within the writer's emitted formats (svg)","8ef079cd0239a6ac301bb9c603610cfba9db58304066e5f34581457690ca74e0",8543,FALSE,"becomes discoverable","rename_in_place"
"results/figures/06_modules_WGCNA/module_score/neuron_neuropil/overlap/module_group_scores/primary_all_replicates/module_score_DG_mo_Neuropil_RNP_RNA_processing_full_primary_all_replicates.s","results/figures/06_modules_WGCNA/module_score/neuron_neuropil/overlap/module_group_scores/primary_all_replicates/module_score_DG_mo_Neuropil_RNP_RNA_processing_full_primary_all_replicat.svg",".svg","analysis/wgcna/score_module_activity.R","score_module_activity.R:3343/3357","cut landed inside the trailing analysis label 'primary_all_replicates'; tail completed from the writer template (.svg); content signature = svg, within the writer's emitted formats (svg)","da589df7d015e02480e7f33cb7558af4f520a6b9d457bf3505f590da465f4394",7391,FALSE,"becomes discoverable","rename_in_place"
"results/figures/06_modules_WGCNA/module_score/neuron_neuropil/overlap/module_group_scores/primary_all_replicates/module_score_DG_mo_Neuropil_RNP_RNA_processing_main_primary_all_replicates.s","results/figures/06_modules_WGCNA/module_score/neuron_neuropil/overlap/module_group_scores/primary_all_replicates/module_score_DG_mo_Neuropil_RNP_RNA_processing_main_primary_all_replicat.svg",".svg","analysis/wgcna/score_module_activity.R","score_module_activity.R:3343/3357","cut landed inside the trailing analysis label 'primary_all_replicates'; tail completed from the writer template (.svg); content signature = svg, within the writer's emitted formats (svg)","c9d94c31e98ec555a18a3d3aeef5efcae8e51b81437b230c03e2433513252b8d",7392,FALSE,"becomes discoverable","rename_in_place"
"results/figures/06_modules_WGCNA/module_score/neuron_neuropil/overlap/module_group_scores/primary_all_replicates/module_score_DG_po_Neuropil_chromatin_RNP_related_exploratory_primary_all_re","results/figures/06_modules_WGCNA/module_score/neuron_neuropil/overlap/module_group_scores/primary_all_replicates/module_score_DG_po_Neuropil_chromatin_RNP_related_exploratory_primary_al.svg",".svg","analysis/wgcna/score_module_activity.R","score_module_activity.R:3343/3357","cut landed inside the trailing analysis label 'primary_all_replicates'; tail completed from the writer template (.svg); content signature = svg, within the writer's emitted formats (svg)","cc6d5297466dce2080c72d87197f05ee8d0591a227c7562f64ea34e34f462a38",7969,FALSE,"becomes discoverable","rename_in_place"
"results/figures/06_modules_WGCNA/module_score/neuron_neuropil/overlap/module_group_scores/primary_all_replicates/module_score_DG_po_Neuropil_endo_lysosomal_proteostasis_primary_all_replicat","results/figures/06_modules_WGCNA/module_score/neuron_neuropil/overlap/module_group_scores/primary_all_replicates/module_score_DG_po_Neuropil_endo_lysosomal_proteostasis_primary_all_repl.svg",".svg","analysis/wgcna/score_module_activity.R","score_module_activity.R:3343/3357","cut landed inside the trailing analysis label 'primary_all_replicates'; tail completed from the writer template (.svg); content signature = svg, within the writer's emitted formats (svg)","7ea036ea5f3b61e11297945c79de244fc354887c37662723e15a281426448b53",7957,FALSE,"becomes discoverable","rename_in_place"
"results/figures/06_modules_WGCNA/module_score/neuron_neuropil/overlap/module_group_scores/primary_all_replicates/module_score_DG_po_Neuropil_RNP_RNA_processing_full_primary_all_replicates.s","results/figures/06_modules_WGCNA/module_score/neuron_neuropil/overlap/module_group_scores/primary_all_replicates/module_score_DG_po_Neuropil_RNP_RNA_processing_full_primary_all_replicat.svg",".svg","analysis/wgcna/score_module_activity.R","score_module_activity.R:3343/3357","cut landed inside the trailing analysis label 'primary_all_replicates'; tail completed from the writer template (.svg); content signature = svg, within the writer's emitted formats (svg)","206d4a008c9bb06629aa4f17ad00e91535f185bb660751d820b8ad8bea2ef150",7957,FALSE,"becomes discoverable","rename_in_place"
"results/figures/06_modules_WGCNA/module_score/neuron_neuropil/overlap/module_group_scores/primary_all_replicates/module_score_DG_po_Neuropil_RNP_RNA_processing_main_primary_all_replicates.s","results/figures/06_modules_WGCNA/module_score/neuron_neuropil/overlap/module_group_scores/primary_all_replicates/module_score_DG_po_Neuropil_RNP_RNA_processing_main_primary_all_replicat.svg",".svg","analysis/wgcna/score_module_activity.R","score_module_activity.R:3343/3357","cut landed inside the trailing analysis label 'primary_all_replicates'; tail completed from the writer template (.svg); content signature = svg, within the writer's emitted formats (svg)","128df336b91c58dff232ec0522d3f58cbfd5817a43852f2c9ac7796703a39ae6",7958,FALSE,"becomes discoverable","rename_in_place"
"results/figures/06_modules_WGCNA/module_score/neuron_neuropil/overlap/module_group_scores/sensitivity_flagged_replicates_removed/module_score_CA1_slm_Neuropil_chromatin_RNP_related_explorat","results/figures/06_modules_WGCNA/module_score/neuron_neuropil/overlap/module_group_scores/sensitivity_flagged_replicates_removed/module_score_CA1_slm_Neuropil_chromatin_RNP_related_expl.svg",".svg","analysis/wgcna/score_module_activity.R","score_module_activity.R:3343/3357","extension from the writer template (ggsave .svg at score_module_activity.R:3343/3357/4088); stem tail unrecoverable, truncated stem retained; content signature = svg, within the writer's emitted formats (svg)","fc07e4ca6c27a8bb7a170402ec3813abaec863006916245da2099bfbfd364c6c",7969,FALSE,"becomes discoverable","rename_in_place"
"results/figures/06_modules_WGCNA/module_score/neuron_neuropil/overlap/module_group_scores/sensitivity_flagged_replicates_removed/module_score_CA1_slm_Neuropil_endo_lysosomal_proteostasis_se","results/figures/06_modules_WGCNA/module_score/neuron_neuropil/overlap/module_group_scores/sensitivity_flagged_replicates_removed/module_score_CA1_slm_Neuropil_endo_lysosomal_proteostasi.svg",".svg","analysis/wgcna/score_module_activity.R","score_module_activity.R:3343/3357","cut landed inside the trailing analysis label 'sensitivity_flagged_replicates_removed'; tail completed from the writer template (.svg); content signature = svg, within the writer's emitted formats (svg)","cb4a0398cd78675eb3f8ca98afd73a4b8f3dcc686b44c4725843be30865bebbd",7853,FALSE,"becomes discoverable","rename_in_place"
"results/figures/06_modules_WGCNA/module_score/neuron_neuropil/overlap/module_group_scores/sensitivity_flagged_replicates_removed/module_score_CA1_slm_Neuropil_mito_bioenergetics_sensitivity","results/figures/06_modules_WGCNA/module_score/neuron_neuropil/overlap/module_group_scores/sensitivity_flagged_replicates_removed/module_score_CA1_slm_Neuropil_mito_bioenergetics_sensiti.svg",".svg","analysis/wgcna/score_module_activity.R","score_module_activity.R:3343/3357","template module_score_<rl>_<mod>_<analysis_label>.svg; unique prefix match against vocabulary harvested from well-formed siblings; content signature = svg, within the writer's emitted formats (svg)","91f4f1b1e29d22ff004685a84fb5137a38c0c6b879d3b42a0380275711311f83",7964,FALSE,"becomes discoverable","rename_in_place"
"results/figures/06_modules_WGCNA/module_score/neuron_neuropil/overlap/module_group_scores/sensitivity_flagged_replicates_removed/module_score_CA1_slm_Neuropil_ribosome_translation_sensitivi","results/figures/06_modules_WGCNA/module_score/neuron_neuropil/overlap/module_group_scores/sensitivity_flagged_replicates_removed/module_score_CA1_slm_Neuropil_ribosome_translation_sensi.svg",".svg","analysis/wgcna/score_module_activity.R","score_module_activity.R:3343/3357","cut landed inside the trailing analysis label 'sensitivity_flagged_replicates_removed'; tail completed from the writer template (.svg); content signature = svg, within the writer's emitted formats (svg)","909290ea26ddfde9648f1ec87e3b8ba2b4642fb86c7624acc65adab2e865c9b0",7664,FALSE,"becomes discoverable","rename_in_place"
"results/figures/06_modules_WGCNA/module_score/neuron_neuropil/overlap/module_group_scores/sensitivity_flagged_replicates_removed/module_score_CA1_slm_Neuropil_RNP_RNA_processing_full_sensit","results/figures/06_modules_WGCNA/module_score/neuron_neuropil/overlap/module_group_scores/sensitivity_flagged_replicates_removed/module_score_CA1_slm_Neuropil_RNP_RNA_processing_full_se.svg",".svg","analysis/wgcna/score_module_activity.R","score_module_activity.R:3343/3357","cut landed inside the trailing analysis label 'sensitivity_flagged_replicates_removed'; tail completed from the writer template (.svg); content signature = svg, within the writer's emitted formats (svg)","358d98221e6bf08e7aff11124ccffb6548911e64c5ad67a744cdc514aef39d41",7839,FALSE,"becomes discoverable","rename_in_place"
"results/figures/06_modules_WGCNA/module_score/neuron_neuropil/overlap/module_group_scores/sensitivity_flagged_replicates_removed/module_score_CA1_slm_Neuropil_RNP_RNA_processing_main_sensit","results/figures/06_modules_WGCNA/module_score/neuron_neuropil/overlap/module_group_scores/sensitivity_flagged_replicates_removed/module_score_CA1_slm_Neuropil_RNP_RNA_processing_main_se.svg",".svg","analysis/wgcna/score_module_activity.R","score_module_activity.R:3343/3357","cut landed inside the trailing analysis label 'sensitivity_flagged_replicates_removed'; tail completed from the writer template (.svg); content signature = svg, within the writer's emitted formats (svg)","224fd99eb36cdfdf25eeeb93da37e37cb4ec9c6501da9911b3bccf785d8117fb",7840,FALSE,"becomes discoverable","rename_in_place"
"results/figures/06_modules_WGCNA/module_score/neuron_neuropil/overlap/module_group_scores/sensitivity_flagged_replicates_removed/module_score_CA1_slm_Neuropil_synaptic_cytoskeleton_sensitiv","results/figures/06_modules_WGCNA/module_score/neuron_neuropil/overlap/module_group_scores/sensitivity_flagged_replicates_removed/module_score_CA1_slm_Neuropil_synaptic_cytoskeleton_sens.svg",".svg","analysis/wgcna/score_module_activity.R","score_module_activity.R:3343/3357","cut landed inside the trailing analysis label 'sensitivity_flagged_replicates_removed'; tail completed from the writer template (.svg); content signature = svg, within the writer's emitted formats (svg)","88d5a480671bffd90132515ff0480efb7610523050ed11949d7f77cb713b0c3e",7937,FALSE,"becomes discoverable","rename_in_place"
"results/figures/06_modules_WGCNA/module_score/neuron_neuropil/overlap/module_group_scores/sensitivity_flagged_replicates_removed/module_score_CA1_so_Neuropil_chromatin_RNP_related_explorato","results/figures/06_modules_WGCNA/module_score/neuron_neuropil/overlap/module_group_scores/sensitivity_flagged_replicates_removed/module_score_CA1_so_Neuropil_chromatin_RNP_related_explo.svg",".svg","analysis/wgcna/score_module_activity.R","score_module_activity.R:3343/3357","extension from the writer template (ggsave .svg at score_module_activity.R:3343/3357/4088); stem tail unrecoverable, truncated stem retained; content signature = svg, within the writer's emitted formats (svg)","3ea0e112f99e49c0d5553c5655826844f5f1ca99266d3c316ad96c439454e96b",7435,FALSE,"becomes discoverable","rename_in_place"
"results/figures/06_modules_WGCNA/module_score/neuron_neuropil/overlap/module_group_scores/sensitivity_flagged_replicates_removed/module_score_CA1_so_Neuropil_endo_lysosomal_proteostasis_sen","results/figures/06_modules_WGCNA/module_score/neuron_neuropil/overlap/module_group_scores/sensitivity_flagged_replicates_removed/module_score_CA1_so_Neuropil_endo_lysosomal_proteostasis.svg",".svg","analysis/wgcna/score_module_activity.R","score_module_activity.R:3343/3357","cut landed inside the trailing analysis label 'sensitivity_flagged_replicates_removed'; tail completed from the writer template (.svg); content signature = svg, within the writer's emitted formats (svg)","d498cf66277d737a26859697e492e885a2de33786385015d5443a7c2822d47b8",7397,FALSE,"becomes discoverable","rename_in_place"
"results/figures/06_modules_WGCNA/module_score/neuron_neuropil/overlap/module_group_scores/sensitivity_flagged_replicates_removed/module_score_CA1_so_Neuropil_mito_bioenergetics_sensitivity_","results/figures/06_modules_WGCNA/module_score/neuron_neuropil/overlap/module_group_scores/sensitivity_flagged_replicates_removed/module_score_CA1_so_Neuropil_mito_bioenergetics_sensitiv.svg",".svg","analysis/wgcna/score_module_activity.R","score_module_activity.R:3343/3357","template module_score_<rl>_<mod>_<analysis_label>.svg; unique prefix match against vocabulary harvested from well-formed siblings; content signature = svg, within the writer's emitted formats (svg)","cacd5ca885464eb68177d09218cafdacbc7f6a411ef68b0df388aaf1c81903d3",7539,FALSE,"becomes discoverable","rename_in_place"
"results/figures/06_modules_WGCNA/module_score/neuron_neuropil/overlap/module_group_scores/sensitivity_flagged_replicates_removed/module_score_CA1_so_Neuropil_ribosome_translation_sensitivit","results/figures/06_modules_WGCNA/module_score/neuron_neuropil/overlap/module_group_scores/sensitivity_flagged_replicates_removed/module_score_CA1_so_Neuropil_ribosome_translation_sensit.svg",".svg","analysis/wgcna/score_module_activity.R","score_module_activity.R:3343/3357","template module_score_<rl>_<mod>_<analysis_label>.svg; unique prefix match against vocabulary harvested from well-formed siblings; content signature = svg, within the writer's emitted formats (svg)","dd9f1e182e6c3ac8e7e9d4e11fb9776a210a2f1da26044750b1bdddb2c50449d",7711,FALSE,"becomes discoverable","rename_in_place"
"results/figures/06_modules_WGCNA/module_score/neuron_neuropil/overlap/module_group_scores/sensitivity_flagged_replicates_removed/module_score_CA1_so_Neuropil_RNP_RNA_processing_full_sensiti","results/figures/06_modules_WGCNA/module_score/neuron_neuropil/overlap/module_group_scores/sensitivity_flagged_replicates_removed/module_score_CA1_so_Neuropil_RNP_RNA_processing_full_sen.svg",".svg","analysis/wgcna/score_module_activity.R","score_module_activity.R:3343/3357","cut landed inside the trailing analysis label 'sensitivity_flagged_replicates_removed'; tail completed from the writer template (.svg); content signature = svg, within the writer's emitted formats (svg)","3a8f4bcd2be8ae8dd830b1dc93cd2c43dcfbd4b9b59fb7e5215c92d3614bf5bc",7717,FALSE,"becomes discoverable","rename_in_place"
"results/figures/06_modules_WGCNA/module_score/neuron_neuropil/overlap/module_group_scores/sensitivity_flagged_replicates_removed/module_score_CA1_so_Neuropil_RNP_RNA_processing_main_sensiti","results/figures/06_modules_WGCNA/module_score/neuron_neuropil/overlap/module_group_scores/sensitivity_flagged_replicates_removed/module_score_CA1_so_Neuropil_RNP_RNA_processing_main_sen.svg",".svg","analysis/wgcna/score_module_activity.R","score_module_activity.R:3343/3357","cut landed inside the trailing analysis label 'sensitivity_flagged_replicates_removed'; tail completed from the writer template (.svg); content signature = svg, within the writer's emitted formats (svg)","a576a2d9f6394bc3b8277a87bb7f2c80973561b92a529efd6a3a77aded3402c3",7592,FALSE,"becomes discoverable","rename_in_place"
"results/figures/06_modules_WGCNA/module_score/neuron_neuropil/overlap/module_group_scores/sensitivity_flagged_replicates_removed/module_score_CA1_so_Neuropil_synaptic_cytoskeleton_sensitivi","results/figures/06_modules_WGCNA/module_score/neuron_neuropil/overlap/module_group_scores/sensitivity_flagged_replicates_removed/module_score_CA1_so_Neuropil_synaptic_cytoskeleton_sensi.svg",".svg","analysis/wgcna/score_module_activity.R","score_module_activity.R:3343/3357","cut landed inside the trailing analysis label 'sensitivity_flagged_replicates_removed'; tail completed from the writer template (.svg); content signature = svg, within the writer's emitted formats (svg)","9107c92055d438ef96f1967a9dc340b23d18e459a9d95b8971556af563f2a3ae",7835,FALSE,"becomes discoverable","rename_in_place"
"results/figures/06_modules_WGCNA/module_score/neuron_neuropil/overlap/module_group_scores/sensitivity_flagged_replicates_removed/module_score_CA1_sr_Neuropil_chromatin_RNP_related_explorato","results/figures/06_modules_WGCNA/module_score/neuron_neuropil/overlap/module_group_scores/sensitivity_flagged_replicates_removed/module_score_CA1_sr_Neuropil_chromatin_RNP_related_explo.svg",".svg","analysis/wgcna/score_module_activity.R","score_module_activity.R:3343/3357","extension from the writer template (ggsave .svg at score_module_activity.R:3343/3357/4088); stem tail unrecoverable, truncated stem retained; content signature = svg, within the writer's emitted formats (svg)","10f697dba68f7140a9997f8204038893c9b9a230126f922f80fe8857100f2b39",8217,FALSE,"becomes discoverable","rename_in_place"
"results/figures/06_modules_WGCNA/module_score/neuron_neuropil/overlap/module_group_scores/sensitivity_flagged_replicates_removed/module_score_CA1_sr_Neuropil_endo_lysosomal_proteostasis_sen","results/figures/06_modules_WGCNA/module_score/neuron_neuropil/overlap/module_group_scores/sensitivity_flagged_replicates_removed/module_score_CA1_sr_Neuropil_endo_lysosomal_proteostasis.svg",".svg","analysis/wgcna/score_module_activity.R","score_module_activity.R:3343/3357","cut landed inside the trailing analysis label 'sensitivity_flagged_replicates_removed'; tail completed from the writer template (.svg); content signature = svg, within the writer's emitted formats (svg)","63205219d728edd662429cf5b7bd74276bfcbed066d688c9768d5f11762b4d86",7975,FALSE,"becomes discoverable","rename_in_place"
"results/figures/06_modules_WGCNA/module_score/neuron_neuropil/overlap/module_group_scores/sensitivity_flagged_replicates_removed/module_score_CA1_sr_Neuropil_mito_bioenergetics_sensitivity_","results/figures/06_modules_WGCNA/module_score/neuron_neuropil/overlap/module_group_scores/sensitivity_flagged_replicates_removed/module_score_CA1_sr_Neuropil_mito_bioenergetics_sensitiv.svg",".svg","analysis/wgcna/score_module_activity.R","score_module_activity.R:3343/3357","template module_score_<rl>_<mod>_<analysis_label>.svg; unique prefix match against vocabulary harvested from well-formed siblings; content signature = svg, within the writer's emitted formats (svg)","0fdd5e9014ed02a89372f19844136e6e5dbf42daf22eb182bcd3e7c5fa0d8102",7952,FALSE,"becomes discoverable","rename_in_place"
"results/figures/06_modules_WGCNA/module_score/neuron_neuropil/overlap/module_group_scores/sensitivity_flagged_replicates_removed/module_score_CA1_sr_Neuropil_ribosome_translation_sensitivit","results/figures/06_modules_WGCNA/module_score/neuron_neuropil/overlap/module_group_scores/sensitivity_flagged_replicates_removed/module_score_CA1_sr_Neuropil_ribosome_translation_sensit.svg",".svg","analysis/wgcna/score_module_activity.R","score_module_activity.R:3343/3357","template module_score_<rl>_<mod>_<analysis_label>.svg; unique prefix match against vocabulary harvested from well-formed siblings; content signature = svg, within the writer's emitted formats (svg)","90edd4a71fac2e3344342531be92daf0ab8d4f494d9066dad00de8a97bd2aeae",8126,FALSE,"becomes discoverable","rename_in_place"
"results/figures/06_modules_WGCNA/module_score/neuron_neuropil/overlap/module_group_scores/sensitivity_flagged_replicates_removed/module_score_CA1_sr_Neuropil_RNP_RNA_processing_full_sensiti","results/figures/06_modules_WGCNA/module_score/neuron_neuropil/overlap/module_group_scores/sensitivity_flagged_replicates_removed/module_score_CA1_sr_Neuropil_RNP_RNA_processing_full_sen.svg",".svg","analysis/wgcna/score_module_activity.R","score_module_activity.R:3343/3357","cut landed inside the trailing analysis label 'sensitivity_flagged_replicates_removed'; tail completed from the writer template (.svg); content signature = svg, within the writer's emitted formats (svg)","a904bb74aeb96594576f21ef827181088a4313d19416f04cc6f290ef08413a99",7595,FALSE,"becomes discoverable","rename_in_place"
"results/figures/06_modules_WGCNA/module_score/neuron_neuropil/overlap/module_group_scores/sensitivity_flagged_replicates_removed/module_score_CA1_sr_Neuropil_RNP_RNA_processing_main_sensiti","results/figures/06_modules_WGCNA/module_score/neuron_neuropil/overlap/module_group_scores/sensitivity_flagged_replicates_removed/module_score_CA1_sr_Neuropil_RNP_RNA_processing_main_sen.svg",".svg","analysis/wgcna/score_module_activity.R","score_module_activity.R:3343/3357","cut landed inside the trailing analysis label 'sensitivity_flagged_replicates_removed'; tail completed from the writer template (.svg); content signature = svg, within the writer's emitted formats (svg)","591a312c7b10d66070ed2d05bc4b9371dcb5b6263dc897c21cb0610ad8a348af",7596,FALSE,"becomes discoverable","rename_in_place"
"results/figures/06_modules_WGCNA/module_score/neuron_neuropil/overlap/module_group_scores/sensitivity_flagged_replicates_removed/module_score_CA1_sr_Neuropil_synaptic_cytoskeleton_sensitivi","results/figures/06_modules_WGCNA/module_score/neuron_neuropil/overlap/module_group_scores/sensitivity_flagged_replicates_removed/module_score_CA1_sr_Neuropil_synaptic_cytoskeleton_sensi.svg",".svg","analysis/wgcna/score_module_activity.R","score_module_activity.R:3343/3357","cut landed inside the trailing analysis label 'sensitivity_flagged_replicates_removed'; tail completed from the writer template (.svg); content signature = svg, within the writer's emitted formats (svg)","05141578d3409ed1564a747489240e13b2955d3f5d460ab7a682e1aca4c4f7d6",7950,FALSE,"becomes discoverable","rename_in_place"
"results/figures/06_modules_WGCNA/module_score/neuron_neuropil/overlap/module_group_scores/sensitivity_flagged_replicates_removed/module_score_CA2_slm_Neuropil_chromatin_RNP_related_explorat","results/figures/06_modules_WGCNA/module_score/neuron_neuropil/overlap/module_group_scores/sensitivity_flagged_replicates_removed/module_score_CA2_slm_Neuropil_chromatin_RNP_related_expl.svg",".svg","analysis/wgcna/score_module_activity.R","score_module_activity.R:3343/3357","extension from the writer template (ggsave .svg at score_module_activity.R:3343/3357/4088); stem tail unrecoverable, truncated stem retained; content signature = svg, within the writer's emitted formats (svg)","e6b44b9cd61e84927b2f37c98a1ba74c45024adb3b9d085bd8d020d5d7326bfe",7848,FALSE,"becomes discoverable","rename_in_place"
"results/figures/06_modules_WGCNA/module_score/neuron_neuropil/overlap/module_group_scores/sensitivity_flagged_replicates_removed/module_score_CA2_slm_Neuropil_endo_lysosomal_proteostasis_se","results/figures/06_modules_WGCNA/module_score/neuron_neuropil/overlap/module_group_scores/sensitivity_flagged_replicates_removed/module_score_CA2_slm_Neuropil_endo_lysosomal_proteostasi.svg",".svg","analysis/wgcna/score_module_activity.R","score_module_activity.R:3343/3357","cut landed inside the trailing analysis label 'sensitivity_flagged_replicates_removed'; tail completed from the writer template (.svg); content signature = svg, within the writer's emitted formats (svg)","948333602036816c4c477df4e2311f02f9577180903f4bc9df984c011ca23e29",7427,FALSE,"becomes discoverable","rename_in_place"
"results/figures/06_modules_WGCNA/module_score/neuron_neuropil/overlap/module_group_scores/sensitivity_flagged_replicates_removed/module_score_CA2_slm_Neuropil_mito_bioenergetics_sensitivity","results/figures/06_modules_WGCNA/module_score/neuron_neuropil/overlap/module_group_scores/sensitivity_flagged_replicates_removed/module_score_CA2_slm_Neuropil_mito_bioenergetics_sensiti.svg",".svg","analysis/wgcna/score_module_activity.R","score_module_activity.R:3343/3357","template module_score_<rl>_<mod>_<analysis_label>.svg; unique prefix match against vocabulary harvested from well-formed siblings; content signature = svg, within the writer's emitted formats (svg)","909f22a4e60ce88c5fde1c34342c5ed2996ba6990d56f04a476d26ae40bea83b",7303,FALSE,"becomes discoverable","rename_in_place"
"results/figures/06_modules_WGCNA/module_score/neuron_neuropil/overlap/module_group_scores/sensitivity_flagged_replicates_removed/module_score_CA2_slm_Neuropil_ribosome_translation_sensitivi","results/figures/06_modules_WGCNA/module_score/neuron_neuropil/overlap/module_group_scores/sensitivity_flagged_replicates_removed/module_score_CA2_slm_Neuropil_ribosome_translation_sensi.svg",".svg","analysis/wgcna/score_module_activity.R","score_module_activity.R:3343/3357","cut landed inside the trailing analysis label 'sensitivity_flagged_replicates_removed'; tail completed from the writer template (.svg); content signature = svg, within the writer's emitted formats (svg)","8a4993c16f3709c7dbaa714e77dcef4abe20920cb2bcaa9e7cc684f7565c4a70",7828,FALSE,"becomes discoverable","rename_in_place"
"results/figures/06_modules_WGCNA/module_score/neuron_neuropil/overlap/module_group_scores/sensitivity_flagged_replicates_removed/module_score_CA2_slm_Neuropil_RNP_RNA_processing_full_sensit","results/figures/06_modules_WGCNA/module_score/neuron_neuropil/overlap/module_group_scores/sensitivity_flagged_replicates_removed/module_score_CA2_slm_Neuropil_RNP_RNA_processing_full_se.svg",".svg","analysis/wgcna/score_module_activity.R","score_module_activity.R:3343/3357","cut landed inside the trailing analysis label 'sensitivity_flagged_replicates_removed'; tail completed from the writer template (.svg); content signature = svg, within the writer's emitted formats (svg)","f80ae859b98e187165ded0a90bd2f3d0084f497c791ed2d0c1b7ef258186ad65",7833,FALSE,"becomes discoverable","rename_in_place"
"results/figures/06_modules_WGCNA/module_score/neuron_neuropil/overlap/module_group_scores/sensitivity_flagged_replicates_removed/module_score_CA2_slm_Neuropil_RNP_RNA_processing_main_sensit","results/figures/06_modules_WGCNA/module_score/neuron_neuropil/overlap/module_group_scores/sensitivity_flagged_replicates_removed/module_score_CA2_slm_Neuropil_RNP_RNA_processing_main_se.svg",".svg","analysis/wgcna/score_module_activity.R","score_module_activity.R:3343/3357","cut landed inside the trailing analysis label 'sensitivity_flagged_replicates_removed'; tail completed from the writer template (.svg); content signature = svg, within the writer's emitted formats (svg)","83767b6f2744b18f350e7a96907f4af7129d99e1acff8c7b808e5261963e8052",8023,FALSE,"becomes discoverable","rename_in_place"
"results/figures/06_modules_WGCNA/module_score/neuron_neuropil/overlap/module_group_scores/sensitivity_flagged_replicates_removed/module_score_CA2_slm_Neuropil_synaptic_cytoskeleton_sensitiv","results/figures/06_modules_WGCNA/module_score/neuron_neuropil/overlap/module_group_scores/sensitivity_flagged_replicates_removed/module_score_CA2_slm_Neuropil_synaptic_cytoskeleton_sens.svg",".svg","analysis/wgcna/score_module_activity.R","score_module_activity.R:3343/3357","cut landed inside the trailing analysis label 'sensitivity_flagged_replicates_removed'; tail completed from the writer template (.svg); content signature = svg, within the writer's emitted formats (svg)","0ae2a33affea50ccc4be69be8b7e84d682992ac90f98da73fe79ca5a7f60e531",7529,FALSE,"becomes discoverable","rename_in_place"
"results/figures/06_modules_WGCNA/module_score/neuron_neuropil/overlap/module_group_scores/sensitivity_flagged_replicates_removed/module_score_CA2_so_Neuropil_chromatin_RNP_related_explorato","results/figures/06_modules_WGCNA/module_score/neuron_neuropil/overlap/module_group_scores/sensitivity_flagged_replicates_removed/module_score_CA2_so_Neuropil_chromatin_RNP_related_explo.svg",".svg","analysis/wgcna/score_module_activity.R","score_module_activity.R:3343/3357","extension from the writer template (ggsave .svg at score_module_activity.R:3343/3357/4088); stem tail unrecoverable, truncated stem retained; content signature = svg, within the writer's emitted formats (svg)","b1c0909065424175f583712a9db437b89b24fdb7f9da7db86358533f340f0e58",7968,FALSE,"becomes discoverable","rename_in_place"
"results/figures/06_modules_WGCNA/module_score/neuron_neuropil/overlap/module_group_scores/sensitivity_flagged_replicates_removed/module_score_CA2_so_Neuropil_endo_lysosomal_proteostasis_sen","results/figures/06_modules_WGCNA/module_score/neuron_neuropil/overlap/module_group_scores/sensitivity_flagged_replicates_removed/module_score_CA2_so_Neuropil_endo_lysosomal_proteostasis.svg",".svg","analysis/wgcna/score_module_activity.R","score_module_activity.R:3343/3357","cut landed inside the trailing analysis label 'sensitivity_flagged_replicates_removed'; tail completed from the writer template (.svg); content signature = svg, within the writer's emitted formats (svg)","2ba971f4277126e1b6f1dae1c3cd66cf97df3bc8728c330d958431b52ebe3e58",7856,FALSE,"becomes discoverable","rename_in_place"
"results/figures/06_modules_WGCNA/module_score/neuron_neuropil/overlap/module_group_scores/sensitivity_flagged_replicates_removed/module_score_CA2_so_Neuropil_mito_bioenergetics_sensitivity_","results/figures/06_modules_WGCNA/module_score/neuron_neuropil/overlap/module_group_scores/sensitivity_flagged_replicates_removed/module_score_CA2_so_Neuropil_mito_bioenergetics_sensitiv.svg",".svg","analysis/wgcna/score_module_activity.R","score_module_activity.R:3343/3357","template module_score_<rl>_<mod>_<analysis_label>.svg; unique prefix match against vocabulary harvested from well-formed siblings; content signature = svg, within the writer's emitted formats (svg)","a6df03480043791baa9a8830ccbc852d41ba40cf05bcc72d35689f76fc624bac",7703,FALSE,"becomes discoverable","rename_in_place"
"results/figures/06_modules_WGCNA/module_score/neuron_neuropil/overlap/module_group_scores/sensitivity_flagged_replicates_removed/module_score_CA2_so_Neuropil_ribosome_translation_sensitivit","results/figures/06_modules_WGCNA/module_score/neuron_neuropil/overlap/module_group_scores/sensitivity_flagged_replicates_removed/module_score_CA2_so_Neuropil_ribosome_translation_sensit.svg",".svg","analysis/wgcna/score_module_activity.R","score_module_activity.R:3343/3357","template module_score_<rl>_<mod>_<analysis_label>.svg; unique prefix match against vocabulary harvested from well-formed siblings; content signature = svg, within the writer's emitted formats (svg)","eb0719bd1ac4e7a1bf48cdb2d7a46b2d5800e1e139eaa08839aa81991e3e541d",7610,FALSE,"becomes discoverable","rename_in_place"
"results/figures/06_modules_WGCNA/module_score/neuron_neuropil/overlap/module_group_scores/sensitivity_flagged_replicates_removed/module_score_CA2_so_Neuropil_RNP_RNA_processing_full_sensiti","results/figures/06_modules_WGCNA/module_score/neuron_neuropil/overlap/module_group_scores/sensitivity_flagged_replicates_removed/module_score_CA2_so_Neuropil_RNP_RNA_processing_full_sen.svg",".svg","analysis/wgcna/score_module_activity.R","score_module_activity.R:3343/3357","cut landed inside the trailing analysis label 'sensitivity_flagged_replicates_removed'; tail completed from the writer template (.svg); content signature = svg, within the writer's emitted formats (svg)","f81a185371077f830d79232709876e777c383c5e319f348508430c6da59827a4",7180,FALSE,"becomes discoverable","rename_in_place"
"results/figures/06_modules_WGCNA/module_score/neuron_neuropil/overlap/module_group_scores/sensitivity_flagged_replicates_removed/module_score_CA2_so_Neuropil_RNP_RNA_processing_main_sensiti","results/figures/06_modules_WGCNA/module_score/neuron_neuropil/overlap/module_group_scores/sensitivity_flagged_replicates_removed/module_score_CA2_so_Neuropil_RNP_RNA_processing_main_sen.svg",".svg","analysis/wgcna/score_module_activity.R","score_module_activity.R:3343/3357","cut landed inside the trailing analysis label 'sensitivity_flagged_replicates_removed'; tail completed from the writer template (.svg); content signature = svg, within the writer's emitted formats (svg)","d5ecec6c1a21efb636362498107b7e4ba67c0ed46d94232b2ffce732a2f19a7d",7181,FALSE,"becomes discoverable","rename_in_place"
"results/figures/06_modules_WGCNA/module_score/neuron_neuropil/overlap/module_group_scores/sensitivity_flagged_replicates_removed/module_score_CA2_so_Neuropil_synaptic_cytoskeleton_sensitivi","results/figures/06_modules_WGCNA/module_score/neuron_neuropil/overlap/module_group_scores/sensitivity_flagged_replicates_removed/module_score_CA2_so_Neuropil_synaptic_cytoskeleton_sensi.svg",".svg","analysis/wgcna/score_module_activity.R","score_module_activity.R:3343/3357","cut landed inside the trailing analysis label 'sensitivity_flagged_replicates_removed'; tail completed from the writer template (.svg); content signature = svg, within the writer's emitted formats (svg)","72a1d177d2ce09144ff49cb8e61b98dae518a27d1a2c4411aa917dd5047254c4",8137,FALSE,"becomes discoverable","rename_in_place"
"results/figures/06_modules_WGCNA/module_score/neuron_neuropil/overlap/module_group_scores/sensitivity_flagged_replicates_removed/module_score_CA2_sr_Neuropil_chromatin_RNP_related_explorato","results/figures/06_modules_WGCNA/module_score/neuron_neuropil/overlap/module_group_scores/sensitivity_flagged_replicates_removed/module_score_CA2_sr_Neuropil_chromatin_RNP_related_explo.svg",".svg","analysis/wgcna/score_module_activity.R","score_module_activity.R:3343/3357","extension from the writer template (ggsave .svg at score_module_activity.R:3343/3357/4088); stem tail unrecoverable, truncated stem retained; content signature = svg, within the writer's emitted formats (svg)","83780b60dec256b24dce93a3f56a6f1be9c40f5838d8e1ef3b6def349574a9e9",8138,FALSE,"becomes discoverable","rename_in_place"
"results/figures/06_modules_WGCNA/module_score/neuron_neuropil/overlap/module_group_scores/sensitivity_flagged_replicates_removed/module_score_CA2_sr_Neuropil_endo_lysosomal_proteostasis_sen","results/figures/06_modules_WGCNA/module_score/neuron_neuropil/overlap/module_group_scores/sensitivity_flagged_replicates_removed/module_score_CA2_sr_Neuropil_endo_lysosomal_proteostasis.svg",".svg","analysis/wgcna/score_module_activity.R","score_module_activity.R:3343/3357","cut landed inside the trailing analysis label 'sensitivity_flagged_replicates_removed'; tail completed from the writer template (.svg); content signature = svg, within the writer's emitted formats (svg)","ca3f72f75e72e74e48260d7378be0c3a96d24d7237dd178f0763384ad543a947",8251,FALSE,"becomes discoverable","rename_in_place"
"results/figures/06_modules_WGCNA/module_score/neuron_neuropil/overlap/module_group_scores/sensitivity_flagged_replicates_removed/module_score_CA2_sr_Neuropil_mito_bioenergetics_sensitivity_","results/figures/06_modules_WGCNA/module_score/neuron_neuropil/overlap/module_group_scores/sensitivity_flagged_replicates_removed/module_score_CA2_sr_Neuropil_mito_bioenergetics_sensitiv.svg",".svg","analysis/wgcna/score_module_activity.R","score_module_activity.R:3343/3357","template module_score_<rl>_<mod>_<analysis_label>.svg; unique prefix match against vocabulary harvested from well-formed siblings; content signature = svg, within the writer's emitted formats (svg)","af5a75e71466df148820c85d6806e0e3aa2ce63a30f8d8f7015ce5c22d8f7331",8124,FALSE,"becomes discoverable","rename_in_place"
"results/figures/06_modules_WGCNA/module_score/neuron_neuropil/overlap/module_group_scores/sensitivity_flagged_replicates_removed/module_score_CA2_sr_Neuropil_ribosome_translation_sensitivit","results/figures/06_modules_WGCNA/module_score/neuron_neuropil/overlap/module_group_scores/sensitivity_flagged_replicates_removed/module_score_CA2_sr_Neuropil_ribosome_translation_sensit.svg",".svg","analysis/wgcna/score_module_activity.R","score_module_activity.R:3343/3357","template module_score_<rl>_<mod>_<analysis_label>.svg; unique prefix match against vocabulary harvested from well-formed siblings; content signature = svg, within the writer's emitted formats (svg)","1ceabb82f74fbf1c13e9721ed18fd5f1e827b42dc00fdaa72b055eff7fd1f5a0",8125,FALSE,"becomes discoverable","rename_in_place"
"results/figures/06_modules_WGCNA/module_score/neuron_neuropil/overlap/module_group_scores/sensitivity_flagged_replicates_removed/module_score_CA2_sr_Neuropil_RNP_RNA_processing_full_sensiti","results/figures/06_modules_WGCNA/module_score/neuron_neuropil/overlap/module_group_scores/sensitivity_flagged_replicates_removed/module_score_CA2_sr_Neuropil_RNP_RNA_processing_full_sen.svg",".svg","analysis/wgcna/score_module_activity.R","score_module_activity.R:3343/3357","cut landed inside the trailing analysis label 'sensitivity_flagged_replicates_removed'; tail completed from the writer template (.svg); content signature = svg, within the writer's emitted formats (svg)","dc4dd03937d103c550830d76b67aa82060871216e647dfab0bd63c185fa69208",7711,FALSE,"becomes discoverable","rename_in_place"
"results/figures/06_modules_WGCNA/module_score/neuron_neuropil/overlap/module_group_scores/sensitivity_flagged_replicates_removed/module_score_CA2_sr_Neuropil_RNP_RNA_processing_main_sensiti","results/figures/06_modules_WGCNA/module_score/neuron_neuropil/overlap/module_group_scores/sensitivity_flagged_replicates_removed/module_score_CA2_sr_Neuropil_RNP_RNA_processing_main_sen.svg",".svg","analysis/wgcna/score_module_activity.R","score_module_activity.R:3343/3357","cut landed inside the trailing analysis label 'sensitivity_flagged_replicates_removed'; tail completed from the writer template (.svg); content signature = svg, within the writer's emitted formats (svg)","8fc9e685f3883953086c359c7eafefc6645b124632490b2556e1d74f70d1f792",7713,FALSE,"becomes discoverable","rename_in_place"
"results/figures/06_modules_WGCNA/module_score/neuron_neuropil/overlap/module_group_scores/sensitivity_flagged_replicates_removed/module_score_CA2_sr_Neuropil_synaptic_cytoskeleton_sensitivi","results/figures/06_modules_WGCNA/module_score/neuron_neuropil/overlap/module_group_scores/sensitivity_flagged_replicates_removed/module_score_CA2_sr_Neuropil_synaptic_cytoskeleton_sensi.svg",".svg","analysis/wgcna/score_module_activity.R","score_module_activity.R:3343/3357","cut landed inside the trailing analysis label 'sensitivity_flagged_replicates_removed'; tail completed from the writer template (.svg); content signature = svg, within the writer's emitted formats (svg)","ab7c826555d6975c778e2f5fa76954a8ab7c26f9b13d8d344c9ccc011fd25a1f",7656,FALSE,"becomes discoverable","rename_in_place"
"results/figures/06_modules_WGCNA/module_score/neuron_neuropil/overlap/module_group_scores/sensitivity_flagged_replicates_removed/module_score_CA3_so_Neuropil_chromatin_RNP_related_explorato","results/figures/06_modules_WGCNA/module_score/neuron_neuropil/overlap/module_group_scores/sensitivity_flagged_replicates_removed/module_score_CA3_so_Neuropil_chromatin_RNP_related_explo.svg",".svg","analysis/wgcna/score_module_activity.R","score_module_activity.R:3343/3357","extension from the writer template (ggsave .svg at score_module_activity.R:3343/3357/4088); stem tail unrecoverable, truncated stem retained; content signature = svg, within the writer's emitted formats (svg)","892a98d3f0d504ba32b4b2f3d10fe290fe9496b85f3cf94519f7eedd4b6e95f4",8015,FALSE,"becomes discoverable","rename_in_place"
"results/figures/06_modules_WGCNA/module_score/neuron_neuropil/overlap/module_group_scores/sensitivity_flagged_replicates_removed/module_score_CA3_so_Neuropil_endo_lysosomal_proteostasis_sen","results/figures/06_modules_WGCNA/module_score/neuron_neuropil/overlap/module_group_scores/sensitivity_flagged_replicates_removed/module_score_CA3_so_Neuropil_endo_lysosomal_proteostasis.svg",".svg","analysis/wgcna/score_module_activity.R","score_module_activity.R:3343/3357","cut landed inside the trailing analysis label 'sensitivity_flagged_replicates_removed'; tail completed from the writer template (.svg); content signature = svg, within the writer's emitted formats (svg)","af599c2372685692b9e79c559cab9d1f4733ebe6a7fe710dce400f0689e0709f",7841,FALSE,"becomes discoverable","rename_in_place"
"results/figures/06_modules_WGCNA/module_score/neuron_neuropil/overlap/module_group_scores/sensitivity_flagged_replicates_removed/module_score_CA3_so_Neuropil_mito_bioenergetics_sensitivity_","results/figures/06_modules_WGCNA/module_score/neuron_neuropil/overlap/module_group_scores/sensitivity_flagged_replicates_removed/module_score_CA3_so_Neuropil_mito_bioenergetics_sensitiv.svg",".svg","analysis/wgcna/score_module_activity.R","score_module_activity.R:3343/3357","template module_score_<rl>_<mod>_<analysis_label>.svg; unique prefix match against vocabulary harvested from well-formed siblings; content signature = svg, within the writer's emitted formats (svg)","963b04d3c8f8f6b15dd6a233da168d2f7606b84227041ca41c69d6346fe78406",7848,FALSE,"becomes discoverable","rename_in_place"
"results/figures/06_modules_WGCNA/module_score/neuron_neuropil/overlap/module_group_scores/sensitivity_flagged_replicates_removed/module_score_CA3_so_Neuropil_ribosome_translation_sensitivit","results/figures/06_modules_WGCNA/module_score/neuron_neuropil/overlap/module_group_scores/sensitivity_flagged_replicates_removed/module_score_CA3_so_Neuropil_ribosome_translation_sensit.svg",".svg","analysis/wgcna/score_module_activity.R","score_module_activity.R:3343/3357","template module_score_<rl>_<mod>_<analysis_label>.svg; unique prefix match against vocabulary harvested from well-formed siblings; content signature = svg, within the writer's emitted formats (svg)","e53d32f89b97bbaeefcdb2ba8d3db81ac07f9830b3252413014bd8bb9d211bf2",8125,FALSE,"becomes discoverable","rename_in_place"
"results/figures/06_modules_WGCNA/module_score/neuron_neuropil/overlap/module_group_scores/sensitivity_flagged_replicates_removed/module_score_CA3_so_Neuropil_RNP_RNA_processing_full_sensiti","results/figures/06_modules_WGCNA/module_score/neuron_neuropil/overlap/module_group_scores/sensitivity_flagged_replicates_removed/module_score_CA3_so_Neuropil_RNP_RNA_processing_full_sen.svg",".svg","analysis/wgcna/score_module_activity.R","score_module_activity.R:3343/3357","cut landed inside the trailing analysis label 'sensitivity_flagged_replicates_removed'; tail completed from the writer template (.svg); content signature = svg, within the writer's emitted formats (svg)","2befbc0f7cd87f360708fbd31b6e0e9a9f79d4c2d9e162e48f3f58e9472998bd",7474,FALSE,"becomes discoverable","rename_in_place"
"results/figures/06_modules_WGCNA/module_score/neuron_neuropil/overlap/module_group_scores/sensitivity_flagged_replicates_removed/module_score_CA3_so_Neuropil_RNP_RNA_processing_main_sensiti","results/figures/06_modules_WGCNA/module_score/neuron_neuropil/overlap/module_group_scores/sensitivity_flagged_replicates_removed/module_score_CA3_so_Neuropil_RNP_RNA_processing_main_sen.svg",".svg","analysis/wgcna/score_module_activity.R","score_module_activity.R:3343/3357","cut landed inside the trailing analysis label 'sensitivity_flagged_replicates_removed'; tail completed from the writer template (.svg); content signature = svg, within the writer's emitted formats (svg)","f45e804a3f9e23b0bbe403facec72a62b19792474a2dbd9457b6ff5d008cbfac",7475,FALSE,"becomes discoverable","rename_in_place"
"results/figures/06_modules_WGCNA/module_score/neuron_neuropil/overlap/module_group_scores/sensitivity_flagged_replicates_removed/module_score_CA3_so_Neuropil_synaptic_cytoskeleton_sensitivi","results/figures/06_modules_WGCNA/module_score/neuron_neuropil/overlap/module_group_scores/sensitivity_flagged_replicates_removed/module_score_CA3_so_Neuropil_synaptic_cytoskeleton_sensi.svg",".svg","analysis/wgcna/score_module_activity.R","score_module_activity.R:3343/3357","cut landed inside the trailing analysis label 'sensitivity_flagged_replicates_removed'; tail completed from the writer template (.svg); content signature = svg, within the writer's emitted formats (svg)","32e6dbab195336e0a0780c6457c126ad2d2dfce39dbdd42f39c74d357200081e",8118,FALSE,"becomes discoverable","rename_in_place"
"results/figures/06_modules_WGCNA/module_score/neuron_neuropil/overlap/module_group_scores/sensitivity_flagged_replicates_removed/module_score_CA3_sr_Neuropil_chromatin_RNP_related_explorato","results/figures/06_modules_WGCNA/module_score/neuron_neuropil/overlap/module_group_scores/sensitivity_flagged_replicates_removed/module_score_CA3_sr_Neuropil_chromatin_RNP_related_explo.svg",".svg","analysis/wgcna/score_module_activity.R","score_module_activity.R:3343/3357","extension from the writer template (ggsave .svg at score_module_activity.R:3343/3357/4088); stem tail unrecoverable, truncated stem retained; content signature = svg, within the writer's emitted formats (svg)","ae72b82532a0a15e30120ee78bbe5a05c9f9cf007fa8f4a124b6c6a5ddbee718",7968,FALSE,"becomes discoverable","rename_in_place"
"results/figures/06_modules_WGCNA/module_score/neuron_neuropil/overlap/module_group_scores/sensitivity_flagged_replicates_removed/module_score_CA3_sr_Neuropil_endo_lysosomal_proteostasis_sen","results/figures/06_modules_WGCNA/module_score/neuron_neuropil/overlap/module_group_scores/sensitivity_flagged_replicates_removed/module_score_CA3_sr_Neuropil_endo_lysosomal_proteostasis.svg",".svg","analysis/wgcna/score_module_activity.R","score_module_activity.R:3343/3357","cut landed inside the trailing analysis label 'sensitivity_flagged_replicates_removed'; tail completed from the writer template (.svg); content signature = svg, within the writer's emitted formats (svg)","9d6c3cd6b72c61399e01e0e968e0ef600eccfabac75731e6e168ee14571d2022",7853,FALSE,"becomes discoverable","rename_in_place"
"results/figures/06_modules_WGCNA/module_score/neuron_neuropil/overlap/module_group_scores/sensitivity_flagged_replicates_removed/module_score_CA3_sr_Neuropil_mito_bioenergetics_sensitivity_","results/figures/06_modules_WGCNA/module_score/neuron_neuropil/overlap/module_group_scores/sensitivity_flagged_replicates_removed/module_score_CA3_sr_Neuropil_mito_bioenergetics_sensitiv.svg",".svg","analysis/wgcna/score_module_activity.R","score_module_activity.R:3343/3357","template module_score_<rl>_<mod>_<analysis_label>.svg; unique prefix match against vocabulary harvested from well-formed siblings; content signature = svg, within the writer's emitted formats (svg)","d0a2689fd05129982afe67790f0b1c1b0cafd1b50dc37415e90a2a7b980f988e",8610,FALSE,"becomes discoverable","rename_in_place"
"results/figures/06_modules_WGCNA/module_score/neuron_neuropil/overlap/module_group_scores/sensitivity_flagged_replicates_removed/module_score_CA3_sr_Neuropil_ribosome_translation_sensitivit","results/figures/06_modules_WGCNA/module_score/neuron_neuropil/overlap/module_group_scores/sensitivity_flagged_replicates_removed/module_score_CA3_sr_Neuropil_ribosome_translation_sensit.svg",".svg","analysis/wgcna/score_module_activity.R","score_module_activity.R:3343/3357","template module_score_<rl>_<mod>_<analysis_label>.svg; unique prefix match against vocabulary harvested from well-formed siblings; content signature = svg, within the writer's emitted formats (svg)","f202641fd9b5d2f039ff94733160763af79df885ae2b7e75de757a24c92e0b35",7434,FALSE,"becomes discoverable","rename_in_place"
"results/figures/06_modules_WGCNA/module_score/neuron_neuropil/overlap/module_group_scores/sensitivity_flagged_replicates_removed/module_score_CA3_sr_Neuropil_RNP_RNA_processing_full_sensiti","results/figures/06_modules_WGCNA/module_score/neuron_neuropil/overlap/module_group_scores/sensitivity_flagged_replicates_removed/module_score_CA3_sr_Neuropil_RNP_RNA_processing_full_sen.svg",".svg","analysis/wgcna/score_module_activity.R","score_module_activity.R:3343/3357","cut landed inside the trailing analysis label 'sensitivity_flagged_replicates_removed'; tail completed from the writer template (.svg); content signature = svg, within the writer's emitted formats (svg)","eee7d2150c56bb1ec1b07bf07f7ccb141a920a0f7d75d293f7972e0b3a0d1cac",7715,FALSE,"becomes discoverable","rename_in_place"
"results/figures/06_modules_WGCNA/module_score/neuron_neuropil/overlap/module_group_scores/sensitivity_flagged_replicates_removed/module_score_CA3_sr_Neuropil_RNP_RNA_processing_main_sensiti","results/figures/06_modules_WGCNA/module_score/neuron_neuropil/overlap/module_group_scores/sensitivity_flagged_replicates_removed/module_score_CA3_sr_Neuropil_RNP_RNA_processing_main_sen.svg",".svg","analysis/wgcna/score_module_activity.R","score_module_activity.R:3343/3357","cut landed inside the trailing analysis label 'sensitivity_flagged_replicates_removed'; tail completed from the writer template (.svg); content signature = svg, within the writer's emitted formats (svg)","a80c443d2673e4b1ce4a5a0bc06e6fce1d404151d4ea766eb07a1fda1ba48ce1",7716,FALSE,"becomes discoverable","rename_in_place"
"results/figures/06_modules_WGCNA/module_score/neuron_neuropil/overlap/module_group_scores/sensitivity_flagged_replicates_removed/module_score_CA3_sr_Neuropil_synaptic_cytoskeleton_sensitivi","results/figures/06_modules_WGCNA/module_score/neuron_neuropil/overlap/module_group_scores/sensitivity_flagged_replicates_removed/module_score_CA3_sr_Neuropil_synaptic_cytoskeleton_sensi.svg",".svg","analysis/wgcna/score_module_activity.R","score_module_activity.R:3343/3357","cut landed inside the trailing analysis label 'sensitivity_flagged_replicates_removed'; tail completed from the writer template (.svg); content signature = svg, within the writer's emitted formats (svg)","8a7e1fe2234d5234331cec56802e0bd594efcf36b2add105ad162976fe145920",8133,FALSE,"becomes discoverable","rename_in_place"
"results/figures/06_modules_WGCNA/module_score/neuron_neuropil/overlap/module_group_scores/sensitivity_flagged_replicates_removed/module_score_DG_mo_Neuropil_chromatin_RNP_related_explorator","results/figures/06_modules_WGCNA/module_score/neuron_neuropil/overlap/module_group_scores/sensitivity_flagged_replicates_removed/module_score_DG_mo_Neuropil_chromatin_RNP_related_explor.svg",".svg","analysis/wgcna/score_module_activity.R","score_module_activity.R:3343/3357","extension from the writer template (ggsave .svg at score_module_activity.R:3343/3357/4088); stem tail unrecoverable, truncated stem retained; content signature = svg, within the writer's emitted formats (svg)","3eb82731f551538d78f6e867b2420403b482b1a914a49930e8ad31b69101b5b9",7552,FALSE,"becomes discoverable","rename_in_place"
"results/figures/06_modules_WGCNA/module_score/neuron_neuropil/overlap/module_group_scores/sensitivity_flagged_replicates_removed/module_score_DG_mo_Neuropil_endo_lysosomal_proteostasis_sens","results/figures/06_modules_WGCNA/module_score/neuron_neuropil/overlap/module_group_scores/sensitivity_flagged_replicates_removed/module_score_DG_mo_Neuropil_endo_lysosomal_proteostasis_.svg",".svg","analysis/wgcna/score_module_activity.R","score_module_activity.R:3343/3357","cut landed inside the trailing analysis label 'sensitivity_flagged_replicates_removed'; tail completed from the writer template (.svg); content signature = svg, within the writer's emitted formats (svg)","8ebe36d67792dd2355d780e47b6fa2dafc1cc946c94afd2b18ab7049cf45dc24",7544,FALSE,"becomes discoverable","rename_in_place"
"results/figures/06_modules_WGCNA/module_score/neuron_neuropil/overlap/module_group_scores/sensitivity_flagged_replicates_removed/module_score_DG_mo_Neuropil_mito_bioenergetics_sensitivity_f","results/figures/06_modules_WGCNA/module_score/neuron_neuropil/overlap/module_group_scores/sensitivity_flagged_replicates_removed/module_score_DG_mo_Neuropil_mito_bioenergetics_sensitivi.svg",".svg","analysis/wgcna/score_module_activity.R","score_module_activity.R:3343/3357","template module_score_<rl>_<mod>_<analysis_label>.svg; unique prefix match against vocabulary harvested from well-formed siblings; content signature = svg, within the writer's emitted formats (svg)","2f17fbbfec6f49c9184799e3e0bc9133b70c540feb83f806f489e156d952ac45",7844,FALSE,"becomes discoverable","rename_in_place"
"results/figures/06_modules_WGCNA/module_score/neuron_neuropil/overlap/module_group_scores/sensitivity_flagged_replicates_removed/module_score_DG_mo_Neuropil_ribosome_translation_sensitivity","results/figures/06_modules_WGCNA/module_score/neuron_neuropil/overlap/module_group_scores/sensitivity_flagged_replicates_removed/module_score_DG_mo_Neuropil_ribosome_translation_sensiti.svg",".svg","analysis/wgcna/score_module_activity.R","score_module_activity.R:3343/3357","template module_score_<rl>_<mod>_<analysis_label>.svg; unique prefix match against vocabulary harvested from well-formed siblings; content signature = svg, within the writer's emitted formats (svg)","9bfdc31acab61f3fd139e01f3e3c5c3b57bface205ee2e30e3014bc015aac069",7969,FALSE,"becomes discoverable","rename_in_place"
"results/figures/06_modules_WGCNA/module_score/neuron_neuropil/overlap/module_group_scores/sensitivity_flagged_replicates_removed/module_score_DG_mo_Neuropil_RNP_RNA_processing_full_sensitiv","results/figures/06_modules_WGCNA/module_score/neuron_neuropil/overlap/module_group_scores/sensitivity_flagged_replicates_removed/module_score_DG_mo_Neuropil_RNP_RNA_processing_full_sens.svg",".svg","analysis/wgcna/score_module_activity.R","score_module_activity.R:3343/3357","cut landed inside the trailing analysis label 'sensitivity_flagged_replicates_removed'; tail completed from the writer template (.svg); content signature = svg, within the writer's emitted formats (svg)","f4649ba53770ce50ae0b55aba961ceffb7acc20898a47321c091932c00e28609",7391,FALSE,"becomes discoverable","rename_in_place"
"results/figures/06_modules_WGCNA/module_score/neuron_neuropil/overlap/module_group_scores/sensitivity_flagged_replicates_removed/module_score_DG_mo_Neuropil_RNP_RNA_processing_main_sensitiv","results/figures/06_modules_WGCNA/module_score/neuron_neuropil/overlap/module_group_scores/sensitivity_flagged_replicates_removed/module_score_DG_mo_Neuropil_RNP_RNA_processing_main_sens.svg",".svg","analysis/wgcna/score_module_activity.R","score_module_activity.R:3343/3357","cut landed inside the trailing analysis label 'sensitivity_flagged_replicates_removed'; tail completed from the writer template (.svg); content signature = svg, within the writer's emitted formats (svg)","54c4b850829290a6ca0c375a127f5cc5f9924da171b58a44ee4f9081594c4ee3",7392,FALSE,"becomes discoverable","rename_in_place"
"results/figures/06_modules_WGCNA/module_score/neuron_neuropil/overlap/module_group_scores/sensitivity_flagged_replicates_removed/module_score_DG_mo_Neuropil_synaptic_cytoskeleton_sensitivit","results/figures/06_modules_WGCNA/module_score/neuron_neuropil/overlap/module_group_scores/sensitivity_flagged_replicates_removed/module_score_DG_mo_Neuropil_synaptic_cytoskeleton_sensit.svg",".svg","analysis/wgcna/score_module_activity.R","score_module_activity.R:3343/3357","template module_score_<rl>_<mod>_<analysis_label>.svg; unique prefix match against vocabulary harvested from well-formed siblings; content signature = svg, within the writer's emitted formats (svg)","0d5844ecc5fe4ff8109b67c45a75db016a0346c19567c72542e07d8edfeca506",7956,FALSE,"becomes discoverable","rename_in_place"
"results/figures/06_modules_WGCNA/module_score/neuron_neuropil/overlap/module_group_scores/sensitivity_flagged_replicates_removed/module_score_DG_po_Neuropil_chromatin_RNP_related_explorator","results/figures/06_modules_WGCNA/module_score/neuron_neuropil/overlap/module_group_scores/sensitivity_flagged_replicates_removed/module_score_DG_po_Neuropil_chromatin_RNP_related_explor.svg",".svg","analysis/wgcna/score_module_activity.R","score_module_activity.R:3343/3357","extension from the writer template (ggsave .svg at score_module_activity.R:3343/3357/4088); stem tail unrecoverable, truncated stem retained; content signature = svg, within the writer's emitted formats (svg)","6bf2ec063d8cd64acf9c6cc52849fb0e126d33dff1323d2ab85bbd34720af062",8096,FALSE,"becomes discoverable","rename_in_place"
"results/figures/06_modules_WGCNA/module_score/neuron_neuropil/overlap/module_group_scores/sensitivity_flagged_replicates_removed/module_score_DG_po_Neuropil_endo_lysosomal_proteostasis_sens","results/figures/06_modules_WGCNA/module_score/neuron_neuropil/overlap/module_group_scores/sensitivity_flagged_replicates_removed/module_score_DG_po_Neuropil_endo_lysosomal_proteostasis_.svg",".svg","analysis/wgcna/score_module_activity.R","score_module_activity.R:3343/3357","cut landed inside the trailing analysis label 'sensitivity_flagged_replicates_removed'; tail completed from the writer template (.svg); content signature = svg, within the writer's emitted formats (svg)","45a572ca6220e05fd47d04f32a37b97eec054e33a16e3650ecee15d675a0d882",8324,FALSE,"becomes discoverable","rename_in_place"
"results/figures/06_modules_WGCNA/module_score/neuron_neuropil/overlap/module_group_scores/sensitivity_flagged_replicates_removed/module_score_DG_po_Neuropil_mito_bioenergetics_sensitivity_f","results/figures/06_modules_WGCNA/module_score/neuron_neuropil/overlap/module_group_scores/sensitivity_flagged_replicates_removed/module_score_DG_po_Neuropil_mito_bioenergetics_sensitivi.svg",".svg","analysis/wgcna/score_module_activity.R","score_module_activity.R:3343/3357","template module_score_<rl>_<mod>_<analysis_label>.svg; unique prefix match against vocabulary harvested from well-formed siblings; content signature = svg, within the writer's emitted formats (svg)","e2b7f2c7c8e6c0148678c69d5d2439439f7e27167d35ca0cc76efa6e6c4278ee",7821,FALSE,"becomes discoverable","rename_in_place"
"results/figures/06_modules_WGCNA/module_score/neuron_neuropil/overlap/module_group_scores/sensitivity_flagged_replicates_removed/module_score_DG_po_Neuropil_ribosome_translation_sensitivity","results/figures/06_modules_WGCNA/module_score/neuron_neuropil/overlap/module_group_scores/sensitivity_flagged_replicates_removed/module_score_DG_po_Neuropil_ribosome_translation_sensiti.svg",".svg","analysis/wgcna/score_module_activity.R","score_module_activity.R:3343/3357","template module_score_<rl>_<mod>_<analysis_label>.svg; unique prefix match against vocabulary harvested from well-formed siblings; content signature = svg, within the writer's emitted formats (svg)","e5d4f4e96efaaa49f610a0756248d01ab9bfaa7e132cdd56bd69ff53dd9fb460",7304,FALSE,"becomes discoverable","rename_in_place"
"results/figures/06_modules_WGCNA/module_score/neuron_neuropil/overlap/module_group_scores/sensitivity_flagged_replicates_removed/module_score_DG_po_Neuropil_RNP_RNA_processing_full_sensitiv","results/figures/06_modules_WGCNA/module_score/neuron_neuropil/overlap/module_group_scores/sensitivity_flagged_replicates_removed/module_score_DG_po_Neuropil_RNP_RNA_processing_full_sens.svg",".svg","analysis/wgcna/score_module_activity.R","score_module_activity.R:3343/3357","cut landed inside the trailing analysis label 'sensitivity_flagged_replicates_removed'; tail completed from the writer template (.svg); content signature = svg, within the writer's emitted formats (svg)","050e28e3399f012f3178f1c54314dc4db4c2269e8ad868edc6a3fbca02a5d123",7716,FALSE,"becomes discoverable","rename_in_place"
"results/figures/06_modules_WGCNA/module_score/neuron_neuropil/overlap/module_group_scores/sensitivity_flagged_replicates_removed/module_score_DG_po_Neuropil_RNP_RNA_processing_main_sensitiv","results/figures/06_modules_WGCNA/module_score/neuron_neuropil/overlap/module_group_scores/sensitivity_flagged_replicates_removed/module_score_DG_po_Neuropil_RNP_RNA_processing_main_sens.svg",".svg","analysis/wgcna/score_module_activity.R","score_module_activity.R:3343/3357","cut landed inside the trailing analysis label 'sensitivity_flagged_replicates_removed'; tail completed from the writer template (.svg); content signature = svg, within the writer's emitted formats (svg)","ec1e4fff87d891015725d29b829ac28353e808e35506847802f48e24056f534c",7717,FALSE,"becomes discoverable","rename_in_place"
"results/figures/06_modules_WGCNA/module_score/neuron_neuropil/overlap/module_group_scores/sensitivity_flagged_replicates_removed/module_score_DG_po_Neuropil_synaptic_cytoskeleton_sensitivit","results/figures/06_modules_WGCNA/module_score/neuron_neuropil/overlap/module_group_scores/sensitivity_flagged_replicates_removed/module_score_DG_po_Neuropil_synaptic_cytoskeleton_sensit.svg",".svg","analysis/wgcna/score_module_activity.R","score_module_activity.R:3343/3357","template module_score_<rl>_<mod>_<analysis_label>.svg; unique prefix match against vocabulary harvested from well-formed siblings; content signature = svg, within the writer's emitted formats (svg)","342d4146ea1c7bde9148d3271378ce141232b90927a6ce1761bb8135032e13ed",7990,FALSE,"becomes discoverable","rename_in_place"
"results/figures/06_modules_WGCNA/module_score/neuron_neuropil/wgcna/module_group_scores/sensitivity_flagged_replicates_removed/module_score_CA1_slm_WGCNA_#006D2C_sensitivity_flagged_replica","results/figures/06_modules_WGCNA/module_score/neuron_neuropil/wgcna/module_group_scores/sensitivity_flagged_replicates_removed/module_score_CA1_slm_WGCNA_#006D2C_sensitivity_flagged_rep.svg",".svg","analysis/wgcna/score_module_activity.R","score_module_activity.R:3343/3357","template module_score_<rl>_<mod>_<analysis_label>.svg; unique prefix match against vocabulary harvested from well-formed siblings; content signature = svg, within the writer's emitted formats (svg)","5b7c6a1ac83358d1fc049526577e3bdb4fcd5b8e73d8617538db3cb333b67ec3",7473,FALSE,"becomes discoverable","rename_in_place"
"results/figures/06_modules_WGCNA/module_score/neuron_neuropil/wgcna/module_group_scores/sensitivity_flagged_replicates_removed/module_score_CA1_slm_WGCNA_#08519C_sensitivity_flagged_replica","results/figures/06_modules_WGCNA/module_score/neuron_neuropil/wgcna/module_group_scores/sensitivity_flagged_replicates_removed/module_score_CA1_slm_WGCNA_#08519C_sensitivity_flagged_rep.svg",".svg","analysis/wgcna/score_module_activity.R","score_module_activity.R:3343/3357","template module_score_<rl>_<mod>_<analysis_label>.svg; unique prefix match against vocabulary harvested from well-formed siblings; content signature = svg, within the writer's emitted formats (svg)","91684786a5d127934ff1c3b4e9779a6ce093f76d041301d0a5d2fbfe60d745c3",7772,FALSE,"becomes discoverable","rename_in_place"
"results/figures/06_modules_WGCNA/module_score/neuron_neuropil/wgcna/module_group_scores/sensitivity_flagged_replicates_removed/module_score_CA1_slm_WGCNA_#238B45_sensitivity_flagged_replica","results/figures/06_modules_WGCNA/module_score/neuron_neuropil/wgcna/module_group_scores/sensitivity_flagged_replicates_removed/module_score_CA1_slm_WGCNA_#238B45_sensitivity_flagged_rep.svg",".svg","analysis/wgcna/score_module_activity.R","score_module_activity.R:3343/3357","template module_score_<rl>_<mod>_<analysis_label>.svg; unique prefix match against vocabulary harvested from well-formed siblings; content signature = svg, within the writer's emitted formats (svg)","8b514e2e229205e076b3b89dfb1d562a867a2971e0e073a5cbfe3571ba03c5bb",7775,FALSE,"becomes discoverable","rename_in_place"
"results/figures/06_modules_WGCNA/module_score/neuron_neuropil/wgcna/module_group_scores/sensitivity_flagged_replicates_removed/module_score_CA1_slm_WGCNA_#2B8CBE_sensitivity_flagged_replica","results/figures/06_modules_WGCNA/module_score/neuron_neuropil/wgcna/module_group_scores/sensitivity_flagged_replicates_removed/module_score_CA1_slm_WGCNA_#2B8CBE_sensitivity_flagged_rep.svg",".svg","analysis/wgcna/score_module_activity.R","score_module_activity.R:3343/3357","template module_score_<rl>_<mod>_<analysis_label>.svg; unique prefix match against vocabulary harvested from well-formed siblings; content signature = svg, within the writer's emitted formats (svg)","493e0a1267d0d3d524929a6e114fe3d468aab8f42b934ae14763131a0d71cf37",7465,FALSE,"becomes discoverable","rename_in_place"
"results/figures/06_modules_WGCNA/module_score/neuron_neuropil/wgcna/module_group_scores/sensitivity_flagged_replicates_removed/module_score_CA1_slm_WGCNA_#3F007D_sensitivity_flagged_replica","results/figures/06_modules_WGCNA/module_score/neuron_neuropil/wgcna/module_group_scores/sensitivity_flagged_replicates_removed/module_score_CA1_slm_WGCNA_#3F007D_sensitivity_flagged_rep.svg",".svg","analysis/wgcna/score_module_activity.R","score_module_activity.R:3343/3357","template module_score_<rl>_<mod>_<analysis_label>.svg; unique prefix match against vocabulary harvested from well-formed siblings; content signature = svg, within the writer's emitted formats (svg)","4f2ea74bb868cc2fee8b9a41a101c72a0aa1cfbabb965659181d6075749f3c7e",7761,FALSE,"becomes discoverable","rename_in_place"
"results/figures/06_modules_WGCNA/module_score/neuron_neuropil/wgcna/module_group_scores/sensitivity_flagged_replicates_removed/module_score_CA1_slm_WGCNA_#4D4D4D_sensitivity_flagged_replica","results/figures/06_modules_WGCNA/module_score/neuron_neuropil/wgcna/module_group_scores/sensitivity_flagged_replicates_removed/module_score_CA1_slm_WGCNA_#4D4D4D_sensitivity_flagged_rep.svg",".svg","analysis/wgcna/score_module_activity.R","score_module_activity.R:3343/3357","template module_score_<rl>_<mod>_<analysis_label>.svg; unique prefix match against vocabulary harvested from well-formed siblings; content signature = svg, within the writer's emitted formats (svg)","251779c7300694833905eaca11c704533f364ca1f72da096ff4ab437e49b16d1",7483,FALSE,"becomes discoverable","rename_in_place"
"results/figures/06_modules_WGCNA/module_score/neuron_neuropil/wgcna/module_group_scores/sensitivity_flagged_replicates_removed/module_score_CA1_slm_WGCNA_#737373_sensitivity_flagged_replica","results/figures/06_modules_WGCNA/module_score/neuron_neuropil/wgcna/module_group_scores/sensitivity_flagged_replicates_removed/module_score_CA1_slm_WGCNA_#737373_sensitivity_flagged_rep.svg",".svg","analysis/wgcna/score_module_activity.R","score_module_activity.R:3343/3357","template module_score_<rl>_<mod>_<analysis_label>.svg; unique prefix match against vocabulary harvested from well-formed siblings; content signature = svg, within the writer's emitted formats (svg)","54b911f2744464642fdd2bc8fa030085f85b920a6d50d5c1ffd736293fdde020",7345,FALSE,"becomes discoverable","rename_in_place"
"results/figures/06_modules_WGCNA/module_score/neuron_neuropil/wgcna/module_group_scores/sensitivity_flagged_replicates_removed/module_score_CA1_slm_WGCNA_#74C476_sensitivity_flagged_replica","results/figures/06_modules_WGCNA/module_score/neuron_neuropil/wgcna/module_group_scores/sensitivity_flagged_replicates_removed/module_score_CA1_slm_WGCNA_#74C476_sensitivity_flagged_rep.svg",".svg","analysis/wgcna/score_module_activity.R","score_module_activity.R:3343/3357","template module_score_<rl>_<mod>_<analysis_label>.svg; unique prefix match against vocabulary harvested from well-formed siblings; content signature = svg, within the writer's emitted formats (svg)","e08ff9843cc59cacdd37bc32aa709a9af2bbcb95a4a6360b97650fd4d272e58a",8361,FALSE,"becomes discoverable","rename_in_place"
"results/figures/06_modules_WGCNA/module_score/neuron_neuropil/wgcna/module_group_scores/sensitivity_flagged_replicates_removed/module_score_CA1_slm_WGCNA_#756BB1_sensitivity_flagged_replica","results/figures/06_modules_WGCNA/module_score/neuron_neuropil/wgcna/module_group_scores/sensitivity_flagged_replicates_removed/module_score_CA1_slm_WGCNA_#756BB1_sensitivity_flagged_rep.svg",".svg","analysis/wgcna/score_module_activity.R","score_module_activity.R:3343/3357","template module_score_<rl>_<mod>_<analysis_label>.svg; unique prefix match against vocabulary harvested from well-formed siblings; content signature = svg, within the writer's emitted formats (svg)","002067a76c47631cf049db85aa740911905916f307b9db1010d80c77cfb4fc1a",7754,FALSE,"becomes discoverable","rename_in_place"
"results/figures/06_modules_WGCNA/module_score/neuron_neuropil/wgcna/module_group_scores/sensitivity_flagged_replicates_removed/module_score_CA1_slm_WGCNA_#969696_sensitivity_flagged_replica","results/figures/06_modules_WGCNA/module_score/neuron_neuropil/wgcna/module_group_scores/sensitivity_flagged_replicates_removed/module_score_CA1_slm_WGCNA_#969696_sensitivity_flagged_rep.svg",".svg","analysis/wgcna/score_module_activity.R","score_module_activity.R:3343/3357","template module_score_<rl>_<mod>_<analysis_label>.svg; unique prefix match against vocabulary harvested from well-formed siblings; content signature = svg, within the writer's emitted formats (svg)","f687a042689f98e4f67b7b3d76c3bd5f8c80ef13bf4d78b75cda09270753b81e",7473,FALSE,"becomes discoverable","rename_in_place"
"results/figures/06_modules_WGCNA/module_score/neuron_neuropil/wgcna/module_group_scores/sensitivity_flagged_replicates_removed/module_score_CA1_slm_WGCNA_#9E9AC8_sensitivity_flagged_replica","results/figures/06_modules_WGCNA/module_score/neuron_neuropil/wgcna/module_group_scores/sensitivity_flagged_replicates_removed/module_score_CA1_slm_WGCNA_#9E9AC8_sensitivity_flagged_rep.svg",".svg","analysis/wgcna/score_module_activity.R","score_module_activity.R:3343/3357","template module_score_<rl>_<mod>_<analysis_label>.svg; unique prefix match against vocabulary harvested from well-formed siblings; content signature = svg, within the writer's emitted formats (svg)","c2c8bf8fe4484ba09b6fc45254cd46a06567f4eddba0660041df0ce58541cb32",8218,FALSE,"becomes discoverable","rename_in_place"
"results/figures/06_modules_WGCNA/module_score/neuron_neuropil/wgcna/module_group_scores/sensitivity_flagged_replicates_removed/module_score_CA1_slm_WGCNA_#BF812D_sensitivity_flagged_replica","results/figures/06_modules_WGCNA/module_score/neuron_neuropil/wgcna/module_group_scores/sensitivity_flagged_replicates_removed/module_score_CA1_slm_WGCNA_#BF812D_sensitivity_flagged_rep.svg",".svg","analysis/wgcna/score_module_activity.R","score_module_activity.R:3343/3357","template module_score_<rl>_<mod>_<analysis_label>.svg; unique prefix match against vocabulary harvested from well-formed siblings; content signature = svg, within the writer's emitted formats (svg)","5331349343e3387de9e14475841249cb934e49edabc3668002e6295910327c05",8366,FALSE,"becomes discoverable","rename_in_place"
"results/figures/06_modules_WGCNA/module_score/neuron_neuropil/wgcna/module_group_scores/sensitivity_flagged_replicates_removed/module_score_CA1_slm_WGCNA_#DE2D26_sensitivity_flagged_replica","results/figures/06_modules_WGCNA/module_score/neuron_neuropil/wgcna/module_group_scores/sensitivity_flagged_replicates_removed/module_score_CA1_slm_WGCNA_#DE2D26_sensitivity_flagged_rep.svg",".svg","analysis/wgcna/score_module_activity.R","score_module_activity.R:3343/3357","template module_score_<rl>_<mod>_<analysis_label>.svg; unique prefix match against vocabulary harvested from well-formed siblings; content signature = svg, within the writer's emitted formats (svg)","28f4593de9979289632a4b3b622f57fcceedef55abd95f1847ccf966629715f3",7766,FALSE,"becomes discoverable","rename_in_place"
"results/figures/06_modules_WGCNA/module_score/neuron_neuropil/wgcna/module_group_scores/sensitivity_flagged_replicates_removed/module_score_CA1_slm_WGCNA_#FB6A4A_sensitivity_flagged_replica","results/figures/06_modules_WGCNA/module_score/neuron_neuropil/wgcna/module_group_scores/sensitivity_flagged_replicates_removed/module_score_CA1_slm_WGCNA_#FB6A4A_sensitivity_flagged_rep.svg",".svg","analysis/wgcna/score_module_activity.R","score_module_activity.R:3343/3357","template module_score_<rl>_<mod>_<analysis_label>.svg; unique prefix match against vocabulary harvested from well-formed siblings; content signature = svg, within the writer's emitted formats (svg)","e00b6501d705254b4fd6df8cf7e2b3d95d3b0812a4d7f2466a770dbc59c72364",7756,FALSE,"becomes discoverable","rename_in_place"
"results/figures/06_modules_WGCNA/module_score/neuron_neuropil/wgcna/module_group_scores/sensitivity_flagged_replicates_removed/module_score_CA1_so_WGCNA_#006D2C_sensitivity_flagged_replicat","results/figures/06_modules_WGCNA/module_score/neuron_neuropil/wgcna/module_group_scores/sensitivity_flagged_replicates_removed/module_score_CA1_so_WGCNA_#006D2C_sensitivity_flagged_repl.svg",".svg","analysis/wgcna/score_module_activity.R","score_module_activity.R:3343/3357","template module_score_<rl>_<mod>_<analysis_label>.svg; unique prefix match against vocabulary harvested from well-formed siblings; content signature = svg, within the writer's emitted formats (svg)","72b67fbb200b25823b595233c913cd37affa572866ec972f6734a06913f08514",7232,FALSE,"becomes discoverable","rename_in_place"
"results/figures/06_modules_WGCNA/module_score/neuron_neuropil/wgcna/module_group_scores/sensitivity_flagged_replicates_removed/module_score_CA1_so_WGCNA_#08519C_sensitivity_flagged_replicat","results/figures/06_modules_WGCNA/module_score/neuron_neuropil/wgcna/module_group_scores/sensitivity_flagged_replicates_removed/module_score_CA1_so_WGCNA_#08519C_sensitivity_flagged_repl.svg",".svg","analysis/wgcna/score_module_activity.R","score_module_activity.R:3343/3357","template module_score_<rl>_<mod>_<analysis_label>.svg; unique prefix match against vocabulary harvested from well-formed siblings; content signature = svg, within the writer's emitted formats (svg)","dab83be545f1b5bf73897eb44b9021586840d2363f23fc3ac02c78d498499c49",7343,FALSE,"becomes discoverable","rename_in_place"
"results/figures/06_modules_WGCNA/module_score/neuron_neuropil/wgcna/module_group_scores/sensitivity_flagged_replicates_removed/module_score_CA1_so_WGCNA_#238B45_sensitivity_flagged_replicat","results/figures/06_modules_WGCNA/module_score/neuron_neuropil/wgcna/module_group_scores/sensitivity_flagged_replicates_removed/module_score_CA1_so_WGCNA_#238B45_sensitivity_flagged_repl.svg",".svg","analysis/wgcna/score_module_activity.R","score_module_activity.R:3343/3357","template module_score_<rl>_<mod>_<analysis_label>.svg; unique prefix match against vocabulary harvested from well-formed siblings; content signature = svg, within the writer's emitted formats (svg)","6dae84d888a35746660b1241dcb130e125415848cedc2cac36d76afc97ce4022",7652,FALSE,"becomes discoverable","rename_in_place"
"results/figures/06_modules_WGCNA/module_score/neuron_neuropil/wgcna/module_group_scores/sensitivity_flagged_replicates_removed/module_score_CA1_so_WGCNA_#2B8CBE_sensitivity_flagged_replicat","results/figures/06_modules_WGCNA/module_score/neuron_neuropil/wgcna/module_group_scores/sensitivity_flagged_replicates_removed/module_score_CA1_so_WGCNA_#2B8CBE_sensitivity_flagged_repl.svg",".svg","analysis/wgcna/score_module_activity.R","score_module_activity.R:3343/3357","template module_score_<rl>_<mod>_<analysis_label>.svg; unique prefix match against vocabulary harvested from well-formed siblings; content signature = svg, within the writer's emitted formats (svg)","cf2776050e22113b5eb6b36dd6397ecd762780e802ada2848b87c3bd051323f4",7813,FALSE,"becomes discoverable","rename_in_place"
"results/figures/06_modules_WGCNA/module_score/neuron_neuropil/wgcna/module_group_scores/sensitivity_flagged_replicates_removed/module_score_CA1_so_WGCNA_#3F007D_sensitivity_flagged_replicat","results/figures/06_modules_WGCNA/module_score/neuron_neuropil/wgcna/module_group_scores/sensitivity_flagged_replicates_removed/module_score_CA1_so_WGCNA_#3F007D_sensitivity_flagged_repl.svg",".svg","analysis/wgcna/score_module_activity.R","score_module_activity.R:3343/3357","template module_score_<rl>_<mod>_<analysis_label>.svg; unique prefix match against vocabulary harvested from well-formed siblings; content signature = svg, within the writer's emitted formats (svg)","bf5289b28f4b0407d4555280e83f9e72ba429d5c4fd63a8fdf0a85bc46c60e85",7943,FALSE,"becomes discoverable","rename_in_place"
"results/figures/06_modules_WGCNA/module_score/neuron_neuropil/wgcna/module_group_scores/sensitivity_flagged_replicates_removed/module_score_CA1_so_WGCNA_#4D4D4D_sensitivity_flagged_replicat","results/figures/06_modules_WGCNA/module_score/neuron_neuropil/wgcna/module_group_scores/sensitivity_flagged_replicates_removed/module_score_CA1_so_WGCNA_#4D4D4D_sensitivity_flagged_repl.svg",".svg","analysis/wgcna/score_module_activity.R","score_module_activity.R:3343/3357","template module_score_<rl>_<mod>_<analysis_label>.svg; unique prefix match against vocabulary harvested from well-formed siblings; content signature = svg, within the writer's emitted formats (svg)","c0a8c5a3d07b653f10a21b37751f05752a87a6718a4f3dad7adfd4206ed1676e",8231,FALSE,"becomes discoverable","rename_in_place"
"results/figures/06_modules_WGCNA/module_score/neuron_neuropil/wgcna/module_group_scores/sensitivity_flagged_replicates_removed/module_score_CA1_so_WGCNA_#737373_sensitivity_flagged_replicat","results/figures/06_modules_WGCNA/module_score/neuron_neuropil/wgcna/module_group_scores/sensitivity_flagged_replicates_removed/module_score_CA1_so_WGCNA_#737373_sensitivity_flagged_repl.svg",".svg","analysis/wgcna/score_module_activity.R","score_module_activity.R:3343/3357","template module_score_<rl>_<mod>_<analysis_label>.svg; unique prefix match against vocabulary harvested from well-formed siblings; content signature = svg, within the writer's emitted formats (svg)","3d83c413d3948b1f743384bfbcf57aea72ef57867b87ca19b56fbfc4989e2431",7929,FALSE,"becomes discoverable","rename_in_place"
"results/figures/06_modules_WGCNA/module_score/neuron_neuropil/wgcna/module_group_scores/sensitivity_flagged_replicates_removed/module_score_CA1_so_WGCNA_#74C476_sensitivity_flagged_replicat","results/figures/06_modules_WGCNA/module_score/neuron_neuropil/wgcna/module_group_scores/sensitivity_flagged_replicates_removed/module_score_CA1_so_WGCNA_#74C476_sensitivity_flagged_repl.svg",".svg","analysis/wgcna/score_module_activity.R","score_module_activity.R:3343/3357","template module_score_<rl>_<mod>_<analysis_label>.svg; unique prefix match against vocabulary harvested from well-formed siblings; content signature = svg, within the writer's emitted formats (svg)","c7fefa89e0087a5f612e8fdd1276a8737d7515d467d30ebc464674ffa38e27a3",7652,FALSE,"becomes discoverable","rename_in_place"
"results/figures/06_modules_WGCNA/module_score/neuron_neuropil/wgcna/module_group_scores/sensitivity_flagged_replicates_removed/module_score_CA1_so_WGCNA_#756BB1_sensitivity_flagged_replicat","results/figures/06_modules_WGCNA/module_score/neuron_neuropil/wgcna/module_group_scores/sensitivity_flagged_replicates_removed/module_score_CA1_so_WGCNA_#756BB1_sensitivity_flagged_repl.svg",".svg","analysis/wgcna/score_module_activity.R","score_module_activity.R:3343/3357","template module_score_<rl>_<mod>_<analysis_label>.svg; unique prefix match against vocabulary harvested from well-formed siblings; content signature = svg, within the writer's emitted formats (svg)","8375b89deb654a3db971f971537f50cb2b3ceb03f6edc8587d664a083e0bf276",7825,FALSE,"becomes discoverable","rename_in_place"
"results/figures/06_modules_WGCNA/module_score/neuron_neuropil/wgcna/module_group_scores/sensitivity_flagged_replicates_removed/module_score_CA1_so_WGCNA_#969696_sensitivity_flagged_replicat","results/figures/06_modules_WGCNA/module_score/neuron_neuropil/wgcna/module_group_scores/sensitivity_flagged_replicates_removed/module_score_CA1_so_WGCNA_#969696_sensitivity_flagged_repl.svg",".svg","analysis/wgcna/score_module_activity.R","score_module_activity.R:3343/3357","template module_score_<rl>_<mod>_<analysis_label>.svg; unique prefix match against vocabulary harvested from well-formed siblings; content signature = svg, within the writer's emitted formats (svg)","ebf7e3481d1ced0dde69202275baf9c052bc8e404e0577b9f0bcec66375b0ae8",7520,FALSE,"becomes discoverable","rename_in_place"
"results/figures/06_modules_WGCNA/module_score/neuron_neuropil/wgcna/module_group_scores/sensitivity_flagged_replicates_removed/module_score_CA1_so_WGCNA_#9E9AC8_sensitivity_flagged_replicat","results/figures/06_modules_WGCNA/module_score/neuron_neuropil/wgcna/module_group_scores/sensitivity_flagged_replicates_removed/module_score_CA1_so_WGCNA_#9E9AC8_sensitivity_flagged_repl.svg",".svg","analysis/wgcna/score_module_activity.R","score_module_activity.R:3343/3357","template module_score_<rl>_<mod>_<analysis_label>.svg; unique prefix match against vocabulary harvested from well-formed siblings; content signature = svg, within the writer's emitted formats (svg)","270617246d90d818df2fb31da6412b022d7afb4789a458ca6c57d3d71a4a2e21",7531,FALSE,"becomes discoverable","rename_in_place"
"results/figures/06_modules_WGCNA/module_score/neuron_neuropil/wgcna/module_group_scores/sensitivity_flagged_replicates_removed/module_score_CA1_so_WGCNA_#BF812D_sensitivity_flagged_replicat","results/figures/06_modules_WGCNA/module_score/neuron_neuropil/wgcna/module_group_scores/sensitivity_flagged_replicates_removed/module_score_CA1_so_WGCNA_#BF812D_sensitivity_flagged_repl.svg",".svg","analysis/wgcna/score_module_activity.R","score_module_activity.R:3343/3357","template module_score_<rl>_<mod>_<analysis_label>.svg; unique prefix match against vocabulary harvested from well-formed siblings; content signature = svg, within the writer's emitted formats (svg)","ee11c44f53a68acddfc46cb219be26e210ced4b4240c0a2198926ff005ebd530",8222,FALSE,"becomes discoverable","rename_in_place"
"results/figures/06_modules_WGCNA/module_score/neuron_neuropil/wgcna/module_group_scores/sensitivity_flagged_replicates_removed/module_score_CA1_so_WGCNA_#DE2D26_sensitivity_flagged_replicat","results/figures/06_modules_WGCNA/module_score/neuron_neuropil/wgcna/module_group_scores/sensitivity_flagged_replicates_removed/module_score_CA1_so_WGCNA_#DE2D26_sensitivity_flagged_repl.svg",".svg","analysis/wgcna/score_module_activity.R","score_module_activity.R:3343/3357","template module_score_<rl>_<mod>_<analysis_label>.svg; unique prefix match against vocabulary harvested from well-formed siblings; content signature = svg, within the writer's emitted formats (svg)","fa42c79d79747a0b8c50bbd8eb47aebf6033aa5587d7c7f4689f8f578816a38f",7361,FALSE,"becomes discoverable","rename_in_place"
"results/figures/06_modules_WGCNA/module_score/neuron_neuropil/wgcna/module_group_scores/sensitivity_flagged_replicates_removed/module_score_CA1_so_WGCNA_#FB6A4A_sensitivity_flagged_replicat","results/figures/06_modules_WGCNA/module_score/neuron_neuropil/wgcna/module_group_scores/sensitivity_flagged_replicates_removed/module_score_CA1_so_WGCNA_#FB6A4A_sensitivity_flagged_repl.svg",".svg","analysis/wgcna/score_module_activity.R","score_module_activity.R:3343/3357","template module_score_<rl>_<mod>_<analysis_label>.svg; unique prefix match against vocabulary harvested from well-formed siblings; content signature = svg, within the writer's emitted formats (svg)","5fced53572a476f3919fa60e8b3f29048f12e23b413ed0a562ff5c98591baf16",7757,FALSE,"becomes discoverable","rename_in_place"
"results/figures/06_modules_WGCNA/module_score/neuron_neuropil/wgcna/module_group_scores/sensitivity_flagged_replicates_removed/module_score_CA1_sr_WGCNA_#006D2C_sensitivity_flagged_replicat","results/figures/06_modules_WGCNA/module_score/neuron_neuropil/wgcna/module_group_scores/sensitivity_flagged_replicates_removed/module_score_CA1_sr_WGCNA_#006D2C_sensitivity_flagged_repl.svg",".svg","analysis/wgcna/score_module_activity.R","score_module_activity.R:3343/3357","template module_score_<rl>_<mod>_<analysis_label>.svg; unique prefix match against vocabulary harvested from well-formed siblings; content signature = svg, within the writer's emitted formats (svg)","a37dfa37d020d60d185223686413f6953e7b9b3879d3f52c7e1b1126759ffd51",7642,FALSE,"becomes discoverable","rename_in_place"
"results/figures/06_modules_WGCNA/module_score/neuron_neuropil/wgcna/module_group_scores/sensitivity_flagged_replicates_removed/module_score_CA1_sr_WGCNA_#08519C_sensitivity_flagged_replicat","results/figures/06_modules_WGCNA/module_score/neuron_neuropil/wgcna/module_group_scores/sensitivity_flagged_replicates_removed/module_score_CA1_sr_WGCNA_#08519C_sensitivity_flagged_repl.svg",".svg","analysis/wgcna/score_module_activity.R","score_module_activity.R:3343/3357","template module_score_<rl>_<mod>_<analysis_label>.svg; unique prefix match against vocabulary harvested from well-formed siblings; content signature = svg, within the writer's emitted formats (svg)","2d28b1876c4d6cfe1b262e9aff2bb3e789e4666b6bae32ce8778d10d3a43a12d",7657,FALSE,"becomes discoverable","rename_in_place"
"results/figures/06_modules_WGCNA/module_score/neuron_neuropil/wgcna/module_group_scores/sensitivity_flagged_replicates_removed/module_score_CA1_sr_WGCNA_#238B45_sensitivity_flagged_replicat","results/figures/06_modules_WGCNA/module_score/neuron_neuropil/wgcna/module_group_scores/sensitivity_flagged_replicates_removed/module_score_CA1_sr_WGCNA_#238B45_sensitivity_flagged_repl.svg",".svg","analysis/wgcna/score_module_activity.R","score_module_activity.R:3343/3357","template module_score_<rl>_<mod>_<analysis_label>.svg; unique prefix match against vocabulary harvested from well-formed siblings; content signature = svg, within the writer's emitted formats (svg)","41e0f14fb874b7e3cada59d82b7305c8917775b9df2d231a885a530ff663c67f",7245,FALSE,"becomes discoverable","rename_in_place"
"results/figures/06_modules_WGCNA/module_score/neuron_neuropil/wgcna/module_group_scores/sensitivity_flagged_replicates_removed/module_score_CA1_sr_WGCNA_#2B8CBE_sensitivity_flagged_replicat","results/figures/06_modules_WGCNA/module_score/neuron_neuropil/wgcna/module_group_scores/sensitivity_flagged_replicates_removed/module_score_CA1_sr_WGCNA_#2B8CBE_sensitivity_flagged_repl.svg",".svg","analysis/wgcna/score_module_activity.R","score_module_activity.R:3343/3357","template module_score_<rl>_<mod>_<analysis_label>.svg; unique prefix match against vocabulary harvested from well-formed siblings; content signature = svg, within the writer's emitted formats (svg)","6fde974ede6c3d44130a20d15d3a548f7be889baf451289e99e0d62277abd476",7474,FALSE,"becomes discoverable","rename_in_place"
"results/figures/06_modules_WGCNA/module_score/neuron_neuropil/wgcna/module_group_scores/sensitivity_flagged_replicates_removed/module_score_CA1_sr_WGCNA_#3F007D_sensitivity_flagged_replicat","results/figures/06_modules_WGCNA/module_score/neuron_neuropil/wgcna/module_group_scores/sensitivity_flagged_replicates_removed/module_score_CA1_sr_WGCNA_#3F007D_sensitivity_flagged_repl.svg",".svg","analysis/wgcna/score_module_activity.R","score_module_activity.R:3343/3357","template module_score_<rl>_<mod>_<analysis_label>.svg; unique prefix match against vocabulary harvested from well-formed siblings; content signature = svg, within the writer's emitted formats (svg)","0c88931dd2d8c8a4cde0f40d1c25c59f83395634ca00d0bd1afdb2c8333cc585",7488,FALSE,"becomes discoverable","rename_in_place"
"results/figures/06_modules_WGCNA/module_score/neuron_neuropil/wgcna/module_group_scores/sensitivity_flagged_replicates_removed/module_score_CA1_sr_WGCNA_#4D4D4D_sensitivity_flagged_replicat","results/figures/06_modules_WGCNA/module_score/neuron_neuropil/wgcna/module_group_scores/sensitivity_flagged_replicates_removed/module_score_CA1_sr_WGCNA_#4D4D4D_sensitivity_flagged_repl.svg",".svg","analysis/wgcna/score_module_activity.R","score_module_activity.R:3343/3357","template module_score_<rl>_<mod>_<analysis_label>.svg; unique prefix match against vocabulary harvested from well-formed siblings; content signature = svg, within the writer's emitted formats (svg)","4f959c76a27e08f418eab3875d6b64e454a8128ddb8689d575716e1b08756867",7483,FALSE,"becomes discoverable","rename_in_place"
"results/figures/06_modules_WGCNA/module_score/neuron_neuropil/wgcna/module_group_scores/sensitivity_flagged_replicates_removed/module_score_CA1_sr_WGCNA_#737373_sensitivity_flagged_replicat","results/figures/06_modules_WGCNA/module_score/neuron_neuropil/wgcna/module_group_scores/sensitivity_flagged_replicates_removed/module_score_CA1_sr_WGCNA_#737373_sensitivity_flagged_repl.svg",".svg","analysis/wgcna/score_module_activity.R","score_module_activity.R:3343/3357","template module_score_<rl>_<mod>_<analysis_label>.svg; unique prefix match against vocabulary harvested from well-formed siblings; content signature = svg, within the writer's emitted formats (svg)","062fff496187f4d5a09a5fca90a120d7018a9f89d820cade40ca9a2f07db6d96",7641,FALSE,"becomes discoverable","rename_in_place"
"results/figures/06_modules_WGCNA/module_score/neuron_neuropil/wgcna/module_group_scores/sensitivity_flagged_replicates_removed/module_score_CA1_sr_WGCNA_#74C476_sensitivity_flagged_replicat","results/figures/06_modules_WGCNA/module_score/neuron_neuropil/wgcna/module_group_scores/sensitivity_flagged_replicates_removed/module_score_CA1_sr_WGCNA_#74C476_sensitivity_flagged_repl.svg",".svg","analysis/wgcna/score_module_activity.R","score_module_activity.R:3343/3357","template module_score_<rl>_<mod>_<analysis_label>.svg; unique prefix match against vocabulary harvested from well-formed siblings; content signature = svg, within the writer's emitted formats (svg)","986bed956f25b48bfcd84782d6a8b399c6aeddf48da2697f0428d480da41ab7e",7950,FALSE,"becomes discoverable","rename_in_place"
"results/figures/06_modules_WGCNA/module_score/neuron_neuropil/wgcna/module_group_scores/sensitivity_flagged_replicates_removed/module_score_CA1_sr_WGCNA_#756BB1_sensitivity_flagged_replicat","results/figures/06_modules_WGCNA/module_score/neuron_neuropil/wgcna/module_group_scores/sensitivity_flagged_replicates_removed/module_score_CA1_sr_WGCNA_#756BB1_sensitivity_flagged_repl.svg",".svg","analysis/wgcna/score_module_activity.R","score_module_activity.R:3343/3357","template module_score_<rl>_<mod>_<analysis_label>.svg; unique prefix match against vocabulary harvested from well-formed siblings; content signature = svg, within the writer's emitted formats (svg)","9a86205a229e207fa6f3006683dac597cc98b179968440696e3168e7af5343ff",7353,FALSE,"becomes discoverable","rename_in_place"
"results/figures/06_modules_WGCNA/module_score/neuron_neuropil/wgcna/module_group_scores/sensitivity_flagged_replicates_removed/module_score_CA1_sr_WGCNA_#969696_sensitivity_flagged_replicat","results/figures/06_modules_WGCNA/module_score/neuron_neuropil/wgcna/module_group_scores/sensitivity_flagged_replicates_removed/module_score_CA1_sr_WGCNA_#969696_sensitivity_flagged_repl.svg",".svg","analysis/wgcna/score_module_activity.R","score_module_activity.R:3343/3357","template module_score_<rl>_<mod>_<analysis_label>.svg; unique prefix match against vocabulary harvested from well-formed siblings; content signature = svg, within the writer's emitted formats (svg)","79b10e7202d405f7149d178e5784eb160efede9db1e09dad59b99d4c1277b4e0",7061,FALSE,"becomes discoverable","rename_in_place"
"results/figures/06_modules_WGCNA/module_score/neuron_neuropil/wgcna/module_group_scores/sensitivity_flagged_replicates_removed/module_score_CA1_sr_WGCNA_#9E9AC8_sensitivity_flagged_replicat","results/figures/06_modules_WGCNA/module_score/neuron_neuropil/wgcna/module_group_scores/sensitivity_flagged_replicates_removed/module_score_CA1_sr_WGCNA_#9E9AC8_sensitivity_flagged_repl.svg",".svg","analysis/wgcna/score_module_activity.R","score_module_activity.R:3343/3357","template module_score_<rl>_<mod>_<analysis_label>.svg; unique prefix match against vocabulary harvested from well-formed siblings; content signature = svg, within the writer's emitted formats (svg)","b25514fdacc31dde45ac0db31c271808df4c80197e6e45106c9252d78ad55d28",7764,FALSE,"becomes discoverable","rename_in_place"
"results/figures/06_modules_WGCNA/module_score/neuron_neuropil/wgcna/module_group_scores/sensitivity_flagged_replicates_removed/module_score_CA1_sr_WGCNA_#BF812D_sensitivity_flagged_replicat","results/figures/06_modules_WGCNA/module_score/neuron_neuropil/wgcna/module_group_scores/sensitivity_flagged_replicates_removed/module_score_CA1_sr_WGCNA_#BF812D_sensitivity_flagged_repl.svg",".svg","analysis/wgcna/score_module_activity.R","score_module_activity.R:3343/3357","template module_score_<rl>_<mod>_<analysis_label>.svg; unique prefix match against vocabulary harvested from well-formed siblings; content signature = svg, within the writer's emitted formats (svg)","a830eb4e4cebb24dfb7565bf04988789c2469716e54123440c65a146348594de",7523,FALSE,"becomes discoverable","rename_in_place"
"results/figures/06_modules_WGCNA/module_score/neuron_neuropil/wgcna/module_group_scores/sensitivity_flagged_replicates_removed/module_score_CA1_sr_WGCNA_#DE2D26_sensitivity_flagged_replicat","results/figures/06_modules_WGCNA/module_score/neuron_neuropil/wgcna/module_group_scores/sensitivity_flagged_replicates_removed/module_score_CA1_sr_WGCNA_#DE2D26_sensitivity_flagged_repl.svg",".svg","analysis/wgcna/score_module_activity.R","score_module_activity.R:3343/3357","template module_score_<rl>_<mod>_<analysis_label>.svg; unique prefix match against vocabulary harvested from well-formed siblings; content signature = svg, within the writer's emitted formats (svg)","cb0c82b716f5af71f22811214fd52cfe45887537b5e84dce730af17d00a5010e",7369,FALSE,"becomes discoverable","rename_in_place"
"results/figures/06_modules_WGCNA/module_score/neuron_neuropil/wgcna/module_group_scores/sensitivity_flagged_replicates_removed/module_score_CA1_sr_WGCNA_#FB6A4A_sensitivity_flagged_replicat","results/figures/06_modules_WGCNA/module_score/neuron_neuropil/wgcna/module_group_scores/sensitivity_flagged_replicates_removed/module_score_CA1_sr_WGCNA_#FB6A4A_sensitivity_flagged_repl.svg",".svg","analysis/wgcna/score_module_activity.R","score_module_activity.R:3343/3357","template module_score_<rl>_<mod>_<analysis_label>.svg; unique prefix match against vocabulary harvested from well-formed siblings; content signature = svg, within the writer's emitted formats (svg)","f01a34b0ea732b1b2234c6cd1fbc54f285cf3899d68fe61688ea9b036ed6c129",7345,FALSE,"becomes discoverable","rename_in_place"
"results/figures/06_modules_WGCNA/module_score/neuron_neuropil/wgcna/module_group_scores/sensitivity_flagged_replicates_removed/module_score_CA2_slm_WGCNA_#006D2C_sensitivity_flagged_replica","results/figures/06_modules_WGCNA/module_score/neuron_neuropil/wgcna/module_group_scores/sensitivity_flagged_replicates_removed/module_score_CA2_slm_WGCNA_#006D2C_sensitivity_flagged_rep.svg",".svg","analysis/wgcna/score_module_activity.R","score_module_activity.R:3343/3357","template module_score_<rl>_<mod>_<analysis_label>.svg; unique prefix match against vocabulary harvested from well-formed siblings; content signature = svg, within the writer's emitted formats (svg)","8793a6da6951100b926c4aa890e3e21fd9642357ac1d9a820d65e63284e6727a",7348,FALSE,"becomes discoverable","rename_in_place"
"results/figures/06_modules_WGCNA/module_score/neuron_neuropil/wgcna/module_group_scores/sensitivity_flagged_replicates_removed/module_score_CA2_slm_WGCNA_#08519C_sensitivity_flagged_replica","results/figures/06_modules_WGCNA/module_score/neuron_neuropil/wgcna/module_group_scores/sensitivity_flagged_replicates_removed/module_score_CA2_slm_WGCNA_#08519C_sensitivity_flagged_rep.svg",".svg","analysis/wgcna/score_module_activity.R","score_module_activity.R:3343/3357","template module_score_<rl>_<mod>_<analysis_label>.svg; unique prefix match against vocabulary harvested from well-formed siblings; content signature = svg, within the writer's emitted formats (svg)","70b26237881124ab8cbe4d0a09694d5525069dff5a417dbd9e3220ec516df98a",7932,FALSE,"becomes discoverable","rename_in_place"
"results/figures/06_modules_WGCNA/module_score/neuron_neuropil/wgcna/module_group_scores/sensitivity_flagged_replicates_removed/module_score_CA2_slm_WGCNA_#238B45_sensitivity_flagged_replica","results/figures/06_modules_WGCNA/module_score/neuron_neuropil/wgcna/module_group_scores/sensitivity_flagged_replicates_removed/module_score_CA2_slm_WGCNA_#238B45_sensitivity_flagged_rep.svg",".svg","analysis/wgcna/score_module_activity.R","score_module_activity.R:3343/3357","template module_score_<rl>_<mod>_<analysis_label>.svg; unique prefix match against vocabulary harvested from well-formed siblings; content signature = svg, within the writer's emitted formats (svg)","1fd8ede8f0cac177720c52927fa9c4ee3880e565c0f4d4d96494ff5f113a8079",7920,FALSE,"becomes discoverable","rename_in_place"
"results/figures/06_modules_WGCNA/module_score/neuron_neuropil/wgcna/module_group_scores/sensitivity_flagged_replicates_removed/module_score_CA2_slm_WGCNA_#2B8CBE_sensitivity_flagged_replica","results/figures/06_modules_WGCNA/module_score/neuron_neuropil/wgcna/module_group_scores/sensitivity_flagged_replicates_removed/module_score_CA2_slm_WGCNA_#2B8CBE_sensitivity_flagged_rep.svg",".svg","analysis/wgcna/score_module_activity.R","score_module_activity.R:3343/3357","template module_score_<rl>_<mod>_<analysis_label>.svg; unique prefix match against vocabulary harvested from well-formed siblings; content signature = svg, within the writer's emitted formats (svg)","60e7e9c3917e513c564b7a1de13e5447fcb240a9daa53c38eb11aeb21fe2ffae",7625,FALSE,"becomes discoverable","rename_in_place"
"results/figures/06_modules_WGCNA/module_score/neuron_neuropil/wgcna/module_group_scores/sensitivity_flagged_replicates_removed/module_score_CA2_slm_WGCNA_#3F007D_sensitivity_flagged_replica","results/figures/06_modules_WGCNA/module_score/neuron_neuropil/wgcna/module_group_scores/sensitivity_flagged_replicates_removed/module_score_CA2_slm_WGCNA_#3F007D_sensitivity_flagged_rep.svg",".svg","analysis/wgcna/score_module_activity.R","score_module_activity.R:3343/3357","template module_score_<rl>_<mod>_<analysis_label>.svg; unique prefix match against vocabulary harvested from well-formed siblings; content signature = svg, within the writer's emitted formats (svg)","f7b278c4aef9081318c31d7235b2563e92f5b727f21b97d94b045b9416d3a231",7637,FALSE,"becomes discoverable","rename_in_place"
"results/figures/06_modules_WGCNA/module_score/neuron_neuropil/wgcna/module_group_scores/sensitivity_flagged_replicates_removed/module_score_CA2_slm_WGCNA_#4D4D4D_sensitivity_flagged_replica","results/figures/06_modules_WGCNA/module_score/neuron_neuropil/wgcna/module_group_scores/sensitivity_flagged_replicates_removed/module_score_CA2_slm_WGCNA_#4D4D4D_sensitivity_flagged_rep.svg",".svg","analysis/wgcna/score_module_activity.R","score_module_activity.R:3343/3357","template module_score_<rl>_<mod>_<analysis_label>.svg; unique prefix match against vocabulary harvested from well-formed siblings; content signature = svg, within the writer's emitted formats (svg)","33000bad6b00c4e58d762887bd565b5da7a0cb5b30593c838c3d321d9c3eb88c",7215,FALSE,"becomes discoverable","rename_in_place"
"results/figures/06_modules_WGCNA/module_score/neuron_neuropil/wgcna/module_group_scores/sensitivity_flagged_replicates_removed/module_score_CA2_slm_WGCNA_#737373_sensitivity_flagged_replica","results/figures/06_modules_WGCNA/module_score/neuron_neuropil/wgcna/module_group_scores/sensitivity_flagged_replicates_removed/module_score_CA2_slm_WGCNA_#737373_sensitivity_flagged_rep.svg",".svg","analysis/wgcna/score_module_activity.R","score_module_activity.R:3343/3357","template module_score_<rl>_<mod>_<analysis_label>.svg; unique prefix match against vocabulary harvested from well-formed siblings; content signature = svg, within the writer's emitted formats (svg)","eb6efb5f496ec15ef41746d721fc39379acf5e54aa08072c425fd7391e8e24b3",7649,FALSE,"becomes discoverable","rename_in_place"
"results/figures/06_modules_WGCNA/module_score/neuron_neuropil/wgcna/module_group_scores/sensitivity_flagged_replicates_removed/module_score_CA2_slm_WGCNA_#74C476_sensitivity_flagged_replica","results/figures/06_modules_WGCNA/module_score/neuron_neuropil/wgcna/module_group_scores/sensitivity_flagged_replicates_removed/module_score_CA2_slm_WGCNA_#74C476_sensitivity_flagged_rep.svg",".svg","analysis/wgcna/score_module_activity.R","score_module_activity.R:3343/3357","template module_score_<rl>_<mod>_<analysis_label>.svg; unique prefix match against vocabulary harvested from well-formed siblings; content signature = svg, within the writer's emitted formats (svg)","3aef90c615764c69bb3f98408b20bdb5b71a495163506dfce42c193da7acd7d6",7340,FALSE,"becomes discoverable","rename_in_place"
"results/figures/06_modules_WGCNA/module_score/neuron_neuropil/wgcna/module_group_scores/sensitivity_flagged_replicates_removed/module_score_CA2_slm_WGCNA_#756BB1_sensitivity_flagged_replica","results/figures/06_modules_WGCNA/module_score/neuron_neuropil/wgcna/module_group_scores/sensitivity_flagged_replicates_removed/module_score_CA2_slm_WGCNA_#756BB1_sensitivity_flagged_rep.svg",".svg","analysis/wgcna/score_module_activity.R","score_module_activity.R:3343/3357","template module_score_<rl>_<mod>_<analysis_label>.svg; unique prefix match against vocabulary harvested from well-formed siblings; content signature = svg, within the writer's emitted formats (svg)","8fd2595e9ef46638ac896031ac9afcb9e88cdfc5967bcd14ecbaecbbccd60d4b",7715,FALSE,"becomes discoverable","rename_in_place"
"results/figures/06_modules_WGCNA/module_score/neuron_neuropil/wgcna/module_group_scores/sensitivity_flagged_replicates_removed/module_score_CA2_slm_WGCNA_#969696_sensitivity_flagged_replica","results/figures/06_modules_WGCNA/module_score/neuron_neuropil/wgcna/module_group_scores/sensitivity_flagged_replicates_removed/module_score_CA2_slm_WGCNA_#969696_sensitivity_flagged_rep.svg",".svg","analysis/wgcna/score_module_activity.R","score_module_activity.R:3343/3357","template module_score_<rl>_<mod>_<analysis_label>.svg; unique prefix match against vocabulary harvested from well-formed siblings; content signature = svg, within the writer's emitted formats (svg)","e61c34c9a50595d6a3ff7c60c65097467a34876b9b5ff7ac25fd2be64b0ecead",7230,FALSE,"becomes discoverable","rename_in_place"
"results/figures/06_modules_WGCNA/module_score/neuron_neuropil/wgcna/module_group_scores/sensitivity_flagged_replicates_removed/module_score_CA2_slm_WGCNA_#9E9AC8_sensitivity_flagged_replica","results/figures/06_modules_WGCNA/module_score/neuron_neuropil/wgcna/module_group_scores/sensitivity_flagged_replicates_removed/module_score_CA2_slm_WGCNA_#9E9AC8_sensitivity_flagged_rep.svg",".svg","analysis/wgcna/score_module_activity.R","score_module_activity.R:3343/3357","template module_score_<rl>_<mod>_<analysis_label>.svg; unique prefix match against vocabulary harvested from well-formed siblings; content signature = svg, within the writer's emitted formats (svg)","4534f9fe6705c9317af4a4127d4b2f08204b7193f0c089e014236c6811f6b3fc",7352,FALSE,"becomes discoverable","rename_in_place"
"results/figures/06_modules_WGCNA/module_score/neuron_neuropil/wgcna/module_group_scores/sensitivity_flagged_replicates_removed/module_score_CA2_slm_WGCNA_#BF812D_sensitivity_flagged_replica","results/figures/06_modules_WGCNA/module_score/neuron_neuropil/wgcna/module_group_scores/sensitivity_flagged_replicates_removed/module_score_CA2_slm_WGCNA_#BF812D_sensitivity_flagged_rep.svg",".svg","analysis/wgcna/score_module_activity.R","score_module_activity.R:3343/3357","template module_score_<rl>_<mod>_<analysis_label>.svg; unique prefix match against vocabulary harvested from well-formed siblings; content signature = svg, within the writer's emitted formats (svg)","02f08d021dc9cfffc7d7a1de550daac6053d356604d95d694c0e55c4d654fd25",8063,FALSE,"becomes discoverable","rename_in_place"
"results/figures/06_modules_WGCNA/module_score/neuron_neuropil/wgcna/module_group_scores/sensitivity_flagged_replicates_removed/module_score_CA2_slm_WGCNA_#DE2D26_sensitivity_flagged_replica","results/figures/06_modules_WGCNA/module_score/neuron_neuropil/wgcna/module_group_scores/sensitivity_flagged_replicates_removed/module_score_CA2_slm_WGCNA_#DE2D26_sensitivity_flagged_rep.svg",".svg","analysis/wgcna/score_module_activity.R","score_module_activity.R:3343/3357","template module_score_<rl>_<mod>_<analysis_label>.svg; unique prefix match against vocabulary harvested from well-formed siblings; content signature = svg, within the writer's emitted formats (svg)","bf127b2e8d39f75daef3ab2c028d8464d7bdd867b1892f86466c10de93588057",7507,FALSE,"becomes discoverable","rename_in_place"
"results/figures/06_modules_WGCNA/module_score/neuron_neuropil/wgcna/module_group_scores/sensitivity_flagged_replicates_removed/module_score_CA2_slm_WGCNA_#FB6A4A_sensitivity_flagged_replica","results/figures/06_modules_WGCNA/module_score/neuron_neuropil/wgcna/module_group_scores/sensitivity_flagged_replicates_removed/module_score_CA2_slm_WGCNA_#FB6A4A_sensitivity_flagged_rep.svg",".svg","analysis/wgcna/score_module_activity.R","score_module_activity.R:3343/3357","template module_score_<rl>_<mod>_<analysis_label>.svg; unique prefix match against vocabulary harvested from well-formed siblings; content signature = svg, within the writer's emitted formats (svg)","595737ceda2d8e7ba55b6a4e7c95cd39dae116deb27c4470a69820c4093b2d73",7628,FALSE,"becomes discoverable","rename_in_place"
"results/figures/06_modules_WGCNA/module_score/neuron_neuropil/wgcna/module_group_scores/sensitivity_flagged_replicates_removed/module_score_CA2_so_WGCNA_#006D2C_sensitivity_flagged_replicat","results/figures/06_modules_WGCNA/module_score/neuron_neuropil/wgcna/module_group_scores/sensitivity_flagged_replicates_removed/module_score_CA2_so_WGCNA_#006D2C_sensitivity_flagged_repl.svg",".svg","analysis/wgcna/score_module_activity.R","score_module_activity.R:3343/3357","template module_score_<rl>_<mod>_<analysis_label>.svg; unique prefix match against vocabulary harvested from well-formed siblings; content signature = svg, within the writer's emitted formats (svg)","d026d5a62dfdf5b8b28a59e553188e7d6740857390a64c9dc11eca1b079b490c",7106,FALSE,"becomes discoverable","rename_in_place"
"results/figures/06_modules_WGCNA/module_score/neuron_neuropil/wgcna/module_group_scores/sensitivity_flagged_replicates_removed/module_score_CA2_so_WGCNA_#08519C_sensitivity_flagged_replicat","results/figures/06_modules_WGCNA/module_score/neuron_neuropil/wgcna/module_group_scores/sensitivity_flagged_replicates_removed/module_score_CA2_so_WGCNA_#08519C_sensitivity_flagged_repl.svg",".svg","analysis/wgcna/score_module_activity.R","score_module_activity.R:3343/3357","template module_score_<rl>_<mod>_<analysis_label>.svg; unique prefix match against vocabulary harvested from well-formed siblings; content signature = svg, within the writer's emitted formats (svg)","b4eb2c9f2caed1878bdef4e55124e801ffc09d808251391cc8b7c5fc7a83566d",7346,FALSE,"becomes discoverable","rename_in_place"
"results/figures/06_modules_WGCNA/module_score/neuron_neuropil/wgcna/module_group_scores/sensitivity_flagged_replicates_removed/module_score_CA2_so_WGCNA_#238B45_sensitivity_flagged_replicat","results/figures/06_modules_WGCNA/module_score/neuron_neuropil/wgcna/module_group_scores/sensitivity_flagged_replicates_removed/module_score_CA2_so_WGCNA_#238B45_sensitivity_flagged_repl.svg",".svg","analysis/wgcna/score_module_activity.R","score_module_activity.R:3343/3357","template module_score_<rl>_<mod>_<analysis_label>.svg; unique prefix match against vocabulary harvested from well-formed siblings; content signature = svg, within the writer's emitted formats (svg)","f48515295500a2086dbe679d14004e932ff240cd0f09dc8b81dc8ff33f0673d1",7466,FALSE,"becomes discoverable","rename_in_place"
"results/figures/06_modules_WGCNA/module_score/neuron_neuropil/wgcna/module_group_scores/sensitivity_flagged_replicates_removed/module_score_CA2_so_WGCNA_#2B8CBE_sensitivity_flagged_replicat","results/figures/06_modules_WGCNA/module_score/neuron_neuropil/wgcna/module_group_scores/sensitivity_flagged_replicates_removed/module_score_CA2_so_WGCNA_#2B8CBE_sensitivity_flagged_repl.svg",".svg","analysis/wgcna/score_module_activity.R","score_module_activity.R:3343/3357","template module_score_<rl>_<mod>_<analysis_label>.svg; unique prefix match against vocabulary harvested from well-formed siblings; content signature = svg, within the writer's emitted formats (svg)","1346d389fc6ac51b47a1352630046df4c62bbf183225abd6bdb55847d9100d7c",7533,FALSE,"becomes discoverable","rename_in_place"
"results/figures/06_modules_WGCNA/module_score/neuron_neuropil/wgcna/module_group_scores/sensitivity_flagged_replicates_removed/module_score_CA2_so_WGCNA_#3F007D_sensitivity_flagged_replicat","results/figures/06_modules_WGCNA/module_score/neuron_neuropil/wgcna/module_group_scores/sensitivity_flagged_replicates_removed/module_score_CA2_so_WGCNA_#3F007D_sensitivity_flagged_repl.svg",".svg","analysis/wgcna/score_module_activity.R","score_module_activity.R:3343/3357","template module_score_<rl>_<mod>_<analysis_label>.svg; unique prefix match against vocabulary harvested from well-formed siblings; content signature = svg, within the writer's emitted formats (svg)","2312f40cb823508fcc06a3fdd4abecc5179cd73c4e22f933bfead7da3cf365c3",7757,FALSE,"becomes discoverable","rename_in_place"
"results/figures/06_modules_WGCNA/module_score/neuron_neuropil/wgcna/module_group_scores/sensitivity_flagged_replicates_removed/module_score_CA2_so_WGCNA_#4D4D4D_sensitivity_flagged_replicat","results/figures/06_modules_WGCNA/module_score/neuron_neuropil/wgcna/module_group_scores/sensitivity_flagged_replicates_removed/module_score_CA2_so_WGCNA_#4D4D4D_sensitivity_flagged_repl.svg",".svg","analysis/wgcna/score_module_activity.R","score_module_activity.R:3343/3357","template module_score_<rl>_<mod>_<analysis_label>.svg; unique prefix match against vocabulary harvested from well-formed siblings; content signature = svg, within the writer's emitted formats (svg)","a5e9b0549825bb4c60935d5bf8f7198336d60bfe4a383defeef7e835dd3d12e9",7238,FALSE,"becomes discoverable","rename_in_place"
"results/figures/06_modules_WGCNA/module_score/neuron_neuropil/wgcna/module_group_scores/sensitivity_flagged_replicates_removed/module_score_CA2_so_WGCNA_#737373_sensitivity_flagged_replicat","results/figures/06_modules_WGCNA/module_score/neuron_neuropil/wgcna/module_group_scores/sensitivity_flagged_replicates_removed/module_score_CA2_so_WGCNA_#737373_sensitivity_flagged_repl.svg",".svg","analysis/wgcna/score_module_activity.R","score_module_activity.R:3343/3357","template module_score_<rl>_<mod>_<analysis_label>.svg; unique prefix match against vocabulary harvested from well-formed siblings; content signature = svg, within the writer's emitted formats (svg)","b55891fc6c27071815ab70329bb71d777f94b3cd5a819a65657e9649ce410076",8070,FALSE,"becomes discoverable","rename_in_place"
"results/figures/06_modules_WGCNA/module_score/neuron_neuropil/wgcna/module_group_scores/sensitivity_flagged_replicates_removed/module_score_CA2_so_WGCNA_#74C476_sensitivity_flagged_replicat","results/figures/06_modules_WGCNA/module_score/neuron_neuropil/wgcna/module_group_scores/sensitivity_flagged_replicates_removed/module_score_CA2_so_WGCNA_#74C476_sensitivity_flagged_repl.svg",".svg","analysis/wgcna/score_module_activity.R","score_module_activity.R:3343/3357","template module_score_<rl>_<mod>_<analysis_label>.svg; unique prefix match against vocabulary harvested from well-formed siblings; content signature = svg, within the writer's emitted formats (svg)","d5cdc9caf3037cfa8c0b2dcda37f24d1415ad3290c00dd023fa78335b4d609bd",7343,FALSE,"becomes discoverable","rename_in_place"
"results/figures/06_modules_WGCNA/module_score/neuron_neuropil/wgcna/module_group_scores/sensitivity_flagged_replicates_removed/module_score_CA2_so_WGCNA_#756BB1_sensitivity_flagged_replicat","results/figures/06_modules_WGCNA/module_score/neuron_neuropil/wgcna/module_group_scores/sensitivity_flagged_replicates_removed/module_score_CA2_so_WGCNA_#756BB1_sensitivity_flagged_repl.svg",".svg","analysis/wgcna/score_module_activity.R","score_module_activity.R:3343/3357","template module_score_<rl>_<mod>_<analysis_label>.svg; unique prefix match against vocabulary harvested from well-formed siblings; content signature = svg, within the writer's emitted formats (svg)","ff9d6dec1e02781aad2a46ddf3d1a1300975b0595fc17256232a47494c57fb6b",7638,FALSE,"becomes discoverable","rename_in_place"
"results/figures/06_modules_WGCNA/module_score/neuron_neuropil/wgcna/module_group_scores/sensitivity_flagged_replicates_removed/module_score_CA2_so_WGCNA_#969696_sensitivity_flagged_replicat","results/figures/06_modules_WGCNA/module_score/neuron_neuropil/wgcna/module_group_scores/sensitivity_flagged_replicates_removed/module_score_CA2_so_WGCNA_#969696_sensitivity_flagged_repl.svg",".svg","analysis/wgcna/score_module_activity.R","score_module_activity.R:3343/3357","template module_score_<rl>_<mod>_<analysis_label>.svg; unique prefix match against vocabulary harvested from well-formed siblings; content signature = svg, within the writer's emitted formats (svg)","a2900443152151aa57f34c865ccc4d1e0504861ac36924203deaeb12aa914b61",7349,FALSE,"becomes discoverable","rename_in_place"
"results/figures/06_modules_WGCNA/module_score/neuron_neuropil/wgcna/module_group_scores/sensitivity_flagged_replicates_removed/module_score_CA2_so_WGCNA_#9E9AC8_sensitivity_flagged_replicat","results/figures/06_modules_WGCNA/module_score/neuron_neuropil/wgcna/module_group_scores/sensitivity_flagged_replicates_removed/module_score_CA2_so_WGCNA_#9E9AC8_sensitivity_flagged_repl.svg",".svg","analysis/wgcna/score_module_activity.R","score_module_activity.R:3343/3357","template module_score_<rl>_<mod>_<analysis_label>.svg; unique prefix match against vocabulary harvested from well-formed siblings; content signature = svg, within the writer's emitted formats (svg)","066afc1b25001cb52fe2de8b8f59b101adf07468f6dc1f6888c549704fdb900d",7361,FALSE,"becomes discoverable","rename_in_place"
"results/figures/06_modules_WGCNA/module_score/neuron_neuropil/wgcna/module_group_scores/sensitivity_flagged_replicates_removed/module_score_CA2_so_WGCNA_#BF812D_sensitivity_flagged_replicat","results/figures/06_modules_WGCNA/module_score/neuron_neuropil/wgcna/module_group_scores/sensitivity_flagged_replicates_removed/module_score_CA2_so_WGCNA_#BF812D_sensitivity_flagged_repl.svg",".svg","analysis/wgcna/score_module_activity.R","score_module_activity.R:3343/3357","template module_score_<rl>_<mod>_<analysis_label>.svg; unique prefix match against vocabulary harvested from well-formed siblings; content signature = svg, within the writer's emitted formats (svg)","558203aeb5ae3da8ca9c0e915160dc9d492f3ab9cb7ad95720d48a69b89003bb",7365,FALSE,"becomes discoverable","rename_in_place"
"results/figures/06_modules_WGCNA/module_score/neuron_neuropil/wgcna/module_group_scores/sensitivity_flagged_replicates_removed/module_score_CA2_so_WGCNA_#DE2D26_sensitivity_flagged_replicat","results/figures/06_modules_WGCNA/module_score/neuron_neuropil/wgcna/module_group_scores/sensitivity_flagged_replicates_removed/module_score_CA2_so_WGCNA_#DE2D26_sensitivity_flagged_repl.svg",".svg","analysis/wgcna/score_module_activity.R","score_module_activity.R:3343/3357","template module_score_<rl>_<mod>_<analysis_label>.svg; unique prefix match against vocabulary harvested from well-formed siblings; content signature = svg, within the writer's emitted formats (svg)","1d44fbf864065890a2d92c2b3154417e6c6c7893371ed2ceafbcab2b8e6319c2",8116,FALSE,"becomes discoverable","rename_in_place"
"results/figures/06_modules_WGCNA/module_score/neuron_neuropil/wgcna/module_group_scores/sensitivity_flagged_replicates_removed/module_score_CA2_so_WGCNA_#FB6A4A_sensitivity_flagged_replicat","results/figures/06_modules_WGCNA/module_score/neuron_neuropil/wgcna/module_group_scores/sensitivity_flagged_replicates_removed/module_score_CA2_so_WGCNA_#FB6A4A_sensitivity_flagged_repl.svg",".svg","analysis/wgcna/score_module_activity.R","score_module_activity.R:3343/3357","template module_score_<rl>_<mod>_<analysis_label>.svg; unique prefix match against vocabulary harvested from well-formed siblings; content signature = svg, within the writer's emitted formats (svg)","734255e72f7ea1e448acf6966edec40b45db1c41715666a65e9b66a87e30d645",8048,FALSE,"becomes discoverable","rename_in_place"
"results/figures/06_modules_WGCNA/module_score/neuron_neuropil/wgcna/module_group_scores/sensitivity_flagged_replicates_removed/module_score_CA2_sr_WGCNA_#006D2C_sensitivity_flagged_replicat","results/figures/06_modules_WGCNA/module_score/neuron_neuropil/wgcna/module_group_scores/sensitivity_flagged_replicates_removed/module_score_CA2_sr_WGCNA_#006D2C_sensitivity_flagged_repl.svg",".svg","analysis/wgcna/score_module_activity.R","score_module_activity.R:3343/3357","template module_score_<rl>_<mod>_<analysis_label>.svg; unique prefix match against vocabulary harvested from well-formed siblings; content signature = svg, within the writer's emitted formats (svg)","6d894b38eef56af6646e8587aa5816c491a5807b0d1380f91761ebe181c6266e",7524,FALSE,"becomes discoverable","rename_in_place"
"results/figures/06_modules_WGCNA/module_score/neuron_neuropil/wgcna/module_group_scores/sensitivity_flagged_replicates_removed/module_score_CA2_sr_WGCNA_#08519C_sensitivity_flagged_replicat","results/figures/06_modules_WGCNA/module_score/neuron_neuropil/wgcna/module_group_scores/sensitivity_flagged_replicates_removed/module_score_CA2_sr_WGCNA_#08519C_sensitivity_flagged_repl.svg",".svg","analysis/wgcna/score_module_activity.R","score_module_activity.R:3343/3357","template module_score_<rl>_<mod>_<analysis_label>.svg; unique prefix match against vocabulary harvested from well-formed siblings; content signature = svg, within the writer's emitted formats (svg)","f3f1c1c0308d159dc4da172a97d7ae47f5de6125fb274f4499e5f7a4bab01c70",7521,FALSE,"becomes discoverable","rename_in_place"
"results/figures/06_modules_WGCNA/module_score/neuron_neuropil/wgcna/module_group_scores/sensitivity_flagged_replicates_removed/module_score_CA2_sr_WGCNA_#238B45_sensitivity_flagged_replicat","results/figures/06_modules_WGCNA/module_score/neuron_neuropil/wgcna/module_group_scores/sensitivity_flagged_replicates_removed/module_score_CA2_sr_WGCNA_#238B45_sensitivity_flagged_repl.svg",".svg","analysis/wgcna/score_module_activity.R","score_module_activity.R:3343/3357","template module_score_<rl>_<mod>_<analysis_label>.svg; unique prefix match against vocabulary harvested from well-formed siblings; content signature = svg, within the writer's emitted formats (svg)","7fd8efde3f11bee3b075bcac70262e01834e3b5e1e1d5e17a81d663b9ab05447",7772,FALSE,"becomes discoverable","rename_in_place"
"results/figures/06_modules_WGCNA/module_score/neuron_neuropil/wgcna/module_group_scores/sensitivity_flagged_replicates_removed/module_score_CA2_sr_WGCNA_#2B8CBE_sensitivity_flagged_replicat","results/figures/06_modules_WGCNA/module_score/neuron_neuropil/wgcna/module_group_scores/sensitivity_flagged_replicates_removed/module_score_CA2_sr_WGCNA_#2B8CBE_sensitivity_flagged_repl.svg",".svg","analysis/wgcna/score_module_activity.R","score_module_activity.R:3343/3357","template module_score_<rl>_<mod>_<analysis_label>.svg; unique prefix match against vocabulary harvested from well-formed siblings; content signature = svg, within the writer's emitted formats (svg)","381b1f418616766ecef956d120856650c18a84c420ba9a4f900fff9da2a5a094",8360,FALSE,"becomes discoverable","rename_in_place"
"results/figures/06_modules_WGCNA/module_score/neuron_neuropil/wgcna/module_group_scores/sensitivity_flagged_replicates_removed/module_score_CA2_sr_WGCNA_#3F007D_sensitivity_flagged_replicat","results/figures/06_modules_WGCNA/module_score/neuron_neuropil/wgcna/module_group_scores/sensitivity_flagged_replicates_removed/module_score_CA2_sr_WGCNA_#3F007D_sensitivity_flagged_repl.svg",".svg","analysis/wgcna/score_module_activity.R","score_module_activity.R:3343/3357","template module_score_<rl>_<mod>_<analysis_label>.svg; unique prefix match against vocabulary harvested from well-formed siblings; content signature = svg, within the writer's emitted formats (svg)","ef569332e8ae4b7a827460f47f670caf02d9bc235887b00bd6520ceee0fb3f6e",7171,FALSE,"becomes discoverable","rename_in_place"
"results/figures/06_modules_WGCNA/module_score/neuron_neuropil/wgcna/module_group_scores/sensitivity_flagged_replicates_removed/module_score_CA2_sr_WGCNA_#4D4D4D_sensitivity_flagged_replicat","results/figures/06_modules_WGCNA/module_score/neuron_neuropil/wgcna/module_group_scores/sensitivity_flagged_replicates_removed/module_score_CA2_sr_WGCNA_#4D4D4D_sensitivity_flagged_repl.svg",".svg","analysis/wgcna/score_module_activity.R","score_module_activity.R:3343/3357","template module_score_<rl>_<mod>_<analysis_label>.svg; unique prefix match against vocabulary harvested from well-formed siblings; content signature = svg, within the writer's emitted formats (svg)","3903f993c14201cfec3ec6683094614e0458d02c7b399091861da9e7b1d4fde4",7481,FALSE,"becomes discoverable","rename_in_place"
"results/figures/06_modules_WGCNA/module_score/neuron_neuropil/wgcna/module_group_scores/sensitivity_flagged_replicates_removed/module_score_CA2_sr_WGCNA_#737373_sensitivity_flagged_replicat","results/figures/06_modules_WGCNA/module_score/neuron_neuropil/wgcna/module_group_scores/sensitivity_flagged_replicates_removed/module_score_CA2_sr_WGCNA_#737373_sensitivity_flagged_repl.svg",".svg","analysis/wgcna/score_module_activity.R","score_module_activity.R:3343/3357","template module_score_<rl>_<mod>_<analysis_label>.svg; unique prefix match against vocabulary harvested from well-formed siblings; content signature = svg, within the writer's emitted formats (svg)","a4fdc4693d9ffcdf9acb73b52e315fba36d8cc8a12909e55b32b30d1b47fed5d",8223,FALSE,"becomes discoverable","rename_in_place"
"results/figures/06_modules_WGCNA/module_score/neuron_neuropil/wgcna/module_group_scores/sensitivity_flagged_replicates_removed/module_score_CA2_sr_WGCNA_#74C476_sensitivity_flagged_replicat","results/figures/06_modules_WGCNA/module_score/neuron_neuropil/wgcna/module_group_scores/sensitivity_flagged_replicates_removed/module_score_CA2_sr_WGCNA_#74C476_sensitivity_flagged_repl.svg",".svg","analysis/wgcna/score_module_activity.R","score_module_activity.R:3343/3357","template module_score_<rl>_<mod>_<analysis_label>.svg; unique prefix match against vocabulary harvested from well-formed siblings; content signature = svg, within the writer's emitted formats (svg)","76a6fc81ae3bb4725be19bad1ee8c5a52cee3e42c09d07b0777cdc692c88bd56",7752,FALSE,"becomes discoverable","rename_in_place"
"results/figures/06_modules_WGCNA/module_score/neuron_neuropil/wgcna/module_group_scores/sensitivity_flagged_replicates_removed/module_score_CA2_sr_WGCNA_#756BB1_sensitivity_flagged_replicat","results/figures/06_modules_WGCNA/module_score/neuron_neuropil/wgcna/module_group_scores/sensitivity_flagged_replicates_removed/module_score_CA2_sr_WGCNA_#756BB1_sensitivity_flagged_repl.svg",".svg","analysis/wgcna/score_module_activity.R","score_module_activity.R:3343/3357","template module_score_<rl>_<mod>_<analysis_label>.svg; unique prefix match against vocabulary harvested from well-formed siblings; content signature = svg, within the writer's emitted formats (svg)","af8a51e4f5561a5134afeeb6d9df68061ec7c6724e0b36e5d92a4528a6ecf3b2",7480,FALSE,"becomes discoverable","rename_in_place"
"results/figures/06_modules_WGCNA/module_score/neuron_neuropil/wgcna/module_group_scores/sensitivity_flagged_replicates_removed/module_score_CA2_sr_WGCNA_#969696_sensitivity_flagged_replicat","results/figures/06_modules_WGCNA/module_score/neuron_neuropil/wgcna/module_group_scores/sensitivity_flagged_replicates_removed/module_score_CA2_sr_WGCNA_#969696_sensitivity_flagged_repl.svg",".svg","analysis/wgcna/score_module_activity.R","score_module_activity.R:3343/3357","template module_score_<rl>_<mod>_<analysis_label>.svg; unique prefix match against vocabulary harvested from well-formed siblings; content signature = svg, within the writer's emitted formats (svg)","a42b5b3db26c80a49e0afb6f9c5e9ff5660f43c4c217f0b27d000842bb32e5d4",7352,FALSE,"becomes discoverable","rename_in_place"
"results/figures/06_modules_WGCNA/module_score/neuron_neuropil/wgcna/module_group_scores/sensitivity_flagged_replicates_removed/module_score_CA2_sr_WGCNA_#9E9AC8_sensitivity_flagged_replicat","results/figures/06_modules_WGCNA/module_score/neuron_neuropil/wgcna/module_group_scores/sensitivity_flagged_replicates_removed/module_score_CA2_sr_WGCNA_#9E9AC8_sensitivity_flagged_repl.svg",".svg","analysis/wgcna/score_module_activity.R","score_module_activity.R:3343/3357","template module_score_<rl>_<mod>_<analysis_label>.svg; unique prefix match against vocabulary harvested from well-formed siblings; content signature = svg, within the writer's emitted formats (svg)","25aa3ec8f5af918c56ba126e4bf78dc20c1e0724042d58dd278de67bb55b4d7d",7471,FALSE,"becomes discoverable","rename_in_place"
"results/figures/06_modules_WGCNA/module_score/neuron_neuropil/wgcna/module_group_scores/sensitivity_flagged_replicates_removed/module_score_CA2_sr_WGCNA_#BF812D_sensitivity_flagged_replicat","results/figures/06_modules_WGCNA/module_score/neuron_neuropil/wgcna/module_group_scores/sensitivity_flagged_replicates_removed/module_score_CA2_sr_WGCNA_#BF812D_sensitivity_flagged_repl.svg",".svg","analysis/wgcna/score_module_activity.R","score_module_activity.R:3343/3357","template module_score_<rl>_<mod>_<analysis_label>.svg; unique prefix match against vocabulary harvested from well-formed siblings; content signature = svg, within the writer's emitted formats (svg)","429b34649529e86900ee476f8811fd611036c114219cb8dd2beed218e8661f1b",7825,FALSE,"becomes discoverable","rename_in_place"
"results/figures/06_modules_WGCNA/module_score/neuron_neuropil/wgcna/module_group_scores/sensitivity_flagged_replicates_removed/module_score_CA2_sr_WGCNA_#DE2D26_sensitivity_flagged_replicat","results/figures/06_modules_WGCNA/module_score/neuron_neuropil/wgcna/module_group_scores/sensitivity_flagged_replicates_removed/module_score_CA2_sr_WGCNA_#DE2D26_sensitivity_flagged_repl.svg",".svg","analysis/wgcna/score_module_activity.R","score_module_activity.R:3343/3357","template module_score_<rl>_<mod>_<analysis_label>.svg; unique prefix match against vocabulary harvested from well-formed siblings; content signature = svg, within the writer's emitted formats (svg)","62a993e7de0ae59b5927a2dadf280676a1331d536ba1ba6bf2b4ad9a80000bd0",7922,FALSE,"becomes discoverable","rename_in_place"
"results/figures/06_modules_WGCNA/module_score/neuron_neuropil/wgcna/module_group_scores/sensitivity_flagged_replicates_removed/module_score_CA2_sr_WGCNA_#FB6A4A_sensitivity_flagged_replicat","results/figures/06_modules_WGCNA/module_score/neuron_neuropil/wgcna/module_group_scores/sensitivity_flagged_replicates_removed/module_score_CA2_sr_WGCNA_#FB6A4A_sensitivity_flagged_repl.svg",".svg","analysis/wgcna/score_module_activity.R","score_module_activity.R:3343/3357","template module_score_<rl>_<mod>_<analysis_label>.svg; unique prefix match against vocabulary harvested from well-formed siblings; content signature = svg, within the writer's emitted formats (svg)","9df0930e6279b6727e92db165c53a0abf67ee7de35e17488c1d785dcada08652",7632,FALSE,"becomes discoverable","rename_in_place"
"results/figures/06_modules_WGCNA/module_score/neuron_neuropil/wgcna/module_group_scores/sensitivity_flagged_replicates_removed/module_score_CA3_so_WGCNA_#006D2C_sensitivity_flagged_replicat","results/figures/06_modules_WGCNA/module_score/neuron_neuropil/wgcna/module_group_scores/sensitivity_flagged_replicates_removed/module_score_CA3_so_WGCNA_#006D2C_sensitivity_flagged_repl.svg",".svg","analysis/wgcna/score_module_activity.R","score_module_activity.R:3343/3357","template module_score_<rl>_<mod>_<analysis_label>.svg; unique prefix match against vocabulary harvested from well-formed siblings; content signature = svg, within the writer's emitted formats (svg)","0924243956a932ae60656780f7b472a2ff7810e268e18c81f763262ccf4e6f80",6696,FALSE,"becomes discoverable","rename_in_place"
"results/figures/06_modules_WGCNA/module_score/neuron_neuropil/wgcna/module_group_scores/sensitivity_flagged_replicates_removed/module_score_CA3_so_WGCNA_#08519C_sensitivity_flagged_replicat","results/figures/06_modules_WGCNA/module_score/neuron_neuropil/wgcna/module_group_scores/sensitivity_flagged_replicates_removed/module_score_CA3_so_WGCNA_#08519C_sensitivity_flagged_repl.svg",".svg","analysis/wgcna/score_module_activity.R","score_module_activity.R:3343/3357","template module_score_<rl>_<mod>_<analysis_label>.svg; unique prefix match against vocabulary harvested from well-formed siblings; content signature = svg, within the writer's emitted formats (svg)","5b76e7fbc10c08b1772872dab1e3280db1cf1dd6580e52348531bdb94899b990",7349,FALSE,"becomes discoverable","rename_in_place"
"results/figures/06_modules_WGCNA/module_score/neuron_neuropil/wgcna/module_group_scores/sensitivity_flagged_replicates_removed/module_score_CA3_so_WGCNA_#238B45_sensitivity_flagged_replicat","results/figures/06_modules_WGCNA/module_score/neuron_neuropil/wgcna/module_group_scores/sensitivity_flagged_replicates_removed/module_score_CA3_so_WGCNA_#238B45_sensitivity_flagged_repl.svg",".svg","analysis/wgcna/score_module_activity.R","score_module_activity.R:3343/3357","template module_score_<rl>_<mod>_<analysis_label>.svg; unique prefix match against vocabulary harvested from well-formed siblings; content signature = svg, within the writer's emitted formats (svg)","21df1eb0046874d52ac9c94137ec646e3c965df1af1790ef9f986d904e0da10d",7643,FALSE,"becomes discoverable","rename_in_place"
"results/figures/06_modules_WGCNA/module_score/neuron_neuropil/wgcna/module_group_scores/sensitivity_flagged_replicates_removed/module_score_CA3_so_WGCNA_#2B8CBE_sensitivity_flagged_replicat","results/figures/06_modules_WGCNA/module_score/neuron_neuropil/wgcna/module_group_scores/sensitivity_flagged_replicates_removed/module_score_CA3_so_WGCNA_#2B8CBE_sensitivity_flagged_repl.svg",".svg","analysis/wgcna/score_module_activity.R","score_module_activity.R:3343/3357","template module_score_<rl>_<mod>_<analysis_label>.svg; unique prefix match against vocabulary harvested from well-formed siblings; content signature = svg, within the writer's emitted formats (svg)","1acaf308e17185f2e8e39679531268cd726bf4004fe879e340073989ca905641",8067,FALSE,"becomes discoverable","rename_in_place"
"results/figures/06_modules_WGCNA/module_score/neuron_neuropil/wgcna/module_group_scores/sensitivity_flagged_replicates_removed/module_score_CA3_so_WGCNA_#3F007D_sensitivity_flagged_replicat","results/figures/06_modules_WGCNA/module_score/neuron_neuropil/wgcna/module_group_scores/sensitivity_flagged_replicates_removed/module_score_CA3_so_WGCNA_#3F007D_sensitivity_flagged_repl.svg",".svg","analysis/wgcna/score_module_activity.R","score_module_activity.R:3343/3357","template module_score_<rl>_<mod>_<analysis_label>.svg; unique prefix match against vocabulary harvested from well-formed siblings; content signature = svg, within the writer's emitted formats (svg)","50e83ee27dfaec0dc6adb639096e0faba29deec155d85d0a0f6207c3cf379ce2",7486,FALSE,"becomes discoverable","rename_in_place"
"results/figures/06_modules_WGCNA/module_score/neuron_neuropil/wgcna/module_group_scores/sensitivity_flagged_replicates_removed/module_score_CA3_so_WGCNA_#4D4D4D_sensitivity_flagged_replicat","results/figures/06_modules_WGCNA/module_score/neuron_neuropil/wgcna/module_group_scores/sensitivity_flagged_replicates_removed/module_score_CA3_so_WGCNA_#4D4D4D_sensitivity_flagged_repl.svg",".svg","analysis/wgcna/score_module_activity.R","score_module_activity.R:3343/3357","template module_score_<rl>_<mod>_<analysis_label>.svg; unique prefix match against vocabulary harvested from well-formed siblings; content signature = svg, within the writer's emitted formats (svg)","0380fd389008e43b48e7722098aa1690b3f70a7e296e872a032f41dba6047f05",7240,FALSE,"becomes discoverable","rename_in_place"
"results/figures/06_modules_WGCNA/module_score/neuron_neuropil/wgcna/module_group_scores/sensitivity_flagged_replicates_removed/module_score_CA3_so_WGCNA_#737373_sensitivity_flagged_replicat","results/figures/06_modules_WGCNA/module_score/neuron_neuropil/wgcna/module_group_scores/sensitivity_flagged_replicates_removed/module_score_CA3_so_WGCNA_#737373_sensitivity_flagged_repl.svg",".svg","analysis/wgcna/score_module_activity.R","score_module_activity.R:3343/3357","template module_score_<rl>_<mod>_<analysis_label>.svg; unique prefix match against vocabulary harvested from well-formed siblings; content signature = svg, within the writer's emitted formats (svg)","bf2bcae310c4531fc6f79a80229716fd76a52f063a49bcf32b49e485dec22077",8047,FALSE,"becomes discoverable","rename_in_place"
"results/figures/06_modules_WGCNA/module_score/neuron_neuropil/wgcna/module_group_scores/sensitivity_flagged_replicates_removed/module_score_CA3_so_WGCNA_#74C476_sensitivity_flagged_replicat","results/figures/06_modules_WGCNA/module_score/neuron_neuropil/wgcna/module_group_scores/sensitivity_flagged_replicates_removed/module_score_CA3_so_WGCNA_#74C476_sensitivity_flagged_repl.svg",".svg","analysis/wgcna/score_module_activity.R","score_module_activity.R:3343/3357","template module_score_<rl>_<mod>_<analysis_label>.svg; unique prefix match against vocabulary harvested from well-formed siblings; content signature = svg, within the writer's emitted formats (svg)","66d495e1fdc6e945e95af989f54826d3425827b27741b8ce4200b35a9facc5b3",7763,FALSE,"becomes discoverable","rename_in_place"
"results/figures/06_modules_WGCNA/module_score/neuron_neuropil/wgcna/module_group_scores/sensitivity_flagged_replicates_removed/module_score_CA3_so_WGCNA_#756BB1_sensitivity_flagged_replicat","results/figures/06_modules_WGCNA/module_score/neuron_neuropil/wgcna/module_group_scores/sensitivity_flagged_replicates_removed/module_score_CA3_so_WGCNA_#756BB1_sensitivity_flagged_repl.svg",".svg","analysis/wgcna/score_module_activity.R","score_module_activity.R:3343/3357","template module_score_<rl>_<mod>_<analysis_label>.svg; unique prefix match against vocabulary harvested from well-formed siblings; content signature = svg, within the writer's emitted formats (svg)","19132f98237aa8f983bd7b09fb2659210a0d432528b0340a0d2bcbe1830985bd",7488,FALSE,"becomes discoverable","rename_in_place"
"results/figures/06_modules_WGCNA/module_score/neuron_neuropil/wgcna/module_group_scores/sensitivity_flagged_replicates_removed/module_score_CA3_so_WGCNA_#969696_sensitivity_flagged_replicat","results/figures/06_modules_WGCNA/module_score/neuron_neuropil/wgcna/module_group_scores/sensitivity_flagged_replicates_removed/module_score_CA3_so_WGCNA_#969696_sensitivity_flagged_repl.svg",".svg","analysis/wgcna/score_module_activity.R","score_module_activity.R:3343/3357","template module_score_<rl>_<mod>_<analysis_label>.svg; unique prefix match against vocabulary harvested from well-formed siblings; content signature = svg, within the writer's emitted formats (svg)","f20f253ab604fdfbe8bf1a4c0753ad1ebbe212af58e0eb1f82cc5a9d0fd45923",7365,FALSE,"becomes discoverable","rename_in_place"
"results/figures/06_modules_WGCNA/module_score/neuron_neuropil/wgcna/module_group_scores/sensitivity_flagged_replicates_removed/module_score_CA3_so_WGCNA_#9E9AC8_sensitivity_flagged_replicat","results/figures/06_modules_WGCNA/module_score/neuron_neuropil/wgcna/module_group_scores/sensitivity_flagged_replicates_removed/module_score_CA3_so_WGCNA_#9E9AC8_sensitivity_flagged_repl.svg",".svg","analysis/wgcna/score_module_activity.R","score_module_activity.R:3343/3357","template module_score_<rl>_<mod>_<analysis_label>.svg; unique prefix match against vocabulary harvested from well-formed siblings; content signature = svg, within the writer's emitted formats (svg)","db3d9a833e6645721925555272c87f0b5777c06dd8c48b20c38606193372589e",7658,FALSE,"becomes discoverable","rename_in_place"
"results/figures/06_modules_WGCNA/module_score/neuron_neuropil/wgcna/module_group_scores/sensitivity_flagged_replicates_removed/module_score_CA3_so_WGCNA_#BF812D_sensitivity_flagged_replicat","results/figures/06_modules_WGCNA/module_score/neuron_neuropil/wgcna/module_group_scores/sensitivity_flagged_replicates_removed/module_score_CA3_so_WGCNA_#BF812D_sensitivity_flagged_repl.svg",".svg","analysis/wgcna/score_module_activity.R","score_module_activity.R:3343/3357","template module_score_<rl>_<mod>_<analysis_label>.svg; unique prefix match against vocabulary harvested from well-formed siblings; content signature = svg, within the writer's emitted formats (svg)","28fd1da8cc9ca9941a9ba94d7ef1c31878b6a8e41122087886cfccafe6e023d0",7767,FALSE,"becomes discoverable","rename_in_place"
"results/figures/06_modules_WGCNA/module_score/neuron_neuropil/wgcna/module_group_scores/sensitivity_flagged_replicates_removed/module_score_CA3_so_WGCNA_#DE2D26_sensitivity_flagged_replicat","results/figures/06_modules_WGCNA/module_score/neuron_neuropil/wgcna/module_group_scores/sensitivity_flagged_replicates_removed/module_score_CA3_so_WGCNA_#DE2D26_sensitivity_flagged_repl.svg",".svg","analysis/wgcna/score_module_activity.R","score_module_activity.R:3343/3357","template module_score_<rl>_<mod>_<analysis_label>.svg; unique prefix match against vocabulary harvested from well-formed siblings; content signature = svg, within the writer's emitted formats (svg)","1e1e133844a3b48c3c7b01a806a821802148af6c3e97a01a0b448f81d8fb7f4f",7487,FALSE,"becomes discoverable","rename_in_place"
"results/figures/06_modules_WGCNA/module_score/neuron_neuropil/wgcna/module_group_scores/sensitivity_flagged_replicates_removed/module_score_CA3_so_WGCNA_#FB6A4A_sensitivity_flagged_replicat","results/figures/06_modules_WGCNA/module_score/neuron_neuropil/wgcna/module_group_scores/sensitivity_flagged_replicates_removed/module_score_CA3_so_WGCNA_#FB6A4A_sensitivity_flagged_repl.svg",".svg","analysis/wgcna/score_module_activity.R","score_module_activity.R:3343/3357","template module_score_<rl>_<mod>_<analysis_label>.svg; unique prefix match against vocabulary harvested from well-formed siblings; content signature = svg, within the writer's emitted formats (svg)","ce55e7ea70fe540ca9dc130b90675da54d99892a5c9742af4244528decf0f26d",7487,FALSE,"becomes discoverable","rename_in_place"
"results/figures/06_modules_WGCNA/module_score/neuron_neuropil/wgcna/module_group_scores/sensitivity_flagged_replicates_removed/module_score_CA3_sr_WGCNA_#006D2C_sensitivity_flagged_replicat","results/figures/06_modules_WGCNA/module_score/neuron_neuropil/wgcna/module_group_scores/sensitivity_flagged_replicates_removed/module_score_CA3_sr_WGCNA_#006D2C_sensitivity_flagged_repl.svg",".svg","analysis/wgcna/score_module_activity.R","score_module_activity.R:3343/3357","template module_score_<rl>_<mod>_<analysis_label>.svg; unique prefix match against vocabulary harvested from well-formed siblings; content signature = svg, within the writer's emitted formats (svg)","3c1e8db91bfa557696c8486ca1c0512924733e4c06638178039057eec9ac5a96",7521,FALSE,"becomes discoverable","rename_in_place"
"results/figures/06_modules_WGCNA/module_score/neuron_neuropil/wgcna/module_group_scores/sensitivity_flagged_replicates_removed/module_score_CA3_sr_WGCNA_#08519C_sensitivity_flagged_replicat","results/figures/06_modules_WGCNA/module_score/neuron_neuropil/wgcna/module_group_scores/sensitivity_flagged_replicates_removed/module_score_CA3_sr_WGCNA_#08519C_sensitivity_flagged_repl.svg",".svg","analysis/wgcna/score_module_activity.R","score_module_activity.R:3343/3357","template module_score_<rl>_<mod>_<analysis_label>.svg; unique prefix match against vocabulary harvested from well-formed siblings; content signature = svg, within the writer's emitted formats (svg)","e39b1e225c190eee9f7dc9f43321b2cb4f7fd57e3cd4e9abde0255e08d2db102",8788,FALSE,"becomes discoverable","rename_in_place"
"results/figures/06_modules_WGCNA/module_score/neuron_neuropil/wgcna/module_group_scores/sensitivity_flagged_replicates_removed/module_score_CA3_sr_WGCNA_#238B45_sensitivity_flagged_replicat","results/figures/06_modules_WGCNA/module_score/neuron_neuropil/wgcna/module_group_scores/sensitivity_flagged_replicates_removed/module_score_CA3_sr_WGCNA_#238B45_sensitivity_flagged_repl.svg",".svg","analysis/wgcna/score_module_activity.R","score_module_activity.R:3343/3357","template module_score_<rl>_<mod>_<analysis_label>.svg; unique prefix match against vocabulary harvested from well-formed siblings; content signature = svg, within the writer's emitted formats (svg)","3cde2c6c1817af2937b964361ee0f01f17a199a28e24e05a961181a584d5f494",8623,FALSE,"becomes discoverable","rename_in_place"
"results/figures/06_modules_WGCNA/module_score/neuron_neuropil/wgcna/module_group_scores/sensitivity_flagged_replicates_removed/module_score_CA3_sr_WGCNA_#2B8CBE_sensitivity_flagged_replicat","results/figures/06_modules_WGCNA/module_score/neuron_neuropil/wgcna/module_group_scores/sensitivity_flagged_replicates_removed/module_score_CA3_sr_WGCNA_#2B8CBE_sensitivity_flagged_repl.svg",".svg","analysis/wgcna/score_module_activity.R","score_module_activity.R:3343/3357","template module_score_<rl>_<mod>_<analysis_label>.svg; unique prefix match against vocabulary harvested from well-formed siblings; content signature = svg, within the writer's emitted formats (svg)","f4a3be479c5d597fe36aef8b11124c465a1dd10a39726e2527de7082649b6db4",7944,FALSE,"becomes discoverable","rename_in_place"
"results/figures/06_modules_WGCNA/module_score/neuron_neuropil/wgcna/module_group_scores/sensitivity_flagged_replicates_removed/module_score_CA3_sr_WGCNA_#3F007D_sensitivity_flagged_replicat","results/figures/06_modules_WGCNA/module_score/neuron_neuropil/wgcna/module_group_scores/sensitivity_flagged_replicates_removed/module_score_CA3_sr_WGCNA_#3F007D_sensitivity_flagged_repl.svg",".svg","analysis/wgcna/score_module_activity.R","score_module_activity.R:3343/3357","template module_score_<rl>_<mod>_<analysis_label>.svg; unique prefix match against vocabulary harvested from well-formed siblings; content signature = svg, within the writer's emitted formats (svg)","28a7e84f6c4e36ac474fdc76c6cfe0363ea3b465e861ee4ad9f0476dae4b3382",7948,FALSE,"becomes discoverable","rename_in_place"
"results/figures/06_modules_WGCNA/module_score/neuron_neuropil/wgcna/module_group_scores/sensitivity_flagged_replicates_removed/module_score_CA3_sr_WGCNA_#4D4D4D_sensitivity_flagged_replicat","results/figures/06_modules_WGCNA/module_score/neuron_neuropil/wgcna/module_group_scores/sensitivity_flagged_replicates_removed/module_score_CA3_sr_WGCNA_#4D4D4D_sensitivity_flagged_repl.svg",".svg","analysis/wgcna/score_module_activity.R","score_module_activity.R:3343/3357","template module_score_<rl>_<mod>_<analysis_label>.svg; unique prefix match against vocabulary harvested from well-formed siblings; content signature = svg, within the writer's emitted formats (svg)","69bbc31b08fb3d61e9dd8bbb365eb58075ef232bed9b4ed253f59b1d51d85996",7644,FALSE,"becomes discoverable","rename_in_place"
"results/figures/06_modules_WGCNA/module_score/neuron_neuropil/wgcna/module_group_scores/sensitivity_flagged_replicates_removed/module_score_CA3_sr_WGCNA_#737373_sensitivity_flagged_replicat","results/figures/06_modules_WGCNA/module_score/neuron_neuropil/wgcna/module_group_scores/sensitivity_flagged_replicates_removed/module_score_CA3_sr_WGCNA_#737373_sensitivity_flagged_repl.svg",".svg","analysis/wgcna/score_module_activity.R","score_module_activity.R:3343/3357","template module_score_<rl>_<mod>_<analysis_label>.svg; unique prefix match against vocabulary harvested from well-formed siblings; content signature = svg, within the writer's emitted formats (svg)","2b73bd787449423e6983aafbe99aae5b309067a528ca83bbe2b814173fb22929",7942,FALSE,"becomes discoverable","rename_in_place"
"results/figures/06_modules_WGCNA/module_score/neuron_neuropil/wgcna/module_group_scores/sensitivity_flagged_replicates_removed/module_score_CA3_sr_WGCNA_#74C476_sensitivity_flagged_replicat","results/figures/06_modules_WGCNA/module_score/neuron_neuropil/wgcna/module_group_scores/sensitivity_flagged_replicates_removed/module_score_CA3_sr_WGCNA_#74C476_sensitivity_flagged_repl.svg",".svg","analysis/wgcna/score_module_activity.R","score_module_activity.R:3343/3357","template module_score_<rl>_<mod>_<analysis_label>.svg; unique prefix match against vocabulary harvested from well-formed siblings; content signature = svg, within the writer's emitted formats (svg)","95a16e43660b8c1301df765a522b635b22304105603a5f502aa3dd70541d5efd",7533,FALSE,"becomes discoverable","rename_in_place"
"results/figures/06_modules_WGCNA/module_score/neuron_neuropil/wgcna/module_group_scores/sensitivity_flagged_replicates_removed/module_score_CA3_sr_WGCNA_#756BB1_sensitivity_flagged_replicat","results/figures/06_modules_WGCNA/module_score/neuron_neuropil/wgcna/module_group_scores/sensitivity_flagged_replicates_removed/module_score_CA3_sr_WGCNA_#756BB1_sensitivity_flagged_repl.svg",".svg","analysis/wgcna/score_module_activity.R","score_module_activity.R:3343/3357","template module_score_<rl>_<mod>_<analysis_label>.svg; unique prefix match against vocabulary harvested from well-formed siblings; content signature = svg, within the writer's emitted formats (svg)","2f3d931a23172e25a8fac62a859a5cedbbb635de1f8d4f8c2be52a03faecf497",8149,FALSE,"becomes discoverable","rename_in_place"
"results/figures/06_modules_WGCNA/module_score/neuron_neuropil/wgcna/module_group_scores/sensitivity_flagged_replicates_removed/module_score_CA3_sr_WGCNA_#969696_sensitivity_flagged_replicat","results/figures/06_modules_WGCNA/module_score/neuron_neuropil/wgcna/module_group_scores/sensitivity_flagged_replicates_removed/module_score_CA3_sr_WGCNA_#969696_sensitivity_flagged_repl.svg",".svg","analysis/wgcna/score_module_activity.R","score_module_activity.R:3343/3357","template module_score_<rl>_<mod>_<analysis_label>.svg; unique prefix match against vocabulary harvested from well-formed siblings; content signature = svg, within the writer's emitted formats (svg)","dec73b871ebc61d7cf37607f34dbb7b3ce88d63a13dc0beb749d2e094c8d4ca3",8245,FALSE,"becomes discoverable","rename_in_place"
"results/figures/06_modules_WGCNA/module_score/neuron_neuropil/wgcna/module_group_scores/sensitivity_flagged_replicates_removed/module_score_CA3_sr_WGCNA_#9E9AC8_sensitivity_flagged_replicat","results/figures/06_modules_WGCNA/module_score/neuron_neuropil/wgcna/module_group_scores/sensitivity_flagged_replicates_removed/module_score_CA3_sr_WGCNA_#9E9AC8_sensitivity_flagged_repl.svg",".svg","analysis/wgcna/score_module_activity.R","score_module_activity.R:3343/3357","template module_score_<rl>_<mod>_<analysis_label>.svg; unique prefix match against vocabulary harvested from well-formed siblings; content signature = svg, within the writer's emitted formats (svg)","c1f0dba771e07fbacda580f9554d219eb635f50444d85e8e56ced66eda7fab6c",7777,FALSE,"becomes discoverable","rename_in_place"
"results/figures/06_modules_WGCNA/module_score/neuron_neuropil/wgcna/module_group_scores/sensitivity_flagged_replicates_removed/module_score_CA3_sr_WGCNA_#BF812D_sensitivity_flagged_replicat","results/figures/06_modules_WGCNA/module_score/neuron_neuropil/wgcna/module_group_scores/sensitivity_flagged_replicates_removed/module_score_CA3_sr_WGCNA_#BF812D_sensitivity_flagged_repl.svg",".svg","analysis/wgcna/score_module_activity.R","score_module_activity.R:3343/3357","template module_score_<rl>_<mod>_<analysis_label>.svg; unique prefix match against vocabulary harvested from well-formed siblings; content signature = svg, within the writer's emitted formats (svg)","fa3b67d677fde496a758b621ba98e7e4907854c36f75caf7c210333ba9bf7003",7642,FALSE,"becomes discoverable","rename_in_place"
"results/figures/06_modules_WGCNA/module_score/neuron_neuropil/wgcna/module_group_scores/sensitivity_flagged_replicates_removed/module_score_CA3_sr_WGCNA_#DE2D26_sensitivity_flagged_replicat","results/figures/06_modules_WGCNA/module_score/neuron_neuropil/wgcna/module_group_scores/sensitivity_flagged_replicates_removed/module_score_CA3_sr_WGCNA_#DE2D26_sensitivity_flagged_repl.svg",".svg","analysis/wgcna/score_module_activity.R","score_module_activity.R:3343/3357","template module_score_<rl>_<mod>_<analysis_label>.svg; unique prefix match against vocabulary harvested from well-formed siblings; content signature = svg, within the writer's emitted formats (svg)","946555c93bc226d848bd51622ba2e2065e60e19ef9eb6befd1ed8ecce60d45ce",8923,FALSE,"becomes discoverable","rename_in_place"
"results/figures/06_modules_WGCNA/module_score/neuron_neuropil/wgcna/module_group_scores/sensitivity_flagged_replicates_removed/module_score_CA3_sr_WGCNA_#FB6A4A_sensitivity_flagged_replicat","results/figures/06_modules_WGCNA/module_score/neuron_neuropil/wgcna/module_group_scores/sensitivity_flagged_replicates_removed/module_score_CA3_sr_WGCNA_#FB6A4A_sensitivity_flagged_repl.svg",".svg","analysis/wgcna/score_module_activity.R","score_module_activity.R:3343/3357","template module_score_<rl>_<mod>_<analysis_label>.svg; unique prefix match against vocabulary harvested from well-formed siblings; content signature = svg, within the writer's emitted formats (svg)","88d168fa8ae9300a465aa7b6657a2db86dead86f54aaaab450a7efcd111ae5f8",7651,FALSE,"becomes discoverable","rename_in_place"
"results/figures/06_modules_WGCNA/module_score/neuron_neuropil/wgcna/module_group_scores/sensitivity_flagged_replicates_removed/module_score_DG_mo_WGCNA_#006D2C_sensitivity_flagged_replicate","results/figures/06_modules_WGCNA/module_score/neuron_neuropil/wgcna/module_group_scores/sensitivity_flagged_replicates_removed/module_score_DG_mo_WGCNA_#006D2C_sensitivity_flagged_repli.svg",".svg","analysis/wgcna/score_module_activity.R","score_module_activity.R:3343/3357","template module_score_<rl>_<mod>_<analysis_label>.svg; unique prefix match against vocabulary harvested from well-formed siblings; content signature = svg, within the writer's emitted formats (svg)","96f457a8a8ad4247a99f374c2401cf465b8c80a2dba8ffdd7ed0e25184ff4839",7353,FALSE,"becomes discoverable","rename_in_place"
"results/figures/06_modules_WGCNA/module_score/neuron_neuropil/wgcna/module_group_scores/sensitivity_flagged_replicates_removed/module_score_DG_mo_WGCNA_#08519C_sensitivity_flagged_replicate","results/figures/06_modules_WGCNA/module_score/neuron_neuropil/wgcna/module_group_scores/sensitivity_flagged_replicates_removed/module_score_DG_mo_WGCNA_#08519C_sensitivity_flagged_repli.svg",".svg","analysis/wgcna/score_module_activity.R","score_module_activity.R:3343/3357","template module_score_<rl>_<mod>_<analysis_label>.svg; unique prefix match against vocabulary harvested from well-formed siblings; content signature = svg, within the writer's emitted formats (svg)","2be3f6e7b5b44f40f0f2f0935453bc29cdb40a1c7348462a3f3d92b03dc71bf8",8357,FALSE,"becomes discoverable","rename_in_place"
"results/figures/06_modules_WGCNA/module_score/neuron_neuropil/wgcna/module_group_scores/sensitivity_flagged_replicates_removed/module_score_DG_mo_WGCNA_#238B45_sensitivity_flagged_replicate","results/figures/06_modules_WGCNA/module_score/neuron_neuropil/wgcna/module_group_scores/sensitivity_flagged_replicates_removed/module_score_DG_mo_WGCNA_#238B45_sensitivity_flagged_repli.svg",".svg","analysis/wgcna/score_module_activity.R","score_module_activity.R:3343/3357","template module_score_<rl>_<mod>_<analysis_label>.svg; unique prefix match against vocabulary harvested from well-formed siblings; content signature = svg, within the writer's emitted formats (svg)","2c6d9023bcaffdfe67e59091f59811a153620f9a69b189b3fb981709804280db",8234,FALSE,"becomes discoverable","rename_in_place"
"results/figures/06_modules_WGCNA/module_score/neuron_neuropil/wgcna/module_group_scores/sensitivity_flagged_replicates_removed/module_score_DG_mo_WGCNA_#2B8CBE_sensitivity_flagged_replicate","results/figures/06_modules_WGCNA/module_score/neuron_neuropil/wgcna/module_group_scores/sensitivity_flagged_replicates_removed/module_score_DG_mo_WGCNA_#2B8CBE_sensitivity_flagged_repli.svg",".svg","analysis/wgcna/score_module_activity.R","score_module_activity.R:3343/3357","template module_score_<rl>_<mod>_<analysis_label>.svg; unique prefix match against vocabulary harvested from well-formed siblings; content signature = svg, within the writer's emitted formats (svg)","a3aacfe87f7d4b8ef0ef28c9cf136635d5d6b87b5fa5054eae6a1c4165d1479e",7646,FALSE,"becomes discoverable","rename_in_place"
"results/figures/06_modules_WGCNA/module_score/neuron_neuropil/wgcna/module_group_scores/sensitivity_flagged_replicates_removed/module_score_DG_mo_WGCNA_#3F007D_sensitivity_flagged_replicate","results/figures/06_modules_WGCNA/module_score/neuron_neuropil/wgcna/module_group_scores/sensitivity_flagged_replicates_removed/module_score_DG_mo_WGCNA_#3F007D_sensitivity_flagged_repli.svg",".svg","analysis/wgcna/score_module_activity.R","score_module_activity.R:3343/3357","template module_score_<rl>_<mod>_<analysis_label>.svg; unique prefix match against vocabulary harvested from well-formed siblings; content signature = svg, within the writer's emitted formats (svg)","b7b449053f850f96e6ff349fe5ca0447118d09e930a63163c066f0cb64c87a19",7770,FALSE,"becomes discoverable","rename_in_place"
"results/figures/06_modules_WGCNA/module_score/neuron_neuropil/wgcna/module_group_scores/sensitivity_flagged_replicates_removed/module_score_DG_mo_WGCNA_#4D4D4D_sensitivity_flagged_replicate","results/figures/06_modules_WGCNA/module_score/neuron_neuropil/wgcna/module_group_scores/sensitivity_flagged_replicates_removed/module_score_DG_mo_WGCNA_#4D4D4D_sensitivity_flagged_repli.svg",".svg","analysis/wgcna/score_module_activity.R","score_module_activity.R:3343/3357","template module_score_<rl>_<mod>_<analysis_label>.svg; unique prefix match against vocabulary harvested from well-formed siblings; content signature = svg, within the writer's emitted formats (svg)","34ca8705967df198bb73aa692dde1c32d21e3c13cbbb28901ea6cc9499ec2638",8352,FALSE,"becomes discoverable","rename_in_place"
"results/figures/06_modules_WGCNA/module_score/neuron_neuropil/wgcna/module_group_scores/sensitivity_flagged_replicates_removed/module_score_DG_mo_WGCNA_#737373_sensitivity_flagged_replicate","results/figures/06_modules_WGCNA/module_score/neuron_neuropil/wgcna/module_group_scores/sensitivity_flagged_replicates_removed/module_score_DG_mo_WGCNA_#737373_sensitivity_flagged_repli.svg",".svg","analysis/wgcna/score_module_activity.R","score_module_activity.R:3343/3357","template module_score_<rl>_<mod>_<analysis_label>.svg; unique prefix match against vocabulary harvested from well-formed siblings; content signature = svg, within the writer's emitted formats (svg)","4fd87174e1799bcb60b793cb510ab478579917ade2e6180a421b24eba177f9fb",7482,FALSE,"becomes discoverable","rename_in_place"
"results/figures/06_modules_WGCNA/module_score/neuron_neuropil/wgcna/module_group_scores/sensitivity_flagged_replicates_removed/module_score_DG_mo_WGCNA_#74C476_sensitivity_flagged_replicate","results/figures/06_modules_WGCNA/module_score/neuron_neuropil/wgcna/module_group_scores/sensitivity_flagged_replicates_removed/module_score_DG_mo_WGCNA_#74C476_sensitivity_flagged_repli.svg",".svg","analysis/wgcna/score_module_activity.R","score_module_activity.R:3343/3357","template module_score_<rl>_<mod>_<analysis_label>.svg; unique prefix match against vocabulary harvested from well-formed siblings; content signature = svg, within the writer's emitted formats (svg)","e2586e8fbda421c08dbdf27fd25daecd1607ed7fc5e8eca225c1e52f2cab2f90",7486,FALSE,"becomes discoverable","rename_in_place"
"results/figures/06_modules_WGCNA/module_score/neuron_neuropil/wgcna/module_group_scores/sensitivity_flagged_replicates_removed/module_score_DG_mo_WGCNA_#756BB1_sensitivity_flagged_replicate","results/figures/06_modules_WGCNA/module_score/neuron_neuropil/wgcna/module_group_scores/sensitivity_flagged_replicates_removed/module_score_DG_mo_WGCNA_#756BB1_sensitivity_flagged_repli.svg",".svg","analysis/wgcna/score_module_activity.R","score_module_activity.R:3343/3357","template module_score_<rl>_<mod>_<analysis_label>.svg; unique prefix match against vocabulary harvested from well-formed siblings; content signature = svg, within the writer's emitted formats (svg)","f11f54c868e786f49a48aaec8c4bdc8d05174dd9647119c3167c0b855f15e397",8227,FALSE,"becomes discoverable","rename_in_place"
"results/figures/06_modules_WGCNA/module_score/neuron_neuropil/wgcna/module_group_scores/sensitivity_flagged_replicates_removed/module_score_DG_mo_WGCNA_#969696_sensitivity_flagged_replicate","results/figures/06_modules_WGCNA/module_score/neuron_neuropil/wgcna/module_group_scores/sensitivity_flagged_replicates_removed/module_score_DG_mo_WGCNA_#969696_sensitivity_flagged_repli.svg",".svg","analysis/wgcna/score_module_activity.R","score_module_activity.R:3343/3357","template module_score_<rl>_<mod>_<analysis_label>.svg; unique prefix match against vocabulary harvested from well-formed siblings; content signature = svg, within the writer's emitted formats (svg)","d700637ba20dd135871f3db3a287aecfe07348299af6a2cb79190176d54f0765",7474,FALSE,"becomes discoverable","rename_in_place"
"results/figures/06_modules_WGCNA/module_score/neuron_neuropil/wgcna/module_group_scores/sensitivity_flagged_replicates_removed/module_score_DG_mo_WGCNA_#9E9AC8_sensitivity_flagged_replicate","results/figures/06_modules_WGCNA/module_score/neuron_neuropil/wgcna/module_group_scores/sensitivity_flagged_replicates_removed/module_score_DG_mo_WGCNA_#9E9AC8_sensitivity_flagged_repli.svg",".svg","analysis/wgcna/score_module_activity.R","score_module_activity.R:3343/3357","template module_score_<rl>_<mod>_<analysis_label>.svg; unique prefix match against vocabulary harvested from well-formed siblings; content signature = svg, within the writer's emitted formats (svg)","fc9f366aec011bf9489d05add122400877ab5e8e4dc61a3b8224459f934b0f49",7934,FALSE,"becomes discoverable","rename_in_place"
"results/figures/06_modules_WGCNA/module_score/neuron_neuropil/wgcna/module_group_scores/sensitivity_flagged_replicates_removed/module_score_DG_mo_WGCNA_#BF812D_sensitivity_flagged_replicate","results/figures/06_modules_WGCNA/module_score/neuron_neuropil/wgcna/module_group_scores/sensitivity_flagged_replicates_removed/module_score_DG_mo_WGCNA_#BF812D_sensitivity_flagged_repli.svg",".svg","analysis/wgcna/score_module_activity.R","score_module_activity.R:3343/3357","template module_score_<rl>_<mod>_<analysis_label>.svg; unique prefix match against vocabulary harvested from well-formed siblings; content signature = svg, within the writer's emitted formats (svg)","bef4dd7cf21f36a9ff0de4b5aa652920e5a45d6f6b32a611cdb3f57cee3f7fd4",8128,FALSE,"becomes discoverable","rename_in_place"
"results/figures/06_modules_WGCNA/module_score/neuron_neuropil/wgcna/module_group_scores/sensitivity_flagged_replicates_removed/module_score_DG_mo_WGCNA_#DE2D26_sensitivity_flagged_replicate","results/figures/06_modules_WGCNA/module_score/neuron_neuropil/wgcna/module_group_scores/sensitivity_flagged_replicates_removed/module_score_DG_mo_WGCNA_#DE2D26_sensitivity_flagged_repli.svg",".svg","analysis/wgcna/score_module_activity.R","score_module_activity.R:3343/3357","template module_score_<rl>_<mod>_<analysis_label>.svg; unique prefix match against vocabulary harvested from well-formed siblings; content signature = svg, within the writer's emitted formats (svg)","be339b421395495cab17d90cfc7e05e390024d72c4e447805dc7a1438d3dc84a",7812,FALSE,"becomes discoverable","rename_in_place"
"results/figures/06_modules_WGCNA/module_score/neuron_neuropil/wgcna/module_group_scores/sensitivity_flagged_replicates_removed/module_score_DG_mo_WGCNA_#FB6A4A_sensitivity_flagged_replicate","results/figures/06_modules_WGCNA/module_score/neuron_neuropil/wgcna/module_group_scores/sensitivity_flagged_replicates_removed/module_score_DG_mo_WGCNA_#FB6A4A_sensitivity_flagged_repli.svg",".svg","analysis/wgcna/score_module_activity.R","score_module_activity.R:3343/3357","template module_score_<rl>_<mod>_<analysis_label>.svg; unique prefix match against vocabulary harvested from well-formed siblings; content signature = svg, within the writer's emitted formats (svg)","89082cee70bb603b12c80d189cbd9be11d1d0479fbc2b731df21fdcccf556389",7773,FALSE,"becomes discoverable","rename_in_place"
"results/figures/06_modules_WGCNA/module_score/neuron_neuropil/wgcna/module_group_scores/sensitivity_flagged_replicates_removed/module_score_DG_po_WGCNA_#006D2C_sensitivity_flagged_replicate","results/figures/06_modules_WGCNA/module_score/neuron_neuropil/wgcna/module_group_scores/sensitivity_flagged_replicates_removed/module_score_DG_po_WGCNA_#006D2C_sensitivity_flagged_repli.svg",".svg","analysis/wgcna/score_module_activity.R","score_module_activity.R:3343/3357","template module_score_<rl>_<mod>_<analysis_label>.svg; unique prefix match against vocabulary harvested from well-formed siblings; content signature = svg, within the writer's emitted formats (svg)","b01b74e02bbd2a872284cf8a13af043479786c959c64eb09d2cc8c3fea250b6a",7522,FALSE,"becomes discoverable","rename_in_place"
"results/figures/06_modules_WGCNA/module_score/neuron_neuropil/wgcna/module_group_scores/sensitivity_flagged_replicates_removed/module_score_DG_po_WGCNA_#08519C_sensitivity_flagged_replicate","results/figures/06_modules_WGCNA/module_score/neuron_neuropil/wgcna/module_group_scores/sensitivity_flagged_replicates_removed/module_score_DG_po_WGCNA_#08519C_sensitivity_flagged_repli.svg",".svg","analysis/wgcna/score_module_activity.R","score_module_activity.R:3343/3357","template module_score_<rl>_<mod>_<analysis_label>.svg; unique prefix match against vocabulary harvested from well-formed siblings; content signature = svg, within the writer's emitted formats (svg)","7af3bea19fe37e903f205b1394080718d802fbe1a270c4829f06de07691c4bfc",7342,FALSE,"becomes discoverable","rename_in_place"
"results/figures/06_modules_WGCNA/module_score/neuron_neuropil/wgcna/module_group_scores/sensitivity_flagged_replicates_removed/module_score_DG_po_WGCNA_#238B45_sensitivity_flagged_replicate","results/figures/06_modules_WGCNA/module_score/neuron_neuropil/wgcna/module_group_scores/sensitivity_flagged_replicates_removed/module_score_DG_po_WGCNA_#238B45_sensitivity_flagged_repli.svg",".svg","analysis/wgcna/score_module_activity.R","score_module_activity.R:3343/3357","template module_score_<rl>_<mod>_<analysis_label>.svg; unique prefix match against vocabulary harvested from well-formed siblings; content signature = svg, within the writer's emitted formats (svg)","65dd133dcffe50f39a6c9f13ce235cd8ca8285b8ec0ad5332d208864cc2bdbe3",7758,FALSE,"becomes discoverable","rename_in_place"
"results/figures/06_modules_WGCNA/module_score/neuron_neuropil/wgcna/module_group_scores/sensitivity_flagged_replicates_removed/module_score_DG_po_WGCNA_#2B8CBE_sensitivity_flagged_replicate","results/figures/06_modules_WGCNA/module_score/neuron_neuropil/wgcna/module_group_scores/sensitivity_flagged_replicates_removed/module_score_DG_po_WGCNA_#2B8CBE_sensitivity_flagged_repli.svg",".svg","analysis/wgcna/score_module_activity.R","score_module_activity.R:3343/3357","template module_score_<rl>_<mod>_<analysis_label>.svg; unique prefix match against vocabulary harvested from well-formed siblings; content signature = svg, within the writer's emitted formats (svg)","ce0b1d4548bee8b47f18373abade984e3b8de031a85e192089825a62e73660bd",7644,FALSE,"becomes discoverable","rename_in_place"
"results/figures/06_modules_WGCNA/module_score/neuron_neuropil/wgcna/module_group_scores/sensitivity_flagged_replicates_removed/module_score_DG_po_WGCNA_#3F007D_sensitivity_flagged_replicate","results/figures/06_modules_WGCNA/module_score/neuron_neuropil/wgcna/module_group_scores/sensitivity_flagged_replicates_removed/module_score_DG_po_WGCNA_#3F007D_sensitivity_flagged_repli.svg",".svg","analysis/wgcna/score_module_activity.R","score_module_activity.R:3343/3357","template module_score_<rl>_<mod>_<analysis_label>.svg; unique prefix match against vocabulary harvested from well-formed siblings; content signature = svg, within the writer's emitted formats (svg)","7c5cacadfe11e7ecd84b00e4a1cbf349491ce2dd047d6fbe497ae9c910690808",7762,FALSE,"becomes discoverable","rename_in_place"
"results/figures/06_modules_WGCNA/module_score/neuron_neuropil/wgcna/module_group_scores/sensitivity_flagged_replicates_removed/module_score_DG_po_WGCNA_#4D4D4D_sensitivity_flagged_replicate","results/figures/06_modules_WGCNA/module_score/neuron_neuropil/wgcna/module_group_scores/sensitivity_flagged_replicates_removed/module_score_DG_po_WGCNA_#4D4D4D_sensitivity_flagged_repli.svg",".svg","analysis/wgcna/score_module_activity.R","score_module_activity.R:3343/3357","template module_score_<rl>_<mod>_<analysis_label>.svg; unique prefix match against vocabulary harvested from well-formed siblings; content signature = svg, within the writer's emitted formats (svg)","ef82d5635b3b36fdf65347a2d79c1eaea1c59dd3b1aa9cb95dfbdc176ea899ee",7658,FALSE,"becomes discoverable","rename_in_place"
"results/figures/06_modules_WGCNA/module_score/neuron_neuropil/wgcna/module_group_scores/sensitivity_flagged_replicates_removed/module_score_DG_po_WGCNA_#737373_sensitivity_flagged_replicate","results/figures/06_modules_WGCNA/module_score/neuron_neuropil/wgcna/module_group_scores/sensitivity_flagged_replicates_removed/module_score_DG_po_WGCNA_#737373_sensitivity_flagged_repli.svg",".svg","analysis/wgcna/score_module_activity.R","score_module_activity.R:3343/3357","template module_score_<rl>_<mod>_<analysis_label>.svg; unique prefix match against vocabulary harvested from well-formed siblings; content signature = svg, within the writer's emitted formats (svg)","7b58457f190c354363c078df3e80df66621108a8de83b1d53ad2c34eeb1e5ea4",7774,FALSE,"becomes discoverable","rename_in_place"
"results/figures/06_modules_WGCNA/module_score/neuron_neuropil/wgcna/module_group_scores/sensitivity_flagged_replicates_removed/module_score_DG_po_WGCNA_#74C476_sensitivity_flagged_replicate","results/figures/06_modules_WGCNA/module_score/neuron_neuropil/wgcna/module_group_scores/sensitivity_flagged_replicates_removed/module_score_DG_po_WGCNA_#74C476_sensitivity_flagged_repli.svg",".svg","analysis/wgcna/score_module_activity.R","score_module_activity.R:3343/3357","template module_score_<rl>_<mod>_<analysis_label>.svg; unique prefix match against vocabulary harvested from well-formed siblings; content signature = svg, within the writer's emitted formats (svg)","1fa7dd3a941dca492ebea3e475971bd4548ea2d559a7b51bc42570ceeb131605",7773,FALSE,"becomes discoverable","rename_in_place"
"results/figures/06_modules_WGCNA/module_score/neuron_neuropil/wgcna/module_group_scores/sensitivity_flagged_replicates_removed/module_score_DG_po_WGCNA_#756BB1_sensitivity_flagged_replicate","results/figures/06_modules_WGCNA/module_score/neuron_neuropil/wgcna/module_group_scores/sensitivity_flagged_replicates_removed/module_score_DG_po_WGCNA_#756BB1_sensitivity_flagged_repli.svg",".svg","analysis/wgcna/score_module_activity.R","score_module_activity.R:3343/3357","template module_score_<rl>_<mod>_<analysis_label>.svg; unique prefix match against vocabulary harvested from well-formed siblings; content signature = svg, within the writer's emitted formats (svg)","5d3d51b71977eb8342e928bb044a263d3909096ee3275c9b579a14a3bfd485d6",7351,FALSE,"becomes discoverable","rename_in_place"
"results/figures/06_modules_WGCNA/module_score/neuron_neuropil/wgcna/module_group_scores/sensitivity_flagged_replicates_removed/module_score_DG_po_WGCNA_#969696_sensitivity_flagged_replicate","results/figures/06_modules_WGCNA/module_score/neuron_neuropil/wgcna/module_group_scores/sensitivity_flagged_replicates_removed/module_score_DG_po_WGCNA_#969696_sensitivity_flagged_repli.svg",".svg","analysis/wgcna/score_module_activity.R","score_module_activity.R:3343/3357","template module_score_<rl>_<mod>_<analysis_label>.svg; unique prefix match against vocabulary harvested from well-formed siblings; content signature = svg, within the writer's emitted formats (svg)","87e983722faf65be15aad4db157071bee6fe050b193e7eddc98014cbbcd243f1",7686,FALSE,"becomes discoverable","rename_in_place"
"results/figures/06_modules_WGCNA/module_score/neuron_neuropil/wgcna/module_group_scores/sensitivity_flagged_replicates_removed/module_score_DG_po_WGCNA_#9E9AC8_sensitivity_flagged_replicate","results/figures/06_modules_WGCNA/module_score/neuron_neuropil/wgcna/module_group_scores/sensitivity_flagged_replicates_removed/module_score_DG_po_WGCNA_#9E9AC8_sensitivity_flagged_repli.svg",".svg","analysis/wgcna/score_module_activity.R","score_module_activity.R:3343/3357","template module_score_<rl>_<mod>_<analysis_label>.svg; unique prefix match against vocabulary harvested from well-formed siblings; content signature = svg, within the writer's emitted formats (svg)","09b2b434f08d00c787f76ec1b8ff7c6b3534718b6479af1d4c26d76308b5c563",8053,FALSE,"becomes discoverable","rename_in_place"
"results/figures/06_modules_WGCNA/module_score/neuron_neuropil/wgcna/module_group_scores/sensitivity_flagged_replicates_removed/module_score_DG_po_WGCNA_#BF812D_sensitivity_flagged_replicate","results/figures/06_modules_WGCNA/module_score/neuron_neuropil/wgcna/module_group_scores/sensitivity_flagged_replicates_removed/module_score_DG_po_WGCNA_#BF812D_sensitivity_flagged_repli.svg",".svg","analysis/wgcna/score_module_activity.R","score_module_activity.R:3343/3357","template module_score_<rl>_<mod>_<analysis_label>.svg; unique prefix match against vocabulary harvested from well-formed siblings; content signature = svg, within the writer's emitted formats (svg)","264379aaa0b98351c3085460c1fa97f843194684c567dcda497ef28e6a77bb7f",8207,FALSE,"becomes discoverable","rename_in_place"
"results/figures/06_modules_WGCNA/module_score/neuron_neuropil/wgcna/module_group_scores/sensitivity_flagged_replicates_removed/module_score_DG_po_WGCNA_#DE2D26_sensitivity_flagged_replicate","results/figures/06_modules_WGCNA/module_score/neuron_neuropil/wgcna/module_group_scores/sensitivity_flagged_replicates_removed/module_score_DG_po_WGCNA_#DE2D26_sensitivity_flagged_repli.svg",".svg","analysis/wgcna/score_module_activity.R","score_module_activity.R:3343/3357","template module_score_<rl>_<mod>_<analysis_label>.svg; unique prefix match against vocabulary harvested from well-formed siblings; content signature = svg, within the writer's emitted formats (svg)","f26ba446920d9be6ce995e98e98784815a1fffa50530811aea2cc344d7486958",7631,FALSE,"becomes discoverable","rename_in_place"
"results/figures/06_modules_WGCNA/module_score/neuron_neuropil/wgcna/module_group_scores/sensitivity_flagged_replicates_removed/module_score_DG_po_WGCNA_#FB6A4A_sensitivity_flagged_replicate","results/figures/06_modules_WGCNA/module_score/neuron_neuropil/wgcna/module_group_scores/sensitivity_flagged_replicates_removed/module_score_DG_po_WGCNA_#FB6A4A_sensitivity_flagged_repli.svg",".svg","analysis/wgcna/score_module_activity.R","score_module_activity.R:3343/3357","template module_score_<rl>_<mod>_<analysis_label>.svg; unique prefix match against vocabulary harvested from well-formed siblings; content signature = svg, within the writer's emitted formats (svg)","3f8ed6ce02ae0345ccda4f2d08f21d8ad5b398dcc4a7af236c31a468fae6f0f8",7803,FALSE,"becomes discoverable","rename_in_place"
"results/figures/06_modules_WGCNA/module_score/neuron_soma/wgcna/module_group_scores/sensitivity_flagged_replicates_removed/module_score_CA1_WGCNA_#006D2C_sensitivity_flagged_replicates_remo","results/figures/06_modules_WGCNA/module_score/neuron_soma/wgcna/module_group_scores/sensitivity_flagged_replicates_removed/module_score_CA1_WGCNA_#006D2C_sensitivity_flagged_replicates_.svg",".svg","analysis/wgcna/score_module_activity.R","score_module_activity.R:3343/3357","template module_score_<rl>_<mod>_<analysis_label>.svg; unique prefix match against vocabulary harvested from well-formed siblings; content signature = svg, within the writer's emitted formats (svg)","ed542c02e0c898168a068bc2c8d22ed94d5de60215cbf0d8bc0ea0eeac4dbd47",7934,FALSE,"becomes discoverable","rename_in_place"
"results/figures/06_modules_WGCNA/module_score/neuron_soma/wgcna/module_group_scores/sensitivity_flagged_replicates_removed/module_score_CA1_WGCNA_#08519C_sensitivity_flagged_replicates_remo","results/figures/06_modules_WGCNA/module_score/neuron_soma/wgcna/module_group_scores/sensitivity_flagged_replicates_removed/module_score_CA1_WGCNA_#08519C_sensitivity_flagged_replicates_.svg",".svg","analysis/wgcna/score_module_activity.R","score_module_activity.R:3343/3357","template module_score_<rl>_<mod>_<analysis_label>.svg; unique prefix match against vocabulary harvested from well-formed siblings; content signature = svg, within the writer's emitted formats (svg)","858b101f976b5101bcc0d46159b0237b39f717254d5fbe8d40d5fb852674bfd3",8095,FALSE,"becomes discoverable","rename_in_place"
"results/figures/06_modules_WGCNA/module_score/neuron_soma/wgcna/module_group_scores/sensitivity_flagged_replicates_removed/module_score_CA1_WGCNA_#1F4E79_sensitivity_flagged_replicates_remo","results/figures/06_modules_WGCNA/module_score/neuron_soma/wgcna/module_group_scores/sensitivity_flagged_replicates_removed/module_score_CA1_WGCNA_#1F4E79_sensitivity_flagged_replicates_.svg",".svg","analysis/wgcna/score_module_activity.R","score_module_activity.R:3343/3357","template module_score_<rl>_<mod>_<analysis_label>.svg; unique prefix match against vocabulary harvested from well-formed siblings; content signature = svg, within the writer's emitted formats (svg)","340e44486c9e19d701f6b3519797968363c1a43b4e304ec067a15532a80871e5",7512,FALSE,"becomes discoverable","rename_in_place"
"results/figures/06_modules_WGCNA/module_score/neuron_soma/wgcna/module_group_scores/sensitivity_flagged_replicates_removed/module_score_CA1_WGCNA_#238B45_sensitivity_flagged_replicates_remo","results/figures/06_modules_WGCNA/module_score/neuron_soma/wgcna/module_group_scores/sensitivity_flagged_replicates_removed/module_score_CA1_WGCNA_#238B45_sensitivity_flagged_replicates_.svg",".svg","analysis/wgcna/score_module_activity.R","score_module_activity.R:3343/3357","template module_score_<rl>_<mod>_<analysis_label>.svg; unique prefix match against vocabulary harvested from well-formed siblings; content signature = svg, within the writer's emitted formats (svg)","bb5172af92ef441baea52dd258d4ec39872535afbcd6953a9c91ddb24be7d4a1",7394,FALSE,"becomes discoverable","rename_in_place"
"results/figures/06_modules_WGCNA/module_score/neuron_soma/wgcna/module_group_scores/sensitivity_flagged_replicates_removed/module_score_CA1_WGCNA_#2B8CBE_sensitivity_flagged_replicates_remo","results/figures/06_modules_WGCNA/module_score/neuron_soma/wgcna/module_group_scores/sensitivity_flagged_replicates_removed/module_score_CA1_WGCNA_#2B8CBE_sensitivity_flagged_replicates_.svg",".svg","analysis/wgcna/score_module_activity.R","score_module_activity.R:3343/3357","template module_score_<rl>_<mod>_<analysis_label>.svg; unique prefix match against vocabulary harvested from well-formed siblings; content signature = svg, within the writer's emitted formats (svg)","a0ee3ddc5186dc55b3e605d8725d09e8b37c7216fd319476cb43b463d88e431f",7952,FALSE,"becomes discoverable","rename_in_place"
"results/figures/06_modules_WGCNA/module_score/neuron_soma/wgcna/module_group_scores/sensitivity_flagged_replicates_removed/module_score_CA1_WGCNA_#A63603_sensitivity_flagged_replicates_remo","results/figures/06_modules_WGCNA/module_score/neuron_soma/wgcna/module_group_scores/sensitivity_flagged_replicates_removed/module_score_CA1_WGCNA_#A63603_sensitivity_flagged_replicates_.svg",".svg","analysis/wgcna/score_module_activity.R","score_module_activity.R:3343/3357","template module_score_<rl>_<mod>_<analysis_label>.svg; unique prefix match against vocabulary harvested from well-formed siblings; content signature = svg, within the writer's emitted formats (svg)","c8553d6cc3f48e8a8aadeb7fb9afa2b5a00b2a42b061ad07cef1fa3f3c38e7fe",7536,FALSE,"becomes discoverable","rename_in_place"
"results/figures/06_modules_WGCNA/module_score/neuron_soma/wgcna/module_group_scores/sensitivity_flagged_replicates_removed/module_score_CA1_WGCNA_#E6550D_sensitivity_flagged_replicates_remo","results/figures/06_modules_WGCNA/module_score/neuron_soma/wgcna/module_group_scores/sensitivity_flagged_replicates_removed/module_score_CA1_WGCNA_#E6550D_sensitivity_flagged_replicates_.svg",".svg","analysis/wgcna/score_module_activity.R","score_module_activity.R:3343/3357","template module_score_<rl>_<mod>_<analysis_label>.svg; unique prefix match against vocabulary harvested from well-formed siblings; content signature = svg, within the writer's emitted formats (svg)","e68e61bd6e151a3e50cce77f4f32ae7e4cadc5381aebc610069589238cb2d05c",7372,FALSE,"becomes discoverable","rename_in_place"
"results/figures/06_modules_WGCNA/module_score/neuron_soma/wgcna/module_group_scores/sensitivity_flagged_replicates_removed/module_score_CA1_WGCNA_#F16913_sensitivity_flagged_replicates_remo","results/figures/06_modules_WGCNA/module_score/neuron_soma/wgcna/module_group_scores/sensitivity_flagged_replicates_removed/module_score_CA1_WGCNA_#F16913_sensitivity_flagged_replicates_.svg",".svg","analysis/wgcna/score_module_activity.R","score_module_activity.R:3343/3357","template module_score_<rl>_<mod>_<analysis_label>.svg; unique prefix match against vocabulary harvested from well-formed siblings; content signature = svg, within the writer's emitted formats (svg)","939dadc64a239f5b6b028ae52e750a88904eabd93e7fd81b3d23f2556b8decb1",7517,FALSE,"becomes discoverable","rename_in_place"
"results/figures/06_modules_WGCNA/module_score/neuron_soma/wgcna/module_group_scores/sensitivity_flagged_replicates_removed/module_score_CA2_WGCNA_#006D2C_sensitivity_flagged_replicates_remo","results/figures/06_modules_WGCNA/module_score/neuron_soma/wgcna/module_group_scores/sensitivity_flagged_replicates_removed/module_score_CA2_WGCNA_#006D2C_sensitivity_flagged_replicates_.svg",".svg","analysis/wgcna/score_module_activity.R","score_module_activity.R:3343/3357","template module_score_<rl>_<mod>_<analysis_label>.svg; unique prefix match against vocabulary harvested from well-formed siblings; content signature = svg, within the writer's emitted formats (svg)","8fd17d1e770a565e24cfa7d436c838a2479f38e8f19e5f4f9461c8b34b991b7a",7777,FALSE,"becomes discoverable","rename_in_place"
"results/figures/06_modules_WGCNA/module_score/neuron_soma/wgcna/module_group_scores/sensitivity_flagged_replicates_removed/module_score_CA2_WGCNA_#08519C_sensitivity_flagged_replicates_remo","results/figures/06_modules_WGCNA/module_score/neuron_soma/wgcna/module_group_scores/sensitivity_flagged_replicates_removed/module_score_CA2_WGCNA_#08519C_sensitivity_flagged_replicates_.svg",".svg","analysis/wgcna/score_module_activity.R","score_module_activity.R:3343/3357","template module_score_<rl>_<mod>_<analysis_label>.svg; unique prefix match against vocabulary harvested from well-formed siblings; content signature = svg, within the writer's emitted formats (svg)","a884f69f06788a6d4bba8eb3ae44f984bea014ade221a6c7f84b1360b8c6408d",8044,FALSE,"becomes discoverable","rename_in_place"
"results/figures/06_modules_WGCNA/module_score/neuron_soma/wgcna/module_group_scores/sensitivity_flagged_replicates_removed/module_score_CA2_WGCNA_#1F4E79_sensitivity_flagged_replicates_remo","results/figures/06_modules_WGCNA/module_score/neuron_soma/wgcna/module_group_scores/sensitivity_flagged_replicates_removed/module_score_CA2_WGCNA_#1F4E79_sensitivity_flagged_replicates_.svg",".svg","analysis/wgcna/score_module_activity.R","score_module_activity.R:3343/3357","template module_score_<rl>_<mod>_<analysis_label>.svg; unique prefix match against vocabulary harvested from well-formed siblings; content signature = svg, within the writer's emitted formats (svg)","2adb88fae564063cb268584ef6d155671011ea999e29343edfee44ec07b30059",7646,FALSE,"becomes discoverable","rename_in_place"
"results/figures/06_modules_WGCNA/module_score/neuron_soma/wgcna/module_group_scores/sensitivity_flagged_replicates_removed/module_score_CA2_WGCNA_#238B45_sensitivity_flagged_replicates_remo","results/figures/06_modules_WGCNA/module_score/neuron_soma/wgcna/module_group_scores/sensitivity_flagged_replicates_removed/module_score_CA2_WGCNA_#238B45_sensitivity_flagged_replicates_.svg",".svg","analysis/wgcna/score_module_activity.R","score_module_activity.R:3343/3357","template module_score_<rl>_<mod>_<analysis_label>.svg; unique prefix match against vocabulary harvested from well-formed siblings; content signature = svg, within the writer's emitted formats (svg)","e76479d357e6f3a5821e7818509144e8d7ad660f44106eb88e1b66b01657efb9",7650,FALSE,"becomes discoverable","rename_in_place"
"results/figures/06_modules_WGCNA/module_score/neuron_soma/wgcna/module_group_scores/sensitivity_flagged_replicates_removed/module_score_CA2_WGCNA_#2B8CBE_sensitivity_flagged_replicates_remo","results/figures/06_modules_WGCNA/module_score/neuron_soma/wgcna/module_group_scores/sensitivity_flagged_replicates_removed/module_score_CA2_WGCNA_#2B8CBE_sensitivity_flagged_replicates_.svg",".svg","analysis/wgcna/score_module_activity.R","score_module_activity.R:3343/3357","template module_score_<rl>_<mod>_<analysis_label>.svg; unique prefix match against vocabulary harvested from well-formed siblings; content signature = svg, within the writer's emitted formats (svg)","ceccb7f07ac8710617b2d2225951c64f28e1a81e4032b3bda708f1cf9b27c367",7660,FALSE,"becomes discoverable","rename_in_place"
"results/figures/06_modules_WGCNA/module_score/neuron_soma/wgcna/module_group_scores/sensitivity_flagged_replicates_removed/module_score_CA2_WGCNA_#A63603_sensitivity_flagged_replicates_remo","results/figures/06_modules_WGCNA/module_score/neuron_soma/wgcna/module_group_scores/sensitivity_flagged_replicates_removed/module_score_CA2_WGCNA_#A63603_sensitivity_flagged_replicates_.svg",".svg","analysis/wgcna/score_module_activity.R","score_module_activity.R:3343/3357","template module_score_<rl>_<mod>_<analysis_label>.svg; unique prefix match against vocabulary harvested from well-formed siblings; content signature = svg, within the writer's emitted formats (svg)","b789d612fe347d2b03c03955201b5bce8300edb2b8bc0de382937beb53cc06ae",8297,FALSE,"becomes discoverable","rename_in_place"
"results/figures/06_modules_WGCNA/module_score/neuron_soma/wgcna/module_group_scores/sensitivity_flagged_replicates_removed/module_score_CA2_WGCNA_#E6550D_sensitivity_flagged_replicates_remo","results/figures/06_modules_WGCNA/module_score/neuron_soma/wgcna/module_group_scores/sensitivity_flagged_replicates_removed/module_score_CA2_WGCNA_#E6550D_sensitivity_flagged_replicates_.svg",".svg","analysis/wgcna/score_module_activity.R","score_module_activity.R:3343/3357","template module_score_<rl>_<mod>_<analysis_label>.svg; unique prefix match against vocabulary harvested from well-formed siblings; content signature = svg, within the writer's emitted formats (svg)","b38500442dc97d35fdd104c206f72ba84e5a314b2b7729ab712f80b50a7d24db",8071,FALSE,"becomes discoverable","rename_in_place"
"results/figures/06_modules_WGCNA/module_score/neuron_soma/wgcna/module_group_scores/sensitivity_flagged_replicates_removed/module_score_CA2_WGCNA_#F16913_sensitivity_flagged_replicates_remo","results/figures/06_modules_WGCNA/module_score/neuron_soma/wgcna/module_group_scores/sensitivity_flagged_replicates_removed/module_score_CA2_WGCNA_#F16913_sensitivity_flagged_replicates_.svg",".svg","analysis/wgcna/score_module_activity.R","score_module_activity.R:3343/3357","template module_score_<rl>_<mod>_<analysis_label>.svg; unique prefix match against vocabulary harvested from well-formed siblings; content signature = svg, within the writer's emitted formats (svg)","11d91afbc345cc2da6ff4d16689dfd7347a29a28d836c63f2a41144e809a50e6",7943,FALSE,"becomes discoverable","rename_in_place"
"results/figures/06_modules_WGCNA/module_score/neuron_soma/wgcna/module_group_scores/sensitivity_flagged_replicates_removed/module_score_CA3_WGCNA_#006D2C_sensitivity_flagged_replicates_remo","results/figures/06_modules_WGCNA/module_score/neuron_soma/wgcna/module_group_scores/sensitivity_flagged_replicates_removed/module_score_CA3_WGCNA_#006D2C_sensitivity_flagged_replicates_.svg",".svg","analysis/wgcna/score_module_activity.R","score_module_activity.R:3343/3357","template module_score_<rl>_<mod>_<analysis_label>.svg; unique prefix match against vocabulary harvested from well-formed siblings; content signature = svg, within the writer's emitted formats (svg)","12f76e2c5ed57b436abb8e91e043f405d8678efea07177a21fa99902c0190e7f",7651,FALSE,"becomes discoverable","rename_in_place"
"results/figures/06_modules_WGCNA/module_score/neuron_soma/wgcna/module_group_scores/sensitivity_flagged_replicates_removed/module_score_CA3_WGCNA_#08519C_sensitivity_flagged_replicates_remo","results/figures/06_modules_WGCNA/module_score/neuron_soma/wgcna/module_group_scores/sensitivity_flagged_replicates_removed/module_score_CA3_WGCNA_#08519C_sensitivity_flagged_replicates_.svg",".svg","analysis/wgcna/score_module_activity.R","score_module_activity.R:3343/3357","template module_score_<rl>_<mod>_<analysis_label>.svg; unique prefix match against vocabulary harvested from well-formed siblings; content signature = svg, within the writer's emitted formats (svg)","19702e0326f7383e4a4ee34181808d518e969e4d19197f0a82320afeb6e2d37f",8598,FALSE,"becomes discoverable","rename_in_place"
"results/figures/06_modules_WGCNA/module_score/neuron_soma/wgcna/module_group_scores/sensitivity_flagged_replicates_removed/module_score_CA3_WGCNA_#1F4E79_sensitivity_flagged_replicates_remo","results/figures/06_modules_WGCNA/module_score/neuron_soma/wgcna/module_group_scores/sensitivity_flagged_replicates_removed/module_score_CA3_WGCNA_#1F4E79_sensitivity_flagged_replicates_.svg",".svg","analysis/wgcna/score_module_activity.R","score_module_activity.R:3343/3357","template module_score_<rl>_<mod>_<analysis_label>.svg; unique prefix match against vocabulary harvested from well-formed siblings; content signature = svg, within the writer's emitted formats (svg)","2fe545583f2d57f7f2503744b8748e20fc41453c6db31d27448ac30b0c4e726b",7350,FALSE,"becomes discoverable","rename_in_place"
"results/figures/06_modules_WGCNA/module_score/neuron_soma/wgcna/module_group_scores/sensitivity_flagged_replicates_removed/module_score_CA3_WGCNA_#238B45_sensitivity_flagged_replicates_remo","results/figures/06_modules_WGCNA/module_score/neuron_soma/wgcna/module_group_scores/sensitivity_flagged_replicates_removed/module_score_CA3_WGCNA_#238B45_sensitivity_flagged_replicates_.svg",".svg","analysis/wgcna/score_module_activity.R","score_module_activity.R:3343/3357","template module_score_<rl>_<mod>_<analysis_label>.svg; unique prefix match against vocabulary harvested from well-formed siblings; content signature = svg, within the writer's emitted formats (svg)","788eca2ee65930f2b4d9d95462ad74a26c46289c453080e7c961d219c40c9d1d",8088,FALSE,"becomes discoverable","rename_in_place"
"results/figures/06_modules_WGCNA/module_score/neuron_soma/wgcna/module_group_scores/sensitivity_flagged_replicates_removed/module_score_CA3_WGCNA_#2B8CBE_sensitivity_flagged_replicates_remo","results/figures/06_modules_WGCNA/module_score/neuron_soma/wgcna/module_group_scores/sensitivity_flagged_replicates_removed/module_score_CA3_WGCNA_#2B8CBE_sensitivity_flagged_replicates_.svg",".svg","analysis/wgcna/score_module_activity.R","score_module_activity.R:3343/3357","template module_score_<rl>_<mod>_<analysis_label>.svg; unique prefix match against vocabulary harvested from well-formed siblings; content signature = svg, within the writer's emitted formats (svg)","4fadc0431dd81045b0fab095d915cedb0a8bc05d0f11cffc652ff4d3ff8c0f41",8224,FALSE,"becomes discoverable","rename_in_place"
"results/figures/06_modules_WGCNA/module_score/neuron_soma/wgcna/module_group_scores/sensitivity_flagged_replicates_removed/module_score_CA3_WGCNA_#A63603_sensitivity_flagged_replicates_remo","results/figures/06_modules_WGCNA/module_score/neuron_soma/wgcna/module_group_scores/sensitivity_flagged_replicates_removed/module_score_CA3_WGCNA_#A63603_sensitivity_flagged_replicates_.svg",".svg","analysis/wgcna/score_module_activity.R","score_module_activity.R:3343/3357","template module_score_<rl>_<mod>_<analysis_label>.svg; unique prefix match against vocabulary harvested from well-formed siblings; content signature = svg, within the writer's emitted formats (svg)","2032ffa215f027c87a088048b1bf681e55727374bcafdca68218cdcbc3c7d39e",8230,FALSE,"becomes discoverable","rename_in_place"
"results/figures/06_modules_WGCNA/module_score/neuron_soma/wgcna/module_group_scores/sensitivity_flagged_replicates_removed/module_score_CA3_WGCNA_#E6550D_sensitivity_flagged_replicates_remo","results/figures/06_modules_WGCNA/module_score/neuron_soma/wgcna/module_group_scores/sensitivity_flagged_replicates_removed/module_score_CA3_WGCNA_#E6550D_sensitivity_flagged_replicates_.svg",".svg","analysis/wgcna/score_module_activity.R","score_module_activity.R:3343/3357","template module_score_<rl>_<mod>_<analysis_label>.svg; unique prefix match against vocabulary harvested from well-formed siblings; content signature = svg, within the writer's emitted formats (svg)","7d04f0148ca3f2f49d100786557ea4586ea2b4d0aedeb0ef15c39f1a0cbf11f4",7779,FALSE,"becomes discoverable","rename_in_place"
"results/figures/06_modules_WGCNA/module_score/neuron_soma/wgcna/module_group_scores/sensitivity_flagged_replicates_removed/module_score_CA3_WGCNA_#F16913_sensitivity_flagged_replicates_remo","results/figures/06_modules_WGCNA/module_score/neuron_soma/wgcna/module_group_scores/sensitivity_flagged_replicates_removed/module_score_CA3_WGCNA_#F16913_sensitivity_flagged_replicates_.svg",".svg","analysis/wgcna/score_module_activity.R","score_module_activity.R:3343/3357","template module_score_<rl>_<mod>_<analysis_label>.svg; unique prefix match against vocabulary harvested from well-formed siblings; content signature = svg, within the writer's emitted formats (svg)","62126926b6f6e4378f77223f7d089032fab14077701d746b190cf46cc02e2619",7522,FALSE,"becomes discoverable","rename_in_place"
"results/figures/06_modules_WGCNA/module_score/neuron_soma/wgcna/module_group_scores/sensitivity_flagged_replicates_removed/module_score_DG_WGCNA_#006D2C_sensitivity_flagged_replicates_remov","results/figures/06_modules_WGCNA/module_score/neuron_soma/wgcna/module_group_scores/sensitivity_flagged_replicates_removed/module_score_DG_WGCNA_#006D2C_sensitivity_flagged_replicates_r.svg",".svg","analysis/wgcna/score_module_activity.R","score_module_activity.R:3343/3357","template module_score_<rl>_<mod>_<analysis_label>.svg; unique prefix match against vocabulary harvested from well-formed siblings; content signature = svg, within the writer's emitted formats (svg)","0d3f767c66b790c587868138f052fd2058662a751c2f8460ce4fc4b82a2b724a",7362,FALSE,"becomes discoverable","rename_in_place"
"results/figures/06_modules_WGCNA/module_score/neuron_soma/wgcna/module_group_scores/sensitivity_flagged_replicates_removed/module_score_DG_WGCNA_#08519C_sensitivity_flagged_replicates_remov","results/figures/06_modules_WGCNA/module_score/neuron_soma/wgcna/module_group_scores/sensitivity_flagged_replicates_removed/module_score_DG_WGCNA_#08519C_sensitivity_flagged_replicates_r.svg",".svg","analysis/wgcna/score_module_activity.R","score_module_activity.R:3343/3357","template module_score_<rl>_<mod>_<analysis_label>.svg; unique prefix match against vocabulary harvested from well-formed siblings; content signature = svg, within the writer's emitted formats (svg)","60ccf31436087138e2e88db3b0cb79e8849a48c8db81d385681be8492047befe",7767,FALSE,"becomes discoverable","rename_in_place"
"results/figures/06_modules_WGCNA/module_score/neuron_soma/wgcna/module_group_scores/sensitivity_flagged_replicates_removed/module_score_DG_WGCNA_#1F4E79_sensitivity_flagged_replicates_remov","results/figures/06_modules_WGCNA/module_score/neuron_soma/wgcna/module_group_scores/sensitivity_flagged_replicates_removed/module_score_DG_WGCNA_#1F4E79_sensitivity_flagged_replicates_r.svg",".svg","analysis/wgcna/score_module_activity.R","score_module_activity.R:3343/3357","template module_score_<rl>_<mod>_<analysis_label>.svg; unique prefix match against vocabulary harvested from well-formed siblings; content signature = svg, within the writer's emitted formats (svg)","97e393383371142a522874fb7ff26f7cc91cfe884c311ea201e675502d196bf7",7523,FALSE,"becomes discoverable","rename_in_place"
"results/figures/06_modules_WGCNA/module_score/neuron_soma/wgcna/module_group_scores/sensitivity_flagged_replicates_removed/module_score_DG_WGCNA_#238B45_sensitivity_flagged_replicates_remov","results/figures/06_modules_WGCNA/module_score/neuron_soma/wgcna/module_group_scores/sensitivity_flagged_replicates_removed/module_score_DG_WGCNA_#238B45_sensitivity_flagged_replicates_r.svg",".svg","analysis/wgcna/score_module_activity.R","score_module_activity.R:3343/3357","template module_score_<rl>_<mod>_<analysis_label>.svg; unique prefix match against vocabulary harvested from well-formed siblings; content signature = svg, within the writer's emitted formats (svg)","5544e337d89e311776e5e4f335d6c804808bc565d16fec09a509d1db6a414c5a",7645,FALSE,"becomes discoverable","rename_in_place"
"results/figures/06_modules_WGCNA/module_score/neuron_soma/wgcna/module_group_scores/sensitivity_flagged_replicates_removed/module_score_DG_WGCNA_#2B8CBE_sensitivity_flagged_replicates_remov","results/figures/06_modules_WGCNA/module_score/neuron_soma/wgcna/module_group_scores/sensitivity_flagged_replicates_removed/module_score_DG_WGCNA_#2B8CBE_sensitivity_flagged_replicates_r.svg",".svg","analysis/wgcna/score_module_activity.R","score_module_activity.R:3343/3357","template module_score_<rl>_<mod>_<analysis_label>.svg; unique prefix match against vocabulary harvested from well-formed siblings; content signature = svg, within the writer's emitted formats (svg)","3ef6fcd76fb2886618dd8757d30a1115fcdc2ef13122447e222e55d06edaf886",8055,FALSE,"becomes discoverable","rename_in_place"
"results/figures/06_modules_WGCNA/module_score/neuron_soma/wgcna/module_group_scores/sensitivity_flagged_replicates_removed/module_score_DG_WGCNA_#A63603_sensitivity_flagged_replicates_remov","results/figures/06_modules_WGCNA/module_score/neuron_soma/wgcna/module_group_scores/sensitivity_flagged_replicates_removed/module_score_DG_WGCNA_#A63603_sensitivity_flagged_replicates_r.svg",".svg","analysis/wgcna/score_module_activity.R","score_module_activity.R:3343/3357","template module_score_<rl>_<mod>_<analysis_label>.svg; unique prefix match against vocabulary harvested from well-formed siblings; content signature = svg, within the writer's emitted formats (svg)","9a294e0e8a9e2e14ccfc67d0e2fa315b8831edafa2bcbfc2d5648da659ddfea9",8096,FALSE,"becomes discoverable","rename_in_place"
"results/figures/06_modules_WGCNA/module_score/neuron_soma/wgcna/module_group_scores/sensitivity_flagged_replicates_removed/module_score_DG_WGCNA_#E6550D_sensitivity_flagged_replicates_remov","results/figures/06_modules_WGCNA/module_score/neuron_soma/wgcna/module_group_scores/sensitivity_flagged_replicates_removed/module_score_DG_WGCNA_#E6550D_sensitivity_flagged_replicates_r.svg",".svg","analysis/wgcna/score_module_activity.R","score_module_activity.R:3343/3357","template module_score_<rl>_<mod>_<analysis_label>.svg; unique prefix match against vocabulary harvested from well-formed siblings; content signature = svg, within the writer's emitted formats (svg)","52adeac9691ea89e071f20c5ff3e434dcbae8c1610d5d91540abcb8eaff78a27",7072,FALSE,"becomes discoverable","rename_in_place"
"results/figures/06_modules_WGCNA/module_score/neuron_soma/wgcna/module_group_scores/sensitivity_flagged_replicates_removed/module_score_DG_WGCNA_#F16913_sensitivity_flagged_replicates_remov","results/figures/06_modules_WGCNA/module_score/neuron_soma/wgcna/module_group_scores/sensitivity_flagged_replicates_removed/module_score_DG_WGCNA_#F16913_sensitivity_flagged_replicates_r.svg",".svg","analysis/wgcna/score_module_activity.R","score_module_activity.R:3343/3357","template module_score_<rl>_<mod>_<analysis_label>.svg; unique prefix match against vocabulary harvested from well-formed siblings; content signature = svg, within the writer's emitted formats (svg)","7fa3d27cdd079f729cfc73f93a095e0c856d82b6f9a30bde6b8eebb98be6cf16",7345,FALSE,"becomes discoverable","rename_in_place"
