"dataset","manifest","field","field_kind","row_key","manifest_row","analysis_status","declared_path","declared_length","active_reader","required_for_runtime","current_declared_status","rebased_path","rebased_length","rebased_status","rebased_exists_physically","rebased_bytes","needs_staging","rationale"
"microglia","data/processed/04_differential_expression_enrichment/clusterProfiler/microglia/clusterProfiler_manifest.csv","output_table","runtime_required","CA1microgliares_CA1microgliacon|GSEA_GO|BP",1,"success_with_terms","P://results/source_data/04_differential_expression_enrichment/clusterProfiler/microglia/BP/phenotype_within_unit/CA1_microglia/CA1microgliares_CA1microgliacon_full.csv",167,"R/enrichment/enrichment_io.R:611 read_csv_contract | analysis/wgcna/compare_module_enrichment_overlap.R:239 read_leading_edge_set",TRUE,"declared_root_unmounted","S:/Lab_Member/Tobi/Experiments/Exp9_Social-Stress/Analysis/proteomics/results/source_data/04_differential_expression_enrichment/clusterProfiler/microglia/BP/phenotype_within_unit/CA1_microglia/CA1microgliares_CA1microgliacon_full.csv",233,"present",TRUE,1252064,FALSE,"runtime-required and the rebased path is directly usable"
"microglia","data/processed/04_differential_expression_enrichment/clusterProfiler/microglia/clusterProfiler_manifest.csv","output_table","runtime_required","CA1microgliares_CA1microgliacon|GSEA_KEGG|KEGG",2,"success_with_terms","P://results/source_data/04_differential_expression_enrichment/clusterProfiler/microglia/KEGG/phenotype_within_unit/CA1_microglia/CA1microgliares_CA1microgliacon_KEGG.csv",169,"R/enrichment/enrichment_io.R:611 read_csv_contract | analysis/wgcna/compare_module_enrichment_overlap.R:239 read_leading_edge_set",TRUE,"declared_root_unmounted","S:/Lab_Member/Tobi/Experiments/Exp9_Social-Stress/Analysis/proteomics/results/source_data/04_differential_expression_enrichment/clusterProfiler/microglia/KEGG/phenotype_within_unit/CA1_microglia/CA1microgliares_CA1microgliacon_KEGG.csv",235,"present",TRUE,86278,FALSE,"runtime-required and the rebased path is directly usable"
"microglia","data/processed/04_differential_expression_enrichment/clusterProfiler/microglia/clusterProfiler_manifest.csv","output_table","runtime_required","CA1microgliasus_CA1microgliacon|GSEA_GO|BP",3,"success_with_terms","P://results/source_data/04_differential_expression_enrichment/clusterProfiler/microglia/BP/phenotype_within_unit/CA1_microglia/CA1microgliasus_CA1microgliacon_full.csv",167,"R/enrichment/enrichment_io.R:611 read_csv_contract | analysis/wgcna/compare_module_enrichment_overlap.R:239 read_leading_edge_set",TRUE,"declared_root_unmounted","S:/Lab_Member/Tobi/Experiments/Exp9_Social-Stress/Analysis/proteomics/results/source_data/04_differential_expression_enrichment/clusterProfiler/microglia/BP/phenotype_within_unit/CA1_microglia/CA1microgliasus_CA1microgliacon_full.csv",233,"present",TRUE,1162552,FALSE,"runtime-required and the rebased path is directly usable"
"microglia","data/processed/04_differential_expression_enrichment/clusterProfiler/microglia/clusterProfiler_manifest.csv","output_table","runtime_required","CA1microgliasus_CA1microgliacon|GSEA_KEGG|KEGG",4,"success_with_terms","P://results/source_data/04_differential_expression_enrichment/clusterProfiler/microglia/KEGG/phenotype_within_unit/CA1_microglia/CA1microgliasus_CA1microgliacon_KEGG.csv",169,"R/enrichment/enrichment_io.R:611 read_csv_contract | analysis/wgcna/compare_module_enrichment_overlap.R:239 read_leading_edge_set",TRUE,"declared_root_unmounted","S:/Lab_Member/Tobi/Experiments/Exp9_Social-Stress/Analysis/proteomics/results/source_data/04_differential_expression_enrichment/clusterProfiler/microglia/KEGG/phenotype_within_unit/CA1_microglia/CA1microgliasus_CA1microgliacon_KEGG.csv",235,"present",TRUE,82093,FALSE,"runtime-required and the rebased path is directly usable"
"microglia","data/processed/04_differential_expression_enrichment/clusterProfiler/microglia/clusterProfiler_manifest.csv","output_table","runtime_required","CA1microgliasus_CA1microgliares|GSEA_GO|BP",5,"success_with_terms","P://results/source_data/04_differential_expression_enrichment/clusterProfiler/microglia/BP/phenotype_within_unit/CA1_microglia/CA1microgliasus_CA1microgliares_full.csv",167,"R/enrichment/enrichment_io.R:611 read_csv_contract | analysis/wgcna/compare_module_enrichment_overlap.R:239 read_leading_edge_set",TRUE,"declared_root_unmounted","S:/Lab_Member/Tobi/Experiments/Exp9_Social-Stress/Analysis/proteomics/results/source_data/04_differential_expression_enrichment/clusterProfiler/microglia/BP/phenotype_within_unit/CA1_microglia/CA1microgliasus_CA1microgliares_full.csv",233,"present",TRUE,1230698,FALSE,"runtime-required and the rebased path is directly usable"
"microglia","data/processed/04_differential_expression_enrichment/clusterProfiler/microglia/clusterProfiler_manifest.csv","output_table","runtime_required","CA1microgliasus_CA1microgliares|GSEA_KEGG|KEGG",6,"success_with_terms","P://results/source_data/04_differential_expression_enrichment/clusterProfiler/microglia/KEGG/phenotype_within_unit/CA1_microglia/CA1microgliasus_CA1microgliares_KEGG.csv",169,"R/enrichment/enrichment_io.R:611 read_csv_contract | analysis/wgcna/compare_module_enrichment_overlap.R:239 read_leading_edge_set",TRUE,"declared_root_unmounted","S:/Lab_Member/Tobi/Experiments/Exp9_Social-Stress/Analysis/proteomics/results/source_data/04_differential_expression_enrichment/clusterProfiler/microglia/KEGG/phenotype_within_unit/CA1_microglia/CA1microgliasus_CA1microgliares_KEGG.csv",235,"present",TRUE,84738,FALSE,"runtime-required and the rebased path is directly usable"
"microglia","data/processed/04_differential_expression_enrichment/clusterProfiler/microglia/clusterProfiler_manifest.csv","output_table","runtime_required","CA2microgliares_CA2microgliacon|GSEA_GO|BP",7,"success_with_terms","P://results/source_data/04_differential_expression_enrichment/clusterProfiler/microglia/BP/phenotype_within_unit/CA2_microglia/CA2microgliares_CA2microgliacon_full.csv",167,"R/enrichment/enrichment_io.R:611 read_csv_contract | analysis/wgcna/compare_module_enrichment_overlap.R:239 read_leading_edge_set",TRUE,"declared_root_unmounted","S:/Lab_Member/Tobi/Experiments/Exp9_Social-Stress/Analysis/proteomics/results/source_data/04_differential_expression_enrichment/clusterProfiler/microglia/BP/phenotype_within_unit/CA2_microglia/CA2microgliares_CA2microgliacon_full.csv",233,"present",TRUE,1188698,FALSE,"runtime-required and the rebased path is directly usable"
"microglia","data/processed/04_differential_expression_enrichment/clusterProfiler/microglia/clusterProfiler_manifest.csv","output_table","runtime_required","CA2microgliares_CA2microgliacon|GSEA_KEGG|KEGG",8,"success_with_terms","P://results/source_data/04_differential_expression_enrichment/clusterProfiler/microglia/KEGG/phenotype_within_unit/CA2_microglia/CA2microgliares_CA2microgliacon_KEGG.csv",169,"R/enrichment/enrichment_io.R:611 read_csv_contract | analysis/wgcna/compare_module_enrichment_overlap.R:239 read_leading_edge_set",TRUE,"declared_root_unmounted","S:/Lab_Member/Tobi/Experiments/Exp9_Social-Stress/Analysis/proteomics/results/source_data/04_differential_expression_enrichment/clusterProfiler/microglia/KEGG/phenotype_within_unit/CA2_microglia/CA2microgliares_CA2microgliacon_KEGG.csv",235,"present",TRUE,85310,FALSE,"runtime-required and the rebased path is directly usable"
"microglia","data/processed/04_differential_expression_enrichment/clusterProfiler/microglia/clusterProfiler_manifest.csv","output_table","runtime_required","CA2microgliasus_CA2microgliacon|GSEA_GO|BP",9,"success_with_terms","P://results/source_data/04_differential_expression_enrichment/clusterProfiler/microglia/BP/phenotype_within_unit/CA2_microglia/CA2microgliasus_CA2microgliacon_full.csv",167,"R/enrichment/enrichment_io.R:611 read_csv_contract | analysis/wgcna/compare_module_enrichment_overlap.R:239 read_leading_edge_set",TRUE,"declared_root_unmounted","S:/Lab_Member/Tobi/Experiments/Exp9_Social-Stress/Analysis/proteomics/results/source_data/04_differential_expression_enrichment/clusterProfiler/microglia/BP/phenotype_within_unit/CA2_microglia/CA2microgliasus_CA2microgliacon_full.csv",233,"present",TRUE,1207325,FALSE,"runtime-required and the rebased path is directly usable"
"microglia","data/processed/04_differential_expression_enrichment/clusterProfiler/microglia/clusterProfiler_manifest.csv","output_table","runtime_required","CA2microgliasus_CA2microgliacon|GSEA_KEGG|KEGG",10,"success_with_terms","P://results/source_data/04_differential_expression_enrichment/clusterProfiler/microglia/KEGG/phenotype_within_unit/CA2_microglia/CA2microgliasus_CA2microgliacon_KEGG.csv",169,"R/enrichment/enrichment_io.R:611 read_csv_contract | analysis/wgcna/compare_module_enrichment_overlap.R:239 read_leading_edge_set",TRUE,"declared_root_unmounted","S:/Lab_Member/Tobi/Experiments/Exp9_Social-Stress/Analysis/proteomics/results/source_data/04_differential_expression_enrichment/clusterProfiler/microglia/KEGG/phenotype_within_unit/CA2_microglia/CA2microgliasus_CA2microgliacon_KEGG.csv",235,"present",TRUE,86314,FALSE,"runtime-required and the rebased path is directly usable"
"microglia","data/processed/04_differential_expression_enrichment/clusterProfiler/microglia/clusterProfiler_manifest.csv","output_table","runtime_required","CA2microgliasus_CA2microgliares|GSEA_GO|BP",11,"success_with_terms","P://results/source_data/04_differential_expression_enrichment/clusterProfiler/microglia/BP/phenotype_within_unit/CA2_microglia/CA2microgliasus_CA2microgliares_full.csv",167,"R/enrichment/enrichment_io.R:611 read_csv_contract | analysis/wgcna/compare_module_enrichment_overlap.R:239 read_leading_edge_set",TRUE,"declared_root_unmounted","S:/Lab_Member/Tobi/Experiments/Exp9_Social-Stress/Analysis/proteomics/results/source_data/04_differential_expression_enrichment/clusterProfiler/microglia/BP/phenotype_within_unit/CA2_microglia/CA2microgliasus_CA2microgliares_full.csv",233,"present",TRUE,1263120,FALSE,"runtime-required and the rebased path is directly usable"
"microglia","data/processed/04_differential_expression_enrichment/clusterProfiler/microglia/clusterProfiler_manifest.csv","output_table","runtime_required","CA2microgliasus_CA2microgliares|GSEA_KEGG|KEGG",12,"success_with_terms","P://results/source_data/04_differential_expression_enrichment/clusterProfiler/microglia/KEGG/phenotype_within_unit/CA2_microglia/CA2microgliasus_CA2microgliares_KEGG.csv",169,"R/enrichment/enrichment_io.R:611 read_csv_contract | analysis/wgcna/compare_module_enrichment_overlap.R:239 read_leading_edge_set",TRUE,"declared_root_unmounted","S:/Lab_Member/Tobi/Experiments/Exp9_Social-Stress/Analysis/proteomics/results/source_data/04_differential_expression_enrichment/clusterProfiler/microglia/KEGG/phenotype_within_unit/CA2_microglia/CA2microgliasus_CA2microgliares_KEGG.csv",235,"present",TRUE,87801,FALSE,"runtime-required and the rebased path is directly usable"
"microglia","data/processed/04_differential_expression_enrichment/clusterProfiler/microglia/clusterProfiler_manifest.csv","output_table","runtime_required","CA3microgliares_CA3microgliacon|GSEA_GO|BP",13,"success_with_terms","P://results/source_data/04_differential_expression_enrichment/clusterProfiler/microglia/BP/phenotype_within_unit/CA3_microglia/CA3microgliares_CA3microgliacon_full.csv",167,"R/enrichment/enrichment_io.R:611 read_csv_contract | analysis/wgcna/compare_module_enrichment_overlap.R:239 read_leading_edge_set",TRUE,"declared_root_unmounted","S:/Lab_Member/Tobi/Experiments/Exp9_Social-Stress/Analysis/proteomics/results/source_data/04_differential_expression_enrichment/clusterProfiler/microglia/BP/phenotype_within_unit/CA3_microglia/CA3microgliares_CA3microgliacon_full.csv",233,"present",TRUE,1123565,FALSE,"runtime-required and the rebased path is directly usable"
"microglia","data/processed/04_differential_expression_enrichment/clusterProfiler/microglia/clusterProfiler_manifest.csv","output_table","runtime_required","CA3microgliares_CA3microgliacon|GSEA_KEGG|KEGG",14,"success_with_terms","P://results/source_data/04_differential_expression_enrichment/clusterProfiler/microglia/KEGG/phenotype_within_unit/CA3_microglia/CA3microgliares_CA3microgliacon_KEGG.csv",169,"R/enrichment/enrichment_io.R:611 read_csv_contract | analysis/wgcna/compare_module_enrichment_overlap.R:239 read_leading_edge_set",TRUE,"declared_root_unmounted","S:/Lab_Member/Tobi/Experiments/Exp9_Social-Stress/Analysis/proteomics/results/source_data/04_differential_expression_enrichment/clusterProfiler/microglia/KEGG/phenotype_within_unit/CA3_microglia/CA3microgliares_CA3microgliacon_KEGG.csv",235,"present",TRUE,75391,FALSE,"runtime-required and the rebased path is directly usable"
"microglia","data/processed/04_differential_expression_enrichment/clusterProfiler/microglia/clusterProfiler_manifest.csv","output_table","runtime_required","CA3microgliasus_CA3microgliacon|GSEA_GO|BP",15,"success_with_terms","P://results/source_data/04_differential_expression_enrichment/clusterProfiler/microglia/BP/phenotype_within_unit/CA3_microglia/CA3microgliasus_CA3microgliacon_full.csv",167,"R/enrichment/enrichment_io.R:611 read_csv_contract | analysis/wgcna/compare_module_enrichment_overlap.R:239 read_leading_edge_set",TRUE,"declared_root_unmounted","S:/Lab_Member/Tobi/Experiments/Exp9_Social-Stress/Analysis/proteomics/results/source_data/04_differential_expression_enrichment/clusterProfiler/microglia/BP/phenotype_within_unit/CA3_microglia/CA3microgliasus_CA3microgliacon_full.csv",233,"present",TRUE,1158398,FALSE,"runtime-required and the rebased path is directly usable"
"microglia","data/processed/04_differential_expression_enrichment/clusterProfiler/microglia/clusterProfiler_manifest.csv","output_table","runtime_required","CA3microgliasus_CA3microgliacon|GSEA_KEGG|KEGG",16,"success_with_terms","P://results/source_data/04_differential_expression_enrichment/clusterProfiler/microglia/KEGG/phenotype_within_unit/CA3_microglia/CA3microgliasus_CA3microgliacon_KEGG.csv",169,"R/enrichment/enrichment_io.R:611 read_csv_contract | analysis/wgcna/compare_module_enrichment_overlap.R:239 read_leading_edge_set",TRUE,"declared_root_unmounted","S:/Lab_Member/Tobi/Experiments/Exp9_Social-Stress/Analysis/proteomics/results/source_data/04_differential_expression_enrichment/clusterProfiler/microglia/KEGG/phenotype_within_unit/CA3_microglia/CA3microgliasus_CA3microgliacon_KEGG.csv",235,"present",TRUE,80833,FALSE,"runtime-required and the rebased path is directly usable"
"microglia","data/processed/04_differential_expression_enrichment/clusterProfiler/microglia/clusterProfiler_manifest.csv","output_table","runtime_required","CA3microgliasus_CA3microgliares|GSEA_GO|BP",17,"success_with_terms","P://results/source_data/04_differential_expression_enrichment/clusterProfiler/microglia/BP/phenotype_within_unit/CA3_microglia/CA3microgliasus_CA3microgliares_full.csv",167,"R/enrichment/enrichment_io.R:611 read_csv_contract | analysis/wgcna/compare_module_enrichment_overlap.R:239 read_leading_edge_set",TRUE,"declared_root_unmounted","S:/Lab_Member/Tobi/Experiments/Exp9_Social-Stress/Analysis/proteomics/results/source_data/04_differential_expression_enrichment/clusterProfiler/microglia/BP/phenotype_within_unit/CA3_microglia/CA3microgliasus_CA3microgliares_full.csv",233,"present",TRUE,1201633,FALSE,"runtime-required and the rebased path is directly usable"
"microglia","data/processed/04_differential_expression_enrichment/clusterProfiler/microglia/clusterProfiler_manifest.csv","output_table","runtime_required","CA3microgliasus_CA3microgliares|GSEA_KEGG|KEGG",18,"success_with_terms","P://results/source_data/04_differential_expression_enrichment/clusterProfiler/microglia/KEGG/phenotype_within_unit/CA3_microglia/CA3microgliasus_CA3microgliares_KEGG.csv",169,"R/enrichment/enrichment_io.R:611 read_csv_contract | analysis/wgcna/compare_module_enrichment_overlap.R:239 read_leading_edge_set",TRUE,"declared_root_unmounted","S:/Lab_Member/Tobi/Experiments/Exp9_Social-Stress/Analysis/proteomics/results/source_data/04_differential_expression_enrichment/clusterProfiler/microglia/KEGG/phenotype_within_unit/CA3_microglia/CA3microgliasus_CA3microgliares_KEGG.csv",235,"present",TRUE,81864,FALSE,"runtime-required and the rebased path is directly usable"
"microglia","data/processed/04_differential_expression_enrichment/clusterProfiler/microglia/clusterProfiler_manifest.csv","output_table","runtime_required","DGmicrogliares_DGmicrogliacon|GSEA_GO|BP",19,"success_with_terms","P://results/source_data/04_differential_expression_enrichment/clusterProfiler/microglia/BP/phenotype_within_unit/DG_microglia/DGmicrogliares_DGmicrogliacon_full.csv",164,"R/enrichment/enrichment_io.R:611 read_csv_contract | analysis/wgcna/compare_module_enrichment_overlap.R:239 read_leading_edge_set",TRUE,"declared_root_unmounted","S:/Lab_Member/Tobi/Experiments/Exp9_Social-Stress/Analysis/proteomics/results/source_data/04_differential_expression_enrichment/clusterProfiler/microglia/BP/phenotype_within_unit/DG_microglia/DGmicrogliares_DGmicrogliacon_full.csv",230,"present",TRUE,1245130,FALSE,"runtime-required and the rebased path is directly usable"
"microglia","data/processed/04_differential_expression_enrichment/clusterProfiler/microglia/clusterProfiler_manifest.csv","output_table","runtime_required","DGmicrogliares_DGmicrogliacon|GSEA_KEGG|KEGG",20,"success_with_terms","P://results/source_data/04_differential_expression_enrichment/clusterProfiler/microglia/KEGG/phenotype_within_unit/DG_microglia/DGmicrogliares_DGmicrogliacon_KEGG.csv",166,"R/enrichment/enrichment_io.R:611 read_csv_contract | analysis/wgcna/compare_module_enrichment_overlap.R:239 read_leading_edge_set",TRUE,"declared_root_unmounted","S:/Lab_Member/Tobi/Experiments/Exp9_Social-Stress/Analysis/proteomics/results/source_data/04_differential_expression_enrichment/clusterProfiler/microglia/KEGG/phenotype_within_unit/DG_microglia/DGmicrogliares_DGmicrogliacon_KEGG.csv",232,"present",TRUE,82050,FALSE,"runtime-required and the rebased path is directly usable"
"microglia","data/processed/04_differential_expression_enrichment/clusterProfiler/microglia/clusterProfiler_manifest.csv","output_table","runtime_required","DGmicrogliasus_DGmicrogliacon|GSEA_GO|BP",21,"success_with_terms","P://results/source_data/04_differential_expression_enrichment/clusterProfiler/microglia/BP/phenotype_within_unit/DG_microglia/DGmicrogliasus_DGmicrogliacon_full.csv",164,"R/enrichment/enrichment_io.R:611 read_csv_contract | analysis/wgcna/compare_module_enrichment_overlap.R:239 read_leading_edge_set",TRUE,"declared_root_unmounted","S:/Lab_Member/Tobi/Experiments/Exp9_Social-Stress/Analysis/proteomics/results/source_data/04_differential_expression_enrichment/clusterProfiler/microglia/BP/phenotype_within_unit/DG_microglia/DGmicrogliasus_DGmicrogliacon_full.csv",230,"present",TRUE,1146644,FALSE,"runtime-required and the rebased path is directly usable"
"microglia","data/processed/04_differential_expression_enrichment/clusterProfiler/microglia/clusterProfiler_manifest.csv","output_table","runtime_required","DGmicrogliasus_DGmicrogliacon|GSEA_KEGG|KEGG",22,"success_with_terms","P://results/source_data/04_differential_expression_enrichment/clusterProfiler/microglia/KEGG/phenotype_within_unit/DG_microglia/DGmicrogliasus_DGmicrogliacon_KEGG.csv",166,"R/enrichment/enrichment_io.R:611 read_csv_contract | analysis/wgcna/compare_module_enrichment_overlap.R:239 read_leading_edge_set",TRUE,"declared_root_unmounted","S:/Lab_Member/Tobi/Experiments/Exp9_Social-Stress/Analysis/proteomics/results/source_data/04_differential_expression_enrichment/clusterProfiler/microglia/KEGG/phenotype_within_unit/DG_microglia/DGmicrogliasus_DGmicrogliacon_KEGG.csv",232,"present",TRUE,81456,FALSE,"runtime-required and the rebased path is directly usable"
"microglia","data/processed/04_differential_expression_enrichment/clusterProfiler/microglia/clusterProfiler_manifest.csv","output_table","runtime_required","DGmicrogliasus_DGmicrogliares|GSEA_GO|BP",23,"success_with_terms","P://results/source_data/04_differential_expression_enrichment/clusterProfiler/microglia/BP/phenotype_within_unit/DG_microglia/DGmicrogliasus_DGmicrogliares_full.csv",164,"R/enrichment/enrichment_io.R:611 read_csv_contract | analysis/wgcna/compare_module_enrichment_overlap.R:239 read_leading_edge_set",TRUE,"declared_root_unmounted","S:/Lab_Member/Tobi/Experiments/Exp9_Social-Stress/Analysis/proteomics/results/source_data/04_differential_expression_enrichment/clusterProfiler/microglia/BP/phenotype_within_unit/DG_microglia/DGmicrogliasus_DGmicrogliares_full.csv",230,"present",TRUE,1205859,FALSE,"runtime-required and the rebased path is directly usable"
"microglia","data/processed/04_differential_expression_enrichment/clusterProfiler/microglia/clusterProfiler_manifest.csv","output_table","runtime_required","DGmicrogliasus_DGmicrogliares|GSEA_KEGG|KEGG",24,"success_with_terms","P://results/source_data/04_differential_expression_enrichment/clusterProfiler/microglia/KEGG/phenotype_within_unit/DG_microglia/DGmicrogliasus_DGmicrogliares_KEGG.csv",166,"R/enrichment/enrichment_io.R:611 read_csv_contract | analysis/wgcna/compare_module_enrichment_overlap.R:239 read_leading_edge_set",TRUE,"declared_root_unmounted","S:/Lab_Member/Tobi/Experiments/Exp9_Social-Stress/Analysis/proteomics/results/source_data/04_differential_expression_enrichment/clusterProfiler/microglia/KEGG/phenotype_within_unit/DG_microglia/DGmicrogliasus_DGmicrogliares_KEGG.csv",232,"present",TRUE,81806,FALSE,"runtime-required and the rebased path is directly usable"
"microglia","data/processed/04_differential_expression_enrichment/clusterProfiler/microglia/clusterProfiler_manifest.csv","collapsed_gene_input_file","runtime_required","CA1microgliares_CA1microgliacon|GSEA_GO|BP",1,"success_with_terms","P://data/processed/04_differential_expression_enrichment/clusterProfiler/microglia/phenotype_within_unit/CA1_microglia/CA1microgliares_CA1microgliacon/protein_group_audits/collapsed_gene_input.csv",196,"R/enrichment/enrichment_io.R:500 read_csv_contract",TRUE,"declared_root_unmounted","S:/Lab_Member/Tobi/Experiments/Exp9_Social-Stress/Analysis/proteomics/data/processed/04_differential_expression_enrichment/clusterProfiler/microglia/phenotype_within_unit/CA1_microglia/CA1microgliares_CA1microgliacon/protein_group_audits/collapsed_gene_input.csv",262,"path_over_limit",TRUE,1377357,TRUE,"runtime-required, source exists, rebased path crosses the wall: stage"
"microglia","data/processed/04_differential_expression_enrichment/clusterProfiler/microglia/clusterProfiler_manifest.csv","collapsed_gene_input_file","runtime_required","CA1microgliares_CA1microgliacon|GSEA_KEGG|KEGG",2,"success_with_terms","P://data/processed/04_differential_expression_enrichment/clusterProfiler/microglia/phenotype_within_unit/CA1_microglia/CA1microgliares_CA1microgliacon/protein_group_audits/collapsed_gene_input.csv",196,"R/enrichment/enrichment_io.R:500 read_csv_contract",TRUE,"declared_root_unmounted","S:/Lab_Member/Tobi/Experiments/Exp9_Social-Stress/Analysis/proteomics/data/processed/04_differential_expression_enrichment/clusterProfiler/microglia/phenotype_within_unit/CA1_microglia/CA1microgliares_CA1microgliacon/protein_group_audits/collapsed_gene_input.csv",262,"path_over_limit",TRUE,1377357,TRUE,"runtime-required, source exists, rebased path crosses the wall: stage"
"microglia","data/processed/04_differential_expression_enrichment/clusterProfiler/microglia/clusterProfiler_manifest.csv","collapsed_gene_input_file","runtime_required","CA1microgliasus_CA1microgliacon|GSEA_GO|BP",3,"success_with_terms","P://data/processed/04_differential_expression_enrichment/clusterProfiler/microglia/phenotype_within_unit/CA1_microglia/CA1microgliasus_CA1microgliacon/protein_group_audits/collapsed_gene_input.csv",196,"R/enrichment/enrichment_io.R:500 read_csv_contract",TRUE,"declared_root_unmounted","S:/Lab_Member/Tobi/Experiments/Exp9_Social-Stress/Analysis/proteomics/data/processed/04_differential_expression_enrichment/clusterProfiler/microglia/phenotype_within_unit/CA1_microglia/CA1microgliasus_CA1microgliacon/protein_group_audits/collapsed_gene_input.csv",262,"path_over_limit",TRUE,1380377,TRUE,"runtime-required, source exists, rebased path crosses the wall: stage"
"microglia","data/processed/04_differential_expression_enrichment/clusterProfiler/microglia/clusterProfiler_manifest.csv","collapsed_gene_input_file","runtime_required","CA1microgliasus_CA1microgliacon|GSEA_KEGG|KEGG",4,"success_with_terms","P://data/processed/04_differential_expression_enrichment/clusterProfiler/microglia/phenotype_within_unit/CA1_microglia/CA1microgliasus_CA1microgliacon/protein_group_audits/collapsed_gene_input.csv",196,"R/enrichment/enrichment_io.R:500 read_csv_contract",TRUE,"declared_root_unmounted","S:/Lab_Member/Tobi/Experiments/Exp9_Social-Stress/Analysis/proteomics/data/processed/04_differential_expression_enrichment/clusterProfiler/microglia/phenotype_within_unit/CA1_microglia/CA1microgliasus_CA1microgliacon/protein_group_audits/collapsed_gene_input.csv",262,"path_over_limit",TRUE,1380377,TRUE,"runtime-required, source exists, rebased path crosses the wall: stage"
"microglia","data/processed/04_differential_expression_enrichment/clusterProfiler/microglia/clusterProfiler_manifest.csv","collapsed_gene_input_file","runtime_required","CA1microgliasus_CA1microgliares|GSEA_GO|BP",5,"success_with_terms","P://data/processed/04_differential_expression_enrichment/clusterProfiler/microglia/phenotype_within_unit/CA1_microglia/CA1microgliasus_CA1microgliares/protein_group_audits/collapsed_gene_input.csv",196,"R/enrichment/enrichment_io.R:500 read_csv_contract",TRUE,"declared_root_unmounted","S:/Lab_Member/Tobi/Experiments/Exp9_Social-Stress/Analysis/proteomics/data/processed/04_differential_expression_enrichment/clusterProfiler/microglia/phenotype_within_unit/CA1_microglia/CA1microgliasus_CA1microgliares/protein_group_audits/collapsed_gene_input.csv",262,"path_over_limit",TRUE,1382252,TRUE,"runtime-required, source exists, rebased path crosses the wall: stage"
"microglia","data/processed/04_differential_expression_enrichment/clusterProfiler/microglia/clusterProfiler_manifest.csv","collapsed_gene_input_file","runtime_required","CA1microgliasus_CA1microgliares|GSEA_KEGG|KEGG",6,"success_with_terms","P://data/processed/04_differential_expression_enrichment/clusterProfiler/microglia/phenotype_within_unit/CA1_microglia/CA1microgliasus_CA1microgliares/protein_group_audits/collapsed_gene_input.csv",196,"R/enrichment/enrichment_io.R:500 read_csv_contract",TRUE,"declared_root_unmounted","S:/Lab_Member/Tobi/Experiments/Exp9_Social-Stress/Analysis/proteomics/data/processed/04_differential_expression_enrichment/clusterProfiler/microglia/phenotype_within_unit/CA1_microglia/CA1microgliasus_CA1microgliares/protein_group_audits/collapsed_gene_input.csv",262,"path_over_limit",TRUE,1382252,TRUE,"runtime-required, source exists, rebased path crosses the wall: stage"
"microglia","data/processed/04_differential_expression_enrichment/clusterProfiler/microglia/clusterProfiler_manifest.csv","collapsed_gene_input_file","runtime_required","CA2microgliares_CA2microgliacon|GSEA_GO|BP",7,"success_with_terms","P://data/processed/04_differential_expression_enrichment/clusterProfiler/microglia/phenotype_within_unit/CA2_microglia/CA2microgliares_CA2microgliacon/protein_group_audits/collapsed_gene_input.csv",196,"R/enrichment/enrichment_io.R:500 read_csv_contract",TRUE,"declared_root_unmounted","S:/Lab_Member/Tobi/Experiments/Exp9_Social-Stress/Analysis/proteomics/data/processed/04_differential_expression_enrichment/clusterProfiler/microglia/phenotype_within_unit/CA2_microglia/CA2microgliares_CA2microgliacon/protein_group_audits/collapsed_gene_input.csv",262,"path_over_limit",TRUE,1377861,TRUE,"runtime-required, source exists, rebased path crosses the wall: stage"
"microglia","data/processed/04_differential_expression_enrichment/clusterProfiler/microglia/clusterProfiler_manifest.csv","collapsed_gene_input_file","runtime_required","CA2microgliares_CA2microgliacon|GSEA_KEGG|KEGG",8,"success_with_terms","P://data/processed/04_differential_expression_enrichment/clusterProfiler/microglia/phenotype_within_unit/CA2_microglia/CA2microgliares_CA2microgliacon/protein_group_audits/collapsed_gene_input.csv",196,"R/enrichment/enrichment_io.R:500 read_csv_contract",TRUE,"declared_root_unmounted","S:/Lab_Member/Tobi/Experiments/Exp9_Social-Stress/Analysis/proteomics/data/processed/04_differential_expression_enrichment/clusterProfiler/microglia/phenotype_within_unit/CA2_microglia/CA2microgliares_CA2microgliacon/protein_group_audits/collapsed_gene_input.csv",262,"path_over_limit",TRUE,1377861,TRUE,"runtime-required, source exists, rebased path crosses the wall: stage"
"microglia","data/processed/04_differential_expression_enrichment/clusterProfiler/microglia/clusterProfiler_manifest.csv","collapsed_gene_input_file","runtime_required","CA2microgliasus_CA2microgliacon|GSEA_GO|BP",9,"success_with_terms","P://data/processed/04_differential_expression_enrichment/clusterProfiler/microglia/phenotype_within_unit/CA2_microglia/CA2microgliasus_CA2microgliacon/protein_group_audits/collapsed_gene_input.csv",196,"R/enrichment/enrichment_io.R:500 read_csv_contract",TRUE,"declared_root_unmounted","S:/Lab_Member/Tobi/Experiments/Exp9_Social-Stress/Analysis/proteomics/data/processed/04_differential_expression_enrichment/clusterProfiler/microglia/phenotype_within_unit/CA2_microglia/CA2microgliasus_CA2microgliacon/protein_group_audits/collapsed_gene_input.csv",262,"path_over_limit",TRUE,1382160,TRUE,"runtime-required, source exists, rebased path crosses the wall: stage"
"microglia","data/processed/04_differential_expression_enrichment/clusterProfiler/microglia/clusterProfiler_manifest.csv","collapsed_gene_input_file","runtime_required","CA2microgliasus_CA2microgliacon|GSEA_KEGG|KEGG",10,"success_with_terms","P://data/processed/04_differential_expression_enrichment/clusterProfiler/microglia/phenotype_within_unit/CA2_microglia/CA2microgliasus_CA2microgliacon/protein_group_audits/collapsed_gene_input.csv",196,"R/enrichment/enrichment_io.R:500 read_csv_contract",TRUE,"declared_root_unmounted","S:/Lab_Member/Tobi/Experiments/Exp9_Social-Stress/Analysis/proteomics/data/processed/04_differential_expression_enrichment/clusterProfiler/microglia/phenotype_within_unit/CA2_microglia/CA2microgliasus_CA2microgliacon/protein_group_audits/collapsed_gene_input.csv",262,"path_over_limit",TRUE,1382160,TRUE,"runtime-required, source exists, rebased path crosses the wall: stage"
"microglia","data/processed/04_differential_expression_enrichment/clusterProfiler/microglia/clusterProfiler_manifest.csv","collapsed_gene_input_file","runtime_required","CA2microgliasus_CA2microgliares|GSEA_GO|BP",11,"success_with_terms","P://data/processed/04_differential_expression_enrichment/clusterProfiler/microglia/phenotype_within_unit/CA2_microglia/CA2microgliasus_CA2microgliares/protein_group_audits/collapsed_gene_input.csv",196,"R/enrichment/enrichment_io.R:500 read_csv_contract",TRUE,"declared_root_unmounted","S:/Lab_Member/Tobi/Experiments/Exp9_Social-Stress/Analysis/proteomics/data/processed/04_differential_expression_enrichment/clusterProfiler/microglia/phenotype_within_unit/CA2_microglia/CA2microgliasus_CA2microgliares/protein_group_audits/collapsed_gene_input.csv",262,"path_over_limit",TRUE,1379511,TRUE,"runtime-required, source exists, rebased path crosses the wall: stage"
"microglia","data/processed/04_differential_expression_enrichment/clusterProfiler/microglia/clusterProfiler_manifest.csv","collapsed_gene_input_file","runtime_required","CA2microgliasus_CA2microgliares|GSEA_KEGG|KEGG",12,"success_with_terms","P://data/processed/04_differential_expression_enrichment/clusterProfiler/microglia/phenotype_within_unit/CA2_microglia/CA2microgliasus_CA2microgliares/protein_group_audits/collapsed_gene_input.csv",196,"R/enrichment/enrichment_io.R:500 read_csv_contract",TRUE,"declared_root_unmounted","S:/Lab_Member/Tobi/Experiments/Exp9_Social-Stress/Analysis/proteomics/data/processed/04_differential_expression_enrichment/clusterProfiler/microglia/phenotype_within_unit/CA2_microglia/CA2microgliasus_CA2microgliares/protein_group_audits/collapsed_gene_input.csv",262,"path_over_limit",TRUE,1379511,TRUE,"runtime-required, source exists, rebased path crosses the wall: stage"
"microglia","data/processed/04_differential_expression_enrichment/clusterProfiler/microglia/clusterProfiler_manifest.csv","collapsed_gene_input_file","runtime_required","CA3microgliares_CA3microgliacon|GSEA_GO|BP",13,"success_with_terms","P://data/processed/04_differential_expression_enrichment/clusterProfiler/microglia/phenotype_within_unit/CA3_microglia/CA3microgliares_CA3microgliacon/protein_group_audits/collapsed_gene_input.csv",196,"R/enrichment/enrichment_io.R:500 read_csv_contract",TRUE,"declared_root_unmounted","S:/Lab_Member/Tobi/Experiments/Exp9_Social-Stress/Analysis/proteomics/data/processed/04_differential_expression_enrichment/clusterProfiler/microglia/phenotype_within_unit/CA3_microglia/CA3microgliares_CA3microgliacon/protein_group_audits/collapsed_gene_input.csv",262,"path_over_limit",TRUE,1371635,TRUE,"runtime-required, source exists, rebased path crosses the wall: stage"
"microglia","data/processed/04_differential_expression_enrichment/clusterProfiler/microglia/clusterProfiler_manifest.csv","collapsed_gene_input_file","runtime_required","CA3microgliares_CA3microgliacon|GSEA_KEGG|KEGG",14,"success_with_terms","P://data/processed/04_differential_expression_enrichment/clusterProfiler/microglia/phenotype_within_unit/CA3_microglia/CA3microgliares_CA3microgliacon/protein_group_audits/collapsed_gene_input.csv",196,"R/enrichment/enrichment_io.R:500 read_csv_contract",TRUE,"declared_root_unmounted","S:/Lab_Member/Tobi/Experiments/Exp9_Social-Stress/Analysis/proteomics/data/processed/04_differential_expression_enrichment/clusterProfiler/microglia/phenotype_within_unit/CA3_microglia/CA3microgliares_CA3microgliacon/protein_group_audits/collapsed_gene_input.csv",262,"path_over_limit",TRUE,1371635,TRUE,"runtime-required, source exists, rebased path crosses the wall: stage"
"microglia","data/processed/04_differential_expression_enrichment/clusterProfiler/microglia/clusterProfiler_manifest.csv","collapsed_gene_input_file","runtime_required","CA3microgliasus_CA3microgliacon|GSEA_GO|BP",15,"success_with_terms","P://data/processed/04_differential_expression_enrichment/clusterProfiler/microglia/phenotype_within_unit/CA3_microglia/CA3microgliasus_CA3microgliacon/protein_group_audits/collapsed_gene_input.csv",196,"R/enrichment/enrichment_io.R:500 read_csv_contract",TRUE,"declared_root_unmounted","S:/Lab_Member/Tobi/Experiments/Exp9_Social-Stress/Analysis/proteomics/data/processed/04_differential_expression_enrichment/clusterProfiler/microglia/phenotype_within_unit/CA3_microglia/CA3microgliasus_CA3microgliacon/protein_group_audits/collapsed_gene_input.csv",262,"path_over_limit",TRUE,1384398,TRUE,"runtime-required, source exists, rebased path crosses the wall: stage"
"microglia","data/processed/04_differential_expression_enrichment/clusterProfiler/microglia/clusterProfiler_manifest.csv","collapsed_gene_input_file","runtime_required","CA3microgliasus_CA3microgliacon|GSEA_KEGG|KEGG",16,"success_with_terms","P://data/processed/04_differential_expression_enrichment/clusterProfiler/microglia/phenotype_within_unit/CA3_microglia/CA3microgliasus_CA3microgliacon/protein_group_audits/collapsed_gene_input.csv",196,"R/enrichment/enrichment_io.R:500 read_csv_contract",TRUE,"declared_root_unmounted","S:/Lab_Member/Tobi/Experiments/Exp9_Social-Stress/Analysis/proteomics/data/processed/04_differential_expression_enrichment/clusterProfiler/microglia/phenotype_within_unit/CA3_microglia/CA3microgliasus_CA3microgliacon/protein_group_audits/collapsed_gene_input.csv",262,"path_over_limit",TRUE,1384398,TRUE,"runtime-required, source exists, rebased path crosses the wall: stage"
"microglia","data/processed/04_differential_expression_enrichment/clusterProfiler/microglia/clusterProfiler_manifest.csv","collapsed_gene_input_file","runtime_required","CA3microgliasus_CA3microgliares|GSEA_GO|BP",17,"success_with_terms","P://data/processed/04_differential_expression_enrichment/clusterProfiler/microglia/phenotype_within_unit/CA3_microglia/CA3microgliasus_CA3microgliares/protein_group_audits/collapsed_gene_input.csv",196,"R/enrichment/enrichment_io.R:500 read_csv_contract",TRUE,"declared_root_unmounted","S:/Lab_Member/Tobi/Experiments/Exp9_Social-Stress/Analysis/proteomics/data/processed/04_differential_expression_enrichment/clusterProfiler/microglia/phenotype_within_unit/CA3_microglia/CA3microgliasus_CA3microgliares/protein_group_audits/collapsed_gene_input.csv",262,"path_over_limit",TRUE,1383231,TRUE,"runtime-required, source exists, rebased path crosses the wall: stage"
"microglia","data/processed/04_differential_expression_enrichment/clusterProfiler/microglia/clusterProfiler_manifest.csv","collapsed_gene_input_file","runtime_required","CA3microgliasus_CA3microgliares|GSEA_KEGG|KEGG",18,"success_with_terms","P://data/processed/04_differential_expression_enrichment/clusterProfiler/microglia/phenotype_within_unit/CA3_microglia/CA3microgliasus_CA3microgliares/protein_group_audits/collapsed_gene_input.csv",196,"R/enrichment/enrichment_io.R:500 read_csv_contract",TRUE,"declared_root_unmounted","S:/Lab_Member/Tobi/Experiments/Exp9_Social-Stress/Analysis/proteomics/data/processed/04_differential_expression_enrichment/clusterProfiler/microglia/phenotype_within_unit/CA3_microglia/CA3microgliasus_CA3microgliares/protein_group_audits/collapsed_gene_input.csv",262,"path_over_limit",TRUE,1383231,TRUE,"runtime-required, source exists, rebased path crosses the wall: stage"
"microglia","data/processed/04_differential_expression_enrichment/clusterProfiler/microglia/clusterProfiler_manifest.csv","collapsed_gene_input_file","runtime_required","DGmicrogliares_DGmicrogliacon|GSEA_GO|BP",19,"success_with_terms","P://data/processed/04_differential_expression_enrichment/clusterProfiler/microglia/phenotype_within_unit/DG_microglia/DGmicrogliares_DGmicrogliacon/protein_group_audits/collapsed_gene_input.csv",193,"R/enrichment/enrichment_io.R:500 read_csv_contract",TRUE,"declared_root_unmounted","S:/Lab_Member/Tobi/Experiments/Exp9_Social-Stress/Analysis/proteomics/data/processed/04_differential_expression_enrichment/clusterProfiler/microglia/phenotype_within_unit/DG_microglia/DGmicrogliares_DGmicrogliacon/protein_group_audits/collapsed_gene_input.csv",259,"present",TRUE,1376057,FALSE,"runtime-required and the rebased path is directly usable"
"microglia","data/processed/04_differential_expression_enrichment/clusterProfiler/microglia/clusterProfiler_manifest.csv","collapsed_gene_input_file","runtime_required","DGmicrogliares_DGmicrogliacon|GSEA_KEGG|KEGG",20,"success_with_terms","P://data/processed/04_differential_expression_enrichment/clusterProfiler/microglia/phenotype_within_unit/DG_microglia/DGmicrogliares_DGmicrogliacon/protein_group_audits/collapsed_gene_input.csv",193,"R/enrichment/enrichment_io.R:500 read_csv_contract",TRUE,"declared_root_unmounted","S:/Lab_Member/Tobi/Experiments/Exp9_Social-Stress/Analysis/proteomics/data/processed/04_differential_expression_enrichment/clusterProfiler/microglia/phenotype_within_unit/DG_microglia/DGmicrogliares_DGmicrogliacon/protein_group_audits/collapsed_gene_input.csv",259,"present",TRUE,1376057,FALSE,"runtime-required and the rebased path is directly usable"
"microglia","data/processed/04_differential_expression_enrichment/clusterProfiler/microglia/clusterProfiler_manifest.csv","collapsed_gene_input_file","runtime_required","DGmicrogliasus_DGmicrogliacon|GSEA_GO|BP",21,"success_with_terms","P://data/processed/04_differential_expression_enrichment/clusterProfiler/microglia/phenotype_within_unit/DG_microglia/DGmicrogliasus_DGmicrogliacon/protein_group_audits/collapsed_gene_input.csv",193,"R/enrichment/enrichment_io.R:500 read_csv_contract",TRUE,"declared_root_unmounted","S:/Lab_Member/Tobi/Experiments/Exp9_Social-Stress/Analysis/proteomics/data/processed/04_differential_expression_enrichment/clusterProfiler/microglia/phenotype_within_unit/DG_microglia/DGmicrogliasus_DGmicrogliacon/protein_group_audits/collapsed_gene_input.csv",259,"present",TRUE,1380501,FALSE,"runtime-required and the rebased path is directly usable"
"microglia","data/processed/04_differential_expression_enrichment/clusterProfiler/microglia/clusterProfiler_manifest.csv","collapsed_gene_input_file","runtime_required","DGmicrogliasus_DGmicrogliacon|GSEA_KEGG|KEGG",22,"success_with_terms","P://data/processed/04_differential_expression_enrichment/clusterProfiler/microglia/phenotype_within_unit/DG_microglia/DGmicrogliasus_DGmicrogliacon/protein_group_audits/collapsed_gene_input.csv",193,"R/enrichment/enrichment_io.R:500 read_csv_contract",TRUE,"declared_root_unmounted","S:/Lab_Member/Tobi/Experiments/Exp9_Social-Stress/Analysis/proteomics/data/processed/04_differential_expression_enrichment/clusterProfiler/microglia/phenotype_within_unit/DG_microglia/DGmicrogliasus_DGmicrogliacon/protein_group_audits/collapsed_gene_input.csv",259,"present",TRUE,1380501,FALSE,"runtime-required and the rebased path is directly usable"
"microglia","data/processed/04_differential_expression_enrichment/clusterProfiler/microglia/clusterProfiler_manifest.csv","collapsed_gene_input_file","runtime_required","DGmicrogliasus_DGmicrogliares|GSEA_GO|BP",23,"success_with_terms","P://data/processed/04_differential_expression_enrichment/clusterProfiler/microglia/phenotype_within_unit/DG_microglia/DGmicrogliasus_DGmicrogliares/protein_group_audits/collapsed_gene_input.csv",193,"R/enrichment/enrichment_io.R:500 read_csv_contract",TRUE,"declared_root_unmounted","S:/Lab_Member/Tobi/Experiments/Exp9_Social-Stress/Analysis/proteomics/data/processed/04_differential_expression_enrichment/clusterProfiler/microglia/phenotype_within_unit/DG_microglia/DGmicrogliasus_DGmicrogliares/protein_group_audits/collapsed_gene_input.csv",259,"present",TRUE,1382511,FALSE,"runtime-required and the rebased path is directly usable"
"microglia","data/processed/04_differential_expression_enrichment/clusterProfiler/microglia/clusterProfiler_manifest.csv","collapsed_gene_input_file","runtime_required","DGmicrogliasus_DGmicrogliares|GSEA_KEGG|KEGG",24,"success_with_terms","P://data/processed/04_differential_expression_enrichment/clusterProfiler/microglia/phenotype_within_unit/DG_microglia/DGmicrogliasus_DGmicrogliares/protein_group_audits/collapsed_gene_input.csv",193,"R/enrichment/enrichment_io.R:500 read_csv_contract",TRUE,"declared_root_unmounted","S:/Lab_Member/Tobi/Experiments/Exp9_Social-Stress/Analysis/proteomics/data/processed/04_differential_expression_enrichment/clusterProfiler/microglia/phenotype_within_unit/DG_microglia/DGmicrogliasus_DGmicrogliares/protein_group_audits/collapsed_gene_input.csv",259,"present",TRUE,1382511,FALSE,"runtime-required and the rebased path is directly usable"
"microglia","data/processed/04_differential_expression_enrichment/clusterProfiler/microglia/clusterProfiler_manifest.csv","term_gene_provenance_file","runtime_required","CA1microgliares_CA1microgliacon|GSEA_GO|BP",1,"success_with_terms","P://data/processed/04_differential_expression_enrichment/clusterProfiler/microglia/phenotype_within_unit/CA1_microglia/CA1microgliares_CA1microgliacon/protein_group_audits/gsea_go_term_gene_provenance.csv",204,"R/enrichment/enrichment_io.R:625 read_csv_contract",TRUE,"declared_root_unmounted","S:/Lab_Member/Tobi/Experiments/Exp9_Social-Stress/Analysis/proteomics/data/processed/04_differential_expression_enrichment/clusterProfiler/microglia/phenotype_within_unit/CA1_microglia/CA1microgliares_CA1microgliacon/protein_group_audits/gsea_go_term_gene_provenance.csv",270,"path_over_limit",TRUE,27310579,TRUE,"runtime-required, source exists, rebased path crosses the wall: stage"
"microglia","data/processed/04_differential_expression_enrichment/clusterProfiler/microglia/clusterProfiler_manifest.csv","term_gene_provenance_file","runtime_required","CA1microgliares_CA1microgliacon|GSEA_KEGG|KEGG",2,"success_with_terms","P://data/processed/04_differential_expression_enrichment/clusterProfiler/microglia/phenotype_within_unit/CA1_microglia/CA1microgliares_CA1microgliacon/protein_group_audits/gsea_kegg_term_gene_provenance.csv",206,"R/enrichment/enrichment_io.R:625 read_csv_contract",TRUE,"declared_root_unmounted","S:/Lab_Member/Tobi/Experiments/Exp9_Social-Stress/Analysis/proteomics/data/processed/04_differential_expression_enrichment/clusterProfiler/microglia/phenotype_within_unit/CA1_microglia/CA1microgliares_CA1microgliacon/protein_group_audits/gsea_kegg_term_gene_provenance.csv",272,"path_over_limit",TRUE,1669800,TRUE,"runtime-required, source exists, rebased path crosses the wall: stage"
"microglia","data/processed/04_differential_expression_enrichment/clusterProfiler/microglia/clusterProfiler_manifest.csv","term_gene_provenance_file","runtime_required","CA1microgliasus_CA1microgliacon|GSEA_GO|BP",3,"success_with_terms","P://data/processed/04_differential_expression_enrichment/clusterProfiler/microglia/phenotype_within_unit/CA1_microglia/CA1microgliasus_CA1microgliacon/protein_group_audits/gsea_go_term_gene_provenance.csv",204,"R/enrichment/enrichment_io.R:625 read_csv_contract",TRUE,"declared_root_unmounted","S:/Lab_Member/Tobi/Experiments/Exp9_Social-Stress/Analysis/proteomics/data/processed/04_differential_expression_enrichment/clusterProfiler/microglia/phenotype_within_unit/CA1_microglia/CA1microgliasus_CA1microgliacon/protein_group_audits/gsea_go_term_gene_provenance.csv",270,"path_over_limit",TRUE,22785505,TRUE,"runtime-required, source exists, rebased path crosses the wall: stage"
"microglia","data/processed/04_differential_expression_enrichment/clusterProfiler/microglia/clusterProfiler_manifest.csv","term_gene_provenance_file","runtime_required","CA1microgliasus_CA1microgliacon|GSEA_KEGG|KEGG",4,"success_with_terms","P://data/processed/04_differential_expression_enrichment/clusterProfiler/microglia/phenotype_within_unit/CA1_microglia/CA1microgliasus_CA1microgliacon/protein_group_audits/gsea_kegg_term_gene_provenance.csv",206,"R/enrichment/enrichment_io.R:625 read_csv_contract",TRUE,"declared_root_unmounted","S:/Lab_Member/Tobi/Experiments/Exp9_Social-Stress/Analysis/proteomics/data/processed/04_differential_expression_enrichment/clusterProfiler/microglia/phenotype_within_unit/CA1_microglia/CA1microgliasus_CA1microgliacon/protein_group_audits/gsea_kegg_term_gene_provenance.csv",272,"path_over_limit",TRUE,1457377,TRUE,"runtime-required, source exists, rebased path crosses the wall: stage"
"microglia","data/processed/04_differential_expression_enrichment/clusterProfiler/microglia/clusterProfiler_manifest.csv","term_gene_provenance_file","runtime_required","CA1microgliasus_CA1microgliares|GSEA_GO|BP",5,"success_with_terms","P://data/processed/04_differential_expression_enrichment/clusterProfiler/microglia/phenotype_within_unit/CA1_microglia/CA1microgliasus_CA1microgliares/protein_group_audits/gsea_go_term_gene_provenance.csv",204,"R/enrichment/enrichment_io.R:625 read_csv_contract",TRUE,"declared_root_unmounted","S:/Lab_Member/Tobi/Experiments/Exp9_Social-Stress/Analysis/proteomics/data/processed/04_differential_expression_enrichment/clusterProfiler/microglia/phenotype_within_unit/CA1_microglia/CA1microgliasus_CA1microgliares/protein_group_audits/gsea_go_term_gene_provenance.csv",270,"path_over_limit",TRUE,26270564,TRUE,"runtime-required, source exists, rebased path crosses the wall: stage"
"microglia","data/processed/04_differential_expression_enrichment/clusterProfiler/microglia/clusterProfiler_manifest.csv","term_gene_provenance_file","runtime_required","CA1microgliasus_CA1microgliares|GSEA_KEGG|KEGG",6,"success_with_terms","P://data/processed/04_differential_expression_enrichment/clusterProfiler/microglia/phenotype_within_unit/CA1_microglia/CA1microgliasus_CA1microgliares/protein_group_audits/gsea_kegg_term_gene_provenance.csv",206,"R/enrichment/enrichment_io.R:625 read_csv_contract",TRUE,"declared_root_unmounted","S:/Lab_Member/Tobi/Experiments/Exp9_Social-Stress/Analysis/proteomics/data/processed/04_differential_expression_enrichment/clusterProfiler/microglia/phenotype_within_unit/CA1_microglia/CA1microgliasus_CA1microgliares/protein_group_audits/gsea_kegg_term_gene_provenance.csv",272,"path_over_limit",TRUE,1598692,TRUE,"runtime-required, source exists, rebased path crosses the wall: stage"
"microglia","data/processed/04_differential_expression_enrichment/clusterProfiler/microglia/clusterProfiler_manifest.csv","term_gene_provenance_file","runtime_required","CA2microgliares_CA2microgliacon|GSEA_GO|BP",7,"success_with_terms","P://data/processed/04_differential_expression_enrichment/clusterProfiler/microglia/phenotype_within_unit/CA2_microglia/CA2microgliares_CA2microgliacon/protein_group_audits/gsea_go_term_gene_provenance.csv",204,"R/enrichment/enrichment_io.R:625 read_csv_contract",TRUE,"declared_root_unmounted","S:/Lab_Member/Tobi/Experiments/Exp9_Social-Stress/Analysis/proteomics/data/processed/04_differential_expression_enrichment/clusterProfiler/microglia/phenotype_within_unit/CA2_microglia/CA2microgliares_CA2microgliacon/protein_group_audits/gsea_go_term_gene_provenance.csv",270,"path_over_limit",TRUE,24173608,TRUE,"runtime-required, source exists, rebased path crosses the wall: stage"
"microglia","data/processed/04_differential_expression_enrichment/clusterProfiler/microglia/clusterProfiler_manifest.csv","term_gene_provenance_file","runtime_required","CA2microgliares_CA2microgliacon|GSEA_KEGG|KEGG",8,"success_with_terms","P://data/processed/04_differential_expression_enrichment/clusterProfiler/microglia/phenotype_within_unit/CA2_microglia/CA2microgliares_CA2microgliacon/protein_group_audits/gsea_kegg_term_gene_provenance.csv",206,"R/enrichment/enrichment_io.R:625 read_csv_contract",TRUE,"declared_root_unmounted","S:/Lab_Member/Tobi/Experiments/Exp9_Social-Stress/Analysis/proteomics/data/processed/04_differential_expression_enrichment/clusterProfiler/microglia/phenotype_within_unit/CA2_microglia/CA2microgliares_CA2microgliacon/protein_group_audits/gsea_kegg_term_gene_provenance.csv",272,"path_over_limit",TRUE,1634962,TRUE,"runtime-required, source exists, rebased path crosses the wall: stage"
"microglia","data/processed/04_differential_expression_enrichment/clusterProfiler/microglia/clusterProfiler_manifest.csv","term_gene_provenance_file","runtime_required","CA2microgliasus_CA2microgliacon|GSEA_GO|BP",9,"success_with_terms","P://data/processed/04_differential_expression_enrichment/clusterProfiler/microglia/phenotype_within_unit/CA2_microglia/CA2microgliasus_CA2microgliacon/protein_group_audits/gsea_go_term_gene_provenance.csv",204,"R/enrichment/enrichment_io.R:625 read_csv_contract",TRUE,"declared_root_unmounted","S:/Lab_Member/Tobi/Experiments/Exp9_Social-Stress/Analysis/proteomics/data/processed/04_differential_expression_enrichment/clusterProfiler/microglia/phenotype_within_unit/CA2_microglia/CA2microgliasus_CA2microgliacon/protein_group_audits/gsea_go_term_gene_provenance.csv",270,"path_over_limit",TRUE,25033036,TRUE,"runtime-required, source exists, rebased path crosses the wall: stage"
"microglia","data/processed/04_differential_expression_enrichment/clusterProfiler/microglia/clusterProfiler_manifest.csv","term_gene_provenance_file","runtime_required","CA2microgliasus_CA2microgliacon|GSEA_KEGG|KEGG",10,"success_with_terms","P://data/processed/04_differential_expression_enrichment/clusterProfiler/microglia/phenotype_within_unit/CA2_microglia/CA2microgliasus_CA2microgliacon/protein_group_audits/gsea_kegg_term_gene_provenance.csv",206,"R/enrichment/enrichment_io.R:625 read_csv_contract",TRUE,"declared_root_unmounted","S:/Lab_Member/Tobi/Experiments/Exp9_Social-Stress/Analysis/proteomics/data/processed/04_differential_expression_enrichment/clusterProfiler/microglia/phenotype_within_unit/CA2_microglia/CA2microgliasus_CA2microgliacon/protein_group_audits/gsea_kegg_term_gene_provenance.csv",272,"path_over_limit",TRUE,1678876,TRUE,"runtime-required, source exists, rebased path crosses the wall: stage"
"microglia","data/processed/04_differential_expression_enrichment/clusterProfiler/microglia/clusterProfiler_manifest.csv","term_gene_provenance_file","runtime_required","CA2microgliasus_CA2microgliares|GSEA_GO|BP",11,"success_with_terms","P://data/processed/04_differential_expression_enrichment/clusterProfiler/microglia/phenotype_within_unit/CA2_microglia/CA2microgliasus_CA2microgliares/protein_group_audits/gsea_go_term_gene_provenance.csv",204,"R/enrichment/enrichment_io.R:625 read_csv_contract",TRUE,"declared_root_unmounted","S:/Lab_Member/Tobi/Experiments/Exp9_Social-Stress/Analysis/proteomics/data/processed/04_differential_expression_enrichment/clusterProfiler/microglia/phenotype_within_unit/CA2_microglia/CA2microgliasus_CA2microgliares/protein_group_audits/gsea_go_term_gene_provenance.csv",270,"path_over_limit",TRUE,27776069,TRUE,"runtime-required, source exists, rebased path crosses the wall: stage"
"microglia","data/processed/04_differential_expression_enrichment/clusterProfiler/microglia/clusterProfiler_manifest.csv","term_gene_provenance_file","runtime_required","CA2microgliasus_CA2microgliares|GSEA_KEGG|KEGG",12,"success_with_terms","P://data/processed/04_differential_expression_enrichment/clusterProfiler/microglia/phenotype_within_unit/CA2_microglia/CA2microgliasus_CA2microgliares/protein_group_audits/gsea_kegg_term_gene_provenance.csv",206,"R/enrichment/enrichment_io.R:625 read_csv_contract",TRUE,"declared_root_unmounted","S:/Lab_Member/Tobi/Experiments/Exp9_Social-Stress/Analysis/proteomics/data/processed/04_differential_expression_enrichment/clusterProfiler/microglia/phenotype_within_unit/CA2_microglia/CA2microgliasus_CA2microgliares/protein_group_audits/gsea_kegg_term_gene_provenance.csv",272,"path_over_limit",TRUE,1741906,TRUE,"runtime-required, source exists, rebased path crosses the wall: stage"
"microglia","data/processed/04_differential_expression_enrichment/clusterProfiler/microglia/clusterProfiler_manifest.csv","term_gene_provenance_file","runtime_required","CA3microgliares_CA3microgliacon|GSEA_GO|BP",13,"success_with_terms","P://data/processed/04_differential_expression_enrichment/clusterProfiler/microglia/phenotype_within_unit/CA3_microglia/CA3microgliares_CA3microgliacon/protein_group_audits/gsea_go_term_gene_provenance.csv",204,"R/enrichment/enrichment_io.R:625 read_csv_contract",TRUE,"declared_root_unmounted","S:/Lab_Member/Tobi/Experiments/Exp9_Social-Stress/Analysis/proteomics/data/processed/04_differential_expression_enrichment/clusterProfiler/microglia/phenotype_within_unit/CA3_microglia/CA3microgliares_CA3microgliacon/protein_group_audits/gsea_go_term_gene_provenance.csv",270,"path_over_limit",TRUE,21187667,TRUE,"runtime-required, source exists, rebased path crosses the wall: stage"
"microglia","data/processed/04_differential_expression_enrichment/clusterProfiler/microglia/clusterProfiler_manifest.csv","term_gene_provenance_file","runtime_required","CA3microgliares_CA3microgliacon|GSEA_KEGG|KEGG",14,"success_with_terms","P://data/processed/04_differential_expression_enrichment/clusterProfiler/microglia/phenotype_within_unit/CA3_microglia/CA3microgliares_CA3microgliacon/protein_group_audits/gsea_kegg_term_gene_provenance.csv",206,"R/enrichment/enrichment_io.R:625 read_csv_contract",TRUE,"declared_root_unmounted","S:/Lab_Member/Tobi/Experiments/Exp9_Social-Stress/Analysis/proteomics/data/processed/04_differential_expression_enrichment/clusterProfiler/microglia/phenotype_within_unit/CA3_microglia/CA3microgliares_CA3microgliacon/protein_group_audits/gsea_kegg_term_gene_provenance.csv",272,"path_over_limit",TRUE,1212733,TRUE,"runtime-required, source exists, rebased path crosses the wall: stage"
"microglia","data/processed/04_differential_expression_enrichment/clusterProfiler/microglia/clusterProfiler_manifest.csv","term_gene_provenance_file","runtime_required","CA3microgliasus_CA3microgliacon|GSEA_GO|BP",15,"success_with_terms","P://data/processed/04_differential_expression_enrichment/clusterProfiler/microglia/phenotype_within_unit/CA3_microglia/CA3microgliasus_CA3microgliacon/protein_group_audits/gsea_go_term_gene_provenance.csv",204,"R/enrichment/enrichment_io.R:625 read_csv_contract",TRUE,"declared_root_unmounted","S:/Lab_Member/Tobi/Experiments/Exp9_Social-Stress/Analysis/proteomics/data/processed/04_differential_expression_enrichment/clusterProfiler/microglia/phenotype_within_unit/CA3_microglia/CA3microgliasus_CA3microgliacon/protein_group_audits/gsea_go_term_gene_provenance.csv",270,"path_over_limit",TRUE,24138120,TRUE,"runtime-required, source exists, rebased path crosses the wall: stage"
"microglia","data/processed/04_differential_expression_enrichment/clusterProfiler/microglia/clusterProfiler_manifest.csv","term_gene_provenance_file","runtime_required","CA3microgliasus_CA3microgliacon|GSEA_KEGG|KEGG",16,"success_with_terms","P://data/processed/04_differential_expression_enrichment/clusterProfiler/microglia/phenotype_within_unit/CA3_microglia/CA3microgliasus_CA3microgliacon/protein_group_audits/gsea_kegg_term_gene_provenance.csv",206,"R/enrichment/enrichment_io.R:625 read_csv_contract",TRUE,"declared_root_unmounted","S:/Lab_Member/Tobi/Experiments/Exp9_Social-Stress/Analysis/proteomics/data/processed/04_differential_expression_enrichment/clusterProfiler/microglia/phenotype_within_unit/CA3_microglia/CA3microgliasus_CA3microgliacon/protein_group_audits/gsea_kegg_term_gene_provenance.csv",272,"path_over_limit",TRUE,1424848,TRUE,"runtime-required, source exists, rebased path crosses the wall: stage"
"microglia","data/processed/04_differential_expression_enrichment/clusterProfiler/microglia/clusterProfiler_manifest.csv","term_gene_provenance_file","runtime_required","CA3microgliasus_CA3microgliares|GSEA_GO|BP",17,"success_with_terms","P://data/processed/04_differential_expression_enrichment/clusterProfiler/microglia/phenotype_within_unit/CA3_microglia/CA3microgliasus_CA3microgliares/protein_group_audits/gsea_go_term_gene_provenance.csv",204,"R/enrichment/enrichment_io.R:625 read_csv_contract",TRUE,"declared_root_unmounted","S:/Lab_Member/Tobi/Experiments/Exp9_Social-Stress/Analysis/proteomics/data/processed/04_differential_expression_enrichment/clusterProfiler/microglia/phenotype_within_unit/CA3_microglia/CA3microgliasus_CA3microgliares/protein_group_audits/gsea_go_term_gene_provenance.csv",270,"path_over_limit",TRUE,24820174,TRUE,"runtime-required, source exists, rebased path crosses the wall: stage"
"microglia","data/processed/04_differential_expression_enrichment/clusterProfiler/microglia/clusterProfiler_manifest.csv","term_gene_provenance_file","runtime_required","CA3microgliasus_CA3microgliares|GSEA_KEGG|KEGG",18,"success_with_terms","P://data/processed/04_differential_expression_enrichment/clusterProfiler/microglia/phenotype_within_unit/CA3_microglia/CA3microgliasus_CA3microgliares/protein_group_audits/gsea_kegg_term_gene_provenance.csv",206,"R/enrichment/enrichment_io.R:625 read_csv_contract",TRUE,"declared_root_unmounted","S:/Lab_Member/Tobi/Experiments/Exp9_Social-Stress/Analysis/proteomics/data/processed/04_differential_expression_enrichment/clusterProfiler/microglia/phenotype_within_unit/CA3_microglia/CA3microgliasus_CA3microgliares/protein_group_audits/gsea_kegg_term_gene_provenance.csv",272,"path_over_limit",TRUE,1462798,TRUE,"runtime-required, source exists, rebased path crosses the wall: stage"
"microglia","data/processed/04_differential_expression_enrichment/clusterProfiler/microglia/clusterProfiler_manifest.csv","term_gene_provenance_file","runtime_required","DGmicrogliares_DGmicrogliacon|GSEA_GO|BP",19,"success_with_terms","P://data/processed/04_differential_expression_enrichment/clusterProfiler/microglia/phenotype_within_unit/DG_microglia/DGmicrogliares_DGmicrogliacon/protein_group_audits/gsea_go_term_gene_provenance.csv",201,"R/enrichment/enrichment_io.R:625 read_csv_contract",TRUE,"declared_root_unmounted","S:/Lab_Member/Tobi/Experiments/Exp9_Social-Stress/Analysis/proteomics/data/processed/04_differential_expression_enrichment/clusterProfiler/microglia/phenotype_within_unit/DG_microglia/DGmicrogliares_DGmicrogliacon/protein_group_audits/gsea_go_term_gene_provenance.csv",267,"path_over_limit",TRUE,26963950,TRUE,"runtime-required, source exists, rebased path crosses the wall: stage"
"microglia","data/processed/04_differential_expression_enrichment/clusterProfiler/microglia/clusterProfiler_manifest.csv","term_gene_provenance_file","runtime_required","DGmicrogliares_DGmicrogliacon|GSEA_KEGG|KEGG",20,"success_with_terms","P://data/processed/04_differential_expression_enrichment/clusterProfiler/microglia/phenotype_within_unit/DG_microglia/DGmicrogliares_DGmicrogliacon/protein_group_audits/gsea_kegg_term_gene_provenance.csv",203,"R/enrichment/enrichment_io.R:625 read_csv_contract",TRUE,"declared_root_unmounted","S:/Lab_Member/Tobi/Experiments/Exp9_Social-Stress/Analysis/proteomics/data/processed/04_differential_expression_enrichment/clusterProfiler/microglia/phenotype_within_unit/DG_microglia/DGmicrogliares_DGmicrogliacon/protein_group_audits/gsea_kegg_term_gene_provenance.csv",269,"path_over_limit",TRUE,1474416,TRUE,"runtime-required, source exists, rebased path crosses the wall: stage"
"microglia","data/processed/04_differential_expression_enrichment/clusterProfiler/microglia/clusterProfiler_manifest.csv","term_gene_provenance_file","runtime_required","DGmicrogliasus_DGmicrogliacon|GSEA_GO|BP",21,"success_with_terms","P://data/processed/04_differential_expression_enrichment/clusterProfiler/microglia/phenotype_within_unit/DG_microglia/DGmicrogliasus_DGmicrogliacon/protein_group_audits/gsea_go_term_gene_provenance.csv",201,"R/enrichment/enrichment_io.R:625 read_csv_contract",TRUE,"declared_root_unmounted","S:/Lab_Member/Tobi/Experiments/Exp9_Social-Stress/Analysis/proteomics/data/processed/04_differential_expression_enrichment/clusterProfiler/microglia/phenotype_within_unit/DG_microglia/DGmicrogliasus_DGmicrogliacon/protein_group_audits/gsea_go_term_gene_provenance.csv",267,"path_over_limit",TRUE,22019534,TRUE,"runtime-required, source exists, rebased path crosses the wall: stage"
"microglia","data/processed/04_differential_expression_enrichment/clusterProfiler/microglia/clusterProfiler_manifest.csv","term_gene_provenance_file","runtime_required","DGmicrogliasus_DGmicrogliacon|GSEA_KEGG|KEGG",22,"success_with_terms","P://data/processed/04_differential_expression_enrichment/clusterProfiler/microglia/phenotype_within_unit/DG_microglia/DGmicrogliasus_DGmicrogliacon/protein_group_audits/gsea_kegg_term_gene_provenance.csv",203,"R/enrichment/enrichment_io.R:625 read_csv_contract",TRUE,"declared_root_unmounted","S:/Lab_Member/Tobi/Experiments/Exp9_Social-Stress/Analysis/proteomics/data/processed/04_differential_expression_enrichment/clusterProfiler/microglia/phenotype_within_unit/DG_microglia/DGmicrogliasus_DGmicrogliacon/protein_group_audits/gsea_kegg_term_gene_provenance.csv",269,"path_over_limit",TRUE,1439708,TRUE,"runtime-required, source exists, rebased path crosses the wall: stage"
"microglia","data/processed/04_differential_expression_enrichment/clusterProfiler/microglia/clusterProfiler_manifest.csv","term_gene_provenance_file","runtime_required","DGmicrogliasus_DGmicrogliares|GSEA_GO|BP",23,"success_with_terms","P://data/processed/04_differential_expression_enrichment/clusterProfiler/microglia/phenotype_within_unit/DG_microglia/DGmicrogliasus_DGmicrogliares/protein_group_audits/gsea_go_term_gene_provenance.csv",201,"R/enrichment/enrichment_io.R:625 read_csv_contract",TRUE,"declared_root_unmounted","S:/Lab_Member/Tobi/Experiments/Exp9_Social-Stress/Analysis/proteomics/data/processed/04_differential_expression_enrichment/clusterProfiler/microglia/phenotype_within_unit/DG_microglia/DGmicrogliasus_DGmicrogliares/protein_group_audits/gsea_go_term_gene_provenance.csv",267,"path_over_limit",TRUE,24842245,TRUE,"runtime-required, source exists, rebased path crosses the wall: stage"
"microglia","data/processed/04_differential_expression_enrichment/clusterProfiler/microglia/clusterProfiler_manifest.csv","term_gene_provenance_file","runtime_required","DGmicrogliasus_DGmicrogliares|GSEA_KEGG|KEGG",24,"success_with_terms","P://data/processed/04_differential_expression_enrichment/clusterProfiler/microglia/phenotype_within_unit/DG_microglia/DGmicrogliasus_DGmicrogliares/protein_group_audits/gsea_kegg_term_gene_provenance.csv",203,"R/enrichment/enrichment_io.R:625 read_csv_contract",TRUE,"declared_root_unmounted","S:/Lab_Member/Tobi/Experiments/Exp9_Social-Stress/Analysis/proteomics/data/processed/04_differential_expression_enrichment/clusterProfiler/microglia/phenotype_within_unit/DG_microglia/DGmicrogliasus_DGmicrogliares/protein_group_audits/gsea_kegg_term_gene_provenance.csv",269,"path_over_limit",TRUE,1449067,TRUE,"runtime-required, source exists, rebased path crosses the wall: stage"
"microglia","data/processed/04_differential_expression_enrichment/clusterProfiler/microglia/clusterProfiler_manifest.csv","input_gene_file","runtime_required","CA1microgliares_CA1microgliacon|GSEA_GO|BP",1,"success_with_terms","P://data/processed/02_id_mapping/mapped/microglia/forward/per_file/CA1microgliares_CA1microgliacon.csv",102,"analysis/wgcna/compare_module_enrichment_overlap.R:238 read_protein_set",TRUE,"declared_root_unmounted","S:/Lab_Member/Tobi/Experiments/Exp9_Social-Stress/Analysis/proteomics/data/processed/02_id_mapping/mapped/microglia/forward/per_file/CA1microgliares_CA1microgliacon.csv",168,"present",TRUE,2918687,FALSE,"runtime-required and the rebased path is directly usable"
"microglia","data/processed/04_differential_expression_enrichment/clusterProfiler/microglia/clusterProfiler_manifest.csv","input_gene_file","runtime_required","CA1microgliares_CA1microgliacon|GSEA_KEGG|KEGG",2,"success_with_terms","P://data/processed/02_id_mapping/mapped/microglia/forward/per_file/CA1microgliares_CA1microgliacon.csv",102,"analysis/wgcna/compare_module_enrichment_overlap.R:238 read_protein_set",TRUE,"declared_root_unmounted","S:/Lab_Member/Tobi/Experiments/Exp9_Social-Stress/Analysis/proteomics/data/processed/02_id_mapping/mapped/microglia/forward/per_file/CA1microgliares_CA1microgliacon.csv",168,"present",TRUE,2918687,FALSE,"runtime-required and the rebased path is directly usable"
"microglia","data/processed/04_differential_expression_enrichment/clusterProfiler/microglia/clusterProfiler_manifest.csv","input_gene_file","runtime_required","CA1microgliasus_CA1microgliacon|GSEA_GO|BP",3,"success_with_terms","P://data/processed/02_id_mapping/mapped/microglia/forward/per_file/CA1microgliasus_CA1microgliacon.csv",102,"analysis/wgcna/compare_module_enrichment_overlap.R:238 read_protein_set",TRUE,"declared_root_unmounted","S:/Lab_Member/Tobi/Experiments/Exp9_Social-Stress/Analysis/proteomics/data/processed/02_id_mapping/mapped/microglia/forward/per_file/CA1microgliasus_CA1microgliacon.csv",168,"present",TRUE,2920342,FALSE,"runtime-required and the rebased path is directly usable"
"microglia","data/processed/04_differential_expression_enrichment/clusterProfiler/microglia/clusterProfiler_manifest.csv","input_gene_file","runtime_required","CA1microgliasus_CA1microgliacon|GSEA_KEGG|KEGG",4,"success_with_terms","P://data/processed/02_id_mapping/mapped/microglia/forward/per_file/CA1microgliasus_CA1microgliacon.csv",102,"analysis/wgcna/compare_module_enrichment_overlap.R:238 read_protein_set",TRUE,"declared_root_unmounted","S:/Lab_Member/Tobi/Experiments/Exp9_Social-Stress/Analysis/proteomics/data/processed/02_id_mapping/mapped/microglia/forward/per_file/CA1microgliasus_CA1microgliacon.csv",168,"present",TRUE,2920342,FALSE,"runtime-required and the rebased path is directly usable"
"microglia","data/processed/04_differential_expression_enrichment/clusterProfiler/microglia/clusterProfiler_manifest.csv","input_gene_file","runtime_required","CA1microgliasus_CA1microgliares|GSEA_GO|BP",5,"success_with_terms","P://data/processed/02_id_mapping/mapped/microglia/forward/per_file/CA1microgliasus_CA1microgliares.csv",102,"analysis/wgcna/compare_module_enrichment_overlap.R:238 read_protein_set",TRUE,"declared_root_unmounted","S:/Lab_Member/Tobi/Experiments/Exp9_Social-Stress/Analysis/proteomics/data/processed/02_id_mapping/mapped/microglia/forward/per_file/CA1microgliasus_CA1microgliares.csv",168,"present",TRUE,2921080,FALSE,"runtime-required and the rebased path is directly usable"
"microglia","data/processed/04_differential_expression_enrichment/clusterProfiler/microglia/clusterProfiler_manifest.csv","input_gene_file","runtime_required","CA1microgliasus_CA1microgliares|GSEA_KEGG|KEGG",6,"success_with_terms","P://data/processed/02_id_mapping/mapped/microglia/forward/per_file/CA1microgliasus_CA1microgliares.csv",102,"analysis/wgcna/compare_module_enrichment_overlap.R:238 read_protein_set",TRUE,"declared_root_unmounted","S:/Lab_Member/Tobi/Experiments/Exp9_Social-Stress/Analysis/proteomics/data/processed/02_id_mapping/mapped/microglia/forward/per_file/CA1microgliasus_CA1microgliares.csv",168,"present",TRUE,2921080,FALSE,"runtime-required and the rebased path is directly usable"
"microglia","data/processed/04_differential_expression_enrichment/clusterProfiler/microglia/clusterProfiler_manifest.csv","input_gene_file","runtime_required","CA2microgliares_CA2microgliacon|GSEA_GO|BP",7,"success_with_terms","P://data/processed/02_id_mapping/mapped/microglia/forward/per_file/CA2microgliares_CA2microgliacon.csv",102,"analysis/wgcna/compare_module_enrichment_overlap.R:238 read_protein_set",TRUE,"declared_root_unmounted","S:/Lab_Member/Tobi/Experiments/Exp9_Social-Stress/Analysis/proteomics/data/processed/02_id_mapping/mapped/microglia/forward/per_file/CA2microgliares_CA2microgliacon.csv",168,"present",TRUE,2918892,FALSE,"runtime-required and the rebased path is directly usable"
"microglia","data/processed/04_differential_expression_enrichment/clusterProfiler/microglia/clusterProfiler_manifest.csv","input_gene_file","runtime_required","CA2microgliares_CA2microgliacon|GSEA_KEGG|KEGG",8,"success_with_terms","P://data/processed/02_id_mapping/mapped/microglia/forward/per_file/CA2microgliares_CA2microgliacon.csv",102,"analysis/wgcna/compare_module_enrichment_overlap.R:238 read_protein_set",TRUE,"declared_root_unmounted","S:/Lab_Member/Tobi/Experiments/Exp9_Social-Stress/Analysis/proteomics/data/processed/02_id_mapping/mapped/microglia/forward/per_file/CA2microgliares_CA2microgliacon.csv",168,"present",TRUE,2918892,FALSE,"runtime-required and the rebased path is directly usable"
"microglia","data/processed/04_differential_expression_enrichment/clusterProfiler/microglia/clusterProfiler_manifest.csv","input_gene_file","runtime_required","CA2microgliasus_CA2microgliacon|GSEA_GO|BP",9,"success_with_terms","P://data/processed/02_id_mapping/mapped/microglia/forward/per_file/CA2microgliasus_CA2microgliacon.csv",102,"analysis/wgcna/compare_module_enrichment_overlap.R:238 read_protein_set",TRUE,"declared_root_unmounted","S:/Lab_Member/Tobi/Experiments/Exp9_Social-Stress/Analysis/proteomics/data/processed/02_id_mapping/mapped/microglia/forward/per_file/CA2microgliasus_CA2microgliacon.csv",168,"present",TRUE,2920927,FALSE,"runtime-required and the rebased path is directly usable"
"microglia","data/processed/04_differential_expression_enrichment/clusterProfiler/microglia/clusterProfiler_manifest.csv","input_gene_file","runtime_required","CA2microgliasus_CA2microgliacon|GSEA_KEGG|KEGG",10,"success_with_terms","P://data/processed/02_id_mapping/mapped/microglia/forward/per_file/CA2microgliasus_CA2microgliacon.csv",102,"analysis/wgcna/compare_module_enrichment_overlap.R:238 read_protein_set",TRUE,"declared_root_unmounted","S:/Lab_Member/Tobi/Experiments/Exp9_Social-Stress/Analysis/proteomics/data/processed/02_id_mapping/mapped/microglia/forward/per_file/CA2microgliasus_CA2microgliacon.csv",168,"present",TRUE,2920927,FALSE,"runtime-required and the rebased path is directly usable"
"microglia","data/processed/04_differential_expression_enrichment/clusterProfiler/microglia/clusterProfiler_manifest.csv","input_gene_file","runtime_required","CA2microgliasus_CA2microgliares|GSEA_GO|BP",11,"success_with_terms","P://data/processed/02_id_mapping/mapped/microglia/forward/per_file/CA2microgliasus_CA2microgliares.csv",102,"analysis/wgcna/compare_module_enrichment_overlap.R:238 read_protein_set",TRUE,"declared_root_unmounted","S:/Lab_Member/Tobi/Experiments/Exp9_Social-Stress/Analysis/proteomics/data/processed/02_id_mapping/mapped/microglia/forward/per_file/CA2microgliasus_CA2microgliares.csv",168,"present",TRUE,2919001,FALSE,"runtime-required and the rebased path is directly usable"
"microglia","data/processed/04_differential_expression_enrichment/clusterProfiler/microglia/clusterProfiler_manifest.csv","input_gene_file","runtime_required","CA2microgliasus_CA2microgliares|GSEA_KEGG|KEGG",12,"success_with_terms","P://data/processed/02_id_mapping/mapped/microglia/forward/per_file/CA2microgliasus_CA2microgliares.csv",102,"analysis/wgcna/compare_module_enrichment_overlap.R:238 read_protein_set",TRUE,"declared_root_unmounted","S:/Lab_Member/Tobi/Experiments/Exp9_Social-Stress/Analysis/proteomics/data/processed/02_id_mapping/mapped/microglia/forward/per_file/CA2microgliasus_CA2microgliares.csv",168,"present",TRUE,2919001,FALSE,"runtime-required and the rebased path is directly usable"
"microglia","data/processed/04_differential_expression_enrichment/clusterProfiler/microglia/clusterProfiler_manifest.csv","input_gene_file","runtime_required","CA3microgliares_CA3microgliacon|GSEA_GO|BP",13,"success_with_terms","P://data/processed/02_id_mapping/mapped/microglia/forward/per_file/CA3microgliares_CA3microgliacon.csv",102,"analysis/wgcna/compare_module_enrichment_overlap.R:238 read_protein_set",TRUE,"declared_root_unmounted","S:/Lab_Member/Tobi/Experiments/Exp9_Social-Stress/Analysis/proteomics/data/processed/02_id_mapping/mapped/microglia/forward/per_file/CA3microgliares_CA3microgliacon.csv",168,"present",TRUE,2911060,FALSE,"runtime-required and the rebased path is directly usable"
"microglia","data/processed/04_differential_expression_enrichment/clusterProfiler/microglia/clusterProfiler_manifest.csv","input_gene_file","runtime_required","CA3microgliares_CA3microgliacon|GSEA_KEGG|KEGG",14,"success_with_terms","P://data/processed/02_id_mapping/mapped/microglia/forward/per_file/CA3microgliares_CA3microgliacon.csv",102,"analysis/wgcna/compare_module_enrichment_overlap.R:238 read_protein_set",TRUE,"declared_root_unmounted","S:/Lab_Member/Tobi/Experiments/Exp9_Social-Stress/Analysis/proteomics/data/processed/02_id_mapping/mapped/microglia/forward/per_file/CA3microgliares_CA3microgliacon.csv",168,"present",TRUE,2911060,FALSE,"runtime-required and the rebased path is directly usable"
"microglia","data/processed/04_differential_expression_enrichment/clusterProfiler/microglia/clusterProfiler_manifest.csv","input_gene_file","runtime_required","CA3microgliasus_CA3microgliacon|GSEA_GO|BP",15,"success_with_terms","P://data/processed/02_id_mapping/mapped/microglia/forward/per_file/CA3microgliasus_CA3microgliacon.csv",102,"analysis/wgcna/compare_module_enrichment_overlap.R:238 read_protein_set",TRUE,"declared_root_unmounted","S:/Lab_Member/Tobi/Experiments/Exp9_Social-Stress/Analysis/proteomics/data/processed/02_id_mapping/mapped/microglia/forward/per_file/CA3microgliasus_CA3microgliacon.csv",168,"present",TRUE,2922539,FALSE,"runtime-required and the rebased path is directly usable"
"microglia","data/processed/04_differential_expression_enrichment/clusterProfiler/microglia/clusterProfiler_manifest.csv","input_gene_file","runtime_required","CA3microgliasus_CA3microgliacon|GSEA_KEGG|KEGG",16,"success_with_terms","P://data/processed/02_id_mapping/mapped/microglia/forward/per_file/CA3microgliasus_CA3microgliacon.csv",102,"analysis/wgcna/compare_module_enrichment_overlap.R:238 read_protein_set",TRUE,"declared_root_unmounted","S:/Lab_Member/Tobi/Experiments/Exp9_Social-Stress/Analysis/proteomics/data/processed/02_id_mapping/mapped/microglia/forward/per_file/CA3microgliasus_CA3microgliacon.csv",168,"present",TRUE,2922539,FALSE,"runtime-required and the rebased path is directly usable"
"microglia","data/processed/04_differential_expression_enrichment/clusterProfiler/microglia/clusterProfiler_manifest.csv","input_gene_file","runtime_required","CA3microgliasus_CA3microgliares|GSEA_GO|BP",17,"success_with_terms","P://data/processed/02_id_mapping/mapped/microglia/forward/per_file/CA3microgliasus_CA3microgliares.csv",102,"analysis/wgcna/compare_module_enrichment_overlap.R:238 read_protein_set",TRUE,"declared_root_unmounted","S:/Lab_Member/Tobi/Experiments/Exp9_Social-Stress/Analysis/proteomics/data/processed/02_id_mapping/mapped/microglia/forward/per_file/CA3microgliasus_CA3microgliares.csv",168,"present",TRUE,2921819,FALSE,"runtime-required and the rebased path is directly usable"
"microglia","data/processed/04_differential_expression_enrichment/clusterProfiler/microglia/clusterProfiler_manifest.csv","input_gene_file","runtime_required","CA3microgliasus_CA3microgliares|GSEA_KEGG|KEGG",18,"success_with_terms","P://data/processed/02_id_mapping/mapped/microglia/forward/per_file/CA3microgliasus_CA3microgliares.csv",102,"analysis/wgcna/compare_module_enrichment_overlap.R:238 read_protein_set",TRUE,"declared_root_unmounted","S:/Lab_Member/Tobi/Experiments/Exp9_Social-Stress/Analysis/proteomics/data/processed/02_id_mapping/mapped/microglia/forward/per_file/CA3microgliasus_CA3microgliares.csv",168,"present",TRUE,2921819,FALSE,"runtime-required and the rebased path is directly usable"
"microglia","data/processed/04_differential_expression_enrichment/clusterProfiler/microglia/clusterProfiler_manifest.csv","input_gene_file","runtime_required","DGmicrogliares_DGmicrogliacon|GSEA_GO|BP",19,"success_with_terms","P://data/processed/02_id_mapping/mapped/microglia/forward/per_file/DGmicrogliares_DGmicrogliacon.csv",100,"analysis/wgcna/compare_module_enrichment_overlap.R:238 read_protein_set",TRUE,"declared_root_unmounted","S:/Lab_Member/Tobi/Experiments/Exp9_Social-Stress/Analysis/proteomics/data/processed/02_id_mapping/mapped/microglia/forward/per_file/DGmicrogliares_DGmicrogliacon.csv",166,"present",TRUE,2907753,FALSE,"runtime-required and the rebased path is directly usable"
"microglia","data/processed/04_differential_expression_enrichment/clusterProfiler/microglia/clusterProfiler_manifest.csv","input_gene_file","runtime_required","DGmicrogliares_DGmicrogliacon|GSEA_KEGG|KEGG",20,"success_with_terms","P://data/processed/02_id_mapping/mapped/microglia/forward/per_file/DGmicrogliares_DGmicrogliacon.csv",100,"analysis/wgcna/compare_module_enrichment_overlap.R:238 read_protein_set",TRUE,"declared_root_unmounted","S:/Lab_Member/Tobi/Experiments/Exp9_Social-Stress/Analysis/proteomics/data/processed/02_id_mapping/mapped/microglia/forward/per_file/DGmicrogliares_DGmicrogliacon.csv",166,"present",TRUE,2907753,FALSE,"runtime-required and the rebased path is directly usable"
"microglia","data/processed/04_differential_expression_enrichment/clusterProfiler/microglia/clusterProfiler_manifest.csv","input_gene_file","runtime_required","DGmicrogliasus_DGmicrogliacon|GSEA_GO|BP",21,"success_with_terms","P://data/processed/02_id_mapping/mapped/microglia/forward/per_file/DGmicrogliasus_DGmicrogliacon.csv",100,"analysis/wgcna/compare_module_enrichment_overlap.R:238 read_protein_set",TRUE,"declared_root_unmounted","S:/Lab_Member/Tobi/Experiments/Exp9_Social-Stress/Analysis/proteomics/data/processed/02_id_mapping/mapped/microglia/forward/per_file/DGmicrogliasus_DGmicrogliacon.csv",166,"present",TRUE,2910391,FALSE,"runtime-required and the rebased path is directly usable"
"microglia","data/processed/04_differential_expression_enrichment/clusterProfiler/microglia/clusterProfiler_manifest.csv","input_gene_file","runtime_required","DGmicrogliasus_DGmicrogliacon|GSEA_KEGG|KEGG",22,"success_with_terms","P://data/processed/02_id_mapping/mapped/microglia/forward/per_file/DGmicrogliasus_DGmicrogliacon.csv",100,"analysis/wgcna/compare_module_enrichment_overlap.R:238 read_protein_set",TRUE,"declared_root_unmounted","S:/Lab_Member/Tobi/Experiments/Exp9_Social-Stress/Analysis/proteomics/data/processed/02_id_mapping/mapped/microglia/forward/per_file/DGmicrogliasus_DGmicrogliacon.csv",166,"present",TRUE,2910391,FALSE,"runtime-required and the rebased path is directly usable"
"microglia","data/processed/04_differential_expression_enrichment/clusterProfiler/microglia/clusterProfiler_manifest.csv","input_gene_file","runtime_required","DGmicrogliasus_DGmicrogliares|GSEA_GO|BP",23,"success_with_terms","P://data/processed/02_id_mapping/mapped/microglia/forward/per_file/DGmicrogliasus_DGmicrogliares.csv",100,"analysis/wgcna/compare_module_enrichment_overlap.R:238 read_protein_set",TRUE,"declared_root_unmounted","S:/Lab_Member/Tobi/Experiments/Exp9_Social-Stress/Analysis/proteomics/data/processed/02_id_mapping/mapped/microglia/forward/per_file/DGmicrogliasus_DGmicrogliares.csv",166,"present",TRUE,2911044,FALSE,"runtime-required and the rebased path is directly usable"
"microglia","data/processed/04_differential_expression_enrichment/clusterProfiler/microglia/clusterProfiler_manifest.csv","input_gene_file","runtime_required","DGmicrogliasus_DGmicrogliares|GSEA_KEGG|KEGG",24,"success_with_terms","P://data/processed/02_id_mapping/mapped/microglia/forward/per_file/DGmicrogliasus_DGmicrogliares.csv",100,"analysis/wgcna/compare_module_enrichment_overlap.R:238 read_protein_set",TRUE,"declared_root_unmounted","S:/Lab_Member/Tobi/Experiments/Exp9_Social-Stress/Analysis/proteomics/data/processed/02_id_mapping/mapped/microglia/forward/per_file/DGmicrogliasus_DGmicrogliares.csv",166,"present",TRUE,2911044,FALSE,"runtime-required and the rebased path is directly usable"
"microglia","data/processed/04_differential_expression_enrichment/clusterProfiler/microglia/clusterProfiler_manifest.csv","collapsed_gene_provenance_file","provenance_only","CA1microgliares_CA1microgliacon|GSEA_GO|BP",1,"success_with_terms","P://data/processed/04_differential_expression_enrichment/clusterProfiler/microglia/phenotype_within_unit/CA1_microglia/CA1microgliares_CA1microgliacon/protein_group_audits/collapsed_gene_input_provenance.csv",207,"",FALSE,"declared_root_unmounted","S:/Lab_Member/Tobi/Experiments/Exp9_Social-Stress/Analysis/proteomics/data/processed/04_differential_expression_enrichment/clusterProfiler/microglia/phenotype_within_unit/CA1_microglia/CA1microgliares_CA1microgliacon/protein_group_audits/collapsed_gene_input_provenance.csv",273,"path_over_limit",TRUE,1284215,FALSE,"provenance only: no active code opens this field"
"microglia","data/processed/04_differential_expression_enrichment/clusterProfiler/microglia/clusterProfiler_manifest.csv","collapsed_gene_provenance_file","provenance_only","CA1microgliares_CA1microgliacon|GSEA_KEGG|KEGG",2,"success_with_terms","P://data/processed/04_differential_expression_enrichment/clusterProfiler/microglia/phenotype_within_unit/CA1_microglia/CA1microgliares_CA1microgliacon/protein_group_audits/collapsed_gene_input_provenance.csv",207,"",FALSE,"declared_root_unmounted","S:/Lab_Member/Tobi/Experiments/Exp9_Social-Stress/Analysis/proteomics/data/processed/04_differential_expression_enrichment/clusterProfiler/microglia/phenotype_within_unit/CA1_microglia/CA1microgliares_CA1microgliacon/protein_group_audits/collapsed_gene_input_provenance.csv",273,"path_over_limit",TRUE,1284215,FALSE,"provenance only: no active code opens this field"
"microglia","data/processed/04_differential_expression_enrichment/clusterProfiler/microglia/clusterProfiler_manifest.csv","collapsed_gene_provenance_file","provenance_only","CA1microgliasus_CA1microgliacon|GSEA_GO|BP",3,"success_with_terms","P://data/processed/04_differential_expression_enrichment/clusterProfiler/microglia/phenotype_within_unit/CA1_microglia/CA1microgliasus_CA1microgliacon/protein_group_audits/collapsed_gene_input_provenance.csv",207,"",FALSE,"declared_root_unmounted","S:/Lab_Member/Tobi/Experiments/Exp9_Social-Stress/Analysis/proteomics/data/processed/04_differential_expression_enrichment/clusterProfiler/microglia/phenotype_within_unit/CA1_microglia/CA1microgliasus_CA1microgliacon/protein_group_audits/collapsed_gene_input_provenance.csv",273,"path_over_limit",TRUE,1286700,FALSE,"provenance only: no active code opens this field"
"microglia","data/processed/04_differential_expression_enrichment/clusterProfiler/microglia/clusterProfiler_manifest.csv","collapsed_gene_provenance_file","provenance_only","CA1microgliasus_CA1microgliacon|GSEA_KEGG|KEGG",4,"success_with_terms","P://data/processed/04_differential_expression_enrichment/clusterProfiler/microglia/phenotype_within_unit/CA1_microglia/CA1microgliasus_CA1microgliacon/protein_group_audits/collapsed_gene_input_provenance.csv",207,"",FALSE,"declared_root_unmounted","S:/Lab_Member/Tobi/Experiments/Exp9_Social-Stress/Analysis/proteomics/data/processed/04_differential_expression_enrichment/clusterProfiler/microglia/phenotype_within_unit/CA1_microglia/CA1microgliasus_CA1microgliacon/protein_group_audits/collapsed_gene_input_provenance.csv",273,"path_over_limit",TRUE,1286700,FALSE,"provenance only: no active code opens this field"
"microglia","data/processed/04_differential_expression_enrichment/clusterProfiler/microglia/clusterProfiler_manifest.csv","collapsed_gene_provenance_file","provenance_only","CA1microgliasus_CA1microgliares|GSEA_GO|BP",5,"success_with_terms","P://data/processed/04_differential_expression_enrichment/clusterProfiler/microglia/phenotype_within_unit/CA1_microglia/CA1microgliasus_CA1microgliares/protein_group_audits/collapsed_gene_input_provenance.csv",207,"",FALSE,"declared_root_unmounted","S:/Lab_Member/Tobi/Experiments/Exp9_Social-Stress/Analysis/proteomics/data/processed/04_differential_expression_enrichment/clusterProfiler/microglia/phenotype_within_unit/CA1_microglia/CA1microgliasus_CA1microgliares/protein_group_audits/collapsed_gene_input_provenance.csv",273,"path_over_limit",TRUE,1288321,FALSE,"provenance only: no active code opens this field"
"microglia","data/processed/04_differential_expression_enrichment/clusterProfiler/microglia/clusterProfiler_manifest.csv","collapsed_gene_provenance_file","provenance_only","CA1microgliasus_CA1microgliares|GSEA_KEGG|KEGG",6,"success_with_terms","P://data/processed/04_differential_expression_enrichment/clusterProfiler/microglia/phenotype_within_unit/CA1_microglia/CA1microgliasus_CA1microgliares/protein_group_audits/collapsed_gene_input_provenance.csv",207,"",FALSE,"declared_root_unmounted","S:/Lab_Member/Tobi/Experiments/Exp9_Social-Stress/Analysis/proteomics/data/processed/04_differential_expression_enrichment/clusterProfiler/microglia/phenotype_within_unit/CA1_microglia/CA1microgliasus_CA1microgliares/protein_group_audits/collapsed_gene_input_provenance.csv",273,"path_over_limit",TRUE,1288321,FALSE,"provenance only: no active code opens this field"
"microglia","data/processed/04_differential_expression_enrichment/clusterProfiler/microglia/clusterProfiler_manifest.csv","collapsed_gene_provenance_file","provenance_only","CA2microgliares_CA2microgliacon|GSEA_GO|BP",7,"success_with_terms","P://data/processed/04_differential_expression_enrichment/clusterProfiler/microglia/phenotype_within_unit/CA2_microglia/CA2microgliares_CA2microgliacon/protein_group_audits/collapsed_gene_input_provenance.csv",207,"",FALSE,"declared_root_unmounted","S:/Lab_Member/Tobi/Experiments/Exp9_Social-Stress/Analysis/proteomics/data/processed/04_differential_expression_enrichment/clusterProfiler/microglia/phenotype_within_unit/CA2_microglia/CA2microgliares_CA2microgliacon/protein_group_audits/collapsed_gene_input_provenance.csv",273,"path_over_limit",TRUE,1284771,FALSE,"provenance only: no active code opens this field"
"microglia","data/processed/04_differential_expression_enrichment/clusterProfiler/microglia/clusterProfiler_manifest.csv","collapsed_gene_provenance_file","provenance_only","CA2microgliares_CA2microgliacon|GSEA_KEGG|KEGG",8,"success_with_terms","P://data/processed/04_differential_expression_enrichment/clusterProfiler/microglia/phenotype_within_unit/CA2_microglia/CA2microgliares_CA2microgliacon/protein_group_audits/collapsed_gene_input_provenance.csv",207,"",FALSE,"declared_root_unmounted","S:/Lab_Member/Tobi/Experiments/Exp9_Social-Stress/Analysis/proteomics/data/processed/04_differential_expression_enrichment/clusterProfiler/microglia/phenotype_within_unit/CA2_microglia/CA2microgliares_CA2microgliacon/protein_group_audits/collapsed_gene_input_provenance.csv",273,"path_over_limit",TRUE,1284771,FALSE,"provenance only: no active code opens this field"
"microglia","data/processed/04_differential_expression_enrichment/clusterProfiler/microglia/clusterProfiler_manifest.csv","collapsed_gene_provenance_file","provenance_only","CA2microgliasus_CA2microgliacon|GSEA_GO|BP",9,"success_with_terms","P://data/processed/04_differential_expression_enrichment/clusterProfiler/microglia/phenotype_within_unit/CA2_microglia/CA2microgliasus_CA2microgliacon/protein_group_audits/collapsed_gene_input_provenance.csv",207,"",FALSE,"declared_root_unmounted","S:/Lab_Member/Tobi/Experiments/Exp9_Social-Stress/Analysis/proteomics/data/processed/04_differential_expression_enrichment/clusterProfiler/microglia/phenotype_within_unit/CA2_microglia/CA2microgliasus_CA2microgliacon/protein_group_audits/collapsed_gene_input_provenance.csv",273,"path_over_limit",TRUE,1288404,FALSE,"provenance only: no active code opens this field"
"microglia","data/processed/04_differential_expression_enrichment/clusterProfiler/microglia/clusterProfiler_manifest.csv","collapsed_gene_provenance_file","provenance_only","CA2microgliasus_CA2microgliacon|GSEA_KEGG|KEGG",10,"success_with_terms","P://data/processed/04_differential_expression_enrichment/clusterProfiler/microglia/phenotype_within_unit/CA2_microglia/CA2microgliasus_CA2microgliacon/protein_group_audits/collapsed_gene_input_provenance.csv",207,"",FALSE,"declared_root_unmounted","S:/Lab_Member/Tobi/Experiments/Exp9_Social-Stress/Analysis/proteomics/data/processed/04_differential_expression_enrichment/clusterProfiler/microglia/phenotype_within_unit/CA2_microglia/CA2microgliasus_CA2microgliacon/protein_group_audits/collapsed_gene_input_provenance.csv",273,"path_over_limit",TRUE,1288404,FALSE,"provenance only: no active code opens this field"
"microglia","data/processed/04_differential_expression_enrichment/clusterProfiler/microglia/clusterProfiler_manifest.csv","collapsed_gene_provenance_file","provenance_only","CA2microgliasus_CA2microgliares|GSEA_GO|BP",11,"success_with_terms","P://data/processed/04_differential_expression_enrichment/clusterProfiler/microglia/phenotype_within_unit/CA2_microglia/CA2microgliasus_CA2microgliares/protein_group_audits/collapsed_gene_input_provenance.csv",207,"",FALSE,"declared_root_unmounted","S:/Lab_Member/Tobi/Experiments/Exp9_Social-Stress/Analysis/proteomics/data/processed/04_differential_expression_enrichment/clusterProfiler/microglia/phenotype_within_unit/CA2_microglia/CA2microgliasus_CA2microgliares/protein_group_audits/collapsed_gene_input_provenance.csv",273,"path_over_limit",TRUE,1286360,FALSE,"provenance only: no active code opens this field"
"microglia","data/processed/04_differential_expression_enrichment/clusterProfiler/microglia/clusterProfiler_manifest.csv","collapsed_gene_provenance_file","provenance_only","CA2microgliasus_CA2microgliares|GSEA_KEGG|KEGG",12,"success_with_terms","P://data/processed/04_differential_expression_enrichment/clusterProfiler/microglia/phenotype_within_unit/CA2_microglia/CA2microgliasus_CA2microgliares/protein_group_audits/collapsed_gene_input_provenance.csv",207,"",FALSE,"declared_root_unmounted","S:/Lab_Member/Tobi/Experiments/Exp9_Social-Stress/Analysis/proteomics/data/processed/04_differential_expression_enrichment/clusterProfiler/microglia/phenotype_within_unit/CA2_microglia/CA2microgliasus_CA2microgliares/protein_group_audits/collapsed_gene_input_provenance.csv",273,"path_over_limit",TRUE,1286360,FALSE,"provenance only: no active code opens this field"
"microglia","data/processed/04_differential_expression_enrichment/clusterProfiler/microglia/clusterProfiler_manifest.csv","collapsed_gene_provenance_file","provenance_only","CA3microgliares_CA3microgliacon|GSEA_GO|BP",13,"success_with_terms","P://data/processed/04_differential_expression_enrichment/clusterProfiler/microglia/phenotype_within_unit/CA3_microglia/CA3microgliares_CA3microgliacon/protein_group_audits/collapsed_gene_input_provenance.csv",207,"",FALSE,"declared_root_unmounted","S:/Lab_Member/Tobi/Experiments/Exp9_Social-Stress/Analysis/proteomics/data/processed/04_differential_expression_enrichment/clusterProfiler/microglia/phenotype_within_unit/CA3_microglia/CA3microgliares_CA3microgliacon/protein_group_audits/collapsed_gene_input_provenance.csv",273,"path_over_limit",TRUE,1277514,FALSE,"provenance only: no active code opens this field"
"microglia","data/processed/04_differential_expression_enrichment/clusterProfiler/microglia/clusterProfiler_manifest.csv","collapsed_gene_provenance_file","provenance_only","CA3microgliares_CA3microgliacon|GSEA_KEGG|KEGG",14,"success_with_terms","P://data/processed/04_differential_expression_enrichment/clusterProfiler/microglia/phenotype_within_unit/CA3_microglia/CA3microgliares_CA3microgliacon/protein_group_audits/collapsed_gene_input_provenance.csv",207,"",FALSE,"declared_root_unmounted","S:/Lab_Member/Tobi/Experiments/Exp9_Social-Stress/Analysis/proteomics/data/processed/04_differential_expression_enrichment/clusterProfiler/microglia/phenotype_within_unit/CA3_microglia/CA3microgliares_CA3microgliacon/protein_group_audits/collapsed_gene_input_provenance.csv",273,"path_over_limit",TRUE,1277514,FALSE,"provenance only: no active code opens this field"
"microglia","data/processed/04_differential_expression_enrichment/clusterProfiler/microglia/clusterProfiler_manifest.csv","collapsed_gene_provenance_file","provenance_only","CA3microgliasus_CA3microgliacon|GSEA_GO|BP",15,"success_with_terms","P://data/processed/04_differential_expression_enrichment/clusterProfiler/microglia/phenotype_within_unit/CA3_microglia/CA3microgliasus_CA3microgliacon/protein_group_audits/collapsed_gene_input_provenance.csv",207,"",FALSE,"declared_root_unmounted","S:/Lab_Member/Tobi/Experiments/Exp9_Social-Stress/Analysis/proteomics/data/processed/04_differential_expression_enrichment/clusterProfiler/microglia/phenotype_within_unit/CA3_microglia/CA3microgliasus_CA3microgliacon/protein_group_audits/collapsed_gene_input_provenance.csv",273,"path_over_limit",TRUE,1290015,FALSE,"provenance only: no active code opens this field"
"microglia","data/processed/04_differential_expression_enrichment/clusterProfiler/microglia/clusterProfiler_manifest.csv","collapsed_gene_provenance_file","provenance_only","CA3microgliasus_CA3microgliacon|GSEA_KEGG|KEGG",16,"success_with_terms","P://data/processed/04_differential_expression_enrichment/clusterProfiler/microglia/phenotype_within_unit/CA3_microglia/CA3microgliasus_CA3microgliacon/protein_group_audits/collapsed_gene_input_provenance.csv",207,"",FALSE,"declared_root_unmounted","S:/Lab_Member/Tobi/Experiments/Exp9_Social-Stress/Analysis/proteomics/data/processed/04_differential_expression_enrichment/clusterProfiler/microglia/phenotype_within_unit/CA3_microglia/CA3microgliasus_CA3microgliacon/protein_group_audits/collapsed_gene_input_provenance.csv",273,"path_over_limit",TRUE,1290015,FALSE,"provenance only: no active code opens this field"
"microglia","data/processed/04_differential_expression_enrichment/clusterProfiler/microglia/clusterProfiler_manifest.csv","collapsed_gene_provenance_file","provenance_only","CA3microgliasus_CA3microgliares|GSEA_GO|BP",17,"success_with_terms","P://data/processed/04_differential_expression_enrichment/clusterProfiler/microglia/phenotype_within_unit/CA3_microglia/CA3microgliasus_CA3microgliares/protein_group_audits/collapsed_gene_input_provenance.csv",207,"",FALSE,"declared_root_unmounted","S:/Lab_Member/Tobi/Experiments/Exp9_Social-Stress/Analysis/proteomics/data/processed/04_differential_expression_enrichment/clusterProfiler/microglia/phenotype_within_unit/CA3_microglia/CA3microgliasus_CA3microgliares/protein_group_audits/collapsed_gene_input_provenance.csv",273,"path_over_limit",TRUE,1289166,FALSE,"provenance only: no active code opens this field"
"microglia","data/processed/04_differential_expression_enrichment/clusterProfiler/microglia/clusterProfiler_manifest.csv","collapsed_gene_provenance_file","provenance_only","CA3microgliasus_CA3microgliares|GSEA_KEGG|KEGG",18,"success_with_terms","P://data/processed/04_differential_expression_enrichment/clusterProfiler/microglia/phenotype_within_unit/CA3_microglia/CA3microgliasus_CA3microgliares/protein_group_audits/collapsed_gene_input_provenance.csv",207,"",FALSE,"declared_root_unmounted","S:/Lab_Member/Tobi/Experiments/Exp9_Social-Stress/Analysis/proteomics/data/processed/04_differential_expression_enrichment/clusterProfiler/microglia/phenotype_within_unit/CA3_microglia/CA3microgliasus_CA3microgliares/protein_group_audits/collapsed_gene_input_provenance.csv",273,"path_over_limit",TRUE,1289166,FALSE,"provenance only: no active code opens this field"
"microglia","data/processed/04_differential_expression_enrichment/clusterProfiler/microglia/clusterProfiler_manifest.csv","collapsed_gene_provenance_file","provenance_only","DGmicrogliares_DGmicrogliacon|GSEA_GO|BP",19,"success_with_terms","P://data/processed/04_differential_expression_enrichment/clusterProfiler/microglia/phenotype_within_unit/DG_microglia/DGmicrogliares_DGmicrogliacon/protein_group_audits/collapsed_gene_input_provenance.csv",204,"",FALSE,"declared_root_unmounted","S:/Lab_Member/Tobi/Experiments/Exp9_Social-Stress/Analysis/proteomics/data/processed/04_differential_expression_enrichment/clusterProfiler/microglia/phenotype_within_unit/DG_microglia/DGmicrogliares_DGmicrogliacon/protein_group_audits/collapsed_gene_input_provenance.csv",270,"path_over_limit",TRUE,1282974,FALSE,"provenance only: no active code opens this field"
"microglia","data/processed/04_differential_expression_enrichment/clusterProfiler/microglia/clusterProfiler_manifest.csv","collapsed_gene_provenance_file","provenance_only","DGmicrogliares_DGmicrogliacon|GSEA_KEGG|KEGG",20,"success_with_terms","P://data/processed/04_differential_expression_enrichment/clusterProfiler/microglia/phenotype_within_unit/DG_microglia/DGmicrogliares_DGmicrogliacon/protein_group_audits/collapsed_gene_input_provenance.csv",204,"",FALSE,"declared_root_unmounted","S:/Lab_Member/Tobi/Experiments/Exp9_Social-Stress/Analysis/proteomics/data/processed/04_differential_expression_enrichment/clusterProfiler/microglia/phenotype_within_unit/DG_microglia/DGmicrogliares_DGmicrogliacon/protein_group_audits/collapsed_gene_input_provenance.csv",270,"path_over_limit",TRUE,1282974,FALSE,"provenance only: no active code opens this field"
"microglia","data/processed/04_differential_expression_enrichment/clusterProfiler/microglia/clusterProfiler_manifest.csv","collapsed_gene_provenance_file","provenance_only","DGmicrogliasus_DGmicrogliacon|GSEA_GO|BP",21,"success_with_terms","P://data/processed/04_differential_expression_enrichment/clusterProfiler/microglia/phenotype_within_unit/DG_microglia/DGmicrogliasus_DGmicrogliacon/protein_group_audits/collapsed_gene_input_provenance.csv",204,"",FALSE,"declared_root_unmounted","S:/Lab_Member/Tobi/Experiments/Exp9_Social-Stress/Analysis/proteomics/data/processed/04_differential_expression_enrichment/clusterProfiler/microglia/phenotype_within_unit/DG_microglia/DGmicrogliasus_DGmicrogliacon/protein_group_audits/collapsed_gene_input_provenance.csv",270,"path_over_limit",TRUE,1286539,FALSE,"provenance only: no active code opens this field"
"microglia","data/processed/04_differential_expression_enrichment/clusterProfiler/microglia/clusterProfiler_manifest.csv","collapsed_gene_provenance_file","provenance_only","DGmicrogliasus_DGmicrogliacon|GSEA_KEGG|KEGG",22,"success_with_terms","P://data/processed/04_differential_expression_enrichment/clusterProfiler/microglia/phenotype_within_unit/DG_microglia/DGmicrogliasus_DGmicrogliacon/protein_group_audits/collapsed_gene_input_provenance.csv",204,"",FALSE,"declared_root_unmounted","S:/Lab_Member/Tobi/Experiments/Exp9_Social-Stress/Analysis/proteomics/data/processed/04_differential_expression_enrichment/clusterProfiler/microglia/phenotype_within_unit/DG_microglia/DGmicrogliasus_DGmicrogliacon/protein_group_audits/collapsed_gene_input_provenance.csv",270,"path_over_limit",TRUE,1286539,FALSE,"provenance only: no active code opens this field"
"microglia","data/processed/04_differential_expression_enrichment/clusterProfiler/microglia/clusterProfiler_manifest.csv","collapsed_gene_provenance_file","provenance_only","DGmicrogliasus_DGmicrogliares|GSEA_GO|BP",23,"success_with_terms","P://data/processed/04_differential_expression_enrichment/clusterProfiler/microglia/phenotype_within_unit/DG_microglia/DGmicrogliasus_DGmicrogliares/protein_group_audits/collapsed_gene_input_provenance.csv",204,"",FALSE,"declared_root_unmounted","S:/Lab_Member/Tobi/Experiments/Exp9_Social-Stress/Analysis/proteomics/data/processed/04_differential_expression_enrichment/clusterProfiler/microglia/phenotype_within_unit/DG_microglia/DGmicrogliasus_DGmicrogliares/protein_group_audits/collapsed_gene_input_provenance.csv",270,"path_over_limit",TRUE,1288517,FALSE,"provenance only: no active code opens this field"
"microglia","data/processed/04_differential_expression_enrichment/clusterProfiler/microglia/clusterProfiler_manifest.csv","collapsed_gene_provenance_file","provenance_only","DGmicrogliasus_DGmicrogliares|GSEA_KEGG|KEGG",24,"success_with_terms","P://data/processed/04_differential_expression_enrichment/clusterProfiler/microglia/phenotype_within_unit/DG_microglia/DGmicrogliasus_DGmicrogliares/protein_group_audits/collapsed_gene_input_provenance.csv",204,"",FALSE,"declared_root_unmounted","S:/Lab_Member/Tobi/Experiments/Exp9_Social-Stress/Analysis/proteomics/data/processed/04_differential_expression_enrichment/clusterProfiler/microglia/phenotype_within_unit/DG_microglia/DGmicrogliasus_DGmicrogliares/protein_group_audits/collapsed_gene_input_provenance.csv",270,"path_over_limit",TRUE,1288517,FALSE,"provenance only: no active code opens this field"
"microglia","data/processed/04_differential_expression_enrichment/clusterProfiler/microglia/clusterProfiler_manifest.csv","config_file","provenance_only","CA1microgliares_CA1microgliacon|GSEA_GO|BP",1,"success_with_terms","P://config/clusterProfiler_config.yml",37,"",FALSE,"declared_root_unmounted","S:/Lab_Member/Tobi/Experiments/Exp9_Social-Stress/Analysis/proteomics/config/clusterProfiler_config.yml",103,"present",TRUE,1993,FALSE,"provenance only: no active code opens this field"
"microglia","data/processed/04_differential_expression_enrichment/clusterProfiler/microglia/clusterProfiler_manifest.csv","config_file","provenance_only","CA1microgliares_CA1microgliacon|GSEA_KEGG|KEGG",2,"success_with_terms","P://config/clusterProfiler_config.yml",37,"",FALSE,"declared_root_unmounted","S:/Lab_Member/Tobi/Experiments/Exp9_Social-Stress/Analysis/proteomics/config/clusterProfiler_config.yml",103,"present",TRUE,1993,FALSE,"provenance only: no active code opens this field"
"microglia","data/processed/04_differential_expression_enrichment/clusterProfiler/microglia/clusterProfiler_manifest.csv","config_file","provenance_only","CA1microgliasus_CA1microgliacon|GSEA_GO|BP",3,"success_with_terms","P://config/clusterProfiler_config.yml",37,"",FALSE,"declared_root_unmounted","S:/Lab_Member/Tobi/Experiments/Exp9_Social-Stress/Analysis/proteomics/config/clusterProfiler_config.yml",103,"present",TRUE,1993,FALSE,"provenance only: no active code opens this field"
"microglia","data/processed/04_differential_expression_enrichment/clusterProfiler/microglia/clusterProfiler_manifest.csv","config_file","provenance_only","CA1microgliasus_CA1microgliacon|GSEA_KEGG|KEGG",4,"success_with_terms","P://config/clusterProfiler_config.yml",37,"",FALSE,"declared_root_unmounted","S:/Lab_Member/Tobi/Experiments/Exp9_Social-Stress/Analysis/proteomics/config/clusterProfiler_config.yml",103,"present",TRUE,1993,FALSE,"provenance only: no active code opens this field"
"microglia","data/processed/04_differential_expression_enrichment/clusterProfiler/microglia/clusterProfiler_manifest.csv","config_file","provenance_only","CA1microgliasus_CA1microgliares|GSEA_GO|BP",5,"success_with_terms","P://config/clusterProfiler_config.yml",37,"",FALSE,"declared_root_unmounted","S:/Lab_Member/Tobi/Experiments/Exp9_Social-Stress/Analysis/proteomics/config/clusterProfiler_config.yml",103,"present",TRUE,1993,FALSE,"provenance only: no active code opens this field"
"microglia","data/processed/04_differential_expression_enrichment/clusterProfiler/microglia/clusterProfiler_manifest.csv","config_file","provenance_only","CA1microgliasus_CA1microgliares|GSEA_KEGG|KEGG",6,"success_with_terms","P://config/clusterProfiler_config.yml",37,"",FALSE,"declared_root_unmounted","S:/Lab_Member/Tobi/Experiments/Exp9_Social-Stress/Analysis/proteomics/config/clusterProfiler_config.yml",103,"present",TRUE,1993,FALSE,"provenance only: no active code opens this field"
"microglia","data/processed/04_differential_expression_enrichment/clusterProfiler/microglia/clusterProfiler_manifest.csv","config_file","provenance_only","CA2microgliares_CA2microgliacon|GSEA_GO|BP",7,"success_with_terms","P://config/clusterProfiler_config.yml",37,"",FALSE,"declared_root_unmounted","S:/Lab_Member/Tobi/Experiments/Exp9_Social-Stress/Analysis/proteomics/config/clusterProfiler_config.yml",103,"present",TRUE,1993,FALSE,"provenance only: no active code opens this field"
"microglia","data/processed/04_differential_expression_enrichment/clusterProfiler/microglia/clusterProfiler_manifest.csv","config_file","provenance_only","CA2microgliares_CA2microgliacon|GSEA_KEGG|KEGG",8,"success_with_terms","P://config/clusterProfiler_config.yml",37,"",FALSE,"declared_root_unmounted","S:/Lab_Member/Tobi/Experiments/Exp9_Social-Stress/Analysis/proteomics/config/clusterProfiler_config.yml",103,"present",TRUE,1993,FALSE,"provenance only: no active code opens this field"
"microglia","data/processed/04_differential_expression_enrichment/clusterProfiler/microglia/clusterProfiler_manifest.csv","config_file","provenance_only","CA2microgliasus_CA2microgliacon|GSEA_GO|BP",9,"success_with_terms","P://config/clusterProfiler_config.yml",37,"",FALSE,"declared_root_unmounted","S:/Lab_Member/Tobi/Experiments/Exp9_Social-Stress/Analysis/proteomics/config/clusterProfiler_config.yml",103,"present",TRUE,1993,FALSE,"provenance only: no active code opens this field"
"microglia","data/processed/04_differential_expression_enrichment/clusterProfiler/microglia/clusterProfiler_manifest.csv","config_file","provenance_only","CA2microgliasus_CA2microgliacon|GSEA_KEGG|KEGG",10,"success_with_terms","P://config/clusterProfiler_config.yml",37,"",FALSE,"declared_root_unmounted","S:/Lab_Member/Tobi/Experiments/Exp9_Social-Stress/Analysis/proteomics/config/clusterProfiler_config.yml",103,"present",TRUE,1993,FALSE,"provenance only: no active code opens this field"
"microglia","data/processed/04_differential_expression_enrichment/clusterProfiler/microglia/clusterProfiler_manifest.csv","config_file","provenance_only","CA2microgliasus_CA2microgliares|GSEA_GO|BP",11,"success_with_terms","P://config/clusterProfiler_config.yml",37,"",FALSE,"declared_root_unmounted","S:/Lab_Member/Tobi/Experiments/Exp9_Social-Stress/Analysis/proteomics/config/clusterProfiler_config.yml",103,"present",TRUE,1993,FALSE,"provenance only: no active code opens this field"
"microglia","data/processed/04_differential_expression_enrichment/clusterProfiler/microglia/clusterProfiler_manifest.csv","config_file","provenance_only","CA2microgliasus_CA2microgliares|GSEA_KEGG|KEGG",12,"success_with_terms","P://config/clusterProfiler_config.yml",37,"",FALSE,"declared_root_unmounted","S:/Lab_Member/Tobi/Experiments/Exp9_Social-Stress/Analysis/proteomics/config/clusterProfiler_config.yml",103,"present",TRUE,1993,FALSE,"provenance only: no active code opens this field"
"microglia","data/processed/04_differential_expression_enrichment/clusterProfiler/microglia/clusterProfiler_manifest.csv","config_file","provenance_only","CA3microgliares_CA3microgliacon|GSEA_GO|BP",13,"success_with_terms","P://config/clusterProfiler_config.yml",37,"",FALSE,"declared_root_unmounted","S:/Lab_Member/Tobi/Experiments/Exp9_Social-Stress/Analysis/proteomics/config/clusterProfiler_config.yml",103,"present",TRUE,1993,FALSE,"provenance only: no active code opens this field"
"microglia","data/processed/04_differential_expression_enrichment/clusterProfiler/microglia/clusterProfiler_manifest.csv","config_file","provenance_only","CA3microgliares_CA3microgliacon|GSEA_KEGG|KEGG",14,"success_with_terms","P://config/clusterProfiler_config.yml",37,"",FALSE,"declared_root_unmounted","S:/Lab_Member/Tobi/Experiments/Exp9_Social-Stress/Analysis/proteomics/config/clusterProfiler_config.yml",103,"present",TRUE,1993,FALSE,"provenance only: no active code opens this field"
"microglia","data/processed/04_differential_expression_enrichment/clusterProfiler/microglia/clusterProfiler_manifest.csv","config_file","provenance_only","CA3microgliasus_CA3microgliacon|GSEA_GO|BP",15,"success_with_terms","P://config/clusterProfiler_config.yml",37,"",FALSE,"declared_root_unmounted","S:/Lab_Member/Tobi/Experiments/Exp9_Social-Stress/Analysis/proteomics/config/clusterProfiler_config.yml",103,"present",TRUE,1993,FALSE,"provenance only: no active code opens this field"
"microglia","data/processed/04_differential_expression_enrichment/clusterProfiler/microglia/clusterProfiler_manifest.csv","config_file","provenance_only","CA3microgliasus_CA3microgliacon|GSEA_KEGG|KEGG",16,"success_with_terms","P://config/clusterProfiler_config.yml",37,"",FALSE,"declared_root_unmounted","S:/Lab_Member/Tobi/Experiments/Exp9_Social-Stress/Analysis/proteomics/config/clusterProfiler_config.yml",103,"present",TRUE,1993,FALSE,"provenance only: no active code opens this field"
"microglia","data/processed/04_differential_expression_enrichment/clusterProfiler/microglia/clusterProfiler_manifest.csv","config_file","provenance_only","CA3microgliasus_CA3microgliares|GSEA_GO|BP",17,"success_with_terms","P://config/clusterProfiler_config.yml",37,"",FALSE,"declared_root_unmounted","S:/Lab_Member/Tobi/Experiments/Exp9_Social-Stress/Analysis/proteomics/config/clusterProfiler_config.yml",103,"present",TRUE,1993,FALSE,"provenance only: no active code opens this field"
"microglia","data/processed/04_differential_expression_enrichment/clusterProfiler/microglia/clusterProfiler_manifest.csv","config_file","provenance_only","CA3microgliasus_CA3microgliares|GSEA_KEGG|KEGG",18,"success_with_terms","P://config/clusterProfiler_config.yml",37,"",FALSE,"declared_root_unmounted","S:/Lab_Member/Tobi/Experiments/Exp9_Social-Stress/Analysis/proteomics/config/clusterProfiler_config.yml",103,"present",TRUE,1993,FALSE,"provenance only: no active code opens this field"
"microglia","data/processed/04_differential_expression_enrichment/clusterProfiler/microglia/clusterProfiler_manifest.csv","config_file","provenance_only","DGmicrogliares_DGmicrogliacon|GSEA_GO|BP",19,"success_with_terms","P://config/clusterProfiler_config.yml",37,"",FALSE,"declared_root_unmounted","S:/Lab_Member/Tobi/Experiments/Exp9_Social-Stress/Analysis/proteomics/config/clusterProfiler_config.yml",103,"present",TRUE,1993,FALSE,"provenance only: no active code opens this field"
"microglia","data/processed/04_differential_expression_enrichment/clusterProfiler/microglia/clusterProfiler_manifest.csv","config_file","provenance_only","DGmicrogliares_DGmicrogliacon|GSEA_KEGG|KEGG",20,"success_with_terms","P://config/clusterProfiler_config.yml",37,"",FALSE,"declared_root_unmounted","S:/Lab_Member/Tobi/Experiments/Exp9_Social-Stress/Analysis/proteomics/config/clusterProfiler_config.yml",103,"present",TRUE,1993,FALSE,"provenance only: no active code opens this field"
"microglia","data/processed/04_differential_expression_enrichment/clusterProfiler/microglia/clusterProfiler_manifest.csv","config_file","provenance_only","DGmicrogliasus_DGmicrogliacon|GSEA_GO|BP",21,"success_with_terms","P://config/clusterProfiler_config.yml",37,"",FALSE,"declared_root_unmounted","S:/Lab_Member/Tobi/Experiments/Exp9_Social-Stress/Analysis/proteomics/config/clusterProfiler_config.yml",103,"present",TRUE,1993,FALSE,"provenance only: no active code opens this field"
"microglia","data/processed/04_differential_expression_enrichment/clusterProfiler/microglia/clusterProfiler_manifest.csv","config_file","provenance_only","DGmicrogliasus_DGmicrogliacon|GSEA_KEGG|KEGG",22,"success_with_terms","P://config/clusterProfiler_config.yml",37,"",FALSE,"declared_root_unmounted","S:/Lab_Member/Tobi/Experiments/Exp9_Social-Stress/Analysis/proteomics/config/clusterProfiler_config.yml",103,"present",TRUE,1993,FALSE,"provenance only: no active code opens this field"
"microglia","data/processed/04_differential_expression_enrichment/clusterProfiler/microglia/clusterProfiler_manifest.csv","config_file","provenance_only","DGmicrogliasus_DGmicrogliares|GSEA_GO|BP",23,"success_with_terms","P://config/clusterProfiler_config.yml",37,"",FALSE,"declared_root_unmounted","S:/Lab_Member/Tobi/Experiments/Exp9_Social-Stress/Analysis/proteomics/config/clusterProfiler_config.yml",103,"present",TRUE,1993,FALSE,"provenance only: no active code opens this field"
"microglia","data/processed/04_differential_expression_enrichment/clusterProfiler/microglia/clusterProfiler_manifest.csv","config_file","provenance_only","DGmicrogliasus_DGmicrogliares|GSEA_KEGG|KEGG",24,"success_with_terms","P://config/clusterProfiler_config.yml",37,"",FALSE,"declared_root_unmounted","S:/Lab_Member/Tobi/Experiments/Exp9_Social-Stress/Analysis/proteomics/config/clusterProfiler_config.yml",103,"present",TRUE,1993,FALSE,"provenance only: no active code opens this field"
"microglia","data/processed/04_differential_expression_enrichment/clusterProfiler/microglia/clusterProfiler_manifest.csv","gene_input_file","provenance_only","CA1microgliares_CA1microgliacon|GSEA_GO|BP",1,"success_with_terms","P://data/processed/04_differential_expression_enrichment/clusterProfiler/microglia/phenotype_within_unit/CA1_microglia/CA1microgliares_CA1microgliacon/protein_group_audits/collapsed_gene_input.csv",196,"",FALSE,"declared_root_unmounted","S:/Lab_Member/Tobi/Experiments/Exp9_Social-Stress/Analysis/proteomics/data/processed/04_differential_expression_enrichment/clusterProfiler/microglia/phenotype_within_unit/CA1_microglia/CA1microgliares_CA1microgliacon/protein_group_audits/collapsed_gene_input.csv",262,"path_over_limit",TRUE,1377357,FALSE,"provenance only: no active code opens this field"
"microglia","data/processed/04_differential_expression_enrichment/clusterProfiler/microglia/clusterProfiler_manifest.csv","gene_input_file","provenance_only","CA1microgliares_CA1microgliacon|GSEA_KEGG|KEGG",2,"success_with_terms","P://data/processed/04_differential_expression_enrichment/clusterProfiler/microglia/phenotype_within_unit/CA1_microglia/CA1microgliares_CA1microgliacon/protein_group_audits/collapsed_gene_input.csv",196,"",FALSE,"declared_root_unmounted","S:/Lab_Member/Tobi/Experiments/Exp9_Social-Stress/Analysis/proteomics/data/processed/04_differential_expression_enrichment/clusterProfiler/microglia/phenotype_within_unit/CA1_microglia/CA1microgliares_CA1microgliacon/protein_group_audits/collapsed_gene_input.csv",262,"path_over_limit",TRUE,1377357,FALSE,"provenance only: no active code opens this field"
"microglia","data/processed/04_differential_expression_enrichment/clusterProfiler/microglia/clusterProfiler_manifest.csv","gene_input_file","provenance_only","CA1microgliasus_CA1microgliacon|GSEA_GO|BP",3,"success_with_terms","P://data/processed/04_differential_expression_enrichment/clusterProfiler/microglia/phenotype_within_unit/CA1_microglia/CA1microgliasus_CA1microgliacon/protein_group_audits/collapsed_gene_input.csv",196,"",FALSE,"declared_root_unmounted","S:/Lab_Member/Tobi/Experiments/Exp9_Social-Stress/Analysis/proteomics/data/processed/04_differential_expression_enrichment/clusterProfiler/microglia/phenotype_within_unit/CA1_microglia/CA1microgliasus_CA1microgliacon/protein_group_audits/collapsed_gene_input.csv",262,"path_over_limit",TRUE,1380377,FALSE,"provenance only: no active code opens this field"
"microglia","data/processed/04_differential_expression_enrichment/clusterProfiler/microglia/clusterProfiler_manifest.csv","gene_input_file","provenance_only","CA1microgliasus_CA1microgliacon|GSEA_KEGG|KEGG",4,"success_with_terms","P://data/processed/04_differential_expression_enrichment/clusterProfiler/microglia/phenotype_within_unit/CA1_microglia/CA1microgliasus_CA1microgliacon/protein_group_audits/collapsed_gene_input.csv",196,"",FALSE,"declared_root_unmounted","S:/Lab_Member/Tobi/Experiments/Exp9_Social-Stress/Analysis/proteomics/data/processed/04_differential_expression_enrichment/clusterProfiler/microglia/phenotype_within_unit/CA1_microglia/CA1microgliasus_CA1microgliacon/protein_group_audits/collapsed_gene_input.csv",262,"path_over_limit",TRUE,1380377,FALSE,"provenance only: no active code opens this field"
"microglia","data/processed/04_differential_expression_enrichment/clusterProfiler/microglia/clusterProfiler_manifest.csv","gene_input_file","provenance_only","CA1microgliasus_CA1microgliares|GSEA_GO|BP",5,"success_with_terms","P://data/processed/04_differential_expression_enrichment/clusterProfiler/microglia/phenotype_within_unit/CA1_microglia/CA1microgliasus_CA1microgliares/protein_group_audits/collapsed_gene_input.csv",196,"",FALSE,"declared_root_unmounted","S:/Lab_Member/Tobi/Experiments/Exp9_Social-Stress/Analysis/proteomics/data/processed/04_differential_expression_enrichment/clusterProfiler/microglia/phenotype_within_unit/CA1_microglia/CA1microgliasus_CA1microgliares/protein_group_audits/collapsed_gene_input.csv",262,"path_over_limit",TRUE,1382252,FALSE,"provenance only: no active code opens this field"
"microglia","data/processed/04_differential_expression_enrichment/clusterProfiler/microglia/clusterProfiler_manifest.csv","gene_input_file","provenance_only","CA1microgliasus_CA1microgliares|GSEA_KEGG|KEGG",6,"success_with_terms","P://data/processed/04_differential_expression_enrichment/clusterProfiler/microglia/phenotype_within_unit/CA1_microglia/CA1microgliasus_CA1microgliares/protein_group_audits/collapsed_gene_input.csv",196,"",FALSE,"declared_root_unmounted","S:/Lab_Member/Tobi/Experiments/Exp9_Social-Stress/Analysis/proteomics/data/processed/04_differential_expression_enrichment/clusterProfiler/microglia/phenotype_within_unit/CA1_microglia/CA1microgliasus_CA1microgliares/protein_group_audits/collapsed_gene_input.csv",262,"path_over_limit",TRUE,1382252,FALSE,"provenance only: no active code opens this field"
"microglia","data/processed/04_differential_expression_enrichment/clusterProfiler/microglia/clusterProfiler_manifest.csv","gene_input_file","provenance_only","CA2microgliares_CA2microgliacon|GSEA_GO|BP",7,"success_with_terms","P://data/processed/04_differential_expression_enrichment/clusterProfiler/microglia/phenotype_within_unit/CA2_microglia/CA2microgliares_CA2microgliacon/protein_group_audits/collapsed_gene_input.csv",196,"",FALSE,"declared_root_unmounted","S:/Lab_Member/Tobi/Experiments/Exp9_Social-Stress/Analysis/proteomics/data/processed/04_differential_expression_enrichment/clusterProfiler/microglia/phenotype_within_unit/CA2_microglia/CA2microgliares_CA2microgliacon/protein_group_audits/collapsed_gene_input.csv",262,"path_over_limit",TRUE,1377861,FALSE,"provenance only: no active code opens this field"
"microglia","data/processed/04_differential_expression_enrichment/clusterProfiler/microglia/clusterProfiler_manifest.csv","gene_input_file","provenance_only","CA2microgliares_CA2microgliacon|GSEA_KEGG|KEGG",8,"success_with_terms","P://data/processed/04_differential_expression_enrichment/clusterProfiler/microglia/phenotype_within_unit/CA2_microglia/CA2microgliares_CA2microgliacon/protein_group_audits/collapsed_gene_input.csv",196,"",FALSE,"declared_root_unmounted","S:/Lab_Member/Tobi/Experiments/Exp9_Social-Stress/Analysis/proteomics/data/processed/04_differential_expression_enrichment/clusterProfiler/microglia/phenotype_within_unit/CA2_microglia/CA2microgliares_CA2microgliacon/protein_group_audits/collapsed_gene_input.csv",262,"path_over_limit",TRUE,1377861,FALSE,"provenance only: no active code opens this field"
"microglia","data/processed/04_differential_expression_enrichment/clusterProfiler/microglia/clusterProfiler_manifest.csv","gene_input_file","provenance_only","CA2microgliasus_CA2microgliacon|GSEA_GO|BP",9,"success_with_terms","P://data/processed/04_differential_expression_enrichment/clusterProfiler/microglia/phenotype_within_unit/CA2_microglia/CA2microgliasus_CA2microgliacon/protein_group_audits/collapsed_gene_input.csv",196,"",FALSE,"declared_root_unmounted","S:/Lab_Member/Tobi/Experiments/Exp9_Social-Stress/Analysis/proteomics/data/processed/04_differential_expression_enrichment/clusterProfiler/microglia/phenotype_within_unit/CA2_microglia/CA2microgliasus_CA2microgliacon/protein_group_audits/collapsed_gene_input.csv",262,"path_over_limit",TRUE,1382160,FALSE,"provenance only: no active code opens this field"
"microglia","data/processed/04_differential_expression_enrichment/clusterProfiler/microglia/clusterProfiler_manifest.csv","gene_input_file","provenance_only","CA2microgliasus_CA2microgliacon|GSEA_KEGG|KEGG",10,"success_with_terms","P://data/processed/04_differential_expression_enrichment/clusterProfiler/microglia/phenotype_within_unit/CA2_microglia/CA2microgliasus_CA2microgliacon/protein_group_audits/collapsed_gene_input.csv",196,"",FALSE,"declared_root_unmounted","S:/Lab_Member/Tobi/Experiments/Exp9_Social-Stress/Analysis/proteomics/data/processed/04_differential_expression_enrichment/clusterProfiler/microglia/phenotype_within_unit/CA2_microglia/CA2microgliasus_CA2microgliacon/protein_group_audits/collapsed_gene_input.csv",262,"path_over_limit",TRUE,1382160,FALSE,"provenance only: no active code opens this field"
"microglia","data/processed/04_differential_expression_enrichment/clusterProfiler/microglia/clusterProfiler_manifest.csv","gene_input_file","provenance_only","CA2microgliasus_CA2microgliares|GSEA_GO|BP",11,"success_with_terms","P://data/processed/04_differential_expression_enrichment/clusterProfiler/microglia/phenotype_within_unit/CA2_microglia/CA2microgliasus_CA2microgliares/protein_group_audits/collapsed_gene_input.csv",196,"",FALSE,"declared_root_unmounted","S:/Lab_Member/Tobi/Experiments/Exp9_Social-Stress/Analysis/proteomics/data/processed/04_differential_expression_enrichment/clusterProfiler/microglia/phenotype_within_unit/CA2_microglia/CA2microgliasus_CA2microgliares/protein_group_audits/collapsed_gene_input.csv",262,"path_over_limit",TRUE,1379511,FALSE,"provenance only: no active code opens this field"
"microglia","data/processed/04_differential_expression_enrichment/clusterProfiler/microglia/clusterProfiler_manifest.csv","gene_input_file","provenance_only","CA2microgliasus_CA2microgliares|GSEA_KEGG|KEGG",12,"success_with_terms","P://data/processed/04_differential_expression_enrichment/clusterProfiler/microglia/phenotype_within_unit/CA2_microglia/CA2microgliasus_CA2microgliares/protein_group_audits/collapsed_gene_input.csv",196,"",FALSE,"declared_root_unmounted","S:/Lab_Member/Tobi/Experiments/Exp9_Social-Stress/Analysis/proteomics/data/processed/04_differential_expression_enrichment/clusterProfiler/microglia/phenotype_within_unit/CA2_microglia/CA2microgliasus_CA2microgliares/protein_group_audits/collapsed_gene_input.csv",262,"path_over_limit",TRUE,1379511,FALSE,"provenance only: no active code opens this field"
"microglia","data/processed/04_differential_expression_enrichment/clusterProfiler/microglia/clusterProfiler_manifest.csv","gene_input_file","provenance_only","CA3microgliares_CA3microgliacon|GSEA_GO|BP",13,"success_with_terms","P://data/processed/04_differential_expression_enrichment/clusterProfiler/microglia/phenotype_within_unit/CA3_microglia/CA3microgliares_CA3microgliacon/protein_group_audits/collapsed_gene_input.csv",196,"",FALSE,"declared_root_unmounted","S:/Lab_Member/Tobi/Experiments/Exp9_Social-Stress/Analysis/proteomics/data/processed/04_differential_expression_enrichment/clusterProfiler/microglia/phenotype_within_unit/CA3_microglia/CA3microgliares_CA3microgliacon/protein_group_audits/collapsed_gene_input.csv",262,"path_over_limit",TRUE,1371635,FALSE,"provenance only: no active code opens this field"
"microglia","data/processed/04_differential_expression_enrichment/clusterProfiler/microglia/clusterProfiler_manifest.csv","gene_input_file","provenance_only","CA3microgliares_CA3microgliacon|GSEA_KEGG|KEGG",14,"success_with_terms","P://data/processed/04_differential_expression_enrichment/clusterProfiler/microglia/phenotype_within_unit/CA3_microglia/CA3microgliares_CA3microgliacon/protein_group_audits/collapsed_gene_input.csv",196,"",FALSE,"declared_root_unmounted","S:/Lab_Member/Tobi/Experiments/Exp9_Social-Stress/Analysis/proteomics/data/processed/04_differential_expression_enrichment/clusterProfiler/microglia/phenotype_within_unit/CA3_microglia/CA3microgliares_CA3microgliacon/protein_group_audits/collapsed_gene_input.csv",262,"path_over_limit",TRUE,1371635,FALSE,"provenance only: no active code opens this field"
"microglia","data/processed/04_differential_expression_enrichment/clusterProfiler/microglia/clusterProfiler_manifest.csv","gene_input_file","provenance_only","CA3microgliasus_CA3microgliacon|GSEA_GO|BP",15,"success_with_terms","P://data/processed/04_differential_expression_enrichment/clusterProfiler/microglia/phenotype_within_unit/CA3_microglia/CA3microgliasus_CA3microgliacon/protein_group_audits/collapsed_gene_input.csv",196,"",FALSE,"declared_root_unmounted","S:/Lab_Member/Tobi/Experiments/Exp9_Social-Stress/Analysis/proteomics/data/processed/04_differential_expression_enrichment/clusterProfiler/microglia/phenotype_within_unit/CA3_microglia/CA3microgliasus_CA3microgliacon/protein_group_audits/collapsed_gene_input.csv",262,"path_over_limit",TRUE,1384398,FALSE,"provenance only: no active code opens this field"
"microglia","data/processed/04_differential_expression_enrichment/clusterProfiler/microglia/clusterProfiler_manifest.csv","gene_input_file","provenance_only","CA3microgliasus_CA3microgliacon|GSEA_KEGG|KEGG",16,"success_with_terms","P://data/processed/04_differential_expression_enrichment/clusterProfiler/microglia/phenotype_within_unit/CA3_microglia/CA3microgliasus_CA3microgliacon/protein_group_audits/collapsed_gene_input.csv",196,"",FALSE,"declared_root_unmounted","S:/Lab_Member/Tobi/Experiments/Exp9_Social-Stress/Analysis/proteomics/data/processed/04_differential_expression_enrichment/clusterProfiler/microglia/phenotype_within_unit/CA3_microglia/CA3microgliasus_CA3microgliacon/protein_group_audits/collapsed_gene_input.csv",262,"path_over_limit",TRUE,1384398,FALSE,"provenance only: no active code opens this field"
"microglia","data/processed/04_differential_expression_enrichment/clusterProfiler/microglia/clusterProfiler_manifest.csv","gene_input_file","provenance_only","CA3microgliasus_CA3microgliares|GSEA_GO|BP",17,"success_with_terms","P://data/processed/04_differential_expression_enrichment/clusterProfiler/microglia/phenotype_within_unit/CA3_microglia/CA3microgliasus_CA3microgliares/protein_group_audits/collapsed_gene_input.csv",196,"",FALSE,"declared_root_unmounted","S:/Lab_Member/Tobi/Experiments/Exp9_Social-Stress/Analysis/proteomics/data/processed/04_differential_expression_enrichment/clusterProfiler/microglia/phenotype_within_unit/CA3_microglia/CA3microgliasus_CA3microgliares/protein_group_audits/collapsed_gene_input.csv",262,"path_over_limit",TRUE,1383231,FALSE,"provenance only: no active code opens this field"
"microglia","data/processed/04_differential_expression_enrichment/clusterProfiler/microglia/clusterProfiler_manifest.csv","gene_input_file","provenance_only","CA3microgliasus_CA3microgliares|GSEA_KEGG|KEGG",18,"success_with_terms","P://data/processed/04_differential_expression_enrichment/clusterProfiler/microglia/phenotype_within_unit/CA3_microglia/CA3microgliasus_CA3microgliares/protein_group_audits/collapsed_gene_input.csv",196,"",FALSE,"declared_root_unmounted","S:/Lab_Member/Tobi/Experiments/Exp9_Social-Stress/Analysis/proteomics/data/processed/04_differential_expression_enrichment/clusterProfiler/microglia/phenotype_within_unit/CA3_microglia/CA3microgliasus_CA3microgliares/protein_group_audits/collapsed_gene_input.csv",262,"path_over_limit",TRUE,1383231,FALSE,"provenance only: no active code opens this field"
"microglia","data/processed/04_differential_expression_enrichment/clusterProfiler/microglia/clusterProfiler_manifest.csv","gene_input_file","provenance_only","DGmicrogliares_DGmicrogliacon|GSEA_GO|BP",19,"success_with_terms","P://data/processed/04_differential_expression_enrichment/clusterProfiler/microglia/phenotype_within_unit/DG_microglia/DGmicrogliares_DGmicrogliacon/protein_group_audits/collapsed_gene_input.csv",193,"",FALSE,"declared_root_unmounted","S:/Lab_Member/Tobi/Experiments/Exp9_Social-Stress/Analysis/proteomics/data/processed/04_differential_expression_enrichment/clusterProfiler/microglia/phenotype_within_unit/DG_microglia/DGmicrogliares_DGmicrogliacon/protein_group_audits/collapsed_gene_input.csv",259,"present",TRUE,1376057,FALSE,"provenance only: no active code opens this field"
"microglia","data/processed/04_differential_expression_enrichment/clusterProfiler/microglia/clusterProfiler_manifest.csv","gene_input_file","provenance_only","DGmicrogliares_DGmicrogliacon|GSEA_KEGG|KEGG",20,"success_with_terms","P://data/processed/04_differential_expression_enrichment/clusterProfiler/microglia/phenotype_within_unit/DG_microglia/DGmicrogliares_DGmicrogliacon/protein_group_audits/collapsed_gene_input.csv",193,"",FALSE,"declared_root_unmounted","S:/Lab_Member/Tobi/Experiments/Exp9_Social-Stress/Analysis/proteomics/data/processed/04_differential_expression_enrichment/clusterProfiler/microglia/phenotype_within_unit/DG_microglia/DGmicrogliares_DGmicrogliacon/protein_group_audits/collapsed_gene_input.csv",259,"present",TRUE,1376057,FALSE,"provenance only: no active code opens this field"
"microglia","data/processed/04_differential_expression_enrichment/clusterProfiler/microglia/clusterProfiler_manifest.csv","gene_input_file","provenance_only","DGmicrogliasus_DGmicrogliacon|GSEA_GO|BP",21,"success_with_terms","P://data/processed/04_differential_expression_enrichment/clusterProfiler/microglia/phenotype_within_unit/DG_microglia/DGmicrogliasus_DGmicrogliacon/protein_group_audits/collapsed_gene_input.csv",193,"",FALSE,"declared_root_unmounted","S:/Lab_Member/Tobi/Experiments/Exp9_Social-Stress/Analysis/proteomics/data/processed/04_differential_expression_enrichment/clusterProfiler/microglia/phenotype_within_unit/DG_microglia/DGmicrogliasus_DGmicrogliacon/protein_group_audits/collapsed_gene_input.csv",259,"present",TRUE,1380501,FALSE,"provenance only: no active code opens this field"
"microglia","data/processed/04_differential_expression_enrichment/clusterProfiler/microglia/clusterProfiler_manifest.csv","gene_input_file","provenance_only","DGmicrogliasus_DGmicrogliacon|GSEA_KEGG|KEGG",22,"success_with_terms","P://data/processed/04_differential_expression_enrichment/clusterProfiler/microglia/phenotype_within_unit/DG_microglia/DGmicrogliasus_DGmicrogliacon/protein_group_audits/collapsed_gene_input.csv",193,"",FALSE,"declared_root_unmounted","S:/Lab_Member/Tobi/Experiments/Exp9_Social-Stress/Analysis/proteomics/data/processed/04_differential_expression_enrichment/clusterProfiler/microglia/phenotype_within_unit/DG_microglia/DGmicrogliasus_DGmicrogliacon/protein_group_audits/collapsed_gene_input.csv",259,"present",TRUE,1380501,FALSE,"provenance only: no active code opens this field"
"microglia","data/processed/04_differential_expression_enrichment/clusterProfiler/microglia/clusterProfiler_manifest.csv","gene_input_file","provenance_only","DGmicrogliasus_DGmicrogliares|GSEA_GO|BP",23,"success_with_terms","P://data/processed/04_differential_expression_enrichment/clusterProfiler/microglia/phenotype_within_unit/DG_microglia/DGmicrogliasus_DGmicrogliares/protein_group_audits/collapsed_gene_input.csv",193,"",FALSE,"declared_root_unmounted","S:/Lab_Member/Tobi/Experiments/Exp9_Social-Stress/Analysis/proteomics/data/processed/04_differential_expression_enrichment/clusterProfiler/microglia/phenotype_within_unit/DG_microglia/DGmicrogliasus_DGmicrogliares/protein_group_audits/collapsed_gene_input.csv",259,"present",TRUE,1382511,FALSE,"provenance only: no active code opens this field"
"microglia","data/processed/04_differential_expression_enrichment/clusterProfiler/microglia/clusterProfiler_manifest.csv","gene_input_file","provenance_only","DGmicrogliasus_DGmicrogliares|GSEA_KEGG|KEGG",24,"success_with_terms","P://data/processed/04_differential_expression_enrichment/clusterProfiler/microglia/phenotype_within_unit/DG_microglia/DGmicrogliasus_DGmicrogliares/protein_group_audits/collapsed_gene_input.csv",193,"",FALSE,"declared_root_unmounted","S:/Lab_Member/Tobi/Experiments/Exp9_Social-Stress/Analysis/proteomics/data/processed/04_differential_expression_enrichment/clusterProfiler/microglia/phenotype_within_unit/DG_microglia/DGmicrogliasus_DGmicrogliares/protein_group_audits/collapsed_gene_input.csv",259,"present",TRUE,1382511,FALSE,"provenance only: no active code opens this field"
"microglia","data/processed/04_differential_expression_enrichment/clusterProfiler/microglia/clusterProfiler_manifest.csv","output_plot","provenance_only","CA1microgliares_CA1microgliacon|GSEA_GO|BP",1,"success_with_terms","P://results/figures/04_differential_expression_enrichment/clusterProfiler/microglia/phenotype_within_unit/CA1_microglia/CA1microgliares_CA1microgliacon/GO_BP/GSEA_BP_dotplot_full.svg",182,"",FALSE,"declared_root_unmounted","S:/Lab_Member/Tobi/Experiments/Exp9_Social-Stress/Analysis/proteomics/results/figures/04_differential_expression_enrichment/clusterProfiler/microglia/phenotype_within_unit/CA1_microglia/CA1microgliares_CA1microgliacon/GO_BP/GSEA_BP_dotplot_full.svg",248,"present",TRUE,21621,FALSE,"provenance only: no active code opens this field"
"microglia","data/processed/04_differential_expression_enrichment/clusterProfiler/microglia/clusterProfiler_manifest.csv","output_plot","provenance_only","CA1microgliares_CA1microgliacon|GSEA_KEGG|KEGG",2,"success_with_terms","P://results/figures/04_differential_expression_enrichment/clusterProfiler/microglia/phenotype_within_unit/CA1_microglia/CA1microgliares_CA1microgliacon/KEGG/KEGG_dotplot.svg",173,"",FALSE,"declared_root_unmounted","S:/Lab_Member/Tobi/Experiments/Exp9_Social-Stress/Analysis/proteomics/results/figures/04_differential_expression_enrichment/clusterProfiler/microglia/phenotype_within_unit/CA1_microglia/CA1microgliares_CA1microgliacon/KEGG/KEGG_dotplot.svg",239,"present",TRUE,20652,FALSE,"provenance only: no active code opens this field"
"microglia","data/processed/04_differential_expression_enrichment/clusterProfiler/microglia/clusterProfiler_manifest.csv","output_plot","provenance_only","CA1microgliasus_CA1microgliacon|GSEA_GO|BP",3,"success_with_terms","P://results/figures/04_differential_expression_enrichment/clusterProfiler/microglia/phenotype_within_unit/CA1_microglia/CA1microgliasus_CA1microgliacon/GO_BP/GSEA_BP_dotplot_full.svg",182,"",FALSE,"declared_root_unmounted","S:/Lab_Member/Tobi/Experiments/Exp9_Social-Stress/Analysis/proteomics/results/figures/04_differential_expression_enrichment/clusterProfiler/microglia/phenotype_within_unit/CA1_microglia/CA1microgliasus_CA1microgliacon/GO_BP/GSEA_BP_dotplot_full.svg",248,"present",TRUE,22909,FALSE,"provenance only: no active code opens this field"
"microglia","data/processed/04_differential_expression_enrichment/clusterProfiler/microglia/clusterProfiler_manifest.csv","output_plot","provenance_only","CA1microgliasus_CA1microgliacon|GSEA_KEGG|KEGG",4,"success_with_terms","P://results/figures/04_differential_expression_enrichment/clusterProfiler/microglia/phenotype_within_unit/CA1_microglia/CA1microgliasus_CA1microgliacon/KEGG/KEGG_dotplot.svg",173,"",FALSE,"declared_root_unmounted","S:/Lab_Member/Tobi/Experiments/Exp9_Social-Stress/Analysis/proteomics/results/figures/04_differential_expression_enrichment/clusterProfiler/microglia/phenotype_within_unit/CA1_microglia/CA1microgliasus_CA1microgliacon/KEGG/KEGG_dotplot.svg",239,"present",TRUE,21276,FALSE,"provenance only: no active code opens this field"
"microglia","data/processed/04_differential_expression_enrichment/clusterProfiler/microglia/clusterProfiler_manifest.csv","output_plot","provenance_only","CA1microgliasus_CA1microgliares|GSEA_GO|BP",5,"success_with_terms","P://results/figures/04_differential_expression_enrichment/clusterProfiler/microglia/phenotype_within_unit/CA1_microglia/CA1microgliasus_CA1microgliares/GO_BP/GSEA_BP_dotplot_full.svg",182,"",FALSE,"declared_root_unmounted","S:/Lab_Member/Tobi/Experiments/Exp9_Social-Stress/Analysis/proteomics/results/figures/04_differential_expression_enrichment/clusterProfiler/microglia/phenotype_within_unit/CA1_microglia/CA1microgliasus_CA1microgliares/GO_BP/GSEA_BP_dotplot_full.svg",248,"present",TRUE,21845,FALSE,"provenance only: no active code opens this field"
"microglia","data/processed/04_differential_expression_enrichment/clusterProfiler/microglia/clusterProfiler_manifest.csv","output_plot","provenance_only","CA1microgliasus_CA1microgliares|GSEA_KEGG|KEGG",6,"success_with_terms","P://results/figures/04_differential_expression_enrichment/clusterProfiler/microglia/phenotype_within_unit/CA1_microglia/CA1microgliasus_CA1microgliares/KEGG/KEGG_dotplot.svg",173,"",FALSE,"declared_root_unmounted","S:/Lab_Member/Tobi/Experiments/Exp9_Social-Stress/Analysis/proteomics/results/figures/04_differential_expression_enrichment/clusterProfiler/microglia/phenotype_within_unit/CA1_microglia/CA1microgliasus_CA1microgliares/KEGG/KEGG_dotplot.svg",239,"present",TRUE,19210,FALSE,"provenance only: no active code opens this field"
"microglia","data/processed/04_differential_expression_enrichment/clusterProfiler/microglia/clusterProfiler_manifest.csv","output_plot","provenance_only","CA2microgliares_CA2microgliacon|GSEA_GO|BP",7,"success_with_terms","P://results/figures/04_differential_expression_enrichment/clusterProfiler/microglia/phenotype_within_unit/CA2_microglia/CA2microgliares_CA2microgliacon/GO_BP/GSEA_BP_dotplot_full.svg",182,"",FALSE,"declared_root_unmounted","S:/Lab_Member/Tobi/Experiments/Exp9_Social-Stress/Analysis/proteomics/results/figures/04_differential_expression_enrichment/clusterProfiler/microglia/phenotype_within_unit/CA2_microglia/CA2microgliares_CA2microgliacon/GO_BP/GSEA_BP_dotplot_full.svg",248,"present",TRUE,22074,FALSE,"provenance only: no active code opens this field"
"microglia","data/processed/04_differential_expression_enrichment/clusterProfiler/microglia/clusterProfiler_manifest.csv","output_plot","provenance_only","CA2microgliares_CA2microgliacon|GSEA_KEGG|KEGG",8,"success_with_terms","P://results/figures/04_differential_expression_enrichment/clusterProfiler/microglia/phenotype_within_unit/CA2_microglia/CA2microgliares_CA2microgliacon/KEGG/KEGG_dotplot.svg",173,"",FALSE,"declared_root_unmounted","S:/Lab_Member/Tobi/Experiments/Exp9_Social-Stress/Analysis/proteomics/results/figures/04_differential_expression_enrichment/clusterProfiler/microglia/phenotype_within_unit/CA2_microglia/CA2microgliares_CA2microgliacon/KEGG/KEGG_dotplot.svg",239,"present",TRUE,21653,FALSE,"provenance only: no active code opens this field"
"microglia","data/processed/04_differential_expression_enrichment/clusterProfiler/microglia/clusterProfiler_manifest.csv","output_plot","provenance_only","CA2microgliasus_CA2microgliacon|GSEA_GO|BP",9,"success_with_terms","P://results/figures/04_differential_expression_enrichment/clusterProfiler/microglia/phenotype_within_unit/CA2_microglia/CA2microgliasus_CA2microgliacon/GO_BP/GSEA_BP_dotplot_full.svg",182,"",FALSE,"declared_root_unmounted","S:/Lab_Member/Tobi/Experiments/Exp9_Social-Stress/Analysis/proteomics/results/figures/04_differential_expression_enrichment/clusterProfiler/microglia/phenotype_within_unit/CA2_microglia/CA2microgliasus_CA2microgliacon/GO_BP/GSEA_BP_dotplot_full.svg",248,"present",TRUE,22217,FALSE,"provenance only: no active code opens this field"
"microglia","data/processed/04_differential_expression_enrichment/clusterProfiler/microglia/clusterProfiler_manifest.csv","output_plot","provenance_only","CA2microgliasus_CA2microgliacon|GSEA_KEGG|KEGG",10,"success_with_terms","P://results/figures/04_differential_expression_enrichment/clusterProfiler/microglia/phenotype_within_unit/CA2_microglia/CA2microgliasus_CA2microgliacon/KEGG/KEGG_dotplot.svg",173,"",FALSE,"declared_root_unmounted","S:/Lab_Member/Tobi/Experiments/Exp9_Social-Stress/Analysis/proteomics/results/figures/04_differential_expression_enrichment/clusterProfiler/microglia/phenotype_within_unit/CA2_microglia/CA2microgliasus_CA2microgliacon/KEGG/KEGG_dotplot.svg",239,"present",TRUE,21466,FALSE,"provenance only: no active code opens this field"
"microglia","data/processed/04_differential_expression_enrichment/clusterProfiler/microglia/clusterProfiler_manifest.csv","output_plot","provenance_only","CA2microgliasus_CA2microgliares|GSEA_GO|BP",11,"success_with_terms","P://results/figures/04_differential_expression_enrichment/clusterProfiler/microglia/phenotype_within_unit/CA2_microglia/CA2microgliasus_CA2microgliares/GO_BP/GSEA_BP_dotplot_full.svg",182,"",FALSE,"declared_root_unmounted","S:/Lab_Member/Tobi/Experiments/Exp9_Social-Stress/Analysis/proteomics/results/figures/04_differential_expression_enrichment/clusterProfiler/microglia/phenotype_within_unit/CA2_microglia/CA2microgliasus_CA2microgliares/GO_BP/GSEA_BP_dotplot_full.svg",248,"present",TRUE,22816,FALSE,"provenance only: no active code opens this field"
"microglia","data/processed/04_differential_expression_enrichment/clusterProfiler/microglia/clusterProfiler_manifest.csv","output_plot","provenance_only","CA2microgliasus_CA2microgliares|GSEA_KEGG|KEGG",12,"success_with_terms","P://results/figures/04_differential_expression_enrichment/clusterProfiler/microglia/phenotype_within_unit/CA2_microglia/CA2microgliasus_CA2microgliares/KEGG/KEGG_dotplot.svg",173,"",FALSE,"declared_root_unmounted","S:/Lab_Member/Tobi/Experiments/Exp9_Social-Stress/Analysis/proteomics/results/figures/04_differential_expression_enrichment/clusterProfiler/microglia/phenotype_within_unit/CA2_microglia/CA2microgliasus_CA2microgliares/KEGG/KEGG_dotplot.svg",239,"present",TRUE,22218,FALSE,"provenance only: no active code opens this field"
"microglia","data/processed/04_differential_expression_enrichment/clusterProfiler/microglia/clusterProfiler_manifest.csv","output_plot","provenance_only","CA3microgliares_CA3microgliacon|GSEA_GO|BP",13,"success_with_terms","P://results/figures/04_differential_expression_enrichment/clusterProfiler/microglia/phenotype_within_unit/CA3_microglia/CA3microgliares_CA3microgliacon/GO_BP/GSEA_BP_dotplot_full.svg",182,"",FALSE,"declared_root_unmounted","S:/Lab_Member/Tobi/Experiments/Exp9_Social-Stress/Analysis/proteomics/results/figures/04_differential_expression_enrichment/clusterProfiler/microglia/phenotype_within_unit/CA3_microglia/CA3microgliares_CA3microgliacon/GO_BP/GSEA_BP_dotplot_full.svg",248,"present",TRUE,21897,FALSE,"provenance only: no active code opens this field"
"microglia","data/processed/04_differential_expression_enrichment/clusterProfiler/microglia/clusterProfiler_manifest.csv","output_plot","provenance_only","CA3microgliares_CA3microgliacon|GSEA_KEGG|KEGG",14,"success_with_terms","P://results/figures/04_differential_expression_enrichment/clusterProfiler/microglia/phenotype_within_unit/CA3_microglia/CA3microgliares_CA3microgliacon/KEGG/KEGG_dotplot.svg",173,"",FALSE,"declared_root_unmounted","S:/Lab_Member/Tobi/Experiments/Exp9_Social-Stress/Analysis/proteomics/results/figures/04_differential_expression_enrichment/clusterProfiler/microglia/phenotype_within_unit/CA3_microglia/CA3microgliares_CA3microgliacon/KEGG/KEGG_dotplot.svg",239,"present",TRUE,21722,FALSE,"provenance only: no active code opens this field"
"microglia","data/processed/04_differential_expression_enrichment/clusterProfiler/microglia/clusterProfiler_manifest.csv","output_plot","provenance_only","CA3microgliasus_CA3microgliacon|GSEA_GO|BP",15,"success_with_terms","P://results/figures/04_differential_expression_enrichment/clusterProfiler/microglia/phenotype_within_unit/CA3_microglia/CA3microgliasus_CA3microgliacon/GO_BP/GSEA_BP_dotplot_full.svg",182,"",FALSE,"declared_root_unmounted","S:/Lab_Member/Tobi/Experiments/Exp9_Social-Stress/Analysis/proteomics/results/figures/04_differential_expression_enrichment/clusterProfiler/microglia/phenotype_within_unit/CA3_microglia/CA3microgliasus_CA3microgliacon/GO_BP/GSEA_BP_dotplot_full.svg",248,"present",TRUE,21947,FALSE,"provenance only: no active code opens this field"
"microglia","data/processed/04_differential_expression_enrichment/clusterProfiler/microglia/clusterProfiler_manifest.csv","output_plot","provenance_only","CA3microgliasus_CA3microgliacon|GSEA_KEGG|KEGG",16,"success_with_terms","P://results/figures/04_differential_expression_enrichment/clusterProfiler/microglia/phenotype_within_unit/CA3_microglia/CA3microgliasus_CA3microgliacon/KEGG/KEGG_dotplot.svg",173,"",FALSE,"declared_root_unmounted","S:/Lab_Member/Tobi/Experiments/Exp9_Social-Stress/Analysis/proteomics/results/figures/04_differential_expression_enrichment/clusterProfiler/microglia/phenotype_within_unit/CA3_microglia/CA3microgliasus_CA3microgliacon/KEGG/KEGG_dotplot.svg",239,"present",TRUE,19774,FALSE,"provenance only: no active code opens this field"
"microglia","data/processed/04_differential_expression_enrichment/clusterProfiler/microglia/clusterProfiler_manifest.csv","output_plot","provenance_only","CA3microgliasus_CA3microgliares|GSEA_GO|BP",17,"success_with_terms","P://results/figures/04_differential_expression_enrichment/clusterProfiler/microglia/phenotype_within_unit/CA3_microglia/CA3microgliasus_CA3microgliares/GO_BP/GSEA_BP_dotplot_full.svg",182,"",FALSE,"declared_root_unmounted","S:/Lab_Member/Tobi/Experiments/Exp9_Social-Stress/Analysis/proteomics/results/figures/04_differential_expression_enrichment/clusterProfiler/microglia/phenotype_within_unit/CA3_microglia/CA3microgliasus_CA3microgliares/GO_BP/GSEA_BP_dotplot_full.svg",248,"present",TRUE,21783,FALSE,"provenance only: no active code opens this field"
"microglia","data/processed/04_differential_expression_enrichment/clusterProfiler/microglia/clusterProfiler_manifest.csv","output_plot","provenance_only","CA3microgliasus_CA3microgliares|GSEA_KEGG|KEGG",18,"success_with_terms","P://results/figures/04_differential_expression_enrichment/clusterProfiler/microglia/phenotype_within_unit/CA3_microglia/CA3microgliasus_CA3microgliares/KEGG/KEGG_dotplot.svg",173,"",FALSE,"declared_root_unmounted","S:/Lab_Member/Tobi/Experiments/Exp9_Social-Stress/Analysis/proteomics/results/figures/04_differential_expression_enrichment/clusterProfiler/microglia/phenotype_within_unit/CA3_microglia/CA3microgliasus_CA3microgliares/KEGG/KEGG_dotplot.svg",239,"present",TRUE,20186,FALSE,"provenance only: no active code opens this field"
"microglia","data/processed/04_differential_expression_enrichment/clusterProfiler/microglia/clusterProfiler_manifest.csv","output_plot","provenance_only","DGmicrogliares_DGmicrogliacon|GSEA_GO|BP",19,"success_with_terms","P://results/figures/04_differential_expression_enrichment/clusterProfiler/microglia/phenotype_within_unit/DG_microglia/DGmicrogliares_DGmicrogliacon/GO_BP/GSEA_BP_dotplot_full.svg",179,"",FALSE,"declared_root_unmounted","S:/Lab_Member/Tobi/Experiments/Exp9_Social-Stress/Analysis/proteomics/results/figures/04_differential_expression_enrichment/clusterProfiler/microglia/phenotype_within_unit/DG_microglia/DGmicrogliares_DGmicrogliacon/GO_BP/GSEA_BP_dotplot_full.svg",245,"present",TRUE,21564,FALSE,"provenance only: no active code opens this field"
"microglia","data/processed/04_differential_expression_enrichment/clusterProfiler/microglia/clusterProfiler_manifest.csv","output_plot","provenance_only","DGmicrogliares_DGmicrogliacon|GSEA_KEGG|KEGG",20,"success_with_terms","P://results/figures/04_differential_expression_enrichment/clusterProfiler/microglia/phenotype_within_unit/DG_microglia/DGmicrogliares_DGmicrogliacon/KEGG/KEGG_dotplot.svg",170,"",FALSE,"declared_root_unmounted","S:/Lab_Member/Tobi/Experiments/Exp9_Social-Stress/Analysis/proteomics/results/figures/04_differential_expression_enrichment/clusterProfiler/microglia/phenotype_within_unit/DG_microglia/DGmicrogliares_DGmicrogliacon/KEGG/KEGG_dotplot.svg",236,"present",TRUE,21237,FALSE,"provenance only: no active code opens this field"
"microglia","data/processed/04_differential_expression_enrichment/clusterProfiler/microglia/clusterProfiler_manifest.csv","output_plot","provenance_only","DGmicrogliasus_DGmicrogliacon|GSEA_GO|BP",21,"success_with_terms","P://results/figures/04_differential_expression_enrichment/clusterProfiler/microglia/phenotype_within_unit/DG_microglia/DGmicrogliasus_DGmicrogliacon/GO_BP/GSEA_BP_dotplot_full.svg",179,"",FALSE,"declared_root_unmounted","S:/Lab_Member/Tobi/Experiments/Exp9_Social-Stress/Analysis/proteomics/results/figures/04_differential_expression_enrichment/clusterProfiler/microglia/phenotype_within_unit/DG_microglia/DGmicrogliasus_DGmicrogliacon/GO_BP/GSEA_BP_dotplot_full.svg",245,"present",TRUE,21952,FALSE,"provenance only: no active code opens this field"
"microglia","data/processed/04_differential_expression_enrichment/clusterProfiler/microglia/clusterProfiler_manifest.csv","output_plot","provenance_only","DGmicrogliasus_DGmicrogliacon|GSEA_KEGG|KEGG",22,"success_with_terms","P://results/figures/04_differential_expression_enrichment/clusterProfiler/microglia/phenotype_within_unit/DG_microglia/DGmicrogliasus_DGmicrogliacon/KEGG/KEGG_dotplot.svg",170,"",FALSE,"declared_root_unmounted","S:/Lab_Member/Tobi/Experiments/Exp9_Social-Stress/Analysis/proteomics/results/figures/04_differential_expression_enrichment/clusterProfiler/microglia/phenotype_within_unit/DG_microglia/DGmicrogliasus_DGmicrogliacon/KEGG/KEGG_dotplot.svg",236,"present",TRUE,20820,FALSE,"provenance only: no active code opens this field"
"microglia","data/processed/04_differential_expression_enrichment/clusterProfiler/microglia/clusterProfiler_manifest.csv","output_plot","provenance_only","DGmicrogliasus_DGmicrogliares|GSEA_GO|BP",23,"success_with_terms","P://results/figures/04_differential_expression_enrichment/clusterProfiler/microglia/phenotype_within_unit/DG_microglia/DGmicrogliasus_DGmicrogliares/GO_BP/GSEA_BP_dotplot_full.svg",179,"",FALSE,"declared_root_unmounted","S:/Lab_Member/Tobi/Experiments/Exp9_Social-Stress/Analysis/proteomics/results/figures/04_differential_expression_enrichment/clusterProfiler/microglia/phenotype_within_unit/DG_microglia/DGmicrogliasus_DGmicrogliares/GO_BP/GSEA_BP_dotplot_full.svg",245,"present",TRUE,21806,FALSE,"provenance only: no active code opens this field"
"microglia","data/processed/04_differential_expression_enrichment/clusterProfiler/microglia/clusterProfiler_manifest.csv","output_plot","provenance_only","DGmicrogliasus_DGmicrogliares|GSEA_KEGG|KEGG",24,"success_with_terms","P://results/figures/04_differential_expression_enrichment/clusterProfiler/microglia/phenotype_within_unit/DG_microglia/DGmicrogliasus_DGmicrogliares/KEGG/KEGG_dotplot.svg",170,"",FALSE,"declared_root_unmounted","S:/Lab_Member/Tobi/Experiments/Exp9_Social-Stress/Analysis/proteomics/results/figures/04_differential_expression_enrichment/clusterProfiler/microglia/phenotype_within_unit/DG_microglia/DGmicrogliasus_DGmicrogliares/KEGG/KEGG_dotplot.svg",236,"present",TRUE,22226,FALSE,"provenance only: no active code opens this field"
"neuron_neuropil","data/processed/04_differential_expression_enrichment/clusterProfiler/neuron_neuropil/clusterProfiler_manifest.csv","output_table","runtime_required","CA1slmres_CA1slmcon|GSEA_GO|BP",1,"success_with_terms","P://results/source_data/04_differential_expression_enrichment/clusterProfiler/neuron_neuropil/BP/phenotype_within_unit/CA1_slm/CA1slmres_CA1slmcon_full.csv",155,"R/enrichment/enrichment_io.R:611 read_csv_contract | analysis/wgcna/compare_module_enrichment_overlap.R:239 read_leading_edge_set",TRUE,"declared_root_unmounted","S:/Lab_Member/Tobi/Experiments/Exp9_Social-Stress/Analysis/proteomics/results/source_data/04_differential_expression_enrichment/clusterProfiler/neuron_neuropil/BP/phenotype_within_unit/CA1_slm/CA1slmres_CA1slmcon_full.csv",221,"present",TRUE,1243155,FALSE,"runtime-required and the rebased path is directly usable"
"neuron_neuropil","data/processed/04_differential_expression_enrichment/clusterProfiler/neuron_neuropil/clusterProfiler_manifest.csv","output_table","runtime_required","CA1slmres_CA1slmcon|GSEA_KEGG|KEGG",2,"success_with_terms","P://results/source_data/04_differential_expression_enrichment/clusterProfiler/neuron_neuropil/KEGG/phenotype_within_unit/CA1_slm/CA1slmres_CA1slmcon_KEGG.csv",157,"R/enrichment/enrichment_io.R:611 read_csv_contract | analysis/wgcna/compare_module_enrichment_overlap.R:239 read_leading_edge_set",TRUE,"declared_root_unmounted","S:/Lab_Member/Tobi/Experiments/Exp9_Social-Stress/Analysis/proteomics/results/source_data/04_differential_expression_enrichment/clusterProfiler/neuron_neuropil/KEGG/phenotype_within_unit/CA1_slm/CA1slmres_CA1slmcon_KEGG.csv",223,"present",TRUE,80348,FALSE,"runtime-required and the rebased path is directly usable"
"neuron_neuropil","data/processed/04_differential_expression_enrichment/clusterProfiler/neuron_neuropil/clusterProfiler_manifest.csv","output_table","runtime_required","CA1slmsus_CA1slmcon|GSEA_GO|BP",3,"success_with_terms","P://results/source_data/04_differential_expression_enrichment/clusterProfiler/neuron_neuropil/BP/phenotype_within_unit/CA1_slm/CA1slmsus_CA1slmcon_full.csv",155,"R/enrichment/enrichment_io.R:611 read_csv_contract | analysis/wgcna/compare_module_enrichment_overlap.R:239 read_leading_edge_set",TRUE,"declared_root_unmounted","S:/Lab_Member/Tobi/Experiments/Exp9_Social-Stress/Analysis/proteomics/results/source_data/04_differential_expression_enrichment/clusterProfiler/neuron_neuropil/BP/phenotype_within_unit/CA1_slm/CA1slmsus_CA1slmcon_full.csv",221,"present",TRUE,1148581,FALSE,"runtime-required and the rebased path is directly usable"
"neuron_neuropil","data/processed/04_differential_expression_enrichment/clusterProfiler/neuron_neuropil/clusterProfiler_manifest.csv","output_table","runtime_required","CA1slmsus_CA1slmcon|GSEA_KEGG|KEGG",4,"success_with_terms","P://results/source_data/04_differential_expression_enrichment/clusterProfiler/neuron_neuropil/KEGG/phenotype_within_unit/CA1_slm/CA1slmsus_CA1slmcon_KEGG.csv",157,"R/enrichment/enrichment_io.R:611 read_csv_contract | analysis/wgcna/compare_module_enrichment_overlap.R:239 read_leading_edge_set",TRUE,"declared_root_unmounted","S:/Lab_Member/Tobi/Experiments/Exp9_Social-Stress/Analysis/proteomics/results/source_data/04_differential_expression_enrichment/clusterProfiler/neuron_neuropil/KEGG/phenotype_within_unit/CA1_slm/CA1slmsus_CA1slmcon_KEGG.csv",223,"present",TRUE,81777,FALSE,"runtime-required and the rebased path is directly usable"
"neuron_neuropil","data/processed/04_differential_expression_enrichment/clusterProfiler/neuron_neuropil/clusterProfiler_manifest.csv","output_table","runtime_required","CA1slmsus_CA1slmres|GSEA_GO|BP",5,"success_with_terms","P://results/source_data/04_differential_expression_enrichment/clusterProfiler/neuron_neuropil/BP/phenotype_within_unit/CA1_slm/CA1slmsus_CA1slmres_full.csv",155,"R/enrichment/enrichment_io.R:611 read_csv_contract | analysis/wgcna/compare_module_enrichment_overlap.R:239 read_leading_edge_set",TRUE,"declared_root_unmounted","S:/Lab_Member/Tobi/Experiments/Exp9_Social-Stress/Analysis/proteomics/results/source_data/04_differential_expression_enrichment/clusterProfiler/neuron_neuropil/BP/phenotype_within_unit/CA1_slm/CA1slmsus_CA1slmres_full.csv",221,"present",TRUE,1179384,FALSE,"runtime-required and the rebased path is directly usable"
"neuron_neuropil","data/processed/04_differential_expression_enrichment/clusterProfiler/neuron_neuropil/clusterProfiler_manifest.csv","output_table","runtime_required","CA1slmsus_CA1slmres|GSEA_KEGG|KEGG",6,"success_with_terms","P://results/source_data/04_differential_expression_enrichment/clusterProfiler/neuron_neuropil/KEGG/phenotype_within_unit/CA1_slm/CA1slmsus_CA1slmres_KEGG.csv",157,"R/enrichment/enrichment_io.R:611 read_csv_contract | analysis/wgcna/compare_module_enrichment_overlap.R:239 read_leading_edge_set",TRUE,"declared_root_unmounted","S:/Lab_Member/Tobi/Experiments/Exp9_Social-Stress/Analysis/proteomics/results/source_data/04_differential_expression_enrichment/clusterProfiler/neuron_neuropil/KEGG/phenotype_within_unit/CA1_slm/CA1slmsus_CA1slmres_KEGG.csv",223,"present",TRUE,84494,FALSE,"runtime-required and the rebased path is directly usable"
"neuron_neuropil","data/processed/04_differential_expression_enrichment/clusterProfiler/neuron_neuropil/clusterProfiler_manifest.csv","output_table","runtime_required","CA1sores_CA1socon|GSEA_GO|BP",7,"success_with_terms","P://results/source_data/04_differential_expression_enrichment/clusterProfiler/neuron_neuropil/BP/phenotype_within_unit/CA1_so/CA1sores_CA1socon_full.csv",152,"R/enrichment/enrichment_io.R:611 read_csv_contract | analysis/wgcna/compare_module_enrichment_overlap.R:239 read_leading_edge_set",TRUE,"declared_root_unmounted","S:/Lab_Member/Tobi/Experiments/Exp9_Social-Stress/Analysis/proteomics/results/source_data/04_differential_expression_enrichment/clusterProfiler/neuron_neuropil/BP/phenotype_within_unit/CA1_so/CA1sores_CA1socon_full.csv",218,"present",TRUE,1123890,FALSE,"runtime-required and the rebased path is directly usable"
"neuron_neuropil","data/processed/04_differential_expression_enrichment/clusterProfiler/neuron_neuropil/clusterProfiler_manifest.csv","output_table","runtime_required","CA1sores_CA1socon|GSEA_KEGG|KEGG",8,"success_with_terms","P://results/source_data/04_differential_expression_enrichment/clusterProfiler/neuron_neuropil/KEGG/phenotype_within_unit/CA1_so/CA1sores_CA1socon_KEGG.csv",154,"R/enrichment/enrichment_io.R:611 read_csv_contract | analysis/wgcna/compare_module_enrichment_overlap.R:239 read_leading_edge_set",TRUE,"declared_root_unmounted","S:/Lab_Member/Tobi/Experiments/Exp9_Social-Stress/Analysis/proteomics/results/source_data/04_differential_expression_enrichment/clusterProfiler/neuron_neuropil/KEGG/phenotype_within_unit/CA1_so/CA1sores_CA1socon_KEGG.csv",220,"present",TRUE,79588,FALSE,"runtime-required and the rebased path is directly usable"
"neuron_neuropil","data/processed/04_differential_expression_enrichment/clusterProfiler/neuron_neuropil/clusterProfiler_manifest.csv","output_table","runtime_required","CA1sosus_CA1socon|GSEA_GO|BP",9,"success_with_terms","P://results/source_data/04_differential_expression_enrichment/clusterProfiler/neuron_neuropil/BP/phenotype_within_unit/CA1_so/CA1sosus_CA1socon_full.csv",152,"R/enrichment/enrichment_io.R:611 read_csv_contract | analysis/wgcna/compare_module_enrichment_overlap.R:239 read_leading_edge_set",TRUE,"declared_root_unmounted","S:/Lab_Member/Tobi/Experiments/Exp9_Social-Stress/Analysis/proteomics/results/source_data/04_differential_expression_enrichment/clusterProfiler/neuron_neuropil/BP/phenotype_within_unit/CA1_so/CA1sosus_CA1socon_full.csv",218,"present",TRUE,1086807,FALSE,"runtime-required and the rebased path is directly usable"
"neuron_neuropil","data/processed/04_differential_expression_enrichment/clusterProfiler/neuron_neuropil/clusterProfiler_manifest.csv","output_table","runtime_required","CA1sosus_CA1socon|GSEA_KEGG|KEGG",10,"success_with_terms","P://results/source_data/04_differential_expression_enrichment/clusterProfiler/neuron_neuropil/KEGG/phenotype_within_unit/CA1_so/CA1sosus_CA1socon_KEGG.csv",154,"R/enrichment/enrichment_io.R:611 read_csv_contract | analysis/wgcna/compare_module_enrichment_overlap.R:239 read_leading_edge_set",TRUE,"declared_root_unmounted","S:/Lab_Member/Tobi/Experiments/Exp9_Social-Stress/Analysis/proteomics/results/source_data/04_differential_expression_enrichment/clusterProfiler/neuron_neuropil/KEGG/phenotype_within_unit/CA1_so/CA1sosus_CA1socon_KEGG.csv",220,"present",TRUE,79981,FALSE,"runtime-required and the rebased path is directly usable"
"neuron_neuropil","data/processed/04_differential_expression_enrichment/clusterProfiler/neuron_neuropil/clusterProfiler_manifest.csv","output_table","runtime_required","CA1sosus_CA1sores|GSEA_GO|BP",11,"success_with_terms","P://results/source_data/04_differential_expression_enrichment/clusterProfiler/neuron_neuropil/BP/phenotype_within_unit/CA1_so/CA1sosus_CA1sores_full.csv",152,"R/enrichment/enrichment_io.R:611 read_csv_contract | analysis/wgcna/compare_module_enrichment_overlap.R:239 read_leading_edge_set",TRUE,"declared_root_unmounted","S:/Lab_Member/Tobi/Experiments/Exp9_Social-Stress/Analysis/proteomics/results/source_data/04_differential_expression_enrichment/clusterProfiler/neuron_neuropil/BP/phenotype_within_unit/CA1_so/CA1sosus_CA1sores_full.csv",218,"present",TRUE,1114137,FALSE,"runtime-required and the rebased path is directly usable"
"neuron_neuropil","data/processed/04_differential_expression_enrichment/clusterProfiler/neuron_neuropil/clusterProfiler_manifest.csv","output_table","runtime_required","CA1sosus_CA1sores|GSEA_KEGG|KEGG",12,"success_with_terms","P://results/source_data/04_differential_expression_enrichment/clusterProfiler/neuron_neuropil/KEGG/phenotype_within_unit/CA1_so/CA1sosus_CA1sores_KEGG.csv",154,"R/enrichment/enrichment_io.R:611 read_csv_contract | analysis/wgcna/compare_module_enrichment_overlap.R:239 read_leading_edge_set",TRUE,"declared_root_unmounted","S:/Lab_Member/Tobi/Experiments/Exp9_Social-Stress/Analysis/proteomics/results/source_data/04_differential_expression_enrichment/clusterProfiler/neuron_neuropil/KEGG/phenotype_within_unit/CA1_so/CA1sosus_CA1sores_KEGG.csv",220,"present",TRUE,78772,FALSE,"runtime-required and the rebased path is directly usable"
"neuron_neuropil","data/processed/04_differential_expression_enrichment/clusterProfiler/neuron_neuropil/clusterProfiler_manifest.csv","output_table","runtime_required","CA1srres_CA1srcon|GSEA_GO|BP",13,"success_with_terms","P://results/source_data/04_differential_expression_enrichment/clusterProfiler/neuron_neuropil/BP/phenotype_within_unit/CA1_sr/CA1srres_CA1srcon_full.csv",152,"R/enrichment/enrichment_io.R:611 read_csv_contract | analysis/wgcna/compare_module_enrichment_overlap.R:239 read_leading_edge_set",TRUE,"declared_root_unmounted","S:/Lab_Member/Tobi/Experiments/Exp9_Social-Stress/Analysis/proteomics/results/source_data/04_differential_expression_enrichment/clusterProfiler/neuron_neuropil/BP/phenotype_within_unit/CA1_sr/CA1srres_CA1srcon_full.csv",218,"present",TRUE,1134126,FALSE,"runtime-required and the rebased path is directly usable"
"neuron_neuropil","data/processed/04_differential_expression_enrichment/clusterProfiler/neuron_neuropil/clusterProfiler_manifest.csv","output_table","runtime_required","CA1srres_CA1srcon|GSEA_KEGG|KEGG",14,"success_with_terms","P://results/source_data/04_differential_expression_enrichment/clusterProfiler/neuron_neuropil/KEGG/phenotype_within_unit/CA1_sr/CA1srres_CA1srcon_KEGG.csv",154,"R/enrichment/enrichment_io.R:611 read_csv_contract | analysis/wgcna/compare_module_enrichment_overlap.R:239 read_leading_edge_set",TRUE,"declared_root_unmounted","S:/Lab_Member/Tobi/Experiments/Exp9_Social-Stress/Analysis/proteomics/results/source_data/04_differential_expression_enrichment/clusterProfiler/neuron_neuropil/KEGG/phenotype_within_unit/CA1_sr/CA1srres_CA1srcon_KEGG.csv",220,"present",TRUE,78312,FALSE,"runtime-required and the rebased path is directly usable"
"neuron_neuropil","data/processed/04_differential_expression_enrichment/clusterProfiler/neuron_neuropil/clusterProfiler_manifest.csv","output_table","runtime_required","CA1srsus_CA1srcon|GSEA_GO|BP",15,"success_with_terms","P://results/source_data/04_differential_expression_enrichment/clusterProfiler/neuron_neuropil/BP/phenotype_within_unit/CA1_sr/CA1srsus_CA1srcon_full.csv",152,"R/enrichment/enrichment_io.R:611 read_csv_contract | analysis/wgcna/compare_module_enrichment_overlap.R:239 read_leading_edge_set",TRUE,"declared_root_unmounted","S:/Lab_Member/Tobi/Experiments/Exp9_Social-Stress/Analysis/proteomics/results/source_data/04_differential_expression_enrichment/clusterProfiler/neuron_neuropil/BP/phenotype_within_unit/CA1_sr/CA1srsus_CA1srcon_full.csv",218,"present",TRUE,1118911,FALSE,"runtime-required and the rebased path is directly usable"
"neuron_neuropil","data/processed/04_differential_expression_enrichment/clusterProfiler/neuron_neuropil/clusterProfiler_manifest.csv","output_table","runtime_required","CA1srsus_CA1srcon|GSEA_KEGG|KEGG",16,"success_with_terms","P://results/source_data/04_differential_expression_enrichment/clusterProfiler/neuron_neuropil/KEGG/phenotype_within_unit/CA1_sr/CA1srsus_CA1srcon_KEGG.csv",154,"R/enrichment/enrichment_io.R:611 read_csv_contract | analysis/wgcna/compare_module_enrichment_overlap.R:239 read_leading_edge_set",TRUE,"declared_root_unmounted","S:/Lab_Member/Tobi/Experiments/Exp9_Social-Stress/Analysis/proteomics/results/source_data/04_differential_expression_enrichment/clusterProfiler/neuron_neuropil/KEGG/phenotype_within_unit/CA1_sr/CA1srsus_CA1srcon_KEGG.csv",220,"present",TRUE,83124,FALSE,"runtime-required and the rebased path is directly usable"
"neuron_neuropil","data/processed/04_differential_expression_enrichment/clusterProfiler/neuron_neuropil/clusterProfiler_manifest.csv","output_table","runtime_required","CA1srsus_CA1srres|GSEA_GO|BP",17,"success_with_terms","P://results/source_data/04_differential_expression_enrichment/clusterProfiler/neuron_neuropil/BP/phenotype_within_unit/CA1_sr/CA1srsus_CA1srres_full.csv",152,"R/enrichment/enrichment_io.R:611 read_csv_contract | analysis/wgcna/compare_module_enrichment_overlap.R:239 read_leading_edge_set",TRUE,"declared_root_unmounted","S:/Lab_Member/Tobi/Experiments/Exp9_Social-Stress/Analysis/proteomics/results/source_data/04_differential_expression_enrichment/clusterProfiler/neuron_neuropil/BP/phenotype_within_unit/CA1_sr/CA1srsus_CA1srres_full.csv",218,"present",TRUE,1201939,FALSE,"runtime-required and the rebased path is directly usable"
"neuron_neuropil","data/processed/04_differential_expression_enrichment/clusterProfiler/neuron_neuropil/clusterProfiler_manifest.csv","output_table","runtime_required","CA1srsus_CA1srres|GSEA_KEGG|KEGG",18,"success_with_terms","P://results/source_data/04_differential_expression_enrichment/clusterProfiler/neuron_neuropil/KEGG/phenotype_within_unit/CA1_sr/CA1srsus_CA1srres_KEGG.csv",154,"R/enrichment/enrichment_io.R:611 read_csv_contract | analysis/wgcna/compare_module_enrichment_overlap.R:239 read_leading_edge_set",TRUE,"declared_root_unmounted","S:/Lab_Member/Tobi/Experiments/Exp9_Social-Stress/Analysis/proteomics/results/source_data/04_differential_expression_enrichment/clusterProfiler/neuron_neuropil/KEGG/phenotype_within_unit/CA1_sr/CA1srsus_CA1srres_KEGG.csv",220,"present",TRUE,81681,FALSE,"runtime-required and the rebased path is directly usable"
"neuron_neuropil","data/processed/04_differential_expression_enrichment/clusterProfiler/neuron_neuropil/clusterProfiler_manifest.csv","output_table","runtime_required","CA2slmres_CA2slmcon|GSEA_GO|BP",19,"success_with_terms","P://results/source_data/04_differential_expression_enrichment/clusterProfiler/neuron_neuropil/BP/phenotype_within_unit/CA2_slm/CA2slmres_CA2slmcon_full.csv",155,"R/enrichment/enrichment_io.R:611 read_csv_contract | analysis/wgcna/compare_module_enrichment_overlap.R:239 read_leading_edge_set",TRUE,"declared_root_unmounted","S:/Lab_Member/Tobi/Experiments/Exp9_Social-Stress/Analysis/proteomics/results/source_data/04_differential_expression_enrichment/clusterProfiler/neuron_neuropil/BP/phenotype_within_unit/CA2_slm/CA2slmres_CA2slmcon_full.csv",221,"present",TRUE,1179079,FALSE,"runtime-required and the rebased path is directly usable"
"neuron_neuropil","data/processed/04_differential_expression_enrichment/clusterProfiler/neuron_neuropil/clusterProfiler_manifest.csv","output_table","runtime_required","CA2slmres_CA2slmcon|GSEA_KEGG|KEGG",20,"success_with_terms","P://results/source_data/04_differential_expression_enrichment/clusterProfiler/neuron_neuropil/KEGG/phenotype_within_unit/CA2_slm/CA2slmres_CA2slmcon_KEGG.csv",157,"R/enrichment/enrichment_io.R:611 read_csv_contract | analysis/wgcna/compare_module_enrichment_overlap.R:239 read_leading_edge_set",TRUE,"declared_root_unmounted","S:/Lab_Member/Tobi/Experiments/Exp9_Social-Stress/Analysis/proteomics/results/source_data/04_differential_expression_enrichment/clusterProfiler/neuron_neuropil/KEGG/phenotype_within_unit/CA2_slm/CA2slmres_CA2slmcon_KEGG.csv",223,"present",TRUE,77466,FALSE,"runtime-required and the rebased path is directly usable"
"neuron_neuropil","data/processed/04_differential_expression_enrichment/clusterProfiler/neuron_neuropil/clusterProfiler_manifest.csv","output_table","runtime_required","CA2slmsus_CA2slmcon|GSEA_GO|BP",21,"success_with_terms","P://results/source_data/04_differential_expression_enrichment/clusterProfiler/neuron_neuropil/BP/phenotype_within_unit/CA2_slm/CA2slmsus_CA2slmcon_full.csv",155,"R/enrichment/enrichment_io.R:611 read_csv_contract | analysis/wgcna/compare_module_enrichment_overlap.R:239 read_leading_edge_set",TRUE,"declared_root_unmounted","S:/Lab_Member/Tobi/Experiments/Exp9_Social-Stress/Analysis/proteomics/results/source_data/04_differential_expression_enrichment/clusterProfiler/neuron_neuropil/BP/phenotype_within_unit/CA2_slm/CA2slmsus_CA2slmcon_full.csv",221,"present",TRUE,1429290,FALSE,"runtime-required and the rebased path is directly usable"
"neuron_neuropil","data/processed/04_differential_expression_enrichment/clusterProfiler/neuron_neuropil/clusterProfiler_manifest.csv","output_table","runtime_required","CA2slmsus_CA2slmcon|GSEA_KEGG|KEGG",22,"success_with_terms","P://results/source_data/04_differential_expression_enrichment/clusterProfiler/neuron_neuropil/KEGG/phenotype_within_unit/CA2_slm/CA2slmsus_CA2slmcon_KEGG.csv",157,"R/enrichment/enrichment_io.R:611 read_csv_contract | analysis/wgcna/compare_module_enrichment_overlap.R:239 read_leading_edge_set",TRUE,"declared_root_unmounted","S:/Lab_Member/Tobi/Experiments/Exp9_Social-Stress/Analysis/proteomics/results/source_data/04_differential_expression_enrichment/clusterProfiler/neuron_neuropil/KEGG/phenotype_within_unit/CA2_slm/CA2slmsus_CA2slmcon_KEGG.csv",223,"present",TRUE,102627,FALSE,"runtime-required and the rebased path is directly usable"
"neuron_neuropil","data/processed/04_differential_expression_enrichment/clusterProfiler/neuron_neuropil/clusterProfiler_manifest.csv","output_table","runtime_required","CA2slmsus_CA2slmres|GSEA_GO|BP",23,"success_with_terms","P://results/source_data/04_differential_expression_enrichment/clusterProfiler/neuron_neuropil/BP/phenotype_within_unit/CA2_slm/CA2slmsus_CA2slmres_full.csv",155,"R/enrichment/enrichment_io.R:611 read_csv_contract | analysis/wgcna/compare_module_enrichment_overlap.R:239 read_leading_edge_set",TRUE,"declared_root_unmounted","S:/Lab_Member/Tobi/Experiments/Exp9_Social-Stress/Analysis/proteomics/results/source_data/04_differential_expression_enrichment/clusterProfiler/neuron_neuropil/BP/phenotype_within_unit/CA2_slm/CA2slmsus_CA2slmres_full.csv",221,"present",TRUE,1473738,FALSE,"runtime-required and the rebased path is directly usable"
"neuron_neuropil","data/processed/04_differential_expression_enrichment/clusterProfiler/neuron_neuropil/clusterProfiler_manifest.csv","output_table","runtime_required","CA2slmsus_CA2slmres|GSEA_KEGG|KEGG",24,"success_with_terms","P://results/source_data/04_differential_expression_enrichment/clusterProfiler/neuron_neuropil/KEGG/phenotype_within_unit/CA2_slm/CA2slmsus_CA2slmres_KEGG.csv",157,"R/enrichment/enrichment_io.R:611 read_csv_contract | analysis/wgcna/compare_module_enrichment_overlap.R:239 read_leading_edge_set",TRUE,"declared_root_unmounted","S:/Lab_Member/Tobi/Experiments/Exp9_Social-Stress/Analysis/proteomics/results/source_data/04_differential_expression_enrichment/clusterProfiler/neuron_neuropil/KEGG/phenotype_within_unit/CA2_slm/CA2slmsus_CA2slmres_KEGG.csv",223,"present",TRUE,99555,FALSE,"runtime-required and the rebased path is directly usable"
"neuron_neuropil","data/processed/04_differential_expression_enrichment/clusterProfiler/neuron_neuropil/clusterProfiler_manifest.csv","output_table","runtime_required","CA2sores_CA2socon|GSEA_GO|BP",25,"success_with_terms","P://results/source_data/04_differential_expression_enrichment/clusterProfiler/neuron_neuropil/BP/phenotype_within_unit/CA2_so/CA2sores_CA2socon_full.csv",152,"R/enrichment/enrichment_io.R:611 read_csv_contract | analysis/wgcna/compare_module_enrichment_overlap.R:239 read_leading_edge_set",TRUE,"declared_root_unmounted","S:/Lab_Member/Tobi/Experiments/Exp9_Social-Stress/Analysis/proteomics/results/source_data/04_differential_expression_enrichment/clusterProfiler/neuron_neuropil/BP/phenotype_within_unit/CA2_so/CA2sores_CA2socon_full.csv",218,"present",TRUE,1130522,FALSE,"runtime-required and the rebased path is directly usable"
"neuron_neuropil","data/processed/04_differential_expression_enrichment/clusterProfiler/neuron_neuropil/clusterProfiler_manifest.csv","output_table","runtime_required","CA2sores_CA2socon|GSEA_KEGG|KEGG",26,"success_with_terms","P://results/source_data/04_differential_expression_enrichment/clusterProfiler/neuron_neuropil/KEGG/phenotype_within_unit/CA2_so/CA2sores_CA2socon_KEGG.csv",154,"R/enrichment/enrichment_io.R:611 read_csv_contract | analysis/wgcna/compare_module_enrichment_overlap.R:239 read_leading_edge_set",TRUE,"declared_root_unmounted","S:/Lab_Member/Tobi/Experiments/Exp9_Social-Stress/Analysis/proteomics/results/source_data/04_differential_expression_enrichment/clusterProfiler/neuron_neuropil/KEGG/phenotype_within_unit/CA2_so/CA2sores_CA2socon_KEGG.csv",220,"present",TRUE,79291,FALSE,"runtime-required and the rebased path is directly usable"
"neuron_neuropil","data/processed/04_differential_expression_enrichment/clusterProfiler/neuron_neuropil/clusterProfiler_manifest.csv","output_table","runtime_required","CA2sosus_CA2socon|GSEA_GO|BP",27,"success_with_terms","P://results/source_data/04_differential_expression_enrichment/clusterProfiler/neuron_neuropil/BP/phenotype_within_unit/CA2_so/CA2sosus_CA2socon_full.csv",152,"R/enrichment/enrichment_io.R:611 read_csv_contract | analysis/wgcna/compare_module_enrichment_overlap.R:239 read_leading_edge_set",TRUE,"declared_root_unmounted","S:/Lab_Member/Tobi/Experiments/Exp9_Social-Stress/Analysis/proteomics/results/source_data/04_differential_expression_enrichment/clusterProfiler/neuron_neuropil/BP/phenotype_within_unit/CA2_so/CA2sosus_CA2socon_full.csv",218,"present",TRUE,1137121,FALSE,"runtime-required and the rebased path is directly usable"
"neuron_neuropil","data/processed/04_differential_expression_enrichment/clusterProfiler/neuron_neuropil/clusterProfiler_manifest.csv","output_table","runtime_required","CA2sosus_CA2socon|GSEA_KEGG|KEGG",28,"success_with_terms","P://results/source_data/04_differential_expression_enrichment/clusterProfiler/neuron_neuropil/KEGG/phenotype_within_unit/CA2_so/CA2sosus_CA2socon_KEGG.csv",154,"R/enrichment/enrichment_io.R:611 read_csv_contract | analysis/wgcna/compare_module_enrichment_overlap.R:239 read_leading_edge_set",TRUE,"declared_root_unmounted","S:/Lab_Member/Tobi/Experiments/Exp9_Social-Stress/Analysis/proteomics/results/source_data/04_differential_expression_enrichment/clusterProfiler/neuron_neuropil/KEGG/phenotype_within_unit/CA2_so/CA2sosus_CA2socon_KEGG.csv",220,"present",TRUE,83789,FALSE,"runtime-required and the rebased path is directly usable"
"neuron_neuropil","data/processed/04_differential_expression_enrichment/clusterProfiler/neuron_neuropil/clusterProfiler_manifest.csv","output_table","runtime_required","CA2sosus_CA2sores|GSEA_GO|BP",29,"success_with_terms","P://results/source_data/04_differential_expression_enrichment/clusterProfiler/neuron_neuropil/BP/phenotype_within_unit/CA2_so/CA2sosus_CA2sores_full.csv",152,"R/enrichment/enrichment_io.R:611 read_csv_contract | analysis/wgcna/compare_module_enrichment_overlap.R:239 read_leading_edge_set",TRUE,"declared_root_unmounted","S:/Lab_Member/Tobi/Experiments/Exp9_Social-Stress/Analysis/proteomics/results/source_data/04_differential_expression_enrichment/clusterProfiler/neuron_neuropil/BP/phenotype_within_unit/CA2_so/CA2sosus_CA2sores_full.csv",218,"present",TRUE,1086988,FALSE,"runtime-required and the rebased path is directly usable"
"neuron_neuropil","data/processed/04_differential_expression_enrichment/clusterProfiler/neuron_neuropil/clusterProfiler_manifest.csv","output_table","runtime_required","CA2sosus_CA2sores|GSEA_KEGG|KEGG",30,"success_with_terms","P://results/source_data/04_differential_expression_enrichment/clusterProfiler/neuron_neuropil/KEGG/phenotype_within_unit/CA2_so/CA2sosus_CA2sores_KEGG.csv",154,"R/enrichment/enrichment_io.R:611 read_csv_contract | analysis/wgcna/compare_module_enrichment_overlap.R:239 read_leading_edge_set",TRUE,"declared_root_unmounted","S:/Lab_Member/Tobi/Experiments/Exp9_Social-Stress/Analysis/proteomics/results/source_data/04_differential_expression_enrichment/clusterProfiler/neuron_neuropil/KEGG/phenotype_within_unit/CA2_so/CA2sosus_CA2sores_KEGG.csv",220,"present",TRUE,76890,FALSE,"runtime-required and the rebased path is directly usable"
"neuron_neuropil","data/processed/04_differential_expression_enrichment/clusterProfiler/neuron_neuropil/clusterProfiler_manifest.csv","output_table","runtime_required","CA2srres_CA2srcon|GSEA_GO|BP",31,"success_with_terms","P://results/source_data/04_differential_expression_enrichment/clusterProfiler/neuron_neuropil/BP/phenotype_within_unit/CA2_sr/CA2srres_CA2srcon_full.csv",152,"R/enrichment/enrichment_io.R:611 read_csv_contract | analysis/wgcna/compare_module_enrichment_overlap.R:239 read_leading_edge_set",TRUE,"declared_root_unmounted","S:/Lab_Member/Tobi/Experiments/Exp9_Social-Stress/Analysis/proteomics/results/source_data/04_differential_expression_enrichment/clusterProfiler/neuron_neuropil/BP/phenotype_within_unit/CA2_sr/CA2srres_CA2srcon_full.csv",218,"present",TRUE,1140775,FALSE,"runtime-required and the rebased path is directly usable"
"neuron_neuropil","data/processed/04_differential_expression_enrichment/clusterProfiler/neuron_neuropil/clusterProfiler_manifest.csv","output_table","runtime_required","CA2srres_CA2srcon|GSEA_KEGG|KEGG",32,"success_with_terms","P://results/source_data/04_differential_expression_enrichment/clusterProfiler/neuron_neuropil/KEGG/phenotype_within_unit/CA2_sr/CA2srres_CA2srcon_KEGG.csv",154,"R/enrichment/enrichment_io.R:611 read_csv_contract | analysis/wgcna/compare_module_enrichment_overlap.R:239 read_leading_edge_set",TRUE,"declared_root_unmounted","S:/Lab_Member/Tobi/Experiments/Exp9_Social-Stress/Analysis/proteomics/results/source_data/04_differential_expression_enrichment/clusterProfiler/neuron_neuropil/KEGG/phenotype_within_unit/CA2_sr/CA2srres_CA2srcon_KEGG.csv",220,"present",TRUE,81859,FALSE,"runtime-required and the rebased path is directly usable"
"neuron_neuropil","data/processed/04_differential_expression_enrichment/clusterProfiler/neuron_neuropil/clusterProfiler_manifest.csv","output_table","runtime_required","CA2srsus_CA2srcon|GSEA_GO|BP",33,"success_with_terms","P://results/source_data/04_differential_expression_enrichment/clusterProfiler/neuron_neuropil/BP/phenotype_within_unit/CA2_sr/CA2srsus_CA2srcon_full.csv",152,"R/enrichment/enrichment_io.R:611 read_csv_contract | analysis/wgcna/compare_module_enrichment_overlap.R:239 read_leading_edge_set",TRUE,"declared_root_unmounted","S:/Lab_Member/Tobi/Experiments/Exp9_Social-Stress/Analysis/proteomics/results/source_data/04_differential_expression_enrichment/clusterProfiler/neuron_neuropil/BP/phenotype_within_unit/CA2_sr/CA2srsus_CA2srcon_full.csv",218,"present",TRUE,1185627,FALSE,"runtime-required and the rebased path is directly usable"
"neuron_neuropil","data/processed/04_differential_expression_enrichment/clusterProfiler/neuron_neuropil/clusterProfiler_manifest.csv","output_table","runtime_required","CA2srsus_CA2srcon|GSEA_KEGG|KEGG",34,"success_with_terms","P://results/source_data/04_differential_expression_enrichment/clusterProfiler/neuron_neuropil/KEGG/phenotype_within_unit/CA2_sr/CA2srsus_CA2srcon_KEGG.csv",154,"R/enrichment/enrichment_io.R:611 read_csv_contract | analysis/wgcna/compare_module_enrichment_overlap.R:239 read_leading_edge_set",TRUE,"declared_root_unmounted","S:/Lab_Member/Tobi/Experiments/Exp9_Social-Stress/Analysis/proteomics/results/source_data/04_differential_expression_enrichment/clusterProfiler/neuron_neuropil/KEGG/phenotype_within_unit/CA2_sr/CA2srsus_CA2srcon_KEGG.csv",220,"present",TRUE,84288,FALSE,"runtime-required and the rebased path is directly usable"
"neuron_neuropil","data/processed/04_differential_expression_enrichment/clusterProfiler/neuron_neuropil/clusterProfiler_manifest.csv","output_table","runtime_required","CA2srsus_CA2srres|GSEA_GO|BP",35,"success_with_terms","P://results/source_data/04_differential_expression_enrichment/clusterProfiler/neuron_neuropil/BP/phenotype_within_unit/CA2_sr/CA2srsus_CA2srres_full.csv",152,"R/enrichment/enrichment_io.R:611 read_csv_contract | analysis/wgcna/compare_module_enrichment_overlap.R:239 read_leading_edge_set",TRUE,"declared_root_unmounted","S:/Lab_Member/Tobi/Experiments/Exp9_Social-Stress/Analysis/proteomics/results/source_data/04_differential_expression_enrichment/clusterProfiler/neuron_neuropil/BP/phenotype_within_unit/CA2_sr/CA2srsus_CA2srres_full.csv",218,"present",TRUE,1198582,FALSE,"runtime-required and the rebased path is directly usable"
"neuron_neuropil","data/processed/04_differential_expression_enrichment/clusterProfiler/neuron_neuropil/clusterProfiler_manifest.csv","output_table","runtime_required","CA2srsus_CA2srres|GSEA_KEGG|KEGG",36,"success_with_terms","P://results/source_data/04_differential_expression_enrichment/clusterProfiler/neuron_neuropil/KEGG/phenotype_within_unit/CA2_sr/CA2srsus_CA2srres_KEGG.csv",154,"R/enrichment/enrichment_io.R:611 read_csv_contract | analysis/wgcna/compare_module_enrichment_overlap.R:239 read_leading_edge_set",TRUE,"declared_root_unmounted","S:/Lab_Member/Tobi/Experiments/Exp9_Social-Stress/Analysis/proteomics/results/source_data/04_differential_expression_enrichment/clusterProfiler/neuron_neuropil/KEGG/phenotype_within_unit/CA2_sr/CA2srsus_CA2srres_KEGG.csv",220,"present",TRUE,85044,FALSE,"runtime-required and the rebased path is directly usable"
"neuron_neuropil","data/processed/04_differential_expression_enrichment/clusterProfiler/neuron_neuropil/clusterProfiler_manifest.csv","output_table","runtime_required","CA3sores_CA3socon|GSEA_GO|BP",37,"success_with_terms","P://results/source_data/04_differential_expression_enrichment/clusterProfiler/neuron_neuropil/BP/phenotype_within_unit/CA3_so/CA3sores_CA3socon_full.csv",152,"R/enrichment/enrichment_io.R:611 read_csv_contract | analysis/wgcna/compare_module_enrichment_overlap.R:239 read_leading_edge_set",TRUE,"declared_root_unmounted","S:/Lab_Member/Tobi/Experiments/Exp9_Social-Stress/Analysis/proteomics/results/source_data/04_differential_expression_enrichment/clusterProfiler/neuron_neuropil/BP/phenotype_within_unit/CA3_so/CA3sores_CA3socon_full.csv",218,"present",TRUE,1189460,FALSE,"runtime-required and the rebased path is directly usable"
"neuron_neuropil","data/processed/04_differential_expression_enrichment/clusterProfiler/neuron_neuropil/clusterProfiler_manifest.csv","output_table","runtime_required","CA3sores_CA3socon|GSEA_KEGG|KEGG",38,"success_with_terms","P://results/source_data/04_differential_expression_enrichment/clusterProfiler/neuron_neuropil/KEGG/phenotype_within_unit/CA3_so/CA3sores_CA3socon_KEGG.csv",154,"R/enrichment/enrichment_io.R:611 read_csv_contract | analysis/wgcna/compare_module_enrichment_overlap.R:239 read_leading_edge_set",TRUE,"declared_root_unmounted","S:/Lab_Member/Tobi/Experiments/Exp9_Social-Stress/Analysis/proteomics/results/source_data/04_differential_expression_enrichment/clusterProfiler/neuron_neuropil/KEGG/phenotype_within_unit/CA3_so/CA3sores_CA3socon_KEGG.csv",220,"present",TRUE,84485,FALSE,"runtime-required and the rebased path is directly usable"
"neuron_neuropil","data/processed/04_differential_expression_enrichment/clusterProfiler/neuron_neuropil/clusterProfiler_manifest.csv","output_table","runtime_required","CA3sosus_CA3socon|GSEA_GO|BP",39,"success_with_terms","P://results/source_data/04_differential_expression_enrichment/clusterProfiler/neuron_neuropil/BP/phenotype_within_unit/CA3_so/CA3sosus_CA3socon_full.csv",152,"R/enrichment/enrichment_io.R:611 read_csv_contract | analysis/wgcna/compare_module_enrichment_overlap.R:239 read_leading_edge_set",TRUE,"declared_root_unmounted","S:/Lab_Member/Tobi/Experiments/Exp9_Social-Stress/Analysis/proteomics/results/source_data/04_differential_expression_enrichment/clusterProfiler/neuron_neuropil/BP/phenotype_within_unit/CA3_so/CA3sosus_CA3socon_full.csv",218,"present",TRUE,1168527,FALSE,"runtime-required and the rebased path is directly usable"
"neuron_neuropil","data/processed/04_differential_expression_enrichment/clusterProfiler/neuron_neuropil/clusterProfiler_manifest.csv","output_table","runtime_required","CA3sosus_CA3socon|GSEA_KEGG|KEGG",40,"success_with_terms","P://results/source_data/04_differential_expression_enrichment/clusterProfiler/neuron_neuropil/KEGG/phenotype_within_unit/CA3_so/CA3sosus_CA3socon_KEGG.csv",154,"R/enrichment/enrichment_io.R:611 read_csv_contract | analysis/wgcna/compare_module_enrichment_overlap.R:239 read_leading_edge_set",TRUE,"declared_root_unmounted","S:/Lab_Member/Tobi/Experiments/Exp9_Social-Stress/Analysis/proteomics/results/source_data/04_differential_expression_enrichment/clusterProfiler/neuron_neuropil/KEGG/phenotype_within_unit/CA3_so/CA3sosus_CA3socon_KEGG.csv",220,"present",TRUE,80567,FALSE,"runtime-required and the rebased path is directly usable"
"neuron_neuropil","data/processed/04_differential_expression_enrichment/clusterProfiler/neuron_neuropil/clusterProfiler_manifest.csv","output_table","runtime_required","CA3sosus_CA3sores|GSEA_GO|BP",41,"success_with_terms","P://results/source_data/04_differential_expression_enrichment/clusterProfiler/neuron_neuropil/BP/phenotype_within_unit/CA3_so/CA3sosus_CA3sores_full.csv",152,"R/enrichment/enrichment_io.R:611 read_csv_contract | analysis/wgcna/compare_module_enrichment_overlap.R:239 read_leading_edge_set",TRUE,"declared_root_unmounted","S:/Lab_Member/Tobi/Experiments/Exp9_Social-Stress/Analysis/proteomics/results/source_data/04_differential_expression_enrichment/clusterProfiler/neuron_neuropil/BP/phenotype_within_unit/CA3_so/CA3sosus_CA3sores_full.csv",218,"present",TRUE,1281403,FALSE,"runtime-required and the rebased path is directly usable"
"neuron_neuropil","data/processed/04_differential_expression_enrichment/clusterProfiler/neuron_neuropil/clusterProfiler_manifest.csv","output_table","runtime_required","CA3sosus_CA3sores|GSEA_KEGG|KEGG",42,"success_with_terms","P://results/source_data/04_differential_expression_enrichment/clusterProfiler/neuron_neuropil/KEGG/phenotype_within_unit/CA3_so/CA3sosus_CA3sores_KEGG.csv",154,"R/enrichment/enrichment_io.R:611 read_csv_contract | analysis/wgcna/compare_module_enrichment_overlap.R:239 read_leading_edge_set",TRUE,"declared_root_unmounted","S:/Lab_Member/Tobi/Experiments/Exp9_Social-Stress/Analysis/proteomics/results/source_data/04_differential_expression_enrichment/clusterProfiler/neuron_neuropil/KEGG/phenotype_within_unit/CA3_so/CA3sosus_CA3sores_KEGG.csv",220,"present",TRUE,84926,FALSE,"runtime-required and the rebased path is directly usable"
"neuron_neuropil","data/processed/04_differential_expression_enrichment/clusterProfiler/neuron_neuropil/clusterProfiler_manifest.csv","output_table","runtime_required","CA3srres_CA3srcon|GSEA_GO|BP",43,"success_with_terms","P://results/source_data/04_differential_expression_enrichment/clusterProfiler/neuron_neuropil/BP/phenotype_within_unit/CA3_sr/CA3srres_CA3srcon_full.csv",152,"R/enrichment/enrichment_io.R:611 read_csv_contract | analysis/wgcna/compare_module_enrichment_overlap.R:239 read_leading_edge_set",TRUE,"declared_root_unmounted","S:/Lab_Member/Tobi/Experiments/Exp9_Social-Stress/Analysis/proteomics/results/source_data/04_differential_expression_enrichment/clusterProfiler/neuron_neuropil/BP/phenotype_within_unit/CA3_sr/CA3srres_CA3srcon_full.csv",218,"present",TRUE,1185653,FALSE,"runtime-required and the rebased path is directly usable"
"neuron_neuropil","data/processed/04_differential_expression_enrichment/clusterProfiler/neuron_neuropil/clusterProfiler_manifest.csv","output_table","runtime_required","CA3srres_CA3srcon|GSEA_KEGG|KEGG",44,"success_with_terms","P://results/source_data/04_differential_expression_enrichment/clusterProfiler/neuron_neuropil/KEGG/phenotype_within_unit/CA3_sr/CA3srres_CA3srcon_KEGG.csv",154,"R/enrichment/enrichment_io.R:611 read_csv_contract | analysis/wgcna/compare_module_enrichment_overlap.R:239 read_leading_edge_set",TRUE,"declared_root_unmounted","S:/Lab_Member/Tobi/Experiments/Exp9_Social-Stress/Analysis/proteomics/results/source_data/04_differential_expression_enrichment/clusterProfiler/neuron_neuropil/KEGG/phenotype_within_unit/CA3_sr/CA3srres_CA3srcon_KEGG.csv",220,"present",TRUE,83959,FALSE,"runtime-required and the rebased path is directly usable"
"neuron_neuropil","data/processed/04_differential_expression_enrichment/clusterProfiler/neuron_neuropil/clusterProfiler_manifest.csv","output_table","runtime_required","CA3srsus_CA3srcon|GSEA_GO|BP",45,"success_with_terms","P://results/source_data/04_differential_expression_enrichment/clusterProfiler/neuron_neuropil/BP/phenotype_within_unit/CA3_sr/CA3srsus_CA3srcon_full.csv",152,"R/enrichment/enrichment_io.R:611 read_csv_contract | analysis/wgcna/compare_module_enrichment_overlap.R:239 read_leading_edge_set",TRUE,"declared_root_unmounted","S:/Lab_Member/Tobi/Experiments/Exp9_Social-Stress/Analysis/proteomics/results/source_data/04_differential_expression_enrichment/clusterProfiler/neuron_neuropil/BP/phenotype_within_unit/CA3_sr/CA3srsus_CA3srcon_full.csv",218,"present",TRUE,1225940,FALSE,"runtime-required and the rebased path is directly usable"
"neuron_neuropil","data/processed/04_differential_expression_enrichment/clusterProfiler/neuron_neuropil/clusterProfiler_manifest.csv","output_table","runtime_required","CA3srsus_CA3srcon|GSEA_KEGG|KEGG",46,"success_with_terms","P://results/source_data/04_differential_expression_enrichment/clusterProfiler/neuron_neuropil/KEGG/phenotype_within_unit/CA3_sr/CA3srsus_CA3srcon_KEGG.csv",154,"R/enrichment/enrichment_io.R:611 read_csv_contract | analysis/wgcna/compare_module_enrichment_overlap.R:239 read_leading_edge_set",TRUE,"declared_root_unmounted","S:/Lab_Member/Tobi/Experiments/Exp9_Social-Stress/Analysis/proteomics/results/source_data/04_differential_expression_enrichment/clusterProfiler/neuron_neuropil/KEGG/phenotype_within_unit/CA3_sr/CA3srsus_CA3srcon_KEGG.csv",220,"present",TRUE,84849,FALSE,"runtime-required and the rebased path is directly usable"
"neuron_neuropil","data/processed/04_differential_expression_enrichment/clusterProfiler/neuron_neuropil/clusterProfiler_manifest.csv","output_table","runtime_required","CA3srsus_CA3srres|GSEA_GO|BP",47,"success_with_terms","P://results/source_data/04_differential_expression_enrichment/clusterProfiler/neuron_neuropil/BP/phenotype_within_unit/CA3_sr/CA3srsus_CA3srres_full.csv",152,"R/enrichment/enrichment_io.R:611 read_csv_contract | analysis/wgcna/compare_module_enrichment_overlap.R:239 read_leading_edge_set",TRUE,"declared_root_unmounted","S:/Lab_Member/Tobi/Experiments/Exp9_Social-Stress/Analysis/proteomics/results/source_data/04_differential_expression_enrichment/clusterProfiler/neuron_neuropil/BP/phenotype_within_unit/CA3_sr/CA3srsus_CA3srres_full.csv",218,"present",TRUE,1264782,FALSE,"runtime-required and the rebased path is directly usable"
"neuron_neuropil","data/processed/04_differential_expression_enrichment/clusterProfiler/neuron_neuropil/clusterProfiler_manifest.csv","output_table","runtime_required","CA3srsus_CA3srres|GSEA_KEGG|KEGG",48,"success_with_terms","P://results/source_data/04_differential_expression_enrichment/clusterProfiler/neuron_neuropil/KEGG/phenotype_within_unit/CA3_sr/CA3srsus_CA3srres_KEGG.csv",154,"R/enrichment/enrichment_io.R:611 read_csv_contract | analysis/wgcna/compare_module_enrichment_overlap.R:239 read_leading_edge_set",TRUE,"declared_root_unmounted","S:/Lab_Member/Tobi/Experiments/Exp9_Social-Stress/Analysis/proteomics/results/source_data/04_differential_expression_enrichment/clusterProfiler/neuron_neuropil/KEGG/phenotype_within_unit/CA3_sr/CA3srsus_CA3srres_KEGG.csv",220,"present",TRUE,85908,FALSE,"runtime-required and the rebased path is directly usable"
"neuron_neuropil","data/processed/04_differential_expression_enrichment/clusterProfiler/neuron_neuropil/clusterProfiler_manifest.csv","output_table","runtime_required","DGmores_DGmocon|GSEA_GO|BP",49,"success_with_terms","P://results/source_data/04_differential_expression_enrichment/clusterProfiler/neuron_neuropil/BP/phenotype_within_unit/DG_mo/DGmores_DGmocon_full.csv",149,"R/enrichment/enrichment_io.R:611 read_csv_contract | analysis/wgcna/compare_module_enrichment_overlap.R:239 read_leading_edge_set",TRUE,"declared_root_unmounted","S:/Lab_Member/Tobi/Experiments/Exp9_Social-Stress/Analysis/proteomics/results/source_data/04_differential_expression_enrichment/clusterProfiler/neuron_neuropil/BP/phenotype_within_unit/DG_mo/DGmores_DGmocon_full.csv",215,"present",TRUE,1181778,FALSE,"runtime-required and the rebased path is directly usable"
"neuron_neuropil","data/processed/04_differential_expression_enrichment/clusterProfiler/neuron_neuropil/clusterProfiler_manifest.csv","output_table","runtime_required","DGmores_DGmocon|GSEA_KEGG|KEGG",50,"success_with_terms","P://results/source_data/04_differential_expression_enrichment/clusterProfiler/neuron_neuropil/KEGG/phenotype_within_unit/DG_mo/DGmores_DGmocon_KEGG.csv",151,"R/enrichment/enrichment_io.R:611 read_csv_contract | analysis/wgcna/compare_module_enrichment_overlap.R:239 read_leading_edge_set",TRUE,"declared_root_unmounted","S:/Lab_Member/Tobi/Experiments/Exp9_Social-Stress/Analysis/proteomics/results/source_data/04_differential_expression_enrichment/clusterProfiler/neuron_neuropil/KEGG/phenotype_within_unit/DG_mo/DGmores_DGmocon_KEGG.csv",217,"present",TRUE,79638,FALSE,"runtime-required and the rebased path is directly usable"
"neuron_neuropil","data/processed/04_differential_expression_enrichment/clusterProfiler/neuron_neuropil/clusterProfiler_manifest.csv","output_table","runtime_required","DGmosus_DGmocon|GSEA_GO|BP",51,"success_with_terms","P://results/source_data/04_differential_expression_enrichment/clusterProfiler/neuron_neuropil/BP/phenotype_within_unit/DG_mo/DGmosus_DGmocon_full.csv",149,"R/enrichment/enrichment_io.R:611 read_csv_contract | analysis/wgcna/compare_module_enrichment_overlap.R:239 read_leading_edge_set",TRUE,"declared_root_unmounted","S:/Lab_Member/Tobi/Experiments/Exp9_Social-Stress/Analysis/proteomics/results/source_data/04_differential_expression_enrichment/clusterProfiler/neuron_neuropil/BP/phenotype_within_unit/DG_mo/DGmosus_DGmocon_full.csv",215,"present",TRUE,1066426,FALSE,"runtime-required and the rebased path is directly usable"
"neuron_neuropil","data/processed/04_differential_expression_enrichment/clusterProfiler/neuron_neuropil/clusterProfiler_manifest.csv","output_table","runtime_required","DGmosus_DGmocon|GSEA_KEGG|KEGG",52,"success_with_terms","P://results/source_data/04_differential_expression_enrichment/clusterProfiler/neuron_neuropil/KEGG/phenotype_within_unit/DG_mo/DGmosus_DGmocon_KEGG.csv",151,"R/enrichment/enrichment_io.R:611 read_csv_contract | analysis/wgcna/compare_module_enrichment_overlap.R:239 read_leading_edge_set",TRUE,"declared_root_unmounted","S:/Lab_Member/Tobi/Experiments/Exp9_Social-Stress/Analysis/proteomics/results/source_data/04_differential_expression_enrichment/clusterProfiler/neuron_neuropil/KEGG/phenotype_within_unit/DG_mo/DGmosus_DGmocon_KEGG.csv",217,"present",TRUE,80960,FALSE,"runtime-required and the rebased path is directly usable"
"neuron_neuropil","data/processed/04_differential_expression_enrichment/clusterProfiler/neuron_neuropil/clusterProfiler_manifest.csv","output_table","runtime_required","DGmosus_DGmores|GSEA_GO|BP",53,"success_with_terms","P://results/source_data/04_differential_expression_enrichment/clusterProfiler/neuron_neuropil/BP/phenotype_within_unit/DG_mo/DGmosus_DGmores_full.csv",149,"R/enrichment/enrichment_io.R:611 read_csv_contract | analysis/wgcna/compare_module_enrichment_overlap.R:239 read_leading_edge_set",TRUE,"declared_root_unmounted","S:/Lab_Member/Tobi/Experiments/Exp9_Social-Stress/Analysis/proteomics/results/source_data/04_differential_expression_enrichment/clusterProfiler/neuron_neuropil/BP/phenotype_within_unit/DG_mo/DGmosus_DGmores_full.csv",215,"present",TRUE,1228744,FALSE,"runtime-required and the rebased path is directly usable"
"neuron_neuropil","data/processed/04_differential_expression_enrichment/clusterProfiler/neuron_neuropil/clusterProfiler_manifest.csv","output_table","runtime_required","DGmosus_DGmores|GSEA_KEGG|KEGG",54,"success_with_terms","P://results/source_data/04_differential_expression_enrichment/clusterProfiler/neuron_neuropil/KEGG/phenotype_within_unit/DG_mo/DGmosus_DGmores_KEGG.csv",151,"R/enrichment/enrichment_io.R:611 read_csv_contract | analysis/wgcna/compare_module_enrichment_overlap.R:239 read_leading_edge_set",TRUE,"declared_root_unmounted","S:/Lab_Member/Tobi/Experiments/Exp9_Social-Stress/Analysis/proteomics/results/source_data/04_differential_expression_enrichment/clusterProfiler/neuron_neuropil/KEGG/phenotype_within_unit/DG_mo/DGmosus_DGmores_KEGG.csv",217,"present",TRUE,84784,FALSE,"runtime-required and the rebased path is directly usable"
"neuron_neuropil","data/processed/04_differential_expression_enrichment/clusterProfiler/neuron_neuropil/clusterProfiler_manifest.csv","output_table","runtime_required","DGpores_DGpocon|GSEA_GO|BP",55,"success_with_terms","P://results/source_data/04_differential_expression_enrichment/clusterProfiler/neuron_neuropil/BP/phenotype_within_unit/DG_po/DGpores_DGpocon_full.csv",149,"R/enrichment/enrichment_io.R:611 read_csv_contract | analysis/wgcna/compare_module_enrichment_overlap.R:239 read_leading_edge_set",TRUE,"declared_root_unmounted","S:/Lab_Member/Tobi/Experiments/Exp9_Social-Stress/Analysis/proteomics/results/source_data/04_differential_expression_enrichment/clusterProfiler/neuron_neuropil/BP/phenotype_within_unit/DG_po/DGpores_DGpocon_full.csv",215,"present",TRUE,1297949,FALSE,"runtime-required and the rebased path is directly usable"
"neuron_neuropil","data/processed/04_differential_expression_enrichment/clusterProfiler/neuron_neuropil/clusterProfiler_manifest.csv","output_table","runtime_required","DGpores_DGpocon|GSEA_KEGG|KEGG",56,"success_with_terms","P://results/source_data/04_differential_expression_enrichment/clusterProfiler/neuron_neuropil/KEGG/phenotype_within_unit/DG_po/DGpores_DGpocon_KEGG.csv",151,"R/enrichment/enrichment_io.R:611 read_csv_contract | analysis/wgcna/compare_module_enrichment_overlap.R:239 read_leading_edge_set",TRUE,"declared_root_unmounted","S:/Lab_Member/Tobi/Experiments/Exp9_Social-Stress/Analysis/proteomics/results/source_data/04_differential_expression_enrichment/clusterProfiler/neuron_neuropil/KEGG/phenotype_within_unit/DG_po/DGpores_DGpocon_KEGG.csv",217,"present",TRUE,89127,FALSE,"runtime-required and the rebased path is directly usable"
"neuron_neuropil","data/processed/04_differential_expression_enrichment/clusterProfiler/neuron_neuropil/clusterProfiler_manifest.csv","output_table","runtime_required","DGposus_DGpocon|GSEA_GO|BP",57,"success_with_terms","P://results/source_data/04_differential_expression_enrichment/clusterProfiler/neuron_neuropil/BP/phenotype_within_unit/DG_po/DGposus_DGpocon_full.csv",149,"R/enrichment/enrichment_io.R:611 read_csv_contract | analysis/wgcna/compare_module_enrichment_overlap.R:239 read_leading_edge_set",TRUE,"declared_root_unmounted","S:/Lab_Member/Tobi/Experiments/Exp9_Social-Stress/Analysis/proteomics/results/source_data/04_differential_expression_enrichment/clusterProfiler/neuron_neuropil/BP/phenotype_within_unit/DG_po/DGposus_DGpocon_full.csv",215,"present",TRUE,1165159,FALSE,"runtime-required and the rebased path is directly usable"
"neuron_neuropil","data/processed/04_differential_expression_enrichment/clusterProfiler/neuron_neuropil/clusterProfiler_manifest.csv","output_table","runtime_required","DGposus_DGpocon|GSEA_KEGG|KEGG",58,"success_with_terms","P://results/source_data/04_differential_expression_enrichment/clusterProfiler/neuron_neuropil/KEGG/phenotype_within_unit/DG_po/DGposus_DGpocon_KEGG.csv",151,"R/enrichment/enrichment_io.R:611 read_csv_contract | analysis/wgcna/compare_module_enrichment_overlap.R:239 read_leading_edge_set",TRUE,"declared_root_unmounted","S:/Lab_Member/Tobi/Experiments/Exp9_Social-Stress/Analysis/proteomics/results/source_data/04_differential_expression_enrichment/clusterProfiler/neuron_neuropil/KEGG/phenotype_within_unit/DG_po/DGposus_DGpocon_KEGG.csv",217,"present",TRUE,82749,FALSE,"runtime-required and the rebased path is directly usable"
"neuron_neuropil","data/processed/04_differential_expression_enrichment/clusterProfiler/neuron_neuropil/clusterProfiler_manifest.csv","output_table","runtime_required","DGposus_DGpores|GSEA_GO|BP",59,"success_with_terms","P://results/source_data/04_differential_expression_enrichment/clusterProfiler/neuron_neuropil/BP/phenotype_within_unit/DG_po/DGposus_DGpores_full.csv",149,"R/enrichment/enrichment_io.R:611 read_csv_contract | analysis/wgcna/compare_module_enrichment_overlap.R:239 read_leading_edge_set",TRUE,"declared_root_unmounted","S:/Lab_Member/Tobi/Experiments/Exp9_Social-Stress/Analysis/proteomics/results/source_data/04_differential_expression_enrichment/clusterProfiler/neuron_neuropil/BP/phenotype_within_unit/DG_po/DGposus_DGpores_full.csv",215,"present",TRUE,1346450,FALSE,"runtime-required and the rebased path is directly usable"
"neuron_neuropil","data/processed/04_differential_expression_enrichment/clusterProfiler/neuron_neuropil/clusterProfiler_manifest.csv","output_table","runtime_required","DGposus_DGpores|GSEA_KEGG|KEGG",60,"success_with_terms","P://results/source_data/04_differential_expression_enrichment/clusterProfiler/neuron_neuropil/KEGG/phenotype_within_unit/DG_po/DGposus_DGpores_KEGG.csv",151,"R/enrichment/enrichment_io.R:611 read_csv_contract | analysis/wgcna/compare_module_enrichment_overlap.R:239 read_leading_edge_set",TRUE,"declared_root_unmounted","S:/Lab_Member/Tobi/Experiments/Exp9_Social-Stress/Analysis/proteomics/results/source_data/04_differential_expression_enrichment/clusterProfiler/neuron_neuropil/KEGG/phenotype_within_unit/DG_po/DGposus_DGpores_KEGG.csv",217,"present",TRUE,93288,FALSE,"runtime-required and the rebased path is directly usable"
"neuron_neuropil","data/processed/04_differential_expression_enrichment/clusterProfiler/neuron_neuropil/clusterProfiler_manifest.csv","collapsed_gene_input_file","runtime_required","CA1slmres_CA1slmcon|GSEA_GO|BP",1,"success_with_terms","P://data/processed/04_differential_expression_enrichment/clusterProfiler/neuron_neuropil/phenotype_within_unit/CA1_slm/CA1slmres_CA1slmcon/protein_group_audits/collapsed_gene_input.csv",184,"R/enrichment/enrichment_io.R:500 read_csv_contract",TRUE,"declared_root_unmounted","S:/Lab_Member/Tobi/Experiments/Exp9_Social-Stress/Analysis/proteomics/data/processed/04_differential_expression_enrichment/clusterProfiler/neuron_neuropil/phenotype_within_unit/CA1_slm/CA1slmres_CA1slmcon/protein_group_audits/collapsed_gene_input.csv",250,"present",TRUE,1357844,FALSE,"runtime-required and the rebased path is directly usable"
"neuron_neuropil","data/processed/04_differential_expression_enrichment/clusterProfiler/neuron_neuropil/clusterProfiler_manifest.csv","collapsed_gene_input_file","runtime_required","CA1slmres_CA1slmcon|GSEA_KEGG|KEGG",2,"success_with_terms","P://data/processed/04_differential_expression_enrichment/clusterProfiler/neuron_neuropil/phenotype_within_unit/CA1_slm/CA1slmres_CA1slmcon/protein_group_audits/collapsed_gene_input.csv",184,"R/enrichment/enrichment_io.R:500 read_csv_contract",TRUE,"declared_root_unmounted","S:/Lab_Member/Tobi/Experiments/Exp9_Social-Stress/Analysis/proteomics/data/processed/04_differential_expression_enrichment/clusterProfiler/neuron_neuropil/phenotype_within_unit/CA1_slm/CA1slmres_CA1slmcon/protein_group_audits/collapsed_gene_input.csv",250,"present",TRUE,1357844,FALSE,"runtime-required and the rebased path is directly usable"
"neuron_neuropil","data/processed/04_differential_expression_enrichment/clusterProfiler/neuron_neuropil/clusterProfiler_manifest.csv","collapsed_gene_input_file","runtime_required","CA1slmsus_CA1slmcon|GSEA_GO|BP",3,"success_with_terms","P://data/processed/04_differential_expression_enrichment/clusterProfiler/neuron_neuropil/phenotype_within_unit/CA1_slm/CA1slmsus_CA1slmcon/protein_group_audits/collapsed_gene_input.csv",184,"R/enrichment/enrichment_io.R:500 read_csv_contract",TRUE,"declared_root_unmounted","S:/Lab_Member/Tobi/Experiments/Exp9_Social-Stress/Analysis/proteomics/data/processed/04_differential_expression_enrichment/clusterProfiler/neuron_neuropil/phenotype_within_unit/CA1_slm/CA1slmsus_CA1slmcon/protein_group_audits/collapsed_gene_input.csv",250,"present",TRUE,1359281,FALSE,"runtime-required and the rebased path is directly usable"
"neuron_neuropil","data/processed/04_differential_expression_enrichment/clusterProfiler/neuron_neuropil/clusterProfiler_manifest.csv","collapsed_gene_input_file","runtime_required","CA1slmsus_CA1slmcon|GSEA_KEGG|KEGG",4,"success_with_terms","P://data/processed/04_differential_expression_enrichment/clusterProfiler/neuron_neuropil/phenotype_within_unit/CA1_slm/CA1slmsus_CA1slmcon/protein_group_audits/collapsed_gene_input.csv",184,"R/enrichment/enrichment_io.R:500 read_csv_contract",TRUE,"declared_root_unmounted","S:/Lab_Member/Tobi/Experiments/Exp9_Social-Stress/Analysis/proteomics/data/processed/04_differential_expression_enrichment/clusterProfiler/neuron_neuropil/phenotype_within_unit/CA1_slm/CA1slmsus_CA1slmcon/protein_group_audits/collapsed_gene_input.csv",250,"present",TRUE,1359281,FALSE,"runtime-required and the rebased path is directly usable"
"neuron_neuropil","data/processed/04_differential_expression_enrichment/clusterProfiler/neuron_neuropil/clusterProfiler_manifest.csv","collapsed_gene_input_file","runtime_required","CA1slmsus_CA1slmres|GSEA_GO|BP",5,"success_with_terms","P://data/processed/04_differential_expression_enrichment/clusterProfiler/neuron_neuropil/phenotype_within_unit/CA1_slm/CA1slmsus_CA1slmres/protein_group_audits/collapsed_gene_input.csv",184,"R/enrichment/enrichment_io.R:500 read_csv_contract",TRUE,"declared_root_unmounted","S:/Lab_Member/Tobi/Experiments/Exp9_Social-Stress/Analysis/proteomics/data/processed/04_differential_expression_enrichment/clusterProfiler/neuron_neuropil/phenotype_within_unit/CA1_slm/CA1slmsus_CA1slmres/protein_group_audits/collapsed_gene_input.csv",250,"present",TRUE,1365095,FALSE,"runtime-required and the rebased path is directly usable"
"neuron_neuropil","data/processed/04_differential_expression_enrichment/clusterProfiler/neuron_neuropil/clusterProfiler_manifest.csv","collapsed_gene_input_file","runtime_required","CA1slmsus_CA1slmres|GSEA_KEGG|KEGG",6,"success_with_terms","P://data/processed/04_differential_expression_enrichment/clusterProfiler/neuron_neuropil/phenotype_within_unit/CA1_slm/CA1slmsus_CA1slmres/protein_group_audits/collapsed_gene_input.csv",184,"R/enrichment/enrichment_io.R:500 read_csv_contract",TRUE,"declared_root_unmounted","S:/Lab_Member/Tobi/Experiments/Exp9_Social-Stress/Analysis/proteomics/data/processed/04_differential_expression_enrichment/clusterProfiler/neuron_neuropil/phenotype_within_unit/CA1_slm/CA1slmsus_CA1slmres/protein_group_audits/collapsed_gene_input.csv",250,"present",TRUE,1365095,FALSE,"runtime-required and the rebased path is directly usable"
"neuron_neuropil","data/processed/04_differential_expression_enrichment/clusterProfiler/neuron_neuropil/clusterProfiler_manifest.csv","collapsed_gene_input_file","runtime_required","CA1sores_CA1socon|GSEA_GO|BP",7,"success_with_terms","P://data/processed/04_differential_expression_enrichment/clusterProfiler/neuron_neuropil/phenotype_within_unit/CA1_so/CA1sores_CA1socon/protein_group_audits/collapsed_gene_input.csv",181,"R/enrichment/enrichment_io.R:500 read_csv_contract",TRUE,"declared_root_unmounted","S:/Lab_Member/Tobi/Experiments/Exp9_Social-Stress/Analysis/proteomics/data/processed/04_differential_expression_enrichment/clusterProfiler/neuron_neuropil/phenotype_within_unit/CA1_so/CA1sores_CA1socon/protein_group_audits/collapsed_gene_input.csv",247,"present",TRUE,1364160,FALSE,"runtime-required and the rebased path is directly usable"
"neuron_neuropil","data/processed/04_differential_expression_enrichment/clusterProfiler/neuron_neuropil/clusterProfiler_manifest.csv","collapsed_gene_input_file","runtime_required","CA1sores_CA1socon|GSEA_KEGG|KEGG",8,"success_with_terms","P://data/processed/04_differential_expression_enrichment/clusterProfiler/neuron_neuropil/phenotype_within_unit/CA1_so/CA1sores_CA1socon/protein_group_audits/collapsed_gene_input.csv",181,"R/enrichment/enrichment_io.R:500 read_csv_contract",TRUE,"declared_root_unmounted","S:/Lab_Member/Tobi/Experiments/Exp9_Social-Stress/Analysis/proteomics/data/processed/04_differential_expression_enrichment/clusterProfiler/neuron_neuropil/phenotype_within_unit/CA1_so/CA1sores_CA1socon/protein_group_audits/collapsed_gene_input.csv",247,"present",TRUE,1364160,FALSE,"runtime-required and the rebased path is directly usable"
"neuron_neuropil","data/processed/04_differential_expression_enrichment/clusterProfiler/neuron_neuropil/clusterProfiler_manifest.csv","collapsed_gene_input_file","runtime_required","CA1sosus_CA1socon|GSEA_GO|BP",9,"success_with_terms","P://data/processed/04_differential_expression_enrichment/clusterProfiler/neuron_neuropil/phenotype_within_unit/CA1_so/CA1sosus_CA1socon/protein_group_audits/collapsed_gene_input.csv",181,"R/enrichment/enrichment_io.R:500 read_csv_contract",TRUE,"declared_root_unmounted","S:/Lab_Member/Tobi/Experiments/Exp9_Social-Stress/Analysis/proteomics/data/processed/04_differential_expression_enrichment/clusterProfiler/neuron_neuropil/phenotype_within_unit/CA1_so/CA1sosus_CA1socon/protein_group_audits/collapsed_gene_input.csv",247,"present",TRUE,1368146,FALSE,"runtime-required and the rebased path is directly usable"
"neuron_neuropil","data/processed/04_differential_expression_enrichment/clusterProfiler/neuron_neuropil/clusterProfiler_manifest.csv","collapsed_gene_input_file","runtime_required","CA1sosus_CA1socon|GSEA_KEGG|KEGG",10,"success_with_terms","P://data/processed/04_differential_expression_enrichment/clusterProfiler/neuron_neuropil/phenotype_within_unit/CA1_so/CA1sosus_CA1socon/protein_group_audits/collapsed_gene_input.csv",181,"R/enrichment/enrichment_io.R:500 read_csv_contract",TRUE,"declared_root_unmounted","S:/Lab_Member/Tobi/Experiments/Exp9_Social-Stress/Analysis/proteomics/data/processed/04_differential_expression_enrichment/clusterProfiler/neuron_neuropil/phenotype_within_unit/CA1_so/CA1sosus_CA1socon/protein_group_audits/collapsed_gene_input.csv",247,"present",TRUE,1368146,FALSE,"runtime-required and the rebased path is directly usable"
"neuron_neuropil","data/processed/04_differential_expression_enrichment/clusterProfiler/neuron_neuropil/clusterProfiler_manifest.csv","collapsed_gene_input_file","runtime_required","CA1sosus_CA1sores|GSEA_GO|BP",11,"success_with_terms","P://data/processed/04_differential_expression_enrichment/clusterProfiler/neuron_neuropil/phenotype_within_unit/CA1_so/CA1sosus_CA1sores/protein_group_audits/collapsed_gene_input.csv",181,"R/enrichment/enrichment_io.R:500 read_csv_contract",TRUE,"declared_root_unmounted","S:/Lab_Member/Tobi/Experiments/Exp9_Social-Stress/Analysis/proteomics/data/processed/04_differential_expression_enrichment/clusterProfiler/neuron_neuropil/phenotype_within_unit/CA1_so/CA1sosus_CA1sores/protein_group_audits/collapsed_gene_input.csv",247,"present",TRUE,1361363,FALSE,"runtime-required and the rebased path is directly usable"
"neuron_neuropil","data/processed/04_differential_expression_enrichment/clusterProfiler/neuron_neuropil/clusterProfiler_manifest.csv","collapsed_gene_input_file","runtime_required","CA1sosus_CA1sores|GSEA_KEGG|KEGG",12,"success_with_terms","P://data/processed/04_differential_expression_enrichment/clusterProfiler/neuron_neuropil/phenotype_within_unit/CA1_so/CA1sosus_CA1sores/protein_group_audits/collapsed_gene_input.csv",181,"R/enrichment/enrichment_io.R:500 read_csv_contract",TRUE,"declared_root_unmounted","S:/Lab_Member/Tobi/Experiments/Exp9_Social-Stress/Analysis/proteomics/data/processed/04_differential_expression_enrichment/clusterProfiler/neuron_neuropil/phenotype_within_unit/CA1_so/CA1sosus_CA1sores/protein_group_audits/collapsed_gene_input.csv",247,"present",TRUE,1361363,FALSE,"runtime-required and the rebased path is directly usable"
"neuron_neuropil","data/processed/04_differential_expression_enrichment/clusterProfiler/neuron_neuropil/clusterProfiler_manifest.csv","collapsed_gene_input_file","runtime_required","CA1srres_CA1srcon|GSEA_GO|BP",13,"success_with_terms","P://data/processed/04_differential_expression_enrichment/clusterProfiler/neuron_neuropil/phenotype_within_unit/CA1_sr/CA1srres_CA1srcon/protein_group_audits/collapsed_gene_input.csv",181,"R/enrichment/enrichment_io.R:500 read_csv_contract",TRUE,"declared_root_unmounted","S:/Lab_Member/Tobi/Experiments/Exp9_Social-Stress/Analysis/proteomics/data/processed/04_differential_expression_enrichment/clusterProfiler/neuron_neuropil/phenotype_within_unit/CA1_sr/CA1srres_CA1srcon/protein_group_audits/collapsed_gene_input.csv",247,"present",TRUE,1362169,FALSE,"runtime-required and the rebased path is directly usable"
"neuron_neuropil","data/processed/04_differential_expression_enrichment/clusterProfiler/neuron_neuropil/clusterProfiler_manifest.csv","collapsed_gene_input_file","runtime_required","CA1srres_CA1srcon|GSEA_KEGG|KEGG",14,"success_with_terms","P://data/processed/04_differential_expression_enrichment/clusterProfiler/neuron_neuropil/phenotype_within_unit/CA1_sr/CA1srres_CA1srcon/protein_group_audits/collapsed_gene_input.csv",181,"R/enrichment/enrichment_io.R:500 read_csv_contract",TRUE,"declared_root_unmounted","S:/Lab_Member/Tobi/Experiments/Exp9_Social-Stress/Analysis/proteomics/data/processed/04_differential_expression_enrichment/clusterProfiler/neuron_neuropil/phenotype_within_unit/CA1_sr/CA1srres_CA1srcon/protein_group_audits/collapsed_gene_input.csv",247,"present",TRUE,1362169,FALSE,"runtime-required and the rebased path is directly usable"
"neuron_neuropil","data/processed/04_differential_expression_enrichment/clusterProfiler/neuron_neuropil/clusterProfiler_manifest.csv","collapsed_gene_input_file","runtime_required","CA1srsus_CA1srcon|GSEA_GO|BP",15,"success_with_terms","P://data/processed/04_differential_expression_enrichment/clusterProfiler/neuron_neuropil/phenotype_within_unit/CA1_sr/CA1srsus_CA1srcon/protein_group_audits/collapsed_gene_input.csv",181,"R/enrichment/enrichment_io.R:500 read_csv_contract",TRUE,"declared_root_unmounted","S:/Lab_Member/Tobi/Experiments/Exp9_Social-Stress/Analysis/proteomics/data/processed/04_differential_expression_enrichment/clusterProfiler/neuron_neuropil/phenotype_within_unit/CA1_sr/CA1srsus_CA1srcon/protein_group_audits/collapsed_gene_input.csv",247,"present",TRUE,1367474,FALSE,"runtime-required and the rebased path is directly usable"
"neuron_neuropil","data/processed/04_differential_expression_enrichment/clusterProfiler/neuron_neuropil/clusterProfiler_manifest.csv","collapsed_gene_input_file","runtime_required","CA1srsus_CA1srcon|GSEA_KEGG|KEGG",16,"success_with_terms","P://data/processed/04_differential_expression_enrichment/clusterProfiler/neuron_neuropil/phenotype_within_unit/CA1_sr/CA1srsus_CA1srcon/protein_group_audits/collapsed_gene_input.csv",181,"R/enrichment/enrichment_io.R:500 read_csv_contract",TRUE,"declared_root_unmounted","S:/Lab_Member/Tobi/Experiments/Exp9_Social-Stress/Analysis/proteomics/data/processed/04_differential_expression_enrichment/clusterProfiler/neuron_neuropil/phenotype_within_unit/CA1_sr/CA1srsus_CA1srcon/protein_group_audits/collapsed_gene_input.csv",247,"present",TRUE,1367474,FALSE,"runtime-required and the rebased path is directly usable"
"neuron_neuropil","data/processed/04_differential_expression_enrichment/clusterProfiler/neuron_neuropil/clusterProfiler_manifest.csv","collapsed_gene_input_file","runtime_required","CA1srsus_CA1srres|GSEA_GO|BP",17,"success_with_terms","P://data/processed/04_differential_expression_enrichment/clusterProfiler/neuron_neuropil/phenotype_within_unit/CA1_sr/CA1srsus_CA1srres/protein_group_audits/collapsed_gene_input.csv",181,"R/enrichment/enrichment_io.R:500 read_csv_contract",TRUE,"declared_root_unmounted","S:/Lab_Member/Tobi/Experiments/Exp9_Social-Stress/Analysis/proteomics/data/processed/04_differential_expression_enrichment/clusterProfiler/neuron_neuropil/phenotype_within_unit/CA1_sr/CA1srsus_CA1srres/protein_group_audits/collapsed_gene_input.csv",247,"present",TRUE,1366665,FALSE,"runtime-required and the rebased path is directly usable"
"neuron_neuropil","data/processed/04_differential_expression_enrichment/clusterProfiler/neuron_neuropil/clusterProfiler_manifest.csv","collapsed_gene_input_file","runtime_required","CA1srsus_CA1srres|GSEA_KEGG|KEGG",18,"success_with_terms","P://data/processed/04_differential_expression_enrichment/clusterProfiler/neuron_neuropil/phenotype_within_unit/CA1_sr/CA1srsus_CA1srres/protein_group_audits/collapsed_gene_input.csv",181,"R/enrichment/enrichment_io.R:500 read_csv_contract",TRUE,"declared_root_unmounted","S:/Lab_Member/Tobi/Experiments/Exp9_Social-Stress/Analysis/proteomics/data/processed/04_differential_expression_enrichment/clusterProfiler/neuron_neuropil/phenotype_within_unit/CA1_sr/CA1srsus_CA1srres/protein_group_audits/collapsed_gene_input.csv",247,"present",TRUE,1366665,FALSE,"runtime-required and the rebased path is directly usable"
"neuron_neuropil","data/processed/04_differential_expression_enrichment/clusterProfiler/neuron_neuropil/clusterProfiler_manifest.csv","collapsed_gene_input_file","runtime_required","CA2slmres_CA2slmcon|GSEA_GO|BP",19,"success_with_terms","P://data/processed/04_differential_expression_enrichment/clusterProfiler/neuron_neuropil/phenotype_within_unit/CA2_slm/CA2slmres_CA2slmcon/protein_group_audits/collapsed_gene_input.csv",184,"R/enrichment/enrichment_io.R:500 read_csv_contract",TRUE,"declared_root_unmounted","S:/Lab_Member/Tobi/Experiments/Exp9_Social-Stress/Analysis/proteomics/data/processed/04_differential_expression_enrichment/clusterProfiler/neuron_neuropil/phenotype_within_unit/CA2_slm/CA2slmres_CA2slmcon/protein_group_audits/collapsed_gene_input.csv",250,"present",TRUE,1361414,FALSE,"runtime-required and the rebased path is directly usable"
"neuron_neuropil","data/processed/04_differential_expression_enrichment/clusterProfiler/neuron_neuropil/clusterProfiler_manifest.csv","collapsed_gene_input_file","runtime_required","CA2slmres_CA2slmcon|GSEA_KEGG|KEGG",20,"success_with_terms","P://data/processed/04_differential_expression_enrichment/clusterProfiler/neuron_neuropil/phenotype_within_unit/CA2_slm/CA2slmres_CA2slmcon/protein_group_audits/collapsed_gene_input.csv",184,"R/enrichment/enrichment_io.R:500 read_csv_contract",TRUE,"declared_root_unmounted","S:/Lab_Member/Tobi/Experiments/Exp9_Social-Stress/Analysis/proteomics/data/processed/04_differential_expression_enrichment/clusterProfiler/neuron_neuropil/phenotype_within_unit/CA2_slm/CA2slmres_CA2slmcon/protein_group_audits/collapsed_gene_input.csv",250,"present",TRUE,1361414,FALSE,"runtime-required and the rebased path is directly usable"
"neuron_neuropil","data/processed/04_differential_expression_enrichment/clusterProfiler/neuron_neuropil/clusterProfiler_manifest.csv","collapsed_gene_input_file","runtime_required","CA2slmsus_CA2slmcon|GSEA_GO|BP",21,"success_with_terms","P://data/processed/04_differential_expression_enrichment/clusterProfiler/neuron_neuropil/phenotype_within_unit/CA2_slm/CA2slmsus_CA2slmcon/protein_group_audits/collapsed_gene_input.csv",184,"R/enrichment/enrichment_io.R:500 read_csv_contract",TRUE,"declared_root_unmounted","S:/Lab_Member/Tobi/Experiments/Exp9_Social-Stress/Analysis/proteomics/data/processed/04_differential_expression_enrichment/clusterProfiler/neuron_neuropil/phenotype_within_unit/CA2_slm/CA2slmsus_CA2slmcon/protein_group_audits/collapsed_gene_input.csv",250,"present",TRUE,1366901,FALSE,"runtime-required and the rebased path is directly usable"
"neuron_neuropil","data/processed/04_differential_expression_enrichment/clusterProfiler/neuron_neuropil/clusterProfiler_manifest.csv","collapsed_gene_input_file","runtime_required","CA2slmsus_CA2slmcon|GSEA_KEGG|KEGG",22,"success_with_terms","P://data/processed/04_differential_expression_enrichment/clusterProfiler/neuron_neuropil/phenotype_within_unit/CA2_slm/CA2slmsus_CA2slmcon/protein_group_audits/collapsed_gene_input.csv",184,"R/enrichment/enrichment_io.R:500 read_csv_contract",TRUE,"declared_root_unmounted","S:/Lab_Member/Tobi/Experiments/Exp9_Social-Stress/Analysis/proteomics/data/processed/04_differential_expression_enrichment/clusterProfiler/neuron_neuropil/phenotype_within_unit/CA2_slm/CA2slmsus_CA2slmcon/protein_group_audits/collapsed_gene_input.csv",250,"present",TRUE,1366901,FALSE,"runtime-required and the rebased path is directly usable"
"neuron_neuropil","data/processed/04_differential_expression_enrichment/clusterProfiler/neuron_neuropil/clusterProfiler_manifest.csv","collapsed_gene_input_file","runtime_required","CA2slmsus_CA2slmres|GSEA_GO|BP",23,"success_with_terms","P://data/processed/04_differential_expression_enrichment/clusterProfiler/neuron_neuropil/phenotype_within_unit/CA2_slm/CA2slmsus_CA2slmres/protein_group_audits/collapsed_gene_input.csv",184,"R/enrichment/enrichment_io.R:500 read_csv_contract",TRUE,"declared_root_unmounted","S:/Lab_Member/Tobi/Experiments/Exp9_Social-Stress/Analysis/proteomics/data/processed/04_differential_expression_enrichment/clusterProfiler/neuron_neuropil/phenotype_within_unit/CA2_slm/CA2slmsus_CA2slmres/protein_group_audits/collapsed_gene_input.csv",250,"present",TRUE,1367079,FALSE,"runtime-required and the rebased path is directly usable"
"neuron_neuropil","data/processed/04_differential_expression_enrichment/clusterProfiler/neuron_neuropil/clusterProfiler_manifest.csv","collapsed_gene_input_file","runtime_required","CA2slmsus_CA2slmres|GSEA_KEGG|KEGG",24,"success_with_terms","P://data/processed/04_differential_expression_enrichment/clusterProfiler/neuron_neuropil/phenotype_within_unit/CA2_slm/CA2slmsus_CA2slmres/protein_group_audits/collapsed_gene_input.csv",184,"R/enrichment/enrichment_io.R:500 read_csv_contract",TRUE,"declared_root_unmounted","S:/Lab_Member/Tobi/Experiments/Exp9_Social-Stress/Analysis/proteomics/data/processed/04_differential_expression_enrichment/clusterProfiler/neuron_neuropil/phenotype_within_unit/CA2_slm/CA2slmsus_CA2slmres/protein_group_audits/collapsed_gene_input.csv",250,"present",TRUE,1367079,FALSE,"runtime-required and the rebased path is directly usable"
"neuron_neuropil","data/processed/04_differential_expression_enrichment/clusterProfiler/neuron_neuropil/clusterProfiler_manifest.csv","collapsed_gene_input_file","runtime_required","CA2sores_CA2socon|GSEA_GO|BP",25,"success_with_terms","P://data/processed/04_differential_expression_enrichment/clusterProfiler/neuron_neuropil/phenotype_within_unit/CA2_so/CA2sores_CA2socon/protein_group_audits/collapsed_gene_input.csv",181,"R/enrichment/enrichment_io.R:500 read_csv_contract",TRUE,"declared_root_unmounted","S:/Lab_Member/Tobi/Experiments/Exp9_Social-Stress/Analysis/proteomics/data/processed/04_differential_expression_enrichment/clusterProfiler/neuron_neuropil/phenotype_within_unit/CA2_so/CA2sores_CA2socon/protein_group_audits/collapsed_gene_input.csv",247,"present",TRUE,1366857,FALSE,"runtime-required and the rebased path is directly usable"
"neuron_neuropil","data/processed/04_differential_expression_enrichment/clusterProfiler/neuron_neuropil/clusterProfiler_manifest.csv","collapsed_gene_input_file","runtime_required","CA2sores_CA2socon|GSEA_KEGG|KEGG",26,"success_with_terms","P://data/processed/04_differential_expression_enrichment/clusterProfiler/neuron_neuropil/phenotype_within_unit/CA2_so/CA2sores_CA2socon/protein_group_audits/collapsed_gene_input.csv",181,"R/enrichment/enrichment_io.R:500 read_csv_contract",TRUE,"declared_root_unmounted","S:/Lab_Member/Tobi/Experiments/Exp9_Social-Stress/Analysis/proteomics/data/processed/04_differential_expression_enrichment/clusterProfiler/neuron_neuropil/phenotype_within_unit/CA2_so/CA2sores_CA2socon/protein_group_audits/collapsed_gene_input.csv",247,"present",TRUE,1366857,FALSE,"runtime-required and the rebased path is directly usable"
"neuron_neuropil","data/processed/04_differential_expression_enrichment/clusterProfiler/neuron_neuropil/clusterProfiler_manifest.csv","collapsed_gene_input_file","runtime_required","CA2sosus_CA2socon|GSEA_GO|BP",27,"success_with_terms","P://data/processed/04_differential_expression_enrichment/clusterProfiler/neuron_neuropil/phenotype_within_unit/CA2_so/CA2sosus_CA2socon/protein_group_audits/collapsed_gene_input.csv",181,"R/enrichment/enrichment_io.R:500 read_csv_contract",TRUE,"declared_root_unmounted","S:/Lab_Member/Tobi/Experiments/Exp9_Social-Stress/Analysis/proteomics/data/processed/04_differential_expression_enrichment/clusterProfiler/neuron_neuropil/phenotype_within_unit/CA2_so/CA2sosus_CA2socon/protein_group_audits/collapsed_gene_input.csv",247,"present",TRUE,1367229,FALSE,"runtime-required and the rebased path is directly usable"
"neuron_neuropil","data/processed/04_differential_expression_enrichment/clusterProfiler/neuron_neuropil/clusterProfiler_manifest.csv","collapsed_gene_input_file","runtime_required","CA2sosus_CA2socon|GSEA_KEGG|KEGG",28,"success_with_terms","P://data/processed/04_differential_expression_enrichment/clusterProfiler/neuron_neuropil/phenotype_within_unit/CA2_so/CA2sosus_CA2socon/protein_group_audits/collapsed_gene_input.csv",181,"R/enrichment/enrichment_io.R:500 read_csv_contract",TRUE,"declared_root_unmounted","S:/Lab_Member/Tobi/Experiments/Exp9_Social-Stress/Analysis/proteomics/data/processed/04_differential_expression_enrichment/clusterProfiler/neuron_neuropil/phenotype_within_unit/CA2_so/CA2sosus_CA2socon/protein_group_audits/collapsed_gene_input.csv",247,"present",TRUE,1367229,FALSE,"runtime-required and the rebased path is directly usable"
"neuron_neuropil","data/processed/04_differential_expression_enrichment/clusterProfiler/neuron_neuropil/clusterProfiler_manifest.csv","collapsed_gene_input_file","runtime_required","CA2sosus_CA2sores|GSEA_GO|BP",29,"success_with_terms","P://data/processed/04_differential_expression_enrichment/clusterProfiler/neuron_neuropil/phenotype_within_unit/CA2_so/CA2sosus_CA2sores/protein_group_audits/collapsed_gene_input.csv",181,"R/enrichment/enrichment_io.R:500 read_csv_contract",TRUE,"declared_root_unmounted","S:/Lab_Member/Tobi/Experiments/Exp9_Social-Stress/Analysis/proteomics/data/processed/04_differential_expression_enrichment/clusterProfiler/neuron_neuropil/phenotype_within_unit/CA2_so/CA2sosus_CA2sores/protein_group_audits/collapsed_gene_input.csv",247,"present",TRUE,1359523,FALSE,"runtime-required and the rebased path is directly usable"
"neuron_neuropil","data/processed/04_differential_expression_enrichment/clusterProfiler/neuron_neuropil/clusterProfiler_manifest.csv","collapsed_gene_input_file","runtime_required","CA2sosus_CA2sores|GSEA_KEGG|KEGG",30,"success_with_terms","P://data/processed/04_differential_expression_enrichment/clusterProfiler/neuron_neuropil/phenotype_within_unit/CA2_so/CA2sosus_CA2sores/protein_group_audits/collapsed_gene_input.csv",181,"R/enrichment/enrichment_io.R:500 read_csv_contract",TRUE,"declared_root_unmounted","S:/Lab_Member/Tobi/Experiments/Exp9_Social-Stress/Analysis/proteomics/data/processed/04_differential_expression_enrichment/clusterProfiler/neuron_neuropil/phenotype_within_unit/CA2_so/CA2sosus_CA2sores/protein_group_audits/collapsed_gene_input.csv",247,"present",TRUE,1359523,FALSE,"runtime-required and the rebased path is directly usable"
"neuron_neuropil","data/processed/04_differential_expression_enrichment/clusterProfiler/neuron_neuropil/clusterProfiler_manifest.csv","collapsed_gene_input_file","runtime_required","CA2srres_CA2srcon|GSEA_GO|BP",31,"success_with_terms","P://data/processed/04_differential_expression_enrichment/clusterProfiler/neuron_neuropil/phenotype_within_unit/CA2_sr/CA2srres_CA2srcon/protein_group_audits/collapsed_gene_input.csv",181,"R/enrichment/enrichment_io.R:500 read_csv_contract",TRUE,"declared_root_unmounted","S:/Lab_Member/Tobi/Experiments/Exp9_Social-Stress/Analysis/proteomics/data/processed/04_differential_expression_enrichment/clusterProfiler/neuron_neuropil/phenotype_within_unit/CA2_sr/CA2srres_CA2srcon/protein_group_audits/collapsed_gene_input.csv",247,"present",TRUE,1362579,FALSE,"runtime-required and the rebased path is directly usable"
"neuron_neuropil","data/processed/04_differential_expression_enrichment/clusterProfiler/neuron_neuropil/clusterProfiler_manifest.csv","collapsed_gene_input_file","runtime_required","CA2srres_CA2srcon|GSEA_KEGG|KEGG",32,"success_with_terms","P://data/processed/04_differential_expression_enrichment/clusterProfiler/neuron_neuropil/phenotype_within_unit/CA2_sr/CA2srres_CA2srcon/protein_group_audits/collapsed_gene_input.csv",181,"R/enrichment/enrichment_io.R:500 read_csv_contract",TRUE,"declared_root_unmounted","S:/Lab_Member/Tobi/Experiments/Exp9_Social-Stress/Analysis/proteomics/data/processed/04_differential_expression_enrichment/clusterProfiler/neuron_neuropil/phenotype_within_unit/CA2_sr/CA2srres_CA2srcon/protein_group_audits/collapsed_gene_input.csv",247,"present",TRUE,1362579,FALSE,"runtime-required and the rebased path is directly usable"
"neuron_neuropil","data/processed/04_differential_expression_enrichment/clusterProfiler/neuron_neuropil/clusterProfiler_manifest.csv","collapsed_gene_input_file","runtime_required","CA2srsus_CA2srcon|GSEA_GO|BP",33,"success_with_terms","P://data/processed/04_differential_expression_enrichment/clusterProfiler/neuron_neuropil/phenotype_within_unit/CA2_sr/CA2srsus_CA2srcon/protein_group_audits/collapsed_gene_input.csv",181,"R/enrichment/enrichment_io.R:500 read_csv_contract",TRUE,"declared_root_unmounted","S:/Lab_Member/Tobi/Experiments/Exp9_Social-Stress/Analysis/proteomics/data/processed/04_differential_expression_enrichment/clusterProfiler/neuron_neuropil/phenotype_within_unit/CA2_sr/CA2srsus_CA2srcon/protein_group_audits/collapsed_gene_input.csv",247,"present",TRUE,1364473,FALSE,"runtime-required and the rebased path is directly usable"
"neuron_neuropil","data/processed/04_differential_expression_enrichment/clusterProfiler/neuron_neuropil/clusterProfiler_manifest.csv","collapsed_gene_input_file","runtime_required","CA2srsus_CA2srcon|GSEA_KEGG|KEGG",34,"success_with_terms","P://data/processed/04_differential_expression_enrichment/clusterProfiler/neuron_neuropil/phenotype_within_unit/CA2_sr/CA2srsus_CA2srcon/protein_group_audits/collapsed_gene_input.csv",181,"R/enrichment/enrichment_io.R:500 read_csv_contract",TRUE,"declared_root_unmounted","S:/Lab_Member/Tobi/Experiments/Exp9_Social-Stress/Analysis/proteomics/data/processed/04_differential_expression_enrichment/clusterProfiler/neuron_neuropil/phenotype_within_unit/CA2_sr/CA2srsus_CA2srcon/protein_group_audits/collapsed_gene_input.csv",247,"present",TRUE,1364473,FALSE,"runtime-required and the rebased path is directly usable"
"neuron_neuropil","data/processed/04_differential_expression_enrichment/clusterProfiler/neuron_neuropil/clusterProfiler_manifest.csv","collapsed_gene_input_file","runtime_required","CA2srsus_CA2srres|GSEA_GO|BP",35,"success_with_terms","P://data/processed/04_differential_expression_enrichment/clusterProfiler/neuron_neuropil/phenotype_within_unit/CA2_sr/CA2srsus_CA2srres/protein_group_audits/collapsed_gene_input.csv",181,"R/enrichment/enrichment_io.R:500 read_csv_contract",TRUE,"declared_root_unmounted","S:/Lab_Member/Tobi/Experiments/Exp9_Social-Stress/Analysis/proteomics/data/processed/04_differential_expression_enrichment/clusterProfiler/neuron_neuropil/phenotype_within_unit/CA2_sr/CA2srsus_CA2srres/protein_group_audits/collapsed_gene_input.csv",247,"present",TRUE,1363957,FALSE,"runtime-required and the rebased path is directly usable"
"neuron_neuropil","data/processed/04_differential_expression_enrichment/clusterProfiler/neuron_neuropil/clusterProfiler_manifest.csv","collapsed_gene_input_file","runtime_required","CA2srsus_CA2srres|GSEA_KEGG|KEGG",36,"success_with_terms","P://data/processed/04_differential_expression_enrichment/clusterProfiler/neuron_neuropil/phenotype_within_unit/CA2_sr/CA2srsus_CA2srres/protein_group_audits/collapsed_gene_input.csv",181,"R/enrichment/enrichment_io.R:500 read_csv_contract",TRUE,"declared_root_unmounted","S:/Lab_Member/Tobi/Experiments/Exp9_Social-Stress/Analysis/proteomics/data/processed/04_differential_expression_enrichment/clusterProfiler/neuron_neuropil/phenotype_within_unit/CA2_sr/CA2srsus_CA2srres/protein_group_audits/collapsed_gene_input.csv",247,"present",TRUE,1363957,FALSE,"runtime-required and the rebased path is directly usable"
"neuron_neuropil","data/processed/04_differential_expression_enrichment/clusterProfiler/neuron_neuropil/clusterProfiler_manifest.csv","collapsed_gene_input_file","runtime_required","CA3sores_CA3socon|GSEA_GO|BP",37,"success_with_terms","P://data/processed/04_differential_expression_enrichment/clusterProfiler/neuron_neuropil/phenotype_within_unit/CA3_so/CA3sores_CA3socon/protein_group_audits/collapsed_gene_input.csv",181,"R/enrichment/enrichment_io.R:500 read_csv_contract",TRUE,"declared_root_unmounted","S:/Lab_Member/Tobi/Experiments/Exp9_Social-Stress/Analysis/proteomics/data/processed/04_differential_expression_enrichment/clusterProfiler/neuron_neuropil/phenotype_within_unit/CA3_so/CA3sores_CA3socon/protein_group_audits/collapsed_gene_input.csv",247,"present",TRUE,1359999,FALSE,"runtime-required and the rebased path is directly usable"
"neuron_neuropil","data/processed/04_differential_expression_enrichment/clusterProfiler/neuron_neuropil/clusterProfiler_manifest.csv","collapsed_gene_input_file","runtime_required","CA3sores_CA3socon|GSEA_KEGG|KEGG",38,"success_with_terms","P://data/processed/04_differential_expression_enrichment/clusterProfiler/neuron_neuropil/phenotype_within_unit/CA3_so/CA3sores_CA3socon/protein_group_audits/collapsed_gene_input.csv",181,"R/enrichment/enrichment_io.R:500 read_csv_contract",TRUE,"declared_root_unmounted","S:/Lab_Member/Tobi/Experiments/Exp9_Social-Stress/Analysis/proteomics/data/processed/04_differential_expression_enrichment/clusterProfiler/neuron_neuropil/phenotype_within_unit/CA3_so/CA3sores_CA3socon/protein_group_audits/collapsed_gene_input.csv",247,"present",TRUE,1359999,FALSE,"runtime-required and the rebased path is directly usable"
"neuron_neuropil","data/processed/04_differential_expression_enrichment/clusterProfiler/neuron_neuropil/clusterProfiler_manifest.csv","collapsed_gene_input_file","runtime_required","CA3sosus_CA3socon|GSEA_GO|BP",39,"success_with_terms","P://data/processed/04_differential_expression_enrichment/clusterProfiler/neuron_neuropil/phenotype_within_unit/CA3_so/CA3sosus_CA3socon/protein_group_audits/collapsed_gene_input.csv",181,"R/enrichment/enrichment_io.R:500 read_csv_contract",TRUE,"declared_root_unmounted","S:/Lab_Member/Tobi/Experiments/Exp9_Social-Stress/Analysis/proteomics/data/processed/04_differential_expression_enrichment/clusterProfiler/neuron_neuropil/phenotype_within_unit/CA3_so/CA3sosus_CA3socon/protein_group_audits/collapsed_gene_input.csv",247,"present",TRUE,1369518,FALSE,"runtime-required and the rebased path is directly usable"
"neuron_neuropil","data/processed/04_differential_expression_enrichment/clusterProfiler/neuron_neuropil/clusterProfiler_manifest.csv","collapsed_gene_input_file","runtime_required","CA3sosus_CA3socon|GSEA_KEGG|KEGG",40,"success_with_terms","P://data/processed/04_differential_expression_enrichment/clusterProfiler/neuron_neuropil/phenotype_within_unit/CA3_so/CA3sosus_CA3socon/protein_group_audits/collapsed_gene_input.csv",181,"R/enrichment/enrichment_io.R:500 read_csv_contract",TRUE,"declared_root_unmounted","S:/Lab_Member/Tobi/Experiments/Exp9_Social-Stress/Analysis/proteomics/data/processed/04_differential_expression_enrichment/clusterProfiler/neuron_neuropil/phenotype_within_unit/CA3_so/CA3sosus_CA3socon/protein_group_audits/collapsed_gene_input.csv",247,"present",TRUE,1369518,FALSE,"runtime-required and the rebased path is directly usable"
"neuron_neuropil","data/processed/04_differential_expression_enrichment/clusterProfiler/neuron_neuropil/clusterProfiler_manifest.csv","collapsed_gene_input_file","runtime_required","CA3sosus_CA3sores|GSEA_GO|BP",41,"success_with_terms","P://data/processed/04_differential_expression_enrichment/clusterProfiler/neuron_neuropil/phenotype_within_unit/CA3_so/CA3sosus_CA3sores/protein_group_audits/collapsed_gene_input.csv",181,"R/enrichment/enrichment_io.R:500 read_csv_contract",TRUE,"declared_root_unmounted","S:/Lab_Member/Tobi/Experiments/Exp9_Social-Stress/Analysis/proteomics/data/processed/04_differential_expression_enrichment/clusterProfiler/neuron_neuropil/phenotype_within_unit/CA3_so/CA3sosus_CA3sores/protein_group_audits/collapsed_gene_input.csv",247,"present",TRUE,1368303,FALSE,"runtime-required and the rebased path is directly usable"
"neuron_neuropil","data/processed/04_differential_expression_enrichment/clusterProfiler/neuron_neuropil/clusterProfiler_manifest.csv","collapsed_gene_input_file","runtime_required","CA3sosus_CA3sores|GSEA_KEGG|KEGG",42,"success_with_terms","P://data/processed/04_differential_expression_enrichment/clusterProfiler/neuron_neuropil/phenotype_within_unit/CA3_so/CA3sosus_CA3sores/protein_group_audits/collapsed_gene_input.csv",181,"R/enrichment/enrichment_io.R:500 read_csv_contract",TRUE,"declared_root_unmounted","S:/Lab_Member/Tobi/Experiments/Exp9_Social-Stress/Analysis/proteomics/data/processed/04_differential_expression_enrichment/clusterProfiler/neuron_neuropil/phenotype_within_unit/CA3_so/CA3sosus_CA3sores/protein_group_audits/collapsed_gene_input.csv",247,"present",TRUE,1368303,FALSE,"runtime-required and the rebased path is directly usable"
"neuron_neuropil","data/processed/04_differential_expression_enrichment/clusterProfiler/neuron_neuropil/clusterProfiler_manifest.csv","collapsed_gene_input_file","runtime_required","CA3srres_CA3srcon|GSEA_GO|BP",43,"success_with_terms","P://data/processed/04_differential_expression_enrichment/clusterProfiler/neuron_neuropil/phenotype_within_unit/CA3_sr/CA3srres_CA3srcon/protein_group_audits/collapsed_gene_input.csv",181,"R/enrichment/enrichment_io.R:500 read_csv_contract",TRUE,"declared_root_unmounted","S:/Lab_Member/Tobi/Experiments/Exp9_Social-Stress/Analysis/proteomics/data/processed/04_differential_expression_enrichment/clusterProfiler/neuron_neuropil/phenotype_within_unit/CA3_sr/CA3srres_CA3srcon/protein_group_audits/collapsed_gene_input.csv",247,"present",TRUE,1363532,FALSE,"runtime-required and the rebased path is directly usable"
"neuron_neuropil","data/processed/04_differential_expression_enrichment/clusterProfiler/neuron_neuropil/clusterProfiler_manifest.csv","collapsed_gene_input_file","runtime_required","CA3srres_CA3srcon|GSEA_KEGG|KEGG",44,"success_with_terms","P://data/processed/04_differential_expression_enrichment/clusterProfiler/neuron_neuropil/phenotype_within_unit/CA3_sr/CA3srres_CA3srcon/protein_group_audits/collapsed_gene_input.csv",181,"R/enrichment/enrichment_io.R:500 read_csv_contract",TRUE,"declared_root_unmounted","S:/Lab_Member/Tobi/Experiments/Exp9_Social-Stress/Analysis/proteomics/data/processed/04_differential_expression_enrichment/clusterProfiler/neuron_neuropil/phenotype_within_unit/CA3_sr/CA3srres_CA3srcon/protein_group_audits/collapsed_gene_input.csv",247,"present",TRUE,1363532,FALSE,"runtime-required and the rebased path is directly usable"
"neuron_neuropil","data/processed/04_differential_expression_enrichment/clusterProfiler/neuron_neuropil/clusterProfiler_manifest.csv","collapsed_gene_input_file","runtime_required","CA3srsus_CA3srcon|GSEA_GO|BP",45,"success_with_terms","P://data/processed/04_differential_expression_enrichment/clusterProfiler/neuron_neuropil/phenotype_within_unit/CA3_sr/CA3srsus_CA3srcon/protein_group_audits/collapsed_gene_input.csv",181,"R/enrichment/enrichment_io.R:500 read_csv_contract",TRUE,"declared_root_unmounted","S:/Lab_Member/Tobi/Experiments/Exp9_Social-Stress/Analysis/proteomics/data/processed/04_differential_expression_enrichment/clusterProfiler/neuron_neuropil/phenotype_within_unit/CA3_sr/CA3srsus_CA3srcon/protein_group_audits/collapsed_gene_input.csv",247,"present",TRUE,1369514,FALSE,"runtime-required and the rebased path is directly usable"
"neuron_neuropil","data/processed/04_differential_expression_enrichment/clusterProfiler/neuron_neuropil/clusterProfiler_manifest.csv","collapsed_gene_input_file","runtime_required","CA3srsus_CA3srcon|GSEA_KEGG|KEGG",46,"success_with_terms","P://data/processed/04_differential_expression_enrichment/clusterProfiler/neuron_neuropil/phenotype_within_unit/CA3_sr/CA3srsus_CA3srcon/protein_group_audits/collapsed_gene_input.csv",181,"R/enrichment/enrichment_io.R:500 read_csv_contract",TRUE,"declared_root_unmounted","S:/Lab_Member/Tobi/Experiments/Exp9_Social-Stress/Analysis/proteomics/data/processed/04_differential_expression_enrichment/clusterProfiler/neuron_neuropil/phenotype_within_unit/CA3_sr/CA3srsus_CA3srcon/protein_group_audits/collapsed_gene_input.csv",247,"present",TRUE,1369514,FALSE,"runtime-required and the rebased path is directly usable"
"neuron_neuropil","data/processed/04_differential_expression_enrichment/clusterProfiler/neuron_neuropil/clusterProfiler_manifest.csv","collapsed_gene_input_file","runtime_required","CA3srsus_CA3srres|GSEA_GO|BP",47,"success_with_terms","P://data/processed/04_differential_expression_enrichment/clusterProfiler/neuron_neuropil/phenotype_within_unit/CA3_sr/CA3srsus_CA3srres/protein_group_audits/collapsed_gene_input.csv",181,"R/enrichment/enrichment_io.R:500 read_csv_contract",TRUE,"declared_root_unmounted","S:/Lab_Member/Tobi/Experiments/Exp9_Social-Stress/Analysis/proteomics/data/processed/04_differential_expression_enrichment/clusterProfiler/neuron_neuropil/phenotype_within_unit/CA3_sr/CA3srsus_CA3srres/protein_group_audits/collapsed_gene_input.csv",247,"present",TRUE,1367450,FALSE,"runtime-required and the rebased path is directly usable"
"neuron_neuropil","data/processed/04_differential_expression_enrichment/clusterProfiler/neuron_neuropil/clusterProfiler_manifest.csv","collapsed_gene_input_file","runtime_required","CA3srsus_CA3srres|GSEA_KEGG|KEGG",48,"success_with_terms","P://data/processed/04_differential_expression_enrichment/clusterProfiler/neuron_neuropil/phenotype_within_unit/CA3_sr/CA3srsus_CA3srres/protein_group_audits/collapsed_gene_input.csv",181,"R/enrichment/enrichment_io.R:500 read_csv_contract",TRUE,"declared_root_unmounted","S:/Lab_Member/Tobi/Experiments/Exp9_Social-Stress/Analysis/proteomics/data/processed/04_differential_expression_enrichment/clusterProfiler/neuron_neuropil/phenotype_within_unit/CA3_sr/CA3srsus_CA3srres/protein_group_audits/collapsed_gene_input.csv",247,"present",TRUE,1367450,FALSE,"runtime-required and the rebased path is directly usable"
"neuron_neuropil","data/processed/04_differential_expression_enrichment/clusterProfiler/neuron_neuropil/clusterProfiler_manifest.csv","collapsed_gene_input_file","runtime_required","DGmores_DGmocon|GSEA_GO|BP",49,"success_with_terms","P://data/processed/04_differential_expression_enrichment/clusterProfiler/neuron_neuropil/phenotype_within_unit/DG_mo/DGmores_DGmocon/protein_group_audits/collapsed_gene_input.csv",178,"R/enrichment/enrichment_io.R:500 read_csv_contract",TRUE,"declared_root_unmounted","S:/Lab_Member/Tobi/Experiments/Exp9_Social-Stress/Analysis/proteomics/data/processed/04_differential_expression_enrichment/clusterProfiler/neuron_neuropil/phenotype_within_unit/DG_mo/DGmores_DGmocon/protein_group_audits/collapsed_gene_input.csv",244,"present",TRUE,1362200,FALSE,"runtime-required and the rebased path is directly usable"
"neuron_neuropil","data/processed/04_differential_expression_enrichment/clusterProfiler/neuron_neuropil/clusterProfiler_manifest.csv","collapsed_gene_input_file","runtime_required","DGmores_DGmocon|GSEA_KEGG|KEGG",50,"success_with_terms","P://data/processed/04_differential_expression_enrichment/clusterProfiler/neuron_neuropil/phenotype_within_unit/DG_mo/DGmores_DGmocon/protein_group_audits/collapsed_gene_input.csv",178,"R/enrichment/enrichment_io.R:500 read_csv_contract",TRUE,"declared_root_unmounted","S:/Lab_Member/Tobi/Experiments/Exp9_Social-Stress/Analysis/proteomics/data/processed/04_differential_expression_enrichment/clusterProfiler/neuron_neuropil/phenotype_within_unit/DG_mo/DGmores_DGmocon/protein_group_audits/collapsed_gene_input.csv",244,"present",TRUE,1362200,FALSE,"runtime-required and the rebased path is directly usable"
"neuron_neuropil","data/processed/04_differential_expression_enrichment/clusterProfiler/neuron_neuropil/clusterProfiler_manifest.csv","collapsed_gene_input_file","runtime_required","DGmosus_DGmocon|GSEA_GO|BP",51,"success_with_terms","P://data/processed/04_differential_expression_enrichment/clusterProfiler/neuron_neuropil/phenotype_within_unit/DG_mo/DGmosus_DGmocon/protein_group_audits/collapsed_gene_input.csv",178,"R/enrichment/enrichment_io.R:500 read_csv_contract",TRUE,"declared_root_unmounted","S:/Lab_Member/Tobi/Experiments/Exp9_Social-Stress/Analysis/proteomics/data/processed/04_differential_expression_enrichment/clusterProfiler/neuron_neuropil/phenotype_within_unit/DG_mo/DGmosus_DGmocon/protein_group_audits/collapsed_gene_input.csv",244,"present",TRUE,1368634,FALSE,"runtime-required and the rebased path is directly usable"
"neuron_neuropil","data/processed/04_differential_expression_enrichment/clusterProfiler/neuron_neuropil/clusterProfiler_manifest.csv","collapsed_gene_input_file","runtime_required","DGmosus_DGmocon|GSEA_KEGG|KEGG",52,"success_with_terms","P://data/processed/04_differential_expression_enrichment/clusterProfiler/neuron_neuropil/phenotype_within_unit/DG_mo/DGmosus_DGmocon/protein_group_audits/collapsed_gene_input.csv",178,"R/enrichment/enrichment_io.R:500 read_csv_contract",TRUE,"declared_root_unmounted","S:/Lab_Member/Tobi/Experiments/Exp9_Social-Stress/Analysis/proteomics/data/processed/04_differential_expression_enrichment/clusterProfiler/neuron_neuropil/phenotype_within_unit/DG_mo/DGmosus_DGmocon/protein_group_audits/collapsed_gene_input.csv",244,"present",TRUE,1368634,FALSE,"runtime-required and the rebased path is directly usable"
"neuron_neuropil","data/processed/04_differential_expression_enrichment/clusterProfiler/neuron_neuropil/clusterProfiler_manifest.csv","collapsed_gene_input_file","runtime_required","DGmosus_DGmores|GSEA_GO|BP",53,"success_with_terms","P://data/processed/04_differential_expression_enrichment/clusterProfiler/neuron_neuropil/phenotype_within_unit/DG_mo/DGmosus_DGmores/protein_group_audits/collapsed_gene_input.csv",178,"R/enrichment/enrichment_io.R:500 read_csv_contract",TRUE,"declared_root_unmounted","S:/Lab_Member/Tobi/Experiments/Exp9_Social-Stress/Analysis/proteomics/data/processed/04_differential_expression_enrichment/clusterProfiler/neuron_neuropil/phenotype_within_unit/DG_mo/DGmosus_DGmores/protein_group_audits/collapsed_gene_input.csv",244,"present",TRUE,1362800,FALSE,"runtime-required and the rebased path is directly usable"
"neuron_neuropil","data/processed/04_differential_expression_enrichment/clusterProfiler/neuron_neuropil/clusterProfiler_manifest.csv","collapsed_gene_input_file","runtime_required","DGmosus_DGmores|GSEA_KEGG|KEGG",54,"success_with_terms","P://data/processed/04_differential_expression_enrichment/clusterProfiler/neuron_neuropil/phenotype_within_unit/DG_mo/DGmosus_DGmores/protein_group_audits/collapsed_gene_input.csv",178,"R/enrichment/enrichment_io.R:500 read_csv_contract",TRUE,"declared_root_unmounted","S:/Lab_Member/Tobi/Experiments/Exp9_Social-Stress/Analysis/proteomics/data/processed/04_differential_expression_enrichment/clusterProfiler/neuron_neuropil/phenotype_within_unit/DG_mo/DGmosus_DGmores/protein_group_audits/collapsed_gene_input.csv",244,"present",TRUE,1362800,FALSE,"runtime-required and the rebased path is directly usable"
"neuron_neuropil","data/processed/04_differential_expression_enrichment/clusterProfiler/neuron_neuropil/clusterProfiler_manifest.csv","collapsed_gene_input_file","runtime_required","DGpores_DGpocon|GSEA_GO|BP",55,"success_with_terms","P://data/processed/04_differential_expression_enrichment/clusterProfiler/neuron_neuropil/phenotype_within_unit/DG_po/DGpores_DGpocon/protein_group_audits/collapsed_gene_input.csv",178,"R/enrichment/enrichment_io.R:500 read_csv_contract",TRUE,"declared_root_unmounted","S:/Lab_Member/Tobi/Experiments/Exp9_Social-Stress/Analysis/proteomics/data/processed/04_differential_expression_enrichment/clusterProfiler/neuron_neuropil/phenotype_within_unit/DG_po/DGpores_DGpocon/protein_group_audits/collapsed_gene_input.csv",244,"present",TRUE,1353064,FALSE,"runtime-required and the rebased path is directly usable"
"neuron_neuropil","data/processed/04_differential_expression_enrichment/clusterProfiler/neuron_neuropil/clusterProfiler_manifest.csv","collapsed_gene_input_file","runtime_required","DGpores_DGpocon|GSEA_KEGG|KEGG",56,"success_with_terms","P://data/processed/04_differential_expression_enrichment/clusterProfiler/neuron_neuropil/phenotype_within_unit/DG_po/DGpores_DGpocon/protein_group_audits/collapsed_gene_input.csv",178,"R/enrichment/enrichment_io.R:500 read_csv_contract",TRUE,"declared_root_unmounted","S:/Lab_Member/Tobi/Experiments/Exp9_Social-Stress/Analysis/proteomics/data/processed/04_differential_expression_enrichment/clusterProfiler/neuron_neuropil/phenotype_within_unit/DG_po/DGpores_DGpocon/protein_group_audits/collapsed_gene_input.csv",244,"present",TRUE,1353064,FALSE,"runtime-required and the rebased path is directly usable"
"neuron_neuropil","data/processed/04_differential_expression_enrichment/clusterProfiler/neuron_neuropil/clusterProfiler_manifest.csv","collapsed_gene_input_file","runtime_required","DGposus_DGpocon|GSEA_GO|BP",57,"success_with_terms","P://data/processed/04_differential_expression_enrichment/clusterProfiler/neuron_neuropil/phenotype_within_unit/DG_po/DGposus_DGpocon/protein_group_audits/collapsed_gene_input.csv",178,"R/enrichment/enrichment_io.R:500 read_csv_contract",TRUE,"declared_root_unmounted","S:/Lab_Member/Tobi/Experiments/Exp9_Social-Stress/Analysis/proteomics/data/processed/04_differential_expression_enrichment/clusterProfiler/neuron_neuropil/phenotype_within_unit/DG_po/DGposus_DGpocon/protein_group_audits/collapsed_gene_input.csv",244,"present",TRUE,1368187,FALSE,"runtime-required and the rebased path is directly usable"
"neuron_neuropil","data/processed/04_differential_expression_enrichment/clusterProfiler/neuron_neuropil/clusterProfiler_manifest.csv","collapsed_gene_input_file","runtime_required","DGposus_DGpocon|GSEA_KEGG|KEGG",58,"success_with_terms","P://data/processed/04_differential_expression_enrichment/clusterProfiler/neuron_neuropil/phenotype_within_unit/DG_po/DGposus_DGpocon/protein_group_audits/collapsed_gene_input.csv",178,"R/enrichment/enrichment_io.R:500 read_csv_contract",TRUE,"declared_root_unmounted","S:/Lab_Member/Tobi/Experiments/Exp9_Social-Stress/Analysis/proteomics/data/processed/04_differential_expression_enrichment/clusterProfiler/neuron_neuropil/phenotype_within_unit/DG_po/DGposus_DGpocon/protein_group_audits/collapsed_gene_input.csv",244,"present",TRUE,1368187,FALSE,"runtime-required and the rebased path is directly usable"
"neuron_neuropil","data/processed/04_differential_expression_enrichment/clusterProfiler/neuron_neuropil/clusterProfiler_manifest.csv","collapsed_gene_input_file","runtime_required","DGposus_DGpores|GSEA_GO|BP",59,"success_with_terms","P://data/processed/04_differential_expression_enrichment/clusterProfiler/neuron_neuropil/phenotype_within_unit/DG_po/DGposus_DGpores/protein_group_audits/collapsed_gene_input.csv",178,"R/enrichment/enrichment_io.R:500 read_csv_contract",TRUE,"declared_root_unmounted","S:/Lab_Member/Tobi/Experiments/Exp9_Social-Stress/Analysis/proteomics/data/processed/04_differential_expression_enrichment/clusterProfiler/neuron_neuropil/phenotype_within_unit/DG_po/DGposus_DGpores/protein_group_audits/collapsed_gene_input.csv",244,"present",TRUE,1367741,FALSE,"runtime-required and the rebased path is directly usable"
"neuron_neuropil","data/processed/04_differential_expression_enrichment/clusterProfiler/neuron_neuropil/clusterProfiler_manifest.csv","collapsed_gene_input_file","runtime_required","DGposus_DGpores|GSEA_KEGG|KEGG",60,"success_with_terms","P://data/processed/04_differential_expression_enrichment/clusterProfiler/neuron_neuropil/phenotype_within_unit/DG_po/DGposus_DGpores/protein_group_audits/collapsed_gene_input.csv",178,"R/enrichment/enrichment_io.R:500 read_csv_contract",TRUE,"declared_root_unmounted","S:/Lab_Member/Tobi/Experiments/Exp9_Social-Stress/Analysis/proteomics/data/processed/04_differential_expression_enrichment/clusterProfiler/neuron_neuropil/phenotype_within_unit/DG_po/DGposus_DGpores/protein_group_audits/collapsed_gene_input.csv",244,"present",TRUE,1367741,FALSE,"runtime-required and the rebased path is directly usable"
"neuron_neuropil","data/processed/04_differential_expression_enrichment/clusterProfiler/neuron_neuropil/clusterProfiler_manifest.csv","term_gene_provenance_file","runtime_required","CA1slmres_CA1slmcon|GSEA_GO|BP",1,"success_with_terms","P://data/processed/04_differential_expression_enrichment/clusterProfiler/neuron_neuropil/phenotype_within_unit/CA1_slm/CA1slmres_CA1slmcon/protein_group_audits/gsea_go_term_gene_provenance.csv",192,"R/enrichment/enrichment_io.R:625 read_csv_contract",TRUE,"declared_root_unmounted","S:/Lab_Member/Tobi/Experiments/Exp9_Social-Stress/Analysis/proteomics/data/processed/04_differential_expression_enrichment/clusterProfiler/neuron_neuropil/phenotype_within_unit/CA1_slm/CA1slmres_CA1slmcon/protein_group_audits/gsea_go_term_gene_provenance.csv",258,"present",TRUE,28133671,FALSE,"runtime-required and the rebased path is directly usable"
"neuron_neuropil","data/processed/04_differential_expression_enrichment/clusterProfiler/neuron_neuropil/clusterProfiler_manifest.csv","term_gene_provenance_file","runtime_required","CA1slmres_CA1slmcon|GSEA_KEGG|KEGG",2,"success_with_terms","P://data/processed/04_differential_expression_enrichment/clusterProfiler/neuron_neuropil/phenotype_within_unit/CA1_slm/CA1slmres_CA1slmcon/protein_group_audits/gsea_kegg_term_gene_provenance.csv",194,"R/enrichment/enrichment_io.R:625 read_csv_contract",TRUE,"declared_root_unmounted","S:/Lab_Member/Tobi/Experiments/Exp9_Social-Stress/Analysis/proteomics/data/processed/04_differential_expression_enrichment/clusterProfiler/neuron_neuropil/phenotype_within_unit/CA1_slm/CA1slmres_CA1slmcon/protein_group_audits/gsea_kegg_term_gene_provenance.csv",260,"path_over_limit",TRUE,1407807,TRUE,"runtime-required, source exists, rebased path crosses the wall: stage"
"neuron_neuropil","data/processed/04_differential_expression_enrichment/clusterProfiler/neuron_neuropil/clusterProfiler_manifest.csv","term_gene_provenance_file","runtime_required","CA1slmsus_CA1slmcon|GSEA_GO|BP",3,"success_with_terms","P://data/processed/04_differential_expression_enrichment/clusterProfiler/neuron_neuropil/phenotype_within_unit/CA1_slm/CA1slmsus_CA1slmcon/protein_group_audits/gsea_go_term_gene_provenance.csv",192,"R/enrichment/enrichment_io.R:625 read_csv_contract",TRUE,"declared_root_unmounted","S:/Lab_Member/Tobi/Experiments/Exp9_Social-Stress/Analysis/proteomics/data/processed/04_differential_expression_enrichment/clusterProfiler/neuron_neuropil/phenotype_within_unit/CA1_slm/CA1slmsus_CA1slmcon/protein_group_audits/gsea_go_term_gene_provenance.csv",258,"present",TRUE,22876007,FALSE,"runtime-required and the rebased path is directly usable"
"neuron_neuropil","data/processed/04_differential_expression_enrichment/clusterProfiler/neuron_neuropil/clusterProfiler_manifest.csv","term_gene_provenance_file","runtime_required","CA1slmsus_CA1slmcon|GSEA_KEGG|KEGG",4,"success_with_terms","P://data/processed/04_differential_expression_enrichment/clusterProfiler/neuron_neuropil/phenotype_within_unit/CA1_slm/CA1slmsus_CA1slmcon/protein_group_audits/gsea_kegg_term_gene_provenance.csv",194,"R/enrichment/enrichment_io.R:625 read_csv_contract",TRUE,"declared_root_unmounted","S:/Lab_Member/Tobi/Experiments/Exp9_Social-Stress/Analysis/proteomics/data/processed/04_differential_expression_enrichment/clusterProfiler/neuron_neuropil/phenotype_within_unit/CA1_slm/CA1slmsus_CA1slmcon/protein_group_audits/gsea_kegg_term_gene_provenance.csv",260,"path_over_limit",TRUE,1456892,TRUE,"runtime-required, source exists, rebased path crosses the wall: stage"
"neuron_neuropil","data/processed/04_differential_expression_enrichment/clusterProfiler/neuron_neuropil/clusterProfiler_manifest.csv","term_gene_provenance_file","runtime_required","CA1slmsus_CA1slmres|GSEA_GO|BP",5,"success_with_terms","P://data/processed/04_differential_expression_enrichment/clusterProfiler/neuron_neuropil/phenotype_within_unit/CA1_slm/CA1slmsus_CA1slmres/protein_group_audits/gsea_go_term_gene_provenance.csv",192,"R/enrichment/enrichment_io.R:625 read_csv_contract",TRUE,"declared_root_unmounted","S:/Lab_Member/Tobi/Experiments/Exp9_Social-Stress/Analysis/proteomics/data/processed/04_differential_expression_enrichment/clusterProfiler/neuron_neuropil/phenotype_within_unit/CA1_slm/CA1slmsus_CA1slmres/protein_group_audits/gsea_go_term_gene_provenance.csv",258,"present",TRUE,24414477,FALSE,"runtime-required and the rebased path is directly usable"
"neuron_neuropil","data/processed/04_differential_expression_enrichment/clusterProfiler/neuron_neuropil/clusterProfiler_manifest.csv","term_gene_provenance_file","runtime_required","CA1slmsus_CA1slmres|GSEA_KEGG|KEGG",6,"success_with_terms","P://data/processed/04_differential_expression_enrichment/clusterProfiler/neuron_neuropil/phenotype_within_unit/CA1_slm/CA1slmsus_CA1slmres/protein_group_audits/gsea_kegg_term_gene_provenance.csv",194,"R/enrichment/enrichment_io.R:625 read_csv_contract",TRUE,"declared_root_unmounted","S:/Lab_Member/Tobi/Experiments/Exp9_Social-Stress/Analysis/proteomics/data/processed/04_differential_expression_enrichment/clusterProfiler/neuron_neuropil/phenotype_within_unit/CA1_slm/CA1slmsus_CA1slmres/protein_group_audits/gsea_kegg_term_gene_provenance.csv",260,"path_over_limit",TRUE,1577328,TRUE,"runtime-required, source exists, rebased path crosses the wall: stage"
"neuron_neuropil","data/processed/04_differential_expression_enrichment/clusterProfiler/neuron_neuropil/clusterProfiler_manifest.csv","term_gene_provenance_file","runtime_required","CA1sores_CA1socon|GSEA_GO|BP",7,"success_with_terms","P://data/processed/04_differential_expression_enrichment/clusterProfiler/neuron_neuropil/phenotype_within_unit/CA1_so/CA1sores_CA1socon/protein_group_audits/gsea_go_term_gene_provenance.csv",189,"R/enrichment/enrichment_io.R:625 read_csv_contract",TRUE,"declared_root_unmounted","S:/Lab_Member/Tobi/Experiments/Exp9_Social-Stress/Analysis/proteomics/data/processed/04_differential_expression_enrichment/clusterProfiler/neuron_neuropil/phenotype_within_unit/CA1_so/CA1sores_CA1socon/protein_group_audits/gsea_go_term_gene_provenance.csv",255,"present",TRUE,21663059,FALSE,"runtime-required and the rebased path is directly usable"
"neuron_neuropil","data/processed/04_differential_expression_enrichment/clusterProfiler/neuron_neuropil/clusterProfiler_manifest.csv","term_gene_provenance_file","runtime_required","CA1sores_CA1socon|GSEA_KEGG|KEGG",8,"success_with_terms","P://data/processed/04_differential_expression_enrichment/clusterProfiler/neuron_neuropil/phenotype_within_unit/CA1_so/CA1sores_CA1socon/protein_group_audits/gsea_kegg_term_gene_provenance.csv",191,"R/enrichment/enrichment_io.R:625 read_csv_contract",TRUE,"declared_root_unmounted","S:/Lab_Member/Tobi/Experiments/Exp9_Social-Stress/Analysis/proteomics/data/processed/04_differential_expression_enrichment/clusterProfiler/neuron_neuropil/phenotype_within_unit/CA1_so/CA1sores_CA1socon/protein_group_audits/gsea_kegg_term_gene_provenance.csv",257,"present",TRUE,1346720,FALSE,"runtime-required and the rebased path is directly usable"
"neuron_neuropil","data/processed/04_differential_expression_enrichment/clusterProfiler/neuron_neuropil/clusterProfiler_manifest.csv","term_gene_provenance_file","runtime_required","CA1sosus_CA1socon|GSEA_GO|BP",9,"success_with_terms","P://data/processed/04_differential_expression_enrichment/clusterProfiler/neuron_neuropil/phenotype_within_unit/CA1_so/CA1sosus_CA1socon/protein_group_audits/gsea_go_term_gene_provenance.csv",189,"R/enrichment/enrichment_io.R:625 read_csv_contract",TRUE,"declared_root_unmounted","S:/Lab_Member/Tobi/Experiments/Exp9_Social-Stress/Analysis/proteomics/data/processed/04_differential_expression_enrichment/clusterProfiler/neuron_neuropil/phenotype_within_unit/CA1_so/CA1sosus_CA1socon/protein_group_audits/gsea_go_term_gene_provenance.csv",255,"present",TRUE,20897263,FALSE,"runtime-required and the rebased path is directly usable"
"neuron_neuropil","data/processed/04_differential_expression_enrichment/clusterProfiler/neuron_neuropil/clusterProfiler_manifest.csv","term_gene_provenance_file","runtime_required","CA1sosus_CA1socon|GSEA_KEGG|KEGG",10,"success_with_terms","P://data/processed/04_differential_expression_enrichment/clusterProfiler/neuron_neuropil/phenotype_within_unit/CA1_so/CA1sosus_CA1socon/protein_group_audits/gsea_kegg_term_gene_provenance.csv",191,"R/enrichment/enrichment_io.R:625 read_csv_contract",TRUE,"declared_root_unmounted","S:/Lab_Member/Tobi/Experiments/Exp9_Social-Stress/Analysis/proteomics/data/processed/04_differential_expression_enrichment/clusterProfiler/neuron_neuropil/phenotype_within_unit/CA1_so/CA1sosus_CA1socon/protein_group_audits/gsea_kegg_term_gene_provenance.csv",257,"present",TRUE,1364289,FALSE,"runtime-required and the rebased path is directly usable"
"neuron_neuropil","data/processed/04_differential_expression_enrichment/clusterProfiler/neuron_neuropil/clusterProfiler_manifest.csv","term_gene_provenance_file","runtime_required","CA1sosus_CA1sores|GSEA_GO|BP",11,"success_with_terms","P://data/processed/04_differential_expression_enrichment/clusterProfiler/neuron_neuropil/phenotype_within_unit/CA1_so/CA1sosus_CA1sores/protein_group_audits/gsea_go_term_gene_provenance.csv",189,"R/enrichment/enrichment_io.R:625 read_csv_contract",TRUE,"declared_root_unmounted","S:/Lab_Member/Tobi/Experiments/Exp9_Social-Stress/Analysis/proteomics/data/processed/04_differential_expression_enrichment/clusterProfiler/neuron_neuropil/phenotype_within_unit/CA1_so/CA1sosus_CA1sores/protein_group_audits/gsea_go_term_gene_provenance.csv",255,"present",TRUE,21049966,FALSE,"runtime-required and the rebased path is directly usable"
"neuron_neuropil","data/processed/04_differential_expression_enrichment/clusterProfiler/neuron_neuropil/clusterProfiler_manifest.csv","term_gene_provenance_file","runtime_required","CA1sosus_CA1sores|GSEA_KEGG|KEGG",12,"success_with_terms","P://data/processed/04_differential_expression_enrichment/clusterProfiler/neuron_neuropil/phenotype_within_unit/CA1_so/CA1sosus_CA1sores/protein_group_audits/gsea_kegg_term_gene_provenance.csv",191,"R/enrichment/enrichment_io.R:625 read_csv_contract",TRUE,"declared_root_unmounted","S:/Lab_Member/Tobi/Experiments/Exp9_Social-Stress/Analysis/proteomics/data/processed/04_differential_expression_enrichment/clusterProfiler/neuron_neuropil/phenotype_within_unit/CA1_so/CA1sosus_CA1sores/protein_group_audits/gsea_kegg_term_gene_provenance.csv",257,"present",TRUE,1313434,FALSE,"runtime-required and the rebased path is directly usable"
"neuron_neuropil","data/processed/04_differential_expression_enrichment/clusterProfiler/neuron_neuropil/clusterProfiler_manifest.csv","term_gene_provenance_file","runtime_required","CA1srres_CA1srcon|GSEA_GO|BP",13,"success_with_terms","P://data/processed/04_differential_expression_enrichment/clusterProfiler/neuron_neuropil/phenotype_within_unit/CA1_sr/CA1srres_CA1srcon/protein_group_audits/gsea_go_term_gene_provenance.csv",189,"R/enrichment/enrichment_io.R:625 read_csv_contract",TRUE,"declared_root_unmounted","S:/Lab_Member/Tobi/Experiments/Exp9_Social-Stress/Analysis/proteomics/data/processed/04_differential_expression_enrichment/clusterProfiler/neuron_neuropil/phenotype_within_unit/CA1_sr/CA1srres_CA1srcon/protein_group_audits/gsea_go_term_gene_provenance.csv",255,"present",TRUE,22254296,FALSE,"runtime-required and the rebased path is directly usable"
"neuron_neuropil","data/processed/04_differential_expression_enrichment/clusterProfiler/neuron_neuropil/clusterProfiler_manifest.csv","term_gene_provenance_file","runtime_required","CA1srres_CA1srcon|GSEA_KEGG|KEGG",14,"success_with_terms","P://data/processed/04_differential_expression_enrichment/clusterProfiler/neuron_neuropil/phenotype_within_unit/CA1_sr/CA1srres_CA1srcon/protein_group_audits/gsea_kegg_term_gene_provenance.csv",191,"R/enrichment/enrichment_io.R:625 read_csv_contract",TRUE,"declared_root_unmounted","S:/Lab_Member/Tobi/Experiments/Exp9_Social-Stress/Analysis/proteomics/data/processed/04_differential_expression_enrichment/clusterProfiler/neuron_neuropil/phenotype_within_unit/CA1_sr/CA1srres_CA1srcon/protein_group_audits/gsea_kegg_term_gene_provenance.csv",257,"present",TRUE,1295124,FALSE,"runtime-required and the rebased path is directly usable"
"neuron_neuropil","data/processed/04_differential_expression_enrichment/clusterProfiler/neuron_neuropil/clusterProfiler_manifest.csv","term_gene_provenance_file","runtime_required","CA1srsus_CA1srcon|GSEA_GO|BP",15,"success_with_terms","P://data/processed/04_differential_expression_enrichment/clusterProfiler/neuron_neuropil/phenotype_within_unit/CA1_sr/CA1srsus_CA1srcon/protein_group_audits/gsea_go_term_gene_provenance.csv",189,"R/enrichment/enrichment_io.R:625 read_csv_contract",TRUE,"declared_root_unmounted","S:/Lab_Member/Tobi/Experiments/Exp9_Social-Stress/Analysis/proteomics/data/processed/04_differential_expression_enrichment/clusterProfiler/neuron_neuropil/phenotype_within_unit/CA1_sr/CA1srsus_CA1srcon/protein_group_audits/gsea_go_term_gene_provenance.csv",255,"present",TRUE,22118758,FALSE,"runtime-required and the rebased path is directly usable"
"neuron_neuropil","data/processed/04_differential_expression_enrichment/clusterProfiler/neuron_neuropil/clusterProfiler_manifest.csv","term_gene_provenance_file","runtime_required","CA1srsus_CA1srcon|GSEA_KEGG|KEGG",16,"success_with_terms","P://data/processed/04_differential_expression_enrichment/clusterProfiler/neuron_neuropil/phenotype_within_unit/CA1_sr/CA1srsus_CA1srcon/protein_group_audits/gsea_kegg_term_gene_provenance.csv",191,"R/enrichment/enrichment_io.R:625 read_csv_contract",TRUE,"declared_root_unmounted","S:/Lab_Member/Tobi/Experiments/Exp9_Social-Stress/Analysis/proteomics/data/processed/04_differential_expression_enrichment/clusterProfiler/neuron_neuropil/phenotype_within_unit/CA1_sr/CA1srsus_CA1srcon/protein_group_audits/gsea_kegg_term_gene_provenance.csv",257,"present",TRUE,1508249,FALSE,"runtime-required and the rebased path is directly usable"
"neuron_neuropil","data/processed/04_differential_expression_enrichment/clusterProfiler/neuron_neuropil/clusterProfiler_manifest.csv","term_gene_provenance_file","runtime_required","CA1srsus_CA1srres|GSEA_GO|BP",17,"success_with_terms","P://data/processed/04_differential_expression_enrichment/clusterProfiler/neuron_neuropil/phenotype_within_unit/CA1_sr/CA1srsus_CA1srres/protein_group_audits/gsea_go_term_gene_provenance.csv",189,"R/enrichment/enrichment_io.R:625 read_csv_contract",TRUE,"declared_root_unmounted","S:/Lab_Member/Tobi/Experiments/Exp9_Social-Stress/Analysis/proteomics/data/processed/04_differential_expression_enrichment/clusterProfiler/neuron_neuropil/phenotype_within_unit/CA1_sr/CA1srsus_CA1srres/protein_group_audits/gsea_go_term_gene_provenance.csv",255,"present",TRUE,25253429,FALSE,"runtime-required and the rebased path is directly usable"
"neuron_neuropil","data/processed/04_differential_expression_enrichment/clusterProfiler/neuron_neuropil/clusterProfiler_manifest.csv","term_gene_provenance_file","runtime_required","CA1srsus_CA1srres|GSEA_KEGG|KEGG",18,"success_with_terms","P://data/processed/04_differential_expression_enrichment/clusterProfiler/neuron_neuropil/phenotype_within_unit/CA1_sr/CA1srsus_CA1srres/protein_group_audits/gsea_kegg_term_gene_provenance.csv",191,"R/enrichment/enrichment_io.R:625 read_csv_contract",TRUE,"declared_root_unmounted","S:/Lab_Member/Tobi/Experiments/Exp9_Social-Stress/Analysis/proteomics/data/processed/04_differential_expression_enrichment/clusterProfiler/neuron_neuropil/phenotype_within_unit/CA1_sr/CA1srsus_CA1srres/protein_group_audits/gsea_kegg_term_gene_provenance.csv",257,"present",TRUE,1433143,FALSE,"runtime-required and the rebased path is directly usable"
"neuron_neuropil","data/processed/04_differential_expression_enrichment/clusterProfiler/neuron_neuropil/clusterProfiler_manifest.csv","term_gene_provenance_file","runtime_required","CA2slmres_CA2slmcon|GSEA_GO|BP",19,"success_with_terms","P://data/processed/04_differential_expression_enrichment/clusterProfiler/neuron_neuropil/phenotype_within_unit/CA2_slm/CA2slmres_CA2slmcon/protein_group_audits/gsea_go_term_gene_provenance.csv",192,"R/enrichment/enrichment_io.R:625 read_csv_contract",TRUE,"declared_root_unmounted","S:/Lab_Member/Tobi/Experiments/Exp9_Social-Stress/Analysis/proteomics/data/processed/04_differential_expression_enrichment/clusterProfiler/neuron_neuropil/phenotype_within_unit/CA2_slm/CA2slmres_CA2slmcon/protein_group_audits/gsea_go_term_gene_provenance.csv",258,"present",TRUE,24549184,FALSE,"runtime-required and the rebased path is directly usable"
"neuron_neuropil","data/processed/04_differential_expression_enrichment/clusterProfiler/neuron_neuropil/clusterProfiler_manifest.csv","term_gene_provenance_file","runtime_required","CA2slmres_CA2slmcon|GSEA_KEGG|KEGG",20,"success_with_terms","P://data/processed/04_differential_expression_enrichment/clusterProfiler/neuron_neuropil/phenotype_within_unit/CA2_slm/CA2slmres_CA2slmcon/protein_group_audits/gsea_kegg_term_gene_provenance.csv",194,"R/enrichment/enrichment_io.R:625 read_csv_contract",TRUE,"declared_root_unmounted","S:/Lab_Member/Tobi/Experiments/Exp9_Social-Stress/Analysis/proteomics/data/processed/04_differential_expression_enrichment/clusterProfiler/neuron_neuropil/phenotype_within_unit/CA2_slm/CA2slmres_CA2slmcon/protein_group_audits/gsea_kegg_term_gene_provenance.csv",260,"path_over_limit",TRUE,1260074,TRUE,"runtime-required, source exists, rebased path crosses the wall: stage"
"neuron_neuropil","data/processed/04_differential_expression_enrichment/clusterProfiler/neuron_neuropil/clusterProfiler_manifest.csv","term_gene_provenance_file","runtime_required","CA2slmsus_CA2slmcon|GSEA_GO|BP",21,"success_with_terms","P://data/processed/04_differential_expression_enrichment/clusterProfiler/neuron_neuropil/phenotype_within_unit/CA2_slm/CA2slmsus_CA2slmcon/protein_group_audits/gsea_go_term_gene_provenance.csv",192,"R/enrichment/enrichment_io.R:625 read_csv_contract",TRUE,"declared_root_unmounted","S:/Lab_Member/Tobi/Experiments/Exp9_Social-Stress/Analysis/proteomics/data/processed/04_differential_expression_enrichment/clusterProfiler/neuron_neuropil/phenotype_within_unit/CA2_slm/CA2slmsus_CA2slmcon/protein_group_audits/gsea_go_term_gene_provenance.csv",258,"present",TRUE,36777828,FALSE,"runtime-required and the rebased path is directly usable"
"neuron_neuropil","data/processed/04_differential_expression_enrichment/clusterProfiler/neuron_neuropil/clusterProfiler_manifest.csv","term_gene_provenance_file","runtime_required","CA2slmsus_CA2slmcon|GSEA_KEGG|KEGG",22,"success_with_terms","P://data/processed/04_differential_expression_enrichment/clusterProfiler/neuron_neuropil/phenotype_within_unit/CA2_slm/CA2slmsus_CA2slmcon/protein_group_audits/gsea_kegg_term_gene_provenance.csv",194,"R/enrichment/enrichment_io.R:625 read_csv_contract",TRUE,"declared_root_unmounted","S:/Lab_Member/Tobi/Experiments/Exp9_Social-Stress/Analysis/proteomics/data/processed/04_differential_expression_enrichment/clusterProfiler/neuron_neuropil/phenotype_within_unit/CA2_slm/CA2slmsus_CA2slmcon/protein_group_audits/gsea_kegg_term_gene_provenance.csv",260,"path_over_limit",TRUE,2437538,TRUE,"runtime-required, source exists, rebased path crosses the wall: stage"
"neuron_neuropil","data/processed/04_differential_expression_enrichment/clusterProfiler/neuron_neuropil/clusterProfiler_manifest.csv","term_gene_provenance_file","runtime_required","CA2slmsus_CA2slmres|GSEA_GO|BP",23,"success_with_terms","P://data/processed/04_differential_expression_enrichment/clusterProfiler/neuron_neuropil/phenotype_within_unit/CA2_slm/CA2slmsus_CA2slmres/protein_group_audits/gsea_go_term_gene_provenance.csv",192,"R/enrichment/enrichment_io.R:625 read_csv_contract",TRUE,"declared_root_unmounted","S:/Lab_Member/Tobi/Experiments/Exp9_Social-Stress/Analysis/proteomics/data/processed/04_differential_expression_enrichment/clusterProfiler/neuron_neuropil/phenotype_within_unit/CA2_slm/CA2slmsus_CA2slmres/protein_group_audits/gsea_go_term_gene_provenance.csv",258,"present",TRUE,39086421,FALSE,"runtime-required and the rebased path is directly usable"
"neuron_neuropil","data/processed/04_differential_expression_enrichment/clusterProfiler/neuron_neuropil/clusterProfiler_manifest.csv","term_gene_provenance_file","runtime_required","CA2slmsus_CA2slmres|GSEA_KEGG|KEGG",24,"success_with_terms","P://data/processed/04_differential_expression_enrichment/clusterProfiler/neuron_neuropil/phenotype_within_unit/CA2_slm/CA2slmsus_CA2slmres/protein_group_audits/gsea_kegg_term_gene_provenance.csv",194,"R/enrichment/enrichment_io.R:625 read_csv_contract",TRUE,"declared_root_unmounted","S:/Lab_Member/Tobi/Experiments/Exp9_Social-Stress/Analysis/proteomics/data/processed/04_differential_expression_enrichment/clusterProfiler/neuron_neuropil/phenotype_within_unit/CA2_slm/CA2slmsus_CA2slmres/protein_group_audits/gsea_kegg_term_gene_provenance.csv",260,"path_over_limit",TRUE,2293004,TRUE,"runtime-required, source exists, rebased path crosses the wall: stage"
"neuron_neuropil","data/processed/04_differential_expression_enrichment/clusterProfiler/neuron_neuropil/clusterProfiler_manifest.csv","term_gene_provenance_file","runtime_required","CA2sores_CA2socon|GSEA_GO|BP",25,"success_with_terms","P://data/processed/04_differential_expression_enrichment/clusterProfiler/neuron_neuropil/phenotype_within_unit/CA2_so/CA2sores_CA2socon/protein_group_audits/gsea_go_term_gene_provenance.csv",189,"R/enrichment/enrichment_io.R:625 read_csv_contract",TRUE,"declared_root_unmounted","S:/Lab_Member/Tobi/Experiments/Exp9_Social-Stress/Analysis/proteomics/data/processed/04_differential_expression_enrichment/clusterProfiler/neuron_neuropil/phenotype_within_unit/CA2_so/CA2sores_CA2socon/protein_group_audits/gsea_go_term_gene_provenance.csv",255,"present",TRUE,22034855,FALSE,"runtime-required and the rebased path is directly usable"
"neuron_neuropil","data/processed/04_differential_expression_enrichment/clusterProfiler/neuron_neuropil/clusterProfiler_manifest.csv","term_gene_provenance_file","runtime_required","CA2sores_CA2socon|GSEA_KEGG|KEGG",26,"success_with_terms","P://data/processed/04_differential_expression_enrichment/clusterProfiler/neuron_neuropil/phenotype_within_unit/CA2_so/CA2sores_CA2socon/protein_group_audits/gsea_kegg_term_gene_provenance.csv",191,"R/enrichment/enrichment_io.R:625 read_csv_contract",TRUE,"declared_root_unmounted","S:/Lab_Member/Tobi/Experiments/Exp9_Social-Stress/Analysis/proteomics/data/processed/04_differential_expression_enrichment/clusterProfiler/neuron_neuropil/phenotype_within_unit/CA2_so/CA2sores_CA2socon/protein_group_audits/gsea_kegg_term_gene_provenance.csv",257,"present",TRUE,1404818,FALSE,"runtime-required and the rebased path is directly usable"
"neuron_neuropil","data/processed/04_differential_expression_enrichment/clusterProfiler/neuron_neuropil/clusterProfiler_manifest.csv","term_gene_provenance_file","runtime_required","CA2sosus_CA2socon|GSEA_GO|BP",27,"success_with_terms","P://data/processed/04_differential_expression_enrichment/clusterProfiler/neuron_neuropil/phenotype_within_unit/CA2_so/CA2sosus_CA2socon/protein_group_audits/gsea_go_term_gene_provenance.csv",189,"R/enrichment/enrichment_io.R:625 read_csv_contract",TRUE,"declared_root_unmounted","S:/Lab_Member/Tobi/Experiments/Exp9_Social-Stress/Analysis/proteomics/data/processed/04_differential_expression_enrichment/clusterProfiler/neuron_neuropil/phenotype_within_unit/CA2_so/CA2sosus_CA2socon/protein_group_audits/gsea_go_term_gene_provenance.csv",255,"present",TRUE,22247452,FALSE,"runtime-required and the rebased path is directly usable"
"neuron_neuropil","data/processed/04_differential_expression_enrichment/clusterProfiler/neuron_neuropil/clusterProfiler_manifest.csv","term_gene_provenance_file","runtime_required","CA2sosus_CA2socon|GSEA_KEGG|KEGG",28,"success_with_terms","P://data/processed/04_differential_expression_enrichment/clusterProfiler/neuron_neuropil/phenotype_within_unit/CA2_so/CA2sosus_CA2socon/protein_group_audits/gsea_kegg_term_gene_provenance.csv",191,"R/enrichment/enrichment_io.R:625 read_csv_contract",TRUE,"declared_root_unmounted","S:/Lab_Member/Tobi/Experiments/Exp9_Social-Stress/Analysis/proteomics/data/processed/04_differential_expression_enrichment/clusterProfiler/neuron_neuropil/phenotype_within_unit/CA2_so/CA2sosus_CA2socon/protein_group_audits/gsea_kegg_term_gene_provenance.csv",257,"present",TRUE,1544567,FALSE,"runtime-required and the rebased path is directly usable"
"neuron_neuropil","data/processed/04_differential_expression_enrichment/clusterProfiler/neuron_neuropil/clusterProfiler_manifest.csv","term_gene_provenance_file","runtime_required","CA2sosus_CA2sores|GSEA_GO|BP",29,"success_with_terms","P://data/processed/04_differential_expression_enrichment/clusterProfiler/neuron_neuropil/phenotype_within_unit/CA2_so/CA2sosus_CA2sores/protein_group_audits/gsea_go_term_gene_provenance.csv",189,"R/enrichment/enrichment_io.R:625 read_csv_contract",TRUE,"declared_root_unmounted","S:/Lab_Member/Tobi/Experiments/Exp9_Social-Stress/Analysis/proteomics/data/processed/04_differential_expression_enrichment/clusterProfiler/neuron_neuropil/phenotype_within_unit/CA2_so/CA2sosus_CA2sores/protein_group_audits/gsea_go_term_gene_provenance.csv",255,"present",TRUE,19905660,FALSE,"runtime-required and the rebased path is directly usable"
"neuron_neuropil","data/processed/04_differential_expression_enrichment/clusterProfiler/neuron_neuropil/clusterProfiler_manifest.csv","term_gene_provenance_file","runtime_required","CA2sosus_CA2sores|GSEA_KEGG|KEGG",30,"success_with_terms","P://data/processed/04_differential_expression_enrichment/clusterProfiler/neuron_neuropil/phenotype_within_unit/CA2_so/CA2sosus_CA2sores/protein_group_audits/gsea_kegg_term_gene_provenance.csv",191,"R/enrichment/enrichment_io.R:625 read_csv_contract",TRUE,"declared_root_unmounted","S:/Lab_Member/Tobi/Experiments/Exp9_Social-Stress/Analysis/proteomics/data/processed/04_differential_expression_enrichment/clusterProfiler/neuron_neuropil/phenotype_within_unit/CA2_so/CA2sosus_CA2sores/protein_group_audits/gsea_kegg_term_gene_provenance.csv",257,"present",TRUE,1229314,FALSE,"runtime-required and the rebased path is directly usable"
"neuron_neuropil","data/processed/04_differential_expression_enrichment/clusterProfiler/neuron_neuropil/clusterProfiler_manifest.csv","term_gene_provenance_file","runtime_required","CA2srres_CA2srcon|GSEA_GO|BP",31,"success_with_terms","P://data/processed/04_differential_expression_enrichment/clusterProfiler/neuron_neuropil/phenotype_within_unit/CA2_sr/CA2srres_CA2srcon/protein_group_audits/gsea_go_term_gene_provenance.csv",189,"R/enrichment/enrichment_io.R:625 read_csv_contract",TRUE,"declared_root_unmounted","S:/Lab_Member/Tobi/Experiments/Exp9_Social-Stress/Analysis/proteomics/data/processed/04_differential_expression_enrichment/clusterProfiler/neuron_neuropil/phenotype_within_unit/CA2_sr/CA2srres_CA2srcon/protein_group_audits/gsea_go_term_gene_provenance.csv",255,"present",TRUE,22716738,FALSE,"runtime-required and the rebased path is directly usable"
"neuron_neuropil","data/processed/04_differential_expression_enrichment/clusterProfiler/neuron_neuropil/clusterProfiler_manifest.csv","term_gene_provenance_file","runtime_required","CA2srres_CA2srcon|GSEA_KEGG|KEGG",32,"success_with_terms","P://data/processed/04_differential_expression_enrichment/clusterProfiler/neuron_neuropil/phenotype_within_unit/CA2_sr/CA2srres_CA2srcon/protein_group_audits/gsea_kegg_term_gene_provenance.csv",191,"R/enrichment/enrichment_io.R:625 read_csv_contract",TRUE,"declared_root_unmounted","S:/Lab_Member/Tobi/Experiments/Exp9_Social-Stress/Analysis/proteomics/data/processed/04_differential_expression_enrichment/clusterProfiler/neuron_neuropil/phenotype_within_unit/CA2_sr/CA2srres_CA2srcon/protein_group_audits/gsea_kegg_term_gene_provenance.csv",257,"present",TRUE,1465373,FALSE,"runtime-required and the rebased path is directly usable"
"neuron_neuropil","data/processed/04_differential_expression_enrichment/clusterProfiler/neuron_neuropil/clusterProfiler_manifest.csv","term_gene_provenance_file","runtime_required","CA2srsus_CA2srcon|GSEA_GO|BP",33,"success_with_terms","P://data/processed/04_differential_expression_enrichment/clusterProfiler/neuron_neuropil/phenotype_within_unit/CA2_sr/CA2srsus_CA2srcon/protein_group_audits/gsea_go_term_gene_provenance.csv",189,"R/enrichment/enrichment_io.R:625 read_csv_contract",TRUE,"declared_root_unmounted","S:/Lab_Member/Tobi/Experiments/Exp9_Social-Stress/Analysis/proteomics/data/processed/04_differential_expression_enrichment/clusterProfiler/neuron_neuropil/phenotype_within_unit/CA2_sr/CA2srsus_CA2srcon/protein_group_audits/gsea_go_term_gene_provenance.csv",255,"present",TRUE,24411193,FALSE,"runtime-required and the rebased path is directly usable"
"neuron_neuropil","data/processed/04_differential_expression_enrichment/clusterProfiler/neuron_neuropil/clusterProfiler_manifest.csv","term_gene_provenance_file","runtime_required","CA2srsus_CA2srcon|GSEA_KEGG|KEGG",34,"success_with_terms","P://data/processed/04_differential_expression_enrichment/clusterProfiler/neuron_neuropil/phenotype_within_unit/CA2_sr/CA2srsus_CA2srcon/protein_group_audits/gsea_kegg_term_gene_provenance.csv",191,"R/enrichment/enrichment_io.R:625 read_csv_contract",TRUE,"declared_root_unmounted","S:/Lab_Member/Tobi/Experiments/Exp9_Social-Stress/Analysis/proteomics/data/processed/04_differential_expression_enrichment/clusterProfiler/neuron_neuropil/phenotype_within_unit/CA2_sr/CA2srsus_CA2srcon/protein_group_audits/gsea_kegg_term_gene_provenance.csv",257,"present",TRUE,1562787,FALSE,"runtime-required and the rebased path is directly usable"
"neuron_neuropil","data/processed/04_differential_expression_enrichment/clusterProfiler/neuron_neuropil/clusterProfiler_manifest.csv","term_gene_provenance_file","runtime_required","CA2srsus_CA2srres|GSEA_GO|BP",35,"success_with_terms","P://data/processed/04_differential_expression_enrichment/clusterProfiler/neuron_neuropil/phenotype_within_unit/CA2_sr/CA2srsus_CA2srres/protein_group_audits/gsea_go_term_gene_provenance.csv",189,"R/enrichment/enrichment_io.R:625 read_csv_contract",TRUE,"declared_root_unmounted","S:/Lab_Member/Tobi/Experiments/Exp9_Social-Stress/Analysis/proteomics/data/processed/04_differential_expression_enrichment/clusterProfiler/neuron_neuropil/phenotype_within_unit/CA2_sr/CA2srsus_CA2srres/protein_group_audits/gsea_go_term_gene_provenance.csv",255,"present",TRUE,25085629,FALSE,"runtime-required and the rebased path is directly usable"
"neuron_neuropil","data/processed/04_differential_expression_enrichment/clusterProfiler/neuron_neuropil/clusterProfiler_manifest.csv","term_gene_provenance_file","runtime_required","CA2srsus_CA2srres|GSEA_KEGG|KEGG",36,"success_with_terms","P://data/processed/04_differential_expression_enrichment/clusterProfiler/neuron_neuropil/phenotype_within_unit/CA2_sr/CA2srsus_CA2srres/protein_group_audits/gsea_kegg_term_gene_provenance.csv",191,"R/enrichment/enrichment_io.R:625 read_csv_contract",TRUE,"declared_root_unmounted","S:/Lab_Member/Tobi/Experiments/Exp9_Social-Stress/Analysis/proteomics/data/processed/04_differential_expression_enrichment/clusterProfiler/neuron_neuropil/phenotype_within_unit/CA2_sr/CA2srsus_CA2srres/protein_group_audits/gsea_kegg_term_gene_provenance.csv",257,"present",TRUE,1596879,FALSE,"runtime-required and the rebased path is directly usable"
"neuron_neuropil","data/processed/04_differential_expression_enrichment/clusterProfiler/neuron_neuropil/clusterProfiler_manifest.csv","term_gene_provenance_file","runtime_required","CA3sores_CA3socon|GSEA_GO|BP",37,"success_with_terms","P://data/processed/04_differential_expression_enrichment/clusterProfiler/neuron_neuropil/phenotype_within_unit/CA3_so/CA3sores_CA3socon/protein_group_audits/gsea_go_term_gene_provenance.csv",189,"R/enrichment/enrichment_io.R:625 read_csv_contract",TRUE,"declared_root_unmounted","S:/Lab_Member/Tobi/Experiments/Exp9_Social-Stress/Analysis/proteomics/data/processed/04_differential_expression_enrichment/clusterProfiler/neuron_neuropil/phenotype_within_unit/CA3_so/CA3sores_CA3socon/protein_group_audits/gsea_go_term_gene_provenance.csv",255,"present",TRUE,24647565,FALSE,"runtime-required and the rebased path is directly usable"
"neuron_neuropil","data/processed/04_differential_expression_enrichment/clusterProfiler/neuron_neuropil/clusterProfiler_manifest.csv","term_gene_provenance_file","runtime_required","CA3sores_CA3socon|GSEA_KEGG|KEGG",38,"success_with_terms","P://data/processed/04_differential_expression_enrichment/clusterProfiler/neuron_neuropil/phenotype_within_unit/CA3_so/CA3sores_CA3socon/protein_group_audits/gsea_kegg_term_gene_provenance.csv",191,"R/enrichment/enrichment_io.R:625 read_csv_contract",TRUE,"declared_root_unmounted","S:/Lab_Member/Tobi/Experiments/Exp9_Social-Stress/Analysis/proteomics/data/processed/04_differential_expression_enrichment/clusterProfiler/neuron_neuropil/phenotype_within_unit/CA3_so/CA3sores_CA3socon/protein_group_audits/gsea_kegg_term_gene_provenance.csv",257,"present",TRUE,1579040,FALSE,"runtime-required and the rebased path is directly usable"
"neuron_neuropil","data/processed/04_differential_expression_enrichment/clusterProfiler/neuron_neuropil/clusterProfiler_manifest.csv","term_gene_provenance_file","runtime_required","CA3sosus_CA3socon|GSEA_GO|BP",39,"success_with_terms","P://data/processed/04_differential_expression_enrichment/clusterProfiler/neuron_neuropil/phenotype_within_unit/CA3_so/CA3sosus_CA3socon/protein_group_audits/gsea_go_term_gene_provenance.csv",189,"R/enrichment/enrichment_io.R:625 read_csv_contract",TRUE,"declared_root_unmounted","S:/Lab_Member/Tobi/Experiments/Exp9_Social-Stress/Analysis/proteomics/data/processed/04_differential_expression_enrichment/clusterProfiler/neuron_neuropil/phenotype_within_unit/CA3_so/CA3sosus_CA3socon/protein_group_audits/gsea_go_term_gene_provenance.csv",255,"present",TRUE,23855772,FALSE,"runtime-required and the rebased path is directly usable"
"neuron_neuropil","data/processed/04_differential_expression_enrichment/clusterProfiler/neuron_neuropil/clusterProfiler_manifest.csv","term_gene_provenance_file","runtime_required","CA3sosus_CA3socon|GSEA_KEGG|KEGG",40,"success_with_terms","P://data/processed/04_differential_expression_enrichment/clusterProfiler/neuron_neuropil/phenotype_within_unit/CA3_so/CA3sosus_CA3socon/protein_group_audits/gsea_kegg_term_gene_provenance.csv",191,"R/enrichment/enrichment_io.R:625 read_csv_contract",TRUE,"declared_root_unmounted","S:/Lab_Member/Tobi/Experiments/Exp9_Social-Stress/Analysis/proteomics/data/processed/04_differential_expression_enrichment/clusterProfiler/neuron_neuropil/phenotype_within_unit/CA3_so/CA3sosus_CA3socon/protein_group_audits/gsea_kegg_term_gene_provenance.csv",257,"present",TRUE,1394352,FALSE,"runtime-required and the rebased path is directly usable"
"neuron_neuropil","data/processed/04_differential_expression_enrichment/clusterProfiler/neuron_neuropil/clusterProfiler_manifest.csv","term_gene_provenance_file","runtime_required","CA3sosus_CA3sores|GSEA_GO|BP",41,"success_with_terms","P://data/processed/04_differential_expression_enrichment/clusterProfiler/neuron_neuropil/phenotype_within_unit/CA3_so/CA3sosus_CA3sores/protein_group_audits/gsea_go_term_gene_provenance.csv",189,"R/enrichment/enrichment_io.R:625 read_csv_contract",TRUE,"declared_root_unmounted","S:/Lab_Member/Tobi/Experiments/Exp9_Social-Stress/Analysis/proteomics/data/processed/04_differential_expression_enrichment/clusterProfiler/neuron_neuropil/phenotype_within_unit/CA3_so/CA3sosus_CA3sores/protein_group_audits/gsea_go_term_gene_provenance.csv",255,"present",TRUE,29357379,FALSE,"runtime-required and the rebased path is directly usable"
"neuron_neuropil","data/processed/04_differential_expression_enrichment/clusterProfiler/neuron_neuropil/clusterProfiler_manifest.csv","term_gene_provenance_file","runtime_required","CA3sosus_CA3sores|GSEA_KEGG|KEGG",42,"success_with_terms","P://data/processed/04_differential_expression_enrichment/clusterProfiler/neuron_neuropil/phenotype_within_unit/CA3_so/CA3sosus_CA3sores/protein_group_audits/gsea_kegg_term_gene_provenance.csv",191,"R/enrichment/enrichment_io.R:625 read_csv_contract",TRUE,"declared_root_unmounted","S:/Lab_Member/Tobi/Experiments/Exp9_Social-Stress/Analysis/proteomics/data/processed/04_differential_expression_enrichment/clusterProfiler/neuron_neuropil/phenotype_within_unit/CA3_so/CA3sosus_CA3sores/protein_group_audits/gsea_kegg_term_gene_provenance.csv",257,"present",TRUE,1587208,FALSE,"runtime-required and the rebased path is directly usable"
"neuron_neuropil","data/processed/04_differential_expression_enrichment/clusterProfiler/neuron_neuropil/clusterProfiler_manifest.csv","term_gene_provenance_file","runtime_required","CA3srres_CA3srcon|GSEA_GO|BP",43,"success_with_terms","P://data/processed/04_differential_expression_enrichment/clusterProfiler/neuron_neuropil/phenotype_within_unit/CA3_sr/CA3srres_CA3srcon/protein_group_audits/gsea_go_term_gene_provenance.csv",189,"R/enrichment/enrichment_io.R:625 read_csv_contract",TRUE,"declared_root_unmounted","S:/Lab_Member/Tobi/Experiments/Exp9_Social-Stress/Analysis/proteomics/data/processed/04_differential_expression_enrichment/clusterProfiler/neuron_neuropil/phenotype_within_unit/CA3_sr/CA3srres_CA3srcon/protein_group_audits/gsea_go_term_gene_provenance.csv",255,"present",TRUE,24739498,FALSE,"runtime-required and the rebased path is directly usable"
"neuron_neuropil","data/processed/04_differential_expression_enrichment/clusterProfiler/neuron_neuropil/clusterProfiler_manifest.csv","term_gene_provenance_file","runtime_required","CA3srres_CA3srcon|GSEA_KEGG|KEGG",44,"success_with_terms","P://data/processed/04_differential_expression_enrichment/clusterProfiler/neuron_neuropil/phenotype_within_unit/CA3_sr/CA3srres_CA3srcon/protein_group_audits/gsea_kegg_term_gene_provenance.csv",191,"R/enrichment/enrichment_io.R:625 read_csv_contract",TRUE,"declared_root_unmounted","S:/Lab_Member/Tobi/Experiments/Exp9_Social-Stress/Analysis/proteomics/data/processed/04_differential_expression_enrichment/clusterProfiler/neuron_neuropil/phenotype_within_unit/CA3_sr/CA3srres_CA3srcon/protein_group_audits/gsea_kegg_term_gene_provenance.csv",257,"present",TRUE,1560670,FALSE,"runtime-required and the rebased path is directly usable"
"neuron_neuropil","data/processed/04_differential_expression_enrichment/clusterProfiler/neuron_neuropil/clusterProfiler_manifest.csv","term_gene_provenance_file","runtime_required","CA3srsus_CA3srcon|GSEA_GO|BP",45,"success_with_terms","P://data/processed/04_differential_expression_enrichment/clusterProfiler/neuron_neuropil/phenotype_within_unit/CA3_sr/CA3srsus_CA3srcon/protein_group_audits/gsea_go_term_gene_provenance.csv",189,"R/enrichment/enrichment_io.R:625 read_csv_contract",TRUE,"declared_root_unmounted","S:/Lab_Member/Tobi/Experiments/Exp9_Social-Stress/Analysis/proteomics/data/processed/04_differential_expression_enrichment/clusterProfiler/neuron_neuropil/phenotype_within_unit/CA3_sr/CA3srsus_CA3srcon/protein_group_audits/gsea_go_term_gene_provenance.csv",255,"present",TRUE,26308912,FALSE,"runtime-required and the rebased path is directly usable"
"neuron_neuropil","data/processed/04_differential_expression_enrichment/clusterProfiler/neuron_neuropil/clusterProfiler_manifest.csv","term_gene_provenance_file","runtime_required","CA3srsus_CA3srcon|GSEA_KEGG|KEGG",46,"success_with_terms","P://data/processed/04_differential_expression_enrichment/clusterProfiler/neuron_neuropil/phenotype_within_unit/CA3_sr/CA3srsus_CA3srcon/protein_group_audits/gsea_kegg_term_gene_provenance.csv",191,"R/enrichment/enrichment_io.R:625 read_csv_contract",TRUE,"declared_root_unmounted","S:/Lab_Member/Tobi/Experiments/Exp9_Social-Stress/Analysis/proteomics/data/processed/04_differential_expression_enrichment/clusterProfiler/neuron_neuropil/phenotype_within_unit/CA3_sr/CA3srsus_CA3srcon/protein_group_audits/gsea_kegg_term_gene_provenance.csv",257,"present",TRUE,1592912,FALSE,"runtime-required and the rebased path is directly usable"
"neuron_neuropil","data/processed/04_differential_expression_enrichment/clusterProfiler/neuron_neuropil/clusterProfiler_manifest.csv","term_gene_provenance_file","runtime_required","CA3srsus_CA3srres|GSEA_GO|BP",47,"success_with_terms","P://data/processed/04_differential_expression_enrichment/clusterProfiler/neuron_neuropil/phenotype_within_unit/CA3_sr/CA3srsus_CA3srres/protein_group_audits/gsea_go_term_gene_provenance.csv",189,"R/enrichment/enrichment_io.R:625 read_csv_contract",TRUE,"declared_root_unmounted","S:/Lab_Member/Tobi/Experiments/Exp9_Social-Stress/Analysis/proteomics/data/processed/04_differential_expression_enrichment/clusterProfiler/neuron_neuropil/phenotype_within_unit/CA3_sr/CA3srsus_CA3srres/protein_group_audits/gsea_go_term_gene_provenance.csv",255,"present",TRUE,28134449,FALSE,"runtime-required and the rebased path is directly usable"
"neuron_neuropil","data/processed/04_differential_expression_enrichment/clusterProfiler/neuron_neuropil/clusterProfiler_manifest.csv","term_gene_provenance_file","runtime_required","CA3srsus_CA3srres|GSEA_KEGG|KEGG",48,"success_with_terms","P://data/processed/04_differential_expression_enrichment/clusterProfiler/neuron_neuropil/phenotype_within_unit/CA3_sr/CA3srsus_CA3srres/protein_group_audits/gsea_kegg_term_gene_provenance.csv",191,"R/enrichment/enrichment_io.R:625 read_csv_contract",TRUE,"declared_root_unmounted","S:/Lab_Member/Tobi/Experiments/Exp9_Social-Stress/Analysis/proteomics/data/processed/04_differential_expression_enrichment/clusterProfiler/neuron_neuropil/phenotype_within_unit/CA3_sr/CA3srsus_CA3srres/protein_group_audits/gsea_kegg_term_gene_provenance.csv",257,"present",TRUE,1631731,FALSE,"runtime-required and the rebased path is directly usable"
"neuron_neuropil","data/processed/04_differential_expression_enrichment/clusterProfiler/neuron_neuropil/clusterProfiler_manifest.csv","term_gene_provenance_file","runtime_required","DGmores_DGmocon|GSEA_GO|BP",49,"success_with_terms","P://data/processed/04_differential_expression_enrichment/clusterProfiler/neuron_neuropil/phenotype_within_unit/DG_mo/DGmores_DGmocon/protein_group_audits/gsea_go_term_gene_provenance.csv",186,"R/enrichment/enrichment_io.R:625 read_csv_contract",TRUE,"declared_root_unmounted","S:/Lab_Member/Tobi/Experiments/Exp9_Social-Stress/Analysis/proteomics/data/processed/04_differential_expression_enrichment/clusterProfiler/neuron_neuropil/phenotype_within_unit/DG_mo/DGmores_DGmocon/protein_group_audits/gsea_go_term_gene_provenance.csv",252,"present",TRUE,24264628,FALSE,"runtime-required and the rebased path is directly usable"
"neuron_neuropil","data/processed/04_differential_expression_enrichment/clusterProfiler/neuron_neuropil/clusterProfiler_manifest.csv","term_gene_provenance_file","runtime_required","DGmores_DGmocon|GSEA_KEGG|KEGG",50,"success_with_terms","P://data/processed/04_differential_expression_enrichment/clusterProfiler/neuron_neuropil/phenotype_within_unit/DG_mo/DGmores_DGmocon/protein_group_audits/gsea_kegg_term_gene_provenance.csv",188,"R/enrichment/enrichment_io.R:625 read_csv_contract",TRUE,"declared_root_unmounted","S:/Lab_Member/Tobi/Experiments/Exp9_Social-Stress/Analysis/proteomics/data/processed/04_differential_expression_enrichment/clusterProfiler/neuron_neuropil/phenotype_within_unit/DG_mo/DGmores_DGmocon/protein_group_audits/gsea_kegg_term_gene_provenance.csv",254,"present",TRUE,1346512,FALSE,"runtime-required and the rebased path is directly usable"
"neuron_neuropil","data/processed/04_differential_expression_enrichment/clusterProfiler/neuron_neuropil/clusterProfiler_manifest.csv","term_gene_provenance_file","runtime_required","DGmosus_DGmocon|GSEA_GO|BP",51,"success_with_terms","P://data/processed/04_differential_expression_enrichment/clusterProfiler/neuron_neuropil/phenotype_within_unit/DG_mo/DGmosus_DGmocon/protein_group_audits/gsea_go_term_gene_provenance.csv",186,"R/enrichment/enrichment_io.R:625 read_csv_contract",TRUE,"declared_root_unmounted","S:/Lab_Member/Tobi/Experiments/Exp9_Social-Stress/Analysis/proteomics/data/processed/04_differential_expression_enrichment/clusterProfiler/neuron_neuropil/phenotype_within_unit/DG_mo/DGmosus_DGmocon/protein_group_audits/gsea_go_term_gene_provenance.csv",252,"present",TRUE,20721932,FALSE,"runtime-required and the rebased path is directly usable"
"neuron_neuropil","data/processed/04_differential_expression_enrichment/clusterProfiler/neuron_neuropil/clusterProfiler_manifest.csv","term_gene_provenance_file","runtime_required","DGmosus_DGmocon|GSEA_KEGG|KEGG",52,"success_with_terms","P://data/processed/04_differential_expression_enrichment/clusterProfiler/neuron_neuropil/phenotype_within_unit/DG_mo/DGmosus_DGmocon/protein_group_audits/gsea_kegg_term_gene_provenance.csv",188,"R/enrichment/enrichment_io.R:625 read_csv_contract",TRUE,"declared_root_unmounted","S:/Lab_Member/Tobi/Experiments/Exp9_Social-Stress/Analysis/proteomics/data/processed/04_differential_expression_enrichment/clusterProfiler/neuron_neuropil/phenotype_within_unit/DG_mo/DGmosus_DGmocon/protein_group_audits/gsea_kegg_term_gene_provenance.csv",254,"present",TRUE,1404465,FALSE,"runtime-required and the rebased path is directly usable"
"neuron_neuropil","data/processed/04_differential_expression_enrichment/clusterProfiler/neuron_neuropil/clusterProfiler_manifest.csv","term_gene_provenance_file","runtime_required","DGmosus_DGmores|GSEA_GO|BP",53,"success_with_terms","P://data/processed/04_differential_expression_enrichment/clusterProfiler/neuron_neuropil/phenotype_within_unit/DG_mo/DGmosus_DGmores/protein_group_audits/gsea_go_term_gene_provenance.csv",186,"R/enrichment/enrichment_io.R:625 read_csv_contract",TRUE,"declared_root_unmounted","S:/Lab_Member/Tobi/Experiments/Exp9_Social-Stress/Analysis/proteomics/data/processed/04_differential_expression_enrichment/clusterProfiler/neuron_neuropil/phenotype_within_unit/DG_mo/DGmosus_DGmores/protein_group_audits/gsea_go_term_gene_provenance.csv",252,"present",TRUE,26556002,FALSE,"runtime-required and the rebased path is directly usable"
"neuron_neuropil","data/processed/04_differential_expression_enrichment/clusterProfiler/neuron_neuropil/clusterProfiler_manifest.csv","term_gene_provenance_file","runtime_required","DGmosus_DGmores|GSEA_KEGG|KEGG",54,"success_with_terms","P://data/processed/04_differential_expression_enrichment/clusterProfiler/neuron_neuropil/phenotype_within_unit/DG_mo/DGmosus_DGmores/protein_group_audits/gsea_kegg_term_gene_provenance.csv",188,"R/enrichment/enrichment_io.R:625 read_csv_contract",TRUE,"declared_root_unmounted","S:/Lab_Member/Tobi/Experiments/Exp9_Social-Stress/Analysis/proteomics/data/processed/04_differential_expression_enrichment/clusterProfiler/neuron_neuropil/phenotype_within_unit/DG_mo/DGmosus_DGmores/protein_group_audits/gsea_kegg_term_gene_provenance.csv",254,"present",TRUE,1578971,FALSE,"runtime-required and the rebased path is directly usable"
"neuron_neuropil","data/processed/04_differential_expression_enrichment/clusterProfiler/neuron_neuropil/clusterProfiler_manifest.csv","term_gene_provenance_file","runtime_required","DGpores_DGpocon|GSEA_GO|BP",55,"success_with_terms","P://data/processed/04_differential_expression_enrichment/clusterProfiler/neuron_neuropil/phenotype_within_unit/DG_po/DGpores_DGpocon/protein_group_audits/gsea_go_term_gene_provenance.csv",186,"R/enrichment/enrichment_io.R:625 read_csv_contract",TRUE,"declared_root_unmounted","S:/Lab_Member/Tobi/Experiments/Exp9_Social-Stress/Analysis/proteomics/data/processed/04_differential_expression_enrichment/clusterProfiler/neuron_neuropil/phenotype_within_unit/DG_po/DGpores_DGpocon/protein_group_audits/gsea_go_term_gene_provenance.csv",252,"present",TRUE,30352173,FALSE,"runtime-required and the rebased path is directly usable"
"neuron_neuropil","data/processed/04_differential_expression_enrichment/clusterProfiler/neuron_neuropil/clusterProfiler_manifest.csv","term_gene_provenance_file","runtime_required","DGpores_DGpocon|GSEA_KEGG|KEGG",56,"success_with_terms","P://data/processed/04_differential_expression_enrichment/clusterProfiler/neuron_neuropil/phenotype_within_unit/DG_po/DGpores_DGpocon/protein_group_audits/gsea_kegg_term_gene_provenance.csv",188,"R/enrichment/enrichment_io.R:625 read_csv_contract",TRUE,"declared_root_unmounted","S:/Lab_Member/Tobi/Experiments/Exp9_Social-Stress/Analysis/proteomics/data/processed/04_differential_expression_enrichment/clusterProfiler/neuron_neuropil/phenotype_within_unit/DG_po/DGpores_DGpocon/protein_group_audits/gsea_kegg_term_gene_provenance.csv",254,"present",TRUE,1792123,FALSE,"runtime-required and the rebased path is directly usable"
"neuron_neuropil","data/processed/04_differential_expression_enrichment/clusterProfiler/neuron_neuropil/clusterProfiler_manifest.csv","term_gene_provenance_file","runtime_required","DGposus_DGpocon|GSEA_GO|BP",57,"success_with_terms","P://data/processed/04_differential_expression_enrichment/clusterProfiler/neuron_neuropil/phenotype_within_unit/DG_po/DGposus_DGpocon/protein_group_audits/gsea_go_term_gene_provenance.csv",186,"R/enrichment/enrichment_io.R:625 read_csv_contract",TRUE,"declared_root_unmounted","S:/Lab_Member/Tobi/Experiments/Exp9_Social-Stress/Analysis/proteomics/data/processed/04_differential_expression_enrichment/clusterProfiler/neuron_neuropil/phenotype_within_unit/DG_po/DGposus_DGpocon/protein_group_audits/gsea_go_term_gene_provenance.csv",252,"present",TRUE,23423247,FALSE,"runtime-required and the rebased path is directly usable"
"neuron_neuropil","data/processed/04_differential_expression_enrichment/clusterProfiler/neuron_neuropil/clusterProfiler_manifest.csv","term_gene_provenance_file","runtime_required","DGposus_DGpocon|GSEA_KEGG|KEGG",58,"success_with_terms","P://data/processed/04_differential_expression_enrichment/clusterProfiler/neuron_neuropil/phenotype_within_unit/DG_po/DGposus_DGpocon/protein_group_audits/gsea_kegg_term_gene_provenance.csv",188,"R/enrichment/enrichment_io.R:625 read_csv_contract",TRUE,"declared_root_unmounted","S:/Lab_Member/Tobi/Experiments/Exp9_Social-Stress/Analysis/proteomics/data/processed/04_differential_expression_enrichment/clusterProfiler/neuron_neuropil/phenotype_within_unit/DG_po/DGposus_DGpocon/protein_group_audits/gsea_kegg_term_gene_provenance.csv",254,"present",TRUE,1494306,FALSE,"runtime-required and the rebased path is directly usable"
"neuron_neuropil","data/processed/04_differential_expression_enrichment/clusterProfiler/neuron_neuropil/clusterProfiler_manifest.csv","term_gene_provenance_file","runtime_required","DGposus_DGpores|GSEA_GO|BP",59,"success_with_terms","P://data/processed/04_differential_expression_enrichment/clusterProfiler/neuron_neuropil/phenotype_within_unit/DG_po/DGposus_DGpores/protein_group_audits/gsea_go_term_gene_provenance.csv",186,"R/enrichment/enrichment_io.R:625 read_csv_contract",TRUE,"declared_root_unmounted","S:/Lab_Member/Tobi/Experiments/Exp9_Social-Stress/Analysis/proteomics/data/processed/04_differential_expression_enrichment/clusterProfiler/neuron_neuropil/phenotype_within_unit/DG_po/DGposus_DGpores/protein_group_audits/gsea_go_term_gene_provenance.csv",252,"present",TRUE,32663058,FALSE,"runtime-required and the rebased path is directly usable"
"neuron_neuropil","data/processed/04_differential_expression_enrichment/clusterProfiler/neuron_neuropil/clusterProfiler_manifest.csv","term_gene_provenance_file","runtime_required","DGposus_DGpores|GSEA_KEGG|KEGG",60,"success_with_terms","P://data/processed/04_differential_expression_enrichment/clusterProfiler/neuron_neuropil/phenotype_within_unit/DG_po/DGposus_DGpores/protein_group_audits/gsea_kegg_term_gene_provenance.csv",188,"R/enrichment/enrichment_io.R:625 read_csv_contract",TRUE,"declared_root_unmounted","S:/Lab_Member/Tobi/Experiments/Exp9_Social-Stress/Analysis/proteomics/data/processed/04_differential_expression_enrichment/clusterProfiler/neuron_neuropil/phenotype_within_unit/DG_po/DGposus_DGpores/protein_group_audits/gsea_kegg_term_gene_provenance.csv",254,"present",TRUE,1970964,FALSE,"runtime-required and the rebased path is directly usable"
"neuron_neuropil","data/processed/04_differential_expression_enrichment/clusterProfiler/neuron_neuropil/clusterProfiler_manifest.csv","input_gene_file","runtime_required","CA1slmres_CA1slmcon|GSEA_GO|BP",1,"success_with_terms","P://data/processed/02_id_mapping/mapped/neuron_neuropil/forward/per_file/CA1slmres_CA1slmcon.csv",96,"analysis/wgcna/compare_module_enrichment_overlap.R:238 read_protein_set",TRUE,"declared_root_unmounted","S:/Lab_Member/Tobi/Experiments/Exp9_Social-Stress/Analysis/proteomics/data/processed/02_id_mapping/mapped/neuron_neuropil/forward/per_file/CA1slmres_CA1slmcon.csv",162,"present",TRUE,2789352,FALSE,"runtime-required and the rebased path is directly usable"
"neuron_neuropil","data/processed/04_differential_expression_enrichment/clusterProfiler/neuron_neuropil/clusterProfiler_manifest.csv","input_gene_file","runtime_required","CA1slmres_CA1slmcon|GSEA_KEGG|KEGG",2,"success_with_terms","P://data/processed/02_id_mapping/mapped/neuron_neuropil/forward/per_file/CA1slmres_CA1slmcon.csv",96,"analysis/wgcna/compare_module_enrichment_overlap.R:238 read_protein_set",TRUE,"declared_root_unmounted","S:/Lab_Member/Tobi/Experiments/Exp9_Social-Stress/Analysis/proteomics/data/processed/02_id_mapping/mapped/neuron_neuropil/forward/per_file/CA1slmres_CA1slmcon.csv",162,"present",TRUE,2789352,FALSE,"runtime-required and the rebased path is directly usable"
"neuron_neuropil","data/processed/04_differential_expression_enrichment/clusterProfiler/neuron_neuropil/clusterProfiler_manifest.csv","input_gene_file","runtime_required","CA1slmsus_CA1slmcon|GSEA_GO|BP",3,"success_with_terms","P://data/processed/02_id_mapping/mapped/neuron_neuropil/forward/per_file/CA1slmsus_CA1slmcon.csv",96,"analysis/wgcna/compare_module_enrichment_overlap.R:238 read_protein_set",TRUE,"declared_root_unmounted","S:/Lab_Member/Tobi/Experiments/Exp9_Social-Stress/Analysis/proteomics/data/processed/02_id_mapping/mapped/neuron_neuropil/forward/per_file/CA1slmsus_CA1slmcon.csv",162,"present",TRUE,2789473,FALSE,"runtime-required and the rebased path is directly usable"
"neuron_neuropil","data/processed/04_differential_expression_enrichment/clusterProfiler/neuron_neuropil/clusterProfiler_manifest.csv","input_gene_file","runtime_required","CA1slmsus_CA1slmcon|GSEA_KEGG|KEGG",4,"success_with_terms","P://data/processed/02_id_mapping/mapped/neuron_neuropil/forward/per_file/CA1slmsus_CA1slmcon.csv",96,"analysis/wgcna/compare_module_enrichment_overlap.R:238 read_protein_set",TRUE,"declared_root_unmounted","S:/Lab_Member/Tobi/Experiments/Exp9_Social-Stress/Analysis/proteomics/data/processed/02_id_mapping/mapped/neuron_neuropil/forward/per_file/CA1slmsus_CA1slmcon.csv",162,"present",TRUE,2789473,FALSE,"runtime-required and the rebased path is directly usable"
"neuron_neuropil","data/processed/04_differential_expression_enrichment/clusterProfiler/neuron_neuropil/clusterProfiler_manifest.csv","input_gene_file","runtime_required","CA1slmsus_CA1slmres|GSEA_GO|BP",5,"success_with_terms","P://data/processed/02_id_mapping/mapped/neuron_neuropil/forward/per_file/CA1slmsus_CA1slmres.csv",96,"analysis/wgcna/compare_module_enrichment_overlap.R:238 read_protein_set",TRUE,"declared_root_unmounted","S:/Lab_Member/Tobi/Experiments/Exp9_Social-Stress/Analysis/proteomics/data/processed/02_id_mapping/mapped/neuron_neuropil/forward/per_file/CA1slmsus_CA1slmres.csv",162,"present",TRUE,2792851,FALSE,"runtime-required and the rebased path is directly usable"
"neuron_neuropil","data/processed/04_differential_expression_enrichment/clusterProfiler/neuron_neuropil/clusterProfiler_manifest.csv","input_gene_file","runtime_required","CA1slmsus_CA1slmres|GSEA_KEGG|KEGG",6,"success_with_terms","P://data/processed/02_id_mapping/mapped/neuron_neuropil/forward/per_file/CA1slmsus_CA1slmres.csv",96,"analysis/wgcna/compare_module_enrichment_overlap.R:238 read_protein_set",TRUE,"declared_root_unmounted","S:/Lab_Member/Tobi/Experiments/Exp9_Social-Stress/Analysis/proteomics/data/processed/02_id_mapping/mapped/neuron_neuropil/forward/per_file/CA1slmsus_CA1slmres.csv",162,"present",TRUE,2792851,FALSE,"runtime-required and the rebased path is directly usable"
"neuron_neuropil","data/processed/04_differential_expression_enrichment/clusterProfiler/neuron_neuropil/clusterProfiler_manifest.csv","input_gene_file","runtime_required","CA1sores_CA1socon|GSEA_GO|BP",7,"success_with_terms","P://data/processed/02_id_mapping/mapped/neuron_neuropil/forward/per_file/CA1sores_CA1socon.csv",94,"analysis/wgcna/compare_module_enrichment_overlap.R:238 read_protein_set",TRUE,"declared_root_unmounted","S:/Lab_Member/Tobi/Experiments/Exp9_Social-Stress/Analysis/proteomics/data/processed/02_id_mapping/mapped/neuron_neuropil/forward/per_file/CA1sores_CA1socon.csv",160,"present",TRUE,2782316,FALSE,"runtime-required and the rebased path is directly usable"
"neuron_neuropil","data/processed/04_differential_expression_enrichment/clusterProfiler/neuron_neuropil/clusterProfiler_manifest.csv","input_gene_file","runtime_required","CA1sores_CA1socon|GSEA_KEGG|KEGG",8,"success_with_terms","P://data/processed/02_id_mapping/mapped/neuron_neuropil/forward/per_file/CA1sores_CA1socon.csv",94,"analysis/wgcna/compare_module_enrichment_overlap.R:238 read_protein_set",TRUE,"declared_root_unmounted","S:/Lab_Member/Tobi/Experiments/Exp9_Social-Stress/Analysis/proteomics/data/processed/02_id_mapping/mapped/neuron_neuropil/forward/per_file/CA1sores_CA1socon.csv",160,"present",TRUE,2782316,FALSE,"runtime-required and the rebased path is directly usable"
"neuron_neuropil","data/processed/04_differential_expression_enrichment/clusterProfiler/neuron_neuropil/clusterProfiler_manifest.csv","input_gene_file","runtime_required","CA1sosus_CA1socon|GSEA_GO|BP",9,"success_with_terms","P://data/processed/02_id_mapping/mapped/neuron_neuropil/forward/per_file/CA1sosus_CA1socon.csv",94,"analysis/wgcna/compare_module_enrichment_overlap.R:238 read_protein_set",TRUE,"declared_root_unmounted","S:/Lab_Member/Tobi/Experiments/Exp9_Social-Stress/Analysis/proteomics/data/processed/02_id_mapping/mapped/neuron_neuropil/forward/per_file/CA1sosus_CA1socon.csv",160,"present",TRUE,2785039,FALSE,"runtime-required and the rebased path is directly usable"
"neuron_neuropil","data/processed/04_differential_expression_enrichment/clusterProfiler/neuron_neuropil/clusterProfiler_manifest.csv","input_gene_file","runtime_required","CA1sosus_CA1socon|GSEA_KEGG|KEGG",10,"success_with_terms","P://data/processed/02_id_mapping/mapped/neuron_neuropil/forward/per_file/CA1sosus_CA1socon.csv",94,"analysis/wgcna/compare_module_enrichment_overlap.R:238 read_protein_set",TRUE,"declared_root_unmounted","S:/Lab_Member/Tobi/Experiments/Exp9_Social-Stress/Analysis/proteomics/data/processed/02_id_mapping/mapped/neuron_neuropil/forward/per_file/CA1sosus_CA1socon.csv",160,"present",TRUE,2785039,FALSE,"runtime-required and the rebased path is directly usable"
"neuron_neuropil","data/processed/04_differential_expression_enrichment/clusterProfiler/neuron_neuropil/clusterProfiler_manifest.csv","input_gene_file","runtime_required","CA1sosus_CA1sores|GSEA_GO|BP",11,"success_with_terms","P://data/processed/02_id_mapping/mapped/neuron_neuropil/forward/per_file/CA1sosus_CA1sores.csv",94,"analysis/wgcna/compare_module_enrichment_overlap.R:238 read_protein_set",TRUE,"declared_root_unmounted","S:/Lab_Member/Tobi/Experiments/Exp9_Social-Stress/Analysis/proteomics/data/processed/02_id_mapping/mapped/neuron_neuropil/forward/per_file/CA1sosus_CA1sores.csv",160,"present",TRUE,2780400,FALSE,"runtime-required and the rebased path is directly usable"
"neuron_neuropil","data/processed/04_differential_expression_enrichment/clusterProfiler/neuron_neuropil/clusterProfiler_manifest.csv","input_gene_file","runtime_required","CA1sosus_CA1sores|GSEA_KEGG|KEGG",12,"success_with_terms","P://data/processed/02_id_mapping/mapped/neuron_neuropil/forward/per_file/CA1sosus_CA1sores.csv",94,"analysis/wgcna/compare_module_enrichment_overlap.R:238 read_protein_set",TRUE,"declared_root_unmounted","S:/Lab_Member/Tobi/Experiments/Exp9_Social-Stress/Analysis/proteomics/data/processed/02_id_mapping/mapped/neuron_neuropil/forward/per_file/CA1sosus_CA1sores.csv",160,"present",TRUE,2780400,FALSE,"runtime-required and the rebased path is directly usable"
"neuron_neuropil","data/processed/04_differential_expression_enrichment/clusterProfiler/neuron_neuropil/clusterProfiler_manifest.csv","input_gene_file","runtime_required","CA1srres_CA1srcon|GSEA_GO|BP",13,"success_with_terms","P://data/processed/02_id_mapping/mapped/neuron_neuropil/forward/per_file/CA1srres_CA1srcon.csv",94,"analysis/wgcna/compare_module_enrichment_overlap.R:238 read_protein_set",TRUE,"declared_root_unmounted","S:/Lab_Member/Tobi/Experiments/Exp9_Social-Stress/Analysis/proteomics/data/processed/02_id_mapping/mapped/neuron_neuropil/forward/per_file/CA1srres_CA1srcon.csv",160,"present",TRUE,2781659,FALSE,"runtime-required and the rebased path is directly usable"
"neuron_neuropil","data/processed/04_differential_expression_enrichment/clusterProfiler/neuron_neuropil/clusterProfiler_manifest.csv","input_gene_file","runtime_required","CA1srres_CA1srcon|GSEA_KEGG|KEGG",14,"success_with_terms","P://data/processed/02_id_mapping/mapped/neuron_neuropil/forward/per_file/CA1srres_CA1srcon.csv",94,"analysis/wgcna/compare_module_enrichment_overlap.R:238 read_protein_set",TRUE,"declared_root_unmounted","S:/Lab_Member/Tobi/Experiments/Exp9_Social-Stress/Analysis/proteomics/data/processed/02_id_mapping/mapped/neuron_neuropil/forward/per_file/CA1srres_CA1srcon.csv",160,"present",TRUE,2781659,FALSE,"runtime-required and the rebased path is directly usable"
"neuron_neuropil","data/processed/04_differential_expression_enrichment/clusterProfiler/neuron_neuropil/clusterProfiler_manifest.csv","input_gene_file","runtime_required","CA1srsus_CA1srcon|GSEA_GO|BP",15,"success_with_terms","P://data/processed/02_id_mapping/mapped/neuron_neuropil/forward/per_file/CA1srsus_CA1srcon.csv",94,"analysis/wgcna/compare_module_enrichment_overlap.R:238 read_protein_set",TRUE,"declared_root_unmounted","S:/Lab_Member/Tobi/Experiments/Exp9_Social-Stress/Analysis/proteomics/data/processed/02_id_mapping/mapped/neuron_neuropil/forward/per_file/CA1srsus_CA1srcon.csv",160,"present",TRUE,2784492,FALSE,"runtime-required and the rebased path is directly usable"
"neuron_neuropil","data/processed/04_differential_expression_enrichment/clusterProfiler/neuron_neuropil/clusterProfiler_manifest.csv","input_gene_file","runtime_required","CA1srsus_CA1srcon|GSEA_KEGG|KEGG",16,"success_with_terms","P://data/processed/02_id_mapping/mapped/neuron_neuropil/forward/per_file/CA1srsus_CA1srcon.csv",94,"analysis/wgcna/compare_module_enrichment_overlap.R:238 read_protein_set",TRUE,"declared_root_unmounted","S:/Lab_Member/Tobi/Experiments/Exp9_Social-Stress/Analysis/proteomics/data/processed/02_id_mapping/mapped/neuron_neuropil/forward/per_file/CA1srsus_CA1srcon.csv",160,"present",TRUE,2784492,FALSE,"runtime-required and the rebased path is directly usable"
"neuron_neuropil","data/processed/04_differential_expression_enrichment/clusterProfiler/neuron_neuropil/clusterProfiler_manifest.csv","input_gene_file","runtime_required","CA1srsus_CA1srres|GSEA_GO|BP",17,"success_with_terms","P://data/processed/02_id_mapping/mapped/neuron_neuropil/forward/per_file/CA1srsus_CA1srres.csv",94,"analysis/wgcna/compare_module_enrichment_overlap.R:238 read_protein_set",TRUE,"declared_root_unmounted","S:/Lab_Member/Tobi/Experiments/Exp9_Social-Stress/Analysis/proteomics/data/processed/02_id_mapping/mapped/neuron_neuropil/forward/per_file/CA1srsus_CA1srres.csv",160,"present",TRUE,2783470,FALSE,"runtime-required and the rebased path is directly usable"
"neuron_neuropil","data/processed/04_differential_expression_enrichment/clusterProfiler/neuron_neuropil/clusterProfiler_manifest.csv","input_gene_file","runtime_required","CA1srsus_CA1srres|GSEA_KEGG|KEGG",18,"success_with_terms","P://data/processed/02_id_mapping/mapped/neuron_neuropil/forward/per_file/CA1srsus_CA1srres.csv",94,"analysis/wgcna/compare_module_enrichment_overlap.R:238 read_protein_set",TRUE,"declared_root_unmounted","S:/Lab_Member/Tobi/Experiments/Exp9_Social-Stress/Analysis/proteomics/data/processed/02_id_mapping/mapped/neuron_neuropil/forward/per_file/CA1srsus_CA1srres.csv",160,"present",TRUE,2783470,FALSE,"runtime-required and the rebased path is directly usable"
"neuron_neuropil","data/processed/04_differential_expression_enrichment/clusterProfiler/neuron_neuropil/clusterProfiler_manifest.csv","input_gene_file","runtime_required","CA2slmres_CA2slmcon|GSEA_GO|BP",19,"success_with_terms","P://data/processed/02_id_mapping/mapped/neuron_neuropil/forward/per_file/CA2slmres_CA2slmcon.csv",96,"analysis/wgcna/compare_module_enrichment_overlap.R:238 read_protein_set",TRUE,"declared_root_unmounted","S:/Lab_Member/Tobi/Experiments/Exp9_Social-Stress/Analysis/proteomics/data/processed/02_id_mapping/mapped/neuron_neuropil/forward/per_file/CA2slmres_CA2slmcon.csv",162,"present",TRUE,2791403,FALSE,"runtime-required and the rebased path is directly usable"
"neuron_neuropil","data/processed/04_differential_expression_enrichment/clusterProfiler/neuron_neuropil/clusterProfiler_manifest.csv","input_gene_file","runtime_required","CA2slmres_CA2slmcon|GSEA_KEGG|KEGG",20,"success_with_terms","P://data/processed/02_id_mapping/mapped/neuron_neuropil/forward/per_file/CA2slmres_CA2slmcon.csv",96,"analysis/wgcna/compare_module_enrichment_overlap.R:238 read_protein_set",TRUE,"declared_root_unmounted","S:/Lab_Member/Tobi/Experiments/Exp9_Social-Stress/Analysis/proteomics/data/processed/02_id_mapping/mapped/neuron_neuropil/forward/per_file/CA2slmres_CA2slmcon.csv",162,"present",TRUE,2791403,FALSE,"runtime-required and the rebased path is directly usable"
"neuron_neuropil","data/processed/04_differential_expression_enrichment/clusterProfiler/neuron_neuropil/clusterProfiler_manifest.csv","input_gene_file","runtime_required","CA2slmsus_CA2slmcon|GSEA_GO|BP",21,"success_with_terms","P://data/processed/02_id_mapping/mapped/neuron_neuropil/forward/per_file/CA2slmsus_CA2slmcon.csv",96,"analysis/wgcna/compare_module_enrichment_overlap.R:238 read_protein_set",TRUE,"declared_root_unmounted","S:/Lab_Member/Tobi/Experiments/Exp9_Social-Stress/Analysis/proteomics/data/processed/02_id_mapping/mapped/neuron_neuropil/forward/per_file/CA2slmsus_CA2slmcon.csv",162,"present",TRUE,2792577,FALSE,"runtime-required and the rebased path is directly usable"
"neuron_neuropil","data/processed/04_differential_expression_enrichment/clusterProfiler/neuron_neuropil/clusterProfiler_manifest.csv","input_gene_file","runtime_required","CA2slmsus_CA2slmcon|GSEA_KEGG|KEGG",22,"success_with_terms","P://data/processed/02_id_mapping/mapped/neuron_neuropil/forward/per_file/CA2slmsus_CA2slmcon.csv",96,"analysis/wgcna/compare_module_enrichment_overlap.R:238 read_protein_set",TRUE,"declared_root_unmounted","S:/Lab_Member/Tobi/Experiments/Exp9_Social-Stress/Analysis/proteomics/data/processed/02_id_mapping/mapped/neuron_neuropil/forward/per_file/CA2slmsus_CA2slmcon.csv",162,"present",TRUE,2792577,FALSE,"runtime-required and the rebased path is directly usable"
"neuron_neuropil","data/processed/04_differential_expression_enrichment/clusterProfiler/neuron_neuropil/clusterProfiler_manifest.csv","input_gene_file","runtime_required","CA2slmsus_CA2slmres|GSEA_GO|BP",23,"success_with_terms","P://data/processed/02_id_mapping/mapped/neuron_neuropil/forward/per_file/CA2slmsus_CA2slmres.csv",96,"analysis/wgcna/compare_module_enrichment_overlap.R:238 read_protein_set",TRUE,"declared_root_unmounted","S:/Lab_Member/Tobi/Experiments/Exp9_Social-Stress/Analysis/proteomics/data/processed/02_id_mapping/mapped/neuron_neuropil/forward/per_file/CA2slmsus_CA2slmres.csv",162,"present",TRUE,2792630,FALSE,"runtime-required and the rebased path is directly usable"
"neuron_neuropil","data/processed/04_differential_expression_enrichment/clusterProfiler/neuron_neuropil/clusterProfiler_manifest.csv","input_gene_file","runtime_required","CA2slmsus_CA2slmres|GSEA_KEGG|KEGG",24,"success_with_terms","P://data/processed/02_id_mapping/mapped/neuron_neuropil/forward/per_file/CA2slmsus_CA2slmres.csv",96,"analysis/wgcna/compare_module_enrichment_overlap.R:238 read_protein_set",TRUE,"declared_root_unmounted","S:/Lab_Member/Tobi/Experiments/Exp9_Social-Stress/Analysis/proteomics/data/processed/02_id_mapping/mapped/neuron_neuropil/forward/per_file/CA2slmsus_CA2slmres.csv",162,"present",TRUE,2792630,FALSE,"runtime-required and the rebased path is directly usable"
"neuron_neuropil","data/processed/04_differential_expression_enrichment/clusterProfiler/neuron_neuropil/clusterProfiler_manifest.csv","input_gene_file","runtime_required","CA2sores_CA2socon|GSEA_GO|BP",25,"success_with_terms","P://data/processed/02_id_mapping/mapped/neuron_neuropil/forward/per_file/CA2sores_CA2socon.csv",94,"analysis/wgcna/compare_module_enrichment_overlap.R:238 read_protein_set",TRUE,"declared_root_unmounted","S:/Lab_Member/Tobi/Experiments/Exp9_Social-Stress/Analysis/proteomics/data/processed/02_id_mapping/mapped/neuron_neuropil/forward/per_file/CA2sores_CA2socon.csv",160,"present",TRUE,2784105,FALSE,"runtime-required and the rebased path is directly usable"
"neuron_neuropil","data/processed/04_differential_expression_enrichment/clusterProfiler/neuron_neuropil/clusterProfiler_manifest.csv","input_gene_file","runtime_required","CA2sores_CA2socon|GSEA_KEGG|KEGG",26,"success_with_terms","P://data/processed/02_id_mapping/mapped/neuron_neuropil/forward/per_file/CA2sores_CA2socon.csv",94,"analysis/wgcna/compare_module_enrichment_overlap.R:238 read_protein_set",TRUE,"declared_root_unmounted","S:/Lab_Member/Tobi/Experiments/Exp9_Social-Stress/Analysis/proteomics/data/processed/02_id_mapping/mapped/neuron_neuropil/forward/per_file/CA2sores_CA2socon.csv",160,"present",TRUE,2784105,FALSE,"runtime-required and the rebased path is directly usable"
"neuron_neuropil","data/processed/04_differential_expression_enrichment/clusterProfiler/neuron_neuropil/clusterProfiler_manifest.csv","input_gene_file","runtime_required","CA2sosus_CA2socon|GSEA_GO|BP",27,"success_with_terms","P://data/processed/02_id_mapping/mapped/neuron_neuropil/forward/per_file/CA2sosus_CA2socon.csv",94,"analysis/wgcna/compare_module_enrichment_overlap.R:238 read_protein_set",TRUE,"declared_root_unmounted","S:/Lab_Member/Tobi/Experiments/Exp9_Social-Stress/Analysis/proteomics/data/processed/02_id_mapping/mapped/neuron_neuropil/forward/per_file/CA2sosus_CA2socon.csv",160,"present",TRUE,2784290,FALSE,"runtime-required and the rebased path is directly usable"
"neuron_neuropil","data/processed/04_differential_expression_enrichment/clusterProfiler/neuron_neuropil/clusterProfiler_manifest.csv","input_gene_file","runtime_required","CA2sosus_CA2socon|GSEA_KEGG|KEGG",28,"success_with_terms","P://data/processed/02_id_mapping/mapped/neuron_neuropil/forward/per_file/CA2sosus_CA2socon.csv",94,"analysis/wgcna/compare_module_enrichment_overlap.R:238 read_protein_set",TRUE,"declared_root_unmounted","S:/Lab_Member/Tobi/Experiments/Exp9_Social-Stress/Analysis/proteomics/data/processed/02_id_mapping/mapped/neuron_neuropil/forward/per_file/CA2sosus_CA2socon.csv",160,"present",TRUE,2784290,FALSE,"runtime-required and the rebased path is directly usable"
"neuron_neuropil","data/processed/04_differential_expression_enrichment/clusterProfiler/neuron_neuropil/clusterProfiler_manifest.csv","input_gene_file","runtime_required","CA2sosus_CA2sores|GSEA_GO|BP",29,"success_with_terms","P://data/processed/02_id_mapping/mapped/neuron_neuropil/forward/per_file/CA2sosus_CA2sores.csv",94,"analysis/wgcna/compare_module_enrichment_overlap.R:238 read_protein_set",TRUE,"declared_root_unmounted","S:/Lab_Member/Tobi/Experiments/Exp9_Social-Stress/Analysis/proteomics/data/processed/02_id_mapping/mapped/neuron_neuropil/forward/per_file/CA2sosus_CA2sores.csv",160,"present",TRUE,2777761,FALSE,"runtime-required and the rebased path is directly usable"
"neuron_neuropil","data/processed/04_differential_expression_enrichment/clusterProfiler/neuron_neuropil/clusterProfiler_manifest.csv","input_gene_file","runtime_required","CA2sosus_CA2sores|GSEA_KEGG|KEGG",30,"success_with_terms","P://data/processed/02_id_mapping/mapped/neuron_neuropil/forward/per_file/CA2sosus_CA2sores.csv",94,"analysis/wgcna/compare_module_enrichment_overlap.R:238 read_protein_set",TRUE,"declared_root_unmounted","S:/Lab_Member/Tobi/Experiments/Exp9_Social-Stress/Analysis/proteomics/data/processed/02_id_mapping/mapped/neuron_neuropil/forward/per_file/CA2sosus_CA2sores.csv",160,"present",TRUE,2777761,FALSE,"runtime-required and the rebased path is directly usable"
"neuron_neuropil","data/processed/04_differential_expression_enrichment/clusterProfiler/neuron_neuropil/clusterProfiler_manifest.csv","input_gene_file","runtime_required","CA2srres_CA2srcon|GSEA_GO|BP",31,"success_with_terms","P://data/processed/02_id_mapping/mapped/neuron_neuropil/forward/per_file/CA2srres_CA2srcon.csv",94,"analysis/wgcna/compare_module_enrichment_overlap.R:238 read_protein_set",TRUE,"declared_root_unmounted","S:/Lab_Member/Tobi/Experiments/Exp9_Social-Stress/Analysis/proteomics/data/processed/02_id_mapping/mapped/neuron_neuropil/forward/per_file/CA2srres_CA2srcon.csv",160,"present",TRUE,2781866,FALSE,"runtime-required and the rebased path is directly usable"
"neuron_neuropil","data/processed/04_differential_expression_enrichment/clusterProfiler/neuron_neuropil/clusterProfiler_manifest.csv","input_gene_file","runtime_required","CA2srres_CA2srcon|GSEA_KEGG|KEGG",32,"success_with_terms","P://data/processed/02_id_mapping/mapped/neuron_neuropil/forward/per_file/CA2srres_CA2srcon.csv",94,"analysis/wgcna/compare_module_enrichment_overlap.R:238 read_protein_set",TRUE,"declared_root_unmounted","S:/Lab_Member/Tobi/Experiments/Exp9_Social-Stress/Analysis/proteomics/data/processed/02_id_mapping/mapped/neuron_neuropil/forward/per_file/CA2srres_CA2srcon.csv",160,"present",TRUE,2781866,FALSE,"runtime-required and the rebased path is directly usable"
"neuron_neuropil","data/processed/04_differential_expression_enrichment/clusterProfiler/neuron_neuropil/clusterProfiler_manifest.csv","input_gene_file","runtime_required","CA2srsus_CA2srcon|GSEA_GO|BP",33,"success_with_terms","P://data/processed/02_id_mapping/mapped/neuron_neuropil/forward/per_file/CA2srsus_CA2srcon.csv",94,"analysis/wgcna/compare_module_enrichment_overlap.R:238 read_protein_set",TRUE,"declared_root_unmounted","S:/Lab_Member/Tobi/Experiments/Exp9_Social-Stress/Analysis/proteomics/data/processed/02_id_mapping/mapped/neuron_neuropil/forward/per_file/CA2srsus_CA2srcon.csv",160,"present",TRUE,2782533,FALSE,"runtime-required and the rebased path is directly usable"
"neuron_neuropil","data/processed/04_differential_expression_enrichment/clusterProfiler/neuron_neuropil/clusterProfiler_manifest.csv","input_gene_file","runtime_required","CA2srsus_CA2srcon|GSEA_KEGG|KEGG",34,"success_with_terms","P://data/processed/02_id_mapping/mapped/neuron_neuropil/forward/per_file/CA2srsus_CA2srcon.csv",94,"analysis/wgcna/compare_module_enrichment_overlap.R:238 read_protein_set",TRUE,"declared_root_unmounted","S:/Lab_Member/Tobi/Experiments/Exp9_Social-Stress/Analysis/proteomics/data/processed/02_id_mapping/mapped/neuron_neuropil/forward/per_file/CA2srsus_CA2srcon.csv",160,"present",TRUE,2782533,FALSE,"runtime-required and the rebased path is directly usable"
"neuron_neuropil","data/processed/04_differential_expression_enrichment/clusterProfiler/neuron_neuropil/clusterProfiler_manifest.csv","input_gene_file","runtime_required","CA2srsus_CA2srres|GSEA_GO|BP",35,"success_with_terms","P://data/processed/02_id_mapping/mapped/neuron_neuropil/forward/per_file/CA2srsus_CA2srres.csv",94,"analysis/wgcna/compare_module_enrichment_overlap.R:238 read_protein_set",TRUE,"declared_root_unmounted","S:/Lab_Member/Tobi/Experiments/Exp9_Social-Stress/Analysis/proteomics/data/processed/02_id_mapping/mapped/neuron_neuropil/forward/per_file/CA2srsus_CA2srres.csv",160,"present",TRUE,2781707,FALSE,"runtime-required and the rebased path is directly usable"
"neuron_neuropil","data/processed/04_differential_expression_enrichment/clusterProfiler/neuron_neuropil/clusterProfiler_manifest.csv","input_gene_file","runtime_required","CA2srsus_CA2srres|GSEA_KEGG|KEGG",36,"success_with_terms","P://data/processed/02_id_mapping/mapped/neuron_neuropil/forward/per_file/CA2srsus_CA2srres.csv",94,"analysis/wgcna/compare_module_enrichment_overlap.R:238 read_protein_set",TRUE,"declared_root_unmounted","S:/Lab_Member/Tobi/Experiments/Exp9_Social-Stress/Analysis/proteomics/data/processed/02_id_mapping/mapped/neuron_neuropil/forward/per_file/CA2srsus_CA2srres.csv",160,"present",TRUE,2781707,FALSE,"runtime-required and the rebased path is directly usable"
"neuron_neuropil","data/processed/04_differential_expression_enrichment/clusterProfiler/neuron_neuropil/clusterProfiler_manifest.csv","input_gene_file","runtime_required","CA3sores_CA3socon|GSEA_GO|BP",37,"success_with_terms","P://data/processed/02_id_mapping/mapped/neuron_neuropil/forward/per_file/CA3sores_CA3socon.csv",94,"analysis/wgcna/compare_module_enrichment_overlap.R:238 read_protein_set",TRUE,"declared_root_unmounted","S:/Lab_Member/Tobi/Experiments/Exp9_Social-Stress/Analysis/proteomics/data/processed/02_id_mapping/mapped/neuron_neuropil/forward/per_file/CA3sores_CA3socon.csv",160,"present",TRUE,2778411,FALSE,"runtime-required and the rebased path is directly usable"
"neuron_neuropil","data/processed/04_differential_expression_enrichment/clusterProfiler/neuron_neuropil/clusterProfiler_manifest.csv","input_gene_file","runtime_required","CA3sores_CA3socon|GSEA_KEGG|KEGG",38,"success_with_terms","P://data/processed/02_id_mapping/mapped/neuron_neuropil/forward/per_file/CA3sores_CA3socon.csv",94,"analysis/wgcna/compare_module_enrichment_overlap.R:238 read_protein_set",TRUE,"declared_root_unmounted","S:/Lab_Member/Tobi/Experiments/Exp9_Social-Stress/Analysis/proteomics/data/processed/02_id_mapping/mapped/neuron_neuropil/forward/per_file/CA3sores_CA3socon.csv",160,"present",TRUE,2778411,FALSE,"runtime-required and the rebased path is directly usable"
"neuron_neuropil","data/processed/04_differential_expression_enrichment/clusterProfiler/neuron_neuropil/clusterProfiler_manifest.csv","input_gene_file","runtime_required","CA3sosus_CA3socon|GSEA_GO|BP",39,"success_with_terms","P://data/processed/02_id_mapping/mapped/neuron_neuropil/forward/per_file/CA3sosus_CA3socon.csv",94,"analysis/wgcna/compare_module_enrichment_overlap.R:238 read_protein_set",TRUE,"declared_root_unmounted","S:/Lab_Member/Tobi/Experiments/Exp9_Social-Stress/Analysis/proteomics/data/processed/02_id_mapping/mapped/neuron_neuropil/forward/per_file/CA3sosus_CA3socon.csv",160,"present",TRUE,2785569,FALSE,"runtime-required and the rebased path is directly usable"
"neuron_neuropil","data/processed/04_differential_expression_enrichment/clusterProfiler/neuron_neuropil/clusterProfiler_manifest.csv","input_gene_file","runtime_required","CA3sosus_CA3socon|GSEA_KEGG|KEGG",40,"success_with_terms","P://data/processed/02_id_mapping/mapped/neuron_neuropil/forward/per_file/CA3sosus_CA3socon.csv",94,"analysis/wgcna/compare_module_enrichment_overlap.R:238 read_protein_set",TRUE,"declared_root_unmounted","S:/Lab_Member/Tobi/Experiments/Exp9_Social-Stress/Analysis/proteomics/data/processed/02_id_mapping/mapped/neuron_neuropil/forward/per_file/CA3sosus_CA3socon.csv",160,"present",TRUE,2785569,FALSE,"runtime-required and the rebased path is directly usable"
"neuron_neuropil","data/processed/04_differential_expression_enrichment/clusterProfiler/neuron_neuropil/clusterProfiler_manifest.csv","input_gene_file","runtime_required","CA3sosus_CA3sores|GSEA_GO|BP",41,"success_with_terms","P://data/processed/02_id_mapping/mapped/neuron_neuropil/forward/per_file/CA3sosus_CA3sores.csv",94,"analysis/wgcna/compare_module_enrichment_overlap.R:238 read_protein_set",TRUE,"declared_root_unmounted","S:/Lab_Member/Tobi/Experiments/Exp9_Social-Stress/Analysis/proteomics/data/processed/02_id_mapping/mapped/neuron_neuropil/forward/per_file/CA3sosus_CA3sores.csv",160,"present",TRUE,2784631,FALSE,"runtime-required and the rebased path is directly usable"
"neuron_neuropil","data/processed/04_differential_expression_enrichment/clusterProfiler/neuron_neuropil/clusterProfiler_manifest.csv","input_gene_file","runtime_required","CA3sosus_CA3sores|GSEA_KEGG|KEGG",42,"success_with_terms","P://data/processed/02_id_mapping/mapped/neuron_neuropil/forward/per_file/CA3sosus_CA3sores.csv",94,"analysis/wgcna/compare_module_enrichment_overlap.R:238 read_protein_set",TRUE,"declared_root_unmounted","S:/Lab_Member/Tobi/Experiments/Exp9_Social-Stress/Analysis/proteomics/data/processed/02_id_mapping/mapped/neuron_neuropil/forward/per_file/CA3sosus_CA3sores.csv",160,"present",TRUE,2784631,FALSE,"runtime-required and the rebased path is directly usable"
"neuron_neuropil","data/processed/04_differential_expression_enrichment/clusterProfiler/neuron_neuropil/clusterProfiler_manifest.csv","input_gene_file","runtime_required","CA3srres_CA3srcon|GSEA_GO|BP",43,"success_with_terms","P://data/processed/02_id_mapping/mapped/neuron_neuropil/forward/per_file/CA3srres_CA3srcon.csv",94,"analysis/wgcna/compare_module_enrichment_overlap.R:238 read_protein_set",TRUE,"declared_root_unmounted","S:/Lab_Member/Tobi/Experiments/Exp9_Social-Stress/Analysis/proteomics/data/processed/02_id_mapping/mapped/neuron_neuropil/forward/per_file/CA3srres_CA3srcon.csv",160,"present",TRUE,2782691,FALSE,"runtime-required and the rebased path is directly usable"
"neuron_neuropil","data/processed/04_differential_expression_enrichment/clusterProfiler/neuron_neuropil/clusterProfiler_manifest.csv","input_gene_file","runtime_required","CA3srres_CA3srcon|GSEA_KEGG|KEGG",44,"success_with_terms","P://data/processed/02_id_mapping/mapped/neuron_neuropil/forward/per_file/CA3srres_CA3srcon.csv",94,"analysis/wgcna/compare_module_enrichment_overlap.R:238 read_protein_set",TRUE,"declared_root_unmounted","S:/Lab_Member/Tobi/Experiments/Exp9_Social-Stress/Analysis/proteomics/data/processed/02_id_mapping/mapped/neuron_neuropil/forward/per_file/CA3srres_CA3srcon.csv",160,"present",TRUE,2782691,FALSE,"runtime-required and the rebased path is directly usable"
"neuron_neuropil","data/processed/04_differential_expression_enrichment/clusterProfiler/neuron_neuropil/clusterProfiler_manifest.csv","input_gene_file","runtime_required","CA3srsus_CA3srcon|GSEA_GO|BP",45,"success_with_terms","P://data/processed/02_id_mapping/mapped/neuron_neuropil/forward/per_file/CA3srsus_CA3srcon.csv",94,"analysis/wgcna/compare_module_enrichment_overlap.R:238 read_protein_set",TRUE,"declared_root_unmounted","S:/Lab_Member/Tobi/Experiments/Exp9_Social-Stress/Analysis/proteomics/data/processed/02_id_mapping/mapped/neuron_neuropil/forward/per_file/CA3srsus_CA3srcon.csv",160,"present",TRUE,2785610,FALSE,"runtime-required and the rebased path is directly usable"
"neuron_neuropil","data/processed/04_differential_expression_enrichment/clusterProfiler/neuron_neuropil/clusterProfiler_manifest.csv","input_gene_file","runtime_required","CA3srsus_CA3srcon|GSEA_KEGG|KEGG",46,"success_with_terms","P://data/processed/02_id_mapping/mapped/neuron_neuropil/forward/per_file/CA3srsus_CA3srcon.csv",94,"analysis/wgcna/compare_module_enrichment_overlap.R:238 read_protein_set",TRUE,"declared_root_unmounted","S:/Lab_Member/Tobi/Experiments/Exp9_Social-Stress/Analysis/proteomics/data/processed/02_id_mapping/mapped/neuron_neuropil/forward/per_file/CA3srsus_CA3srcon.csv",160,"present",TRUE,2785610,FALSE,"runtime-required and the rebased path is directly usable"
"neuron_neuropil","data/processed/04_differential_expression_enrichment/clusterProfiler/neuron_neuropil/clusterProfiler_manifest.csv","input_gene_file","runtime_required","CA3srsus_CA3srres|GSEA_GO|BP",47,"success_with_terms","P://data/processed/02_id_mapping/mapped/neuron_neuropil/forward/per_file/CA3srsus_CA3srres.csv",94,"analysis/wgcna/compare_module_enrichment_overlap.R:238 read_protein_set",TRUE,"declared_root_unmounted","S:/Lab_Member/Tobi/Experiments/Exp9_Social-Stress/Analysis/proteomics/data/processed/02_id_mapping/mapped/neuron_neuropil/forward/per_file/CA3srsus_CA3srres.csv",160,"present",TRUE,2784037,FALSE,"runtime-required and the rebased path is directly usable"
"neuron_neuropil","data/processed/04_differential_expression_enrichment/clusterProfiler/neuron_neuropil/clusterProfiler_manifest.csv","input_gene_file","runtime_required","CA3srsus_CA3srres|GSEA_KEGG|KEGG",48,"success_with_terms","P://data/processed/02_id_mapping/mapped/neuron_neuropil/forward/per_file/CA3srsus_CA3srres.csv",94,"analysis/wgcna/compare_module_enrichment_overlap.R:238 read_protein_set",TRUE,"declared_root_unmounted","S:/Lab_Member/Tobi/Experiments/Exp9_Social-Stress/Analysis/proteomics/data/processed/02_id_mapping/mapped/neuron_neuropil/forward/per_file/CA3srsus_CA3srres.csv",160,"present",TRUE,2784037,FALSE,"runtime-required and the rebased path is directly usable"
"neuron_neuropil","data/processed/04_differential_expression_enrichment/clusterProfiler/neuron_neuropil/clusterProfiler_manifest.csv","input_gene_file","runtime_required","DGmores_DGmocon|GSEA_GO|BP",49,"success_with_terms","P://data/processed/02_id_mapping/mapped/neuron_neuropil/forward/per_file/DGmores_DGmocon.csv",92,"analysis/wgcna/compare_module_enrichment_overlap.R:238 read_protein_set",TRUE,"declared_root_unmounted","S:/Lab_Member/Tobi/Experiments/Exp9_Social-Stress/Analysis/proteomics/data/processed/02_id_mapping/mapped/neuron_neuropil/forward/per_file/DGmores_DGmocon.csv",158,"present",TRUE,2771799,FALSE,"runtime-required and the rebased path is directly usable"
"neuron_neuropil","data/processed/04_differential_expression_enrichment/clusterProfiler/neuron_neuropil/clusterProfiler_manifest.csv","input_gene_file","runtime_required","DGmores_DGmocon|GSEA_KEGG|KEGG",50,"success_with_terms","P://data/processed/02_id_mapping/mapped/neuron_neuropil/forward/per_file/DGmores_DGmocon.csv",92,"analysis/wgcna/compare_module_enrichment_overlap.R:238 read_protein_set",TRUE,"declared_root_unmounted","S:/Lab_Member/Tobi/Experiments/Exp9_Social-Stress/Analysis/proteomics/data/processed/02_id_mapping/mapped/neuron_neuropil/forward/per_file/DGmores_DGmocon.csv",158,"present",TRUE,2771799,FALSE,"runtime-required and the rebased path is directly usable"
"neuron_neuropil","data/processed/04_differential_expression_enrichment/clusterProfiler/neuron_neuropil/clusterProfiler_manifest.csv","input_gene_file","runtime_required","DGmosus_DGmocon|GSEA_GO|BP",51,"success_with_terms","P://data/processed/02_id_mapping/mapped/neuron_neuropil/forward/per_file/DGmosus_DGmocon.csv",92,"analysis/wgcna/compare_module_enrichment_overlap.R:238 read_protein_set",TRUE,"declared_root_unmounted","S:/Lab_Member/Tobi/Experiments/Exp9_Social-Stress/Analysis/proteomics/data/processed/02_id_mapping/mapped/neuron_neuropil/forward/per_file/DGmosus_DGmocon.csv",158,"present",TRUE,2775124,FALSE,"runtime-required and the rebased path is directly usable"
"neuron_neuropil","data/processed/04_differential_expression_enrichment/clusterProfiler/neuron_neuropil/clusterProfiler_manifest.csv","input_gene_file","runtime_required","DGmosus_DGmocon|GSEA_KEGG|KEGG",52,"success_with_terms","P://data/processed/02_id_mapping/mapped/neuron_neuropil/forward/per_file/DGmosus_DGmocon.csv",92,"analysis/wgcna/compare_module_enrichment_overlap.R:238 read_protein_set",TRUE,"declared_root_unmounted","S:/Lab_Member/Tobi/Experiments/Exp9_Social-Stress/Analysis/proteomics/data/processed/02_id_mapping/mapped/neuron_neuropil/forward/per_file/DGmosus_DGmocon.csv",158,"present",TRUE,2775124,FALSE,"runtime-required and the rebased path is directly usable"
"neuron_neuropil","data/processed/04_differential_expression_enrichment/clusterProfiler/neuron_neuropil/clusterProfiler_manifest.csv","input_gene_file","runtime_required","DGmosus_DGmores|GSEA_GO|BP",53,"success_with_terms","P://data/processed/02_id_mapping/mapped/neuron_neuropil/forward/per_file/DGmosus_DGmores.csv",92,"analysis/wgcna/compare_module_enrichment_overlap.R:238 read_protein_set",TRUE,"declared_root_unmounted","S:/Lab_Member/Tobi/Experiments/Exp9_Social-Stress/Analysis/proteomics/data/processed/02_id_mapping/mapped/neuron_neuropil/forward/per_file/DGmosus_DGmores.csv",158,"present",TRUE,2769283,FALSE,"runtime-required and the rebased path is directly usable"
"neuron_neuropil","data/processed/04_differential_expression_enrichment/clusterProfiler/neuron_neuropil/clusterProfiler_manifest.csv","input_gene_file","runtime_required","DGmosus_DGmores|GSEA_KEGG|KEGG",54,"success_with_terms","P://data/processed/02_id_mapping/mapped/neuron_neuropil/forward/per_file/DGmosus_DGmores.csv",92,"analysis/wgcna/compare_module_enrichment_overlap.R:238 read_protein_set",TRUE,"declared_root_unmounted","S:/Lab_Member/Tobi/Experiments/Exp9_Social-Stress/Analysis/proteomics/data/processed/02_id_mapping/mapped/neuron_neuropil/forward/per_file/DGmosus_DGmores.csv",158,"present",TRUE,2769283,FALSE,"runtime-required and the rebased path is directly usable"
"neuron_neuropil","data/processed/04_differential_expression_enrichment/clusterProfiler/neuron_neuropil/clusterProfiler_manifest.csv","input_gene_file","runtime_required","DGpores_DGpocon|GSEA_GO|BP",55,"success_with_terms","P://data/processed/02_id_mapping/mapped/neuron_neuropil/forward/per_file/DGpores_DGpocon.csv",92,"analysis/wgcna/compare_module_enrichment_overlap.R:238 read_protein_set",TRUE,"declared_root_unmounted","S:/Lab_Member/Tobi/Experiments/Exp9_Social-Stress/Analysis/proteomics/data/processed/02_id_mapping/mapped/neuron_neuropil/forward/per_file/DGpores_DGpocon.csv",158,"present",TRUE,2765929,FALSE,"runtime-required and the rebased path is directly usable"
"neuron_neuropil","data/processed/04_differential_expression_enrichment/clusterProfiler/neuron_neuropil/clusterProfiler_manifest.csv","input_gene_file","runtime_required","DGpores_DGpocon|GSEA_KEGG|KEGG",56,"success_with_terms","P://data/processed/02_id_mapping/mapped/neuron_neuropil/forward/per_file/DGpores_DGpocon.csv",92,"analysis/wgcna/compare_module_enrichment_overlap.R:238 read_protein_set",TRUE,"declared_root_unmounted","S:/Lab_Member/Tobi/Experiments/Exp9_Social-Stress/Analysis/proteomics/data/processed/02_id_mapping/mapped/neuron_neuropil/forward/per_file/DGpores_DGpocon.csv",158,"present",TRUE,2765929,FALSE,"runtime-required and the rebased path is directly usable"
"neuron_neuropil","data/processed/04_differential_expression_enrichment/clusterProfiler/neuron_neuropil/clusterProfiler_manifest.csv","input_gene_file","runtime_required","DGposus_DGpocon|GSEA_GO|BP",57,"success_with_terms","P://data/processed/02_id_mapping/mapped/neuron_neuropil/forward/per_file/DGposus_DGpocon.csv",92,"analysis/wgcna/compare_module_enrichment_overlap.R:238 read_protein_set",TRUE,"declared_root_unmounted","S:/Lab_Member/Tobi/Experiments/Exp9_Social-Stress/Analysis/proteomics/data/processed/02_id_mapping/mapped/neuron_neuropil/forward/per_file/DGposus_DGpocon.csv",158,"present",TRUE,2774472,FALSE,"runtime-required and the rebased path is directly usable"
"neuron_neuropil","data/processed/04_differential_expression_enrichment/clusterProfiler/neuron_neuropil/clusterProfiler_manifest.csv","input_gene_file","runtime_required","DGposus_DGpocon|GSEA_KEGG|KEGG",58,"success_with_terms","P://data/processed/02_id_mapping/mapped/neuron_neuropil/forward/per_file/DGposus_DGpocon.csv",92,"analysis/wgcna/compare_module_enrichment_overlap.R:238 read_protein_set",TRUE,"declared_root_unmounted","S:/Lab_Member/Tobi/Experiments/Exp9_Social-Stress/Analysis/proteomics/data/processed/02_id_mapping/mapped/neuron_neuropil/forward/per_file/DGposus_DGpocon.csv",158,"present",TRUE,2774472,FALSE,"runtime-required and the rebased path is directly usable"
"neuron_neuropil","data/processed/04_differential_expression_enrichment/clusterProfiler/neuron_neuropil/clusterProfiler_manifest.csv","input_gene_file","runtime_required","DGposus_DGpores|GSEA_GO|BP",59,"success_with_terms","P://data/processed/02_id_mapping/mapped/neuron_neuropil/forward/per_file/DGposus_DGpores.csv",92,"analysis/wgcna/compare_module_enrichment_overlap.R:238 read_protein_set",TRUE,"declared_root_unmounted","S:/Lab_Member/Tobi/Experiments/Exp9_Social-Stress/Analysis/proteomics/data/processed/02_id_mapping/mapped/neuron_neuropil/forward/per_file/DGposus_DGpores.csv",158,"present",TRUE,2773111,FALSE,"runtime-required and the rebased path is directly usable"
"neuron_neuropil","data/processed/04_differential_expression_enrichment/clusterProfiler/neuron_neuropil/clusterProfiler_manifest.csv","input_gene_file","runtime_required","DGposus_DGpores|GSEA_KEGG|KEGG",60,"success_with_terms","P://data/processed/02_id_mapping/mapped/neuron_neuropil/forward/per_file/DGposus_DGpores.csv",92,"analysis/wgcna/compare_module_enrichment_overlap.R:238 read_protein_set",TRUE,"declared_root_unmounted","S:/Lab_Member/Tobi/Experiments/Exp9_Social-Stress/Analysis/proteomics/data/processed/02_id_mapping/mapped/neuron_neuropil/forward/per_file/DGposus_DGpores.csv",158,"present",TRUE,2773111,FALSE,"runtime-required and the rebased path is directly usable"
"neuron_neuropil","data/processed/04_differential_expression_enrichment/clusterProfiler/neuron_neuropil/clusterProfiler_manifest.csv","collapsed_gene_provenance_file","provenance_only","CA1slmres_CA1slmcon|GSEA_GO|BP",1,"success_with_terms","P://data/processed/04_differential_expression_enrichment/clusterProfiler/neuron_neuropil/phenotype_within_unit/CA1_slm/CA1slmres_CA1slmcon/protein_group_audits/collapsed_gene_input_provenance.csv",195,"",FALSE,"declared_root_unmounted","S:/Lab_Member/Tobi/Experiments/Exp9_Social-Stress/Analysis/proteomics/data/processed/04_differential_expression_enrichment/clusterProfiler/neuron_neuropil/phenotype_within_unit/CA1_slm/CA1slmres_CA1slmcon/protein_group_audits/collapsed_gene_input_provenance.csv",261,"path_over_limit",TRUE,1268436,FALSE,"provenance only: no active code opens this field"
"neuron_neuropil","data/processed/04_differential_expression_enrichment/clusterProfiler/neuron_neuropil/clusterProfiler_manifest.csv","collapsed_gene_provenance_file","provenance_only","CA1slmres_CA1slmcon|GSEA_KEGG|KEGG",2,"success_with_terms","P://data/processed/04_differential_expression_enrichment/clusterProfiler/neuron_neuropil/phenotype_within_unit/CA1_slm/CA1slmres_CA1slmcon/protein_group_audits/collapsed_gene_input_provenance.csv",195,"",FALSE,"declared_root_unmounted","S:/Lab_Member/Tobi/Experiments/Exp9_Social-Stress/Analysis/proteomics/data/processed/04_differential_expression_enrichment/clusterProfiler/neuron_neuropil/phenotype_within_unit/CA1_slm/CA1slmres_CA1slmcon/protein_group_audits/collapsed_gene_input_provenance.csv",261,"path_over_limit",TRUE,1268436,FALSE,"provenance only: no active code opens this field"
"neuron_neuropil","data/processed/04_differential_expression_enrichment/clusterProfiler/neuron_neuropil/clusterProfiler_manifest.csv","collapsed_gene_provenance_file","provenance_only","CA1slmsus_CA1slmcon|GSEA_GO|BP",3,"success_with_terms","P://data/processed/04_differential_expression_enrichment/clusterProfiler/neuron_neuropil/phenotype_within_unit/CA1_slm/CA1slmsus_CA1slmcon/protein_group_audits/collapsed_gene_input_provenance.csv",195,"",FALSE,"declared_root_unmounted","S:/Lab_Member/Tobi/Experiments/Exp9_Social-Stress/Analysis/proteomics/data/processed/04_differential_expression_enrichment/clusterProfiler/neuron_neuropil/phenotype_within_unit/CA1_slm/CA1slmsus_CA1slmcon/protein_group_audits/collapsed_gene_input_provenance.csv",261,"path_over_limit",TRUE,1269816,FALSE,"provenance only: no active code opens this field"
"neuron_neuropil","data/processed/04_differential_expression_enrichment/clusterProfiler/neuron_neuropil/clusterProfiler_manifest.csv","collapsed_gene_provenance_file","provenance_only","CA1slmsus_CA1slmcon|GSEA_KEGG|KEGG",4,"success_with_terms","P://data/processed/04_differential_expression_enrichment/clusterProfiler/neuron_neuropil/phenotype_within_unit/CA1_slm/CA1slmsus_CA1slmcon/protein_group_audits/collapsed_gene_input_provenance.csv",195,"",FALSE,"declared_root_unmounted","S:/Lab_Member/Tobi/Experiments/Exp9_Social-Stress/Analysis/proteomics/data/processed/04_differential_expression_enrichment/clusterProfiler/neuron_neuropil/phenotype_within_unit/CA1_slm/CA1slmsus_CA1slmcon/protein_group_audits/collapsed_gene_input_provenance.csv",261,"path_over_limit",TRUE,1269816,FALSE,"provenance only: no active code opens this field"
"neuron_neuropil","data/processed/04_differential_expression_enrichment/clusterProfiler/neuron_neuropil/clusterProfiler_manifest.csv","collapsed_gene_provenance_file","provenance_only","CA1slmsus_CA1slmres|GSEA_GO|BP",5,"success_with_terms","P://data/processed/04_differential_expression_enrichment/clusterProfiler/neuron_neuropil/phenotype_within_unit/CA1_slm/CA1slmsus_CA1slmres/protein_group_audits/collapsed_gene_input_provenance.csv",195,"",FALSE,"declared_root_unmounted","S:/Lab_Member/Tobi/Experiments/Exp9_Social-Stress/Analysis/proteomics/data/processed/04_differential_expression_enrichment/clusterProfiler/neuron_neuropil/phenotype_within_unit/CA1_slm/CA1slmsus_CA1slmres/protein_group_audits/collapsed_gene_input_provenance.csv",261,"path_over_limit",TRUE,1274493,FALSE,"provenance only: no active code opens this field"
"neuron_neuropil","data/processed/04_differential_expression_enrichment/clusterProfiler/neuron_neuropil/clusterProfiler_manifest.csv","collapsed_gene_provenance_file","provenance_only","CA1slmsus_CA1slmres|GSEA_KEGG|KEGG",6,"success_with_terms","P://data/processed/04_differential_expression_enrichment/clusterProfiler/neuron_neuropil/phenotype_within_unit/CA1_slm/CA1slmsus_CA1slmres/protein_group_audits/collapsed_gene_input_provenance.csv",195,"",FALSE,"declared_root_unmounted","S:/Lab_Member/Tobi/Experiments/Exp9_Social-Stress/Analysis/proteomics/data/processed/04_differential_expression_enrichment/clusterProfiler/neuron_neuropil/phenotype_within_unit/CA1_slm/CA1slmsus_CA1slmres/protein_group_audits/collapsed_gene_input_provenance.csv",261,"path_over_limit",TRUE,1274493,FALSE,"provenance only: no active code opens this field"
"neuron_neuropil","data/processed/04_differential_expression_enrichment/clusterProfiler/neuron_neuropil/clusterProfiler_manifest.csv","collapsed_gene_provenance_file","provenance_only","CA1sores_CA1socon|GSEA_GO|BP",7,"success_with_terms","P://data/processed/04_differential_expression_enrichment/clusterProfiler/neuron_neuropil/phenotype_within_unit/CA1_so/CA1sores_CA1socon/protein_group_audits/collapsed_gene_input_provenance.csv",192,"",FALSE,"declared_root_unmounted","S:/Lab_Member/Tobi/Experiments/Exp9_Social-Stress/Analysis/proteomics/data/processed/04_differential_expression_enrichment/clusterProfiler/neuron_neuropil/phenotype_within_unit/CA1_so/CA1sores_CA1socon/protein_group_audits/collapsed_gene_input_provenance.csv",258,"present",TRUE,1273669,FALSE,"provenance only: no active code opens this field"
"neuron_neuropil","data/processed/04_differential_expression_enrichment/clusterProfiler/neuron_neuropil/clusterProfiler_manifest.csv","collapsed_gene_provenance_file","provenance_only","CA1sores_CA1socon|GSEA_KEGG|KEGG",8,"success_with_terms","P://data/processed/04_differential_expression_enrichment/clusterProfiler/neuron_neuropil/phenotype_within_unit/CA1_so/CA1sores_CA1socon/protein_group_audits/collapsed_gene_input_provenance.csv",192,"",FALSE,"declared_root_unmounted","S:/Lab_Member/Tobi/Experiments/Exp9_Social-Stress/Analysis/proteomics/data/processed/04_differential_expression_enrichment/clusterProfiler/neuron_neuropil/phenotype_within_unit/CA1_so/CA1sores_CA1socon/protein_group_audits/collapsed_gene_input_provenance.csv",258,"present",TRUE,1273669,FALSE,"provenance only: no active code opens this field"
"neuron_neuropil","data/processed/04_differential_expression_enrichment/clusterProfiler/neuron_neuropil/clusterProfiler_manifest.csv","collapsed_gene_provenance_file","provenance_only","CA1sosus_CA1socon|GSEA_GO|BP",9,"success_with_terms","P://data/processed/04_differential_expression_enrichment/clusterProfiler/neuron_neuropil/phenotype_within_unit/CA1_so/CA1sosus_CA1socon/protein_group_audits/collapsed_gene_input_provenance.csv",192,"",FALSE,"declared_root_unmounted","S:/Lab_Member/Tobi/Experiments/Exp9_Social-Stress/Analysis/proteomics/data/processed/04_differential_expression_enrichment/clusterProfiler/neuron_neuropil/phenotype_within_unit/CA1_so/CA1sosus_CA1socon/protein_group_audits/collapsed_gene_input_provenance.csv",258,"present",TRUE,1276557,FALSE,"provenance only: no active code opens this field"
"neuron_neuropil","data/processed/04_differential_expression_enrichment/clusterProfiler/neuron_neuropil/clusterProfiler_manifest.csv","collapsed_gene_provenance_file","provenance_only","CA1sosus_CA1socon|GSEA_KEGG|KEGG",10,"success_with_terms","P://data/processed/04_differential_expression_enrichment/clusterProfiler/neuron_neuropil/phenotype_within_unit/CA1_so/CA1sosus_CA1socon/protein_group_audits/collapsed_gene_input_provenance.csv",192,"",FALSE,"declared_root_unmounted","S:/Lab_Member/Tobi/Experiments/Exp9_Social-Stress/Analysis/proteomics/data/processed/04_differential_expression_enrichment/clusterProfiler/neuron_neuropil/phenotype_within_unit/CA1_so/CA1sosus_CA1socon/protein_group_audits/collapsed_gene_input_provenance.csv",258,"present",TRUE,1276557,FALSE,"provenance only: no active code opens this field"
"neuron_neuropil","data/processed/04_differential_expression_enrichment/clusterProfiler/neuron_neuropil/clusterProfiler_manifest.csv","collapsed_gene_provenance_file","provenance_only","CA1sosus_CA1sores|GSEA_GO|BP",11,"success_with_terms","P://data/processed/04_differential_expression_enrichment/clusterProfiler/neuron_neuropil/phenotype_within_unit/CA1_so/CA1sosus_CA1sores/protein_group_audits/collapsed_gene_input_provenance.csv",192,"",FALSE,"declared_root_unmounted","S:/Lab_Member/Tobi/Experiments/Exp9_Social-Stress/Analysis/proteomics/data/processed/04_differential_expression_enrichment/clusterProfiler/neuron_neuropil/phenotype_within_unit/CA1_so/CA1sosus_CA1sores/protein_group_audits/collapsed_gene_input_provenance.csv",258,"present",TRUE,1271358,FALSE,"provenance only: no active code opens this field"
"neuron_neuropil","data/processed/04_differential_expression_enrichment/clusterProfiler/neuron_neuropil/clusterProfiler_manifest.csv","collapsed_gene_provenance_file","provenance_only","CA1sosus_CA1sores|GSEA_KEGG|KEGG",12,"success_with_terms","P://data/processed/04_differential_expression_enrichment/clusterProfiler/neuron_neuropil/phenotype_within_unit/CA1_so/CA1sosus_CA1sores/protein_group_audits/collapsed_gene_input_provenance.csv",192,"",FALSE,"declared_root_unmounted","S:/Lab_Member/Tobi/Experiments/Exp9_Social-Stress/Analysis/proteomics/data/processed/04_differential_expression_enrichment/clusterProfiler/neuron_neuropil/phenotype_within_unit/CA1_so/CA1sosus_CA1sores/protein_group_audits/collapsed_gene_input_provenance.csv",258,"present",TRUE,1271358,FALSE,"provenance only: no active code opens this field"
"neuron_neuropil","data/processed/04_differential_expression_enrichment/clusterProfiler/neuron_neuropil/clusterProfiler_manifest.csv","collapsed_gene_provenance_file","provenance_only","CA1srres_CA1srcon|GSEA_GO|BP",13,"success_with_terms","P://data/processed/04_differential_expression_enrichment/clusterProfiler/neuron_neuropil/phenotype_within_unit/CA1_sr/CA1srres_CA1srcon/protein_group_audits/collapsed_gene_input_provenance.csv",192,"",FALSE,"declared_root_unmounted","S:/Lab_Member/Tobi/Experiments/Exp9_Social-Stress/Analysis/proteomics/data/processed/04_differential_expression_enrichment/clusterProfiler/neuron_neuropil/phenotype_within_unit/CA1_sr/CA1srres_CA1srcon/protein_group_audits/collapsed_gene_input_provenance.csv",258,"present",TRUE,1271807,FALSE,"provenance only: no active code opens this field"
"neuron_neuropil","data/processed/04_differential_expression_enrichment/clusterProfiler/neuron_neuropil/clusterProfiler_manifest.csv","collapsed_gene_provenance_file","provenance_only","CA1srres_CA1srcon|GSEA_KEGG|KEGG",14,"success_with_terms","P://data/processed/04_differential_expression_enrichment/clusterProfiler/neuron_neuropil/phenotype_within_unit/CA1_sr/CA1srres_CA1srcon/protein_group_audits/collapsed_gene_input_provenance.csv",192,"",FALSE,"declared_root_unmounted","S:/Lab_Member/Tobi/Experiments/Exp9_Social-Stress/Analysis/proteomics/data/processed/04_differential_expression_enrichment/clusterProfiler/neuron_neuropil/phenotype_within_unit/CA1_sr/CA1srres_CA1srcon/protein_group_audits/collapsed_gene_input_provenance.csv",258,"present",TRUE,1271807,FALSE,"provenance only: no active code opens this field"
"neuron_neuropil","data/processed/04_differential_expression_enrichment/clusterProfiler/neuron_neuropil/clusterProfiler_manifest.csv","collapsed_gene_provenance_file","provenance_only","CA1srsus_CA1srcon|GSEA_GO|BP",15,"success_with_terms","P://data/processed/04_differential_expression_enrichment/clusterProfiler/neuron_neuropil/phenotype_within_unit/CA1_sr/CA1srsus_CA1srcon/protein_group_audits/collapsed_gene_input_provenance.csv",192,"",FALSE,"declared_root_unmounted","S:/Lab_Member/Tobi/Experiments/Exp9_Social-Stress/Analysis/proteomics/data/processed/04_differential_expression_enrichment/clusterProfiler/neuron_neuropil/phenotype_within_unit/CA1_sr/CA1srsus_CA1srcon/protein_group_audits/collapsed_gene_input_provenance.csv",258,"present",TRUE,1276210,FALSE,"provenance only: no active code opens this field"
"neuron_neuropil","data/processed/04_differential_expression_enrichment/clusterProfiler/neuron_neuropil/clusterProfiler_manifest.csv","collapsed_gene_provenance_file","provenance_only","CA1srsus_CA1srcon|GSEA_KEGG|KEGG",16,"success_with_terms","P://data/processed/04_differential_expression_enrichment/clusterProfiler/neuron_neuropil/phenotype_within_unit/CA1_sr/CA1srsus_CA1srcon/protein_group_audits/collapsed_gene_input_provenance.csv",192,"",FALSE,"declared_root_unmounted","S:/Lab_Member/Tobi/Experiments/Exp9_Social-Stress/Analysis/proteomics/data/processed/04_differential_expression_enrichment/clusterProfiler/neuron_neuropil/phenotype_within_unit/CA1_sr/CA1srsus_CA1srcon/protein_group_audits/collapsed_gene_input_provenance.csv",258,"present",TRUE,1276210,FALSE,"provenance only: no active code opens this field"
"neuron_neuropil","data/processed/04_differential_expression_enrichment/clusterProfiler/neuron_neuropil/clusterProfiler_manifest.csv","collapsed_gene_provenance_file","provenance_only","CA1srsus_CA1srres|GSEA_GO|BP",17,"success_with_terms","P://data/processed/04_differential_expression_enrichment/clusterProfiler/neuron_neuropil/phenotype_within_unit/CA1_sr/CA1srsus_CA1srres/protein_group_audits/collapsed_gene_input_provenance.csv",192,"",FALSE,"declared_root_unmounted","S:/Lab_Member/Tobi/Experiments/Exp9_Social-Stress/Analysis/proteomics/data/processed/04_differential_expression_enrichment/clusterProfiler/neuron_neuropil/phenotype_within_unit/CA1_sr/CA1srsus_CA1srres/protein_group_audits/collapsed_gene_input_provenance.csv",258,"present",TRUE,1275839,FALSE,"provenance only: no active code opens this field"
"neuron_neuropil","data/processed/04_differential_expression_enrichment/clusterProfiler/neuron_neuropil/clusterProfiler_manifest.csv","collapsed_gene_provenance_file","provenance_only","CA1srsus_CA1srres|GSEA_KEGG|KEGG",18,"success_with_terms","P://data/processed/04_differential_expression_enrichment/clusterProfiler/neuron_neuropil/phenotype_within_unit/CA1_sr/CA1srsus_CA1srres/protein_group_audits/collapsed_gene_input_provenance.csv",192,"",FALSE,"declared_root_unmounted","S:/Lab_Member/Tobi/Experiments/Exp9_Social-Stress/Analysis/proteomics/data/processed/04_differential_expression_enrichment/clusterProfiler/neuron_neuropil/phenotype_within_unit/CA1_sr/CA1srsus_CA1srres/protein_group_audits/collapsed_gene_input_provenance.csv",258,"present",TRUE,1275839,FALSE,"provenance only: no active code opens this field"
"neuron_neuropil","data/processed/04_differential_expression_enrichment/clusterProfiler/neuron_neuropil/clusterProfiler_manifest.csv","collapsed_gene_provenance_file","provenance_only","CA2slmres_CA2slmcon|GSEA_GO|BP",19,"success_with_terms","P://data/processed/04_differential_expression_enrichment/clusterProfiler/neuron_neuropil/phenotype_within_unit/CA2_slm/CA2slmres_CA2slmcon/protein_group_audits/collapsed_gene_input_provenance.csv",195,"",FALSE,"declared_root_unmounted","S:/Lab_Member/Tobi/Experiments/Exp9_Social-Stress/Analysis/proteomics/data/processed/04_differential_expression_enrichment/clusterProfiler/neuron_neuropil/phenotype_within_unit/CA2_slm/CA2slmres_CA2slmcon/protein_group_audits/collapsed_gene_input_provenance.csv",261,"path_over_limit",TRUE,1271289,FALSE,"provenance only: no active code opens this field"
"neuron_neuropil","data/processed/04_differential_expression_enrichment/clusterProfiler/neuron_neuropil/clusterProfiler_manifest.csv","collapsed_gene_provenance_file","provenance_only","CA2slmres_CA2slmcon|GSEA_KEGG|KEGG",20,"success_with_terms","P://data/processed/04_differential_expression_enrichment/clusterProfiler/neuron_neuropil/phenotype_within_unit/CA2_slm/CA2slmres_CA2slmcon/protein_group_audits/collapsed_gene_input_provenance.csv",195,"",FALSE,"declared_root_unmounted","S:/Lab_Member/Tobi/Experiments/Exp9_Social-Stress/Analysis/proteomics/data/processed/04_differential_expression_enrichment/clusterProfiler/neuron_neuropil/phenotype_within_unit/CA2_slm/CA2slmres_CA2slmcon/protein_group_audits/collapsed_gene_input_provenance.csv",261,"path_over_limit",TRUE,1271289,FALSE,"provenance only: no active code opens this field"
"neuron_neuropil","data/processed/04_differential_expression_enrichment/clusterProfiler/neuron_neuropil/clusterProfiler_manifest.csv","collapsed_gene_provenance_file","provenance_only","CA2slmsus_CA2slmcon|GSEA_GO|BP",21,"success_with_terms","P://data/processed/04_differential_expression_enrichment/clusterProfiler/neuron_neuropil/phenotype_within_unit/CA2_slm/CA2slmsus_CA2slmcon/protein_group_audits/collapsed_gene_input_provenance.csv",195,"",FALSE,"declared_root_unmounted","S:/Lab_Member/Tobi/Experiments/Exp9_Social-Stress/Analysis/proteomics/data/processed/04_differential_expression_enrichment/clusterProfiler/neuron_neuropil/phenotype_within_unit/CA2_slm/CA2slmsus_CA2slmcon/protein_group_audits/collapsed_gene_input_provenance.csv",261,"path_over_limit",TRUE,1276493,FALSE,"provenance only: no active code opens this field"
"neuron_neuropil","data/processed/04_differential_expression_enrichment/clusterProfiler/neuron_neuropil/clusterProfiler_manifest.csv","collapsed_gene_provenance_file","provenance_only","CA2slmsus_CA2slmcon|GSEA_KEGG|KEGG",22,"success_with_terms","P://data/processed/04_differential_expression_enrichment/clusterProfiler/neuron_neuropil/phenotype_within_unit/CA2_slm/CA2slmsus_CA2slmcon/protein_group_audits/collapsed_gene_input_provenance.csv",195,"",FALSE,"declared_root_unmounted","S:/Lab_Member/Tobi/Experiments/Exp9_Social-Stress/Analysis/proteomics/data/processed/04_differential_expression_enrichment/clusterProfiler/neuron_neuropil/phenotype_within_unit/CA2_slm/CA2slmsus_CA2slmcon/protein_group_audits/collapsed_gene_input_provenance.csv",261,"path_over_limit",TRUE,1276493,FALSE,"provenance only: no active code opens this field"
"neuron_neuropil","data/processed/04_differential_expression_enrichment/clusterProfiler/neuron_neuropil/clusterProfiler_manifest.csv","collapsed_gene_provenance_file","provenance_only","CA2slmsus_CA2slmres|GSEA_GO|BP",23,"success_with_terms","P://data/processed/04_differential_expression_enrichment/clusterProfiler/neuron_neuropil/phenotype_within_unit/CA2_slm/CA2slmsus_CA2slmres/protein_group_audits/collapsed_gene_input_provenance.csv",195,"",FALSE,"declared_root_unmounted","S:/Lab_Member/Tobi/Experiments/Exp9_Social-Stress/Analysis/proteomics/data/processed/04_differential_expression_enrichment/clusterProfiler/neuron_neuropil/phenotype_within_unit/CA2_slm/CA2slmsus_CA2slmres/protein_group_audits/collapsed_gene_input_provenance.csv",261,"path_over_limit",TRUE,1276911,FALSE,"provenance only: no active code opens this field"
"neuron_neuropil","data/processed/04_differential_expression_enrichment/clusterProfiler/neuron_neuropil/clusterProfiler_manifest.csv","collapsed_gene_provenance_file","provenance_only","CA2slmsus_CA2slmres|GSEA_KEGG|KEGG",24,"success_with_terms","P://data/processed/04_differential_expression_enrichment/clusterProfiler/neuron_neuropil/phenotype_within_unit/CA2_slm/CA2slmsus_CA2slmres/protein_group_audits/collapsed_gene_input_provenance.csv",195,"",FALSE,"declared_root_unmounted","S:/Lab_Member/Tobi/Experiments/Exp9_Social-Stress/Analysis/proteomics/data/processed/04_differential_expression_enrichment/clusterProfiler/neuron_neuropil/phenotype_within_unit/CA2_slm/CA2slmsus_CA2slmres/protein_group_audits/collapsed_gene_input_provenance.csv",261,"path_over_limit",TRUE,1276911,FALSE,"provenance only: no active code opens this field"
"neuron_neuropil","data/processed/04_differential_expression_enrichment/clusterProfiler/neuron_neuropil/clusterProfiler_manifest.csv","collapsed_gene_provenance_file","provenance_only","CA2sores_CA2socon|GSEA_GO|BP",25,"success_with_terms","P://data/processed/04_differential_expression_enrichment/clusterProfiler/neuron_neuropil/phenotype_within_unit/CA2_so/CA2sores_CA2socon/protein_group_audits/collapsed_gene_input_provenance.csv",192,"",FALSE,"declared_root_unmounted","S:/Lab_Member/Tobi/Experiments/Exp9_Social-Stress/Analysis/proteomics/data/processed/04_differential_expression_enrichment/clusterProfiler/neuron_neuropil/phenotype_within_unit/CA2_so/CA2sores_CA2socon/protein_group_audits/collapsed_gene_input_provenance.csv",258,"present",TRUE,1275726,FALSE,"provenance only: no active code opens this field"
"neuron_neuropil","data/processed/04_differential_expression_enrichment/clusterProfiler/neuron_neuropil/clusterProfiler_manifest.csv","collapsed_gene_provenance_file","provenance_only","CA2sores_CA2socon|GSEA_KEGG|KEGG",26,"success_with_terms","P://data/processed/04_differential_expression_enrichment/clusterProfiler/neuron_neuropil/phenotype_within_unit/CA2_so/CA2sores_CA2socon/protein_group_audits/collapsed_gene_input_provenance.csv",192,"",FALSE,"declared_root_unmounted","S:/Lab_Member/Tobi/Experiments/Exp9_Social-Stress/Analysis/proteomics/data/processed/04_differential_expression_enrichment/clusterProfiler/neuron_neuropil/phenotype_within_unit/CA2_so/CA2sores_CA2socon/protein_group_audits/collapsed_gene_input_provenance.csv",258,"present",TRUE,1275726,FALSE,"provenance only: no active code opens this field"
"neuron_neuropil","data/processed/04_differential_expression_enrichment/clusterProfiler/neuron_neuropil/clusterProfiler_manifest.csv","collapsed_gene_provenance_file","provenance_only","CA2sosus_CA2socon|GSEA_GO|BP",27,"success_with_terms","P://data/processed/04_differential_expression_enrichment/clusterProfiler/neuron_neuropil/phenotype_within_unit/CA2_so/CA2sosus_CA2socon/protein_group_audits/collapsed_gene_input_provenance.csv",192,"",FALSE,"declared_root_unmounted","S:/Lab_Member/Tobi/Experiments/Exp9_Social-Stress/Analysis/proteomics/data/processed/04_differential_expression_enrichment/clusterProfiler/neuron_neuropil/phenotype_within_unit/CA2_so/CA2sosus_CA2socon/protein_group_audits/collapsed_gene_input_provenance.csv",258,"present",TRUE,1276011,FALSE,"provenance only: no active code opens this field"
"neuron_neuropil","data/processed/04_differential_expression_enrichment/clusterProfiler/neuron_neuropil/clusterProfiler_manifest.csv","collapsed_gene_provenance_file","provenance_only","CA2sosus_CA2socon|GSEA_KEGG|KEGG",28,"success_with_terms","P://data/processed/04_differential_expression_enrichment/clusterProfiler/neuron_neuropil/phenotype_within_unit/CA2_so/CA2sosus_CA2socon/protein_group_audits/collapsed_gene_input_provenance.csv",192,"",FALSE,"declared_root_unmounted","S:/Lab_Member/Tobi/Experiments/Exp9_Social-Stress/Analysis/proteomics/data/processed/04_differential_expression_enrichment/clusterProfiler/neuron_neuropil/phenotype_within_unit/CA2_so/CA2sosus_CA2socon/protein_group_audits/collapsed_gene_input_provenance.csv",258,"present",TRUE,1276011,FALSE,"provenance only: no active code opens this field"
"neuron_neuropil","data/processed/04_differential_expression_enrichment/clusterProfiler/neuron_neuropil/clusterProfiler_manifest.csv","collapsed_gene_provenance_file","provenance_only","CA2sosus_CA2sores|GSEA_GO|BP",29,"success_with_terms","P://data/processed/04_differential_expression_enrichment/clusterProfiler/neuron_neuropil/phenotype_within_unit/CA2_so/CA2sosus_CA2sores/protein_group_audits/collapsed_gene_input_provenance.csv",192,"",FALSE,"declared_root_unmounted","S:/Lab_Member/Tobi/Experiments/Exp9_Social-Stress/Analysis/proteomics/data/processed/04_differential_expression_enrichment/clusterProfiler/neuron_neuropil/phenotype_within_unit/CA2_so/CA2sosus_CA2sores/protein_group_audits/collapsed_gene_input_provenance.csv",258,"present",TRUE,1268820,FALSE,"provenance only: no active code opens this field"
"neuron_neuropil","data/processed/04_differential_expression_enrichment/clusterProfiler/neuron_neuropil/clusterProfiler_manifest.csv","collapsed_gene_provenance_file","provenance_only","CA2sosus_CA2sores|GSEA_KEGG|KEGG",30,"success_with_terms","P://data/processed/04_differential_expression_enrichment/clusterProfiler/neuron_neuropil/phenotype_within_unit/CA2_so/CA2sosus_CA2sores/protein_group_audits/collapsed_gene_input_provenance.csv",192,"",FALSE,"declared_root_unmounted","S:/Lab_Member/Tobi/Experiments/Exp9_Social-Stress/Analysis/proteomics/data/processed/04_differential_expression_enrichment/clusterProfiler/neuron_neuropil/phenotype_within_unit/CA2_so/CA2sosus_CA2sores/protein_group_audits/collapsed_gene_input_provenance.csv",258,"present",TRUE,1268820,FALSE,"provenance only: no active code opens this field"
"neuron_neuropil","data/processed/04_differential_expression_enrichment/clusterProfiler/neuron_neuropil/clusterProfiler_manifest.csv","collapsed_gene_provenance_file","provenance_only","CA2srres_CA2srcon|GSEA_GO|BP",31,"success_with_terms","P://data/processed/04_differential_expression_enrichment/clusterProfiler/neuron_neuropil/phenotype_within_unit/CA2_sr/CA2srres_CA2srcon/protein_group_audits/collapsed_gene_input_provenance.csv",192,"",FALSE,"declared_root_unmounted","S:/Lab_Member/Tobi/Experiments/Exp9_Social-Stress/Analysis/proteomics/data/processed/04_differential_expression_enrichment/clusterProfiler/neuron_neuropil/phenotype_within_unit/CA2_sr/CA2srres_CA2srcon/protein_group_audits/collapsed_gene_input_provenance.csv",258,"present",TRUE,1272162,FALSE,"provenance only: no active code opens this field"
"neuron_neuropil","data/processed/04_differential_expression_enrichment/clusterProfiler/neuron_neuropil/clusterProfiler_manifest.csv","collapsed_gene_provenance_file","provenance_only","CA2srres_CA2srcon|GSEA_KEGG|KEGG",32,"success_with_terms","P://data/processed/04_differential_expression_enrichment/clusterProfiler/neuron_neuropil/phenotype_within_unit/CA2_sr/CA2srres_CA2srcon/protein_group_audits/collapsed_gene_input_provenance.csv",192,"",FALSE,"declared_root_unmounted","S:/Lab_Member/Tobi/Experiments/Exp9_Social-Stress/Analysis/proteomics/data/processed/04_differential_expression_enrichment/clusterProfiler/neuron_neuropil/phenotype_within_unit/CA2_sr/CA2srres_CA2srcon/protein_group_audits/collapsed_gene_input_provenance.csv",258,"present",TRUE,1272162,FALSE,"provenance only: no active code opens this field"
"neuron_neuropil","data/processed/04_differential_expression_enrichment/clusterProfiler/neuron_neuropil/clusterProfiler_manifest.csv","collapsed_gene_provenance_file","provenance_only","CA2srsus_CA2srcon|GSEA_GO|BP",33,"success_with_terms","P://data/processed/04_differential_expression_enrichment/clusterProfiler/neuron_neuropil/phenotype_within_unit/CA2_sr/CA2srsus_CA2srcon/protein_group_audits/collapsed_gene_input_provenance.csv",192,"",FALSE,"declared_root_unmounted","S:/Lab_Member/Tobi/Experiments/Exp9_Social-Stress/Analysis/proteomics/data/processed/04_differential_expression_enrichment/clusterProfiler/neuron_neuropil/phenotype_within_unit/CA2_sr/CA2srsus_CA2srcon/protein_group_audits/collapsed_gene_input_provenance.csv",258,"present",TRUE,1273979,FALSE,"provenance only: no active code opens this field"
"neuron_neuropil","data/processed/04_differential_expression_enrichment/clusterProfiler/neuron_neuropil/clusterProfiler_manifest.csv","collapsed_gene_provenance_file","provenance_only","CA2srsus_CA2srcon|GSEA_KEGG|KEGG",34,"success_with_terms","P://data/processed/04_differential_expression_enrichment/clusterProfiler/neuron_neuropil/phenotype_within_unit/CA2_sr/CA2srsus_CA2srcon/protein_group_audits/collapsed_gene_input_provenance.csv",192,"",FALSE,"declared_root_unmounted","S:/Lab_Member/Tobi/Experiments/Exp9_Social-Stress/Analysis/proteomics/data/processed/04_differential_expression_enrichment/clusterProfiler/neuron_neuropil/phenotype_within_unit/CA2_sr/CA2srsus_CA2srcon/protein_group_audits/collapsed_gene_input_provenance.csv",258,"present",TRUE,1273979,FALSE,"provenance only: no active code opens this field"
"neuron_neuropil","data/processed/04_differential_expression_enrichment/clusterProfiler/neuron_neuropil/clusterProfiler_manifest.csv","collapsed_gene_provenance_file","provenance_only","CA2srsus_CA2srres|GSEA_GO|BP",35,"success_with_terms","P://data/processed/04_differential_expression_enrichment/clusterProfiler/neuron_neuropil/phenotype_within_unit/CA2_sr/CA2srsus_CA2srres/protein_group_audits/collapsed_gene_input_provenance.csv",192,"",FALSE,"declared_root_unmounted","S:/Lab_Member/Tobi/Experiments/Exp9_Social-Stress/Analysis/proteomics/data/processed/04_differential_expression_enrichment/clusterProfiler/neuron_neuropil/phenotype_within_unit/CA2_sr/CA2srsus_CA2srres/protein_group_audits/collapsed_gene_input_provenance.csv",258,"present",TRUE,1273626,FALSE,"provenance only: no active code opens this field"
"neuron_neuropil","data/processed/04_differential_expression_enrichment/clusterProfiler/neuron_neuropil/clusterProfiler_manifest.csv","collapsed_gene_provenance_file","provenance_only","CA2srsus_CA2srres|GSEA_KEGG|KEGG",36,"success_with_terms","P://data/processed/04_differential_expression_enrichment/clusterProfiler/neuron_neuropil/phenotype_within_unit/CA2_sr/CA2srsus_CA2srres/protein_group_audits/collapsed_gene_input_provenance.csv",192,"",FALSE,"declared_root_unmounted","S:/Lab_Member/Tobi/Experiments/Exp9_Social-Stress/Analysis/proteomics/data/processed/04_differential_expression_enrichment/clusterProfiler/neuron_neuropil/phenotype_within_unit/CA2_sr/CA2srsus_CA2srres/protein_group_audits/collapsed_gene_input_provenance.csv",258,"present",TRUE,1273626,FALSE,"provenance only: no active code opens this field"
"neuron_neuropil","data/processed/04_differential_expression_enrichment/clusterProfiler/neuron_neuropil/clusterProfiler_manifest.csv","collapsed_gene_provenance_file","provenance_only","CA3sores_CA3socon|GSEA_GO|BP",37,"success_with_terms","P://data/processed/04_differential_expression_enrichment/clusterProfiler/neuron_neuropil/phenotype_within_unit/CA3_so/CA3sores_CA3socon/protein_group_audits/collapsed_gene_input_provenance.csv",192,"",FALSE,"declared_root_unmounted","S:/Lab_Member/Tobi/Experiments/Exp9_Social-Stress/Analysis/proteomics/data/processed/04_differential_expression_enrichment/clusterProfiler/neuron_neuropil/phenotype_within_unit/CA3_so/CA3sores_CA3socon/protein_group_audits/collapsed_gene_input_provenance.csv",258,"present",TRUE,1268942,FALSE,"provenance only: no active code opens this field"
"neuron_neuropil","data/processed/04_differential_expression_enrichment/clusterProfiler/neuron_neuropil/clusterProfiler_manifest.csv","collapsed_gene_provenance_file","provenance_only","CA3sores_CA3socon|GSEA_KEGG|KEGG",38,"success_with_terms","P://data/processed/04_differential_expression_enrichment/clusterProfiler/neuron_neuropil/phenotype_within_unit/CA3_so/CA3sores_CA3socon/protein_group_audits/collapsed_gene_input_provenance.csv",192,"",FALSE,"declared_root_unmounted","S:/Lab_Member/Tobi/Experiments/Exp9_Social-Stress/Analysis/proteomics/data/processed/04_differential_expression_enrichment/clusterProfiler/neuron_neuropil/phenotype_within_unit/CA3_so/CA3sores_CA3socon/protein_group_audits/collapsed_gene_input_provenance.csv",258,"present",TRUE,1268942,FALSE,"provenance only: no active code opens this field"
"neuron_neuropil","data/processed/04_differential_expression_enrichment/clusterProfiler/neuron_neuropil/clusterProfiler_manifest.csv","collapsed_gene_provenance_file","provenance_only","CA3sosus_CA3socon|GSEA_GO|BP",39,"success_with_terms","P://data/processed/04_differential_expression_enrichment/clusterProfiler/neuron_neuropil/phenotype_within_unit/CA3_so/CA3sosus_CA3socon/protein_group_audits/collapsed_gene_input_provenance.csv",192,"",FALSE,"declared_root_unmounted","S:/Lab_Member/Tobi/Experiments/Exp9_Social-Stress/Analysis/proteomics/data/processed/04_differential_expression_enrichment/clusterProfiler/neuron_neuropil/phenotype_within_unit/CA3_so/CA3sosus_CA3socon/protein_group_audits/collapsed_gene_input_provenance.csv",258,"present",TRUE,1277815,FALSE,"provenance only: no active code opens this field"
"neuron_neuropil","data/processed/04_differential_expression_enrichment/clusterProfiler/neuron_neuropil/clusterProfiler_manifest.csv","collapsed_gene_provenance_file","provenance_only","CA3sosus_CA3socon|GSEA_KEGG|KEGG",40,"success_with_terms","P://data/processed/04_differential_expression_enrichment/clusterProfiler/neuron_neuropil/phenotype_within_unit/CA3_so/CA3sosus_CA3socon/protein_group_audits/collapsed_gene_input_provenance.csv",192,"",FALSE,"declared_root_unmounted","S:/Lab_Member/Tobi/Experiments/Exp9_Social-Stress/Analysis/proteomics/data/processed/04_differential_expression_enrichment/clusterProfiler/neuron_neuropil/phenotype_within_unit/CA3_so/CA3sosus_CA3socon/protein_group_audits/collapsed_gene_input_provenance.csv",258,"present",TRUE,1277815,FALSE,"provenance only: no active code opens this field"
"neuron_neuropil","data/processed/04_differential_expression_enrichment/clusterProfiler/neuron_neuropil/clusterProfiler_manifest.csv","collapsed_gene_provenance_file","provenance_only","CA3sosus_CA3sores|GSEA_GO|BP",41,"success_with_terms","P://data/processed/04_differential_expression_enrichment/clusterProfiler/neuron_neuropil/phenotype_within_unit/CA3_so/CA3sosus_CA3sores/protein_group_audits/collapsed_gene_input_provenance.csv",192,"",FALSE,"declared_root_unmounted","S:/Lab_Member/Tobi/Experiments/Exp9_Social-Stress/Analysis/proteomics/data/processed/04_differential_expression_enrichment/clusterProfiler/neuron_neuropil/phenotype_within_unit/CA3_so/CA3sosus_CA3sores/protein_group_audits/collapsed_gene_input_provenance.csv",258,"present",TRUE,1276995,FALSE,"provenance only: no active code opens this field"
"neuron_neuropil","data/processed/04_differential_expression_enrichment/clusterProfiler/neuron_neuropil/clusterProfiler_manifest.csv","collapsed_gene_provenance_file","provenance_only","CA3sosus_CA3sores|GSEA_KEGG|KEGG",42,"success_with_terms","P://data/processed/04_differential_expression_enrichment/clusterProfiler/neuron_neuropil/phenotype_within_unit/CA3_so/CA3sosus_CA3sores/protein_group_audits/collapsed_gene_input_provenance.csv",192,"",FALSE,"declared_root_unmounted","S:/Lab_Member/Tobi/Experiments/Exp9_Social-Stress/Analysis/proteomics/data/processed/04_differential_expression_enrichment/clusterProfiler/neuron_neuropil/phenotype_within_unit/CA3_so/CA3sosus_CA3sores/protein_group_audits/collapsed_gene_input_provenance.csv",258,"present",TRUE,1276995,FALSE,"provenance only: no active code opens this field"
"neuron_neuropil","data/processed/04_differential_expression_enrichment/clusterProfiler/neuron_neuropil/clusterProfiler_manifest.csv","collapsed_gene_provenance_file","provenance_only","CA3srres_CA3srcon|GSEA_GO|BP",43,"success_with_terms","P://data/processed/04_differential_expression_enrichment/clusterProfiler/neuron_neuropil/phenotype_within_unit/CA3_sr/CA3srres_CA3srcon/protein_group_audits/collapsed_gene_input_provenance.csv",192,"",FALSE,"declared_root_unmounted","S:/Lab_Member/Tobi/Experiments/Exp9_Social-Stress/Analysis/proteomics/data/processed/04_differential_expression_enrichment/clusterProfiler/neuron_neuropil/phenotype_within_unit/CA3_sr/CA3srres_CA3srcon/protein_group_audits/collapsed_gene_input_provenance.csv",258,"present",TRUE,1272749,FALSE,"provenance only: no active code opens this field"
"neuron_neuropil","data/processed/04_differential_expression_enrichment/clusterProfiler/neuron_neuropil/clusterProfiler_manifest.csv","collapsed_gene_provenance_file","provenance_only","CA3srres_CA3srcon|GSEA_KEGG|KEGG",44,"success_with_terms","P://data/processed/04_differential_expression_enrichment/clusterProfiler/neuron_neuropil/phenotype_within_unit/CA3_sr/CA3srres_CA3srcon/protein_group_audits/collapsed_gene_input_provenance.csv",192,"",FALSE,"declared_root_unmounted","S:/Lab_Member/Tobi/Experiments/Exp9_Social-Stress/Analysis/proteomics/data/processed/04_differential_expression_enrichment/clusterProfiler/neuron_neuropil/phenotype_within_unit/CA3_sr/CA3srres_CA3srcon/protein_group_audits/collapsed_gene_input_provenance.csv",258,"present",TRUE,1272749,FALSE,"provenance only: no active code opens this field"
"neuron_neuropil","data/processed/04_differential_expression_enrichment/clusterProfiler/neuron_neuropil/clusterProfiler_manifest.csv","collapsed_gene_provenance_file","provenance_only","CA3srsus_CA3srcon|GSEA_GO|BP",45,"success_with_terms","P://data/processed/04_differential_expression_enrichment/clusterProfiler/neuron_neuropil/phenotype_within_unit/CA3_sr/CA3srsus_CA3srcon/protein_group_audits/collapsed_gene_input_provenance.csv",192,"",FALSE,"declared_root_unmounted","S:/Lab_Member/Tobi/Experiments/Exp9_Social-Stress/Analysis/proteomics/data/processed/04_differential_expression_enrichment/clusterProfiler/neuron_neuropil/phenotype_within_unit/CA3_sr/CA3srsus_CA3srcon/protein_group_audits/collapsed_gene_input_provenance.csv",258,"present",TRUE,1277750,FALSE,"provenance only: no active code opens this field"
"neuron_neuropil","data/processed/04_differential_expression_enrichment/clusterProfiler/neuron_neuropil/clusterProfiler_manifest.csv","collapsed_gene_provenance_file","provenance_only","CA3srsus_CA3srcon|GSEA_KEGG|KEGG",46,"success_with_terms","P://data/processed/04_differential_expression_enrichment/clusterProfiler/neuron_neuropil/phenotype_within_unit/CA3_sr/CA3srsus_CA3srcon/protein_group_audits/collapsed_gene_input_provenance.csv",192,"",FALSE,"declared_root_unmounted","S:/Lab_Member/Tobi/Experiments/Exp9_Social-Stress/Analysis/proteomics/data/processed/04_differential_expression_enrichment/clusterProfiler/neuron_neuropil/phenotype_within_unit/CA3_sr/CA3srsus_CA3srcon/protein_group_audits/collapsed_gene_input_provenance.csv",258,"present",TRUE,1277750,FALSE,"provenance only: no active code opens this field"
"neuron_neuropil","data/processed/04_differential_expression_enrichment/clusterProfiler/neuron_neuropil/clusterProfiler_manifest.csv","collapsed_gene_provenance_file","provenance_only","CA3srsus_CA3srres|GSEA_GO|BP",47,"success_with_terms","P://data/processed/04_differential_expression_enrichment/clusterProfiler/neuron_neuropil/phenotype_within_unit/CA3_sr/CA3srsus_CA3srres/protein_group_audits/collapsed_gene_input_provenance.csv",192,"",FALSE,"declared_root_unmounted","S:/Lab_Member/Tobi/Experiments/Exp9_Social-Stress/Analysis/proteomics/data/processed/04_differential_expression_enrichment/clusterProfiler/neuron_neuropil/phenotype_within_unit/CA3_sr/CA3srsus_CA3srres/protein_group_audits/collapsed_gene_input_provenance.csv",258,"present",TRUE,1276342,FALSE,"provenance only: no active code opens this field"
"neuron_neuropil","data/processed/04_differential_expression_enrichment/clusterProfiler/neuron_neuropil/clusterProfiler_manifest.csv","collapsed_gene_provenance_file","provenance_only","CA3srsus_CA3srres|GSEA_KEGG|KEGG",48,"success_with_terms","P://data/processed/04_differential_expression_enrichment/clusterProfiler/neuron_neuropil/phenotype_within_unit/CA3_sr/CA3srsus_CA3srres/protein_group_audits/collapsed_gene_input_provenance.csv",192,"",FALSE,"declared_root_unmounted","S:/Lab_Member/Tobi/Experiments/Exp9_Social-Stress/Analysis/proteomics/data/processed/04_differential_expression_enrichment/clusterProfiler/neuron_neuropil/phenotype_within_unit/CA3_sr/CA3srsus_CA3srres/protein_group_audits/collapsed_gene_input_provenance.csv",258,"present",TRUE,1276342,FALSE,"provenance only: no active code opens this field"
"neuron_neuropil","data/processed/04_differential_expression_enrichment/clusterProfiler/neuron_neuropil/clusterProfiler_manifest.csv","collapsed_gene_provenance_file","provenance_only","DGmores_DGmocon|GSEA_GO|BP",49,"success_with_terms","P://data/processed/04_differential_expression_enrichment/clusterProfiler/neuron_neuropil/phenotype_within_unit/DG_mo/DGmores_DGmocon/protein_group_audits/collapsed_gene_input_provenance.csv",189,"",FALSE,"declared_root_unmounted","S:/Lab_Member/Tobi/Experiments/Exp9_Social-Stress/Analysis/proteomics/data/processed/04_differential_expression_enrichment/clusterProfiler/neuron_neuropil/phenotype_within_unit/DG_mo/DGmores_DGmocon/protein_group_audits/collapsed_gene_input_provenance.csv",255,"present",TRUE,1271819,FALSE,"provenance only: no active code opens this field"
"neuron_neuropil","data/processed/04_differential_expression_enrichment/clusterProfiler/neuron_neuropil/clusterProfiler_manifest.csv","collapsed_gene_provenance_file","provenance_only","DGmores_DGmocon|GSEA_KEGG|KEGG",50,"success_with_terms","P://data/processed/04_differential_expression_enrichment/clusterProfiler/neuron_neuropil/phenotype_within_unit/DG_mo/DGmores_DGmocon/protein_group_audits/collapsed_gene_input_provenance.csv",189,"",FALSE,"declared_root_unmounted","S:/Lab_Member/Tobi/Experiments/Exp9_Social-Stress/Analysis/proteomics/data/processed/04_differential_expression_enrichment/clusterProfiler/neuron_neuropil/phenotype_within_unit/DG_mo/DGmores_DGmocon/protein_group_audits/collapsed_gene_input_provenance.csv",255,"present",TRUE,1271819,FALSE,"provenance only: no active code opens this field"
"neuron_neuropil","data/processed/04_differential_expression_enrichment/clusterProfiler/neuron_neuropil/clusterProfiler_manifest.csv","collapsed_gene_provenance_file","provenance_only","DGmosus_DGmocon|GSEA_GO|BP",51,"success_with_terms","P://data/processed/04_differential_expression_enrichment/clusterProfiler/neuron_neuropil/phenotype_within_unit/DG_mo/DGmosus_DGmocon/protein_group_audits/collapsed_gene_input_provenance.csv",189,"",FALSE,"declared_root_unmounted","S:/Lab_Member/Tobi/Experiments/Exp9_Social-Stress/Analysis/proteomics/data/processed/04_differential_expression_enrichment/clusterProfiler/neuron_neuropil/phenotype_within_unit/DG_mo/DGmosus_DGmocon/protein_group_audits/collapsed_gene_input_provenance.csv",255,"present",TRUE,1277041,FALSE,"provenance only: no active code opens this field"
"neuron_neuropil","data/processed/04_differential_expression_enrichment/clusterProfiler/neuron_neuropil/clusterProfiler_manifest.csv","collapsed_gene_provenance_file","provenance_only","DGmosus_DGmocon|GSEA_KEGG|KEGG",52,"success_with_terms","P://data/processed/04_differential_expression_enrichment/clusterProfiler/neuron_neuropil/phenotype_within_unit/DG_mo/DGmosus_DGmocon/protein_group_audits/collapsed_gene_input_provenance.csv",189,"",FALSE,"declared_root_unmounted","S:/Lab_Member/Tobi/Experiments/Exp9_Social-Stress/Analysis/proteomics/data/processed/04_differential_expression_enrichment/clusterProfiler/neuron_neuropil/phenotype_within_unit/DG_mo/DGmosus_DGmocon/protein_group_audits/collapsed_gene_input_provenance.csv",255,"present",TRUE,1277041,FALSE,"provenance only: no active code opens this field"
"neuron_neuropil","data/processed/04_differential_expression_enrichment/clusterProfiler/neuron_neuropil/clusterProfiler_manifest.csv","collapsed_gene_provenance_file","provenance_only","DGmosus_DGmores|GSEA_GO|BP",53,"success_with_terms","P://data/processed/04_differential_expression_enrichment/clusterProfiler/neuron_neuropil/phenotype_within_unit/DG_mo/DGmosus_DGmores/protein_group_audits/collapsed_gene_input_provenance.csv",189,"",FALSE,"declared_root_unmounted","S:/Lab_Member/Tobi/Experiments/Exp9_Social-Stress/Analysis/proteomics/data/processed/04_differential_expression_enrichment/clusterProfiler/neuron_neuropil/phenotype_within_unit/DG_mo/DGmosus_DGmores/protein_group_audits/collapsed_gene_input_provenance.csv",255,"present",TRUE,1271622,FALSE,"provenance only: no active code opens this field"
"neuron_neuropil","data/processed/04_differential_expression_enrichment/clusterProfiler/neuron_neuropil/clusterProfiler_manifest.csv","collapsed_gene_provenance_file","provenance_only","DGmosus_DGmores|GSEA_KEGG|KEGG",54,"success_with_terms","P://data/processed/04_differential_expression_enrichment/clusterProfiler/neuron_neuropil/phenotype_within_unit/DG_mo/DGmosus_DGmores/protein_group_audits/collapsed_gene_input_provenance.csv",189,"",FALSE,"declared_root_unmounted","S:/Lab_Member/Tobi/Experiments/Exp9_Social-Stress/Analysis/proteomics/data/processed/04_differential_expression_enrichment/clusterProfiler/neuron_neuropil/phenotype_within_unit/DG_mo/DGmosus_DGmores/protein_group_audits/collapsed_gene_input_provenance.csv",255,"present",TRUE,1271622,FALSE,"provenance only: no active code opens this field"
"neuron_neuropil","data/processed/04_differential_expression_enrichment/clusterProfiler/neuron_neuropil/clusterProfiler_manifest.csv","collapsed_gene_provenance_file","provenance_only","DGpores_DGpocon|GSEA_GO|BP",55,"success_with_terms","P://data/processed/04_differential_expression_enrichment/clusterProfiler/neuron_neuropil/phenotype_within_unit/DG_po/DGpores_DGpocon/protein_group_audits/collapsed_gene_input_provenance.csv",189,"",FALSE,"declared_root_unmounted","S:/Lab_Member/Tobi/Experiments/Exp9_Social-Stress/Analysis/proteomics/data/processed/04_differential_expression_enrichment/clusterProfiler/neuron_neuropil/phenotype_within_unit/DG_po/DGpores_DGpocon/protein_group_audits/collapsed_gene_input_provenance.csv",255,"present",TRUE,1264424,FALSE,"provenance only: no active code opens this field"
"neuron_neuropil","data/processed/04_differential_expression_enrichment/clusterProfiler/neuron_neuropil/clusterProfiler_manifest.csv","collapsed_gene_provenance_file","provenance_only","DGpores_DGpocon|GSEA_KEGG|KEGG",56,"success_with_terms","P://data/processed/04_differential_expression_enrichment/clusterProfiler/neuron_neuropil/phenotype_within_unit/DG_po/DGpores_DGpocon/protein_group_audits/collapsed_gene_input_provenance.csv",189,"",FALSE,"declared_root_unmounted","S:/Lab_Member/Tobi/Experiments/Exp9_Social-Stress/Analysis/proteomics/data/processed/04_differential_expression_enrichment/clusterProfiler/neuron_neuropil/phenotype_within_unit/DG_po/DGpores_DGpocon/protein_group_audits/collapsed_gene_input_provenance.csv",255,"present",TRUE,1264424,FALSE,"provenance only: no active code opens this field"
"neuron_neuropil","data/processed/04_differential_expression_enrichment/clusterProfiler/neuron_neuropil/clusterProfiler_manifest.csv","collapsed_gene_provenance_file","provenance_only","DGposus_DGpocon|GSEA_GO|BP",57,"success_with_terms","P://data/processed/04_differential_expression_enrichment/clusterProfiler/neuron_neuropil/phenotype_within_unit/DG_po/DGposus_DGpocon/protein_group_audits/collapsed_gene_input_provenance.csv",189,"",FALSE,"declared_root_unmounted","S:/Lab_Member/Tobi/Experiments/Exp9_Social-Stress/Analysis/proteomics/data/processed/04_differential_expression_enrichment/clusterProfiler/neuron_neuropil/phenotype_within_unit/DG_po/DGposus_DGpocon/protein_group_audits/collapsed_gene_input_provenance.csv",255,"present",TRUE,1276948,FALSE,"provenance only: no active code opens this field"
"neuron_neuropil","data/processed/04_differential_expression_enrichment/clusterProfiler/neuron_neuropil/clusterProfiler_manifest.csv","collapsed_gene_provenance_file","provenance_only","DGposus_DGpocon|GSEA_KEGG|KEGG",58,"success_with_terms","P://data/processed/04_differential_expression_enrichment/clusterProfiler/neuron_neuropil/phenotype_within_unit/DG_po/DGposus_DGpocon/protein_group_audits/collapsed_gene_input_provenance.csv",189,"",FALSE,"declared_root_unmounted","S:/Lab_Member/Tobi/Experiments/Exp9_Social-Stress/Analysis/proteomics/data/processed/04_differential_expression_enrichment/clusterProfiler/neuron_neuropil/phenotype_within_unit/DG_po/DGposus_DGpocon/protein_group_audits/collapsed_gene_input_provenance.csv",255,"present",TRUE,1276948,FALSE,"provenance only: no active code opens this field"
"neuron_neuropil","data/processed/04_differential_expression_enrichment/clusterProfiler/neuron_neuropil/clusterProfiler_manifest.csv","collapsed_gene_provenance_file","provenance_only","DGposus_DGpores|GSEA_GO|BP",59,"success_with_terms","P://data/processed/04_differential_expression_enrichment/clusterProfiler/neuron_neuropil/phenotype_within_unit/DG_po/DGposus_DGpores/protein_group_audits/collapsed_gene_input_provenance.csv",189,"",FALSE,"declared_root_unmounted","S:/Lab_Member/Tobi/Experiments/Exp9_Social-Stress/Analysis/proteomics/data/processed/04_differential_expression_enrichment/clusterProfiler/neuron_neuropil/phenotype_within_unit/DG_po/DGposus_DGpores/protein_group_audits/collapsed_gene_input_provenance.csv",255,"present",TRUE,1277091,FALSE,"provenance only: no active code opens this field"
"neuron_neuropil","data/processed/04_differential_expression_enrichment/clusterProfiler/neuron_neuropil/clusterProfiler_manifest.csv","collapsed_gene_provenance_file","provenance_only","DGposus_DGpores|GSEA_KEGG|KEGG",60,"success_with_terms","P://data/processed/04_differential_expression_enrichment/clusterProfiler/neuron_neuropil/phenotype_within_unit/DG_po/DGposus_DGpores/protein_group_audits/collapsed_gene_input_provenance.csv",189,"",FALSE,"declared_root_unmounted","S:/Lab_Member/Tobi/Experiments/Exp9_Social-Stress/Analysis/proteomics/data/processed/04_differential_expression_enrichment/clusterProfiler/neuron_neuropil/phenotype_within_unit/DG_po/DGposus_DGpores/protein_group_audits/collapsed_gene_input_provenance.csv",255,"present",TRUE,1277091,FALSE,"provenance only: no active code opens this field"
"neuron_neuropil","data/processed/04_differential_expression_enrichment/clusterProfiler/neuron_neuropil/clusterProfiler_manifest.csv","config_file","provenance_only","CA1slmres_CA1slmcon|GSEA_GO|BP",1,"success_with_terms","P://config/clusterProfiler_config.yml",37,"",FALSE,"declared_root_unmounted","S:/Lab_Member/Tobi/Experiments/Exp9_Social-Stress/Analysis/proteomics/config/clusterProfiler_config.yml",103,"present",TRUE,1993,FALSE,"provenance only: no active code opens this field"
"neuron_neuropil","data/processed/04_differential_expression_enrichment/clusterProfiler/neuron_neuropil/clusterProfiler_manifest.csv","config_file","provenance_only","CA1slmres_CA1slmcon|GSEA_KEGG|KEGG",2,"success_with_terms","P://config/clusterProfiler_config.yml",37,"",FALSE,"declared_root_unmounted","S:/Lab_Member/Tobi/Experiments/Exp9_Social-Stress/Analysis/proteomics/config/clusterProfiler_config.yml",103,"present",TRUE,1993,FALSE,"provenance only: no active code opens this field"
"neuron_neuropil","data/processed/04_differential_expression_enrichment/clusterProfiler/neuron_neuropil/clusterProfiler_manifest.csv","config_file","provenance_only","CA1slmsus_CA1slmcon|GSEA_GO|BP",3,"success_with_terms","P://config/clusterProfiler_config.yml",37,"",FALSE,"declared_root_unmounted","S:/Lab_Member/Tobi/Experiments/Exp9_Social-Stress/Analysis/proteomics/config/clusterProfiler_config.yml",103,"present",TRUE,1993,FALSE,"provenance only: no active code opens this field"
"neuron_neuropil","data/processed/04_differential_expression_enrichment/clusterProfiler/neuron_neuropil/clusterProfiler_manifest.csv","config_file","provenance_only","CA1slmsus_CA1slmcon|GSEA_KEGG|KEGG",4,"success_with_terms","P://config/clusterProfiler_config.yml",37,"",FALSE,"declared_root_unmounted","S:/Lab_Member/Tobi/Experiments/Exp9_Social-Stress/Analysis/proteomics/config/clusterProfiler_config.yml",103,"present",TRUE,1993,FALSE,"provenance only: no active code opens this field"
"neuron_neuropil","data/processed/04_differential_expression_enrichment/clusterProfiler/neuron_neuropil/clusterProfiler_manifest.csv","config_file","provenance_only","CA1slmsus_CA1slmres|GSEA_GO|BP",5,"success_with_terms","P://config/clusterProfiler_config.yml",37,"",FALSE,"declared_root_unmounted","S:/Lab_Member/Tobi/Experiments/Exp9_Social-Stress/Analysis/proteomics/config/clusterProfiler_config.yml",103,"present",TRUE,1993,FALSE,"provenance only: no active code opens this field"
"neuron_neuropil","data/processed/04_differential_expression_enrichment/clusterProfiler/neuron_neuropil/clusterProfiler_manifest.csv","config_file","provenance_only","CA1slmsus_CA1slmres|GSEA_KEGG|KEGG",6,"success_with_terms","P://config/clusterProfiler_config.yml",37,"",FALSE,"declared_root_unmounted","S:/Lab_Member/Tobi/Experiments/Exp9_Social-Stress/Analysis/proteomics/config/clusterProfiler_config.yml",103,"present",TRUE,1993,FALSE,"provenance only: no active code opens this field"
"neuron_neuropil","data/processed/04_differential_expression_enrichment/clusterProfiler/neuron_neuropil/clusterProfiler_manifest.csv","config_file","provenance_only","CA1sores_CA1socon|GSEA_GO|BP",7,"success_with_terms","P://config/clusterProfiler_config.yml",37,"",FALSE,"declared_root_unmounted","S:/Lab_Member/Tobi/Experiments/Exp9_Social-Stress/Analysis/proteomics/config/clusterProfiler_config.yml",103,"present",TRUE,1993,FALSE,"provenance only: no active code opens this field"
"neuron_neuropil","data/processed/04_differential_expression_enrichment/clusterProfiler/neuron_neuropil/clusterProfiler_manifest.csv","config_file","provenance_only","CA1sores_CA1socon|GSEA_KEGG|KEGG",8,"success_with_terms","P://config/clusterProfiler_config.yml",37,"",FALSE,"declared_root_unmounted","S:/Lab_Member/Tobi/Experiments/Exp9_Social-Stress/Analysis/proteomics/config/clusterProfiler_config.yml",103,"present",TRUE,1993,FALSE,"provenance only: no active code opens this field"
"neuron_neuropil","data/processed/04_differential_expression_enrichment/clusterProfiler/neuron_neuropil/clusterProfiler_manifest.csv","config_file","provenance_only","CA1sosus_CA1socon|GSEA_GO|BP",9,"success_with_terms","P://config/clusterProfiler_config.yml",37,"",FALSE,"declared_root_unmounted","S:/Lab_Member/Tobi/Experiments/Exp9_Social-Stress/Analysis/proteomics/config/clusterProfiler_config.yml",103,"present",TRUE,1993,FALSE,"provenance only: no active code opens this field"
"neuron_neuropil","data/processed/04_differential_expression_enrichment/clusterProfiler/neuron_neuropil/clusterProfiler_manifest.csv","config_file","provenance_only","CA1sosus_CA1socon|GSEA_KEGG|KEGG",10,"success_with_terms","P://config/clusterProfiler_config.yml",37,"",FALSE,"declared_root_unmounted","S:/Lab_Member/Tobi/Experiments/Exp9_Social-Stress/Analysis/proteomics/config/clusterProfiler_config.yml",103,"present",TRUE,1993,FALSE,"provenance only: no active code opens this field"
"neuron_neuropil","data/processed/04_differential_expression_enrichment/clusterProfiler/neuron_neuropil/clusterProfiler_manifest.csv","config_file","provenance_only","CA1sosus_CA1sores|GSEA_GO|BP",11,"success_with_terms","P://config/clusterProfiler_config.yml",37,"",FALSE,"declared_root_unmounted","S:/Lab_Member/Tobi/Experiments/Exp9_Social-Stress/Analysis/proteomics/config/clusterProfiler_config.yml",103,"present",TRUE,1993,FALSE,"provenance only: no active code opens this field"
"neuron_neuropil","data/processed/04_differential_expression_enrichment/clusterProfiler/neuron_neuropil/clusterProfiler_manifest.csv","config_file","provenance_only","CA1sosus_CA1sores|GSEA_KEGG|KEGG",12,"success_with_terms","P://config/clusterProfiler_config.yml",37,"",FALSE,"declared_root_unmounted","S:/Lab_Member/Tobi/Experiments/Exp9_Social-Stress/Analysis/proteomics/config/clusterProfiler_config.yml",103,"present",TRUE,1993,FALSE,"provenance only: no active code opens this field"
"neuron_neuropil","data/processed/04_differential_expression_enrichment/clusterProfiler/neuron_neuropil/clusterProfiler_manifest.csv","config_file","provenance_only","CA1srres_CA1srcon|GSEA_GO|BP",13,"success_with_terms","P://config/clusterProfiler_config.yml",37,"",FALSE,"declared_root_unmounted","S:/Lab_Member/Tobi/Experiments/Exp9_Social-Stress/Analysis/proteomics/config/clusterProfiler_config.yml",103,"present",TRUE,1993,FALSE,"provenance only: no active code opens this field"
"neuron_neuropil","data/processed/04_differential_expression_enrichment/clusterProfiler/neuron_neuropil/clusterProfiler_manifest.csv","config_file","provenance_only","CA1srres_CA1srcon|GSEA_KEGG|KEGG",14,"success_with_terms","P://config/clusterProfiler_config.yml",37,"",FALSE,"declared_root_unmounted","S:/Lab_Member/Tobi/Experiments/Exp9_Social-Stress/Analysis/proteomics/config/clusterProfiler_config.yml",103,"present",TRUE,1993,FALSE,"provenance only: no active code opens this field"
"neuron_neuropil","data/processed/04_differential_expression_enrichment/clusterProfiler/neuron_neuropil/clusterProfiler_manifest.csv","config_file","provenance_only","CA1srsus_CA1srcon|GSEA_GO|BP",15,"success_with_terms","P://config/clusterProfiler_config.yml",37,"",FALSE,"declared_root_unmounted","S:/Lab_Member/Tobi/Experiments/Exp9_Social-Stress/Analysis/proteomics/config/clusterProfiler_config.yml",103,"present",TRUE,1993,FALSE,"provenance only: no active code opens this field"
"neuron_neuropil","data/processed/04_differential_expression_enrichment/clusterProfiler/neuron_neuropil/clusterProfiler_manifest.csv","config_file","provenance_only","CA1srsus_CA1srcon|GSEA_KEGG|KEGG",16,"success_with_terms","P://config/clusterProfiler_config.yml",37,"",FALSE,"declared_root_unmounted","S:/Lab_Member/Tobi/Experiments/Exp9_Social-Stress/Analysis/proteomics/config/clusterProfiler_config.yml",103,"present",TRUE,1993,FALSE,"provenance only: no active code opens this field"
"neuron_neuropil","data/processed/04_differential_expression_enrichment/clusterProfiler/neuron_neuropil/clusterProfiler_manifest.csv","config_file","provenance_only","CA1srsus_CA1srres|GSEA_GO|BP",17,"success_with_terms","P://config/clusterProfiler_config.yml",37,"",FALSE,"declared_root_unmounted","S:/Lab_Member/Tobi/Experiments/Exp9_Social-Stress/Analysis/proteomics/config/clusterProfiler_config.yml",103,"present",TRUE,1993,FALSE,"provenance only: no active code opens this field"
"neuron_neuropil","data/processed/04_differential_expression_enrichment/clusterProfiler/neuron_neuropil/clusterProfiler_manifest.csv","config_file","provenance_only","CA1srsus_CA1srres|GSEA_KEGG|KEGG",18,"success_with_terms","P://config/clusterProfiler_config.yml",37,"",FALSE,"declared_root_unmounted","S:/Lab_Member/Tobi/Experiments/Exp9_Social-Stress/Analysis/proteomics/config/clusterProfiler_config.yml",103,"present",TRUE,1993,FALSE,"provenance only: no active code opens this field"
"neuron_neuropil","data/processed/04_differential_expression_enrichment/clusterProfiler/neuron_neuropil/clusterProfiler_manifest.csv","config_file","provenance_only","CA2slmres_CA2slmcon|GSEA_GO|BP",19,"success_with_terms","P://config/clusterProfiler_config.yml",37,"",FALSE,"declared_root_unmounted","S:/Lab_Member/Tobi/Experiments/Exp9_Social-Stress/Analysis/proteomics/config/clusterProfiler_config.yml",103,"present",TRUE,1993,FALSE,"provenance only: no active code opens this field"
"neuron_neuropil","data/processed/04_differential_expression_enrichment/clusterProfiler/neuron_neuropil/clusterProfiler_manifest.csv","config_file","provenance_only","CA2slmres_CA2slmcon|GSEA_KEGG|KEGG",20,"success_with_terms","P://config/clusterProfiler_config.yml",37,"",FALSE,"declared_root_unmounted","S:/Lab_Member/Tobi/Experiments/Exp9_Social-Stress/Analysis/proteomics/config/clusterProfiler_config.yml",103,"present",TRUE,1993,FALSE,"provenance only: no active code opens this field"
"neuron_neuropil","data/processed/04_differential_expression_enrichment/clusterProfiler/neuron_neuropil/clusterProfiler_manifest.csv","config_file","provenance_only","CA2slmsus_CA2slmcon|GSEA_GO|BP",21,"success_with_terms","P://config/clusterProfiler_config.yml",37,"",FALSE,"declared_root_unmounted","S:/Lab_Member/Tobi/Experiments/Exp9_Social-Stress/Analysis/proteomics/config/clusterProfiler_config.yml",103,"present",TRUE,1993,FALSE,"provenance only: no active code opens this field"
"neuron_neuropil","data/processed/04_differential_expression_enrichment/clusterProfiler/neuron_neuropil/clusterProfiler_manifest.csv","config_file","provenance_only","CA2slmsus_CA2slmcon|GSEA_KEGG|KEGG",22,"success_with_terms","P://config/clusterProfiler_config.yml",37,"",FALSE,"declared_root_unmounted","S:/Lab_Member/Tobi/Experiments/Exp9_Social-Stress/Analysis/proteomics/config/clusterProfiler_config.yml",103,"present",TRUE,1993,FALSE,"provenance only: no active code opens this field"
"neuron_neuropil","data/processed/04_differential_expression_enrichment/clusterProfiler/neuron_neuropil/clusterProfiler_manifest.csv","config_file","provenance_only","CA2slmsus_CA2slmres|GSEA_GO|BP",23,"success_with_terms","P://config/clusterProfiler_config.yml",37,"",FALSE,"declared_root_unmounted","S:/Lab_Member/Tobi/Experiments/Exp9_Social-Stress/Analysis/proteomics/config/clusterProfiler_config.yml",103,"present",TRUE,1993,FALSE,"provenance only: no active code opens this field"
"neuron_neuropil","data/processed/04_differential_expression_enrichment/clusterProfiler/neuron_neuropil/clusterProfiler_manifest.csv","config_file","provenance_only","CA2slmsus_CA2slmres|GSEA_KEGG|KEGG",24,"success_with_terms","P://config/clusterProfiler_config.yml",37,"",FALSE,"declared_root_unmounted","S:/Lab_Member/Tobi/Experiments/Exp9_Social-Stress/Analysis/proteomics/config/clusterProfiler_config.yml",103,"present",TRUE,1993,FALSE,"provenance only: no active code opens this field"
"neuron_neuropil","data/processed/04_differential_expression_enrichment/clusterProfiler/neuron_neuropil/clusterProfiler_manifest.csv","config_file","provenance_only","CA2sores_CA2socon|GSEA_GO|BP",25,"success_with_terms","P://config/clusterProfiler_config.yml",37,"",FALSE,"declared_root_unmounted","S:/Lab_Member/Tobi/Experiments/Exp9_Social-Stress/Analysis/proteomics/config/clusterProfiler_config.yml",103,"present",TRUE,1993,FALSE,"provenance only: no active code opens this field"
"neuron_neuropil","data/processed/04_differential_expression_enrichment/clusterProfiler/neuron_neuropil/clusterProfiler_manifest.csv","config_file","provenance_only","CA2sores_CA2socon|GSEA_KEGG|KEGG",26,"success_with_terms","P://config/clusterProfiler_config.yml",37,"",FALSE,"declared_root_unmounted","S:/Lab_Member/Tobi/Experiments/Exp9_Social-Stress/Analysis/proteomics/config/clusterProfiler_config.yml",103,"present",TRUE,1993,FALSE,"provenance only: no active code opens this field"
"neuron_neuropil","data/processed/04_differential_expression_enrichment/clusterProfiler/neuron_neuropil/clusterProfiler_manifest.csv","config_file","provenance_only","CA2sosus_CA2socon|GSEA_GO|BP",27,"success_with_terms","P://config/clusterProfiler_config.yml",37,"",FALSE,"declared_root_unmounted","S:/Lab_Member/Tobi/Experiments/Exp9_Social-Stress/Analysis/proteomics/config/clusterProfiler_config.yml",103,"present",TRUE,1993,FALSE,"provenance only: no active code opens this field"
"neuron_neuropil","data/processed/04_differential_expression_enrichment/clusterProfiler/neuron_neuropil/clusterProfiler_manifest.csv","config_file","provenance_only","CA2sosus_CA2socon|GSEA_KEGG|KEGG",28,"success_with_terms","P://config/clusterProfiler_config.yml",37,"",FALSE,"declared_root_unmounted","S:/Lab_Member/Tobi/Experiments/Exp9_Social-Stress/Analysis/proteomics/config/clusterProfiler_config.yml",103,"present",TRUE,1993,FALSE,"provenance only: no active code opens this field"
"neuron_neuropil","data/processed/04_differential_expression_enrichment/clusterProfiler/neuron_neuropil/clusterProfiler_manifest.csv","config_file","provenance_only","CA2sosus_CA2sores|GSEA_GO|BP",29,"success_with_terms","P://config/clusterProfiler_config.yml",37,"",FALSE,"declared_root_unmounted","S:/Lab_Member/Tobi/Experiments/Exp9_Social-Stress/Analysis/proteomics/config/clusterProfiler_config.yml",103,"present",TRUE,1993,FALSE,"provenance only: no active code opens this field"
"neuron_neuropil","data/processed/04_differential_expression_enrichment/clusterProfiler/neuron_neuropil/clusterProfiler_manifest.csv","config_file","provenance_only","CA2sosus_CA2sores|GSEA_KEGG|KEGG",30,"success_with_terms","P://config/clusterProfiler_config.yml",37,"",FALSE,"declared_root_unmounted","S:/Lab_Member/Tobi/Experiments/Exp9_Social-Stress/Analysis/proteomics/config/clusterProfiler_config.yml",103,"present",TRUE,1993,FALSE,"provenance only: no active code opens this field"
"neuron_neuropil","data/processed/04_differential_expression_enrichment/clusterProfiler/neuron_neuropil/clusterProfiler_manifest.csv","config_file","provenance_only","CA2srres_CA2srcon|GSEA_GO|BP",31,"success_with_terms","P://config/clusterProfiler_config.yml",37,"",FALSE,"declared_root_unmounted","S:/Lab_Member/Tobi/Experiments/Exp9_Social-Stress/Analysis/proteomics/config/clusterProfiler_config.yml",103,"present",TRUE,1993,FALSE,"provenance only: no active code opens this field"
"neuron_neuropil","data/processed/04_differential_expression_enrichment/clusterProfiler/neuron_neuropil/clusterProfiler_manifest.csv","config_file","provenance_only","CA2srres_CA2srcon|GSEA_KEGG|KEGG",32,"success_with_terms","P://config/clusterProfiler_config.yml",37,"",FALSE,"declared_root_unmounted","S:/Lab_Member/Tobi/Experiments/Exp9_Social-Stress/Analysis/proteomics/config/clusterProfiler_config.yml",103,"present",TRUE,1993,FALSE,"provenance only: no active code opens this field"
"neuron_neuropil","data/processed/04_differential_expression_enrichment/clusterProfiler/neuron_neuropil/clusterProfiler_manifest.csv","config_file","provenance_only","CA2srsus_CA2srcon|GSEA_GO|BP",33,"success_with_terms","P://config/clusterProfiler_config.yml",37,"",FALSE,"declared_root_unmounted","S:/Lab_Member/Tobi/Experiments/Exp9_Social-Stress/Analysis/proteomics/config/clusterProfiler_config.yml",103,"present",TRUE,1993,FALSE,"provenance only: no active code opens this field"
"neuron_neuropil","data/processed/04_differential_expression_enrichment/clusterProfiler/neuron_neuropil/clusterProfiler_manifest.csv","config_file","provenance_only","CA2srsus_CA2srcon|GSEA_KEGG|KEGG",34,"success_with_terms","P://config/clusterProfiler_config.yml",37,"",FALSE,"declared_root_unmounted","S:/Lab_Member/Tobi/Experiments/Exp9_Social-Stress/Analysis/proteomics/config/clusterProfiler_config.yml",103,"present",TRUE,1993,FALSE,"provenance only: no active code opens this field"
"neuron_neuropil","data/processed/04_differential_expression_enrichment/clusterProfiler/neuron_neuropil/clusterProfiler_manifest.csv","config_file","provenance_only","CA2srsus_CA2srres|GSEA_GO|BP",35,"success_with_terms","P://config/clusterProfiler_config.yml",37,"",FALSE,"declared_root_unmounted","S:/Lab_Member/Tobi/Experiments/Exp9_Social-Stress/Analysis/proteomics/config/clusterProfiler_config.yml",103,"present",TRUE,1993,FALSE,"provenance only: no active code opens this field"
"neuron_neuropil","data/processed/04_differential_expression_enrichment/clusterProfiler/neuron_neuropil/clusterProfiler_manifest.csv","config_file","provenance_only","CA2srsus_CA2srres|GSEA_KEGG|KEGG",36,"success_with_terms","P://config/clusterProfiler_config.yml",37,"",FALSE,"declared_root_unmounted","S:/Lab_Member/Tobi/Experiments/Exp9_Social-Stress/Analysis/proteomics/config/clusterProfiler_config.yml",103,"present",TRUE,1993,FALSE,"provenance only: no active code opens this field"
"neuron_neuropil","data/processed/04_differential_expression_enrichment/clusterProfiler/neuron_neuropil/clusterProfiler_manifest.csv","config_file","provenance_only","CA3sores_CA3socon|GSEA_GO|BP",37,"success_with_terms","P://config/clusterProfiler_config.yml",37,"",FALSE,"declared_root_unmounted","S:/Lab_Member/Tobi/Experiments/Exp9_Social-Stress/Analysis/proteomics/config/clusterProfiler_config.yml",103,"present",TRUE,1993,FALSE,"provenance only: no active code opens this field"
"neuron_neuropil","data/processed/04_differential_expression_enrichment/clusterProfiler/neuron_neuropil/clusterProfiler_manifest.csv","config_file","provenance_only","CA3sores_CA3socon|GSEA_KEGG|KEGG",38,"success_with_terms","P://config/clusterProfiler_config.yml",37,"",FALSE,"declared_root_unmounted","S:/Lab_Member/Tobi/Experiments/Exp9_Social-Stress/Analysis/proteomics/config/clusterProfiler_config.yml",103,"present",TRUE,1993,FALSE,"provenance only: no active code opens this field"
"neuron_neuropil","data/processed/04_differential_expression_enrichment/clusterProfiler/neuron_neuropil/clusterProfiler_manifest.csv","config_file","provenance_only","CA3sosus_CA3socon|GSEA_GO|BP",39,"success_with_terms","P://config/clusterProfiler_config.yml",37,"",FALSE,"declared_root_unmounted","S:/Lab_Member/Tobi/Experiments/Exp9_Social-Stress/Analysis/proteomics/config/clusterProfiler_config.yml",103,"present",TRUE,1993,FALSE,"provenance only: no active code opens this field"
"neuron_neuropil","data/processed/04_differential_expression_enrichment/clusterProfiler/neuron_neuropil/clusterProfiler_manifest.csv","config_file","provenance_only","CA3sosus_CA3socon|GSEA_KEGG|KEGG",40,"success_with_terms","P://config/clusterProfiler_config.yml",37,"",FALSE,"declared_root_unmounted","S:/Lab_Member/Tobi/Experiments/Exp9_Social-Stress/Analysis/proteomics/config/clusterProfiler_config.yml",103,"present",TRUE,1993,FALSE,"provenance only: no active code opens this field"
"neuron_neuropil","data/processed/04_differential_expression_enrichment/clusterProfiler/neuron_neuropil/clusterProfiler_manifest.csv","config_file","provenance_only","CA3sosus_CA3sores|GSEA_GO|BP",41,"success_with_terms","P://config/clusterProfiler_config.yml",37,"",FALSE,"declared_root_unmounted","S:/Lab_Member/Tobi/Experiments/Exp9_Social-Stress/Analysis/proteomics/config/clusterProfiler_config.yml",103,"present",TRUE,1993,FALSE,"provenance only: no active code opens this field"
"neuron_neuropil","data/processed/04_differential_expression_enrichment/clusterProfiler/neuron_neuropil/clusterProfiler_manifest.csv","config_file","provenance_only","CA3sosus_CA3sores|GSEA_KEGG|KEGG",42,"success_with_terms","P://config/clusterProfiler_config.yml",37,"",FALSE,"declared_root_unmounted","S:/Lab_Member/Tobi/Experiments/Exp9_Social-Stress/Analysis/proteomics/config/clusterProfiler_config.yml",103,"present",TRUE,1993,FALSE,"provenance only: no active code opens this field"
"neuron_neuropil","data/processed/04_differential_expression_enrichment/clusterProfiler/neuron_neuropil/clusterProfiler_manifest.csv","config_file","provenance_only","CA3srres_CA3srcon|GSEA_GO|BP",43,"success_with_terms","P://config/clusterProfiler_config.yml",37,"",FALSE,"declared_root_unmounted","S:/Lab_Member/Tobi/Experiments/Exp9_Social-Stress/Analysis/proteomics/config/clusterProfiler_config.yml",103,"present",TRUE,1993,FALSE,"provenance only: no active code opens this field"
"neuron_neuropil","data/processed/04_differential_expression_enrichment/clusterProfiler/neuron_neuropil/clusterProfiler_manifest.csv","config_file","provenance_only","CA3srres_CA3srcon|GSEA_KEGG|KEGG",44,"success_with_terms","P://config/clusterProfiler_config.yml",37,"",FALSE,"declared_root_unmounted","S:/Lab_Member/Tobi/Experiments/Exp9_Social-Stress/Analysis/proteomics/config/clusterProfiler_config.yml",103,"present",TRUE,1993,FALSE,"provenance only: no active code opens this field"
"neuron_neuropil","data/processed/04_differential_expression_enrichment/clusterProfiler/neuron_neuropil/clusterProfiler_manifest.csv","config_file","provenance_only","CA3srsus_CA3srcon|GSEA_GO|BP",45,"success_with_terms","P://config/clusterProfiler_config.yml",37,"",FALSE,"declared_root_unmounted","S:/Lab_Member/Tobi/Experiments/Exp9_Social-Stress/Analysis/proteomics/config/clusterProfiler_config.yml",103,"present",TRUE,1993,FALSE,"provenance only: no active code opens this field"
"neuron_neuropil","data/processed/04_differential_expression_enrichment/clusterProfiler/neuron_neuropil/clusterProfiler_manifest.csv","config_file","provenance_only","CA3srsus_CA3srcon|GSEA_KEGG|KEGG",46,"success_with_terms","P://config/clusterProfiler_config.yml",37,"",FALSE,"declared_root_unmounted","S:/Lab_Member/Tobi/Experiments/Exp9_Social-Stress/Analysis/proteomics/config/clusterProfiler_config.yml",103,"present",TRUE,1993,FALSE,"provenance only: no active code opens this field"
"neuron_neuropil","data/processed/04_differential_expression_enrichment/clusterProfiler/neuron_neuropil/clusterProfiler_manifest.csv","config_file","provenance_only","CA3srsus_CA3srres|GSEA_GO|BP",47,"success_with_terms","P://config/clusterProfiler_config.yml",37,"",FALSE,"declared_root_unmounted","S:/Lab_Member/Tobi/Experiments/Exp9_Social-Stress/Analysis/proteomics/config/clusterProfiler_config.yml",103,"present",TRUE,1993,FALSE,"provenance only: no active code opens this field"
"neuron_neuropil","data/processed/04_differential_expression_enrichment/clusterProfiler/neuron_neuropil/clusterProfiler_manifest.csv","config_file","provenance_only","CA3srsus_CA3srres|GSEA_KEGG|KEGG",48,"success_with_terms","P://config/clusterProfiler_config.yml",37,"",FALSE,"declared_root_unmounted","S:/Lab_Member/Tobi/Experiments/Exp9_Social-Stress/Analysis/proteomics/config/clusterProfiler_config.yml",103,"present",TRUE,1993,FALSE,"provenance only: no active code opens this field"
"neuron_neuropil","data/processed/04_differential_expression_enrichment/clusterProfiler/neuron_neuropil/clusterProfiler_manifest.csv","config_file","provenance_only","DGmores_DGmocon|GSEA_GO|BP",49,"success_with_terms","P://config/clusterProfiler_config.yml",37,"",FALSE,"declared_root_unmounted","S:/Lab_Member/Tobi/Experiments/Exp9_Social-Stress/Analysis/proteomics/config/clusterProfiler_config.yml",103,"present",TRUE,1993,FALSE,"provenance only: no active code opens this field"
"neuron_neuropil","data/processed/04_differential_expression_enrichment/clusterProfiler/neuron_neuropil/clusterProfiler_manifest.csv","config_file","provenance_only","DGmores_DGmocon|GSEA_KEGG|KEGG",50,"success_with_terms","P://config/clusterProfiler_config.yml",37,"",FALSE,"declared_root_unmounted","S:/Lab_Member/Tobi/Experiments/Exp9_Social-Stress/Analysis/proteomics/config/clusterProfiler_config.yml",103,"present",TRUE,1993,FALSE,"provenance only: no active code opens this field"
"neuron_neuropil","data/processed/04_differential_expression_enrichment/clusterProfiler/neuron_neuropil/clusterProfiler_manifest.csv","config_file","provenance_only","DGmosus_DGmocon|GSEA_GO|BP",51,"success_with_terms","P://config/clusterProfiler_config.yml",37,"",FALSE,"declared_root_unmounted","S:/Lab_Member/Tobi/Experiments/Exp9_Social-Stress/Analysis/proteomics/config/clusterProfiler_config.yml",103,"present",TRUE,1993,FALSE,"provenance only: no active code opens this field"
"neuron_neuropil","data/processed/04_differential_expression_enrichment/clusterProfiler/neuron_neuropil/clusterProfiler_manifest.csv","config_file","provenance_only","DGmosus_DGmocon|GSEA_KEGG|KEGG",52,"success_with_terms","P://config/clusterProfiler_config.yml",37,"",FALSE,"declared_root_unmounted","S:/Lab_Member/Tobi/Experiments/Exp9_Social-Stress/Analysis/proteomics/config/clusterProfiler_config.yml",103,"present",TRUE,1993,FALSE,"provenance only: no active code opens this field"
"neuron_neuropil","data/processed/04_differential_expression_enrichment/clusterProfiler/neuron_neuropil/clusterProfiler_manifest.csv","config_file","provenance_only","DGmosus_DGmores|GSEA_GO|BP",53,"success_with_terms","P://config/clusterProfiler_config.yml",37,"",FALSE,"declared_root_unmounted","S:/Lab_Member/Tobi/Experiments/Exp9_Social-Stress/Analysis/proteomics/config/clusterProfiler_config.yml",103,"present",TRUE,1993,FALSE,"provenance only: no active code opens this field"
"neuron_neuropil","data/processed/04_differential_expression_enrichment/clusterProfiler/neuron_neuropil/clusterProfiler_manifest.csv","config_file","provenance_only","DGmosus_DGmores|GSEA_KEGG|KEGG",54,"success_with_terms","P://config/clusterProfiler_config.yml",37,"",FALSE,"declared_root_unmounted","S:/Lab_Member/Tobi/Experiments/Exp9_Social-Stress/Analysis/proteomics/config/clusterProfiler_config.yml",103,"present",TRUE,1993,FALSE,"provenance only: no active code opens this field"
"neuron_neuropil","data/processed/04_differential_expression_enrichment/clusterProfiler/neuron_neuropil/clusterProfiler_manifest.csv","config_file","provenance_only","DGpores_DGpocon|GSEA_GO|BP",55,"success_with_terms","P://config/clusterProfiler_config.yml",37,"",FALSE,"declared_root_unmounted","S:/Lab_Member/Tobi/Experiments/Exp9_Social-Stress/Analysis/proteomics/config/clusterProfiler_config.yml",103,"present",TRUE,1993,FALSE,"provenance only: no active code opens this field"
"neuron_neuropil","data/processed/04_differential_expression_enrichment/clusterProfiler/neuron_neuropil/clusterProfiler_manifest.csv","config_file","provenance_only","DGpores_DGpocon|GSEA_KEGG|KEGG",56,"success_with_terms","P://config/clusterProfiler_config.yml",37,"",FALSE,"declared_root_unmounted","S:/Lab_Member/Tobi/Experiments/Exp9_Social-Stress/Analysis/proteomics/config/clusterProfiler_config.yml",103,"present",TRUE,1993,FALSE,"provenance only: no active code opens this field"
"neuron_neuropil","data/processed/04_differential_expression_enrichment/clusterProfiler/neuron_neuropil/clusterProfiler_manifest.csv","config_file","provenance_only","DGposus_DGpocon|GSEA_GO|BP",57,"success_with_terms","P://config/clusterProfiler_config.yml",37,"",FALSE,"declared_root_unmounted","S:/Lab_Member/Tobi/Experiments/Exp9_Social-Stress/Analysis/proteomics/config/clusterProfiler_config.yml",103,"present",TRUE,1993,FALSE,"provenance only: no active code opens this field"
"neuron_neuropil","data/processed/04_differential_expression_enrichment/clusterProfiler/neuron_neuropil/clusterProfiler_manifest.csv","config_file","provenance_only","DGposus_DGpocon|GSEA_KEGG|KEGG",58,"success_with_terms","P://config/clusterProfiler_config.yml",37,"",FALSE,"declared_root_unmounted","S:/Lab_Member/Tobi/Experiments/Exp9_Social-Stress/Analysis/proteomics/config/clusterProfiler_config.yml",103,"present",TRUE,1993,FALSE,"provenance only: no active code opens this field"
"neuron_neuropil","data/processed/04_differential_expression_enrichment/clusterProfiler/neuron_neuropil/clusterProfiler_manifest.csv","config_file","provenance_only","DGposus_DGpores|GSEA_GO|BP",59,"success_with_terms","P://config/clusterProfiler_config.yml",37,"",FALSE,"declared_root_unmounted","S:/Lab_Member/Tobi/Experiments/Exp9_Social-Stress/Analysis/proteomics/config/clusterProfiler_config.yml",103,"present",TRUE,1993,FALSE,"provenance only: no active code opens this field"
"neuron_neuropil","data/processed/04_differential_expression_enrichment/clusterProfiler/neuron_neuropil/clusterProfiler_manifest.csv","config_file","provenance_only","DGposus_DGpores|GSEA_KEGG|KEGG",60,"success_with_terms","P://config/clusterProfiler_config.yml",37,"",FALSE,"declared_root_unmounted","S:/Lab_Member/Tobi/Experiments/Exp9_Social-Stress/Analysis/proteomics/config/clusterProfiler_config.yml",103,"present",TRUE,1993,FALSE,"provenance only: no active code opens this field"
"neuron_neuropil","data/processed/04_differential_expression_enrichment/clusterProfiler/neuron_neuropil/clusterProfiler_manifest.csv","gene_input_file","provenance_only","CA1slmres_CA1slmcon|GSEA_GO|BP",1,"success_with_terms","P://data/processed/04_differential_expression_enrichment/clusterProfiler/neuron_neuropil/phenotype_within_unit/CA1_slm/CA1slmres_CA1slmcon/protein_group_audits/collapsed_gene_input.csv",184,"",FALSE,"declared_root_unmounted","S:/Lab_Member/Tobi/Experiments/Exp9_Social-Stress/Analysis/proteomics/data/processed/04_differential_expression_enrichment/clusterProfiler/neuron_neuropil/phenotype_within_unit/CA1_slm/CA1slmres_CA1slmcon/protein_group_audits/collapsed_gene_input.csv",250,"present",TRUE,1357844,FALSE,"provenance only: no active code opens this field"
"neuron_neuropil","data/processed/04_differential_expression_enrichment/clusterProfiler/neuron_neuropil/clusterProfiler_manifest.csv","gene_input_file","provenance_only","CA1slmres_CA1slmcon|GSEA_KEGG|KEGG",2,"success_with_terms","P://data/processed/04_differential_expression_enrichment/clusterProfiler/neuron_neuropil/phenotype_within_unit/CA1_slm/CA1slmres_CA1slmcon/protein_group_audits/collapsed_gene_input.csv",184,"",FALSE,"declared_root_unmounted","S:/Lab_Member/Tobi/Experiments/Exp9_Social-Stress/Analysis/proteomics/data/processed/04_differential_expression_enrichment/clusterProfiler/neuron_neuropil/phenotype_within_unit/CA1_slm/CA1slmres_CA1slmcon/protein_group_audits/collapsed_gene_input.csv",250,"present",TRUE,1357844,FALSE,"provenance only: no active code opens this field"
"neuron_neuropil","data/processed/04_differential_expression_enrichment/clusterProfiler/neuron_neuropil/clusterProfiler_manifest.csv","gene_input_file","provenance_only","CA1slmsus_CA1slmcon|GSEA_GO|BP",3,"success_with_terms","P://data/processed/04_differential_expression_enrichment/clusterProfiler/neuron_neuropil/phenotype_within_unit/CA1_slm/CA1slmsus_CA1slmcon/protein_group_audits/collapsed_gene_input.csv",184,"",FALSE,"declared_root_unmounted","S:/Lab_Member/Tobi/Experiments/Exp9_Social-Stress/Analysis/proteomics/data/processed/04_differential_expression_enrichment/clusterProfiler/neuron_neuropil/phenotype_within_unit/CA1_slm/CA1slmsus_CA1slmcon/protein_group_audits/collapsed_gene_input.csv",250,"present",TRUE,1359281,FALSE,"provenance only: no active code opens this field"
"neuron_neuropil","data/processed/04_differential_expression_enrichment/clusterProfiler/neuron_neuropil/clusterProfiler_manifest.csv","gene_input_file","provenance_only","CA1slmsus_CA1slmcon|GSEA_KEGG|KEGG",4,"success_with_terms","P://data/processed/04_differential_expression_enrichment/clusterProfiler/neuron_neuropil/phenotype_within_unit/CA1_slm/CA1slmsus_CA1slmcon/protein_group_audits/collapsed_gene_input.csv",184,"",FALSE,"declared_root_unmounted","S:/Lab_Member/Tobi/Experiments/Exp9_Social-Stress/Analysis/proteomics/data/processed/04_differential_expression_enrichment/clusterProfiler/neuron_neuropil/phenotype_within_unit/CA1_slm/CA1slmsus_CA1slmcon/protein_group_audits/collapsed_gene_input.csv",250,"present",TRUE,1359281,FALSE,"provenance only: no active code opens this field"
"neuron_neuropil","data/processed/04_differential_expression_enrichment/clusterProfiler/neuron_neuropil/clusterProfiler_manifest.csv","gene_input_file","provenance_only","CA1slmsus_CA1slmres|GSEA_GO|BP",5,"success_with_terms","P://data/processed/04_differential_expression_enrichment/clusterProfiler/neuron_neuropil/phenotype_within_unit/CA1_slm/CA1slmsus_CA1slmres/protein_group_audits/collapsed_gene_input.csv",184,"",FALSE,"declared_root_unmounted","S:/Lab_Member/Tobi/Experiments/Exp9_Social-Stress/Analysis/proteomics/data/processed/04_differential_expression_enrichment/clusterProfiler/neuron_neuropil/phenotype_within_unit/CA1_slm/CA1slmsus_CA1slmres/protein_group_audits/collapsed_gene_input.csv",250,"present",TRUE,1365095,FALSE,"provenance only: no active code opens this field"
"neuron_neuropil","data/processed/04_differential_expression_enrichment/clusterProfiler/neuron_neuropil/clusterProfiler_manifest.csv","gene_input_file","provenance_only","CA1slmsus_CA1slmres|GSEA_KEGG|KEGG",6,"success_with_terms","P://data/processed/04_differential_expression_enrichment/clusterProfiler/neuron_neuropil/phenotype_within_unit/CA1_slm/CA1slmsus_CA1slmres/protein_group_audits/collapsed_gene_input.csv",184,"",FALSE,"declared_root_unmounted","S:/Lab_Member/Tobi/Experiments/Exp9_Social-Stress/Analysis/proteomics/data/processed/04_differential_expression_enrichment/clusterProfiler/neuron_neuropil/phenotype_within_unit/CA1_slm/CA1slmsus_CA1slmres/protein_group_audits/collapsed_gene_input.csv",250,"present",TRUE,1365095,FALSE,"provenance only: no active code opens this field"
"neuron_neuropil","data/processed/04_differential_expression_enrichment/clusterProfiler/neuron_neuropil/clusterProfiler_manifest.csv","gene_input_file","provenance_only","CA1sores_CA1socon|GSEA_GO|BP",7,"success_with_terms","P://data/processed/04_differential_expression_enrichment/clusterProfiler/neuron_neuropil/phenotype_within_unit/CA1_so/CA1sores_CA1socon/protein_group_audits/collapsed_gene_input.csv",181,"",FALSE,"declared_root_unmounted","S:/Lab_Member/Tobi/Experiments/Exp9_Social-Stress/Analysis/proteomics/data/processed/04_differential_expression_enrichment/clusterProfiler/neuron_neuropil/phenotype_within_unit/CA1_so/CA1sores_CA1socon/protein_group_audits/collapsed_gene_input.csv",247,"present",TRUE,1364160,FALSE,"provenance only: no active code opens this field"
"neuron_neuropil","data/processed/04_differential_expression_enrichment/clusterProfiler/neuron_neuropil/clusterProfiler_manifest.csv","gene_input_file","provenance_only","CA1sores_CA1socon|GSEA_KEGG|KEGG",8,"success_with_terms","P://data/processed/04_differential_expression_enrichment/clusterProfiler/neuron_neuropil/phenotype_within_unit/CA1_so/CA1sores_CA1socon/protein_group_audits/collapsed_gene_input.csv",181,"",FALSE,"declared_root_unmounted","S:/Lab_Member/Tobi/Experiments/Exp9_Social-Stress/Analysis/proteomics/data/processed/04_differential_expression_enrichment/clusterProfiler/neuron_neuropil/phenotype_within_unit/CA1_so/CA1sores_CA1socon/protein_group_audits/collapsed_gene_input.csv",247,"present",TRUE,1364160,FALSE,"provenance only: no active code opens this field"
"neuron_neuropil","data/processed/04_differential_expression_enrichment/clusterProfiler/neuron_neuropil/clusterProfiler_manifest.csv","gene_input_file","provenance_only","CA1sosus_CA1socon|GSEA_GO|BP",9,"success_with_terms","P://data/processed/04_differential_expression_enrichment/clusterProfiler/neuron_neuropil/phenotype_within_unit/CA1_so/CA1sosus_CA1socon/protein_group_audits/collapsed_gene_input.csv",181,"",FALSE,"declared_root_unmounted","S:/Lab_Member/Tobi/Experiments/Exp9_Social-Stress/Analysis/proteomics/data/processed/04_differential_expression_enrichment/clusterProfiler/neuron_neuropil/phenotype_within_unit/CA1_so/CA1sosus_CA1socon/protein_group_audits/collapsed_gene_input.csv",247,"present",TRUE,1368146,FALSE,"provenance only: no active code opens this field"
"neuron_neuropil","data/processed/04_differential_expression_enrichment/clusterProfiler/neuron_neuropil/clusterProfiler_manifest.csv","gene_input_file","provenance_only","CA1sosus_CA1socon|GSEA_KEGG|KEGG",10,"success_with_terms","P://data/processed/04_differential_expression_enrichment/clusterProfiler/neuron_neuropil/phenotype_within_unit/CA1_so/CA1sosus_CA1socon/protein_group_audits/collapsed_gene_input.csv",181,"",FALSE,"declared_root_unmounted","S:/Lab_Member/Tobi/Experiments/Exp9_Social-Stress/Analysis/proteomics/data/processed/04_differential_expression_enrichment/clusterProfiler/neuron_neuropil/phenotype_within_unit/CA1_so/CA1sosus_CA1socon/protein_group_audits/collapsed_gene_input.csv",247,"present",TRUE,1368146,FALSE,"provenance only: no active code opens this field"
"neuron_neuropil","data/processed/04_differential_expression_enrichment/clusterProfiler/neuron_neuropil/clusterProfiler_manifest.csv","gene_input_file","provenance_only","CA1sosus_CA1sores|GSEA_GO|BP",11,"success_with_terms","P://data/processed/04_differential_expression_enrichment/clusterProfiler/neuron_neuropil/phenotype_within_unit/CA1_so/CA1sosus_CA1sores/protein_group_audits/collapsed_gene_input.csv",181,"",FALSE,"declared_root_unmounted","S:/Lab_Member/Tobi/Experiments/Exp9_Social-Stress/Analysis/proteomics/data/processed/04_differential_expression_enrichment/clusterProfiler/neuron_neuropil/phenotype_within_unit/CA1_so/CA1sosus_CA1sores/protein_group_audits/collapsed_gene_input.csv",247,"present",TRUE,1361363,FALSE,"provenance only: no active code opens this field"
"neuron_neuropil","data/processed/04_differential_expression_enrichment/clusterProfiler/neuron_neuropil/clusterProfiler_manifest.csv","gene_input_file","provenance_only","CA1sosus_CA1sores|GSEA_KEGG|KEGG",12,"success_with_terms","P://data/processed/04_differential_expression_enrichment/clusterProfiler/neuron_neuropil/phenotype_within_unit/CA1_so/CA1sosus_CA1sores/protein_group_audits/collapsed_gene_input.csv",181,"",FALSE,"declared_root_unmounted","S:/Lab_Member/Tobi/Experiments/Exp9_Social-Stress/Analysis/proteomics/data/processed/04_differential_expression_enrichment/clusterProfiler/neuron_neuropil/phenotype_within_unit/CA1_so/CA1sosus_CA1sores/protein_group_audits/collapsed_gene_input.csv",247,"present",TRUE,1361363,FALSE,"provenance only: no active code opens this field"
"neuron_neuropil","data/processed/04_differential_expression_enrichment/clusterProfiler/neuron_neuropil/clusterProfiler_manifest.csv","gene_input_file","provenance_only","CA1srres_CA1srcon|GSEA_GO|BP",13,"success_with_terms","P://data/processed/04_differential_expression_enrichment/clusterProfiler/neuron_neuropil/phenotype_within_unit/CA1_sr/CA1srres_CA1srcon/protein_group_audits/collapsed_gene_input.csv",181,"",FALSE,"declared_root_unmounted","S:/Lab_Member/Tobi/Experiments/Exp9_Social-Stress/Analysis/proteomics/data/processed/04_differential_expression_enrichment/clusterProfiler/neuron_neuropil/phenotype_within_unit/CA1_sr/CA1srres_CA1srcon/protein_group_audits/collapsed_gene_input.csv",247,"present",TRUE,1362169,FALSE,"provenance only: no active code opens this field"
"neuron_neuropil","data/processed/04_differential_expression_enrichment/clusterProfiler/neuron_neuropil/clusterProfiler_manifest.csv","gene_input_file","provenance_only","CA1srres_CA1srcon|GSEA_KEGG|KEGG",14,"success_with_terms","P://data/processed/04_differential_expression_enrichment/clusterProfiler/neuron_neuropil/phenotype_within_unit/CA1_sr/CA1srres_CA1srcon/protein_group_audits/collapsed_gene_input.csv",181,"",FALSE,"declared_root_unmounted","S:/Lab_Member/Tobi/Experiments/Exp9_Social-Stress/Analysis/proteomics/data/processed/04_differential_expression_enrichment/clusterProfiler/neuron_neuropil/phenotype_within_unit/CA1_sr/CA1srres_CA1srcon/protein_group_audits/collapsed_gene_input.csv",247,"present",TRUE,1362169,FALSE,"provenance only: no active code opens this field"
"neuron_neuropil","data/processed/04_differential_expression_enrichment/clusterProfiler/neuron_neuropil/clusterProfiler_manifest.csv","gene_input_file","provenance_only","CA1srsus_CA1srcon|GSEA_GO|BP",15,"success_with_terms","P://data/processed/04_differential_expression_enrichment/clusterProfiler/neuron_neuropil/phenotype_within_unit/CA1_sr/CA1srsus_CA1srcon/protein_group_audits/collapsed_gene_input.csv",181,"",FALSE,"declared_root_unmounted","S:/Lab_Member/Tobi/Experiments/Exp9_Social-Stress/Analysis/proteomics/data/processed/04_differential_expression_enrichment/clusterProfiler/neuron_neuropil/phenotype_within_unit/CA1_sr/CA1srsus_CA1srcon/protein_group_audits/collapsed_gene_input.csv",247,"present",TRUE,1367474,FALSE,"provenance only: no active code opens this field"
"neuron_neuropil","data/processed/04_differential_expression_enrichment/clusterProfiler/neuron_neuropil/clusterProfiler_manifest.csv","gene_input_file","provenance_only","CA1srsus_CA1srcon|GSEA_KEGG|KEGG",16,"success_with_terms","P://data/processed/04_differential_expression_enrichment/clusterProfiler/neuron_neuropil/phenotype_within_unit/CA1_sr/CA1srsus_CA1srcon/protein_group_audits/collapsed_gene_input.csv",181,"",FALSE,"declared_root_unmounted","S:/Lab_Member/Tobi/Experiments/Exp9_Social-Stress/Analysis/proteomics/data/processed/04_differential_expression_enrichment/clusterProfiler/neuron_neuropil/phenotype_within_unit/CA1_sr/CA1srsus_CA1srcon/protein_group_audits/collapsed_gene_input.csv",247,"present",TRUE,1367474,FALSE,"provenance only: no active code opens this field"
"neuron_neuropil","data/processed/04_differential_expression_enrichment/clusterProfiler/neuron_neuropil/clusterProfiler_manifest.csv","gene_input_file","provenance_only","CA1srsus_CA1srres|GSEA_GO|BP",17,"success_with_terms","P://data/processed/04_differential_expression_enrichment/clusterProfiler/neuron_neuropil/phenotype_within_unit/CA1_sr/CA1srsus_CA1srres/protein_group_audits/collapsed_gene_input.csv",181,"",FALSE,"declared_root_unmounted","S:/Lab_Member/Tobi/Experiments/Exp9_Social-Stress/Analysis/proteomics/data/processed/04_differential_expression_enrichment/clusterProfiler/neuron_neuropil/phenotype_within_unit/CA1_sr/CA1srsus_CA1srres/protein_group_audits/collapsed_gene_input.csv",247,"present",TRUE,1366665,FALSE,"provenance only: no active code opens this field"
"neuron_neuropil","data/processed/04_differential_expression_enrichment/clusterProfiler/neuron_neuropil/clusterProfiler_manifest.csv","gene_input_file","provenance_only","CA1srsus_CA1srres|GSEA_KEGG|KEGG",18,"success_with_terms","P://data/processed/04_differential_expression_enrichment/clusterProfiler/neuron_neuropil/phenotype_within_unit/CA1_sr/CA1srsus_CA1srres/protein_group_audits/collapsed_gene_input.csv",181,"",FALSE,"declared_root_unmounted","S:/Lab_Member/Tobi/Experiments/Exp9_Social-Stress/Analysis/proteomics/data/processed/04_differential_expression_enrichment/clusterProfiler/neuron_neuropil/phenotype_within_unit/CA1_sr/CA1srsus_CA1srres/protein_group_audits/collapsed_gene_input.csv",247,"present",TRUE,1366665,FALSE,"provenance only: no active code opens this field"
"neuron_neuropil","data/processed/04_differential_expression_enrichment/clusterProfiler/neuron_neuropil/clusterProfiler_manifest.csv","gene_input_file","provenance_only","CA2slmres_CA2slmcon|GSEA_GO|BP",19,"success_with_terms","P://data/processed/04_differential_expression_enrichment/clusterProfiler/neuron_neuropil/phenotype_within_unit/CA2_slm/CA2slmres_CA2slmcon/protein_group_audits/collapsed_gene_input.csv",184,"",FALSE,"declared_root_unmounted","S:/Lab_Member/Tobi/Experiments/Exp9_Social-Stress/Analysis/proteomics/data/processed/04_differential_expression_enrichment/clusterProfiler/neuron_neuropil/phenotype_within_unit/CA2_slm/CA2slmres_CA2slmcon/protein_group_audits/collapsed_gene_input.csv",250,"present",TRUE,1361414,FALSE,"provenance only: no active code opens this field"
"neuron_neuropil","data/processed/04_differential_expression_enrichment/clusterProfiler/neuron_neuropil/clusterProfiler_manifest.csv","gene_input_file","provenance_only","CA2slmres_CA2slmcon|GSEA_KEGG|KEGG",20,"success_with_terms","P://data/processed/04_differential_expression_enrichment/clusterProfiler/neuron_neuropil/phenotype_within_unit/CA2_slm/CA2slmres_CA2slmcon/protein_group_audits/collapsed_gene_input.csv",184,"",FALSE,"declared_root_unmounted","S:/Lab_Member/Tobi/Experiments/Exp9_Social-Stress/Analysis/proteomics/data/processed/04_differential_expression_enrichment/clusterProfiler/neuron_neuropil/phenotype_within_unit/CA2_slm/CA2slmres_CA2slmcon/protein_group_audits/collapsed_gene_input.csv",250,"present",TRUE,1361414,FALSE,"provenance only: no active code opens this field"
"neuron_neuropil","data/processed/04_differential_expression_enrichment/clusterProfiler/neuron_neuropil/clusterProfiler_manifest.csv","gene_input_file","provenance_only","CA2slmsus_CA2slmcon|GSEA_GO|BP",21,"success_with_terms","P://data/processed/04_differential_expression_enrichment/clusterProfiler/neuron_neuropil/phenotype_within_unit/CA2_slm/CA2slmsus_CA2slmcon/protein_group_audits/collapsed_gene_input.csv",184,"",FALSE,"declared_root_unmounted","S:/Lab_Member/Tobi/Experiments/Exp9_Social-Stress/Analysis/proteomics/data/processed/04_differential_expression_enrichment/clusterProfiler/neuron_neuropil/phenotype_within_unit/CA2_slm/CA2slmsus_CA2slmcon/protein_group_audits/collapsed_gene_input.csv",250,"present",TRUE,1366901,FALSE,"provenance only: no active code opens this field"
"neuron_neuropil","data/processed/04_differential_expression_enrichment/clusterProfiler/neuron_neuropil/clusterProfiler_manifest.csv","gene_input_file","provenance_only","CA2slmsus_CA2slmcon|GSEA_KEGG|KEGG",22,"success_with_terms","P://data/processed/04_differential_expression_enrichment/clusterProfiler/neuron_neuropil/phenotype_within_unit/CA2_slm/CA2slmsus_CA2slmcon/protein_group_audits/collapsed_gene_input.csv",184,"",FALSE,"declared_root_unmounted","S:/Lab_Member/Tobi/Experiments/Exp9_Social-Stress/Analysis/proteomics/data/processed/04_differential_expression_enrichment/clusterProfiler/neuron_neuropil/phenotype_within_unit/CA2_slm/CA2slmsus_CA2slmcon/protein_group_audits/collapsed_gene_input.csv",250,"present",TRUE,1366901,FALSE,"provenance only: no active code opens this field"
"neuron_neuropil","data/processed/04_differential_expression_enrichment/clusterProfiler/neuron_neuropil/clusterProfiler_manifest.csv","gene_input_file","provenance_only","CA2slmsus_CA2slmres|GSEA_GO|BP",23,"success_with_terms","P://data/processed/04_differential_expression_enrichment/clusterProfiler/neuron_neuropil/phenotype_within_unit/CA2_slm/CA2slmsus_CA2slmres/protein_group_audits/collapsed_gene_input.csv",184,"",FALSE,"declared_root_unmounted","S:/Lab_Member/Tobi/Experiments/Exp9_Social-Stress/Analysis/proteomics/data/processed/04_differential_expression_enrichment/clusterProfiler/neuron_neuropil/phenotype_within_unit/CA2_slm/CA2slmsus_CA2slmres/protein_group_audits/collapsed_gene_input.csv",250,"present",TRUE,1367079,FALSE,"provenance only: no active code opens this field"
"neuron_neuropil","data/processed/04_differential_expression_enrichment/clusterProfiler/neuron_neuropil/clusterProfiler_manifest.csv","gene_input_file","provenance_only","CA2slmsus_CA2slmres|GSEA_KEGG|KEGG",24,"success_with_terms","P://data/processed/04_differential_expression_enrichment/clusterProfiler/neuron_neuropil/phenotype_within_unit/CA2_slm/CA2slmsus_CA2slmres/protein_group_audits/collapsed_gene_input.csv",184,"",FALSE,"declared_root_unmounted","S:/Lab_Member/Tobi/Experiments/Exp9_Social-Stress/Analysis/proteomics/data/processed/04_differential_expression_enrichment/clusterProfiler/neuron_neuropil/phenotype_within_unit/CA2_slm/CA2slmsus_CA2slmres/protein_group_audits/collapsed_gene_input.csv",250,"present",TRUE,1367079,FALSE,"provenance only: no active code opens this field"
"neuron_neuropil","data/processed/04_differential_expression_enrichment/clusterProfiler/neuron_neuropil/clusterProfiler_manifest.csv","gene_input_file","provenance_only","CA2sores_CA2socon|GSEA_GO|BP",25,"success_with_terms","P://data/processed/04_differential_expression_enrichment/clusterProfiler/neuron_neuropil/phenotype_within_unit/CA2_so/CA2sores_CA2socon/protein_group_audits/collapsed_gene_input.csv",181,"",FALSE,"declared_root_unmounted","S:/Lab_Member/Tobi/Experiments/Exp9_Social-Stress/Analysis/proteomics/data/processed/04_differential_expression_enrichment/clusterProfiler/neuron_neuropil/phenotype_within_unit/CA2_so/CA2sores_CA2socon/protein_group_audits/collapsed_gene_input.csv",247,"present",TRUE,1366857,FALSE,"provenance only: no active code opens this field"
"neuron_neuropil","data/processed/04_differential_expression_enrichment/clusterProfiler/neuron_neuropil/clusterProfiler_manifest.csv","gene_input_file","provenance_only","CA2sores_CA2socon|GSEA_KEGG|KEGG",26,"success_with_terms","P://data/processed/04_differential_expression_enrichment/clusterProfiler/neuron_neuropil/phenotype_within_unit/CA2_so/CA2sores_CA2socon/protein_group_audits/collapsed_gene_input.csv",181,"",FALSE,"declared_root_unmounted","S:/Lab_Member/Tobi/Experiments/Exp9_Social-Stress/Analysis/proteomics/data/processed/04_differential_expression_enrichment/clusterProfiler/neuron_neuropil/phenotype_within_unit/CA2_so/CA2sores_CA2socon/protein_group_audits/collapsed_gene_input.csv",247,"present",TRUE,1366857,FALSE,"provenance only: no active code opens this field"
"neuron_neuropil","data/processed/04_differential_expression_enrichment/clusterProfiler/neuron_neuropil/clusterProfiler_manifest.csv","gene_input_file","provenance_only","CA2sosus_CA2socon|GSEA_GO|BP",27,"success_with_terms","P://data/processed/04_differential_expression_enrichment/clusterProfiler/neuron_neuropil/phenotype_within_unit/CA2_so/CA2sosus_CA2socon/protein_group_audits/collapsed_gene_input.csv",181,"",FALSE,"declared_root_unmounted","S:/Lab_Member/Tobi/Experiments/Exp9_Social-Stress/Analysis/proteomics/data/processed/04_differential_expression_enrichment/clusterProfiler/neuron_neuropil/phenotype_within_unit/CA2_so/CA2sosus_CA2socon/protein_group_audits/collapsed_gene_input.csv",247,"present",TRUE,1367229,FALSE,"provenance only: no active code opens this field"
"neuron_neuropil","data/processed/04_differential_expression_enrichment/clusterProfiler/neuron_neuropil/clusterProfiler_manifest.csv","gene_input_file","provenance_only","CA2sosus_CA2socon|GSEA_KEGG|KEGG",28,"success_with_terms","P://data/processed/04_differential_expression_enrichment/clusterProfiler/neuron_neuropil/phenotype_within_unit/CA2_so/CA2sosus_CA2socon/protein_group_audits/collapsed_gene_input.csv",181,"",FALSE,"declared_root_unmounted","S:/Lab_Member/Tobi/Experiments/Exp9_Social-Stress/Analysis/proteomics/data/processed/04_differential_expression_enrichment/clusterProfiler/neuron_neuropil/phenotype_within_unit/CA2_so/CA2sosus_CA2socon/protein_group_audits/collapsed_gene_input.csv",247,"present",TRUE,1367229,FALSE,"provenance only: no active code opens this field"
"neuron_neuropil","data/processed/04_differential_expression_enrichment/clusterProfiler/neuron_neuropil/clusterProfiler_manifest.csv","gene_input_file","provenance_only","CA2sosus_CA2sores|GSEA_GO|BP",29,"success_with_terms","P://data/processed/04_differential_expression_enrichment/clusterProfiler/neuron_neuropil/phenotype_within_unit/CA2_so/CA2sosus_CA2sores/protein_group_audits/collapsed_gene_input.csv",181,"",FALSE,"declared_root_unmounted","S:/Lab_Member/Tobi/Experiments/Exp9_Social-Stress/Analysis/proteomics/data/processed/04_differential_expression_enrichment/clusterProfiler/neuron_neuropil/phenotype_within_unit/CA2_so/CA2sosus_CA2sores/protein_group_audits/collapsed_gene_input.csv",247,"present",TRUE,1359523,FALSE,"provenance only: no active code opens this field"
"neuron_neuropil","data/processed/04_differential_expression_enrichment/clusterProfiler/neuron_neuropil/clusterProfiler_manifest.csv","gene_input_file","provenance_only","CA2sosus_CA2sores|GSEA_KEGG|KEGG",30,"success_with_terms","P://data/processed/04_differential_expression_enrichment/clusterProfiler/neuron_neuropil/phenotype_within_unit/CA2_so/CA2sosus_CA2sores/protein_group_audits/collapsed_gene_input.csv",181,"",FALSE,"declared_root_unmounted","S:/Lab_Member/Tobi/Experiments/Exp9_Social-Stress/Analysis/proteomics/data/processed/04_differential_expression_enrichment/clusterProfiler/neuron_neuropil/phenotype_within_unit/CA2_so/CA2sosus_CA2sores/protein_group_audits/collapsed_gene_input.csv",247,"present",TRUE,1359523,FALSE,"provenance only: no active code opens this field"
"neuron_neuropil","data/processed/04_differential_expression_enrichment/clusterProfiler/neuron_neuropil/clusterProfiler_manifest.csv","gene_input_file","provenance_only","CA2srres_CA2srcon|GSEA_GO|BP",31,"success_with_terms","P://data/processed/04_differential_expression_enrichment/clusterProfiler/neuron_neuropil/phenotype_within_unit/CA2_sr/CA2srres_CA2srcon/protein_group_audits/collapsed_gene_input.csv",181,"",FALSE,"declared_root_unmounted","S:/Lab_Member/Tobi/Experiments/Exp9_Social-Stress/Analysis/proteomics/data/processed/04_differential_expression_enrichment/clusterProfiler/neuron_neuropil/phenotype_within_unit/CA2_sr/CA2srres_CA2srcon/protein_group_audits/collapsed_gene_input.csv",247,"present",TRUE,1362579,FALSE,"provenance only: no active code opens this field"
"neuron_neuropil","data/processed/04_differential_expression_enrichment/clusterProfiler/neuron_neuropil/clusterProfiler_manifest.csv","gene_input_file","provenance_only","CA2srres_CA2srcon|GSEA_KEGG|KEGG",32,"success_with_terms","P://data/processed/04_differential_expression_enrichment/clusterProfiler/neuron_neuropil/phenotype_within_unit/CA2_sr/CA2srres_CA2srcon/protein_group_audits/collapsed_gene_input.csv",181,"",FALSE,"declared_root_unmounted","S:/Lab_Member/Tobi/Experiments/Exp9_Social-Stress/Analysis/proteomics/data/processed/04_differential_expression_enrichment/clusterProfiler/neuron_neuropil/phenotype_within_unit/CA2_sr/CA2srres_CA2srcon/protein_group_audits/collapsed_gene_input.csv",247,"present",TRUE,1362579,FALSE,"provenance only: no active code opens this field"
"neuron_neuropil","data/processed/04_differential_expression_enrichment/clusterProfiler/neuron_neuropil/clusterProfiler_manifest.csv","gene_input_file","provenance_only","CA2srsus_CA2srcon|GSEA_GO|BP",33,"success_with_terms","P://data/processed/04_differential_expression_enrichment/clusterProfiler/neuron_neuropil/phenotype_within_unit/CA2_sr/CA2srsus_CA2srcon/protein_group_audits/collapsed_gene_input.csv",181,"",FALSE,"declared_root_unmounted","S:/Lab_Member/Tobi/Experiments/Exp9_Social-Stress/Analysis/proteomics/data/processed/04_differential_expression_enrichment/clusterProfiler/neuron_neuropil/phenotype_within_unit/CA2_sr/CA2srsus_CA2srcon/protein_group_audits/collapsed_gene_input.csv",247,"present",TRUE,1364473,FALSE,"provenance only: no active code opens this field"
"neuron_neuropil","data/processed/04_differential_expression_enrichment/clusterProfiler/neuron_neuropil/clusterProfiler_manifest.csv","gene_input_file","provenance_only","CA2srsus_CA2srcon|GSEA_KEGG|KEGG",34,"success_with_terms","P://data/processed/04_differential_expression_enrichment/clusterProfiler/neuron_neuropil/phenotype_within_unit/CA2_sr/CA2srsus_CA2srcon/protein_group_audits/collapsed_gene_input.csv",181,"",FALSE,"declared_root_unmounted","S:/Lab_Member/Tobi/Experiments/Exp9_Social-Stress/Analysis/proteomics/data/processed/04_differential_expression_enrichment/clusterProfiler/neuron_neuropil/phenotype_within_unit/CA2_sr/CA2srsus_CA2srcon/protein_group_audits/collapsed_gene_input.csv",247,"present",TRUE,1364473,FALSE,"provenance only: no active code opens this field"
"neuron_neuropil","data/processed/04_differential_expression_enrichment/clusterProfiler/neuron_neuropil/clusterProfiler_manifest.csv","gene_input_file","provenance_only","CA2srsus_CA2srres|GSEA_GO|BP",35,"success_with_terms","P://data/processed/04_differential_expression_enrichment/clusterProfiler/neuron_neuropil/phenotype_within_unit/CA2_sr/CA2srsus_CA2srres/protein_group_audits/collapsed_gene_input.csv",181,"",FALSE,"declared_root_unmounted","S:/Lab_Member/Tobi/Experiments/Exp9_Social-Stress/Analysis/proteomics/data/processed/04_differential_expression_enrichment/clusterProfiler/neuron_neuropil/phenotype_within_unit/CA2_sr/CA2srsus_CA2srres/protein_group_audits/collapsed_gene_input.csv",247,"present",TRUE,1363957,FALSE,"provenance only: no active code opens this field"
"neuron_neuropil","data/processed/04_differential_expression_enrichment/clusterProfiler/neuron_neuropil/clusterProfiler_manifest.csv","gene_input_file","provenance_only","CA2srsus_CA2srres|GSEA_KEGG|KEGG",36,"success_with_terms","P://data/processed/04_differential_expression_enrichment/clusterProfiler/neuron_neuropil/phenotype_within_unit/CA2_sr/CA2srsus_CA2srres/protein_group_audits/collapsed_gene_input.csv",181,"",FALSE,"declared_root_unmounted","S:/Lab_Member/Tobi/Experiments/Exp9_Social-Stress/Analysis/proteomics/data/processed/04_differential_expression_enrichment/clusterProfiler/neuron_neuropil/phenotype_within_unit/CA2_sr/CA2srsus_CA2srres/protein_group_audits/collapsed_gene_input.csv",247,"present",TRUE,1363957,FALSE,"provenance only: no active code opens this field"
"neuron_neuropil","data/processed/04_differential_expression_enrichment/clusterProfiler/neuron_neuropil/clusterProfiler_manifest.csv","gene_input_file","provenance_only","CA3sores_CA3socon|GSEA_GO|BP",37,"success_with_terms","P://data/processed/04_differential_expression_enrichment/clusterProfiler/neuron_neuropil/phenotype_within_unit/CA3_so/CA3sores_CA3socon/protein_group_audits/collapsed_gene_input.csv",181,"",FALSE,"declared_root_unmounted","S:/Lab_Member/Tobi/Experiments/Exp9_Social-Stress/Analysis/proteomics/data/processed/04_differential_expression_enrichment/clusterProfiler/neuron_neuropil/phenotype_within_unit/CA3_so/CA3sores_CA3socon/protein_group_audits/collapsed_gene_input.csv",247,"present",TRUE,1359999,FALSE,"provenance only: no active code opens this field"
"neuron_neuropil","data/processed/04_differential_expression_enrichment/clusterProfiler/neuron_neuropil/clusterProfiler_manifest.csv","gene_input_file","provenance_only","CA3sores_CA3socon|GSEA_KEGG|KEGG",38,"success_with_terms","P://data/processed/04_differential_expression_enrichment/clusterProfiler/neuron_neuropil/phenotype_within_unit/CA3_so/CA3sores_CA3socon/protein_group_audits/collapsed_gene_input.csv",181,"",FALSE,"declared_root_unmounted","S:/Lab_Member/Tobi/Experiments/Exp9_Social-Stress/Analysis/proteomics/data/processed/04_differential_expression_enrichment/clusterProfiler/neuron_neuropil/phenotype_within_unit/CA3_so/CA3sores_CA3socon/protein_group_audits/collapsed_gene_input.csv",247,"present",TRUE,1359999,FALSE,"provenance only: no active code opens this field"
"neuron_neuropil","data/processed/04_differential_expression_enrichment/clusterProfiler/neuron_neuropil/clusterProfiler_manifest.csv","gene_input_file","provenance_only","CA3sosus_CA3socon|GSEA_GO|BP",39,"success_with_terms","P://data/processed/04_differential_expression_enrichment/clusterProfiler/neuron_neuropil/phenotype_within_unit/CA3_so/CA3sosus_CA3socon/protein_group_audits/collapsed_gene_input.csv",181,"",FALSE,"declared_root_unmounted","S:/Lab_Member/Tobi/Experiments/Exp9_Social-Stress/Analysis/proteomics/data/processed/04_differential_expression_enrichment/clusterProfiler/neuron_neuropil/phenotype_within_unit/CA3_so/CA3sosus_CA3socon/protein_group_audits/collapsed_gene_input.csv",247,"present",TRUE,1369518,FALSE,"provenance only: no active code opens this field"
"neuron_neuropil","data/processed/04_differential_expression_enrichment/clusterProfiler/neuron_neuropil/clusterProfiler_manifest.csv","gene_input_file","provenance_only","CA3sosus_CA3socon|GSEA_KEGG|KEGG",40,"success_with_terms","P://data/processed/04_differential_expression_enrichment/clusterProfiler/neuron_neuropil/phenotype_within_unit/CA3_so/CA3sosus_CA3socon/protein_group_audits/collapsed_gene_input.csv",181,"",FALSE,"declared_root_unmounted","S:/Lab_Member/Tobi/Experiments/Exp9_Social-Stress/Analysis/proteomics/data/processed/04_differential_expression_enrichment/clusterProfiler/neuron_neuropil/phenotype_within_unit/CA3_so/CA3sosus_CA3socon/protein_group_audits/collapsed_gene_input.csv",247,"present",TRUE,1369518,FALSE,"provenance only: no active code opens this field"
"neuron_neuropil","data/processed/04_differential_expression_enrichment/clusterProfiler/neuron_neuropil/clusterProfiler_manifest.csv","gene_input_file","provenance_only","CA3sosus_CA3sores|GSEA_GO|BP",41,"success_with_terms","P://data/processed/04_differential_expression_enrichment/clusterProfiler/neuron_neuropil/phenotype_within_unit/CA3_so/CA3sosus_CA3sores/protein_group_audits/collapsed_gene_input.csv",181,"",FALSE,"declared_root_unmounted","S:/Lab_Member/Tobi/Experiments/Exp9_Social-Stress/Analysis/proteomics/data/processed/04_differential_expression_enrichment/clusterProfiler/neuron_neuropil/phenotype_within_unit/CA3_so/CA3sosus_CA3sores/protein_group_audits/collapsed_gene_input.csv",247,"present",TRUE,1368303,FALSE,"provenance only: no active code opens this field"
"neuron_neuropil","data/processed/04_differential_expression_enrichment/clusterProfiler/neuron_neuropil/clusterProfiler_manifest.csv","gene_input_file","provenance_only","CA3sosus_CA3sores|GSEA_KEGG|KEGG",42,"success_with_terms","P://data/processed/04_differential_expression_enrichment/clusterProfiler/neuron_neuropil/phenotype_within_unit/CA3_so/CA3sosus_CA3sores/protein_group_audits/collapsed_gene_input.csv",181,"",FALSE,"declared_root_unmounted","S:/Lab_Member/Tobi/Experiments/Exp9_Social-Stress/Analysis/proteomics/data/processed/04_differential_expression_enrichment/clusterProfiler/neuron_neuropil/phenotype_within_unit/CA3_so/CA3sosus_CA3sores/protein_group_audits/collapsed_gene_input.csv",247,"present",TRUE,1368303,FALSE,"provenance only: no active code opens this field"
"neuron_neuropil","data/processed/04_differential_expression_enrichment/clusterProfiler/neuron_neuropil/clusterProfiler_manifest.csv","gene_input_file","provenance_only","CA3srres_CA3srcon|GSEA_GO|BP",43,"success_with_terms","P://data/processed/04_differential_expression_enrichment/clusterProfiler/neuron_neuropil/phenotype_within_unit/CA3_sr/CA3srres_CA3srcon/protein_group_audits/collapsed_gene_input.csv",181,"",FALSE,"declared_root_unmounted","S:/Lab_Member/Tobi/Experiments/Exp9_Social-Stress/Analysis/proteomics/data/processed/04_differential_expression_enrichment/clusterProfiler/neuron_neuropil/phenotype_within_unit/CA3_sr/CA3srres_CA3srcon/protein_group_audits/collapsed_gene_input.csv",247,"present",TRUE,1363532,FALSE,"provenance only: no active code opens this field"
"neuron_neuropil","data/processed/04_differential_expression_enrichment/clusterProfiler/neuron_neuropil/clusterProfiler_manifest.csv","gene_input_file","provenance_only","CA3srres_CA3srcon|GSEA_KEGG|KEGG",44,"success_with_terms","P://data/processed/04_differential_expression_enrichment/clusterProfiler/neuron_neuropil/phenotype_within_unit/CA3_sr/CA3srres_CA3srcon/protein_group_audits/collapsed_gene_input.csv",181,"",FALSE,"declared_root_unmounted","S:/Lab_Member/Tobi/Experiments/Exp9_Social-Stress/Analysis/proteomics/data/processed/04_differential_expression_enrichment/clusterProfiler/neuron_neuropil/phenotype_within_unit/CA3_sr/CA3srres_CA3srcon/protein_group_audits/collapsed_gene_input.csv",247,"present",TRUE,1363532,FALSE,"provenance only: no active code opens this field"
"neuron_neuropil","data/processed/04_differential_expression_enrichment/clusterProfiler/neuron_neuropil/clusterProfiler_manifest.csv","gene_input_file","provenance_only","CA3srsus_CA3srcon|GSEA_GO|BP",45,"success_with_terms","P://data/processed/04_differential_expression_enrichment/clusterProfiler/neuron_neuropil/phenotype_within_unit/CA3_sr/CA3srsus_CA3srcon/protein_group_audits/collapsed_gene_input.csv",181,"",FALSE,"declared_root_unmounted","S:/Lab_Member/Tobi/Experiments/Exp9_Social-Stress/Analysis/proteomics/data/processed/04_differential_expression_enrichment/clusterProfiler/neuron_neuropil/phenotype_within_unit/CA3_sr/CA3srsus_CA3srcon/protein_group_audits/collapsed_gene_input.csv",247,"present",TRUE,1369514,FALSE,"provenance only: no active code opens this field"
"neuron_neuropil","data/processed/04_differential_expression_enrichment/clusterProfiler/neuron_neuropil/clusterProfiler_manifest.csv","gene_input_file","provenance_only","CA3srsus_CA3srcon|GSEA_KEGG|KEGG",46,"success_with_terms","P://data/processed/04_differential_expression_enrichment/clusterProfiler/neuron_neuropil/phenotype_within_unit/CA3_sr/CA3srsus_CA3srcon/protein_group_audits/collapsed_gene_input.csv",181,"",FALSE,"declared_root_unmounted","S:/Lab_Member/Tobi/Experiments/Exp9_Social-Stress/Analysis/proteomics/data/processed/04_differential_expression_enrichment/clusterProfiler/neuron_neuropil/phenotype_within_unit/CA3_sr/CA3srsus_CA3srcon/protein_group_audits/collapsed_gene_input.csv",247,"present",TRUE,1369514,FALSE,"provenance only: no active code opens this field"
"neuron_neuropil","data/processed/04_differential_expression_enrichment/clusterProfiler/neuron_neuropil/clusterProfiler_manifest.csv","gene_input_file","provenance_only","CA3srsus_CA3srres|GSEA_GO|BP",47,"success_with_terms","P://data/processed/04_differential_expression_enrichment/clusterProfiler/neuron_neuropil/phenotype_within_unit/CA3_sr/CA3srsus_CA3srres/protein_group_audits/collapsed_gene_input.csv",181,"",FALSE,"declared_root_unmounted","S:/Lab_Member/Tobi/Experiments/Exp9_Social-Stress/Analysis/proteomics/data/processed/04_differential_expression_enrichment/clusterProfiler/neuron_neuropil/phenotype_within_unit/CA3_sr/CA3srsus_CA3srres/protein_group_audits/collapsed_gene_input.csv",247,"present",TRUE,1367450,FALSE,"provenance only: no active code opens this field"
"neuron_neuropil","data/processed/04_differential_expression_enrichment/clusterProfiler/neuron_neuropil/clusterProfiler_manifest.csv","gene_input_file","provenance_only","CA3srsus_CA3srres|GSEA_KEGG|KEGG",48,"success_with_terms","P://data/processed/04_differential_expression_enrichment/clusterProfiler/neuron_neuropil/phenotype_within_unit/CA3_sr/CA3srsus_CA3srres/protein_group_audits/collapsed_gene_input.csv",181,"",FALSE,"declared_root_unmounted","S:/Lab_Member/Tobi/Experiments/Exp9_Social-Stress/Analysis/proteomics/data/processed/04_differential_expression_enrichment/clusterProfiler/neuron_neuropil/phenotype_within_unit/CA3_sr/CA3srsus_CA3srres/protein_group_audits/collapsed_gene_input.csv",247,"present",TRUE,1367450,FALSE,"provenance only: no active code opens this field"
"neuron_neuropil","data/processed/04_differential_expression_enrichment/clusterProfiler/neuron_neuropil/clusterProfiler_manifest.csv","gene_input_file","provenance_only","DGmores_DGmocon|GSEA_GO|BP",49,"success_with_terms","P://data/processed/04_differential_expression_enrichment/clusterProfiler/neuron_neuropil/phenotype_within_unit/DG_mo/DGmores_DGmocon/protein_group_audits/collapsed_gene_input.csv",178,"",FALSE,"declared_root_unmounted","S:/Lab_Member/Tobi/Experiments/Exp9_Social-Stress/Analysis/proteomics/data/processed/04_differential_expression_enrichment/clusterProfiler/neuron_neuropil/phenotype_within_unit/DG_mo/DGmores_DGmocon/protein_group_audits/collapsed_gene_input.csv",244,"present",TRUE,1362200,FALSE,"provenance only: no active code opens this field"
"neuron_neuropil","data/processed/04_differential_expression_enrichment/clusterProfiler/neuron_neuropil/clusterProfiler_manifest.csv","gene_input_file","provenance_only","DGmores_DGmocon|GSEA_KEGG|KEGG",50,"success_with_terms","P://data/processed/04_differential_expression_enrichment/clusterProfiler/neuron_neuropil/phenotype_within_unit/DG_mo/DGmores_DGmocon/protein_group_audits/collapsed_gene_input.csv",178,"",FALSE,"declared_root_unmounted","S:/Lab_Member/Tobi/Experiments/Exp9_Social-Stress/Analysis/proteomics/data/processed/04_differential_expression_enrichment/clusterProfiler/neuron_neuropil/phenotype_within_unit/DG_mo/DGmores_DGmocon/protein_group_audits/collapsed_gene_input.csv",244,"present",TRUE,1362200,FALSE,"provenance only: no active code opens this field"
"neuron_neuropil","data/processed/04_differential_expression_enrichment/clusterProfiler/neuron_neuropil/clusterProfiler_manifest.csv","gene_input_file","provenance_only","DGmosus_DGmocon|GSEA_GO|BP",51,"success_with_terms","P://data/processed/04_differential_expression_enrichment/clusterProfiler/neuron_neuropil/phenotype_within_unit/DG_mo/DGmosus_DGmocon/protein_group_audits/collapsed_gene_input.csv",178,"",FALSE,"declared_root_unmounted","S:/Lab_Member/Tobi/Experiments/Exp9_Social-Stress/Analysis/proteomics/data/processed/04_differential_expression_enrichment/clusterProfiler/neuron_neuropil/phenotype_within_unit/DG_mo/DGmosus_DGmocon/protein_group_audits/collapsed_gene_input.csv",244,"present",TRUE,1368634,FALSE,"provenance only: no active code opens this field"
"neuron_neuropil","data/processed/04_differential_expression_enrichment/clusterProfiler/neuron_neuropil/clusterProfiler_manifest.csv","gene_input_file","provenance_only","DGmosus_DGmocon|GSEA_KEGG|KEGG",52,"success_with_terms","P://data/processed/04_differential_expression_enrichment/clusterProfiler/neuron_neuropil/phenotype_within_unit/DG_mo/DGmosus_DGmocon/protein_group_audits/collapsed_gene_input.csv",178,"",FALSE,"declared_root_unmounted","S:/Lab_Member/Tobi/Experiments/Exp9_Social-Stress/Analysis/proteomics/data/processed/04_differential_expression_enrichment/clusterProfiler/neuron_neuropil/phenotype_within_unit/DG_mo/DGmosus_DGmocon/protein_group_audits/collapsed_gene_input.csv",244,"present",TRUE,1368634,FALSE,"provenance only: no active code opens this field"
"neuron_neuropil","data/processed/04_differential_expression_enrichment/clusterProfiler/neuron_neuropil/clusterProfiler_manifest.csv","gene_input_file","provenance_only","DGmosus_DGmores|GSEA_GO|BP",53,"success_with_terms","P://data/processed/04_differential_expression_enrichment/clusterProfiler/neuron_neuropil/phenotype_within_unit/DG_mo/DGmosus_DGmores/protein_group_audits/collapsed_gene_input.csv",178,"",FALSE,"declared_root_unmounted","S:/Lab_Member/Tobi/Experiments/Exp9_Social-Stress/Analysis/proteomics/data/processed/04_differential_expression_enrichment/clusterProfiler/neuron_neuropil/phenotype_within_unit/DG_mo/DGmosus_DGmores/protein_group_audits/collapsed_gene_input.csv",244,"present",TRUE,1362800,FALSE,"provenance only: no active code opens this field"
"neuron_neuropil","data/processed/04_differential_expression_enrichment/clusterProfiler/neuron_neuropil/clusterProfiler_manifest.csv","gene_input_file","provenance_only","DGmosus_DGmores|GSEA_KEGG|KEGG",54,"success_with_terms","P://data/processed/04_differential_expression_enrichment/clusterProfiler/neuron_neuropil/phenotype_within_unit/DG_mo/DGmosus_DGmores/protein_group_audits/collapsed_gene_input.csv",178,"",FALSE,"declared_root_unmounted","S:/Lab_Member/Tobi/Experiments/Exp9_Social-Stress/Analysis/proteomics/data/processed/04_differential_expression_enrichment/clusterProfiler/neuron_neuropil/phenotype_within_unit/DG_mo/DGmosus_DGmores/protein_group_audits/collapsed_gene_input.csv",244,"present",TRUE,1362800,FALSE,"provenance only: no active code opens this field"
"neuron_neuropil","data/processed/04_differential_expression_enrichment/clusterProfiler/neuron_neuropil/clusterProfiler_manifest.csv","gene_input_file","provenance_only","DGpores_DGpocon|GSEA_GO|BP",55,"success_with_terms","P://data/processed/04_differential_expression_enrichment/clusterProfiler/neuron_neuropil/phenotype_within_unit/DG_po/DGpores_DGpocon/protein_group_audits/collapsed_gene_input.csv",178,"",FALSE,"declared_root_unmounted","S:/Lab_Member/Tobi/Experiments/Exp9_Social-Stress/Analysis/proteomics/data/processed/04_differential_expression_enrichment/clusterProfiler/neuron_neuropil/phenotype_within_unit/DG_po/DGpores_DGpocon/protein_group_audits/collapsed_gene_input.csv",244,"present",TRUE,1353064,FALSE,"provenance only: no active code opens this field"
"neuron_neuropil","data/processed/04_differential_expression_enrichment/clusterProfiler/neuron_neuropil/clusterProfiler_manifest.csv","gene_input_file","provenance_only","DGpores_DGpocon|GSEA_KEGG|KEGG",56,"success_with_terms","P://data/processed/04_differential_expression_enrichment/clusterProfiler/neuron_neuropil/phenotype_within_unit/DG_po/DGpores_DGpocon/protein_group_audits/collapsed_gene_input.csv",178,"",FALSE,"declared_root_unmounted","S:/Lab_Member/Tobi/Experiments/Exp9_Social-Stress/Analysis/proteomics/data/processed/04_differential_expression_enrichment/clusterProfiler/neuron_neuropil/phenotype_within_unit/DG_po/DGpores_DGpocon/protein_group_audits/collapsed_gene_input.csv",244,"present",TRUE,1353064,FALSE,"provenance only: no active code opens this field"
"neuron_neuropil","data/processed/04_differential_expression_enrichment/clusterProfiler/neuron_neuropil/clusterProfiler_manifest.csv","gene_input_file","provenance_only","DGposus_DGpocon|GSEA_GO|BP",57,"success_with_terms","P://data/processed/04_differential_expression_enrichment/clusterProfiler/neuron_neuropil/phenotype_within_unit/DG_po/DGposus_DGpocon/protein_group_audits/collapsed_gene_input.csv",178,"",FALSE,"declared_root_unmounted","S:/Lab_Member/Tobi/Experiments/Exp9_Social-Stress/Analysis/proteomics/data/processed/04_differential_expression_enrichment/clusterProfiler/neuron_neuropil/phenotype_within_unit/DG_po/DGposus_DGpocon/protein_group_audits/collapsed_gene_input.csv",244,"present",TRUE,1368187,FALSE,"provenance only: no active code opens this field"
"neuron_neuropil","data/processed/04_differential_expression_enrichment/clusterProfiler/neuron_neuropil/clusterProfiler_manifest.csv","gene_input_file","provenance_only","DGposus_DGpocon|GSEA_KEGG|KEGG",58,"success_with_terms","P://data/processed/04_differential_expression_enrichment/clusterProfiler/neuron_neuropil/phenotype_within_unit/DG_po/DGposus_DGpocon/protein_group_audits/collapsed_gene_input.csv",178,"",FALSE,"declared_root_unmounted","S:/Lab_Member/Tobi/Experiments/Exp9_Social-Stress/Analysis/proteomics/data/processed/04_differential_expression_enrichment/clusterProfiler/neuron_neuropil/phenotype_within_unit/DG_po/DGposus_DGpocon/protein_group_audits/collapsed_gene_input.csv",244,"present",TRUE,1368187,FALSE,"provenance only: no active code opens this field"
"neuron_neuropil","data/processed/04_differential_expression_enrichment/clusterProfiler/neuron_neuropil/clusterProfiler_manifest.csv","gene_input_file","provenance_only","DGposus_DGpores|GSEA_GO|BP",59,"success_with_terms","P://data/processed/04_differential_expression_enrichment/clusterProfiler/neuron_neuropil/phenotype_within_unit/DG_po/DGposus_DGpores/protein_group_audits/collapsed_gene_input.csv",178,"",FALSE,"declared_root_unmounted","S:/Lab_Member/Tobi/Experiments/Exp9_Social-Stress/Analysis/proteomics/data/processed/04_differential_expression_enrichment/clusterProfiler/neuron_neuropil/phenotype_within_unit/DG_po/DGposus_DGpores/protein_group_audits/collapsed_gene_input.csv",244,"present",TRUE,1367741,FALSE,"provenance only: no active code opens this field"
"neuron_neuropil","data/processed/04_differential_expression_enrichment/clusterProfiler/neuron_neuropil/clusterProfiler_manifest.csv","gene_input_file","provenance_only","DGposus_DGpores|GSEA_KEGG|KEGG",60,"success_with_terms","P://data/processed/04_differential_expression_enrichment/clusterProfiler/neuron_neuropil/phenotype_within_unit/DG_po/DGposus_DGpores/protein_group_audits/collapsed_gene_input.csv",178,"",FALSE,"declared_root_unmounted","S:/Lab_Member/Tobi/Experiments/Exp9_Social-Stress/Analysis/proteomics/data/processed/04_differential_expression_enrichment/clusterProfiler/neuron_neuropil/phenotype_within_unit/DG_po/DGposus_DGpores/protein_group_audits/collapsed_gene_input.csv",244,"present",TRUE,1367741,FALSE,"provenance only: no active code opens this field"
"neuron_neuropil","data/processed/04_differential_expression_enrichment/clusterProfiler/neuron_neuropil/clusterProfiler_manifest.csv","output_plot","provenance_only","CA1slmres_CA1slmcon|GSEA_GO|BP",1,"success_with_terms","P://results/figures/04_differential_expression_enrichment/clusterProfiler/neuron_neuropil/phenotype_within_unit/CA1_slm/CA1slmres_CA1slmcon/GO_BP/GSEA_BP_dotplot_full.svg",170,"",FALSE,"declared_root_unmounted","S:/Lab_Member/Tobi/Experiments/Exp9_Social-Stress/Analysis/proteomics/results/figures/04_differential_expression_enrichment/clusterProfiler/neuron_neuropil/phenotype_within_unit/CA1_slm/CA1slmres_CA1slmcon/GO_BP/GSEA_BP_dotplot_full.svg",236,"present",TRUE,21630,FALSE,"provenance only: no active code opens this field"
"neuron_neuropil","data/processed/04_differential_expression_enrichment/clusterProfiler/neuron_neuropil/clusterProfiler_manifest.csv","output_plot","provenance_only","CA1slmres_CA1slmcon|GSEA_KEGG|KEGG",2,"success_with_terms","P://results/figures/04_differential_expression_enrichment/clusterProfiler/neuron_neuropil/phenotype_within_unit/CA1_slm/CA1slmres_CA1slmcon/KEGG/KEGG_dotplot.svg",161,"",FALSE,"declared_root_unmounted","S:/Lab_Member/Tobi/Experiments/Exp9_Social-Stress/Analysis/proteomics/results/figures/04_differential_expression_enrichment/clusterProfiler/neuron_neuropil/phenotype_within_unit/CA1_slm/CA1slmres_CA1slmcon/KEGG/KEGG_dotplot.svg",227,"present",TRUE,20825,FALSE,"provenance only: no active code opens this field"
"neuron_neuropil","data/processed/04_differential_expression_enrichment/clusterProfiler/neuron_neuropil/clusterProfiler_manifest.csv","output_plot","provenance_only","CA1slmsus_CA1slmcon|GSEA_GO|BP",3,"success_with_terms","P://results/figures/04_differential_expression_enrichment/clusterProfiler/neuron_neuropil/phenotype_within_unit/CA1_slm/CA1slmsus_CA1slmcon/GO_BP/GSEA_BP_dotplot_full.svg",170,"",FALSE,"declared_root_unmounted","S:/Lab_Member/Tobi/Experiments/Exp9_Social-Stress/Analysis/proteomics/results/figures/04_differential_expression_enrichment/clusterProfiler/neuron_neuropil/phenotype_within_unit/CA1_slm/CA1slmsus_CA1slmcon/GO_BP/GSEA_BP_dotplot_full.svg",236,"present",TRUE,21008,FALSE,"provenance only: no active code opens this field"
"neuron_neuropil","data/processed/04_differential_expression_enrichment/clusterProfiler/neuron_neuropil/clusterProfiler_manifest.csv","output_plot","provenance_only","CA1slmsus_CA1slmcon|GSEA_KEGG|KEGG",4,"success_with_terms","P://results/figures/04_differential_expression_enrichment/clusterProfiler/neuron_neuropil/phenotype_within_unit/CA1_slm/CA1slmsus_CA1slmcon/KEGG/KEGG_dotplot.svg",161,"",FALSE,"declared_root_unmounted","S:/Lab_Member/Tobi/Experiments/Exp9_Social-Stress/Analysis/proteomics/results/figures/04_differential_expression_enrichment/clusterProfiler/neuron_neuropil/phenotype_within_unit/CA1_slm/CA1slmsus_CA1slmcon/KEGG/KEGG_dotplot.svg",227,"present",TRUE,20297,FALSE,"provenance only: no active code opens this field"
"neuron_neuropil","data/processed/04_differential_expression_enrichment/clusterProfiler/neuron_neuropil/clusterProfiler_manifest.csv","output_plot","provenance_only","CA1slmsus_CA1slmres|GSEA_GO|BP",5,"success_with_terms","P://results/figures/04_differential_expression_enrichment/clusterProfiler/neuron_neuropil/phenotype_within_unit/CA1_slm/CA1slmsus_CA1slmres/GO_BP/GSEA_BP_dotplot_full.svg",170,"",FALSE,"declared_root_unmounted","S:/Lab_Member/Tobi/Experiments/Exp9_Social-Stress/Analysis/proteomics/results/figures/04_differential_expression_enrichment/clusterProfiler/neuron_neuropil/phenotype_within_unit/CA1_slm/CA1slmsus_CA1slmres/GO_BP/GSEA_BP_dotplot_full.svg",236,"present",TRUE,20754,FALSE,"provenance only: no active code opens this field"
"neuron_neuropil","data/processed/04_differential_expression_enrichment/clusterProfiler/neuron_neuropil/clusterProfiler_manifest.csv","output_plot","provenance_only","CA1slmsus_CA1slmres|GSEA_KEGG|KEGG",6,"success_with_terms","P://results/figures/04_differential_expression_enrichment/clusterProfiler/neuron_neuropil/phenotype_within_unit/CA1_slm/CA1slmsus_CA1slmres/KEGG/KEGG_dotplot.svg",161,"",FALSE,"declared_root_unmounted","S:/Lab_Member/Tobi/Experiments/Exp9_Social-Stress/Analysis/proteomics/results/figures/04_differential_expression_enrichment/clusterProfiler/neuron_neuropil/phenotype_within_unit/CA1_slm/CA1slmsus_CA1slmres/KEGG/KEGG_dotplot.svg",227,"present",TRUE,21601,FALSE,"provenance only: no active code opens this field"
"neuron_neuropil","data/processed/04_differential_expression_enrichment/clusterProfiler/neuron_neuropil/clusterProfiler_manifest.csv","output_plot","provenance_only","CA1sores_CA1socon|GSEA_GO|BP",7,"success_with_terms","P://results/figures/04_differential_expression_enrichment/clusterProfiler/neuron_neuropil/phenotype_within_unit/CA1_so/CA1sores_CA1socon/GO_BP/GSEA_BP_dotplot_full.svg",167,"",FALSE,"declared_root_unmounted","S:/Lab_Member/Tobi/Experiments/Exp9_Social-Stress/Analysis/proteomics/results/figures/04_differential_expression_enrichment/clusterProfiler/neuron_neuropil/phenotype_within_unit/CA1_so/CA1sores_CA1socon/GO_BP/GSEA_BP_dotplot_full.svg",233,"present",TRUE,19390,FALSE,"provenance only: no active code opens this field"
"neuron_neuropil","data/processed/04_differential_expression_enrichment/clusterProfiler/neuron_neuropil/clusterProfiler_manifest.csv","output_plot","provenance_only","CA1sores_CA1socon|GSEA_KEGG|KEGG",8,"success_with_terms","P://results/figures/04_differential_expression_enrichment/clusterProfiler/neuron_neuropil/phenotype_within_unit/CA1_so/CA1sores_CA1socon/KEGG/KEGG_dotplot.svg",158,"",FALSE,"declared_root_unmounted","S:/Lab_Member/Tobi/Experiments/Exp9_Social-Stress/Analysis/proteomics/results/figures/04_differential_expression_enrichment/clusterProfiler/neuron_neuropil/phenotype_within_unit/CA1_so/CA1sores_CA1socon/KEGG/KEGG_dotplot.svg",224,"present",TRUE,21044,FALSE,"provenance only: no active code opens this field"
"neuron_neuropil","data/processed/04_differential_expression_enrichment/clusterProfiler/neuron_neuropil/clusterProfiler_manifest.csv","output_plot","provenance_only","CA1sosus_CA1socon|GSEA_GO|BP",9,"success_with_terms","P://results/figures/04_differential_expression_enrichment/clusterProfiler/neuron_neuropil/phenotype_within_unit/CA1_so/CA1sosus_CA1socon/GO_BP/GSEA_BP_dotplot_full.svg",167,"",FALSE,"declared_root_unmounted","S:/Lab_Member/Tobi/Experiments/Exp9_Social-Stress/Analysis/proteomics/results/figures/04_differential_expression_enrichment/clusterProfiler/neuron_neuropil/phenotype_within_unit/CA1_so/CA1sosus_CA1socon/GO_BP/GSEA_BP_dotplot_full.svg",233,"present",TRUE,20140,FALSE,"provenance only: no active code opens this field"
"neuron_neuropil","data/processed/04_differential_expression_enrichment/clusterProfiler/neuron_neuropil/clusterProfiler_manifest.csv","output_plot","provenance_only","CA1sosus_CA1socon|GSEA_KEGG|KEGG",10,"success_with_terms","P://results/figures/04_differential_expression_enrichment/clusterProfiler/neuron_neuropil/phenotype_within_unit/CA1_so/CA1sosus_CA1socon/KEGG/KEGG_dotplot.svg",158,"",FALSE,"declared_root_unmounted","S:/Lab_Member/Tobi/Experiments/Exp9_Social-Stress/Analysis/proteomics/results/figures/04_differential_expression_enrichment/clusterProfiler/neuron_neuropil/phenotype_within_unit/CA1_so/CA1sosus_CA1socon/KEGG/KEGG_dotplot.svg",224,"present",TRUE,20955,FALSE,"provenance only: no active code opens this field"
"neuron_neuropil","data/processed/04_differential_expression_enrichment/clusterProfiler/neuron_neuropil/clusterProfiler_manifest.csv","output_plot","provenance_only","CA1sosus_CA1sores|GSEA_GO|BP",11,"success_with_terms","P://results/figures/04_differential_expression_enrichment/clusterProfiler/neuron_neuropil/phenotype_within_unit/CA1_so/CA1sosus_CA1sores/GO_BP/GSEA_BP_dotplot_full.svg",167,"",FALSE,"declared_root_unmounted","S:/Lab_Member/Tobi/Experiments/Exp9_Social-Stress/Analysis/proteomics/results/figures/04_differential_expression_enrichment/clusterProfiler/neuron_neuropil/phenotype_within_unit/CA1_so/CA1sosus_CA1sores/GO_BP/GSEA_BP_dotplot_full.svg",233,"present",TRUE,21439,FALSE,"provenance only: no active code opens this field"
"neuron_neuropil","data/processed/04_differential_expression_enrichment/clusterProfiler/neuron_neuropil/clusterProfiler_manifest.csv","output_plot","provenance_only","CA1sosus_CA1sores|GSEA_KEGG|KEGG",12,"success_with_terms","P://results/figures/04_differential_expression_enrichment/clusterProfiler/neuron_neuropil/phenotype_within_unit/CA1_so/CA1sosus_CA1sores/KEGG/KEGG_dotplot.svg",158,"",FALSE,"declared_root_unmounted","S:/Lab_Member/Tobi/Experiments/Exp9_Social-Stress/Analysis/proteomics/results/figures/04_differential_expression_enrichment/clusterProfiler/neuron_neuropil/phenotype_within_unit/CA1_so/CA1sosus_CA1sores/KEGG/KEGG_dotplot.svg",224,"present",TRUE,21004,FALSE,"provenance only: no active code opens this field"
"neuron_neuropil","data/processed/04_differential_expression_enrichment/clusterProfiler/neuron_neuropil/clusterProfiler_manifest.csv","output_plot","provenance_only","CA1srres_CA1srcon|GSEA_GO|BP",13,"success_with_terms","P://results/figures/04_differential_expression_enrichment/clusterProfiler/neuron_neuropil/phenotype_within_unit/CA1_sr/CA1srres_CA1srcon/GO_BP/GSEA_BP_dotplot_full.svg",167,"",FALSE,"declared_root_unmounted","S:/Lab_Member/Tobi/Experiments/Exp9_Social-Stress/Analysis/proteomics/results/figures/04_differential_expression_enrichment/clusterProfiler/neuron_neuropil/phenotype_within_unit/CA1_sr/CA1srres_CA1srcon/GO_BP/GSEA_BP_dotplot_full.svg",233,"present",TRUE,20673,FALSE,"provenance only: no active code opens this field"
"neuron_neuropil","data/processed/04_differential_expression_enrichment/clusterProfiler/neuron_neuropil/clusterProfiler_manifest.csv","output_plot","provenance_only","CA1srres_CA1srcon|GSEA_KEGG|KEGG",14,"success_with_terms","P://results/figures/04_differential_expression_enrichment/clusterProfiler/neuron_neuropil/phenotype_within_unit/CA1_sr/CA1srres_CA1srcon/KEGG/KEGG_dotplot.svg",158,"",FALSE,"declared_root_unmounted","S:/Lab_Member/Tobi/Experiments/Exp9_Social-Stress/Analysis/proteomics/results/figures/04_differential_expression_enrichment/clusterProfiler/neuron_neuropil/phenotype_within_unit/CA1_sr/CA1srres_CA1srcon/KEGG/KEGG_dotplot.svg",224,"present",TRUE,20199,FALSE,"provenance only: no active code opens this field"
"neuron_neuropil","data/processed/04_differential_expression_enrichment/clusterProfiler/neuron_neuropil/clusterProfiler_manifest.csv","output_plot","provenance_only","CA1srsus_CA1srcon|GSEA_GO|BP",15,"success_with_terms","P://results/figures/04_differential_expression_enrichment/clusterProfiler/neuron_neuropil/phenotype_within_unit/CA1_sr/CA1srsus_CA1srcon/GO_BP/GSEA_BP_dotplot_full.svg",167,"",FALSE,"declared_root_unmounted","S:/Lab_Member/Tobi/Experiments/Exp9_Social-Stress/Analysis/proteomics/results/figures/04_differential_expression_enrichment/clusterProfiler/neuron_neuropil/phenotype_within_unit/CA1_sr/CA1srsus_CA1srcon/GO_BP/GSEA_BP_dotplot_full.svg",233,"present",TRUE,22755,FALSE,"provenance only: no active code opens this field"
"neuron_neuropil","data/processed/04_differential_expression_enrichment/clusterProfiler/neuron_neuropil/clusterProfiler_manifest.csv","output_plot","provenance_only","CA1srsus_CA1srcon|GSEA_KEGG|KEGG",16,"success_with_terms","P://results/figures/04_differential_expression_enrichment/clusterProfiler/neuron_neuropil/phenotype_within_unit/CA1_sr/CA1srsus_CA1srcon/KEGG/KEGG_dotplot.svg",158,"",FALSE,"declared_root_unmounted","S:/Lab_Member/Tobi/Experiments/Exp9_Social-Stress/Analysis/proteomics/results/figures/04_differential_expression_enrichment/clusterProfiler/neuron_neuropil/phenotype_within_unit/CA1_sr/CA1srsus_CA1srcon/KEGG/KEGG_dotplot.svg",224,"present",TRUE,21619,FALSE,"provenance only: no active code opens this field"
"neuron_neuropil","data/processed/04_differential_expression_enrichment/clusterProfiler/neuron_neuropil/clusterProfiler_manifest.csv","output_plot","provenance_only","CA1srsus_CA1srres|GSEA_GO|BP",17,"success_with_terms","P://results/figures/04_differential_expression_enrichment/clusterProfiler/neuron_neuropil/phenotype_within_unit/CA1_sr/CA1srsus_CA1srres/GO_BP/GSEA_BP_dotplot_full.svg",167,"",FALSE,"declared_root_unmounted","S:/Lab_Member/Tobi/Experiments/Exp9_Social-Stress/Analysis/proteomics/results/figures/04_differential_expression_enrichment/clusterProfiler/neuron_neuropil/phenotype_within_unit/CA1_sr/CA1srsus_CA1srres/GO_BP/GSEA_BP_dotplot_full.svg",233,"present",TRUE,22875,FALSE,"provenance only: no active code opens this field"
"neuron_neuropil","data/processed/04_differential_expression_enrichment/clusterProfiler/neuron_neuropil/clusterProfiler_manifest.csv","output_plot","provenance_only","CA1srsus_CA1srres|GSEA_KEGG|KEGG",18,"success_with_terms","P://results/figures/04_differential_expression_enrichment/clusterProfiler/neuron_neuropil/phenotype_within_unit/CA1_sr/CA1srsus_CA1srres/KEGG/KEGG_dotplot.svg",158,"",FALSE,"declared_root_unmounted","S:/Lab_Member/Tobi/Experiments/Exp9_Social-Stress/Analysis/proteomics/results/figures/04_differential_expression_enrichment/clusterProfiler/neuron_neuropil/phenotype_within_unit/CA1_sr/CA1srsus_CA1srres/KEGG/KEGG_dotplot.svg",224,"present",TRUE,20924,FALSE,"provenance only: no active code opens this field"
"neuron_neuropil","data/processed/04_differential_expression_enrichment/clusterProfiler/neuron_neuropil/clusterProfiler_manifest.csv","output_plot","provenance_only","CA2slmres_CA2slmcon|GSEA_GO|BP",19,"success_with_terms","P://results/figures/04_differential_expression_enrichment/clusterProfiler/neuron_neuropil/phenotype_within_unit/CA2_slm/CA2slmres_CA2slmcon/GO_BP/GSEA_BP_dotplot_full.svg",170,"",FALSE,"declared_root_unmounted","S:/Lab_Member/Tobi/Experiments/Exp9_Social-Stress/Analysis/proteomics/results/figures/04_differential_expression_enrichment/clusterProfiler/neuron_neuropil/phenotype_within_unit/CA2_slm/CA2slmres_CA2slmcon/GO_BP/GSEA_BP_dotplot_full.svg",236,"present",TRUE,19902,FALSE,"provenance only: no active code opens this field"
"neuron_neuropil","data/processed/04_differential_expression_enrichment/clusterProfiler/neuron_neuropil/clusterProfiler_manifest.csv","output_plot","provenance_only","CA2slmres_CA2slmcon|GSEA_KEGG|KEGG",20,"success_with_terms","P://results/figures/04_differential_expression_enrichment/clusterProfiler/neuron_neuropil/phenotype_within_unit/CA2_slm/CA2slmres_CA2slmcon/KEGG/KEGG_dotplot.svg",161,"",FALSE,"declared_root_unmounted","S:/Lab_Member/Tobi/Experiments/Exp9_Social-Stress/Analysis/proteomics/results/figures/04_differential_expression_enrichment/clusterProfiler/neuron_neuropil/phenotype_within_unit/CA2_slm/CA2slmres_CA2slmcon/KEGG/KEGG_dotplot.svg",227,"present",TRUE,20527,FALSE,"provenance only: no active code opens this field"
"neuron_neuropil","data/processed/04_differential_expression_enrichment/clusterProfiler/neuron_neuropil/clusterProfiler_manifest.csv","output_plot","provenance_only","CA2slmsus_CA2slmcon|GSEA_GO|BP",21,"success_with_terms","P://results/figures/04_differential_expression_enrichment/clusterProfiler/neuron_neuropil/phenotype_within_unit/CA2_slm/CA2slmsus_CA2slmcon/GO_BP/GSEA_BP_dotplot_full.svg",170,"",FALSE,"declared_root_unmounted","S:/Lab_Member/Tobi/Experiments/Exp9_Social-Stress/Analysis/proteomics/results/figures/04_differential_expression_enrichment/clusterProfiler/neuron_neuropil/phenotype_within_unit/CA2_slm/CA2slmsus_CA2slmcon/GO_BP/GSEA_BP_dotplot_full.svg",236,"present",TRUE,21521,FALSE,"provenance only: no active code opens this field"
"neuron_neuropil","data/processed/04_differential_expression_enrichment/clusterProfiler/neuron_neuropil/clusterProfiler_manifest.csv","output_plot","provenance_only","CA2slmsus_CA2slmcon|GSEA_KEGG|KEGG",22,"success_with_terms","P://results/figures/04_differential_expression_enrichment/clusterProfiler/neuron_neuropil/phenotype_within_unit/CA2_slm/CA2slmsus_CA2slmcon/KEGG/KEGG_dotplot.svg",161,"",FALSE,"declared_root_unmounted","S:/Lab_Member/Tobi/Experiments/Exp9_Social-Stress/Analysis/proteomics/results/figures/04_differential_expression_enrichment/clusterProfiler/neuron_neuropil/phenotype_within_unit/CA2_slm/CA2slmsus_CA2slmcon/KEGG/KEGG_dotplot.svg",227,"present",TRUE,20162,FALSE,"provenance only: no active code opens this field"
"neuron_neuropil","data/processed/04_differential_expression_enrichment/clusterProfiler/neuron_neuropil/clusterProfiler_manifest.csv","output_plot","provenance_only","CA2slmsus_CA2slmres|GSEA_GO|BP",23,"success_with_terms","P://results/figures/04_differential_expression_enrichment/clusterProfiler/neuron_neuropil/phenotype_within_unit/CA2_slm/CA2slmsus_CA2slmres/GO_BP/GSEA_BP_dotplot_full.svg",170,"",FALSE,"declared_root_unmounted","S:/Lab_Member/Tobi/Experiments/Exp9_Social-Stress/Analysis/proteomics/results/figures/04_differential_expression_enrichment/clusterProfiler/neuron_neuropil/phenotype_within_unit/CA2_slm/CA2slmsus_CA2slmres/GO_BP/GSEA_BP_dotplot_full.svg",236,"present",TRUE,21524,FALSE,"provenance only: no active code opens this field"
"neuron_neuropil","data/processed/04_differential_expression_enrichment/clusterProfiler/neuron_neuropil/clusterProfiler_manifest.csv","output_plot","provenance_only","CA2slmsus_CA2slmres|GSEA_KEGG|KEGG",24,"success_with_terms","P://results/figures/04_differential_expression_enrichment/clusterProfiler/neuron_neuropil/phenotype_within_unit/CA2_slm/CA2slmsus_CA2slmres/KEGG/KEGG_dotplot.svg",161,"",FALSE,"declared_root_unmounted","S:/Lab_Member/Tobi/Experiments/Exp9_Social-Stress/Analysis/proteomics/results/figures/04_differential_expression_enrichment/clusterProfiler/neuron_neuropil/phenotype_within_unit/CA2_slm/CA2slmsus_CA2slmres/KEGG/KEGG_dotplot.svg",227,"present",TRUE,20377,FALSE,"provenance only: no active code opens this field"
"neuron_neuropil","data/processed/04_differential_expression_enrichment/clusterProfiler/neuron_neuropil/clusterProfiler_manifest.csv","output_plot","provenance_only","CA2sores_CA2socon|GSEA_GO|BP",25,"success_with_terms","P://results/figures/04_differential_expression_enrichment/clusterProfiler/neuron_neuropil/phenotype_within_unit/CA2_so/CA2sores_CA2socon/GO_BP/GSEA_BP_dotplot_full.svg",167,"",FALSE,"declared_root_unmounted","S:/Lab_Member/Tobi/Experiments/Exp9_Social-Stress/Analysis/proteomics/results/figures/04_differential_expression_enrichment/clusterProfiler/neuron_neuropil/phenotype_within_unit/CA2_so/CA2sores_CA2socon/GO_BP/GSEA_BP_dotplot_full.svg",233,"present",TRUE,22558,FALSE,"provenance only: no active code opens this field"
"neuron_neuropil","data/processed/04_differential_expression_enrichment/clusterProfiler/neuron_neuropil/clusterProfiler_manifest.csv","output_plot","provenance_only","CA2sores_CA2socon|GSEA_KEGG|KEGG",26,"success_with_terms","P://results/figures/04_differential_expression_enrichment/clusterProfiler/neuron_neuropil/phenotype_within_unit/CA2_so/CA2sores_CA2socon/KEGG/KEGG_dotplot.svg",158,"",FALSE,"declared_root_unmounted","S:/Lab_Member/Tobi/Experiments/Exp9_Social-Stress/Analysis/proteomics/results/figures/04_differential_expression_enrichment/clusterProfiler/neuron_neuropil/phenotype_within_unit/CA2_so/CA2sores_CA2socon/KEGG/KEGG_dotplot.svg",224,"present",TRUE,21372,FALSE,"provenance only: no active code opens this field"
"neuron_neuropil","data/processed/04_differential_expression_enrichment/clusterProfiler/neuron_neuropil/clusterProfiler_manifest.csv","output_plot","provenance_only","CA2sosus_CA2socon|GSEA_GO|BP",27,"success_with_terms","P://results/figures/04_differential_expression_enrichment/clusterProfiler/neuron_neuropil/phenotype_within_unit/CA2_so/CA2sosus_CA2socon/GO_BP/GSEA_BP_dotplot_full.svg",167,"",FALSE,"declared_root_unmounted","S:/Lab_Member/Tobi/Experiments/Exp9_Social-Stress/Analysis/proteomics/results/figures/04_differential_expression_enrichment/clusterProfiler/neuron_neuropil/phenotype_within_unit/CA2_so/CA2sosus_CA2socon/GO_BP/GSEA_BP_dotplot_full.svg",233,"present",TRUE,22114,FALSE,"provenance only: no active code opens this field"
"neuron_neuropil","data/processed/04_differential_expression_enrichment/clusterProfiler/neuron_neuropil/clusterProfiler_manifest.csv","output_plot","provenance_only","CA2sosus_CA2socon|GSEA_KEGG|KEGG",28,"success_with_terms","P://results/figures/04_differential_expression_enrichment/clusterProfiler/neuron_neuropil/phenotype_within_unit/CA2_so/CA2sosus_CA2socon/KEGG/KEGG_dotplot.svg",158,"",FALSE,"declared_root_unmounted","S:/Lab_Member/Tobi/Experiments/Exp9_Social-Stress/Analysis/proteomics/results/figures/04_differential_expression_enrichment/clusterProfiler/neuron_neuropil/phenotype_within_unit/CA2_so/CA2sosus_CA2socon/KEGG/KEGG_dotplot.svg",224,"present",TRUE,22260,FALSE,"provenance only: no active code opens this field"
"neuron_neuropil","data/processed/04_differential_expression_enrichment/clusterProfiler/neuron_neuropil/clusterProfiler_manifest.csv","output_plot","provenance_only","CA2sosus_CA2sores|GSEA_GO|BP",29,"success_with_terms","P://results/figures/04_differential_expression_enrichment/clusterProfiler/neuron_neuropil/phenotype_within_unit/CA2_so/CA2sosus_CA2sores/GO_BP/GSEA_BP_dotplot_full.svg",167,"",FALSE,"declared_root_unmounted","S:/Lab_Member/Tobi/Experiments/Exp9_Social-Stress/Analysis/proteomics/results/figures/04_differential_expression_enrichment/clusterProfiler/neuron_neuropil/phenotype_within_unit/CA2_so/CA2sosus_CA2sores/GO_BP/GSEA_BP_dotplot_full.svg",233,"present",TRUE,22033,FALSE,"provenance only: no active code opens this field"
"neuron_neuropil","data/processed/04_differential_expression_enrichment/clusterProfiler/neuron_neuropil/clusterProfiler_manifest.csv","output_plot","provenance_only","CA2sosus_CA2sores|GSEA_KEGG|KEGG",30,"success_with_terms","P://results/figures/04_differential_expression_enrichment/clusterProfiler/neuron_neuropil/phenotype_within_unit/CA2_so/CA2sosus_CA2sores/KEGG/KEGG_dotplot.svg",158,"",FALSE,"declared_root_unmounted","S:/Lab_Member/Tobi/Experiments/Exp9_Social-Stress/Analysis/proteomics/results/figures/04_differential_expression_enrichment/clusterProfiler/neuron_neuropil/phenotype_within_unit/CA2_so/CA2sosus_CA2sores/KEGG/KEGG_dotplot.svg",224,"present",TRUE,21023,FALSE,"provenance only: no active code opens this field"
"neuron_neuropil","data/processed/04_differential_expression_enrichment/clusterProfiler/neuron_neuropil/clusterProfiler_manifest.csv","output_plot","provenance_only","CA2srres_CA2srcon|GSEA_GO|BP",31,"success_with_terms","P://results/figures/04_differential_expression_enrichment/clusterProfiler/neuron_neuropil/phenotype_within_unit/CA2_sr/CA2srres_CA2srcon/GO_BP/GSEA_BP_dotplot_full.svg",167,"",FALSE,"declared_root_unmounted","S:/Lab_Member/Tobi/Experiments/Exp9_Social-Stress/Analysis/proteomics/results/figures/04_differential_expression_enrichment/clusterProfiler/neuron_neuropil/phenotype_within_unit/CA2_sr/CA2srres_CA2srcon/GO_BP/GSEA_BP_dotplot_full.svg",233,"present",TRUE,22637,FALSE,"provenance only: no active code opens this field"
"neuron_neuropil","data/processed/04_differential_expression_enrichment/clusterProfiler/neuron_neuropil/clusterProfiler_manifest.csv","output_plot","provenance_only","CA2srres_CA2srcon|GSEA_KEGG|KEGG",32,"success_with_terms","P://results/figures/04_differential_expression_enrichment/clusterProfiler/neuron_neuropil/phenotype_within_unit/CA2_sr/CA2srres_CA2srcon/KEGG/KEGG_dotplot.svg",158,"",FALSE,"declared_root_unmounted","S:/Lab_Member/Tobi/Experiments/Exp9_Social-Stress/Analysis/proteomics/results/figures/04_differential_expression_enrichment/clusterProfiler/neuron_neuropil/phenotype_within_unit/CA2_sr/CA2srres_CA2srcon/KEGG/KEGG_dotplot.svg",224,"present",TRUE,20618,FALSE,"provenance only: no active code opens this field"
"neuron_neuropil","data/processed/04_differential_expression_enrichment/clusterProfiler/neuron_neuropil/clusterProfiler_manifest.csv","output_plot","provenance_only","CA2srsus_CA2srcon|GSEA_GO|BP",33,"success_with_terms","P://results/figures/04_differential_expression_enrichment/clusterProfiler/neuron_neuropil/phenotype_within_unit/CA2_sr/CA2srsus_CA2srcon/GO_BP/GSEA_BP_dotplot_full.svg",167,"",FALSE,"declared_root_unmounted","S:/Lab_Member/Tobi/Experiments/Exp9_Social-Stress/Analysis/proteomics/results/figures/04_differential_expression_enrichment/clusterProfiler/neuron_neuropil/phenotype_within_unit/CA2_sr/CA2srsus_CA2srcon/GO_BP/GSEA_BP_dotplot_full.svg",233,"present",TRUE,19830,FALSE,"provenance only: no active code opens this field"
"neuron_neuropil","data/processed/04_differential_expression_enrichment/clusterProfiler/neuron_neuropil/clusterProfiler_manifest.csv","output_plot","provenance_only","CA2srsus_CA2srcon|GSEA_KEGG|KEGG",34,"success_with_terms","P://results/figures/04_differential_expression_enrichment/clusterProfiler/neuron_neuropil/phenotype_within_unit/CA2_sr/CA2srsus_CA2srcon/KEGG/KEGG_dotplot.svg",158,"",FALSE,"declared_root_unmounted","S:/Lab_Member/Tobi/Experiments/Exp9_Social-Stress/Analysis/proteomics/results/figures/04_differential_expression_enrichment/clusterProfiler/neuron_neuropil/phenotype_within_unit/CA2_sr/CA2srsus_CA2srcon/KEGG/KEGG_dotplot.svg",224,"present",TRUE,21368,FALSE,"provenance only: no active code opens this field"
"neuron_neuropil","data/processed/04_differential_expression_enrichment/clusterProfiler/neuron_neuropil/clusterProfiler_manifest.csv","output_plot","provenance_only","CA2srsus_CA2srres|GSEA_GO|BP",35,"success_with_terms","P://results/figures/04_differential_expression_enrichment/clusterProfiler/neuron_neuropil/phenotype_within_unit/CA2_sr/CA2srsus_CA2srres/GO_BP/GSEA_BP_dotplot_full.svg",167,"",FALSE,"declared_root_unmounted","S:/Lab_Member/Tobi/Experiments/Exp9_Social-Stress/Analysis/proteomics/results/figures/04_differential_expression_enrichment/clusterProfiler/neuron_neuropil/phenotype_within_unit/CA2_sr/CA2srsus_CA2srres/GO_BP/GSEA_BP_dotplot_full.svg",233,"present",TRUE,20109,FALSE,"provenance only: no active code opens this field"
"neuron_neuropil","data/processed/04_differential_expression_enrichment/clusterProfiler/neuron_neuropil/clusterProfiler_manifest.csv","output_plot","provenance_only","CA2srsus_CA2srres|GSEA_KEGG|KEGG",36,"success_with_terms","P://results/figures/04_differential_expression_enrichment/clusterProfiler/neuron_neuropil/phenotype_within_unit/CA2_sr/CA2srsus_CA2srres/KEGG/KEGG_dotplot.svg",158,"",FALSE,"declared_root_unmounted","S:/Lab_Member/Tobi/Experiments/Exp9_Social-Stress/Analysis/proteomics/results/figures/04_differential_expression_enrichment/clusterProfiler/neuron_neuropil/phenotype_within_unit/CA2_sr/CA2srsus_CA2srres/KEGG/KEGG_dotplot.svg",224,"present",TRUE,20990,FALSE,"provenance only: no active code opens this field"
"neuron_neuropil","data/processed/04_differential_expression_enrichment/clusterProfiler/neuron_neuropil/clusterProfiler_manifest.csv","output_plot","provenance_only","CA3sores_CA3socon|GSEA_GO|BP",37,"success_with_terms","P://results/figures/04_differential_expression_enrichment/clusterProfiler/neuron_neuropil/phenotype_within_unit/CA3_so/CA3sores_CA3socon/GO_BP/GSEA_BP_dotplot_full.svg",167,"",FALSE,"declared_root_unmounted","S:/Lab_Member/Tobi/Experiments/Exp9_Social-Stress/Analysis/proteomics/results/figures/04_differential_expression_enrichment/clusterProfiler/neuron_neuropil/phenotype_within_unit/CA3_so/CA3sores_CA3socon/GO_BP/GSEA_BP_dotplot_full.svg",233,"present",TRUE,21929,FALSE,"provenance only: no active code opens this field"
"neuron_neuropil","data/processed/04_differential_expression_enrichment/clusterProfiler/neuron_neuropil/clusterProfiler_manifest.csv","output_plot","provenance_only","CA3sores_CA3socon|GSEA_KEGG|KEGG",38,"success_with_terms","P://results/figures/04_differential_expression_enrichment/clusterProfiler/neuron_neuropil/phenotype_within_unit/CA3_so/CA3sores_CA3socon/KEGG/KEGG_dotplot.svg",158,"",FALSE,"declared_root_unmounted","S:/Lab_Member/Tobi/Experiments/Exp9_Social-Stress/Analysis/proteomics/results/figures/04_differential_expression_enrichment/clusterProfiler/neuron_neuropil/phenotype_within_unit/CA3_so/CA3sores_CA3socon/KEGG/KEGG_dotplot.svg",224,"present",TRUE,21065,FALSE,"provenance only: no active code opens this field"
"neuron_neuropil","data/processed/04_differential_expression_enrichment/clusterProfiler/neuron_neuropil/clusterProfiler_manifest.csv","output_plot","provenance_only","CA3sosus_CA3socon|GSEA_GO|BP",39,"success_with_terms","P://results/figures/04_differential_expression_enrichment/clusterProfiler/neuron_neuropil/phenotype_within_unit/CA3_so/CA3sosus_CA3socon/GO_BP/GSEA_BP_dotplot_full.svg",167,"",FALSE,"declared_root_unmounted","S:/Lab_Member/Tobi/Experiments/Exp9_Social-Stress/Analysis/proteomics/results/figures/04_differential_expression_enrichment/clusterProfiler/neuron_neuropil/phenotype_within_unit/CA3_so/CA3sosus_CA3socon/GO_BP/GSEA_BP_dotplot_full.svg",233,"present",TRUE,21378,FALSE,"provenance only: no active code opens this field"
"neuron_neuropil","data/processed/04_differential_expression_enrichment/clusterProfiler/neuron_neuropil/clusterProfiler_manifest.csv","output_plot","provenance_only","CA3sosus_CA3socon|GSEA_KEGG|KEGG",40,"success_with_terms","P://results/figures/04_differential_expression_enrichment/clusterProfiler/neuron_neuropil/phenotype_within_unit/CA3_so/CA3sosus_CA3socon/KEGG/KEGG_dotplot.svg",158,"",FALSE,"declared_root_unmounted","S:/Lab_Member/Tobi/Experiments/Exp9_Social-Stress/Analysis/proteomics/results/figures/04_differential_expression_enrichment/clusterProfiler/neuron_neuropil/phenotype_within_unit/CA3_so/CA3sosus_CA3socon/KEGG/KEGG_dotplot.svg",224,"present",TRUE,19361,FALSE,"provenance only: no active code opens this field"
"neuron_neuropil","data/processed/04_differential_expression_enrichment/clusterProfiler/neuron_neuropil/clusterProfiler_manifest.csv","output_plot","provenance_only","CA3sosus_CA3sores|GSEA_GO|BP",41,"success_with_terms","P://results/figures/04_differential_expression_enrichment/clusterProfiler/neuron_neuropil/phenotype_within_unit/CA3_so/CA3sosus_CA3sores/GO_BP/GSEA_BP_dotplot_full.svg",167,"",FALSE,"declared_root_unmounted","S:/Lab_Member/Tobi/Experiments/Exp9_Social-Stress/Analysis/proteomics/results/figures/04_differential_expression_enrichment/clusterProfiler/neuron_neuropil/phenotype_within_unit/CA3_so/CA3sosus_CA3sores/GO_BP/GSEA_BP_dotplot_full.svg",233,"present",TRUE,22380,FALSE,"provenance only: no active code opens this field"
"neuron_neuropil","data/processed/04_differential_expression_enrichment/clusterProfiler/neuron_neuropil/clusterProfiler_manifest.csv","output_plot","provenance_only","CA3sosus_CA3sores|GSEA_KEGG|KEGG",42,"success_with_terms","P://results/figures/04_differential_expression_enrichment/clusterProfiler/neuron_neuropil/phenotype_within_unit/CA3_so/CA3sosus_CA3sores/KEGG/KEGG_dotplot.svg",158,"",FALSE,"declared_root_unmounted","S:/Lab_Member/Tobi/Experiments/Exp9_Social-Stress/Analysis/proteomics/results/figures/04_differential_expression_enrichment/clusterProfiler/neuron_neuropil/phenotype_within_unit/CA3_so/CA3sosus_CA3sores/KEGG/KEGG_dotplot.svg",224,"present",TRUE,21097,FALSE,"provenance only: no active code opens this field"
"neuron_neuropil","data/processed/04_differential_expression_enrichment/clusterProfiler/neuron_neuropil/clusterProfiler_manifest.csv","output_plot","provenance_only","CA3srres_CA3srcon|GSEA_GO|BP",43,"success_with_terms","P://results/figures/04_differential_expression_enrichment/clusterProfiler/neuron_neuropil/phenotype_within_unit/CA3_sr/CA3srres_CA3srcon/GO_BP/GSEA_BP_dotplot_full.svg",167,"",FALSE,"declared_root_unmounted","S:/Lab_Member/Tobi/Experiments/Exp9_Social-Stress/Analysis/proteomics/results/figures/04_differential_expression_enrichment/clusterProfiler/neuron_neuropil/phenotype_within_unit/CA3_sr/CA3srres_CA3srcon/GO_BP/GSEA_BP_dotplot_full.svg",233,"present",TRUE,23043,FALSE,"provenance only: no active code opens this field"
"neuron_neuropil","data/processed/04_differential_expression_enrichment/clusterProfiler/neuron_neuropil/clusterProfiler_manifest.csv","output_plot","provenance_only","CA3srres_CA3srcon|GSEA_KEGG|KEGG",44,"success_with_terms","P://results/figures/04_differential_expression_enrichment/clusterProfiler/neuron_neuropil/phenotype_within_unit/CA3_sr/CA3srres_CA3srcon/KEGG/KEGG_dotplot.svg",158,"",FALSE,"declared_root_unmounted","S:/Lab_Member/Tobi/Experiments/Exp9_Social-Stress/Analysis/proteomics/results/figures/04_differential_expression_enrichment/clusterProfiler/neuron_neuropil/phenotype_within_unit/CA3_sr/CA3srres_CA3srcon/KEGG/KEGG_dotplot.svg",224,"present",TRUE,19604,FALSE,"provenance only: no active code opens this field"
"neuron_neuropil","data/processed/04_differential_expression_enrichment/clusterProfiler/neuron_neuropil/clusterProfiler_manifest.csv","output_plot","provenance_only","CA3srsus_CA3srcon|GSEA_GO|BP",45,"success_with_terms","P://results/figures/04_differential_expression_enrichment/clusterProfiler/neuron_neuropil/phenotype_within_unit/CA3_sr/CA3srsus_CA3srcon/GO_BP/GSEA_BP_dotplot_full.svg",167,"",FALSE,"declared_root_unmounted","S:/Lab_Member/Tobi/Experiments/Exp9_Social-Stress/Analysis/proteomics/results/figures/04_differential_expression_enrichment/clusterProfiler/neuron_neuropil/phenotype_within_unit/CA3_sr/CA3srsus_CA3srcon/GO_BP/GSEA_BP_dotplot_full.svg",233,"present",TRUE,20600,FALSE,"provenance only: no active code opens this field"
"neuron_neuropil","data/processed/04_differential_expression_enrichment/clusterProfiler/neuron_neuropil/clusterProfiler_manifest.csv","output_plot","provenance_only","CA3srsus_CA3srcon|GSEA_KEGG|KEGG",46,"success_with_terms","P://results/figures/04_differential_expression_enrichment/clusterProfiler/neuron_neuropil/phenotype_within_unit/CA3_sr/CA3srsus_CA3srcon/KEGG/KEGG_dotplot.svg",158,"",FALSE,"declared_root_unmounted","S:/Lab_Member/Tobi/Experiments/Exp9_Social-Stress/Analysis/proteomics/results/figures/04_differential_expression_enrichment/clusterProfiler/neuron_neuropil/phenotype_within_unit/CA3_sr/CA3srsus_CA3srcon/KEGG/KEGG_dotplot.svg",224,"present",TRUE,20595,FALSE,"provenance only: no active code opens this field"
"neuron_neuropil","data/processed/04_differential_expression_enrichment/clusterProfiler/neuron_neuropil/clusterProfiler_manifest.csv","output_plot","provenance_only","CA3srsus_CA3srres|GSEA_GO|BP",47,"success_with_terms","P://results/figures/04_differential_expression_enrichment/clusterProfiler/neuron_neuropil/phenotype_within_unit/CA3_sr/CA3srsus_CA3srres/GO_BP/GSEA_BP_dotplot_full.svg",167,"",FALSE,"declared_root_unmounted","S:/Lab_Member/Tobi/Experiments/Exp9_Social-Stress/Analysis/proteomics/results/figures/04_differential_expression_enrichment/clusterProfiler/neuron_neuropil/phenotype_within_unit/CA3_sr/CA3srsus_CA3srres/GO_BP/GSEA_BP_dotplot_full.svg",233,"present",TRUE,21603,FALSE,"provenance only: no active code opens this field"
"neuron_neuropil","data/processed/04_differential_expression_enrichment/clusterProfiler/neuron_neuropil/clusterProfiler_manifest.csv","output_plot","provenance_only","CA3srsus_CA3srres|GSEA_KEGG|KEGG",48,"success_with_terms","P://results/figures/04_differential_expression_enrichment/clusterProfiler/neuron_neuropil/phenotype_within_unit/CA3_sr/CA3srsus_CA3srres/KEGG/KEGG_dotplot.svg",158,"",FALSE,"declared_root_unmounted","S:/Lab_Member/Tobi/Experiments/Exp9_Social-Stress/Analysis/proteomics/results/figures/04_differential_expression_enrichment/clusterProfiler/neuron_neuropil/phenotype_within_unit/CA3_sr/CA3srsus_CA3srres/KEGG/KEGG_dotplot.svg",224,"present",TRUE,22171,FALSE,"provenance only: no active code opens this field"
"neuron_neuropil","data/processed/04_differential_expression_enrichment/clusterProfiler/neuron_neuropil/clusterProfiler_manifest.csv","output_plot","provenance_only","DGmores_DGmocon|GSEA_GO|BP",49,"success_with_terms","P://results/figures/04_differential_expression_enrichment/clusterProfiler/neuron_neuropil/phenotype_within_unit/DG_mo/DGmores_DGmocon/GO_BP/GSEA_BP_dotplot_full.svg",164,"",FALSE,"declared_root_unmounted","S:/Lab_Member/Tobi/Experiments/Exp9_Social-Stress/Analysis/proteomics/results/figures/04_differential_expression_enrichment/clusterProfiler/neuron_neuropil/phenotype_within_unit/DG_mo/DGmores_DGmocon/GO_BP/GSEA_BP_dotplot_full.svg",230,"present",TRUE,22432,FALSE,"provenance only: no active code opens this field"
"neuron_neuropil","data/processed/04_differential_expression_enrichment/clusterProfiler/neuron_neuropil/clusterProfiler_manifest.csv","output_plot","provenance_only","DGmores_DGmocon|GSEA_KEGG|KEGG",50,"success_with_terms","P://results/figures/04_differential_expression_enrichment/clusterProfiler/neuron_neuropil/phenotype_within_unit/DG_mo/DGmores_DGmocon/KEGG/KEGG_dotplot.svg",155,"",FALSE,"declared_root_unmounted","S:/Lab_Member/Tobi/Experiments/Exp9_Social-Stress/Analysis/proteomics/results/figures/04_differential_expression_enrichment/clusterProfiler/neuron_neuropil/phenotype_within_unit/DG_mo/DGmores_DGmocon/KEGG/KEGG_dotplot.svg",221,"present",TRUE,20989,FALSE,"provenance only: no active code opens this field"
"neuron_neuropil","data/processed/04_differential_expression_enrichment/clusterProfiler/neuron_neuropil/clusterProfiler_manifest.csv","output_plot","provenance_only","DGmosus_DGmocon|GSEA_GO|BP",51,"success_with_terms","P://results/figures/04_differential_expression_enrichment/clusterProfiler/neuron_neuropil/phenotype_within_unit/DG_mo/DGmosus_DGmocon/GO_BP/GSEA_BP_dotplot_full.svg",164,"",FALSE,"declared_root_unmounted","S:/Lab_Member/Tobi/Experiments/Exp9_Social-Stress/Analysis/proteomics/results/figures/04_differential_expression_enrichment/clusterProfiler/neuron_neuropil/phenotype_within_unit/DG_mo/DGmosus_DGmocon/GO_BP/GSEA_BP_dotplot_full.svg",230,"present",TRUE,21834,FALSE,"provenance only: no active code opens this field"
"neuron_neuropil","data/processed/04_differential_expression_enrichment/clusterProfiler/neuron_neuropil/clusterProfiler_manifest.csv","output_plot","provenance_only","DGmosus_DGmocon|GSEA_KEGG|KEGG",52,"success_with_terms","P://results/figures/04_differential_expression_enrichment/clusterProfiler/neuron_neuropil/phenotype_within_unit/DG_mo/DGmosus_DGmocon/KEGG/KEGG_dotplot.svg",155,"",FALSE,"declared_root_unmounted","S:/Lab_Member/Tobi/Experiments/Exp9_Social-Stress/Analysis/proteomics/results/figures/04_differential_expression_enrichment/clusterProfiler/neuron_neuropil/phenotype_within_unit/DG_mo/DGmosus_DGmocon/KEGG/KEGG_dotplot.svg",221,"present",TRUE,20210,FALSE,"provenance only: no active code opens this field"
"neuron_neuropil","data/processed/04_differential_expression_enrichment/clusterProfiler/neuron_neuropil/clusterProfiler_manifest.csv","output_plot","provenance_only","DGmosus_DGmores|GSEA_GO|BP",53,"success_with_terms","P://results/figures/04_differential_expression_enrichment/clusterProfiler/neuron_neuropil/phenotype_within_unit/DG_mo/DGmosus_DGmores/GO_BP/GSEA_BP_dotplot_full.svg",164,"",FALSE,"declared_root_unmounted","S:/Lab_Member/Tobi/Experiments/Exp9_Social-Stress/Analysis/proteomics/results/figures/04_differential_expression_enrichment/clusterProfiler/neuron_neuropil/phenotype_within_unit/DG_mo/DGmosus_DGmores/GO_BP/GSEA_BP_dotplot_full.svg",230,"present",TRUE,23006,FALSE,"provenance only: no active code opens this field"
"neuron_neuropil","data/processed/04_differential_expression_enrichment/clusterProfiler/neuron_neuropil/clusterProfiler_manifest.csv","output_plot","provenance_only","DGmosus_DGmores|GSEA_KEGG|KEGG",54,"success_with_terms","P://results/figures/04_differential_expression_enrichment/clusterProfiler/neuron_neuropil/phenotype_within_unit/DG_mo/DGmosus_DGmores/KEGG/KEGG_dotplot.svg",155,"",FALSE,"declared_root_unmounted","S:/Lab_Member/Tobi/Experiments/Exp9_Social-Stress/Analysis/proteomics/results/figures/04_differential_expression_enrichment/clusterProfiler/neuron_neuropil/phenotype_within_unit/DG_mo/DGmosus_DGmores/KEGG/KEGG_dotplot.svg",221,"present",TRUE,21767,FALSE,"provenance only: no active code opens this field"
"neuron_neuropil","data/processed/04_differential_expression_enrichment/clusterProfiler/neuron_neuropil/clusterProfiler_manifest.csv","output_plot","provenance_only","DGpores_DGpocon|GSEA_GO|BP",55,"success_with_terms","P://results/figures/04_differential_expression_enrichment/clusterProfiler/neuron_neuropil/phenotype_within_unit/DG_po/DGpores_DGpocon/GO_BP/GSEA_BP_dotplot_full.svg",164,"",FALSE,"declared_root_unmounted","S:/Lab_Member/Tobi/Experiments/Exp9_Social-Stress/Analysis/proteomics/results/figures/04_differential_expression_enrichment/clusterProfiler/neuron_neuropil/phenotype_within_unit/DG_po/DGpores_DGpocon/GO_BP/GSEA_BP_dotplot_full.svg",230,"present",TRUE,21181,FALSE,"provenance only: no active code opens this field"
"neuron_neuropil","data/processed/04_differential_expression_enrichment/clusterProfiler/neuron_neuropil/clusterProfiler_manifest.csv","output_plot","provenance_only","DGpores_DGpocon|GSEA_KEGG|KEGG",56,"success_with_terms","P://results/figures/04_differential_expression_enrichment/clusterProfiler/neuron_neuropil/phenotype_within_unit/DG_po/DGpores_DGpocon/KEGG/KEGG_dotplot.svg",155,"",FALSE,"declared_root_unmounted","S:/Lab_Member/Tobi/Experiments/Exp9_Social-Stress/Analysis/proteomics/results/figures/04_differential_expression_enrichment/clusterProfiler/neuron_neuropil/phenotype_within_unit/DG_po/DGpores_DGpocon/KEGG/KEGG_dotplot.svg",221,"present",TRUE,20411,FALSE,"provenance only: no active code opens this field"
"neuron_neuropil","data/processed/04_differential_expression_enrichment/clusterProfiler/neuron_neuropil/clusterProfiler_manifest.csv","output_plot","provenance_only","DGposus_DGpocon|GSEA_GO|BP",57,"success_with_terms","P://results/figures/04_differential_expression_enrichment/clusterProfiler/neuron_neuropil/phenotype_within_unit/DG_po/DGposus_DGpocon/GO_BP/GSEA_BP_dotplot_full.svg",164,"",FALSE,"declared_root_unmounted","S:/Lab_Member/Tobi/Experiments/Exp9_Social-Stress/Analysis/proteomics/results/figures/04_differential_expression_enrichment/clusterProfiler/neuron_neuropil/phenotype_within_unit/DG_po/DGposus_DGpocon/GO_BP/GSEA_BP_dotplot_full.svg",230,"present",TRUE,21344,FALSE,"provenance only: no active code opens this field"
"neuron_neuropil","data/processed/04_differential_expression_enrichment/clusterProfiler/neuron_neuropil/clusterProfiler_manifest.csv","output_plot","provenance_only","DGposus_DGpocon|GSEA_KEGG|KEGG",58,"success_with_terms","P://results/figures/04_differential_expression_enrichment/clusterProfiler/neuron_neuropil/phenotype_within_unit/DG_po/DGposus_DGpocon/KEGG/KEGG_dotplot.svg",155,"",FALSE,"declared_root_unmounted","S:/Lab_Member/Tobi/Experiments/Exp9_Social-Stress/Analysis/proteomics/results/figures/04_differential_expression_enrichment/clusterProfiler/neuron_neuropil/phenotype_within_unit/DG_po/DGposus_DGpocon/KEGG/KEGG_dotplot.svg",221,"present",TRUE,20490,FALSE,"provenance only: no active code opens this field"
"neuron_neuropil","data/processed/04_differential_expression_enrichment/clusterProfiler/neuron_neuropil/clusterProfiler_manifest.csv","output_plot","provenance_only","DGposus_DGpores|GSEA_GO|BP",59,"success_with_terms","P://results/figures/04_differential_expression_enrichment/clusterProfiler/neuron_neuropil/phenotype_within_unit/DG_po/DGposus_DGpores/GO_BP/GSEA_BP_dotplot_full.svg",164,"",FALSE,"declared_root_unmounted","S:/Lab_Member/Tobi/Experiments/Exp9_Social-Stress/Analysis/proteomics/results/figures/04_differential_expression_enrichment/clusterProfiler/neuron_neuropil/phenotype_within_unit/DG_po/DGposus_DGpores/GO_BP/GSEA_BP_dotplot_full.svg",230,"present",TRUE,21330,FALSE,"provenance only: no active code opens this field"
"neuron_neuropil","data/processed/04_differential_expression_enrichment/clusterProfiler/neuron_neuropil/clusterProfiler_manifest.csv","output_plot","provenance_only","DGposus_DGpores|GSEA_KEGG|KEGG",60,"success_with_terms","P://results/figures/04_differential_expression_enrichment/clusterProfiler/neuron_neuropil/phenotype_within_unit/DG_po/DGposus_DGpores/KEGG/KEGG_dotplot.svg",155,"",FALSE,"declared_root_unmounted","S:/Lab_Member/Tobi/Experiments/Exp9_Social-Stress/Analysis/proteomics/results/figures/04_differential_expression_enrichment/clusterProfiler/neuron_neuropil/phenotype_within_unit/DG_po/DGposus_DGpores/KEGG/KEGG_dotplot.svg",221,"present",TRUE,19805,FALSE,"provenance only: no active code opens this field"
"neuron_soma","data/processed/04_differential_expression_enrichment/clusterProfiler/neuron_soma/clusterProfiler_manifest.csv","output_table","runtime_required","CA1spres_CA1spcon|GSEA_GO|BP",1,"success_with_terms","P://results/source_data/04_differential_expression_enrichment/clusterProfiler/neuron_soma/BP/phenotype_within_unit/CA1_sp/CA1spres_CA1spcon_full.csv",148,"R/enrichment/enrichment_io.R:611 read_csv_contract | analysis/wgcna/compare_module_enrichment_overlap.R:239 read_leading_edge_set",TRUE,"declared_root_unmounted","S:/Lab_Member/Tobi/Experiments/Exp9_Social-Stress/Analysis/proteomics/results/source_data/04_differential_expression_enrichment/clusterProfiler/neuron_soma/BP/phenotype_within_unit/CA1_sp/CA1spres_CA1spcon_full.csv",214,"present",TRUE,1229548,FALSE,"runtime-required and the rebased path is directly usable"
"neuron_soma","data/processed/04_differential_expression_enrichment/clusterProfiler/neuron_soma/clusterProfiler_manifest.csv","output_table","runtime_required","CA1spres_CA1spcon|GSEA_KEGG|KEGG",2,"success_with_terms","P://results/source_data/04_differential_expression_enrichment/clusterProfiler/neuron_soma/KEGG/phenotype_within_unit/CA1_sp/CA1spres_CA1spcon_KEGG.csv",150,"R/enrichment/enrichment_io.R:611 read_csv_contract | analysis/wgcna/compare_module_enrichment_overlap.R:239 read_leading_edge_set",TRUE,"declared_root_unmounted","S:/Lab_Member/Tobi/Experiments/Exp9_Social-Stress/Analysis/proteomics/results/source_data/04_differential_expression_enrichment/clusterProfiler/neuron_soma/KEGG/phenotype_within_unit/CA1_sp/CA1spres_CA1spcon_KEGG.csv",216,"present",TRUE,82779,FALSE,"runtime-required and the rebased path is directly usable"
"neuron_soma","data/processed/04_differential_expression_enrichment/clusterProfiler/neuron_soma/clusterProfiler_manifest.csv","output_table","runtime_required","CA1spsus_CA1spcon|GSEA_GO|BP",3,"success_with_terms","P://results/source_data/04_differential_expression_enrichment/clusterProfiler/neuron_soma/BP/phenotype_within_unit/CA1_sp/CA1spsus_CA1spcon_full.csv",148,"R/enrichment/enrichment_io.R:611 read_csv_contract | analysis/wgcna/compare_module_enrichment_overlap.R:239 read_leading_edge_set",TRUE,"declared_root_unmounted","S:/Lab_Member/Tobi/Experiments/Exp9_Social-Stress/Analysis/proteomics/results/source_data/04_differential_expression_enrichment/clusterProfiler/neuron_soma/BP/phenotype_within_unit/CA1_sp/CA1spsus_CA1spcon_full.csv",214,"present",TRUE,1244223,FALSE,"runtime-required and the rebased path is directly usable"
"neuron_soma","data/processed/04_differential_expression_enrichment/clusterProfiler/neuron_soma/clusterProfiler_manifest.csv","output_table","runtime_required","CA1spsus_CA1spcon|GSEA_KEGG|KEGG",4,"success_with_terms","P://results/source_data/04_differential_expression_enrichment/clusterProfiler/neuron_soma/KEGG/phenotype_within_unit/CA1_sp/CA1spsus_CA1spcon_KEGG.csv",150,"R/enrichment/enrichment_io.R:611 read_csv_contract | analysis/wgcna/compare_module_enrichment_overlap.R:239 read_leading_edge_set",TRUE,"declared_root_unmounted","S:/Lab_Member/Tobi/Experiments/Exp9_Social-Stress/Analysis/proteomics/results/source_data/04_differential_expression_enrichment/clusterProfiler/neuron_soma/KEGG/phenotype_within_unit/CA1_sp/CA1spsus_CA1spcon_KEGG.csv",216,"present",TRUE,83724,FALSE,"runtime-required and the rebased path is directly usable"
"neuron_soma","data/processed/04_differential_expression_enrichment/clusterProfiler/neuron_soma/clusterProfiler_manifest.csv","output_table","runtime_required","CA1spsus_CA1spres|GSEA_GO|BP",5,"success_with_terms","P://results/source_data/04_differential_expression_enrichment/clusterProfiler/neuron_soma/BP/phenotype_within_unit/CA1_sp/CA1spsus_CA1spres_full.csv",148,"R/enrichment/enrichment_io.R:611 read_csv_contract | analysis/wgcna/compare_module_enrichment_overlap.R:239 read_leading_edge_set",TRUE,"declared_root_unmounted","S:/Lab_Member/Tobi/Experiments/Exp9_Social-Stress/Analysis/proteomics/results/source_data/04_differential_expression_enrichment/clusterProfiler/neuron_soma/BP/phenotype_within_unit/CA1_sp/CA1spsus_CA1spres_full.csv",214,"present",TRUE,1348070,FALSE,"runtime-required and the rebased path is directly usable"
"neuron_soma","data/processed/04_differential_expression_enrichment/clusterProfiler/neuron_soma/clusterProfiler_manifest.csv","output_table","runtime_required","CA1spsus_CA1spres|GSEA_KEGG|KEGG",6,"success_with_terms","P://results/source_data/04_differential_expression_enrichment/clusterProfiler/neuron_soma/KEGG/phenotype_within_unit/CA1_sp/CA1spsus_CA1spres_KEGG.csv",150,"R/enrichment/enrichment_io.R:611 read_csv_contract | analysis/wgcna/compare_module_enrichment_overlap.R:239 read_leading_edge_set",TRUE,"declared_root_unmounted","S:/Lab_Member/Tobi/Experiments/Exp9_Social-Stress/Analysis/proteomics/results/source_data/04_differential_expression_enrichment/clusterProfiler/neuron_soma/KEGG/phenotype_within_unit/CA1_sp/CA1spsus_CA1spres_KEGG.csv",216,"present",TRUE,88662,FALSE,"runtime-required and the rebased path is directly usable"
"neuron_soma","data/processed/04_differential_expression_enrichment/clusterProfiler/neuron_soma/clusterProfiler_manifest.csv","output_table","runtime_required","CA2spres_CA2spcon|GSEA_GO|BP",7,"success_with_terms","P://results/source_data/04_differential_expression_enrichment/clusterProfiler/neuron_soma/BP/phenotype_within_unit/CA2_sp/CA2spres_CA2spcon_full.csv",148,"R/enrichment/enrichment_io.R:611 read_csv_contract | analysis/wgcna/compare_module_enrichment_overlap.R:239 read_leading_edge_set",TRUE,"declared_root_unmounted","S:/Lab_Member/Tobi/Experiments/Exp9_Social-Stress/Analysis/proteomics/results/source_data/04_differential_expression_enrichment/clusterProfiler/neuron_soma/BP/phenotype_within_unit/CA2_sp/CA2spres_CA2spcon_full.csv",214,"present",TRUE,1157229,FALSE,"runtime-required and the rebased path is directly usable"
"neuron_soma","data/processed/04_differential_expression_enrichment/clusterProfiler/neuron_soma/clusterProfiler_manifest.csv","output_table","runtime_required","CA2spres_CA2spcon|GSEA_KEGG|KEGG",8,"success_with_terms","P://results/source_data/04_differential_expression_enrichment/clusterProfiler/neuron_soma/KEGG/phenotype_within_unit/CA2_sp/CA2spres_CA2spcon_KEGG.csv",150,"R/enrichment/enrichment_io.R:611 read_csv_contract | analysis/wgcna/compare_module_enrichment_overlap.R:239 read_leading_edge_set",TRUE,"declared_root_unmounted","S:/Lab_Member/Tobi/Experiments/Exp9_Social-Stress/Analysis/proteomics/results/source_data/04_differential_expression_enrichment/clusterProfiler/neuron_soma/KEGG/phenotype_within_unit/CA2_sp/CA2spres_CA2spcon_KEGG.csv",216,"present",TRUE,79291,FALSE,"runtime-required and the rebased path is directly usable"
"neuron_soma","data/processed/04_differential_expression_enrichment/clusterProfiler/neuron_soma/clusterProfiler_manifest.csv","output_table","runtime_required","CA2spsus_CA2spcon|GSEA_GO|BP",9,"success_with_terms","P://results/source_data/04_differential_expression_enrichment/clusterProfiler/neuron_soma/BP/phenotype_within_unit/CA2_sp/CA2spsus_CA2spcon_full.csv",148,"R/enrichment/enrichment_io.R:611 read_csv_contract | analysis/wgcna/compare_module_enrichment_overlap.R:239 read_leading_edge_set",TRUE,"declared_root_unmounted","S:/Lab_Member/Tobi/Experiments/Exp9_Social-Stress/Analysis/proteomics/results/source_data/04_differential_expression_enrichment/clusterProfiler/neuron_soma/BP/phenotype_within_unit/CA2_sp/CA2spsus_CA2spcon_full.csv",214,"present",TRUE,1167344,FALSE,"runtime-required and the rebased path is directly usable"
"neuron_soma","data/processed/04_differential_expression_enrichment/clusterProfiler/neuron_soma/clusterProfiler_manifest.csv","output_table","runtime_required","CA2spsus_CA2spcon|GSEA_KEGG|KEGG",10,"success_with_terms","P://results/source_data/04_differential_expression_enrichment/clusterProfiler/neuron_soma/KEGG/phenotype_within_unit/CA2_sp/CA2spsus_CA2spcon_KEGG.csv",150,"R/enrichment/enrichment_io.R:611 read_csv_contract | analysis/wgcna/compare_module_enrichment_overlap.R:239 read_leading_edge_set",TRUE,"declared_root_unmounted","S:/Lab_Member/Tobi/Experiments/Exp9_Social-Stress/Analysis/proteomics/results/source_data/04_differential_expression_enrichment/clusterProfiler/neuron_soma/KEGG/phenotype_within_unit/CA2_sp/CA2spsus_CA2spcon_KEGG.csv",216,"present",TRUE,81841,FALSE,"runtime-required and the rebased path is directly usable"
"neuron_soma","data/processed/04_differential_expression_enrichment/clusterProfiler/neuron_soma/clusterProfiler_manifest.csv","output_table","runtime_required","CA2spsus_CA2spres|GSEA_GO|BP",11,"success_with_terms","P://results/source_data/04_differential_expression_enrichment/clusterProfiler/neuron_soma/BP/phenotype_within_unit/CA2_sp/CA2spsus_CA2spres_full.csv",148,"R/enrichment/enrichment_io.R:611 read_csv_contract | analysis/wgcna/compare_module_enrichment_overlap.R:239 read_leading_edge_set",TRUE,"declared_root_unmounted","S:/Lab_Member/Tobi/Experiments/Exp9_Social-Stress/Analysis/proteomics/results/source_data/04_differential_expression_enrichment/clusterProfiler/neuron_soma/BP/phenotype_within_unit/CA2_sp/CA2spsus_CA2spres_full.csv",214,"present",TRUE,1195864,FALSE,"runtime-required and the rebased path is directly usable"
"neuron_soma","data/processed/04_differential_expression_enrichment/clusterProfiler/neuron_soma/clusterProfiler_manifest.csv","output_table","runtime_required","CA2spsus_CA2spres|GSEA_KEGG|KEGG",12,"success_with_terms","P://results/source_data/04_differential_expression_enrichment/clusterProfiler/neuron_soma/KEGG/phenotype_within_unit/CA2_sp/CA2spsus_CA2spres_KEGG.csv",150,"R/enrichment/enrichment_io.R:611 read_csv_contract | analysis/wgcna/compare_module_enrichment_overlap.R:239 read_leading_edge_set",TRUE,"declared_root_unmounted","S:/Lab_Member/Tobi/Experiments/Exp9_Social-Stress/Analysis/proteomics/results/source_data/04_differential_expression_enrichment/clusterProfiler/neuron_soma/KEGG/phenotype_within_unit/CA2_sp/CA2spsus_CA2spres_KEGG.csv",216,"present",TRUE,82199,FALSE,"runtime-required and the rebased path is directly usable"
"neuron_soma","data/processed/04_differential_expression_enrichment/clusterProfiler/neuron_soma/clusterProfiler_manifest.csv","output_table","runtime_required","CA3spres_CA3spcon|GSEA_GO|BP",13,"success_with_terms","P://results/source_data/04_differential_expression_enrichment/clusterProfiler/neuron_soma/BP/phenotype_within_unit/CA3_sp/CA3spres_CA3spcon_full.csv",148,"R/enrichment/enrichment_io.R:611 read_csv_contract | analysis/wgcna/compare_module_enrichment_overlap.R:239 read_leading_edge_set",TRUE,"declared_root_unmounted","S:/Lab_Member/Tobi/Experiments/Exp9_Social-Stress/Analysis/proteomics/results/source_data/04_differential_expression_enrichment/clusterProfiler/neuron_soma/BP/phenotype_within_unit/CA3_sp/CA3spres_CA3spcon_full.csv",214,"present",TRUE,1247833,FALSE,"runtime-required and the rebased path is directly usable"
"neuron_soma","data/processed/04_differential_expression_enrichment/clusterProfiler/neuron_soma/clusterProfiler_manifest.csv","output_table","runtime_required","CA3spres_CA3spcon|GSEA_KEGG|KEGG",14,"success_with_terms","P://results/source_data/04_differential_expression_enrichment/clusterProfiler/neuron_soma/KEGG/phenotype_within_unit/CA3_sp/CA3spres_CA3spcon_KEGG.csv",150,"R/enrichment/enrichment_io.R:611 read_csv_contract | analysis/wgcna/compare_module_enrichment_overlap.R:239 read_leading_edge_set",TRUE,"declared_root_unmounted","S:/Lab_Member/Tobi/Experiments/Exp9_Social-Stress/Analysis/proteomics/results/source_data/04_differential_expression_enrichment/clusterProfiler/neuron_soma/KEGG/phenotype_within_unit/CA3_sp/CA3spres_CA3spcon_KEGG.csv",216,"present",TRUE,87388,FALSE,"runtime-required and the rebased path is directly usable"
"neuron_soma","data/processed/04_differential_expression_enrichment/clusterProfiler/neuron_soma/clusterProfiler_manifest.csv","output_table","runtime_required","CA3spsus_CA3spcon|GSEA_GO|BP",15,"success_with_terms","P://results/source_data/04_differential_expression_enrichment/clusterProfiler/neuron_soma/BP/phenotype_within_unit/CA3_sp/CA3spsus_CA3spcon_full.csv",148,"R/enrichment/enrichment_io.R:611 read_csv_contract | analysis/wgcna/compare_module_enrichment_overlap.R:239 read_leading_edge_set",TRUE,"declared_root_unmounted","S:/Lab_Member/Tobi/Experiments/Exp9_Social-Stress/Analysis/proteomics/results/source_data/04_differential_expression_enrichment/clusterProfiler/neuron_soma/BP/phenotype_within_unit/CA3_sp/CA3spsus_CA3spcon_full.csv",214,"present",TRUE,1192164,FALSE,"runtime-required and the rebased path is directly usable"
"neuron_soma","data/processed/04_differential_expression_enrichment/clusterProfiler/neuron_soma/clusterProfiler_manifest.csv","output_table","runtime_required","CA3spsus_CA3spcon|GSEA_KEGG|KEGG",16,"success_with_terms","P://results/source_data/04_differential_expression_enrichment/clusterProfiler/neuron_soma/KEGG/phenotype_within_unit/CA3_sp/CA3spsus_CA3spcon_KEGG.csv",150,"R/enrichment/enrichment_io.R:611 read_csv_contract | analysis/wgcna/compare_module_enrichment_overlap.R:239 read_leading_edge_set",TRUE,"declared_root_unmounted","S:/Lab_Member/Tobi/Experiments/Exp9_Social-Stress/Analysis/proteomics/results/source_data/04_differential_expression_enrichment/clusterProfiler/neuron_soma/KEGG/phenotype_within_unit/CA3_sp/CA3spsus_CA3spcon_KEGG.csv",216,"present",TRUE,81340,FALSE,"runtime-required and the rebased path is directly usable"
"neuron_soma","data/processed/04_differential_expression_enrichment/clusterProfiler/neuron_soma/clusterProfiler_manifest.csv","output_table","runtime_required","CA3spsus_CA3spres|GSEA_GO|BP",17,"success_with_terms","P://results/source_data/04_differential_expression_enrichment/clusterProfiler/neuron_soma/BP/phenotype_within_unit/CA3_sp/CA3spsus_CA3spres_full.csv",148,"R/enrichment/enrichment_io.R:611 read_csv_contract | analysis/wgcna/compare_module_enrichment_overlap.R:239 read_leading_edge_set",TRUE,"declared_root_unmounted","S:/Lab_Member/Tobi/Experiments/Exp9_Social-Stress/Analysis/proteomics/results/source_data/04_differential_expression_enrichment/clusterProfiler/neuron_soma/BP/phenotype_within_unit/CA3_sp/CA3spsus_CA3spres_full.csv",214,"present",TRUE,1284844,FALSE,"runtime-required and the rebased path is directly usable"
"neuron_soma","data/processed/04_differential_expression_enrichment/clusterProfiler/neuron_soma/clusterProfiler_manifest.csv","output_table","runtime_required","CA3spsus_CA3spres|GSEA_KEGG|KEGG",18,"success_with_terms","P://results/source_data/04_differential_expression_enrichment/clusterProfiler/neuron_soma/KEGG/phenotype_within_unit/CA3_sp/CA3spsus_CA3spres_KEGG.csv",150,"R/enrichment/enrichment_io.R:611 read_csv_contract | analysis/wgcna/compare_module_enrichment_overlap.R:239 read_leading_edge_set",TRUE,"declared_root_unmounted","S:/Lab_Member/Tobi/Experiments/Exp9_Social-Stress/Analysis/proteomics/results/source_data/04_differential_expression_enrichment/clusterProfiler/neuron_soma/KEGG/phenotype_within_unit/CA3_sp/CA3spsus_CA3spres_KEGG.csv",216,"present",TRUE,83956,FALSE,"runtime-required and the rebased path is directly usable"
"neuron_soma","data/processed/04_differential_expression_enrichment/clusterProfiler/neuron_soma/clusterProfiler_manifest.csv","output_table","runtime_required","DGsgres_DGsgcon|GSEA_GO|BP",19,"success_with_terms","P://results/source_data/04_differential_expression_enrichment/clusterProfiler/neuron_soma/BP/phenotype_within_unit/DG_sg/DGsgres_DGsgcon_full.csv",145,"R/enrichment/enrichment_io.R:611 read_csv_contract | analysis/wgcna/compare_module_enrichment_overlap.R:239 read_leading_edge_set",TRUE,"declared_root_unmounted","S:/Lab_Member/Tobi/Experiments/Exp9_Social-Stress/Analysis/proteomics/results/source_data/04_differential_expression_enrichment/clusterProfiler/neuron_soma/BP/phenotype_within_unit/DG_sg/DGsgres_DGsgcon_full.csv",211,"present",TRUE,1176288,FALSE,"runtime-required and the rebased path is directly usable"
"neuron_soma","data/processed/04_differential_expression_enrichment/clusterProfiler/neuron_soma/clusterProfiler_manifest.csv","output_table","runtime_required","DGsgres_DGsgcon|GSEA_KEGG|KEGG",20,"success_with_terms","P://results/source_data/04_differential_expression_enrichment/clusterProfiler/neuron_soma/KEGG/phenotype_within_unit/DG_sg/DGsgres_DGsgcon_KEGG.csv",147,"R/enrichment/enrichment_io.R:611 read_csv_contract | analysis/wgcna/compare_module_enrichment_overlap.R:239 read_leading_edge_set",TRUE,"declared_root_unmounted","S:/Lab_Member/Tobi/Experiments/Exp9_Social-Stress/Analysis/proteomics/results/source_data/04_differential_expression_enrichment/clusterProfiler/neuron_soma/KEGG/phenotype_within_unit/DG_sg/DGsgres_DGsgcon_KEGG.csv",213,"present",TRUE,80378,FALSE,"runtime-required and the rebased path is directly usable"
"neuron_soma","data/processed/04_differential_expression_enrichment/clusterProfiler/neuron_soma/clusterProfiler_manifest.csv","output_table","runtime_required","DGsgsus_DGsgcon|GSEA_GO|BP",21,"success_with_terms","P://results/source_data/04_differential_expression_enrichment/clusterProfiler/neuron_soma/BP/phenotype_within_unit/DG_sg/DGsgsus_DGsgcon_full.csv",145,"R/enrichment/enrichment_io.R:611 read_csv_contract | analysis/wgcna/compare_module_enrichment_overlap.R:239 read_leading_edge_set",TRUE,"declared_root_unmounted","S:/Lab_Member/Tobi/Experiments/Exp9_Social-Stress/Analysis/proteomics/results/source_data/04_differential_expression_enrichment/clusterProfiler/neuron_soma/BP/phenotype_within_unit/DG_sg/DGsgsus_DGsgcon_full.csv",211,"present",TRUE,1236686,FALSE,"runtime-required and the rebased path is directly usable"
"neuron_soma","data/processed/04_differential_expression_enrichment/clusterProfiler/neuron_soma/clusterProfiler_manifest.csv","output_table","runtime_required","DGsgsus_DGsgcon|GSEA_KEGG|KEGG",22,"success_with_terms","P://results/source_data/04_differential_expression_enrichment/clusterProfiler/neuron_soma/KEGG/phenotype_within_unit/DG_sg/DGsgsus_DGsgcon_KEGG.csv",147,"R/enrichment/enrichment_io.R:611 read_csv_contract | analysis/wgcna/compare_module_enrichment_overlap.R:239 read_leading_edge_set",TRUE,"declared_root_unmounted","S:/Lab_Member/Tobi/Experiments/Exp9_Social-Stress/Analysis/proteomics/results/source_data/04_differential_expression_enrichment/clusterProfiler/neuron_soma/KEGG/phenotype_within_unit/DG_sg/DGsgsus_DGsgcon_KEGG.csv",213,"present",TRUE,83637,FALSE,"runtime-required and the rebased path is directly usable"
"neuron_soma","data/processed/04_differential_expression_enrichment/clusterProfiler/neuron_soma/clusterProfiler_manifest.csv","output_table","runtime_required","DGsgsus_DGsgres|GSEA_GO|BP",23,"success_with_terms","P://results/source_data/04_differential_expression_enrichment/clusterProfiler/neuron_soma/BP/phenotype_within_unit/DG_sg/DGsgsus_DGsgres_full.csv",145,"R/enrichment/enrichment_io.R:611 read_csv_contract | analysis/wgcna/compare_module_enrichment_overlap.R:239 read_leading_edge_set",TRUE,"declared_root_unmounted","S:/Lab_Member/Tobi/Experiments/Exp9_Social-Stress/Analysis/proteomics/results/source_data/04_differential_expression_enrichment/clusterProfiler/neuron_soma/BP/phenotype_within_unit/DG_sg/DGsgsus_DGsgres_full.csv",211,"present",TRUE,1240320,FALSE,"runtime-required and the rebased path is directly usable"
"neuron_soma","data/processed/04_differential_expression_enrichment/clusterProfiler/neuron_soma/clusterProfiler_manifest.csv","output_table","runtime_required","DGsgsus_DGsgres|GSEA_KEGG|KEGG",24,"success_with_terms","P://results/source_data/04_differential_expression_enrichment/clusterProfiler/neuron_soma/KEGG/phenotype_within_unit/DG_sg/DGsgsus_DGsgres_KEGG.csv",147,"R/enrichment/enrichment_io.R:611 read_csv_contract | analysis/wgcna/compare_module_enrichment_overlap.R:239 read_leading_edge_set",TRUE,"declared_root_unmounted","S:/Lab_Member/Tobi/Experiments/Exp9_Social-Stress/Analysis/proteomics/results/source_data/04_differential_expression_enrichment/clusterProfiler/neuron_soma/KEGG/phenotype_within_unit/DG_sg/DGsgsus_DGsgres_KEGG.csv",213,"present",TRUE,84207,FALSE,"runtime-required and the rebased path is directly usable"
"neuron_soma","data/processed/04_differential_expression_enrichment/clusterProfiler/neuron_soma/clusterProfiler_manifest.csv","collapsed_gene_input_file","runtime_required","CA1spres_CA1spcon|GSEA_GO|BP",1,"success_with_terms","P://data/processed/04_differential_expression_enrichment/clusterProfiler/neuron_soma/phenotype_within_unit/CA1_sp/CA1spres_CA1spcon/protein_group_audits/collapsed_gene_input.csv",177,"R/enrichment/enrichment_io.R:500 read_csv_contract",TRUE,"declared_root_unmounted","S:/Lab_Member/Tobi/Experiments/Exp9_Social-Stress/Analysis/proteomics/data/processed/04_differential_expression_enrichment/clusterProfiler/neuron_soma/phenotype_within_unit/CA1_sp/CA1spres_CA1spcon/protein_group_audits/collapsed_gene_input.csv",243,"present",TRUE,1467035,FALSE,"runtime-required and the rebased path is directly usable"
"neuron_soma","data/processed/04_differential_expression_enrichment/clusterProfiler/neuron_soma/clusterProfiler_manifest.csv","collapsed_gene_input_file","runtime_required","CA1spres_CA1spcon|GSEA_KEGG|KEGG",2,"success_with_terms","P://data/processed/04_differential_expression_enrichment/clusterProfiler/neuron_soma/phenotype_within_unit/CA1_sp/CA1spres_CA1spcon/protein_group_audits/collapsed_gene_input.csv",177,"R/enrichment/enrichment_io.R:500 read_csv_contract",TRUE,"declared_root_unmounted","S:/Lab_Member/Tobi/Experiments/Exp9_Social-Stress/Analysis/proteomics/data/processed/04_differential_expression_enrichment/clusterProfiler/neuron_soma/phenotype_within_unit/CA1_sp/CA1spres_CA1spcon/protein_group_audits/collapsed_gene_input.csv",243,"present",TRUE,1467035,FALSE,"runtime-required and the rebased path is directly usable"
"neuron_soma","data/processed/04_differential_expression_enrichment/clusterProfiler/neuron_soma/clusterProfiler_manifest.csv","collapsed_gene_input_file","runtime_required","CA1spsus_CA1spcon|GSEA_GO|BP",3,"success_with_terms","P://data/processed/04_differential_expression_enrichment/clusterProfiler/neuron_soma/phenotype_within_unit/CA1_sp/CA1spsus_CA1spcon/protein_group_audits/collapsed_gene_input.csv",177,"R/enrichment/enrichment_io.R:500 read_csv_contract",TRUE,"declared_root_unmounted","S:/Lab_Member/Tobi/Experiments/Exp9_Social-Stress/Analysis/proteomics/data/processed/04_differential_expression_enrichment/clusterProfiler/neuron_soma/phenotype_within_unit/CA1_sp/CA1spsus_CA1spcon/protein_group_audits/collapsed_gene_input.csv",243,"present",TRUE,1474183,FALSE,"runtime-required and the rebased path is directly usable"
"neuron_soma","data/processed/04_differential_expression_enrichment/clusterProfiler/neuron_soma/clusterProfiler_manifest.csv","collapsed_gene_input_file","runtime_required","CA1spsus_CA1spcon|GSEA_KEGG|KEGG",4,"success_with_terms","P://data/processed/04_differential_expression_enrichment/clusterProfiler/neuron_soma/phenotype_within_unit/CA1_sp/CA1spsus_CA1spcon/protein_group_audits/collapsed_gene_input.csv",177,"R/enrichment/enrichment_io.R:500 read_csv_contract",TRUE,"declared_root_unmounted","S:/Lab_Member/Tobi/Experiments/Exp9_Social-Stress/Analysis/proteomics/data/processed/04_differential_expression_enrichment/clusterProfiler/neuron_soma/phenotype_within_unit/CA1_sp/CA1spsus_CA1spcon/protein_group_audits/collapsed_gene_input.csv",243,"present",TRUE,1474183,FALSE,"runtime-required and the rebased path is directly usable"
"neuron_soma","data/processed/04_differential_expression_enrichment/clusterProfiler/neuron_soma/clusterProfiler_manifest.csv","collapsed_gene_input_file","runtime_required","CA1spsus_CA1spres|GSEA_GO|BP",5,"success_with_terms","P://data/processed/04_differential_expression_enrichment/clusterProfiler/neuron_soma/phenotype_within_unit/CA1_sp/CA1spsus_CA1spres/protein_group_audits/collapsed_gene_input.csv",177,"R/enrichment/enrichment_io.R:500 read_csv_contract",TRUE,"declared_root_unmounted","S:/Lab_Member/Tobi/Experiments/Exp9_Social-Stress/Analysis/proteomics/data/processed/04_differential_expression_enrichment/clusterProfiler/neuron_soma/phenotype_within_unit/CA1_sp/CA1spsus_CA1spres/protein_group_audits/collapsed_gene_input.csv",243,"present",TRUE,1477179,FALSE,"runtime-required and the rebased path is directly usable"
"neuron_soma","data/processed/04_differential_expression_enrichment/clusterProfiler/neuron_soma/clusterProfiler_manifest.csv","collapsed_gene_input_file","runtime_required","CA1spsus_CA1spres|GSEA_KEGG|KEGG",6,"success_with_terms","P://data/processed/04_differential_expression_enrichment/clusterProfiler/neuron_soma/phenotype_within_unit/CA1_sp/CA1spsus_CA1spres/protein_group_audits/collapsed_gene_input.csv",177,"R/enrichment/enrichment_io.R:500 read_csv_contract",TRUE,"declared_root_unmounted","S:/Lab_Member/Tobi/Experiments/Exp9_Social-Stress/Analysis/proteomics/data/processed/04_differential_expression_enrichment/clusterProfiler/neuron_soma/phenotype_within_unit/CA1_sp/CA1spsus_CA1spres/protein_group_audits/collapsed_gene_input.csv",243,"present",TRUE,1477179,FALSE,"runtime-required and the rebased path is directly usable"
"neuron_soma","data/processed/04_differential_expression_enrichment/clusterProfiler/neuron_soma/clusterProfiler_manifest.csv","collapsed_gene_input_file","runtime_required","CA2spres_CA2spcon|GSEA_GO|BP",7,"success_with_terms","P://data/processed/04_differential_expression_enrichment/clusterProfiler/neuron_soma/phenotype_within_unit/CA2_sp/CA2spres_CA2spcon/protein_group_audits/collapsed_gene_input.csv",177,"R/enrichment/enrichment_io.R:500 read_csv_contract",TRUE,"declared_root_unmounted","S:/Lab_Member/Tobi/Experiments/Exp9_Social-Stress/Analysis/proteomics/data/processed/04_differential_expression_enrichment/clusterProfiler/neuron_soma/phenotype_within_unit/CA2_sp/CA2spres_CA2spcon/protein_group_audits/collapsed_gene_input.csv",243,"present",TRUE,1473681,FALSE,"runtime-required and the rebased path is directly usable"
"neuron_soma","data/processed/04_differential_expression_enrichment/clusterProfiler/neuron_soma/clusterProfiler_manifest.csv","collapsed_gene_input_file","runtime_required","CA2spres_CA2spcon|GSEA_KEGG|KEGG",8,"success_with_terms","P://data/processed/04_differential_expression_enrichment/clusterProfiler/neuron_soma/phenotype_within_unit/CA2_sp/CA2spres_CA2spcon/protein_group_audits/collapsed_gene_input.csv",177,"R/enrichment/enrichment_io.R:500 read_csv_contract",TRUE,"declared_root_unmounted","S:/Lab_Member/Tobi/Experiments/Exp9_Social-Stress/Analysis/proteomics/data/processed/04_differential_expression_enrichment/clusterProfiler/neuron_soma/phenotype_within_unit/CA2_sp/CA2spres_CA2spcon/protein_group_audits/collapsed_gene_input.csv",243,"present",TRUE,1473681,FALSE,"runtime-required and the rebased path is directly usable"
"neuron_soma","data/processed/04_differential_expression_enrichment/clusterProfiler/neuron_soma/clusterProfiler_manifest.csv","collapsed_gene_input_file","runtime_required","CA2spsus_CA2spcon|GSEA_GO|BP",9,"success_with_terms","P://data/processed/04_differential_expression_enrichment/clusterProfiler/neuron_soma/phenotype_within_unit/CA2_sp/CA2spsus_CA2spcon/protein_group_audits/collapsed_gene_input.csv",177,"R/enrichment/enrichment_io.R:500 read_csv_contract",TRUE,"declared_root_unmounted","S:/Lab_Member/Tobi/Experiments/Exp9_Social-Stress/Analysis/proteomics/data/processed/04_differential_expression_enrichment/clusterProfiler/neuron_soma/phenotype_within_unit/CA2_sp/CA2spsus_CA2spcon/protein_group_audits/collapsed_gene_input.csv",243,"present",TRUE,1475057,FALSE,"runtime-required and the rebased path is directly usable"
"neuron_soma","data/processed/04_differential_expression_enrichment/clusterProfiler/neuron_soma/clusterProfiler_manifest.csv","collapsed_gene_input_file","runtime_required","CA2spsus_CA2spcon|GSEA_KEGG|KEGG",10,"success_with_terms","P://data/processed/04_differential_expression_enrichment/clusterProfiler/neuron_soma/phenotype_within_unit/CA2_sp/CA2spsus_CA2spcon/protein_group_audits/collapsed_gene_input.csv",177,"R/enrichment/enrichment_io.R:500 read_csv_contract",TRUE,"declared_root_unmounted","S:/Lab_Member/Tobi/Experiments/Exp9_Social-Stress/Analysis/proteomics/data/processed/04_differential_expression_enrichment/clusterProfiler/neuron_soma/phenotype_within_unit/CA2_sp/CA2spsus_CA2spcon/protein_group_audits/collapsed_gene_input.csv",243,"present",TRUE,1475057,FALSE,"runtime-required and the rebased path is directly usable"
"neuron_soma","data/processed/04_differential_expression_enrichment/clusterProfiler/neuron_soma/clusterProfiler_manifest.csv","collapsed_gene_input_file","runtime_required","CA2spsus_CA2spres|GSEA_GO|BP",11,"success_with_terms","P://data/processed/04_differential_expression_enrichment/clusterProfiler/neuron_soma/phenotype_within_unit/CA2_sp/CA2spsus_CA2spres/protein_group_audits/collapsed_gene_input.csv",177,"R/enrichment/enrichment_io.R:500 read_csv_contract",TRUE,"declared_root_unmounted","S:/Lab_Member/Tobi/Experiments/Exp9_Social-Stress/Analysis/proteomics/data/processed/04_differential_expression_enrichment/clusterProfiler/neuron_soma/phenotype_within_unit/CA2_sp/CA2spsus_CA2spres/protein_group_audits/collapsed_gene_input.csv",243,"present",TRUE,1475038,FALSE,"runtime-required and the rebased path is directly usable"
"neuron_soma","data/processed/04_differential_expression_enrichment/clusterProfiler/neuron_soma/clusterProfiler_manifest.csv","collapsed_gene_input_file","runtime_required","CA2spsus_CA2spres|GSEA_KEGG|KEGG",12,"success_with_terms","P://data/processed/04_differential_expression_enrichment/clusterProfiler/neuron_soma/phenotype_within_unit/CA2_sp/CA2spsus_CA2spres/protein_group_audits/collapsed_gene_input.csv",177,"R/enrichment/enrichment_io.R:500 read_csv_contract",TRUE,"declared_root_unmounted","S:/Lab_Member/Tobi/Experiments/Exp9_Social-Stress/Analysis/proteomics/data/processed/04_differential_expression_enrichment/clusterProfiler/neuron_soma/phenotype_within_unit/CA2_sp/CA2spsus_CA2spres/protein_group_audits/collapsed_gene_input.csv",243,"present",TRUE,1475038,FALSE,"runtime-required and the rebased path is directly usable"
"neuron_soma","data/processed/04_differential_expression_enrichment/clusterProfiler/neuron_soma/clusterProfiler_manifest.csv","collapsed_gene_input_file","runtime_required","CA3spres_CA3spcon|GSEA_GO|BP",13,"success_with_terms","P://data/processed/04_differential_expression_enrichment/clusterProfiler/neuron_soma/phenotype_within_unit/CA3_sp/CA3spres_CA3spcon/protein_group_audits/collapsed_gene_input.csv",177,"R/enrichment/enrichment_io.R:500 read_csv_contract",TRUE,"declared_root_unmounted","S:/Lab_Member/Tobi/Experiments/Exp9_Social-Stress/Analysis/proteomics/data/processed/04_differential_expression_enrichment/clusterProfiler/neuron_soma/phenotype_within_unit/CA3_sp/CA3spres_CA3spcon/protein_group_audits/collapsed_gene_input.csv",243,"present",TRUE,1469978,FALSE,"runtime-required and the rebased path is directly usable"
"neuron_soma","data/processed/04_differential_expression_enrichment/clusterProfiler/neuron_soma/clusterProfiler_manifest.csv","collapsed_gene_input_file","runtime_required","CA3spres_CA3spcon|GSEA_KEGG|KEGG",14,"success_with_terms","P://data/processed/04_differential_expression_enrichment/clusterProfiler/neuron_soma/phenotype_within_unit/CA3_sp/CA3spres_CA3spcon/protein_group_audits/collapsed_gene_input.csv",177,"R/enrichment/enrichment_io.R:500 read_csv_contract",TRUE,"declared_root_unmounted","S:/Lab_Member/Tobi/Experiments/Exp9_Social-Stress/Analysis/proteomics/data/processed/04_differential_expression_enrichment/clusterProfiler/neuron_soma/phenotype_within_unit/CA3_sp/CA3spres_CA3spcon/protein_group_audits/collapsed_gene_input.csv",243,"present",TRUE,1469978,FALSE,"runtime-required and the rebased path is directly usable"
"neuron_soma","data/processed/04_differential_expression_enrichment/clusterProfiler/neuron_soma/clusterProfiler_manifest.csv","collapsed_gene_input_file","runtime_required","CA3spsus_CA3spcon|GSEA_GO|BP",15,"success_with_terms","P://data/processed/04_differential_expression_enrichment/clusterProfiler/neuron_soma/phenotype_within_unit/CA3_sp/CA3spsus_CA3spcon/protein_group_audits/collapsed_gene_input.csv",177,"R/enrichment/enrichment_io.R:500 read_csv_contract",TRUE,"declared_root_unmounted","S:/Lab_Member/Tobi/Experiments/Exp9_Social-Stress/Analysis/proteomics/data/processed/04_differential_expression_enrichment/clusterProfiler/neuron_soma/phenotype_within_unit/CA3_sp/CA3spsus_CA3spcon/protein_group_audits/collapsed_gene_input.csv",243,"present",TRUE,1477864,FALSE,"runtime-required and the rebased path is directly usable"
"neuron_soma","data/processed/04_differential_expression_enrichment/clusterProfiler/neuron_soma/clusterProfiler_manifest.csv","collapsed_gene_input_file","runtime_required","CA3spsus_CA3spcon|GSEA_KEGG|KEGG",16,"success_with_terms","P://data/processed/04_differential_expression_enrichment/clusterProfiler/neuron_soma/phenotype_within_unit/CA3_sp/CA3spsus_CA3spcon/protein_group_audits/collapsed_gene_input.csv",177,"R/enrichment/enrichment_io.R:500 read_csv_contract",TRUE,"declared_root_unmounted","S:/Lab_Member/Tobi/Experiments/Exp9_Social-Stress/Analysis/proteomics/data/processed/04_differential_expression_enrichment/clusterProfiler/neuron_soma/phenotype_within_unit/CA3_sp/CA3spsus_CA3spcon/protein_group_audits/collapsed_gene_input.csv",243,"present",TRUE,1477864,FALSE,"runtime-required and the rebased path is directly usable"
"neuron_soma","data/processed/04_differential_expression_enrichment/clusterProfiler/neuron_soma/clusterProfiler_manifest.csv","collapsed_gene_input_file","runtime_required","CA3spsus_CA3spres|GSEA_GO|BP",17,"success_with_terms","P://data/processed/04_differential_expression_enrichment/clusterProfiler/neuron_soma/phenotype_within_unit/CA3_sp/CA3spsus_CA3spres/protein_group_audits/collapsed_gene_input.csv",177,"R/enrichment/enrichment_io.R:500 read_csv_contract",TRUE,"declared_root_unmounted","S:/Lab_Member/Tobi/Experiments/Exp9_Social-Stress/Analysis/proteomics/data/processed/04_differential_expression_enrichment/clusterProfiler/neuron_soma/phenotype_within_unit/CA3_sp/CA3spsus_CA3spres/protein_group_audits/collapsed_gene_input.csv",243,"present",TRUE,1475727,FALSE,"runtime-required and the rebased path is directly usable"
"neuron_soma","data/processed/04_differential_expression_enrichment/clusterProfiler/neuron_soma/clusterProfiler_manifest.csv","collapsed_gene_input_file","runtime_required","CA3spsus_CA3spres|GSEA_KEGG|KEGG",18,"success_with_terms","P://data/processed/04_differential_expression_enrichment/clusterProfiler/neuron_soma/phenotype_within_unit/CA3_sp/CA3spsus_CA3spres/protein_group_audits/collapsed_gene_input.csv",177,"R/enrichment/enrichment_io.R:500 read_csv_contract",TRUE,"declared_root_unmounted","S:/Lab_Member/Tobi/Experiments/Exp9_Social-Stress/Analysis/proteomics/data/processed/04_differential_expression_enrichment/clusterProfiler/neuron_soma/phenotype_within_unit/CA3_sp/CA3spsus_CA3spres/protein_group_audits/collapsed_gene_input.csv",243,"present",TRUE,1475727,FALSE,"runtime-required and the rebased path is directly usable"
"neuron_soma","data/processed/04_differential_expression_enrichment/clusterProfiler/neuron_soma/clusterProfiler_manifest.csv","collapsed_gene_input_file","runtime_required","DGsgres_DGsgcon|GSEA_GO|BP",19,"success_with_terms","P://data/processed/04_differential_expression_enrichment/clusterProfiler/neuron_soma/phenotype_within_unit/DG_sg/DGsgres_DGsgcon/protein_group_audits/collapsed_gene_input.csv",174,"R/enrichment/enrichment_io.R:500 read_csv_contract",TRUE,"declared_root_unmounted","S:/Lab_Member/Tobi/Experiments/Exp9_Social-Stress/Analysis/proteomics/data/processed/04_differential_expression_enrichment/clusterProfiler/neuron_soma/phenotype_within_unit/DG_sg/DGsgres_DGsgcon/protein_group_audits/collapsed_gene_input.csv",240,"present",TRUE,1474119,FALSE,"runtime-required and the rebased path is directly usable"
"neuron_soma","data/processed/04_differential_expression_enrichment/clusterProfiler/neuron_soma/clusterProfiler_manifest.csv","collapsed_gene_input_file","runtime_required","DGsgres_DGsgcon|GSEA_KEGG|KEGG",20,"success_with_terms","P://data/processed/04_differential_expression_enrichment/clusterProfiler/neuron_soma/phenotype_within_unit/DG_sg/DGsgres_DGsgcon/protein_group_audits/collapsed_gene_input.csv",174,"R/enrichment/enrichment_io.R:500 read_csv_contract",TRUE,"declared_root_unmounted","S:/Lab_Member/Tobi/Experiments/Exp9_Social-Stress/Analysis/proteomics/data/processed/04_differential_expression_enrichment/clusterProfiler/neuron_soma/phenotype_within_unit/DG_sg/DGsgres_DGsgcon/protein_group_audits/collapsed_gene_input.csv",240,"present",TRUE,1474119,FALSE,"runtime-required and the rebased path is directly usable"
"neuron_soma","data/processed/04_differential_expression_enrichment/clusterProfiler/neuron_soma/clusterProfiler_manifest.csv","collapsed_gene_input_file","runtime_required","DGsgsus_DGsgcon|GSEA_GO|BP",21,"success_with_terms","P://data/processed/04_differential_expression_enrichment/clusterProfiler/neuron_soma/phenotype_within_unit/DG_sg/DGsgsus_DGsgcon/protein_group_audits/collapsed_gene_input.csv",174,"R/enrichment/enrichment_io.R:500 read_csv_contract",TRUE,"declared_root_unmounted","S:/Lab_Member/Tobi/Experiments/Exp9_Social-Stress/Analysis/proteomics/data/processed/04_differential_expression_enrichment/clusterProfiler/neuron_soma/phenotype_within_unit/DG_sg/DGsgsus_DGsgcon/protein_group_audits/collapsed_gene_input.csv",240,"present",TRUE,1473509,FALSE,"runtime-required and the rebased path is directly usable"
"neuron_soma","data/processed/04_differential_expression_enrichment/clusterProfiler/neuron_soma/clusterProfiler_manifest.csv","collapsed_gene_input_file","runtime_required","DGsgsus_DGsgcon|GSEA_KEGG|KEGG",22,"success_with_terms","P://data/processed/04_differential_expression_enrichment/clusterProfiler/neuron_soma/phenotype_within_unit/DG_sg/DGsgsus_DGsgcon/protein_group_audits/collapsed_gene_input.csv",174,"R/enrichment/enrichment_io.R:500 read_csv_contract",TRUE,"declared_root_unmounted","S:/Lab_Member/Tobi/Experiments/Exp9_Social-Stress/Analysis/proteomics/data/processed/04_differential_expression_enrichment/clusterProfiler/neuron_soma/phenotype_within_unit/DG_sg/DGsgsus_DGsgcon/protein_group_audits/collapsed_gene_input.csv",240,"present",TRUE,1473509,FALSE,"runtime-required and the rebased path is directly usable"
"neuron_soma","data/processed/04_differential_expression_enrichment/clusterProfiler/neuron_soma/clusterProfiler_manifest.csv","collapsed_gene_input_file","runtime_required","DGsgsus_DGsgres|GSEA_GO|BP",23,"success_with_terms","P://data/processed/04_differential_expression_enrichment/clusterProfiler/neuron_soma/phenotype_within_unit/DG_sg/DGsgsus_DGsgres/protein_group_audits/collapsed_gene_input.csv",174,"R/enrichment/enrichment_io.R:500 read_csv_contract",TRUE,"declared_root_unmounted","S:/Lab_Member/Tobi/Experiments/Exp9_Social-Stress/Analysis/proteomics/data/processed/04_differential_expression_enrichment/clusterProfiler/neuron_soma/phenotype_within_unit/DG_sg/DGsgsus_DGsgres/protein_group_audits/collapsed_gene_input.csv",240,"present",TRUE,1475397,FALSE,"runtime-required and the rebased path is directly usable"
"neuron_soma","data/processed/04_differential_expression_enrichment/clusterProfiler/neuron_soma/clusterProfiler_manifest.csv","collapsed_gene_input_file","runtime_required","DGsgsus_DGsgres|GSEA_KEGG|KEGG",24,"success_with_terms","P://data/processed/04_differential_expression_enrichment/clusterProfiler/neuron_soma/phenotype_within_unit/DG_sg/DGsgsus_DGsgres/protein_group_audits/collapsed_gene_input.csv",174,"R/enrichment/enrichment_io.R:500 read_csv_contract",TRUE,"declared_root_unmounted","S:/Lab_Member/Tobi/Experiments/Exp9_Social-Stress/Analysis/proteomics/data/processed/04_differential_expression_enrichment/clusterProfiler/neuron_soma/phenotype_within_unit/DG_sg/DGsgsus_DGsgres/protein_group_audits/collapsed_gene_input.csv",240,"present",TRUE,1475397,FALSE,"runtime-required and the rebased path is directly usable"
"neuron_soma","data/processed/04_differential_expression_enrichment/clusterProfiler/neuron_soma/clusterProfiler_manifest.csv","term_gene_provenance_file","runtime_required","CA1spres_CA1spcon|GSEA_GO|BP",1,"success_with_terms","P://data/processed/04_differential_expression_enrichment/clusterProfiler/neuron_soma/phenotype_within_unit/CA1_sp/CA1spres_CA1spcon/protein_group_audits/gsea_go_term_gene_provenance.csv",185,"R/enrichment/enrichment_io.R:625 read_csv_contract",TRUE,"declared_root_unmounted","S:/Lab_Member/Tobi/Experiments/Exp9_Social-Stress/Analysis/proteomics/data/processed/04_differential_expression_enrichment/clusterProfiler/neuron_soma/phenotype_within_unit/CA1_sp/CA1spres_CA1spcon/protein_group_audits/gsea_go_term_gene_provenance.csv",251,"present",TRUE,24795233,FALSE,"runtime-required and the rebased path is directly usable"
"neuron_soma","data/processed/04_differential_expression_enrichment/clusterProfiler/neuron_soma/clusterProfiler_manifest.csv","term_gene_provenance_file","runtime_required","CA1spres_CA1spcon|GSEA_KEGG|KEGG",2,"success_with_terms","P://data/processed/04_differential_expression_enrichment/clusterProfiler/neuron_soma/phenotype_within_unit/CA1_sp/CA1spres_CA1spcon/protein_group_audits/gsea_kegg_term_gene_provenance.csv",187,"R/enrichment/enrichment_io.R:625 read_csv_contract",TRUE,"declared_root_unmounted","S:/Lab_Member/Tobi/Experiments/Exp9_Social-Stress/Analysis/proteomics/data/processed/04_differential_expression_enrichment/clusterProfiler/neuron_soma/phenotype_within_unit/CA1_sp/CA1spres_CA1spcon/protein_group_audits/gsea_kegg_term_gene_provenance.csv",253,"present",TRUE,1453780,FALSE,"runtime-required and the rebased path is directly usable"
"neuron_soma","data/processed/04_differential_expression_enrichment/clusterProfiler/neuron_soma/clusterProfiler_manifest.csv","term_gene_provenance_file","runtime_required","CA1spsus_CA1spcon|GSEA_GO|BP",3,"success_with_terms","P://data/processed/04_differential_expression_enrichment/clusterProfiler/neuron_soma/phenotype_within_unit/CA1_sp/CA1spsus_CA1spcon/protein_group_audits/gsea_go_term_gene_provenance.csv",185,"R/enrichment/enrichment_io.R:625 read_csv_contract",TRUE,"declared_root_unmounted","S:/Lab_Member/Tobi/Experiments/Exp9_Social-Stress/Analysis/proteomics/data/processed/04_differential_expression_enrichment/clusterProfiler/neuron_soma/phenotype_within_unit/CA1_sp/CA1spsus_CA1spcon/protein_group_audits/gsea_go_term_gene_provenance.csv",251,"present",TRUE,25346374,FALSE,"runtime-required and the rebased path is directly usable"
"neuron_soma","data/processed/04_differential_expression_enrichment/clusterProfiler/neuron_soma/clusterProfiler_manifest.csv","term_gene_provenance_file","runtime_required","CA1spsus_CA1spcon|GSEA_KEGG|KEGG",4,"success_with_terms","P://data/processed/04_differential_expression_enrichment/clusterProfiler/neuron_soma/phenotype_within_unit/CA1_sp/CA1spsus_CA1spcon/protein_group_audits/gsea_kegg_term_gene_provenance.csv",187,"R/enrichment/enrichment_io.R:625 read_csv_contract",TRUE,"declared_root_unmounted","S:/Lab_Member/Tobi/Experiments/Exp9_Social-Stress/Analysis/proteomics/data/processed/04_differential_expression_enrichment/clusterProfiler/neuron_soma/phenotype_within_unit/CA1_sp/CA1spsus_CA1spcon/protein_group_audits/gsea_kegg_term_gene_provenance.csv",253,"present",TRUE,1485832,FALSE,"runtime-required and the rebased path is directly usable"
"neuron_soma","data/processed/04_differential_expression_enrichment/clusterProfiler/neuron_soma/clusterProfiler_manifest.csv","term_gene_provenance_file","runtime_required","CA1spsus_CA1spres|GSEA_GO|BP",5,"success_with_terms","P://data/processed/04_differential_expression_enrichment/clusterProfiler/neuron_soma/phenotype_within_unit/CA1_sp/CA1spsus_CA1spres/protein_group_audits/gsea_go_term_gene_provenance.csv",185,"R/enrichment/enrichment_io.R:625 read_csv_contract",TRUE,"declared_root_unmounted","S:/Lab_Member/Tobi/Experiments/Exp9_Social-Stress/Analysis/proteomics/data/processed/04_differential_expression_enrichment/clusterProfiler/neuron_soma/phenotype_within_unit/CA1_sp/CA1spsus_CA1spres/protein_group_audits/gsea_go_term_gene_provenance.csv",251,"present",TRUE,30751420,FALSE,"runtime-required and the rebased path is directly usable"
"neuron_soma","data/processed/04_differential_expression_enrichment/clusterProfiler/neuron_soma/clusterProfiler_manifest.csv","term_gene_provenance_file","runtime_required","CA1spsus_CA1spres|GSEA_KEGG|KEGG",6,"success_with_terms","P://data/processed/04_differential_expression_enrichment/clusterProfiler/neuron_soma/phenotype_within_unit/CA1_sp/CA1spsus_CA1spres/protein_group_audits/gsea_kegg_term_gene_provenance.csv",187,"R/enrichment/enrichment_io.R:625 read_csv_contract",TRUE,"declared_root_unmounted","S:/Lab_Member/Tobi/Experiments/Exp9_Social-Stress/Analysis/proteomics/data/processed/04_differential_expression_enrichment/clusterProfiler/neuron_soma/phenotype_within_unit/CA1_sp/CA1spsus_CA1spres/protein_group_audits/gsea_kegg_term_gene_provenance.csv",253,"present",TRUE,1703638,FALSE,"runtime-required and the rebased path is directly usable"
"neuron_soma","data/processed/04_differential_expression_enrichment/clusterProfiler/neuron_soma/clusterProfiler_manifest.csv","term_gene_provenance_file","runtime_required","CA2spres_CA2spcon|GSEA_GO|BP",7,"success_with_terms","P://data/processed/04_differential_expression_enrichment/clusterProfiler/neuron_soma/phenotype_within_unit/CA2_sp/CA2spres_CA2spcon/protein_group_audits/gsea_go_term_gene_provenance.csv",185,"R/enrichment/enrichment_io.R:625 read_csv_contract",TRUE,"declared_root_unmounted","S:/Lab_Member/Tobi/Experiments/Exp9_Social-Stress/Analysis/proteomics/data/processed/04_differential_expression_enrichment/clusterProfiler/neuron_soma/phenotype_within_unit/CA2_sp/CA2spres_CA2spcon/protein_group_audits/gsea_go_term_gene_provenance.csv",251,"present",TRUE,21278617,FALSE,"runtime-required and the rebased path is directly usable"
"neuron_soma","data/processed/04_differential_expression_enrichment/clusterProfiler/neuron_soma/clusterProfiler_manifest.csv","term_gene_provenance_file","runtime_required","CA2spres_CA2spcon|GSEA_KEGG|KEGG",8,"success_with_terms","P://data/processed/04_differential_expression_enrichment/clusterProfiler/neuron_soma/phenotype_within_unit/CA2_sp/CA2spres_CA2spcon/protein_group_audits/gsea_kegg_term_gene_provenance.csv",187,"R/enrichment/enrichment_io.R:625 read_csv_contract",TRUE,"declared_root_unmounted","S:/Lab_Member/Tobi/Experiments/Exp9_Social-Stress/Analysis/proteomics/data/processed/04_differential_expression_enrichment/clusterProfiler/neuron_soma/phenotype_within_unit/CA2_sp/CA2spres_CA2spcon/protein_group_audits/gsea_kegg_term_gene_provenance.csv",253,"present",TRUE,1290366,FALSE,"runtime-required and the rebased path is directly usable"
"neuron_soma","data/processed/04_differential_expression_enrichment/clusterProfiler/neuron_soma/clusterProfiler_manifest.csv","term_gene_provenance_file","runtime_required","CA2spsus_CA2spcon|GSEA_GO|BP",9,"success_with_terms","P://data/processed/04_differential_expression_enrichment/clusterProfiler/neuron_soma/phenotype_within_unit/CA2_sp/CA2spsus_CA2spcon/protein_group_audits/gsea_go_term_gene_provenance.csv",185,"R/enrichment/enrichment_io.R:625 read_csv_contract",TRUE,"declared_root_unmounted","S:/Lab_Member/Tobi/Experiments/Exp9_Social-Stress/Analysis/proteomics/data/processed/04_differential_expression_enrichment/clusterProfiler/neuron_soma/phenotype_within_unit/CA2_sp/CA2spsus_CA2spcon/protein_group_audits/gsea_go_term_gene_provenance.csv",251,"present",TRUE,21755452,FALSE,"runtime-required and the rebased path is directly usable"
"neuron_soma","data/processed/04_differential_expression_enrichment/clusterProfiler/neuron_soma/clusterProfiler_manifest.csv","term_gene_provenance_file","runtime_required","CA2spsus_CA2spcon|GSEA_KEGG|KEGG",10,"success_with_terms","P://data/processed/04_differential_expression_enrichment/clusterProfiler/neuron_soma/phenotype_within_unit/CA2_sp/CA2spsus_CA2spcon/protein_group_audits/gsea_kegg_term_gene_provenance.csv",187,"R/enrichment/enrichment_io.R:625 read_csv_contract",TRUE,"declared_root_unmounted","S:/Lab_Member/Tobi/Experiments/Exp9_Social-Stress/Analysis/proteomics/data/processed/04_differential_expression_enrichment/clusterProfiler/neuron_soma/phenotype_within_unit/CA2_sp/CA2spsus_CA2spcon/protein_group_audits/gsea_kegg_term_gene_provenance.csv",253,"present",TRUE,1406349,FALSE,"runtime-required and the rebased path is directly usable"
"neuron_soma","data/processed/04_differential_expression_enrichment/clusterProfiler/neuron_soma/clusterProfiler_manifest.csv","term_gene_provenance_file","runtime_required","CA2spsus_CA2spres|GSEA_GO|BP",11,"success_with_terms","P://data/processed/04_differential_expression_enrichment/clusterProfiler/neuron_soma/phenotype_within_unit/CA2_sp/CA2spsus_CA2spres/protein_group_audits/gsea_go_term_gene_provenance.csv",185,"R/enrichment/enrichment_io.R:625 read_csv_contract",TRUE,"declared_root_unmounted","S:/Lab_Member/Tobi/Experiments/Exp9_Social-Stress/Analysis/proteomics/data/processed/04_differential_expression_enrichment/clusterProfiler/neuron_soma/phenotype_within_unit/CA2_sp/CA2spsus_CA2spres/protein_group_audits/gsea_go_term_gene_provenance.csv",251,"present",TRUE,23265174,FALSE,"runtime-required and the rebased path is directly usable"
"neuron_soma","data/processed/04_differential_expression_enrichment/clusterProfiler/neuron_soma/clusterProfiler_manifest.csv","term_gene_provenance_file","runtime_required","CA2spsus_CA2spres|GSEA_KEGG|KEGG",12,"success_with_terms","P://data/processed/04_differential_expression_enrichment/clusterProfiler/neuron_soma/phenotype_within_unit/CA2_sp/CA2spsus_CA2spres/protein_group_audits/gsea_kegg_term_gene_provenance.csv",187,"R/enrichment/enrichment_io.R:625 read_csv_contract",TRUE,"declared_root_unmounted","S:/Lab_Member/Tobi/Experiments/Exp9_Social-Stress/Analysis/proteomics/data/processed/04_differential_expression_enrichment/clusterProfiler/neuron_soma/phenotype_within_unit/CA2_sp/CA2spsus_CA2spres/protein_group_audits/gsea_kegg_term_gene_provenance.csv",253,"present",TRUE,1418738,FALSE,"runtime-required and the rebased path is directly usable"
"neuron_soma","data/processed/04_differential_expression_enrichment/clusterProfiler/neuron_soma/clusterProfiler_manifest.csv","term_gene_provenance_file","runtime_required","CA3spres_CA3spcon|GSEA_GO|BP",13,"success_with_terms","P://data/processed/04_differential_expression_enrichment/clusterProfiler/neuron_soma/phenotype_within_unit/CA3_sp/CA3spres_CA3spcon/protein_group_audits/gsea_go_term_gene_provenance.csv",185,"R/enrichment/enrichment_io.R:625 read_csv_contract",TRUE,"declared_root_unmounted","S:/Lab_Member/Tobi/Experiments/Exp9_Social-Stress/Analysis/proteomics/data/processed/04_differential_expression_enrichment/clusterProfiler/neuron_soma/phenotype_within_unit/CA3_sp/CA3spres_CA3spcon/protein_group_audits/gsea_go_term_gene_provenance.csv",251,"present",TRUE,25885179,FALSE,"runtime-required and the rebased path is directly usable"
"neuron_soma","data/processed/04_differential_expression_enrichment/clusterProfiler/neuron_soma/clusterProfiler_manifest.csv","term_gene_provenance_file","runtime_required","CA3spres_CA3spcon|GSEA_KEGG|KEGG",14,"success_with_terms","P://data/processed/04_differential_expression_enrichment/clusterProfiler/neuron_soma/phenotype_within_unit/CA3_sp/CA3spres_CA3spcon/protein_group_audits/gsea_kegg_term_gene_provenance.csv",187,"R/enrichment/enrichment_io.R:625 read_csv_contract",TRUE,"declared_root_unmounted","S:/Lab_Member/Tobi/Experiments/Exp9_Social-Stress/Analysis/proteomics/data/processed/04_differential_expression_enrichment/clusterProfiler/neuron_soma/phenotype_within_unit/CA3_sp/CA3spres_CA3spcon/protein_group_audits/gsea_kegg_term_gene_provenance.csv",253,"present",TRUE,1668208,FALSE,"runtime-required and the rebased path is directly usable"
"neuron_soma","data/processed/04_differential_expression_enrichment/clusterProfiler/neuron_soma/clusterProfiler_manifest.csv","term_gene_provenance_file","runtime_required","CA3spsus_CA3spcon|GSEA_GO|BP",15,"success_with_terms","P://data/processed/04_differential_expression_enrichment/clusterProfiler/neuron_soma/phenotype_within_unit/CA3_sp/CA3spsus_CA3spcon/protein_group_audits/gsea_go_term_gene_provenance.csv",185,"R/enrichment/enrichment_io.R:625 read_csv_contract",TRUE,"declared_root_unmounted","S:/Lab_Member/Tobi/Experiments/Exp9_Social-Stress/Analysis/proteomics/data/processed/04_differential_expression_enrichment/clusterProfiler/neuron_soma/phenotype_within_unit/CA3_sp/CA3spsus_CA3spcon/protein_group_audits/gsea_go_term_gene_provenance.csv",251,"present",TRUE,22919861,FALSE,"runtime-required and the rebased path is directly usable"
"neuron_soma","data/processed/04_differential_expression_enrichment/clusterProfiler/neuron_soma/clusterProfiler_manifest.csv","term_gene_provenance_file","runtime_required","CA3spsus_CA3spcon|GSEA_KEGG|KEGG",16,"success_with_terms","P://data/processed/04_differential_expression_enrichment/clusterProfiler/neuron_soma/phenotype_within_unit/CA3_sp/CA3spsus_CA3spcon/protein_group_audits/gsea_kegg_term_gene_provenance.csv",187,"R/enrichment/enrichment_io.R:625 read_csv_contract",TRUE,"declared_root_unmounted","S:/Lab_Member/Tobi/Experiments/Exp9_Social-Stress/Analysis/proteomics/data/processed/04_differential_expression_enrichment/clusterProfiler/neuron_soma/phenotype_within_unit/CA3_sp/CA3spsus_CA3spcon/protein_group_audits/gsea_kegg_term_gene_provenance.csv",253,"present",TRUE,1378449,FALSE,"runtime-required and the rebased path is directly usable"
"neuron_soma","data/processed/04_differential_expression_enrichment/clusterProfiler/neuron_soma/clusterProfiler_manifest.csv","term_gene_provenance_file","runtime_required","CA3spsus_CA3spres|GSEA_GO|BP",17,"success_with_terms","P://data/processed/04_differential_expression_enrichment/clusterProfiler/neuron_soma/phenotype_within_unit/CA3_sp/CA3spsus_CA3spres/protein_group_audits/gsea_go_term_gene_provenance.csv",185,"R/enrichment/enrichment_io.R:625 read_csv_contract",TRUE,"declared_root_unmounted","S:/Lab_Member/Tobi/Experiments/Exp9_Social-Stress/Analysis/proteomics/data/processed/04_differential_expression_enrichment/clusterProfiler/neuron_soma/phenotype_within_unit/CA3_sp/CA3spsus_CA3spres/protein_group_audits/gsea_go_term_gene_provenance.csv",251,"present",TRUE,27297997,FALSE,"runtime-required and the rebased path is directly usable"
"neuron_soma","data/processed/04_differential_expression_enrichment/clusterProfiler/neuron_soma/clusterProfiler_manifest.csv","term_gene_provenance_file","runtime_required","CA3spsus_CA3spres|GSEA_KEGG|KEGG",18,"success_with_terms","P://data/processed/04_differential_expression_enrichment/clusterProfiler/neuron_soma/phenotype_within_unit/CA3_sp/CA3spsus_CA3spres/protein_group_audits/gsea_kegg_term_gene_provenance.csv",187,"R/enrichment/enrichment_io.R:625 read_csv_contract",TRUE,"declared_root_unmounted","S:/Lab_Member/Tobi/Experiments/Exp9_Social-Stress/Analysis/proteomics/data/processed/04_differential_expression_enrichment/clusterProfiler/neuron_soma/phenotype_within_unit/CA3_sp/CA3spsus_CA3spres/protein_group_audits/gsea_kegg_term_gene_provenance.csv",253,"present",TRUE,1489058,FALSE,"runtime-required and the rebased path is directly usable"
"neuron_soma","data/processed/04_differential_expression_enrichment/clusterProfiler/neuron_soma/clusterProfiler_manifest.csv","term_gene_provenance_file","runtime_required","DGsgres_DGsgcon|GSEA_GO|BP",19,"success_with_terms","P://data/processed/04_differential_expression_enrichment/clusterProfiler/neuron_soma/phenotype_within_unit/DG_sg/DGsgres_DGsgcon/protein_group_audits/gsea_go_term_gene_provenance.csv",182,"R/enrichment/enrichment_io.R:625 read_csv_contract",TRUE,"declared_root_unmounted","S:/Lab_Member/Tobi/Experiments/Exp9_Social-Stress/Analysis/proteomics/data/processed/04_differential_expression_enrichment/clusterProfiler/neuron_soma/phenotype_within_unit/DG_sg/DGsgres_DGsgcon/protein_group_audits/gsea_go_term_gene_provenance.csv",248,"present",TRUE,21845003,FALSE,"runtime-required and the rebased path is directly usable"
"neuron_soma","data/processed/04_differential_expression_enrichment/clusterProfiler/neuron_soma/clusterProfiler_manifest.csv","term_gene_provenance_file","runtime_required","DGsgres_DGsgcon|GSEA_KEGG|KEGG",20,"success_with_terms","P://data/processed/04_differential_expression_enrichment/clusterProfiler/neuron_soma/phenotype_within_unit/DG_sg/DGsgres_DGsgcon/protein_group_audits/gsea_kegg_term_gene_provenance.csv",184,"R/enrichment/enrichment_io.R:625 read_csv_contract",TRUE,"declared_root_unmounted","S:/Lab_Member/Tobi/Experiments/Exp9_Social-Stress/Analysis/proteomics/data/processed/04_differential_expression_enrichment/clusterProfiler/neuron_soma/phenotype_within_unit/DG_sg/DGsgres_DGsgcon/protein_group_audits/gsea_kegg_term_gene_provenance.csv",250,"present",TRUE,1325915,FALSE,"runtime-required and the rebased path is directly usable"
"neuron_soma","data/processed/04_differential_expression_enrichment/clusterProfiler/neuron_soma/clusterProfiler_manifest.csv","term_gene_provenance_file","runtime_required","DGsgsus_DGsgcon|GSEA_GO|BP",21,"success_with_terms","P://data/processed/04_differential_expression_enrichment/clusterProfiler/neuron_soma/phenotype_within_unit/DG_sg/DGsgsus_DGsgcon/protein_group_audits/gsea_go_term_gene_provenance.csv",182,"R/enrichment/enrichment_io.R:625 read_csv_contract",TRUE,"declared_root_unmounted","S:/Lab_Member/Tobi/Experiments/Exp9_Social-Stress/Analysis/proteomics/data/processed/04_differential_expression_enrichment/clusterProfiler/neuron_soma/phenotype_within_unit/DG_sg/DGsgsus_DGsgcon/protein_group_audits/gsea_go_term_gene_provenance.csv",248,"present",TRUE,24752418,FALSE,"runtime-required and the rebased path is directly usable"
"neuron_soma","data/processed/04_differential_expression_enrichment/clusterProfiler/neuron_soma/clusterProfiler_manifest.csv","term_gene_provenance_file","runtime_required","DGsgsus_DGsgcon|GSEA_KEGG|KEGG",22,"success_with_terms","P://data/processed/04_differential_expression_enrichment/clusterProfiler/neuron_soma/phenotype_within_unit/DG_sg/DGsgsus_DGsgcon/protein_group_audits/gsea_kegg_term_gene_provenance.csv",184,"R/enrichment/enrichment_io.R:625 read_csv_contract",TRUE,"declared_root_unmounted","S:/Lab_Member/Tobi/Experiments/Exp9_Social-Stress/Analysis/proteomics/data/processed/04_differential_expression_enrichment/clusterProfiler/neuron_soma/phenotype_within_unit/DG_sg/DGsgsus_DGsgcon/protein_group_audits/gsea_kegg_term_gene_provenance.csv",250,"present",TRUE,1463401,FALSE,"runtime-required and the rebased path is directly usable"
"neuron_soma","data/processed/04_differential_expression_enrichment/clusterProfiler/neuron_soma/clusterProfiler_manifest.csv","term_gene_provenance_file","runtime_required","DGsgsus_DGsgres|GSEA_GO|BP",23,"success_with_terms","P://data/processed/04_differential_expression_enrichment/clusterProfiler/neuron_soma/phenotype_within_unit/DG_sg/DGsgsus_DGsgres/protein_group_audits/gsea_go_term_gene_provenance.csv",182,"R/enrichment/enrichment_io.R:625 read_csv_contract",TRUE,"declared_root_unmounted","S:/Lab_Member/Tobi/Experiments/Exp9_Social-Stress/Analysis/proteomics/data/processed/04_differential_expression_enrichment/clusterProfiler/neuron_soma/phenotype_within_unit/DG_sg/DGsgsus_DGsgres/protein_group_audits/gsea_go_term_gene_provenance.csv",248,"present",TRUE,24852932,FALSE,"runtime-required and the rebased path is directly usable"
"neuron_soma","data/processed/04_differential_expression_enrichment/clusterProfiler/neuron_soma/clusterProfiler_manifest.csv","term_gene_provenance_file","runtime_required","DGsgsus_DGsgres|GSEA_KEGG|KEGG",24,"success_with_terms","P://data/processed/04_differential_expression_enrichment/clusterProfiler/neuron_soma/phenotype_within_unit/DG_sg/DGsgsus_DGsgres/protein_group_audits/gsea_kegg_term_gene_provenance.csv",184,"R/enrichment/enrichment_io.R:625 read_csv_contract",TRUE,"declared_root_unmounted","S:/Lab_Member/Tobi/Experiments/Exp9_Social-Stress/Analysis/proteomics/data/processed/04_differential_expression_enrichment/clusterProfiler/neuron_soma/phenotype_within_unit/DG_sg/DGsgsus_DGsgres/protein_group_audits/gsea_kegg_term_gene_provenance.csv",250,"present",TRUE,1494563,FALSE,"runtime-required and the rebased path is directly usable"
"neuron_soma","data/processed/04_differential_expression_enrichment/clusterProfiler/neuron_soma/clusterProfiler_manifest.csv","input_gene_file","runtime_required","CA1spres_CA1spcon|GSEA_GO|BP",1,"success_with_terms","P://data/processed/02_id_mapping/mapped/neuron_soma/forward/per_file/CA1spres_CA1spcon.csv",90,"analysis/wgcna/compare_module_enrichment_overlap.R:238 read_protein_set",TRUE,"declared_root_unmounted","S:/Lab_Member/Tobi/Experiments/Exp9_Social-Stress/Analysis/proteomics/data/processed/02_id_mapping/mapped/neuron_soma/forward/per_file/CA1spres_CA1spcon.csv",156,"present",TRUE,3023297,FALSE,"runtime-required and the rebased path is directly usable"
"neuron_soma","data/processed/04_differential_expression_enrichment/clusterProfiler/neuron_soma/clusterProfiler_manifest.csv","input_gene_file","runtime_required","CA1spres_CA1spcon|GSEA_KEGG|KEGG",2,"success_with_terms","P://data/processed/02_id_mapping/mapped/neuron_soma/forward/per_file/CA1spres_CA1spcon.csv",90,"analysis/wgcna/compare_module_enrichment_overlap.R:238 read_protein_set",TRUE,"declared_root_unmounted","S:/Lab_Member/Tobi/Experiments/Exp9_Social-Stress/Analysis/proteomics/data/processed/02_id_mapping/mapped/neuron_soma/forward/per_file/CA1spres_CA1spcon.csv",156,"present",TRUE,3023297,FALSE,"runtime-required and the rebased path is directly usable"
"neuron_soma","data/processed/04_differential_expression_enrichment/clusterProfiler/neuron_soma/clusterProfiler_manifest.csv","input_gene_file","runtime_required","CA1spsus_CA1spcon|GSEA_GO|BP",3,"success_with_terms","P://data/processed/02_id_mapping/mapped/neuron_soma/forward/per_file/CA1spsus_CA1spcon.csv",90,"analysis/wgcna/compare_module_enrichment_overlap.R:238 read_protein_set",TRUE,"declared_root_unmounted","S:/Lab_Member/Tobi/Experiments/Exp9_Social-Stress/Analysis/proteomics/data/processed/02_id_mapping/mapped/neuron_soma/forward/per_file/CA1spsus_CA1spcon.csv",156,"present",TRUE,3027204,FALSE,"runtime-required and the rebased path is directly usable"
"neuron_soma","data/processed/04_differential_expression_enrichment/clusterProfiler/neuron_soma/clusterProfiler_manifest.csv","input_gene_file","runtime_required","CA1spsus_CA1spcon|GSEA_KEGG|KEGG",4,"success_with_terms","P://data/processed/02_id_mapping/mapped/neuron_soma/forward/per_file/CA1spsus_CA1spcon.csv",90,"analysis/wgcna/compare_module_enrichment_overlap.R:238 read_protein_set",TRUE,"declared_root_unmounted","S:/Lab_Member/Tobi/Experiments/Exp9_Social-Stress/Analysis/proteomics/data/processed/02_id_mapping/mapped/neuron_soma/forward/per_file/CA1spsus_CA1spcon.csv",156,"present",TRUE,3027204,FALSE,"runtime-required and the rebased path is directly usable"
"neuron_soma","data/processed/04_differential_expression_enrichment/clusterProfiler/neuron_soma/clusterProfiler_manifest.csv","input_gene_file","runtime_required","CA1spsus_CA1spres|GSEA_GO|BP",5,"success_with_terms","P://data/processed/02_id_mapping/mapped/neuron_soma/forward/per_file/CA1spsus_CA1spres.csv",90,"analysis/wgcna/compare_module_enrichment_overlap.R:238 read_protein_set",TRUE,"declared_root_unmounted","S:/Lab_Member/Tobi/Experiments/Exp9_Social-Stress/Analysis/proteomics/data/processed/02_id_mapping/mapped/neuron_soma/forward/per_file/CA1spsus_CA1spres.csv",156,"present",TRUE,3028530,FALSE,"runtime-required and the rebased path is directly usable"
"neuron_soma","data/processed/04_differential_expression_enrichment/clusterProfiler/neuron_soma/clusterProfiler_manifest.csv","input_gene_file","runtime_required","CA1spsus_CA1spres|GSEA_KEGG|KEGG",6,"success_with_terms","P://data/processed/02_id_mapping/mapped/neuron_soma/forward/per_file/CA1spsus_CA1spres.csv",90,"analysis/wgcna/compare_module_enrichment_overlap.R:238 read_protein_set",TRUE,"declared_root_unmounted","S:/Lab_Member/Tobi/Experiments/Exp9_Social-Stress/Analysis/proteomics/data/processed/02_id_mapping/mapped/neuron_soma/forward/per_file/CA1spsus_CA1spres.csv",156,"present",TRUE,3028530,FALSE,"runtime-required and the rebased path is directly usable"
"neuron_soma","data/processed/04_differential_expression_enrichment/clusterProfiler/neuron_soma/clusterProfiler_manifest.csv","input_gene_file","runtime_required","CA2spres_CA2spcon|GSEA_GO|BP",7,"success_with_terms","P://data/processed/02_id_mapping/mapped/neuron_soma/forward/per_file/CA2spres_CA2spcon.csv",90,"analysis/wgcna/compare_module_enrichment_overlap.R:238 read_protein_set",TRUE,"declared_root_unmounted","S:/Lab_Member/Tobi/Experiments/Exp9_Social-Stress/Analysis/proteomics/data/processed/02_id_mapping/mapped/neuron_soma/forward/per_file/CA2spres_CA2spcon.csv",156,"present",TRUE,3027778,FALSE,"runtime-required and the rebased path is directly usable"
"neuron_soma","data/processed/04_differential_expression_enrichment/clusterProfiler/neuron_soma/clusterProfiler_manifest.csv","input_gene_file","runtime_required","CA2spres_CA2spcon|GSEA_KEGG|KEGG",8,"success_with_terms","P://data/processed/02_id_mapping/mapped/neuron_soma/forward/per_file/CA2spres_CA2spcon.csv",90,"analysis/wgcna/compare_module_enrichment_overlap.R:238 read_protein_set",TRUE,"declared_root_unmounted","S:/Lab_Member/Tobi/Experiments/Exp9_Social-Stress/Analysis/proteomics/data/processed/02_id_mapping/mapped/neuron_soma/forward/per_file/CA2spres_CA2spcon.csv",156,"present",TRUE,3027778,FALSE,"runtime-required and the rebased path is directly usable"
"neuron_soma","data/processed/04_differential_expression_enrichment/clusterProfiler/neuron_soma/clusterProfiler_manifest.csv","input_gene_file","runtime_required","CA2spsus_CA2spcon|GSEA_GO|BP",9,"success_with_terms","P://data/processed/02_id_mapping/mapped/neuron_soma/forward/per_file/CA2spsus_CA2spcon.csv",90,"analysis/wgcna/compare_module_enrichment_overlap.R:238 read_protein_set",TRUE,"declared_root_unmounted","S:/Lab_Member/Tobi/Experiments/Exp9_Social-Stress/Analysis/proteomics/data/processed/02_id_mapping/mapped/neuron_soma/forward/per_file/CA2spsus_CA2spcon.csv",156,"present",TRUE,3028343,FALSE,"runtime-required and the rebased path is directly usable"
"neuron_soma","data/processed/04_differential_expression_enrichment/clusterProfiler/neuron_soma/clusterProfiler_manifest.csv","input_gene_file","runtime_required","CA2spsus_CA2spcon|GSEA_KEGG|KEGG",10,"success_with_terms","P://data/processed/02_id_mapping/mapped/neuron_soma/forward/per_file/CA2spsus_CA2spcon.csv",90,"analysis/wgcna/compare_module_enrichment_overlap.R:238 read_protein_set",TRUE,"declared_root_unmounted","S:/Lab_Member/Tobi/Experiments/Exp9_Social-Stress/Analysis/proteomics/data/processed/02_id_mapping/mapped/neuron_soma/forward/per_file/CA2spsus_CA2spcon.csv",156,"present",TRUE,3028343,FALSE,"runtime-required and the rebased path is directly usable"
"neuron_soma","data/processed/04_differential_expression_enrichment/clusterProfiler/neuron_soma/clusterProfiler_manifest.csv","input_gene_file","runtime_required","CA2spsus_CA2spres|GSEA_GO|BP",11,"success_with_terms","P://data/processed/02_id_mapping/mapped/neuron_soma/forward/per_file/CA2spsus_CA2spres.csv",90,"analysis/wgcna/compare_module_enrichment_overlap.R:238 read_protein_set",TRUE,"declared_root_unmounted","S:/Lab_Member/Tobi/Experiments/Exp9_Social-Stress/Analysis/proteomics/data/processed/02_id_mapping/mapped/neuron_soma/forward/per_file/CA2spsus_CA2spres.csv",156,"present",TRUE,3028236,FALSE,"runtime-required and the rebased path is directly usable"
"neuron_soma","data/processed/04_differential_expression_enrichment/clusterProfiler/neuron_soma/clusterProfiler_manifest.csv","input_gene_file","runtime_required","CA2spsus_CA2spres|GSEA_KEGG|KEGG",12,"success_with_terms","P://data/processed/02_id_mapping/mapped/neuron_soma/forward/per_file/CA2spsus_CA2spres.csv",90,"analysis/wgcna/compare_module_enrichment_overlap.R:238 read_protein_set",TRUE,"declared_root_unmounted","S:/Lab_Member/Tobi/Experiments/Exp9_Social-Stress/Analysis/proteomics/data/processed/02_id_mapping/mapped/neuron_soma/forward/per_file/CA2spsus_CA2spres.csv",156,"present",TRUE,3028236,FALSE,"runtime-required and the rebased path is directly usable"
"neuron_soma","data/processed/04_differential_expression_enrichment/clusterProfiler/neuron_soma/clusterProfiler_manifest.csv","input_gene_file","runtime_required","CA3spres_CA3spcon|GSEA_GO|BP",13,"success_with_terms","P://data/processed/02_id_mapping/mapped/neuron_soma/forward/per_file/CA3spres_CA3spcon.csv",90,"analysis/wgcna/compare_module_enrichment_overlap.R:238 read_protein_set",TRUE,"declared_root_unmounted","S:/Lab_Member/Tobi/Experiments/Exp9_Social-Stress/Analysis/proteomics/data/processed/02_id_mapping/mapped/neuron_soma/forward/per_file/CA3spres_CA3spcon.csv",156,"present",TRUE,3025748,FALSE,"runtime-required and the rebased path is directly usable"
"neuron_soma","data/processed/04_differential_expression_enrichment/clusterProfiler/neuron_soma/clusterProfiler_manifest.csv","input_gene_file","runtime_required","CA3spres_CA3spcon|GSEA_KEGG|KEGG",14,"success_with_terms","P://data/processed/02_id_mapping/mapped/neuron_soma/forward/per_file/CA3spres_CA3spcon.csv",90,"analysis/wgcna/compare_module_enrichment_overlap.R:238 read_protein_set",TRUE,"declared_root_unmounted","S:/Lab_Member/Tobi/Experiments/Exp9_Social-Stress/Analysis/proteomics/data/processed/02_id_mapping/mapped/neuron_soma/forward/per_file/CA3spres_CA3spcon.csv",156,"present",TRUE,3025748,FALSE,"runtime-required and the rebased path is directly usable"
"neuron_soma","data/processed/04_differential_expression_enrichment/clusterProfiler/neuron_soma/clusterProfiler_manifest.csv","input_gene_file","runtime_required","CA3spsus_CA3spcon|GSEA_GO|BP",15,"success_with_terms","P://data/processed/02_id_mapping/mapped/neuron_soma/forward/per_file/CA3spsus_CA3spcon.csv",90,"analysis/wgcna/compare_module_enrichment_overlap.R:238 read_protein_set",TRUE,"declared_root_unmounted","S:/Lab_Member/Tobi/Experiments/Exp9_Social-Stress/Analysis/proteomics/data/processed/02_id_mapping/mapped/neuron_soma/forward/per_file/CA3spsus_CA3spcon.csv",156,"present",TRUE,3029957,FALSE,"runtime-required and the rebased path is directly usable"
"neuron_soma","data/processed/04_differential_expression_enrichment/clusterProfiler/neuron_soma/clusterProfiler_manifest.csv","input_gene_file","runtime_required","CA3spsus_CA3spcon|GSEA_KEGG|KEGG",16,"success_with_terms","P://data/processed/02_id_mapping/mapped/neuron_soma/forward/per_file/CA3spsus_CA3spcon.csv",90,"analysis/wgcna/compare_module_enrichment_overlap.R:238 read_protein_set",TRUE,"declared_root_unmounted","S:/Lab_Member/Tobi/Experiments/Exp9_Social-Stress/Analysis/proteomics/data/processed/02_id_mapping/mapped/neuron_soma/forward/per_file/CA3spsus_CA3spcon.csv",156,"present",TRUE,3029957,FALSE,"runtime-required and the rebased path is directly usable"
"neuron_soma","data/processed/04_differential_expression_enrichment/clusterProfiler/neuron_soma/clusterProfiler_manifest.csv","input_gene_file","runtime_required","CA3spsus_CA3spres|GSEA_GO|BP",17,"success_with_terms","P://data/processed/02_id_mapping/mapped/neuron_soma/forward/per_file/CA3spsus_CA3spres.csv",90,"analysis/wgcna/compare_module_enrichment_overlap.R:238 read_protein_set",TRUE,"declared_root_unmounted","S:/Lab_Member/Tobi/Experiments/Exp9_Social-Stress/Analysis/proteomics/data/processed/02_id_mapping/mapped/neuron_soma/forward/per_file/CA3spsus_CA3spres.csv",156,"present",TRUE,3027929,FALSE,"runtime-required and the rebased path is directly usable"
"neuron_soma","data/processed/04_differential_expression_enrichment/clusterProfiler/neuron_soma/clusterProfiler_manifest.csv","input_gene_file","runtime_required","CA3spsus_CA3spres|GSEA_KEGG|KEGG",18,"success_with_terms","P://data/processed/02_id_mapping/mapped/neuron_soma/forward/per_file/CA3spsus_CA3spres.csv",90,"analysis/wgcna/compare_module_enrichment_overlap.R:238 read_protein_set",TRUE,"declared_root_unmounted","S:/Lab_Member/Tobi/Experiments/Exp9_Social-Stress/Analysis/proteomics/data/processed/02_id_mapping/mapped/neuron_soma/forward/per_file/CA3spsus_CA3spres.csv",156,"present",TRUE,3027929,FALSE,"runtime-required and the rebased path is directly usable"
"neuron_soma","data/processed/04_differential_expression_enrichment/clusterProfiler/neuron_soma/clusterProfiler_manifest.csv","input_gene_file","runtime_required","DGsgres_DGsgcon|GSEA_GO|BP",19,"success_with_terms","P://data/processed/02_id_mapping/mapped/neuron_soma/forward/per_file/DGsgres_DGsgcon.csv",88,"analysis/wgcna/compare_module_enrichment_overlap.R:238 read_protein_set",TRUE,"declared_root_unmounted","S:/Lab_Member/Tobi/Experiments/Exp9_Social-Stress/Analysis/proteomics/data/processed/02_id_mapping/mapped/neuron_soma/forward/per_file/DGsgres_DGsgcon.csv",154,"present",TRUE,3017142,FALSE,"runtime-required and the rebased path is directly usable"
"neuron_soma","data/processed/04_differential_expression_enrichment/clusterProfiler/neuron_soma/clusterProfiler_manifest.csv","input_gene_file","runtime_required","DGsgres_DGsgcon|GSEA_KEGG|KEGG",20,"success_with_terms","P://data/processed/02_id_mapping/mapped/neuron_soma/forward/per_file/DGsgres_DGsgcon.csv",88,"analysis/wgcna/compare_module_enrichment_overlap.R:238 read_protein_set",TRUE,"declared_root_unmounted","S:/Lab_Member/Tobi/Experiments/Exp9_Social-Stress/Analysis/proteomics/data/processed/02_id_mapping/mapped/neuron_soma/forward/per_file/DGsgres_DGsgcon.csv",154,"present",TRUE,3017142,FALSE,"runtime-required and the rebased path is directly usable"
"neuron_soma","data/processed/04_differential_expression_enrichment/clusterProfiler/neuron_soma/clusterProfiler_manifest.csv","input_gene_file","runtime_required","DGsgsus_DGsgcon|GSEA_GO|BP",21,"success_with_terms","P://data/processed/02_id_mapping/mapped/neuron_soma/forward/per_file/DGsgsus_DGsgcon.csv",88,"analysis/wgcna/compare_module_enrichment_overlap.R:238 read_protein_set",TRUE,"declared_root_unmounted","S:/Lab_Member/Tobi/Experiments/Exp9_Social-Stress/Analysis/proteomics/data/processed/02_id_mapping/mapped/neuron_soma/forward/per_file/DGsgsus_DGsgcon.csv",154,"present",TRUE,3013848,FALSE,"runtime-required and the rebased path is directly usable"
"neuron_soma","data/processed/04_differential_expression_enrichment/clusterProfiler/neuron_soma/clusterProfiler_manifest.csv","input_gene_file","runtime_required","DGsgsus_DGsgcon|GSEA_KEGG|KEGG",22,"success_with_terms","P://data/processed/02_id_mapping/mapped/neuron_soma/forward/per_file/DGsgsus_DGsgcon.csv",88,"analysis/wgcna/compare_module_enrichment_overlap.R:238 read_protein_set",TRUE,"declared_root_unmounted","S:/Lab_Member/Tobi/Experiments/Exp9_Social-Stress/Analysis/proteomics/data/processed/02_id_mapping/mapped/neuron_soma/forward/per_file/DGsgsus_DGsgcon.csv",154,"present",TRUE,3013848,FALSE,"runtime-required and the rebased path is directly usable"
"neuron_soma","data/processed/04_differential_expression_enrichment/clusterProfiler/neuron_soma/clusterProfiler_manifest.csv","input_gene_file","runtime_required","DGsgsus_DGsgres|GSEA_GO|BP",23,"success_with_terms","P://data/processed/02_id_mapping/mapped/neuron_soma/forward/per_file/DGsgsus_DGsgres.csv",88,"analysis/wgcna/compare_module_enrichment_overlap.R:238 read_protein_set",TRUE,"declared_root_unmounted","S:/Lab_Member/Tobi/Experiments/Exp9_Social-Stress/Analysis/proteomics/data/processed/02_id_mapping/mapped/neuron_soma/forward/per_file/DGsgsus_DGsgres.csv",154,"present",TRUE,3016902,FALSE,"runtime-required and the rebased path is directly usable"
"neuron_soma","data/processed/04_differential_expression_enrichment/clusterProfiler/neuron_soma/clusterProfiler_manifest.csv","input_gene_file","runtime_required","DGsgsus_DGsgres|GSEA_KEGG|KEGG",24,"success_with_terms","P://data/processed/02_id_mapping/mapped/neuron_soma/forward/per_file/DGsgsus_DGsgres.csv",88,"analysis/wgcna/compare_module_enrichment_overlap.R:238 read_protein_set",TRUE,"declared_root_unmounted","S:/Lab_Member/Tobi/Experiments/Exp9_Social-Stress/Analysis/proteomics/data/processed/02_id_mapping/mapped/neuron_soma/forward/per_file/DGsgsus_DGsgres.csv",154,"present",TRUE,3016902,FALSE,"runtime-required and the rebased path is directly usable"
"neuron_soma","data/processed/04_differential_expression_enrichment/clusterProfiler/neuron_soma/clusterProfiler_manifest.csv","collapsed_gene_provenance_file","provenance_only","CA1spres_CA1spcon|GSEA_GO|BP",1,"success_with_terms","P://data/processed/04_differential_expression_enrichment/clusterProfiler/neuron_soma/phenotype_within_unit/CA1_sp/CA1spres_CA1spcon/protein_group_audits/collapsed_gene_input_provenance.csv",188,"",FALSE,"declared_root_unmounted","S:/Lab_Member/Tobi/Experiments/Exp9_Social-Stress/Analysis/proteomics/data/processed/04_differential_expression_enrichment/clusterProfiler/neuron_soma/phenotype_within_unit/CA1_sp/CA1spres_CA1spcon/protein_group_audits/collapsed_gene_input_provenance.csv",254,"present",TRUE,1368936,FALSE,"provenance only: no active code opens this field"
"neuron_soma","data/processed/04_differential_expression_enrichment/clusterProfiler/neuron_soma/clusterProfiler_manifest.csv","collapsed_gene_provenance_file","provenance_only","CA1spres_CA1spcon|GSEA_KEGG|KEGG",2,"success_with_terms","P://data/processed/04_differential_expression_enrichment/clusterProfiler/neuron_soma/phenotype_within_unit/CA1_sp/CA1spres_CA1spcon/protein_group_audits/collapsed_gene_input_provenance.csv",188,"",FALSE,"declared_root_unmounted","S:/Lab_Member/Tobi/Experiments/Exp9_Social-Stress/Analysis/proteomics/data/processed/04_differential_expression_enrichment/clusterProfiler/neuron_soma/phenotype_within_unit/CA1_sp/CA1spres_CA1spcon/protein_group_audits/collapsed_gene_input_provenance.csv",254,"present",TRUE,1368936,FALSE,"provenance only: no active code opens this field"
"neuron_soma","data/processed/04_differential_expression_enrichment/clusterProfiler/neuron_soma/clusterProfiler_manifest.csv","collapsed_gene_provenance_file","provenance_only","CA1spsus_CA1spcon|GSEA_GO|BP",3,"success_with_terms","P://data/processed/04_differential_expression_enrichment/clusterProfiler/neuron_soma/phenotype_within_unit/CA1_sp/CA1spsus_CA1spcon/protein_group_audits/collapsed_gene_input_provenance.csv",188,"",FALSE,"declared_root_unmounted","S:/Lab_Member/Tobi/Experiments/Exp9_Social-Stress/Analysis/proteomics/data/processed/04_differential_expression_enrichment/clusterProfiler/neuron_soma/phenotype_within_unit/CA1_sp/CA1spsus_CA1spcon/protein_group_audits/collapsed_gene_input_provenance.csv",254,"present",TRUE,1375091,FALSE,"provenance only: no active code opens this field"
"neuron_soma","data/processed/04_differential_expression_enrichment/clusterProfiler/neuron_soma/clusterProfiler_manifest.csv","collapsed_gene_provenance_file","provenance_only","CA1spsus_CA1spcon|GSEA_KEGG|KEGG",4,"success_with_terms","P://data/processed/04_differential_expression_enrichment/clusterProfiler/neuron_soma/phenotype_within_unit/CA1_sp/CA1spsus_CA1spcon/protein_group_audits/collapsed_gene_input_provenance.csv",188,"",FALSE,"declared_root_unmounted","S:/Lab_Member/Tobi/Experiments/Exp9_Social-Stress/Analysis/proteomics/data/processed/04_differential_expression_enrichment/clusterProfiler/neuron_soma/phenotype_within_unit/CA1_sp/CA1spsus_CA1spcon/protein_group_audits/collapsed_gene_input_provenance.csv",254,"present",TRUE,1375091,FALSE,"provenance only: no active code opens this field"
"neuron_soma","data/processed/04_differential_expression_enrichment/clusterProfiler/neuron_soma/clusterProfiler_manifest.csv","collapsed_gene_provenance_file","provenance_only","CA1spsus_CA1spres|GSEA_GO|BP",5,"success_with_terms","P://data/processed/04_differential_expression_enrichment/clusterProfiler/neuron_soma/phenotype_within_unit/CA1_sp/CA1spsus_CA1spres/protein_group_audits/collapsed_gene_input_provenance.csv",188,"",FALSE,"declared_root_unmounted","S:/Lab_Member/Tobi/Experiments/Exp9_Social-Stress/Analysis/proteomics/data/processed/04_differential_expression_enrichment/clusterProfiler/neuron_soma/phenotype_within_unit/CA1_sp/CA1spsus_CA1spres/protein_group_audits/collapsed_gene_input_provenance.csv",254,"present",TRUE,1377818,FALSE,"provenance only: no active code opens this field"
"neuron_soma","data/processed/04_differential_expression_enrichment/clusterProfiler/neuron_soma/clusterProfiler_manifest.csv","collapsed_gene_provenance_file","provenance_only","CA1spsus_CA1spres|GSEA_KEGG|KEGG",6,"success_with_terms","P://data/processed/04_differential_expression_enrichment/clusterProfiler/neuron_soma/phenotype_within_unit/CA1_sp/CA1spsus_CA1spres/protein_group_audits/collapsed_gene_input_provenance.csv",188,"",FALSE,"declared_root_unmounted","S:/Lab_Member/Tobi/Experiments/Exp9_Social-Stress/Analysis/proteomics/data/processed/04_differential_expression_enrichment/clusterProfiler/neuron_soma/phenotype_within_unit/CA1_sp/CA1spsus_CA1spres/protein_group_audits/collapsed_gene_input_provenance.csv",254,"present",TRUE,1377818,FALSE,"provenance only: no active code opens this field"
"neuron_soma","data/processed/04_differential_expression_enrichment/clusterProfiler/neuron_soma/clusterProfiler_manifest.csv","collapsed_gene_provenance_file","provenance_only","CA2spres_CA2spcon|GSEA_GO|BP",7,"success_with_terms","P://data/processed/04_differential_expression_enrichment/clusterProfiler/neuron_soma/phenotype_within_unit/CA2_sp/CA2spres_CA2spcon/protein_group_audits/collapsed_gene_input_provenance.csv",188,"",FALSE,"declared_root_unmounted","S:/Lab_Member/Tobi/Experiments/Exp9_Social-Stress/Analysis/proteomics/data/processed/04_differential_expression_enrichment/clusterProfiler/neuron_soma/phenotype_within_unit/CA2_sp/CA2spres_CA2spcon/protein_group_audits/collapsed_gene_input_provenance.csv",254,"present",TRUE,1374547,FALSE,"provenance only: no active code opens this field"
"neuron_soma","data/processed/04_differential_expression_enrichment/clusterProfiler/neuron_soma/clusterProfiler_manifest.csv","collapsed_gene_provenance_file","provenance_only","CA2spres_CA2spcon|GSEA_KEGG|KEGG",8,"success_with_terms","P://data/processed/04_differential_expression_enrichment/clusterProfiler/neuron_soma/phenotype_within_unit/CA2_sp/CA2spres_CA2spcon/protein_group_audits/collapsed_gene_input_provenance.csv",188,"",FALSE,"declared_root_unmounted","S:/Lab_Member/Tobi/Experiments/Exp9_Social-Stress/Analysis/proteomics/data/processed/04_differential_expression_enrichment/clusterProfiler/neuron_soma/phenotype_within_unit/CA2_sp/CA2spres_CA2spcon/protein_group_audits/collapsed_gene_input_provenance.csv",254,"present",TRUE,1374547,FALSE,"provenance only: no active code opens this field"
"neuron_soma","data/processed/04_differential_expression_enrichment/clusterProfiler/neuron_soma/clusterProfiler_manifest.csv","collapsed_gene_provenance_file","provenance_only","CA2spsus_CA2spcon|GSEA_GO|BP",9,"success_with_terms","P://data/processed/04_differential_expression_enrichment/clusterProfiler/neuron_soma/phenotype_within_unit/CA2_sp/CA2spsus_CA2spcon/protein_group_audits/collapsed_gene_input_provenance.csv",188,"",FALSE,"declared_root_unmounted","S:/Lab_Member/Tobi/Experiments/Exp9_Social-Stress/Analysis/proteomics/data/processed/04_differential_expression_enrichment/clusterProfiler/neuron_soma/phenotype_within_unit/CA2_sp/CA2spsus_CA2spcon/protein_group_audits/collapsed_gene_input_provenance.csv",254,"present",TRUE,1375733,FALSE,"provenance only: no active code opens this field"
"neuron_soma","data/processed/04_differential_expression_enrichment/clusterProfiler/neuron_soma/clusterProfiler_manifest.csv","collapsed_gene_provenance_file","provenance_only","CA2spsus_CA2spcon|GSEA_KEGG|KEGG",10,"success_with_terms","P://data/processed/04_differential_expression_enrichment/clusterProfiler/neuron_soma/phenotype_within_unit/CA2_sp/CA2spsus_CA2spcon/protein_group_audits/collapsed_gene_input_provenance.csv",188,"",FALSE,"declared_root_unmounted","S:/Lab_Member/Tobi/Experiments/Exp9_Social-Stress/Analysis/proteomics/data/processed/04_differential_expression_enrichment/clusterProfiler/neuron_soma/phenotype_within_unit/CA2_sp/CA2spsus_CA2spcon/protein_group_audits/collapsed_gene_input_provenance.csv",254,"present",TRUE,1375733,FALSE,"provenance only: no active code opens this field"
"neuron_soma","data/processed/04_differential_expression_enrichment/clusterProfiler/neuron_soma/clusterProfiler_manifest.csv","collapsed_gene_provenance_file","provenance_only","CA2spsus_CA2spres|GSEA_GO|BP",11,"success_with_terms","P://data/processed/04_differential_expression_enrichment/clusterProfiler/neuron_soma/phenotype_within_unit/CA2_sp/CA2spsus_CA2spres/protein_group_audits/collapsed_gene_input_provenance.csv",188,"",FALSE,"declared_root_unmounted","S:/Lab_Member/Tobi/Experiments/Exp9_Social-Stress/Analysis/proteomics/data/processed/04_differential_expression_enrichment/clusterProfiler/neuron_soma/phenotype_within_unit/CA2_sp/CA2spsus_CA2spres/protein_group_audits/collapsed_gene_input_provenance.csv",254,"present",TRUE,1375873,FALSE,"provenance only: no active code opens this field"
"neuron_soma","data/processed/04_differential_expression_enrichment/clusterProfiler/neuron_soma/clusterProfiler_manifest.csv","collapsed_gene_provenance_file","provenance_only","CA2spsus_CA2spres|GSEA_KEGG|KEGG",12,"success_with_terms","P://data/processed/04_differential_expression_enrichment/clusterProfiler/neuron_soma/phenotype_within_unit/CA2_sp/CA2spsus_CA2spres/protein_group_audits/collapsed_gene_input_provenance.csv",188,"",FALSE,"declared_root_unmounted","S:/Lab_Member/Tobi/Experiments/Exp9_Social-Stress/Analysis/proteomics/data/processed/04_differential_expression_enrichment/clusterProfiler/neuron_soma/phenotype_within_unit/CA2_sp/CA2spsus_CA2spres/protein_group_audits/collapsed_gene_input_provenance.csv",254,"present",TRUE,1375873,FALSE,"provenance only: no active code opens this field"
"neuron_soma","data/processed/04_differential_expression_enrichment/clusterProfiler/neuron_soma/clusterProfiler_manifest.csv","collapsed_gene_provenance_file","provenance_only","CA3spres_CA3spcon|GSEA_GO|BP",13,"success_with_terms","P://data/processed/04_differential_expression_enrichment/clusterProfiler/neuron_soma/phenotype_within_unit/CA3_sp/CA3spres_CA3spcon/protein_group_audits/collapsed_gene_input_provenance.csv",188,"",FALSE,"declared_root_unmounted","S:/Lab_Member/Tobi/Experiments/Exp9_Social-Stress/Analysis/proteomics/data/processed/04_differential_expression_enrichment/clusterProfiler/neuron_soma/phenotype_within_unit/CA3_sp/CA3spres_CA3spcon/protein_group_audits/collapsed_gene_input_provenance.csv",254,"present",TRUE,1371492,FALSE,"provenance only: no active code opens this field"
"neuron_soma","data/processed/04_differential_expression_enrichment/clusterProfiler/neuron_soma/clusterProfiler_manifest.csv","collapsed_gene_provenance_file","provenance_only","CA3spres_CA3spcon|GSEA_KEGG|KEGG",14,"success_with_terms","P://data/processed/04_differential_expression_enrichment/clusterProfiler/neuron_soma/phenotype_within_unit/CA3_sp/CA3spres_CA3spcon/protein_group_audits/collapsed_gene_input_provenance.csv",188,"",FALSE,"declared_root_unmounted","S:/Lab_Member/Tobi/Experiments/Exp9_Social-Stress/Analysis/proteomics/data/processed/04_differential_expression_enrichment/clusterProfiler/neuron_soma/phenotype_within_unit/CA3_sp/CA3spres_CA3spcon/protein_group_audits/collapsed_gene_input_provenance.csv",254,"present",TRUE,1371492,FALSE,"provenance only: no active code opens this field"
"neuron_soma","data/processed/04_differential_expression_enrichment/clusterProfiler/neuron_soma/clusterProfiler_manifest.csv","collapsed_gene_provenance_file","provenance_only","CA3spsus_CA3spcon|GSEA_GO|BP",15,"success_with_terms","P://data/processed/04_differential_expression_enrichment/clusterProfiler/neuron_soma/phenotype_within_unit/CA3_sp/CA3spsus_CA3spcon/protein_group_audits/collapsed_gene_input_provenance.csv",188,"",FALSE,"declared_root_unmounted","S:/Lab_Member/Tobi/Experiments/Exp9_Social-Stress/Analysis/proteomics/data/processed/04_differential_expression_enrichment/clusterProfiler/neuron_soma/phenotype_within_unit/CA3_sp/CA3spsus_CA3spcon/protein_group_audits/collapsed_gene_input_provenance.csv",254,"present",TRUE,1377904,FALSE,"provenance only: no active code opens this field"
"neuron_soma","data/processed/04_differential_expression_enrichment/clusterProfiler/neuron_soma/clusterProfiler_manifest.csv","collapsed_gene_provenance_file","provenance_only","CA3spsus_CA3spcon|GSEA_KEGG|KEGG",16,"success_with_terms","P://data/processed/04_differential_expression_enrichment/clusterProfiler/neuron_soma/phenotype_within_unit/CA3_sp/CA3spsus_CA3spcon/protein_group_audits/collapsed_gene_input_provenance.csv",188,"",FALSE,"declared_root_unmounted","S:/Lab_Member/Tobi/Experiments/Exp9_Social-Stress/Analysis/proteomics/data/processed/04_differential_expression_enrichment/clusterProfiler/neuron_soma/phenotype_within_unit/CA3_sp/CA3spsus_CA3spcon/protein_group_audits/collapsed_gene_input_provenance.csv",254,"present",TRUE,1377904,FALSE,"provenance only: no active code opens this field"
"neuron_soma","data/processed/04_differential_expression_enrichment/clusterProfiler/neuron_soma/clusterProfiler_manifest.csv","collapsed_gene_provenance_file","provenance_only","CA3spsus_CA3spres|GSEA_GO|BP",17,"success_with_terms","P://data/processed/04_differential_expression_enrichment/clusterProfiler/neuron_soma/phenotype_within_unit/CA3_sp/CA3spsus_CA3spres/protein_group_audits/collapsed_gene_input_provenance.csv",188,"",FALSE,"declared_root_unmounted","S:/Lab_Member/Tobi/Experiments/Exp9_Social-Stress/Analysis/proteomics/data/processed/04_differential_expression_enrichment/clusterProfiler/neuron_soma/phenotype_within_unit/CA3_sp/CA3spsus_CA3spres/protein_group_audits/collapsed_gene_input_provenance.csv",254,"present",TRUE,1376582,FALSE,"provenance only: no active code opens this field"
"neuron_soma","data/processed/04_differential_expression_enrichment/clusterProfiler/neuron_soma/clusterProfiler_manifest.csv","collapsed_gene_provenance_file","provenance_only","CA3spsus_CA3spres|GSEA_KEGG|KEGG",18,"success_with_terms","P://data/processed/04_differential_expression_enrichment/clusterProfiler/neuron_soma/phenotype_within_unit/CA3_sp/CA3spsus_CA3spres/protein_group_audits/collapsed_gene_input_provenance.csv",188,"",FALSE,"declared_root_unmounted","S:/Lab_Member/Tobi/Experiments/Exp9_Social-Stress/Analysis/proteomics/data/processed/04_differential_expression_enrichment/clusterProfiler/neuron_soma/phenotype_within_unit/CA3_sp/CA3spsus_CA3spres/protein_group_audits/collapsed_gene_input_provenance.csv",254,"present",TRUE,1376582,FALSE,"provenance only: no active code opens this field"
"neuron_soma","data/processed/04_differential_expression_enrichment/clusterProfiler/neuron_soma/clusterProfiler_manifest.csv","collapsed_gene_provenance_file","provenance_only","DGsgres_DGsgcon|GSEA_GO|BP",19,"success_with_terms","P://data/processed/04_differential_expression_enrichment/clusterProfiler/neuron_soma/phenotype_within_unit/DG_sg/DGsgres_DGsgcon/protein_group_audits/collapsed_gene_input_provenance.csv",185,"",FALSE,"declared_root_unmounted","S:/Lab_Member/Tobi/Experiments/Exp9_Social-Stress/Analysis/proteomics/data/processed/04_differential_expression_enrichment/clusterProfiler/neuron_soma/phenotype_within_unit/DG_sg/DGsgres_DGsgcon/protein_group_audits/collapsed_gene_input_provenance.csv",251,"present",TRUE,1374905,FALSE,"provenance only: no active code opens this field"
"neuron_soma","data/processed/04_differential_expression_enrichment/clusterProfiler/neuron_soma/clusterProfiler_manifest.csv","collapsed_gene_provenance_file","provenance_only","DGsgres_DGsgcon|GSEA_KEGG|KEGG",20,"success_with_terms","P://data/processed/04_differential_expression_enrichment/clusterProfiler/neuron_soma/phenotype_within_unit/DG_sg/DGsgres_DGsgcon/protein_group_audits/collapsed_gene_input_provenance.csv",185,"",FALSE,"declared_root_unmounted","S:/Lab_Member/Tobi/Experiments/Exp9_Social-Stress/Analysis/proteomics/data/processed/04_differential_expression_enrichment/clusterProfiler/neuron_soma/phenotype_within_unit/DG_sg/DGsgres_DGsgcon/protein_group_audits/collapsed_gene_input_provenance.csv",251,"present",TRUE,1374905,FALSE,"provenance only: no active code opens this field"
"neuron_soma","data/processed/04_differential_expression_enrichment/clusterProfiler/neuron_soma/clusterProfiler_manifest.csv","collapsed_gene_provenance_file","provenance_only","DGsgsus_DGsgcon|GSEA_GO|BP",21,"success_with_terms","P://data/processed/04_differential_expression_enrichment/clusterProfiler/neuron_soma/phenotype_within_unit/DG_sg/DGsgsus_DGsgcon/protein_group_audits/collapsed_gene_input_provenance.csv",185,"",FALSE,"declared_root_unmounted","S:/Lab_Member/Tobi/Experiments/Exp9_Social-Stress/Analysis/proteomics/data/processed/04_differential_expression_enrichment/clusterProfiler/neuron_soma/phenotype_within_unit/DG_sg/DGsgsus_DGsgcon/protein_group_audits/collapsed_gene_input_provenance.csv",251,"present",TRUE,1373399,FALSE,"provenance only: no active code opens this field"
"neuron_soma","data/processed/04_differential_expression_enrichment/clusterProfiler/neuron_soma/clusterProfiler_manifest.csv","collapsed_gene_provenance_file","provenance_only","DGsgsus_DGsgcon|GSEA_KEGG|KEGG",22,"success_with_terms","P://data/processed/04_differential_expression_enrichment/clusterProfiler/neuron_soma/phenotype_within_unit/DG_sg/DGsgsus_DGsgcon/protein_group_audits/collapsed_gene_input_provenance.csv",185,"",FALSE,"declared_root_unmounted","S:/Lab_Member/Tobi/Experiments/Exp9_Social-Stress/Analysis/proteomics/data/processed/04_differential_expression_enrichment/clusterProfiler/neuron_soma/phenotype_within_unit/DG_sg/DGsgsus_DGsgcon/protein_group_audits/collapsed_gene_input_provenance.csv",251,"present",TRUE,1373399,FALSE,"provenance only: no active code opens this field"
"neuron_soma","data/processed/04_differential_expression_enrichment/clusterProfiler/neuron_soma/clusterProfiler_manifest.csv","collapsed_gene_provenance_file","provenance_only","DGsgsus_DGsgres|GSEA_GO|BP",23,"success_with_terms","P://data/processed/04_differential_expression_enrichment/clusterProfiler/neuron_soma/phenotype_within_unit/DG_sg/DGsgsus_DGsgres/protein_group_audits/collapsed_gene_input_provenance.csv",185,"",FALSE,"declared_root_unmounted","S:/Lab_Member/Tobi/Experiments/Exp9_Social-Stress/Analysis/proteomics/data/processed/04_differential_expression_enrichment/clusterProfiler/neuron_soma/phenotype_within_unit/DG_sg/DGsgsus_DGsgres/protein_group_audits/collapsed_gene_input_provenance.csv",251,"present",TRUE,1376161,FALSE,"provenance only: no active code opens this field"
"neuron_soma","data/processed/04_differential_expression_enrichment/clusterProfiler/neuron_soma/clusterProfiler_manifest.csv","collapsed_gene_provenance_file","provenance_only","DGsgsus_DGsgres|GSEA_KEGG|KEGG",24,"success_with_terms","P://data/processed/04_differential_expression_enrichment/clusterProfiler/neuron_soma/phenotype_within_unit/DG_sg/DGsgsus_DGsgres/protein_group_audits/collapsed_gene_input_provenance.csv",185,"",FALSE,"declared_root_unmounted","S:/Lab_Member/Tobi/Experiments/Exp9_Social-Stress/Analysis/proteomics/data/processed/04_differential_expression_enrichment/clusterProfiler/neuron_soma/phenotype_within_unit/DG_sg/DGsgsus_DGsgres/protein_group_audits/collapsed_gene_input_provenance.csv",251,"present",TRUE,1376161,FALSE,"provenance only: no active code opens this field"
"neuron_soma","data/processed/04_differential_expression_enrichment/clusterProfiler/neuron_soma/clusterProfiler_manifest.csv","config_file","provenance_only","CA1spres_CA1spcon|GSEA_GO|BP",1,"success_with_terms","P://config/clusterProfiler_config.yml",37,"",FALSE,"declared_root_unmounted","S:/Lab_Member/Tobi/Experiments/Exp9_Social-Stress/Analysis/proteomics/config/clusterProfiler_config.yml",103,"present",TRUE,1993,FALSE,"provenance only: no active code opens this field"
"neuron_soma","data/processed/04_differential_expression_enrichment/clusterProfiler/neuron_soma/clusterProfiler_manifest.csv","config_file","provenance_only","CA1spres_CA1spcon|GSEA_KEGG|KEGG",2,"success_with_terms","P://config/clusterProfiler_config.yml",37,"",FALSE,"declared_root_unmounted","S:/Lab_Member/Tobi/Experiments/Exp9_Social-Stress/Analysis/proteomics/config/clusterProfiler_config.yml",103,"present",TRUE,1993,FALSE,"provenance only: no active code opens this field"
"neuron_soma","data/processed/04_differential_expression_enrichment/clusterProfiler/neuron_soma/clusterProfiler_manifest.csv","config_file","provenance_only","CA1spsus_CA1spcon|GSEA_GO|BP",3,"success_with_terms","P://config/clusterProfiler_config.yml",37,"",FALSE,"declared_root_unmounted","S:/Lab_Member/Tobi/Experiments/Exp9_Social-Stress/Analysis/proteomics/config/clusterProfiler_config.yml",103,"present",TRUE,1993,FALSE,"provenance only: no active code opens this field"
"neuron_soma","data/processed/04_differential_expression_enrichment/clusterProfiler/neuron_soma/clusterProfiler_manifest.csv","config_file","provenance_only","CA1spsus_CA1spcon|GSEA_KEGG|KEGG",4,"success_with_terms","P://config/clusterProfiler_config.yml",37,"",FALSE,"declared_root_unmounted","S:/Lab_Member/Tobi/Experiments/Exp9_Social-Stress/Analysis/proteomics/config/clusterProfiler_config.yml",103,"present",TRUE,1993,FALSE,"provenance only: no active code opens this field"
"neuron_soma","data/processed/04_differential_expression_enrichment/clusterProfiler/neuron_soma/clusterProfiler_manifest.csv","config_file","provenance_only","CA1spsus_CA1spres|GSEA_GO|BP",5,"success_with_terms","P://config/clusterProfiler_config.yml",37,"",FALSE,"declared_root_unmounted","S:/Lab_Member/Tobi/Experiments/Exp9_Social-Stress/Analysis/proteomics/config/clusterProfiler_config.yml",103,"present",TRUE,1993,FALSE,"provenance only: no active code opens this field"
"neuron_soma","data/processed/04_differential_expression_enrichment/clusterProfiler/neuron_soma/clusterProfiler_manifest.csv","config_file","provenance_only","CA1spsus_CA1spres|GSEA_KEGG|KEGG",6,"success_with_terms","P://config/clusterProfiler_config.yml",37,"",FALSE,"declared_root_unmounted","S:/Lab_Member/Tobi/Experiments/Exp9_Social-Stress/Analysis/proteomics/config/clusterProfiler_config.yml",103,"present",TRUE,1993,FALSE,"provenance only: no active code opens this field"
"neuron_soma","data/processed/04_differential_expression_enrichment/clusterProfiler/neuron_soma/clusterProfiler_manifest.csv","config_file","provenance_only","CA2spres_CA2spcon|GSEA_GO|BP",7,"success_with_terms","P://config/clusterProfiler_config.yml",37,"",FALSE,"declared_root_unmounted","S:/Lab_Member/Tobi/Experiments/Exp9_Social-Stress/Analysis/proteomics/config/clusterProfiler_config.yml",103,"present",TRUE,1993,FALSE,"provenance only: no active code opens this field"
"neuron_soma","data/processed/04_differential_expression_enrichment/clusterProfiler/neuron_soma/clusterProfiler_manifest.csv","config_file","provenance_only","CA2spres_CA2spcon|GSEA_KEGG|KEGG",8,"success_with_terms","P://config/clusterProfiler_config.yml",37,"",FALSE,"declared_root_unmounted","S:/Lab_Member/Tobi/Experiments/Exp9_Social-Stress/Analysis/proteomics/config/clusterProfiler_config.yml",103,"present",TRUE,1993,FALSE,"provenance only: no active code opens this field"
"neuron_soma","data/processed/04_differential_expression_enrichment/clusterProfiler/neuron_soma/clusterProfiler_manifest.csv","config_file","provenance_only","CA2spsus_CA2spcon|GSEA_GO|BP",9,"success_with_terms","P://config/clusterProfiler_config.yml",37,"",FALSE,"declared_root_unmounted","S:/Lab_Member/Tobi/Experiments/Exp9_Social-Stress/Analysis/proteomics/config/clusterProfiler_config.yml",103,"present",TRUE,1993,FALSE,"provenance only: no active code opens this field"
"neuron_soma","data/processed/04_differential_expression_enrichment/clusterProfiler/neuron_soma/clusterProfiler_manifest.csv","config_file","provenance_only","CA2spsus_CA2spcon|GSEA_KEGG|KEGG",10,"success_with_terms","P://config/clusterProfiler_config.yml",37,"",FALSE,"declared_root_unmounted","S:/Lab_Member/Tobi/Experiments/Exp9_Social-Stress/Analysis/proteomics/config/clusterProfiler_config.yml",103,"present",TRUE,1993,FALSE,"provenance only: no active code opens this field"
"neuron_soma","data/processed/04_differential_expression_enrichment/clusterProfiler/neuron_soma/clusterProfiler_manifest.csv","config_file","provenance_only","CA2spsus_CA2spres|GSEA_GO|BP",11,"success_with_terms","P://config/clusterProfiler_config.yml",37,"",FALSE,"declared_root_unmounted","S:/Lab_Member/Tobi/Experiments/Exp9_Social-Stress/Analysis/proteomics/config/clusterProfiler_config.yml",103,"present",TRUE,1993,FALSE,"provenance only: no active code opens this field"
"neuron_soma","data/processed/04_differential_expression_enrichment/clusterProfiler/neuron_soma/clusterProfiler_manifest.csv","config_file","provenance_only","CA2spsus_CA2spres|GSEA_KEGG|KEGG",12,"success_with_terms","P://config/clusterProfiler_config.yml",37,"",FALSE,"declared_root_unmounted","S:/Lab_Member/Tobi/Experiments/Exp9_Social-Stress/Analysis/proteomics/config/clusterProfiler_config.yml",103,"present",TRUE,1993,FALSE,"provenance only: no active code opens this field"
"neuron_soma","data/processed/04_differential_expression_enrichment/clusterProfiler/neuron_soma/clusterProfiler_manifest.csv","config_file","provenance_only","CA3spres_CA3spcon|GSEA_GO|BP",13,"success_with_terms","P://config/clusterProfiler_config.yml",37,"",FALSE,"declared_root_unmounted","S:/Lab_Member/Tobi/Experiments/Exp9_Social-Stress/Analysis/proteomics/config/clusterProfiler_config.yml",103,"present",TRUE,1993,FALSE,"provenance only: no active code opens this field"
"neuron_soma","data/processed/04_differential_expression_enrichment/clusterProfiler/neuron_soma/clusterProfiler_manifest.csv","config_file","provenance_only","CA3spres_CA3spcon|GSEA_KEGG|KEGG",14,"success_with_terms","P://config/clusterProfiler_config.yml",37,"",FALSE,"declared_root_unmounted","S:/Lab_Member/Tobi/Experiments/Exp9_Social-Stress/Analysis/proteomics/config/clusterProfiler_config.yml",103,"present",TRUE,1993,FALSE,"provenance only: no active code opens this field"
"neuron_soma","data/processed/04_differential_expression_enrichment/clusterProfiler/neuron_soma/clusterProfiler_manifest.csv","config_file","provenance_only","CA3spsus_CA3spcon|GSEA_GO|BP",15,"success_with_terms","P://config/clusterProfiler_config.yml",37,"",FALSE,"declared_root_unmounted","S:/Lab_Member/Tobi/Experiments/Exp9_Social-Stress/Analysis/proteomics/config/clusterProfiler_config.yml",103,"present",TRUE,1993,FALSE,"provenance only: no active code opens this field"
"neuron_soma","data/processed/04_differential_expression_enrichment/clusterProfiler/neuron_soma/clusterProfiler_manifest.csv","config_file","provenance_only","CA3spsus_CA3spcon|GSEA_KEGG|KEGG",16,"success_with_terms","P://config/clusterProfiler_config.yml",37,"",FALSE,"declared_root_unmounted","S:/Lab_Member/Tobi/Experiments/Exp9_Social-Stress/Analysis/proteomics/config/clusterProfiler_config.yml",103,"present",TRUE,1993,FALSE,"provenance only: no active code opens this field"
"neuron_soma","data/processed/04_differential_expression_enrichment/clusterProfiler/neuron_soma/clusterProfiler_manifest.csv","config_file","provenance_only","CA3spsus_CA3spres|GSEA_GO|BP",17,"success_with_terms","P://config/clusterProfiler_config.yml",37,"",FALSE,"declared_root_unmounted","S:/Lab_Member/Tobi/Experiments/Exp9_Social-Stress/Analysis/proteomics/config/clusterProfiler_config.yml",103,"present",TRUE,1993,FALSE,"provenance only: no active code opens this field"
"neuron_soma","data/processed/04_differential_expression_enrichment/clusterProfiler/neuron_soma/clusterProfiler_manifest.csv","config_file","provenance_only","CA3spsus_CA3spres|GSEA_KEGG|KEGG",18,"success_with_terms","P://config/clusterProfiler_config.yml",37,"",FALSE,"declared_root_unmounted","S:/Lab_Member/Tobi/Experiments/Exp9_Social-Stress/Analysis/proteomics/config/clusterProfiler_config.yml",103,"present",TRUE,1993,FALSE,"provenance only: no active code opens this field"
"neuron_soma","data/processed/04_differential_expression_enrichment/clusterProfiler/neuron_soma/clusterProfiler_manifest.csv","config_file","provenance_only","DGsgres_DGsgcon|GSEA_GO|BP",19,"success_with_terms","P://config/clusterProfiler_config.yml",37,"",FALSE,"declared_root_unmounted","S:/Lab_Member/Tobi/Experiments/Exp9_Social-Stress/Analysis/proteomics/config/clusterProfiler_config.yml",103,"present",TRUE,1993,FALSE,"provenance only: no active code opens this field"
"neuron_soma","data/processed/04_differential_expression_enrichment/clusterProfiler/neuron_soma/clusterProfiler_manifest.csv","config_file","provenance_only","DGsgres_DGsgcon|GSEA_KEGG|KEGG",20,"success_with_terms","P://config/clusterProfiler_config.yml",37,"",FALSE,"declared_root_unmounted","S:/Lab_Member/Tobi/Experiments/Exp9_Social-Stress/Analysis/proteomics/config/clusterProfiler_config.yml",103,"present",TRUE,1993,FALSE,"provenance only: no active code opens this field"
"neuron_soma","data/processed/04_differential_expression_enrichment/clusterProfiler/neuron_soma/clusterProfiler_manifest.csv","config_file","provenance_only","DGsgsus_DGsgcon|GSEA_GO|BP",21,"success_with_terms","P://config/clusterProfiler_config.yml",37,"",FALSE,"declared_root_unmounted","S:/Lab_Member/Tobi/Experiments/Exp9_Social-Stress/Analysis/proteomics/config/clusterProfiler_config.yml",103,"present",TRUE,1993,FALSE,"provenance only: no active code opens this field"
"neuron_soma","data/processed/04_differential_expression_enrichment/clusterProfiler/neuron_soma/clusterProfiler_manifest.csv","config_file","provenance_only","DGsgsus_DGsgcon|GSEA_KEGG|KEGG",22,"success_with_terms","P://config/clusterProfiler_config.yml",37,"",FALSE,"declared_root_unmounted","S:/Lab_Member/Tobi/Experiments/Exp9_Social-Stress/Analysis/proteomics/config/clusterProfiler_config.yml",103,"present",TRUE,1993,FALSE,"provenance only: no active code opens this field"
"neuron_soma","data/processed/04_differential_expression_enrichment/clusterProfiler/neuron_soma/clusterProfiler_manifest.csv","config_file","provenance_only","DGsgsus_DGsgres|GSEA_GO|BP",23,"success_with_terms","P://config/clusterProfiler_config.yml",37,"",FALSE,"declared_root_unmounted","S:/Lab_Member/Tobi/Experiments/Exp9_Social-Stress/Analysis/proteomics/config/clusterProfiler_config.yml",103,"present",TRUE,1993,FALSE,"provenance only: no active code opens this field"
"neuron_soma","data/processed/04_differential_expression_enrichment/clusterProfiler/neuron_soma/clusterProfiler_manifest.csv","config_file","provenance_only","DGsgsus_DGsgres|GSEA_KEGG|KEGG",24,"success_with_terms","P://config/clusterProfiler_config.yml",37,"",FALSE,"declared_root_unmounted","S:/Lab_Member/Tobi/Experiments/Exp9_Social-Stress/Analysis/proteomics/config/clusterProfiler_config.yml",103,"present",TRUE,1993,FALSE,"provenance only: no active code opens this field"
"neuron_soma","data/processed/04_differential_expression_enrichment/clusterProfiler/neuron_soma/clusterProfiler_manifest.csv","gene_input_file","provenance_only","CA1spres_CA1spcon|GSEA_GO|BP",1,"success_with_terms","P://data/processed/04_differential_expression_enrichment/clusterProfiler/neuron_soma/phenotype_within_unit/CA1_sp/CA1spres_CA1spcon/protein_group_audits/collapsed_gene_input.csv",177,"",FALSE,"declared_root_unmounted","S:/Lab_Member/Tobi/Experiments/Exp9_Social-Stress/Analysis/proteomics/data/processed/04_differential_expression_enrichment/clusterProfiler/neuron_soma/phenotype_within_unit/CA1_sp/CA1spres_CA1spcon/protein_group_audits/collapsed_gene_input.csv",243,"present",TRUE,1467035,FALSE,"provenance only: no active code opens this field"
"neuron_soma","data/processed/04_differential_expression_enrichment/clusterProfiler/neuron_soma/clusterProfiler_manifest.csv","gene_input_file","provenance_only","CA1spres_CA1spcon|GSEA_KEGG|KEGG",2,"success_with_terms","P://data/processed/04_differential_expression_enrichment/clusterProfiler/neuron_soma/phenotype_within_unit/CA1_sp/CA1spres_CA1spcon/protein_group_audits/collapsed_gene_input.csv",177,"",FALSE,"declared_root_unmounted","S:/Lab_Member/Tobi/Experiments/Exp9_Social-Stress/Analysis/proteomics/data/processed/04_differential_expression_enrichment/clusterProfiler/neuron_soma/phenotype_within_unit/CA1_sp/CA1spres_CA1spcon/protein_group_audits/collapsed_gene_input.csv",243,"present",TRUE,1467035,FALSE,"provenance only: no active code opens this field"
"neuron_soma","data/processed/04_differential_expression_enrichment/clusterProfiler/neuron_soma/clusterProfiler_manifest.csv","gene_input_file","provenance_only","CA1spsus_CA1spcon|GSEA_GO|BP",3,"success_with_terms","P://data/processed/04_differential_expression_enrichment/clusterProfiler/neuron_soma/phenotype_within_unit/CA1_sp/CA1spsus_CA1spcon/protein_group_audits/collapsed_gene_input.csv",177,"",FALSE,"declared_root_unmounted","S:/Lab_Member/Tobi/Experiments/Exp9_Social-Stress/Analysis/proteomics/data/processed/04_differential_expression_enrichment/clusterProfiler/neuron_soma/phenotype_within_unit/CA1_sp/CA1spsus_CA1spcon/protein_group_audits/collapsed_gene_input.csv",243,"present",TRUE,1474183,FALSE,"provenance only: no active code opens this field"
"neuron_soma","data/processed/04_differential_expression_enrichment/clusterProfiler/neuron_soma/clusterProfiler_manifest.csv","gene_input_file","provenance_only","CA1spsus_CA1spcon|GSEA_KEGG|KEGG",4,"success_with_terms","P://data/processed/04_differential_expression_enrichment/clusterProfiler/neuron_soma/phenotype_within_unit/CA1_sp/CA1spsus_CA1spcon/protein_group_audits/collapsed_gene_input.csv",177,"",FALSE,"declared_root_unmounted","S:/Lab_Member/Tobi/Experiments/Exp9_Social-Stress/Analysis/proteomics/data/processed/04_differential_expression_enrichment/clusterProfiler/neuron_soma/phenotype_within_unit/CA1_sp/CA1spsus_CA1spcon/protein_group_audits/collapsed_gene_input.csv",243,"present",TRUE,1474183,FALSE,"provenance only: no active code opens this field"
"neuron_soma","data/processed/04_differential_expression_enrichment/clusterProfiler/neuron_soma/clusterProfiler_manifest.csv","gene_input_file","provenance_only","CA1spsus_CA1spres|GSEA_GO|BP",5,"success_with_terms","P://data/processed/04_differential_expression_enrichment/clusterProfiler/neuron_soma/phenotype_within_unit/CA1_sp/CA1spsus_CA1spres/protein_group_audits/collapsed_gene_input.csv",177,"",FALSE,"declared_root_unmounted","S:/Lab_Member/Tobi/Experiments/Exp9_Social-Stress/Analysis/proteomics/data/processed/04_differential_expression_enrichment/clusterProfiler/neuron_soma/phenotype_within_unit/CA1_sp/CA1spsus_CA1spres/protein_group_audits/collapsed_gene_input.csv",243,"present",TRUE,1477179,FALSE,"provenance only: no active code opens this field"
"neuron_soma","data/processed/04_differential_expression_enrichment/clusterProfiler/neuron_soma/clusterProfiler_manifest.csv","gene_input_file","provenance_only","CA1spsus_CA1spres|GSEA_KEGG|KEGG",6,"success_with_terms","P://data/processed/04_differential_expression_enrichment/clusterProfiler/neuron_soma/phenotype_within_unit/CA1_sp/CA1spsus_CA1spres/protein_group_audits/collapsed_gene_input.csv",177,"",FALSE,"declared_root_unmounted","S:/Lab_Member/Tobi/Experiments/Exp9_Social-Stress/Analysis/proteomics/data/processed/04_differential_expression_enrichment/clusterProfiler/neuron_soma/phenotype_within_unit/CA1_sp/CA1spsus_CA1spres/protein_group_audits/collapsed_gene_input.csv",243,"present",TRUE,1477179,FALSE,"provenance only: no active code opens this field"
"neuron_soma","data/processed/04_differential_expression_enrichment/clusterProfiler/neuron_soma/clusterProfiler_manifest.csv","gene_input_file","provenance_only","CA2spres_CA2spcon|GSEA_GO|BP",7,"success_with_terms","P://data/processed/04_differential_expression_enrichment/clusterProfiler/neuron_soma/phenotype_within_unit/CA2_sp/CA2spres_CA2spcon/protein_group_audits/collapsed_gene_input.csv",177,"",FALSE,"declared_root_unmounted","S:/Lab_Member/Tobi/Experiments/Exp9_Social-Stress/Analysis/proteomics/data/processed/04_differential_expression_enrichment/clusterProfiler/neuron_soma/phenotype_within_unit/CA2_sp/CA2spres_CA2spcon/protein_group_audits/collapsed_gene_input.csv",243,"present",TRUE,1473681,FALSE,"provenance only: no active code opens this field"
"neuron_soma","data/processed/04_differential_expression_enrichment/clusterProfiler/neuron_soma/clusterProfiler_manifest.csv","gene_input_file","provenance_only","CA2spres_CA2spcon|GSEA_KEGG|KEGG",8,"success_with_terms","P://data/processed/04_differential_expression_enrichment/clusterProfiler/neuron_soma/phenotype_within_unit/CA2_sp/CA2spres_CA2spcon/protein_group_audits/collapsed_gene_input.csv",177,"",FALSE,"declared_root_unmounted","S:/Lab_Member/Tobi/Experiments/Exp9_Social-Stress/Analysis/proteomics/data/processed/04_differential_expression_enrichment/clusterProfiler/neuron_soma/phenotype_within_unit/CA2_sp/CA2spres_CA2spcon/protein_group_audits/collapsed_gene_input.csv",243,"present",TRUE,1473681,FALSE,"provenance only: no active code opens this field"
"neuron_soma","data/processed/04_differential_expression_enrichment/clusterProfiler/neuron_soma/clusterProfiler_manifest.csv","gene_input_file","provenance_only","CA2spsus_CA2spcon|GSEA_GO|BP",9,"success_with_terms","P://data/processed/04_differential_expression_enrichment/clusterProfiler/neuron_soma/phenotype_within_unit/CA2_sp/CA2spsus_CA2spcon/protein_group_audits/collapsed_gene_input.csv",177,"",FALSE,"declared_root_unmounted","S:/Lab_Member/Tobi/Experiments/Exp9_Social-Stress/Analysis/proteomics/data/processed/04_differential_expression_enrichment/clusterProfiler/neuron_soma/phenotype_within_unit/CA2_sp/CA2spsus_CA2spcon/protein_group_audits/collapsed_gene_input.csv",243,"present",TRUE,1475057,FALSE,"provenance only: no active code opens this field"
"neuron_soma","data/processed/04_differential_expression_enrichment/clusterProfiler/neuron_soma/clusterProfiler_manifest.csv","gene_input_file","provenance_only","CA2spsus_CA2spcon|GSEA_KEGG|KEGG",10,"success_with_terms","P://data/processed/04_differential_expression_enrichment/clusterProfiler/neuron_soma/phenotype_within_unit/CA2_sp/CA2spsus_CA2spcon/protein_group_audits/collapsed_gene_input.csv",177,"",FALSE,"declared_root_unmounted","S:/Lab_Member/Tobi/Experiments/Exp9_Social-Stress/Analysis/proteomics/data/processed/04_differential_expression_enrichment/clusterProfiler/neuron_soma/phenotype_within_unit/CA2_sp/CA2spsus_CA2spcon/protein_group_audits/collapsed_gene_input.csv",243,"present",TRUE,1475057,FALSE,"provenance only: no active code opens this field"
"neuron_soma","data/processed/04_differential_expression_enrichment/clusterProfiler/neuron_soma/clusterProfiler_manifest.csv","gene_input_file","provenance_only","CA2spsus_CA2spres|GSEA_GO|BP",11,"success_with_terms","P://data/processed/04_differential_expression_enrichment/clusterProfiler/neuron_soma/phenotype_within_unit/CA2_sp/CA2spsus_CA2spres/protein_group_audits/collapsed_gene_input.csv",177,"",FALSE,"declared_root_unmounted","S:/Lab_Member/Tobi/Experiments/Exp9_Social-Stress/Analysis/proteomics/data/processed/04_differential_expression_enrichment/clusterProfiler/neuron_soma/phenotype_within_unit/CA2_sp/CA2spsus_CA2spres/protein_group_audits/collapsed_gene_input.csv",243,"present",TRUE,1475038,FALSE,"provenance only: no active code opens this field"
"neuron_soma","data/processed/04_differential_expression_enrichment/clusterProfiler/neuron_soma/clusterProfiler_manifest.csv","gene_input_file","provenance_only","CA2spsus_CA2spres|GSEA_KEGG|KEGG",12,"success_with_terms","P://data/processed/04_differential_expression_enrichment/clusterProfiler/neuron_soma/phenotype_within_unit/CA2_sp/CA2spsus_CA2spres/protein_group_audits/collapsed_gene_input.csv",177,"",FALSE,"declared_root_unmounted","S:/Lab_Member/Tobi/Experiments/Exp9_Social-Stress/Analysis/proteomics/data/processed/04_differential_expression_enrichment/clusterProfiler/neuron_soma/phenotype_within_unit/CA2_sp/CA2spsus_CA2spres/protein_group_audits/collapsed_gene_input.csv",243,"present",TRUE,1475038,FALSE,"provenance only: no active code opens this field"
"neuron_soma","data/processed/04_differential_expression_enrichment/clusterProfiler/neuron_soma/clusterProfiler_manifest.csv","gene_input_file","provenance_only","CA3spres_CA3spcon|GSEA_GO|BP",13,"success_with_terms","P://data/processed/04_differential_expression_enrichment/clusterProfiler/neuron_soma/phenotype_within_unit/CA3_sp/CA3spres_CA3spcon/protein_group_audits/collapsed_gene_input.csv",177,"",FALSE,"declared_root_unmounted","S:/Lab_Member/Tobi/Experiments/Exp9_Social-Stress/Analysis/proteomics/data/processed/04_differential_expression_enrichment/clusterProfiler/neuron_soma/phenotype_within_unit/CA3_sp/CA3spres_CA3spcon/protein_group_audits/collapsed_gene_input.csv",243,"present",TRUE,1469978,FALSE,"provenance only: no active code opens this field"
"neuron_soma","data/processed/04_differential_expression_enrichment/clusterProfiler/neuron_soma/clusterProfiler_manifest.csv","gene_input_file","provenance_only","CA3spres_CA3spcon|GSEA_KEGG|KEGG",14,"success_with_terms","P://data/processed/04_differential_expression_enrichment/clusterProfiler/neuron_soma/phenotype_within_unit/CA3_sp/CA3spres_CA3spcon/protein_group_audits/collapsed_gene_input.csv",177,"",FALSE,"declared_root_unmounted","S:/Lab_Member/Tobi/Experiments/Exp9_Social-Stress/Analysis/proteomics/data/processed/04_differential_expression_enrichment/clusterProfiler/neuron_soma/phenotype_within_unit/CA3_sp/CA3spres_CA3spcon/protein_group_audits/collapsed_gene_input.csv",243,"present",TRUE,1469978,FALSE,"provenance only: no active code opens this field"
"neuron_soma","data/processed/04_differential_expression_enrichment/clusterProfiler/neuron_soma/clusterProfiler_manifest.csv","gene_input_file","provenance_only","CA3spsus_CA3spcon|GSEA_GO|BP",15,"success_with_terms","P://data/processed/04_differential_expression_enrichment/clusterProfiler/neuron_soma/phenotype_within_unit/CA3_sp/CA3spsus_CA3spcon/protein_group_audits/collapsed_gene_input.csv",177,"",FALSE,"declared_root_unmounted","S:/Lab_Member/Tobi/Experiments/Exp9_Social-Stress/Analysis/proteomics/data/processed/04_differential_expression_enrichment/clusterProfiler/neuron_soma/phenotype_within_unit/CA3_sp/CA3spsus_CA3spcon/protein_group_audits/collapsed_gene_input.csv",243,"present",TRUE,1477864,FALSE,"provenance only: no active code opens this field"
"neuron_soma","data/processed/04_differential_expression_enrichment/clusterProfiler/neuron_soma/clusterProfiler_manifest.csv","gene_input_file","provenance_only","CA3spsus_CA3spcon|GSEA_KEGG|KEGG",16,"success_with_terms","P://data/processed/04_differential_expression_enrichment/clusterProfiler/neuron_soma/phenotype_within_unit/CA3_sp/CA3spsus_CA3spcon/protein_group_audits/collapsed_gene_input.csv",177,"",FALSE,"declared_root_unmounted","S:/Lab_Member/Tobi/Experiments/Exp9_Social-Stress/Analysis/proteomics/data/processed/04_differential_expression_enrichment/clusterProfiler/neuron_soma/phenotype_within_unit/CA3_sp/CA3spsus_CA3spcon/protein_group_audits/collapsed_gene_input.csv",243,"present",TRUE,1477864,FALSE,"provenance only: no active code opens this field"
"neuron_soma","data/processed/04_differential_expression_enrichment/clusterProfiler/neuron_soma/clusterProfiler_manifest.csv","gene_input_file","provenance_only","CA3spsus_CA3spres|GSEA_GO|BP",17,"success_with_terms","P://data/processed/04_differential_expression_enrichment/clusterProfiler/neuron_soma/phenotype_within_unit/CA3_sp/CA3spsus_CA3spres/protein_group_audits/collapsed_gene_input.csv",177,"",FALSE,"declared_root_unmounted","S:/Lab_Member/Tobi/Experiments/Exp9_Social-Stress/Analysis/proteomics/data/processed/04_differential_expression_enrichment/clusterProfiler/neuron_soma/phenotype_within_unit/CA3_sp/CA3spsus_CA3spres/protein_group_audits/collapsed_gene_input.csv",243,"present",TRUE,1475727,FALSE,"provenance only: no active code opens this field"
"neuron_soma","data/processed/04_differential_expression_enrichment/clusterProfiler/neuron_soma/clusterProfiler_manifest.csv","gene_input_file","provenance_only","CA3spsus_CA3spres|GSEA_KEGG|KEGG",18,"success_with_terms","P://data/processed/04_differential_expression_enrichment/clusterProfiler/neuron_soma/phenotype_within_unit/CA3_sp/CA3spsus_CA3spres/protein_group_audits/collapsed_gene_input.csv",177,"",FALSE,"declared_root_unmounted","S:/Lab_Member/Tobi/Experiments/Exp9_Social-Stress/Analysis/proteomics/data/processed/04_differential_expression_enrichment/clusterProfiler/neuron_soma/phenotype_within_unit/CA3_sp/CA3spsus_CA3spres/protein_group_audits/collapsed_gene_input.csv",243,"present",TRUE,1475727,FALSE,"provenance only: no active code opens this field"
"neuron_soma","data/processed/04_differential_expression_enrichment/clusterProfiler/neuron_soma/clusterProfiler_manifest.csv","gene_input_file","provenance_only","DGsgres_DGsgcon|GSEA_GO|BP",19,"success_with_terms","P://data/processed/04_differential_expression_enrichment/clusterProfiler/neuron_soma/phenotype_within_unit/DG_sg/DGsgres_DGsgcon/protein_group_audits/collapsed_gene_input.csv",174,"",FALSE,"declared_root_unmounted","S:/Lab_Member/Tobi/Experiments/Exp9_Social-Stress/Analysis/proteomics/data/processed/04_differential_expression_enrichment/clusterProfiler/neuron_soma/phenotype_within_unit/DG_sg/DGsgres_DGsgcon/protein_group_audits/collapsed_gene_input.csv",240,"present",TRUE,1474119,FALSE,"provenance only: no active code opens this field"
"neuron_soma","data/processed/04_differential_expression_enrichment/clusterProfiler/neuron_soma/clusterProfiler_manifest.csv","gene_input_file","provenance_only","DGsgres_DGsgcon|GSEA_KEGG|KEGG",20,"success_with_terms","P://data/processed/04_differential_expression_enrichment/clusterProfiler/neuron_soma/phenotype_within_unit/DG_sg/DGsgres_DGsgcon/protein_group_audits/collapsed_gene_input.csv",174,"",FALSE,"declared_root_unmounted","S:/Lab_Member/Tobi/Experiments/Exp9_Social-Stress/Analysis/proteomics/data/processed/04_differential_expression_enrichment/clusterProfiler/neuron_soma/phenotype_within_unit/DG_sg/DGsgres_DGsgcon/protein_group_audits/collapsed_gene_input.csv",240,"present",TRUE,1474119,FALSE,"provenance only: no active code opens this field"
"neuron_soma","data/processed/04_differential_expression_enrichment/clusterProfiler/neuron_soma/clusterProfiler_manifest.csv","gene_input_file","provenance_only","DGsgsus_DGsgcon|GSEA_GO|BP",21,"success_with_terms","P://data/processed/04_differential_expression_enrichment/clusterProfiler/neuron_soma/phenotype_within_unit/DG_sg/DGsgsus_DGsgcon/protein_group_audits/collapsed_gene_input.csv",174,"",FALSE,"declared_root_unmounted","S:/Lab_Member/Tobi/Experiments/Exp9_Social-Stress/Analysis/proteomics/data/processed/04_differential_expression_enrichment/clusterProfiler/neuron_soma/phenotype_within_unit/DG_sg/DGsgsus_DGsgcon/protein_group_audits/collapsed_gene_input.csv",240,"present",TRUE,1473509,FALSE,"provenance only: no active code opens this field"
"neuron_soma","data/processed/04_differential_expression_enrichment/clusterProfiler/neuron_soma/clusterProfiler_manifest.csv","gene_input_file","provenance_only","DGsgsus_DGsgcon|GSEA_KEGG|KEGG",22,"success_with_terms","P://data/processed/04_differential_expression_enrichment/clusterProfiler/neuron_soma/phenotype_within_unit/DG_sg/DGsgsus_DGsgcon/protein_group_audits/collapsed_gene_input.csv",174,"",FALSE,"declared_root_unmounted","S:/Lab_Member/Tobi/Experiments/Exp9_Social-Stress/Analysis/proteomics/data/processed/04_differential_expression_enrichment/clusterProfiler/neuron_soma/phenotype_within_unit/DG_sg/DGsgsus_DGsgcon/protein_group_audits/collapsed_gene_input.csv",240,"present",TRUE,1473509,FALSE,"provenance only: no active code opens this field"
"neuron_soma","data/processed/04_differential_expression_enrichment/clusterProfiler/neuron_soma/clusterProfiler_manifest.csv","gene_input_file","provenance_only","DGsgsus_DGsgres|GSEA_GO|BP",23,"success_with_terms","P://data/processed/04_differential_expression_enrichment/clusterProfiler/neuron_soma/phenotype_within_unit/DG_sg/DGsgsus_DGsgres/protein_group_audits/collapsed_gene_input.csv",174,"",FALSE,"declared_root_unmounted","S:/Lab_Member/Tobi/Experiments/Exp9_Social-Stress/Analysis/proteomics/data/processed/04_differential_expression_enrichment/clusterProfiler/neuron_soma/phenotype_within_unit/DG_sg/DGsgsus_DGsgres/protein_group_audits/collapsed_gene_input.csv",240,"present",TRUE,1475397,FALSE,"provenance only: no active code opens this field"
"neuron_soma","data/processed/04_differential_expression_enrichment/clusterProfiler/neuron_soma/clusterProfiler_manifest.csv","gene_input_file","provenance_only","DGsgsus_DGsgres|GSEA_KEGG|KEGG",24,"success_with_terms","P://data/processed/04_differential_expression_enrichment/clusterProfiler/neuron_soma/phenotype_within_unit/DG_sg/DGsgsus_DGsgres/protein_group_audits/collapsed_gene_input.csv",174,"",FALSE,"declared_root_unmounted","S:/Lab_Member/Tobi/Experiments/Exp9_Social-Stress/Analysis/proteomics/data/processed/04_differential_expression_enrichment/clusterProfiler/neuron_soma/phenotype_within_unit/DG_sg/DGsgsus_DGsgres/protein_group_audits/collapsed_gene_input.csv",240,"present",TRUE,1475397,FALSE,"provenance only: no active code opens this field"
"neuron_soma","data/processed/04_differential_expression_enrichment/clusterProfiler/neuron_soma/clusterProfiler_manifest.csv","output_plot","provenance_only","CA1spres_CA1spcon|GSEA_GO|BP",1,"success_with_terms","P://results/figures/04_differential_expression_enrichment/clusterProfiler/neuron_soma/phenotype_within_unit/CA1_sp/CA1spres_CA1spcon/GO_BP/GSEA_BP_dotplot_full.svg",163,"",FALSE,"declared_root_unmounted","S:/Lab_Member/Tobi/Experiments/Exp9_Social-Stress/Analysis/proteomics/results/figures/04_differential_expression_enrichment/clusterProfiler/neuron_soma/phenotype_within_unit/CA1_sp/CA1spres_CA1spcon/GO_BP/GSEA_BP_dotplot_full.svg",229,"present",TRUE,22164,FALSE,"provenance only: no active code opens this field"
"neuron_soma","data/processed/04_differential_expression_enrichment/clusterProfiler/neuron_soma/clusterProfiler_manifest.csv","output_plot","provenance_only","CA1spres_CA1spcon|GSEA_KEGG|KEGG",2,"success_with_terms","P://results/figures/04_differential_expression_enrichment/clusterProfiler/neuron_soma/phenotype_within_unit/CA1_sp/CA1spres_CA1spcon/KEGG/KEGG_dotplot.svg",154,"",FALSE,"declared_root_unmounted","S:/Lab_Member/Tobi/Experiments/Exp9_Social-Stress/Analysis/proteomics/results/figures/04_differential_expression_enrichment/clusterProfiler/neuron_soma/phenotype_within_unit/CA1_sp/CA1spres_CA1spcon/KEGG/KEGG_dotplot.svg",220,"present",TRUE,20723,FALSE,"provenance only: no active code opens this field"
"neuron_soma","data/processed/04_differential_expression_enrichment/clusterProfiler/neuron_soma/clusterProfiler_manifest.csv","output_plot","provenance_only","CA1spsus_CA1spcon|GSEA_GO|BP",3,"success_with_terms","P://results/figures/04_differential_expression_enrichment/clusterProfiler/neuron_soma/phenotype_within_unit/CA1_sp/CA1spsus_CA1spcon/GO_BP/GSEA_BP_dotplot_full.svg",163,"",FALSE,"declared_root_unmounted","S:/Lab_Member/Tobi/Experiments/Exp9_Social-Stress/Analysis/proteomics/results/figures/04_differential_expression_enrichment/clusterProfiler/neuron_soma/phenotype_within_unit/CA1_sp/CA1spsus_CA1spcon/GO_BP/GSEA_BP_dotplot_full.svg",229,"present",TRUE,19215,FALSE,"provenance only: no active code opens this field"
"neuron_soma","data/processed/04_differential_expression_enrichment/clusterProfiler/neuron_soma/clusterProfiler_manifest.csv","output_plot","provenance_only","CA1spsus_CA1spcon|GSEA_KEGG|KEGG",4,"success_with_terms","P://results/figures/04_differential_expression_enrichment/clusterProfiler/neuron_soma/phenotype_within_unit/CA1_sp/CA1spsus_CA1spcon/KEGG/KEGG_dotplot.svg",154,"",FALSE,"declared_root_unmounted","S:/Lab_Member/Tobi/Experiments/Exp9_Social-Stress/Analysis/proteomics/results/figures/04_differential_expression_enrichment/clusterProfiler/neuron_soma/phenotype_within_unit/CA1_sp/CA1spsus_CA1spcon/KEGG/KEGG_dotplot.svg",220,"present",TRUE,21416,FALSE,"provenance only: no active code opens this field"
"neuron_soma","data/processed/04_differential_expression_enrichment/clusterProfiler/neuron_soma/clusterProfiler_manifest.csv","output_plot","provenance_only","CA1spsus_CA1spres|GSEA_GO|BP",5,"success_with_terms","P://results/figures/04_differential_expression_enrichment/clusterProfiler/neuron_soma/phenotype_within_unit/CA1_sp/CA1spsus_CA1spres/GO_BP/GSEA_BP_dotplot_full.svg",163,"",FALSE,"declared_root_unmounted","S:/Lab_Member/Tobi/Experiments/Exp9_Social-Stress/Analysis/proteomics/results/figures/04_differential_expression_enrichment/clusterProfiler/neuron_soma/phenotype_within_unit/CA1_sp/CA1spsus_CA1spres/GO_BP/GSEA_BP_dotplot_full.svg",229,"present",TRUE,22090,FALSE,"provenance only: no active code opens this field"
"neuron_soma","data/processed/04_differential_expression_enrichment/clusterProfiler/neuron_soma/clusterProfiler_manifest.csv","output_plot","provenance_only","CA1spsus_CA1spres|GSEA_KEGG|KEGG",6,"success_with_terms","P://results/figures/04_differential_expression_enrichment/clusterProfiler/neuron_soma/phenotype_within_unit/CA1_sp/CA1spsus_CA1spres/KEGG/KEGG_dotplot.svg",154,"",FALSE,"declared_root_unmounted","S:/Lab_Member/Tobi/Experiments/Exp9_Social-Stress/Analysis/proteomics/results/figures/04_differential_expression_enrichment/clusterProfiler/neuron_soma/phenotype_within_unit/CA1_sp/CA1spsus_CA1spres/KEGG/KEGG_dotplot.svg",220,"present",TRUE,22297,FALSE,"provenance only: no active code opens this field"
"neuron_soma","data/processed/04_differential_expression_enrichment/clusterProfiler/neuron_soma/clusterProfiler_manifest.csv","output_plot","provenance_only","CA2spres_CA2spcon|GSEA_GO|BP",7,"success_with_terms","P://results/figures/04_differential_expression_enrichment/clusterProfiler/neuron_soma/phenotype_within_unit/CA2_sp/CA2spres_CA2spcon/GO_BP/GSEA_BP_dotplot_full.svg",163,"",FALSE,"declared_root_unmounted","S:/Lab_Member/Tobi/Experiments/Exp9_Social-Stress/Analysis/proteomics/results/figures/04_differential_expression_enrichment/clusterProfiler/neuron_soma/phenotype_within_unit/CA2_sp/CA2spres_CA2spcon/GO_BP/GSEA_BP_dotplot_full.svg",229,"present",TRUE,20175,FALSE,"provenance only: no active code opens this field"
"neuron_soma","data/processed/04_differential_expression_enrichment/clusterProfiler/neuron_soma/clusterProfiler_manifest.csv","output_plot","provenance_only","CA2spres_CA2spcon|GSEA_KEGG|KEGG",8,"success_with_terms","P://results/figures/04_differential_expression_enrichment/clusterProfiler/neuron_soma/phenotype_within_unit/CA2_sp/CA2spres_CA2spcon/KEGG/KEGG_dotplot.svg",154,"",FALSE,"declared_root_unmounted","S:/Lab_Member/Tobi/Experiments/Exp9_Social-Stress/Analysis/proteomics/results/figures/04_differential_expression_enrichment/clusterProfiler/neuron_soma/phenotype_within_unit/CA2_sp/CA2spres_CA2spcon/KEGG/KEGG_dotplot.svg",220,"present",TRUE,20540,FALSE,"provenance only: no active code opens this field"
"neuron_soma","data/processed/04_differential_expression_enrichment/clusterProfiler/neuron_soma/clusterProfiler_manifest.csv","output_plot","provenance_only","CA2spsus_CA2spcon|GSEA_GO|BP",9,"success_with_terms","P://results/figures/04_differential_expression_enrichment/clusterProfiler/neuron_soma/phenotype_within_unit/CA2_sp/CA2spsus_CA2spcon/GO_BP/GSEA_BP_dotplot_full.svg",163,"",FALSE,"declared_root_unmounted","S:/Lab_Member/Tobi/Experiments/Exp9_Social-Stress/Analysis/proteomics/results/figures/04_differential_expression_enrichment/clusterProfiler/neuron_soma/phenotype_within_unit/CA2_sp/CA2spsus_CA2spcon/GO_BP/GSEA_BP_dotplot_full.svg",229,"present",TRUE,21551,FALSE,"provenance only: no active code opens this field"
"neuron_soma","data/processed/04_differential_expression_enrichment/clusterProfiler/neuron_soma/clusterProfiler_manifest.csv","output_plot","provenance_only","CA2spsus_CA2spcon|GSEA_KEGG|KEGG",10,"success_with_terms","P://results/figures/04_differential_expression_enrichment/clusterProfiler/neuron_soma/phenotype_within_unit/CA2_sp/CA2spsus_CA2spcon/KEGG/KEGG_dotplot.svg",154,"",FALSE,"declared_root_unmounted","S:/Lab_Member/Tobi/Experiments/Exp9_Social-Stress/Analysis/proteomics/results/figures/04_differential_expression_enrichment/clusterProfiler/neuron_soma/phenotype_within_unit/CA2_sp/CA2spsus_CA2spcon/KEGG/KEGG_dotplot.svg",220,"present",TRUE,21589,FALSE,"provenance only: no active code opens this field"
"neuron_soma","data/processed/04_differential_expression_enrichment/clusterProfiler/neuron_soma/clusterProfiler_manifest.csv","output_plot","provenance_only","CA2spsus_CA2spres|GSEA_GO|BP",11,"success_with_terms","P://results/figures/04_differential_expression_enrichment/clusterProfiler/neuron_soma/phenotype_within_unit/CA2_sp/CA2spsus_CA2spres/GO_BP/GSEA_BP_dotplot_full.svg",163,"",FALSE,"declared_root_unmounted","S:/Lab_Member/Tobi/Experiments/Exp9_Social-Stress/Analysis/proteomics/results/figures/04_differential_expression_enrichment/clusterProfiler/neuron_soma/phenotype_within_unit/CA2_sp/CA2spsus_CA2spres/GO_BP/GSEA_BP_dotplot_full.svg",229,"present",TRUE,20848,FALSE,"provenance only: no active code opens this field"
"neuron_soma","data/processed/04_differential_expression_enrichment/clusterProfiler/neuron_soma/clusterProfiler_manifest.csv","output_plot","provenance_only","CA2spsus_CA2spres|GSEA_KEGG|KEGG",12,"success_with_terms","P://results/figures/04_differential_expression_enrichment/clusterProfiler/neuron_soma/phenotype_within_unit/CA2_sp/CA2spsus_CA2spres/KEGG/KEGG_dotplot.svg",154,"",FALSE,"declared_root_unmounted","S:/Lab_Member/Tobi/Experiments/Exp9_Social-Stress/Analysis/proteomics/results/figures/04_differential_expression_enrichment/clusterProfiler/neuron_soma/phenotype_within_unit/CA2_sp/CA2spsus_CA2spres/KEGG/KEGG_dotplot.svg",220,"present",TRUE,22035,FALSE,"provenance only: no active code opens this field"
"neuron_soma","data/processed/04_differential_expression_enrichment/clusterProfiler/neuron_soma/clusterProfiler_manifest.csv","output_plot","provenance_only","CA3spres_CA3spcon|GSEA_GO|BP",13,"success_with_terms","P://results/figures/04_differential_expression_enrichment/clusterProfiler/neuron_soma/phenotype_within_unit/CA3_sp/CA3spres_CA3spcon/GO_BP/GSEA_BP_dotplot_full.svg",163,"",FALSE,"declared_root_unmounted","S:/Lab_Member/Tobi/Experiments/Exp9_Social-Stress/Analysis/proteomics/results/figures/04_differential_expression_enrichment/clusterProfiler/neuron_soma/phenotype_within_unit/CA3_sp/CA3spres_CA3spcon/GO_BP/GSEA_BP_dotplot_full.svg",229,"present",TRUE,19717,FALSE,"provenance only: no active code opens this field"
"neuron_soma","data/processed/04_differential_expression_enrichment/clusterProfiler/neuron_soma/clusterProfiler_manifest.csv","output_plot","provenance_only","CA3spres_CA3spcon|GSEA_KEGG|KEGG",14,"success_with_terms","P://results/figures/04_differential_expression_enrichment/clusterProfiler/neuron_soma/phenotype_within_unit/CA3_sp/CA3spres_CA3spcon/KEGG/KEGG_dotplot.svg",154,"",FALSE,"declared_root_unmounted","S:/Lab_Member/Tobi/Experiments/Exp9_Social-Stress/Analysis/proteomics/results/figures/04_differential_expression_enrichment/clusterProfiler/neuron_soma/phenotype_within_unit/CA3_sp/CA3spres_CA3spcon/KEGG/KEGG_dotplot.svg",220,"present",TRUE,21027,FALSE,"provenance only: no active code opens this field"
"neuron_soma","data/processed/04_differential_expression_enrichment/clusterProfiler/neuron_soma/clusterProfiler_manifest.csv","output_plot","provenance_only","CA3spsus_CA3spcon|GSEA_GO|BP",15,"success_with_terms","P://results/figures/04_differential_expression_enrichment/clusterProfiler/neuron_soma/phenotype_within_unit/CA3_sp/CA3spsus_CA3spcon/GO_BP/GSEA_BP_dotplot_full.svg",163,"",FALSE,"declared_root_unmounted","S:/Lab_Member/Tobi/Experiments/Exp9_Social-Stress/Analysis/proteomics/results/figures/04_differential_expression_enrichment/clusterProfiler/neuron_soma/phenotype_within_unit/CA3_sp/CA3spsus_CA3spcon/GO_BP/GSEA_BP_dotplot_full.svg",229,"present",TRUE,22244,FALSE,"provenance only: no active code opens this field"
"neuron_soma","data/processed/04_differential_expression_enrichment/clusterProfiler/neuron_soma/clusterProfiler_manifest.csv","output_plot","provenance_only","CA3spsus_CA3spcon|GSEA_KEGG|KEGG",16,"success_with_terms","P://results/figures/04_differential_expression_enrichment/clusterProfiler/neuron_soma/phenotype_within_unit/CA3_sp/CA3spsus_CA3spcon/KEGG/KEGG_dotplot.svg",154,"",FALSE,"declared_root_unmounted","S:/Lab_Member/Tobi/Experiments/Exp9_Social-Stress/Analysis/proteomics/results/figures/04_differential_expression_enrichment/clusterProfiler/neuron_soma/phenotype_within_unit/CA3_sp/CA3spsus_CA3spcon/KEGG/KEGG_dotplot.svg",220,"present",TRUE,19153,FALSE,"provenance only: no active code opens this field"
"neuron_soma","data/processed/04_differential_expression_enrichment/clusterProfiler/neuron_soma/clusterProfiler_manifest.csv","output_plot","provenance_only","CA3spsus_CA3spres|GSEA_GO|BP",17,"success_with_terms","P://results/figures/04_differential_expression_enrichment/clusterProfiler/neuron_soma/phenotype_within_unit/CA3_sp/CA3spsus_CA3spres/GO_BP/GSEA_BP_dotplot_full.svg",163,"",FALSE,"declared_root_unmounted","S:/Lab_Member/Tobi/Experiments/Exp9_Social-Stress/Analysis/proteomics/results/figures/04_differential_expression_enrichment/clusterProfiler/neuron_soma/phenotype_within_unit/CA3_sp/CA3spsus_CA3spres/GO_BP/GSEA_BP_dotplot_full.svg",229,"present",TRUE,22451,FALSE,"provenance only: no active code opens this field"
"neuron_soma","data/processed/04_differential_expression_enrichment/clusterProfiler/neuron_soma/clusterProfiler_manifest.csv","output_plot","provenance_only","CA3spsus_CA3spres|GSEA_KEGG|KEGG",18,"success_with_terms","P://results/figures/04_differential_expression_enrichment/clusterProfiler/neuron_soma/phenotype_within_unit/CA3_sp/CA3spsus_CA3spres/KEGG/KEGG_dotplot.svg",154,"",FALSE,"declared_root_unmounted","S:/Lab_Member/Tobi/Experiments/Exp9_Social-Stress/Analysis/proteomics/results/figures/04_differential_expression_enrichment/clusterProfiler/neuron_soma/phenotype_within_unit/CA3_sp/CA3spsus_CA3spres/KEGG/KEGG_dotplot.svg",220,"present",TRUE,20169,FALSE,"provenance only: no active code opens this field"
"neuron_soma","data/processed/04_differential_expression_enrichment/clusterProfiler/neuron_soma/clusterProfiler_manifest.csv","output_plot","provenance_only","DGsgres_DGsgcon|GSEA_GO|BP",19,"success_with_terms","P://results/figures/04_differential_expression_enrichment/clusterProfiler/neuron_soma/phenotype_within_unit/DG_sg/DGsgres_DGsgcon/GO_BP/GSEA_BP_dotplot_full.svg",160,"",FALSE,"declared_root_unmounted","S:/Lab_Member/Tobi/Experiments/Exp9_Social-Stress/Analysis/proteomics/results/figures/04_differential_expression_enrichment/clusterProfiler/neuron_soma/phenotype_within_unit/DG_sg/DGsgres_DGsgcon/GO_BP/GSEA_BP_dotplot_full.svg",226,"present",TRUE,20094,FALSE,"provenance only: no active code opens this field"
"neuron_soma","data/processed/04_differential_expression_enrichment/clusterProfiler/neuron_soma/clusterProfiler_manifest.csv","output_plot","provenance_only","DGsgres_DGsgcon|GSEA_KEGG|KEGG",20,"success_with_terms","P://results/figures/04_differential_expression_enrichment/clusterProfiler/neuron_soma/phenotype_within_unit/DG_sg/DGsgres_DGsgcon/KEGG/KEGG_dotplot.svg",151,"",FALSE,"declared_root_unmounted","S:/Lab_Member/Tobi/Experiments/Exp9_Social-Stress/Analysis/proteomics/results/figures/04_differential_expression_enrichment/clusterProfiler/neuron_soma/phenotype_within_unit/DG_sg/DGsgres_DGsgcon/KEGG/KEGG_dotplot.svg",217,"present",TRUE,21860,FALSE,"provenance only: no active code opens this field"
"neuron_soma","data/processed/04_differential_expression_enrichment/clusterProfiler/neuron_soma/clusterProfiler_manifest.csv","output_plot","provenance_only","DGsgsus_DGsgcon|GSEA_GO|BP",21,"success_with_terms","P://results/figures/04_differential_expression_enrichment/clusterProfiler/neuron_soma/phenotype_within_unit/DG_sg/DGsgsus_DGsgcon/GO_BP/GSEA_BP_dotplot_full.svg",160,"",FALSE,"declared_root_unmounted","S:/Lab_Member/Tobi/Experiments/Exp9_Social-Stress/Analysis/proteomics/results/figures/04_differential_expression_enrichment/clusterProfiler/neuron_soma/phenotype_within_unit/DG_sg/DGsgsus_DGsgcon/GO_BP/GSEA_BP_dotplot_full.svg",226,"present",TRUE,21387,FALSE,"provenance only: no active code opens this field"
"neuron_soma","data/processed/04_differential_expression_enrichment/clusterProfiler/neuron_soma/clusterProfiler_manifest.csv","output_plot","provenance_only","DGsgsus_DGsgcon|GSEA_KEGG|KEGG",22,"success_with_terms","P://results/figures/04_differential_expression_enrichment/clusterProfiler/neuron_soma/phenotype_within_unit/DG_sg/DGsgsus_DGsgcon/KEGG/KEGG_dotplot.svg",151,"",FALSE,"declared_root_unmounted","S:/Lab_Member/Tobi/Experiments/Exp9_Social-Stress/Analysis/proteomics/results/figures/04_differential_expression_enrichment/clusterProfiler/neuron_soma/phenotype_within_unit/DG_sg/DGsgsus_DGsgcon/KEGG/KEGG_dotplot.svg",217,"present",TRUE,21646,FALSE,"provenance only: no active code opens this field"
"neuron_soma","data/processed/04_differential_expression_enrichment/clusterProfiler/neuron_soma/clusterProfiler_manifest.csv","output_plot","provenance_only","DGsgsus_DGsgres|GSEA_GO|BP",23,"success_with_terms","P://results/figures/04_differential_expression_enrichment/clusterProfiler/neuron_soma/phenotype_within_unit/DG_sg/DGsgsus_DGsgres/GO_BP/GSEA_BP_dotplot_full.svg",160,"",FALSE,"declared_root_unmounted","S:/Lab_Member/Tobi/Experiments/Exp9_Social-Stress/Analysis/proteomics/results/figures/04_differential_expression_enrichment/clusterProfiler/neuron_soma/phenotype_within_unit/DG_sg/DGsgsus_DGsgres/GO_BP/GSEA_BP_dotplot_full.svg",226,"present",TRUE,23363,FALSE,"provenance only: no active code opens this field"
"neuron_soma","data/processed/04_differential_expression_enrichment/clusterProfiler/neuron_soma/clusterProfiler_manifest.csv","output_plot","provenance_only","DGsgsus_DGsgres|GSEA_KEGG|KEGG",24,"success_with_terms","P://results/figures/04_differential_expression_enrichment/clusterProfiler/neuron_soma/phenotype_within_unit/DG_sg/DGsgsus_DGsgres/KEGG/KEGG_dotplot.svg",151,"",FALSE,"declared_root_unmounted","S:/Lab_Member/Tobi/Experiments/Exp9_Social-Stress/Analysis/proteomics/results/figures/04_differential_expression_enrichment/clusterProfiler/neuron_soma/phenotype_within_unit/DG_sg/DGsgsus_DGsgres/KEGG/KEGG_dotplot.svg",217,"present",TRUE,20193,FALSE,"provenance only: no active code opens this field"
