"rel","basename","suffix","abs_len","bytes","sha256","writer","write_site","dir","content_type"
"results/figures/04_differential_expression_enrichment/microglia_targeted_signature_enrichment/microglia_validation_proposed/main_candidate/microglia_signature_within_region_condition_dotplo","microglia_signature_within_region_condition_dotplo","",259,284442,"831de244e6b0e398b993131c0ffa1d4f58a96091e5064d2ac44e65428ec0939d","analysis/differential_abundance/test_microglia_targeted_signatures.R","test_microglia_targeted_signatures.R:241 ggsave_publication","results/figures/04_differential_expression_enrichment/microglia_targeted_signature_enrichment/microglia_validation_proposed/main_candidate","png"
"results/figures/04_differential_expression_enrichment/microglia_targeted_signature_enrichment/microglia_validation_proposed/main_candidate/microglia_vs_neuropil_signature_NES_scatter_main.p","microglia_vs_neuropil_signature_NES_scatter_main.p","p",259,186501,"1fe80f5d9fe9c9b0c40ea64e86bbe32ddb8b46869e2d48ed41eda1ed8c9cd50e","analysis/differential_abundance/test_microglia_targeted_signatures.R","test_microglia_targeted_signatures.R:241 ggsave_publication","results/figures/04_differential_expression_enrichment/microglia_targeted_signature_enrichment/microglia_validation_proposed/main_candidate","png"
"results/figures/04_differential_expression_enrichment/microglia_targeted_signature_enrichment/microglia_validation_proposed/main_candidate/microglia_vs_neuropil_signature_NES_scatter_main.s","microglia_vs_neuropil_signature_NES_scatter_main.s","s",259,24248,"1489068f5edfa8a17c976a058b6ebe613a00ff31a3592ea5092d783d94d01295","analysis/differential_abundance/test_microglia_targeted_signatures.R","test_microglia_targeted_signatures.R:241 ggsave_publication","results/figures/04_differential_expression_enrichment/microglia_targeted_signature_enrichment/microglia_validation_proposed/main_candidate","svg"
"results/figures/04_differential_expression_enrichment/microglia_targeted_signature_enrichment/microglia_validation_proposed/supplementary_qc/microglia_signature_interpretation_scoreboard.sv","microglia_signature_interpretation_scoreboard.sv","sv",259,7251,"e439e9389ba54c258a93e759aebc2837830493b627486ac2be93dfd275eff9ac","analysis/differential_abundance/test_microglia_targeted_signatures.R","test_microglia_targeted_signatures.R:241 ggsave_publication","results/figures/04_differential_expression_enrichment/microglia_targeted_signature_enrichment/microglia_validation_proposed/supplementary_qc","svg"
"results/figures/04_differential_expression_enrichment/microglia_targeted_signature_enrichment/microglia_validation_proposed/supplementary_qc/microglia_signature_within_region_condition_dotp","microglia_signature_within_region_condition_dotp","",259,23505,"9da67ce8b0cef5b29328fa27d75514e078afa5248a6784ebd1e49f92949abe4e","analysis/differential_abundance/test_microglia_targeted_signatures.R","test_microglia_targeted_signatures.R:241 ggsave_publication","results/figures/04_differential_expression_enrichment/microglia_targeted_signature_enrichment/microglia_validation_proposed/supplementary_qc","svg"
"results/figures/06_modules_WGCNA/module_score/microglia/wgcna/module_group_scores/sensitivity_flagged_replicates_removed/module_score_CA1_WGCNA_#006D2C_sensitivity_flagged_replicates_remove","module_score_CA1_WGCNA_#006D2C_sensitivity_flagged_replicates_remove","",259,7349,"814445c8e7f8d75aeac91cb9c5488176de304ea77ff51666213216b45cf88b93","analysis/wgcna/score_module_activity.R","score_module_activity.R:3343/3357","results/figures/06_modules_WGCNA/module_score/microglia/wgcna/module_group_scores/sensitivity_flagged_replicates_removed","svg"
"results/figures/06_modules_WGCNA/module_score/microglia/wgcna/module_group_scores/sensitivity_flagged_replicates_removed/module_score_CA1_WGCNA_#08519C_sensitivity_flagged_replicates_remove","module_score_CA1_WGCNA_#08519C_sensitivity_flagged_replicates_remove","",259,8137,"b3b103da476821f73c9ebfcab7de4e35af8e674e401b0c299d6e14b0bcf590f9","analysis/wgcna/score_module_activity.R","score_module_activity.R:3343/3357","results/figures/06_modules_WGCNA/module_score/microglia/wgcna/module_group_scores/sensitivity_flagged_replicates_removed","svg"
"results/figures/06_modules_WGCNA/module_score/microglia/wgcna/module_group_scores/sensitivity_flagged_replicates_removed/module_score_CA1_WGCNA_#1F4E79_sensitivity_flagged_replicates_remove","module_score_CA1_WGCNA_#1F4E79_sensitivity_flagged_replicates_remove","",259,7647,"4dcc8cc87ae4c97c81fecd899352f79b598e67284e25331662c286b2d52b3d90","analysis/wgcna/score_module_activity.R","score_module_activity.R:3343/3357","results/figures/06_modules_WGCNA/module_score/microglia/wgcna/module_group_scores/sensitivity_flagged_replicates_removed","svg"
"results/figures/06_modules_WGCNA/module_score/microglia/wgcna/module_group_scores/sensitivity_flagged_replicates_removed/module_score_CA1_WGCNA_#2B8CBE_sensitivity_flagged_replicates_remove","module_score_CA1_WGCNA_#2B8CBE_sensitivity_flagged_replicates_remove","",259,7761,"4d491935e17bd462dfa1161bbcb028f7fd4a394456f7971985eadc9ab71c86c1","analysis/wgcna/score_module_activity.R","score_module_activity.R:3343/3357","results/figures/06_modules_WGCNA/module_score/microglia/wgcna/module_group_scores/sensitivity_flagged_replicates_removed","svg"
"results/figures/06_modules_WGCNA/module_score/microglia/wgcna/module_group_scores/sensitivity_flagged_replicates_removed/module_score_CA1_WGCNA_#3F007D_sensitivity_flagged_replicates_remove","module_score_CA1_WGCNA_#3F007D_sensitivity_flagged_replicates_remove","",259,7457,"615d179ccdb4c1b10fb48fdabf792de42d775d5e7f5aefe56ae30582678d78c1","analysis/wgcna/score_module_activity.R","score_module_activity.R:3343/3357","results/figures/06_modules_WGCNA/module_score/microglia/wgcna/module_group_scores/sensitivity_flagged_replicates_removed","svg"
"results/figures/06_modules_WGCNA/module_score/microglia/wgcna/module_group_scores/sensitivity_flagged_replicates_removed/module_score_CA1_WGCNA_#41AB5D_sensitivity_flagged_replicates_remove","module_score_CA1_WGCNA_#41AB5D_sensitivity_flagged_replicates_remove","",259,7472,"672adb43dc2209f39a2e6d93078c2883d2b11c5f3788eee97bae5ab7b44f0a0c","analysis/wgcna/score_module_activity.R","score_module_activity.R:3343/3357","results/figures/06_modules_WGCNA/module_score/microglia/wgcna/module_group_scores/sensitivity_flagged_replicates_removed","svg"
"results/figures/06_modules_WGCNA/module_score/microglia/wgcna/module_group_scores/sensitivity_flagged_replicates_removed/module_score_CA1_WGCNA_#4D4D4D_sensitivity_flagged_replicates_remove","module_score_CA1_WGCNA_#4D4D4D_sensitivity_flagged_replicates_remove","",259,7464,"1c17687bf0b8c2b3656765aaa2423d2e7a8f2de071fa97d1622d55d6a18601e3","analysis/wgcna/score_module_activity.R","score_module_activity.R:3343/3357","results/figures/06_modules_WGCNA/module_score/microglia/wgcna/module_group_scores/sensitivity_flagged_replicates_removed","svg"
"results/figures/06_modules_WGCNA/module_score/microglia/wgcna/module_group_scores/sensitivity_flagged_replicates_removed/module_score_CA1_WGCNA_#737373_sensitivity_flagged_replicates_remove","module_score_CA1_WGCNA_#737373_sensitivity_flagged_replicates_remove","",259,7691,"7ad4c6b02791622e39205abf814c5bbadc843dd71b838470bb9cce6014a3c4ac","analysis/wgcna/score_module_activity.R","score_module_activity.R:3343/3357","results/figures/06_modules_WGCNA/module_score/microglia/wgcna/module_group_scores/sensitivity_flagged_replicates_removed","svg"
"results/figures/06_modules_WGCNA/module_score/microglia/wgcna/module_group_scores/sensitivity_flagged_replicates_removed/module_score_CA1_WGCNA_#7F2704_sensitivity_flagged_replicates_remove","module_score_CA1_WGCNA_#7F2704_sensitivity_flagged_replicates_remove","",259,8225,"bf22a038f631da0677c6495de5a0766b83971604f9e33f7645e22dbcdcbafeda","analysis/wgcna/score_module_activity.R","score_module_activity.R:3343/3357","results/figures/06_modules_WGCNA/module_score/microglia/wgcna/module_group_scores/sensitivity_flagged_replicates_removed","svg"
"results/figures/06_modules_WGCNA/module_score/microglia/wgcna/module_group_scores/sensitivity_flagged_replicates_removed/module_score_CA1_WGCNA_#8C510A_sensitivity_flagged_replicates_remove","module_score_CA1_WGCNA_#8C510A_sensitivity_flagged_replicates_remove","",259,7762,"8234bf574aecabfda414c49017d7732670bf91817d68db4935e71d33bb2354e5","analysis/wgcna/score_module_activity.R","score_module_activity.R:3343/3357","results/figures/06_modules_WGCNA/module_score/microglia/wgcna/module_group_scores/sensitivity_flagged_replicates_removed","svg"
"results/figures/06_modules_WGCNA/module_score/microglia/wgcna/module_group_scores/sensitivity_flagged_replicates_removed/module_score_CA1_WGCNA_#969696_sensitivity_flagged_replicates_remove","module_score_CA1_WGCNA_#969696_sensitivity_flagged_replicates_remove","",259,7774,"90e709832028522e7a1eff5cc1ee115588d04b63feefbcc7c3fd3a5380fd8a04","analysis/wgcna/score_module_activity.R","score_module_activity.R:3343/3357","results/figures/06_modules_WGCNA/module_score/microglia/wgcna/module_group_scores/sensitivity_flagged_replicates_removed","svg"
"results/figures/06_modules_WGCNA/module_score/microglia/wgcna/module_group_scores/sensitivity_flagged_replicates_removed/module_score_CA1_WGCNA_#9E9AC8_sensitivity_flagged_replicates_remove","module_score_CA1_WGCNA_#9E9AC8_sensitivity_flagged_replicates_remove","",259,7764,"f5b367a95e23935c941daaaa69a784173f3a472d9cb87dae3f2e989e8e86880f","analysis/wgcna/score_module_activity.R","score_module_activity.R:3343/3357","results/figures/06_modules_WGCNA/module_score/microglia/wgcna/module_group_scores/sensitivity_flagged_replicates_removed","svg"
"results/figures/06_modules_WGCNA/module_score/microglia/wgcna/module_group_scores/sensitivity_flagged_replicates_removed/module_score_CA1_WGCNA_#A6611A_sensitivity_flagged_replicates_remove","module_score_CA1_WGCNA_#A6611A_sensitivity_flagged_replicates_remove","",259,7354,"ac9485ca45119e5eef1849a2045241400b61a3563ba3768f46b70b11103846bd","analysis/wgcna/score_module_activity.R","score_module_activity.R:3343/3357","results/figures/06_modules_WGCNA/module_score/microglia/wgcna/module_group_scores/sensitivity_flagged_replicates_removed","svg"
"results/figures/06_modules_WGCNA/module_score/microglia/wgcna/module_group_scores/sensitivity_flagged_replicates_removed/module_score_CA2_WGCNA_#006D2C_sensitivity_flagged_replicates_remove","module_score_CA2_WGCNA_#006D2C_sensitivity_flagged_replicates_remove","",259,7754,"9e84fccac69ed1fa49709c3e67bb555e5324fb641546e4531e7ae871e69f537c","analysis/wgcna/score_module_activity.R","score_module_activity.R:3343/3357","results/figures/06_modules_WGCNA/module_score/microglia/wgcna/module_group_scores/sensitivity_flagged_replicates_removed","svg"
"results/figures/06_modules_WGCNA/module_score/microglia/wgcna/module_group_scores/sensitivity_flagged_replicates_removed/module_score_CA2_WGCNA_#08519C_sensitivity_flagged_replicates_remove","module_score_CA2_WGCNA_#08519C_sensitivity_flagged_replicates_remove","",259,8051,"5ac35a1bf007f7215a49152f3757c3984dc998e874a077669bc7fb4fc365a956","analysis/wgcna/score_module_activity.R","score_module_activity.R:3343/3357","results/figures/06_modules_WGCNA/module_score/microglia/wgcna/module_group_scores/sensitivity_flagged_replicates_removed","svg"
"results/figures/06_modules_WGCNA/module_score/microglia/wgcna/module_group_scores/sensitivity_flagged_replicates_removed/module_score_CA2_WGCNA_#1F4E79_sensitivity_flagged_replicates_remove","module_score_CA2_WGCNA_#1F4E79_sensitivity_flagged_replicates_remove","",259,7762,"997dda9e7cbd6293c8b4fb9cdab062e268b38bdc04008318d14e3872df64a6f3","analysis/wgcna/score_module_activity.R","score_module_activity.R:3343/3357","results/figures/06_modules_WGCNA/module_score/microglia/wgcna/module_group_scores/sensitivity_flagged_replicates_removed","svg"
"results/figures/06_modules_WGCNA/module_score/microglia/wgcna/module_group_scores/sensitivity_flagged_replicates_removed/module_score_CA2_WGCNA_#2B8CBE_sensitivity_flagged_replicates_remove","module_score_CA2_WGCNA_#2B8CBE_sensitivity_flagged_replicates_remove","",259,8041,"6859929de37b8611a4452f6029c7fa0f31b833ed636bc7b5fb33bc3fbe0ce1a2","analysis/wgcna/score_module_activity.R","score_module_activity.R:3343/3357","results/figures/06_modules_WGCNA/module_score/microglia/wgcna/module_group_scores/sensitivity_flagged_replicates_removed","svg"
"results/figures/06_modules_WGCNA/module_score/microglia/wgcna/module_group_scores/sensitivity_flagged_replicates_removed/module_score_CA2_WGCNA_#3F007D_sensitivity_flagged_replicates_remove","module_score_CA2_WGCNA_#3F007D_sensitivity_flagged_replicates_remove","",259,7747,"0b5163000df0bc0df7b1a98a07803c51cf63f4f10871a5aff82cf075e695baa4","analysis/wgcna/score_module_activity.R","score_module_activity.R:3343/3357","results/figures/06_modules_WGCNA/module_score/microglia/wgcna/module_group_scores/sensitivity_flagged_replicates_removed","svg"
"results/figures/06_modules_WGCNA/module_score/microglia/wgcna/module_group_scores/sensitivity_flagged_replicates_removed/module_score_CA2_WGCNA_#41AB5D_sensitivity_flagged_replicates_remove","module_score_CA2_WGCNA_#41AB5D_sensitivity_flagged_replicates_remove","",259,7633,"929855ccb8ed4950f7b995d74e941b6a21dc08edbb582760b5551a1c75fea3da","analysis/wgcna/score_module_activity.R","score_module_activity.R:3343/3357","results/figures/06_modules_WGCNA/module_score/microglia/wgcna/module_group_scores/sensitivity_flagged_replicates_removed","svg"
"results/figures/06_modules_WGCNA/module_score/microglia/wgcna/module_group_scores/sensitivity_flagged_replicates_removed/module_score_CA2_WGCNA_#4D4D4D_sensitivity_flagged_replicates_remove","module_score_CA2_WGCNA_#4D4D4D_sensitivity_flagged_replicates_remove","",259,7212,"7709ff0f36533dd518987e901f1419e267f7285c681a3874d4b9575680e114d9","analysis/wgcna/score_module_activity.R","score_module_activity.R:3343/3357","results/figures/06_modules_WGCNA/module_score/microglia/wgcna/module_group_scores/sensitivity_flagged_replicates_removed","svg"
"results/figures/06_modules_WGCNA/module_score/microglia/wgcna/module_group_scores/sensitivity_flagged_replicates_removed/module_score_CA2_WGCNA_#737373_sensitivity_flagged_replicates_remove","module_score_CA2_WGCNA_#737373_sensitivity_flagged_replicates_remove","",259,6996,"28e20cda86233ecee586487d6a1961e924a8a7e10f31c8b7801ccce56ffe4de4","analysis/wgcna/score_module_activity.R","score_module_activity.R:3343/3357","results/figures/06_modules_WGCNA/module_score/microglia/wgcna/module_group_scores/sensitivity_flagged_replicates_removed","svg"
"results/figures/06_modules_WGCNA/module_score/microglia/wgcna/module_group_scores/sensitivity_flagged_replicates_removed/module_score_CA2_WGCNA_#7F2704_sensitivity_flagged_replicates_remove","module_score_CA2_WGCNA_#7F2704_sensitivity_flagged_replicates_remove","",259,7480,"7747b7d68360523dd7496f522c17f9285b35ac3a01d803661ae31e97780e7e57","analysis/wgcna/score_module_activity.R","score_module_activity.R:3343/3357","results/figures/06_modules_WGCNA/module_score/microglia/wgcna/module_group_scores/sensitivity_flagged_replicates_removed","svg"
"results/figures/06_modules_WGCNA/module_score/microglia/wgcna/module_group_scores/sensitivity_flagged_replicates_removed/module_score_CA2_WGCNA_#8C510A_sensitivity_flagged_replicates_remove","module_score_CA2_WGCNA_#8C510A_sensitivity_flagged_replicates_remove","",259,7751,"f38f4c78995cb782651f2aa036baafa32c238fb4673f492df4e77088558ff1d9","analysis/wgcna/score_module_activity.R","score_module_activity.R:3343/3357","results/figures/06_modules_WGCNA/module_score/microglia/wgcna/module_group_scores/sensitivity_flagged_replicates_removed","svg"
"results/figures/06_modules_WGCNA/module_score/microglia/wgcna/module_group_scores/sensitivity_flagged_replicates_removed/module_score_CA2_WGCNA_#969696_sensitivity_flagged_replicates_remove","module_score_CA2_WGCNA_#969696_sensitivity_flagged_replicates_remove","",259,7922,"f16a96e5e7cef79252ed55b391f3fd8bd240186de3d8036b9d3e9d26d22be4b2","analysis/wgcna/score_module_activity.R","score_module_activity.R:3343/3357","results/figures/06_modules_WGCNA/module_score/microglia/wgcna/module_group_scores/sensitivity_flagged_replicates_removed","svg"
"results/figures/06_modules_WGCNA/module_score/microglia/wgcna/module_group_scores/sensitivity_flagged_replicates_removed/module_score_CA2_WGCNA_#9E9AC8_sensitivity_flagged_replicates_remove","module_score_CA2_WGCNA_#9E9AC8_sensitivity_flagged_replicates_remove","",259,7567,"16c4b457ca90ce4dd54f57a761b210352cba5b0374372ddeb305412a937b9718","analysis/wgcna/score_module_activity.R","score_module_activity.R:3343/3357","results/figures/06_modules_WGCNA/module_score/microglia/wgcna/module_group_scores/sensitivity_flagged_replicates_removed","svg"
"results/figures/06_modules_WGCNA/module_score/microglia/wgcna/module_group_scores/sensitivity_flagged_replicates_removed/module_score_CA2_WGCNA_#A6611A_sensitivity_flagged_replicates_remove","module_score_CA2_WGCNA_#A6611A_sensitivity_flagged_replicates_remove","",259,7933,"e3700074998743a0b0533ac4c0732c19ab318eb3947825ddfbbd2a7f106e313f","analysis/wgcna/score_module_activity.R","score_module_activity.R:3343/3357","results/figures/06_modules_WGCNA/module_score/microglia/wgcna/module_group_scores/sensitivity_flagged_replicates_removed","svg"
"results/figures/06_modules_WGCNA/module_score/microglia/wgcna/module_group_scores/sensitivity_flagged_replicates_removed/module_score_CA3_WGCNA_#006D2C_sensitivity_flagged_replicates_remove","module_score_CA3_WGCNA_#006D2C_sensitivity_flagged_replicates_remove","",259,7928,"f22d42cd758afcb85d7b8c3022739bdcfc686c428a6f61f6d01e3bff366035bb","analysis/wgcna/score_module_activity.R","score_module_activity.R:3343/3357","results/figures/06_modules_WGCNA/module_score/microglia/wgcna/module_group_scores/sensitivity_flagged_replicates_removed","svg"
"results/figures/06_modules_WGCNA/module_score/microglia/wgcna/module_group_scores/sensitivity_flagged_replicates_removed/module_score_CA3_WGCNA_#08519C_sensitivity_flagged_replicates_remove","module_score_CA3_WGCNA_#08519C_sensitivity_flagged_replicates_remove","",259,7637,"60624d2b65e00008f23b11990d30aec552643e1b4737a8aae445c6d3a445dcaa","analysis/wgcna/score_module_activity.R","score_module_activity.R:3343/3357","results/figures/06_modules_WGCNA/module_score/microglia/wgcna/module_group_scores/sensitivity_flagged_replicates_removed","svg"
"results/figures/06_modules_WGCNA/module_score/microglia/wgcna/module_group_scores/sensitivity_flagged_replicates_removed/module_score_CA3_WGCNA_#1F4E79_sensitivity_flagged_replicates_remove","module_score_CA3_WGCNA_#1F4E79_sensitivity_flagged_replicates_remove","",259,7657,"913d76d7b283345c9ba9414ef904a88722edffeb3b3d7a5a1a8caec4d73f1ead","analysis/wgcna/score_module_activity.R","score_module_activity.R:3343/3357","results/figures/06_modules_WGCNA/module_score/microglia/wgcna/module_group_scores/sensitivity_flagged_replicates_removed","svg"
"results/figures/06_modules_WGCNA/module_score/microglia/wgcna/module_group_scores/sensitivity_flagged_replicates_removed/module_score_CA3_WGCNA_#2B8CBE_sensitivity_flagged_replicates_remove","module_score_CA3_WGCNA_#2B8CBE_sensitivity_flagged_replicates_remove","",259,7518,"03e2fb4f1dd4202d7534fdb57b7924cb9efc4639ea2c0b9f56ffecc97c11f172","analysis/wgcna/score_module_activity.R","score_module_activity.R:3343/3357","results/figures/06_modules_WGCNA/module_score/microglia/wgcna/module_group_scores/sensitivity_flagged_replicates_removed","svg"
"results/figures/06_modules_WGCNA/module_score/microglia/wgcna/module_group_scores/sensitivity_flagged_replicates_removed/module_score_CA3_WGCNA_#3F007D_sensitivity_flagged_replicates_remove","module_score_CA3_WGCNA_#3F007D_sensitivity_flagged_replicates_remove","",259,7516,"6005c4bdb2b7f7c79226456f872fbfebe8834ab779ed69843ece4f59d43eb860","analysis/wgcna/score_module_activity.R","score_module_activity.R:3343/3357","results/figures/06_modules_WGCNA/module_score/microglia/wgcna/module_group_scores/sensitivity_flagged_replicates_removed","svg"
"results/figures/06_modules_WGCNA/module_score/microglia/wgcna/module_group_scores/sensitivity_flagged_replicates_removed/module_score_CA3_WGCNA_#41AB5D_sensitivity_flagged_replicates_remove","module_score_CA3_WGCNA_#41AB5D_sensitivity_flagged_replicates_remove","",259,7649,"351b6a7fdd5b9651351fb63fcc63b93bf13a2c410dd4ac980fbdb605f4a4d6b3","analysis/wgcna/score_module_activity.R","score_module_activity.R:3343/3357","results/figures/06_modules_WGCNA/module_score/microglia/wgcna/module_group_scores/sensitivity_flagged_replicates_removed","svg"
"results/figures/06_modules_WGCNA/module_score/microglia/wgcna/module_group_scores/sensitivity_flagged_replicates_removed/module_score_CA3_WGCNA_#4D4D4D_sensitivity_flagged_replicates_remove","module_score_CA3_WGCNA_#4D4D4D_sensitivity_flagged_replicates_remove","",259,7344,"0a6623199cfd868323e0c19b5ecc129f72ce3fac1d4974e97617545e16aae856","analysis/wgcna/score_module_activity.R","score_module_activity.R:3343/3357","results/figures/06_modules_WGCNA/module_score/microglia/wgcna/module_group_scores/sensitivity_flagged_replicates_removed","svg"
"results/figures/06_modules_WGCNA/module_score/microglia/wgcna/module_group_scores/sensitivity_flagged_replicates_removed/module_score_CA3_WGCNA_#737373_sensitivity_flagged_replicates_remove","module_score_CA3_WGCNA_#737373_sensitivity_flagged_replicates_remove","",259,7981,"cbc1a5bba1286624a1f2f7afe5af5bc90e8d7bf6f450a76121223755237b3284","analysis/wgcna/score_module_activity.R","score_module_activity.R:3343/3357","results/figures/06_modules_WGCNA/module_score/microglia/wgcna/module_group_scores/sensitivity_flagged_replicates_removed","svg"
"results/figures/06_modules_WGCNA/module_score/microglia/wgcna/module_group_scores/sensitivity_flagged_replicates_removed/module_score_CA3_WGCNA_#7F2704_sensitivity_flagged_replicates_remove","module_score_CA3_WGCNA_#7F2704_sensitivity_flagged_replicates_remove","",259,8316,"000c8eeb350b93f891f6edc1e0049907061daca93615884049246241a21b355e","analysis/wgcna/score_module_activity.R","score_module_activity.R:3343/3357","results/figures/06_modules_WGCNA/module_score/microglia/wgcna/module_group_scores/sensitivity_flagged_replicates_removed","svg"
"results/figures/06_modules_WGCNA/module_score/microglia/wgcna/module_group_scores/sensitivity_flagged_replicates_removed/module_score_CA3_WGCNA_#8C510A_sensitivity_flagged_replicates_remove","module_score_CA3_WGCNA_#8C510A_sensitivity_flagged_replicates_remove","",259,7366,"4f96ddea9a6c088694f319b5c7927a5e9a0138449c2b8ff69cb1925b5c36ee92","analysis/wgcna/score_module_activity.R","score_module_activity.R:3343/3357","results/figures/06_modules_WGCNA/module_score/microglia/wgcna/module_group_scores/sensitivity_flagged_replicates_removed","svg"
"results/figures/06_modules_WGCNA/module_score/microglia/wgcna/module_group_scores/sensitivity_flagged_replicates_removed/module_score_CA3_WGCNA_#969696_sensitivity_flagged_replicates_remove","module_score_CA3_WGCNA_#969696_sensitivity_flagged_replicates_remove","",259,7705,"78c8de36fe3797f20da9cd9d93f4e4ba204d231abf4aa9f435903e24bf98e3b7","analysis/wgcna/score_module_activity.R","score_module_activity.R:3343/3357","results/figures/06_modules_WGCNA/module_score/microglia/wgcna/module_group_scores/sensitivity_flagged_replicates_removed","svg"
"results/figures/06_modules_WGCNA/module_score/microglia/wgcna/module_group_scores/sensitivity_flagged_replicates_removed/module_score_CA3_WGCNA_#9E9AC8_sensitivity_flagged_replicates_remove","module_score_CA3_WGCNA_#9E9AC8_sensitivity_flagged_replicates_remove","",259,7933,"447af4a34eee9352f3a18e996840fc249b14bb2ad969c23e63df1bcd427ab8e7","analysis/wgcna/score_module_activity.R","score_module_activity.R:3343/3357","results/figures/06_modules_WGCNA/module_score/microglia/wgcna/module_group_scores/sensitivity_flagged_replicates_removed","svg"
"results/figures/06_modules_WGCNA/module_score/microglia/wgcna/module_group_scores/sensitivity_flagged_replicates_removed/module_score_CA3_WGCNA_#A6611A_sensitivity_flagged_replicates_remove","module_score_CA3_WGCNA_#A6611A_sensitivity_flagged_replicates_remove","",259,7803,"f083581b662ce8e8145bfec6684eb42bcfd5b0eac044acc7cba3c1d2ac3c5e31","analysis/wgcna/score_module_activity.R","score_module_activity.R:3343/3357","results/figures/06_modules_WGCNA/module_score/microglia/wgcna/module_group_scores/sensitivity_flagged_replicates_removed","svg"
"results/figures/06_modules_WGCNA/module_score/microglia/wgcna/module_group_scores/sensitivity_flagged_replicates_removed/module_score_DG_WGCNA_#006D2C_sensitivity_flagged_replicates_removed","module_score_DG_WGCNA_#006D2C_sensitivity_flagged_replicates_removed","",259,7236,"06222acc82c00d18f5b8b44d05054d29275125f77e11909e039304b3a4783492","analysis/wgcna/score_module_activity.R","score_module_activity.R:3343/3357","results/figures/06_modules_WGCNA/module_score/microglia/wgcna/module_group_scores/sensitivity_flagged_replicates_removed","svg"
"results/figures/06_modules_WGCNA/module_score/microglia/wgcna/module_group_scores/sensitivity_flagged_replicates_removed/module_score_DG_WGCNA_#08519C_sensitivity_flagged_replicates_removed","module_score_DG_WGCNA_#08519C_sensitivity_flagged_replicates_removed","",259,8125,"824d6dd86e8c2a8788ee6f9945b3cc7a8ed1c96b788b02b0efc07a619592cde9","analysis/wgcna/score_module_activity.R","score_module_activity.R:3343/3357","results/figures/06_modules_WGCNA/module_score/microglia/wgcna/module_group_scores/sensitivity_flagged_replicates_removed","svg"
"results/figures/06_modules_WGCNA/module_score/microglia/wgcna/module_group_scores/sensitivity_flagged_replicates_removed/module_score_DG_WGCNA_#1F4E79_sensitivity_flagged_replicates_removed","module_score_DG_WGCNA_#1F4E79_sensitivity_flagged_replicates_removed","",259,7526,"f77ab2a460e933afabcc8ab0b542f42615b744d41bd68c545cb13f5cee6fa6ba","analysis/wgcna/score_module_activity.R","score_module_activity.R:3343/3357","results/figures/06_modules_WGCNA/module_score/microglia/wgcna/module_group_scores/sensitivity_flagged_replicates_removed","svg"
"results/figures/06_modules_WGCNA/module_score/microglia/wgcna/module_group_scores/sensitivity_flagged_replicates_removed/module_score_DG_WGCNA_#2B8CBE_sensitivity_flagged_replicates_removed","module_score_DG_WGCNA_#2B8CBE_sensitivity_flagged_replicates_removed","",259,8054,"d1a71c278221cf3b424636335b4361b8c425ab2560be394831ec1385c4cd49bd","analysis/wgcna/score_module_activity.R","score_module_activity.R:3343/3357","results/figures/06_modules_WGCNA/module_score/microglia/wgcna/module_group_scores/sensitivity_flagged_replicates_removed","svg"
"results/figures/06_modules_WGCNA/module_score/microglia/wgcna/module_group_scores/sensitivity_flagged_replicates_removed/module_score_DG_WGCNA_#3F007D_sensitivity_flagged_replicates_removed","module_score_DG_WGCNA_#3F007D_sensitivity_flagged_replicates_removed","",259,7751,"c89ee8a87e671eb034aae5f9e378fbb0ee1e2e713e9c8b42e0bcc39a2beab381","analysis/wgcna/score_module_activity.R","score_module_activity.R:3343/3357","results/figures/06_modules_WGCNA/module_score/microglia/wgcna/module_group_scores/sensitivity_flagged_replicates_removed","svg"
"results/figures/06_modules_WGCNA/module_score/microglia/wgcna/module_group_scores/sensitivity_flagged_replicates_removed/module_score_DG_WGCNA_#41AB5D_sensitivity_flagged_replicates_removed","module_score_DG_WGCNA_#41AB5D_sensitivity_flagged_replicates_removed","",259,7359,"628c55a4f3323462f5f31112c1b138458b8622561ed5f295356dc994d42aa6e8","analysis/wgcna/score_module_activity.R","score_module_activity.R:3343/3357","results/figures/06_modules_WGCNA/module_score/microglia/wgcna/module_group_scores/sensitivity_flagged_replicates_removed","svg"
"results/figures/06_modules_WGCNA/module_score/microglia/wgcna/module_group_scores/sensitivity_flagged_replicates_removed/module_score_DG_WGCNA_#4D4D4D_sensitivity_flagged_replicates_removed","module_score_DG_WGCNA_#4D4D4D_sensitivity_flagged_replicates_removed","",259,7761,"dace3e1aaaa3bd40adfa083b27f1b421f57a72524147c9a6113ea0b60084cb2d","analysis/wgcna/score_module_activity.R","score_module_activity.R:3343/3357","results/figures/06_modules_WGCNA/module_score/microglia/wgcna/module_group_scores/sensitivity_flagged_replicates_removed","svg"
"results/figures/06_modules_WGCNA/module_score/microglia/wgcna/module_group_scores/sensitivity_flagged_replicates_removed/module_score_DG_WGCNA_#737373_sensitivity_flagged_replicates_removed","module_score_DG_WGCNA_#737373_sensitivity_flagged_replicates_removed","",259,7517,"488f7288e8c07c7c5da0b38e7087136becb4e5c938d3bc738f84733a6bbad470","analysis/wgcna/score_module_activity.R","score_module_activity.R:3343/3357","results/figures/06_modules_WGCNA/module_score/microglia/wgcna/module_group_scores/sensitivity_flagged_replicates_removed","svg"
"results/figures/06_modules_WGCNA/module_score/microglia/wgcna/module_group_scores/sensitivity_flagged_replicates_removed/module_score_DG_WGCNA_#7F2704_sensitivity_flagged_replicates_removed","module_score_DG_WGCNA_#7F2704_sensitivity_flagged_replicates_removed","",259,7468,"e70222a3bc61d77b21c9ca1572d3d3669f2a0e4d55eebc13a99f6ffb451965b0","analysis/wgcna/score_module_activity.R","score_module_activity.R:3343/3357","results/figures/06_modules_WGCNA/module_score/microglia/wgcna/module_group_scores/sensitivity_flagged_replicates_removed","svg"
"results/figures/06_modules_WGCNA/module_score/microglia/wgcna/module_group_scores/sensitivity_flagged_replicates_removed/module_score_DG_WGCNA_#8C510A_sensitivity_flagged_replicates_removed","module_score_DG_WGCNA_#8C510A_sensitivity_flagged_replicates_removed","",259,7773,"8c93d639912a3e19c27a8e8f908b4e3a65319f4977f185af1ee4454cfac4ea5b","analysis/wgcna/score_module_activity.R","score_module_activity.R:3343/3357","results/figures/06_modules_WGCNA/module_score/microglia/wgcna/module_group_scores/sensitivity_flagged_replicates_removed","svg"
"results/figures/06_modules_WGCNA/module_score/microglia/wgcna/module_group_scores/sensitivity_flagged_replicates_removed/module_score_DG_WGCNA_#969696_sensitivity_flagged_replicates_removed","module_score_DG_WGCNA_#969696_sensitivity_flagged_replicates_removed","",259,7364,"f7a9e8b40b0f6d8f0f886d3cfc132a7666ce1b207ff21d5f8ea9821b307bcb48","analysis/wgcna/score_module_activity.R","score_module_activity.R:3343/3357","results/figures/06_modules_WGCNA/module_score/microglia/wgcna/module_group_scores/sensitivity_flagged_replicates_removed","svg"
"results/figures/06_modules_WGCNA/module_score/microglia/wgcna/module_group_scores/sensitivity_flagged_replicates_removed/module_score_DG_WGCNA_#9E9AC8_sensitivity_flagged_replicates_removed","module_score_DG_WGCNA_#9E9AC8_sensitivity_flagged_replicates_removed","",259,7657,"de7b3457a750eb138443231417819b309a30d6b41bb5111f03bc9dc8da9fc322","analysis/wgcna/score_module_activity.R","score_module_activity.R:3343/3357","results/figures/06_modules_WGCNA/module_score/microglia/wgcna/module_group_scores/sensitivity_flagged_replicates_removed","svg"
"results/figures/06_modules_WGCNA/module_score/microglia/wgcna/module_group_scores/sensitivity_flagged_replicates_removed/module_score_DG_WGCNA_#A6611A_sensitivity_flagged_replicates_removed","module_score_DG_WGCNA_#A6611A_sensitivity_flagged_replicates_removed","",259,7504,"2cfc2539d7ee3d83da795e1677a2ccf5de5fe57777e9c43d6e1a2c5d86e3c354","analysis/wgcna/score_module_activity.R","score_module_activity.R:3343/3357","results/figures/06_modules_WGCNA/module_score/microglia/wgcna/module_group_scores/sensitivity_flagged_replicates_removed","svg"
"results/figures/06_modules_WGCNA/module_score/neuron_neuropil/overlap/behavior_correlations/cor_CA1_slm_Neuropil_chromatin_RNP_related_exploratory_AUC_norm_firstActive_primary_all_replicate","cor_CA1_slm_Neuropil_chromatin_RNP_related_exploratory_AUC_norm_firstActive_primary_all_replicate","",259,13212,"b3b73d7451b53152747caed5e5450f73df07dcdfca266b0f237fd1940fdb423b","analysis/wgcna/score_module_activity.R","score_module_activity.R:4088","results/figures/06_modules_WGCNA/module_score/neuron_neuropil/overlap/behavior_correlations","svg"
"results/figures/06_modules_WGCNA/module_score/neuron_neuropil/overlap/behavior_correlations/cor_CA1_so_Neuropil_chromatin_RNP_related_exploratory_AUC_norm_firstActive_primary_all_replicates","cor_CA1_so_Neuropil_chromatin_RNP_related_exploratory_AUC_norm_firstActive_primary_all_replicates","",259,12715,"40f322ee32c357358e694ae810e2843fa355d0f0399398473cd5718483039231","analysis/wgcna/score_module_activity.R","score_module_activity.R:4088","results/figures/06_modules_WGCNA/module_score/neuron_neuropil/overlap/behavior_correlations","svg"
"results/figures/06_modules_WGCNA/module_score/neuron_neuropil/overlap/behavior_correlations/cor_CA1_sr_Neuropil_chromatin_RNP_related_exploratory_AUC_norm_firstActive_primary_all_replicates","cor_CA1_sr_Neuropil_chromatin_RNP_related_exploratory_AUC_norm_firstActive_primary_all_replicates","",259,12944,"36b3358a2bc61eec92735f91eda8ef1ee59991a4ef653ef321668b2d07e0b8a7","analysis/wgcna/score_module_activity.R","score_module_activity.R:4088","results/figures/06_modules_WGCNA/module_score/neuron_neuropil/overlap/behavior_correlations","svg"
"results/figures/06_modules_WGCNA/module_score/neuron_neuropil/overlap/behavior_correlations/cor_CA2_slm_Neuropil_chromatin_RNP_related_exploratory_AUC_norm_firstActive_primary_all_replicate","cor_CA2_slm_Neuropil_chromatin_RNP_related_exploratory_AUC_norm_firstActive_primary_all_replicate","",259,12692,"9ee9528fa78b1ec930cee7fce0c315e83ed73886deb50c1306e1b6f1188c3e10","analysis/wgcna/score_module_activity.R","score_module_activity.R:4088","results/figures/06_modules_WGCNA/module_score/neuron_neuropil/overlap/behavior_correlations","svg"
"results/figures/06_modules_WGCNA/module_score/neuron_neuropil/overlap/behavior_correlations/cor_CA2_so_Neuropil_chromatin_RNP_related_exploratory_AUC_norm_firstActive_primary_all_replicates","cor_CA2_so_Neuropil_chromatin_RNP_related_exploratory_AUC_norm_firstActive_primary_all_replicates","",259,13312,"ae5035f0e51031bdf476a170dde9dc64b3f35e106efb25602f017630eae6d676","analysis/wgcna/score_module_activity.R","score_module_activity.R:4088","results/figures/06_modules_WGCNA/module_score/neuron_neuropil/overlap/behavior_correlations","svg"
"results/figures/06_modules_WGCNA/module_score/neuron_neuropil/overlap/behavior_correlations/cor_CA2_sr_Neuropil_chromatin_RNP_related_exploratory_AUC_norm_firstActive_primary_all_replicates","cor_CA2_sr_Neuropil_chromatin_RNP_related_exploratory_AUC_norm_firstActive_primary_all_replicates","",259,12941,"f15c46c810b6cc1a9954938701774f53dd327c82fe521414b0b84792f46dc1bf","analysis/wgcna/score_module_activity.R","score_module_activity.R:4088","results/figures/06_modules_WGCNA/module_score/neuron_neuropil/overlap/behavior_correlations","svg"
"results/figures/06_modules_WGCNA/module_score/neuron_neuropil/overlap/behavior_correlations/cor_CA3_so_Neuropil_chromatin_RNP_related_exploratory_AUC_norm_firstActive_primary_all_replicates","cor_CA3_so_Neuropil_chromatin_RNP_related_exploratory_AUC_norm_firstActive_primary_all_replicates","",259,12433,"4f8468c115e7c966c577e9d8b3a54d3b7d56d5944d17cd83bcb036c5d4438c5a","analysis/wgcna/score_module_activity.R","score_module_activity.R:4088","results/figures/06_modules_WGCNA/module_score/neuron_neuropil/overlap/behavior_correlations","svg"
"results/figures/06_modules_WGCNA/module_score/neuron_neuropil/overlap/behavior_correlations/cor_CA3_sr_Neuropil_chromatin_RNP_related_exploratory_AUC_norm_firstActive_primary_all_replicates","cor_CA3_sr_Neuropil_chromatin_RNP_related_exploratory_AUC_norm_firstActive_primary_all_replicates","",259,13200,"9a6f8bb2488fcf553de8581f962e40445b08ee78399a37f803a67b9ecc43752f","analysis/wgcna/score_module_activity.R","score_module_activity.R:4088","results/figures/06_modules_WGCNA/module_score/neuron_neuropil/overlap/behavior_correlations","svg"
"results/figures/06_modules_WGCNA/module_score/neuron_neuropil/overlap/behavior_correlations/cor_DG_mo_Neuropil_chromatin_RNP_related_exploratory_AUC_norm_firstActive_primary_all_replicates","cor_DG_mo_Neuropil_chromatin_RNP_related_exploratory_AUC_norm_firstActive_primary_all_replicates","",258,13306,"d5cc5b3dab75787ae794022e85f98265f87e50ff2602f7bea8ee1786819993de","analysis/wgcna/score_module_activity.R","score_module_activity.R:4088","results/figures/06_modules_WGCNA/module_score/neuron_neuropil/overlap/behavior_correlations","svg"
"results/figures/06_modules_WGCNA/module_score/neuron_neuropil/overlap/behavior_correlations/cor_DG_po_Neuropil_chromatin_RNP_related_exploratory_AUC_norm_firstActive_primary_all_replicates","cor_DG_po_Neuropil_chromatin_RNP_related_exploratory_AUC_norm_firstActive_primary_all_replicates","",258,13289,"a1ecd21862eaa7ca922c407733ffb678697a8ad497646d2d8d35ac35f672af77","analysis/wgcna/score_module_activity.R","score_module_activity.R:4088","results/figures/06_modules_WGCNA/module_score/neuron_neuropil/overlap/behavior_correlations","svg"
"results/figures/06_modules_WGCNA/module_score/neuron_neuropil/overlap/module_group_scores/primary_all_replicates/module_score_CA1_slm_Neuropil_chromatin_RNP_related_exploratory_primary_all_","module_score_CA1_slm_Neuropil_chromatin_RNP_related_exploratory_primary_all_","",259,7969,"875da6cb93f80f84d3f394be60b1775a5ce2e72033f36f14b25bcccf091760a1","analysis/wgcna/score_module_activity.R","score_module_activity.R:3343/3357","results/figures/06_modules_WGCNA/module_score/neuron_neuropil/overlap/module_group_scores/primary_all_replicates","svg"
"results/figures/06_modules_WGCNA/module_score/neuron_neuropil/overlap/module_group_scores/primary_all_replicates/module_score_CA1_slm_Neuropil_endo_lysosomal_proteostasis_primary_all_replic","module_score_CA1_slm_Neuropil_endo_lysosomal_proteostasis_primary_all_replic","",259,7975,"11c35d2b127def8c55f916fac3bcd2b237c10238ff5f79867b0f4d18d8d7ff8e","analysis/wgcna/score_module_activity.R","score_module_activity.R:3343/3357","results/figures/06_modules_WGCNA/module_score/neuron_neuropil/overlap/module_group_scores/primary_all_replicates","svg"
"results/figures/06_modules_WGCNA/module_score/neuron_neuropil/overlap/module_group_scores/primary_all_replicates/module_score_CA1_slm_Neuropil_ribosome_translation_primary_all_replicates.sv","module_score_CA1_slm_Neuropil_ribosome_translation_primary_all_replicates.sv","sv",259,7664,"b14aecda804c46e98400f250622eac29ecb612013d7a597b549992fc05cdfe7c","analysis/wgcna/score_module_activity.R","score_module_activity.R:3343/3357","results/figures/06_modules_WGCNA/module_score/neuron_neuropil/overlap/module_group_scores/primary_all_replicates","svg"
"results/figures/06_modules_WGCNA/module_score/neuron_neuropil/overlap/module_group_scores/primary_all_replicates/module_score_CA1_slm_Neuropil_RNP_RNA_processing_full_primary_all_replicates","module_score_CA1_slm_Neuropil_RNP_RNA_processing_full_primary_all_replicates","",259,7960,"6d4150a2b34021c199d9338e48c42042b5674fee0c3088787c49f1e9657e8613","analysis/wgcna/score_module_activity.R","score_module_activity.R:3343/3357","results/figures/06_modules_WGCNA/module_score/neuron_neuropil/overlap/module_group_scores/primary_all_replicates","svg"
"results/figures/06_modules_WGCNA/module_score/neuron_neuropil/overlap/module_group_scores/primary_all_replicates/module_score_CA1_slm_Neuropil_RNP_RNA_processing_main_primary_all_replicates","module_score_CA1_slm_Neuropil_RNP_RNA_processing_main_primary_all_replicates","",259,7961,"385cc20e884a6746f179b1ea8c9d29cf109bf55b73bcc422284a423c4bd52816","analysis/wgcna/score_module_activity.R","score_module_activity.R:3343/3357","results/figures/06_modules_WGCNA/module_score/neuron_neuropil/overlap/module_group_scores/primary_all_replicates","svg"
"results/figures/06_modules_WGCNA/module_score/neuron_neuropil/overlap/module_group_scores/primary_all_replicates/module_score_CA1_slm_Neuropil_synaptic_cytoskeleton_primary_all_replicates.s","module_score_CA1_slm_Neuropil_synaptic_cytoskeleton_primary_all_replicates.s","s",259,7937,"18f30c4ce590c5bea1b6a217902d97af249e8ad510156e9bd65926f85b965d6d","analysis/wgcna/score_module_activity.R","score_module_activity.R:3343/3357","results/figures/06_modules_WGCNA/module_score/neuron_neuropil/overlap/module_group_scores/primary_all_replicates","svg"
"results/figures/06_modules_WGCNA/module_score/neuron_neuropil/overlap/module_group_scores/primary_all_replicates/module_score_CA1_so_Neuropil_chromatin_RNP_related_exploratory_primary_all_r","module_score_CA1_so_Neuropil_chromatin_RNP_related_exploratory_primary_all_r","",259,7678,"025b6884c70d851b14d41e6ad2d7ea5a3d24061055674f56239784301b23f805","analysis/wgcna/score_module_activity.R","score_module_activity.R:3343/3357","results/figures/06_modules_WGCNA/module_score/neuron_neuropil/overlap/module_group_scores/primary_all_replicates","svg"
"results/figures/06_modules_WGCNA/module_score/neuron_neuropil/overlap/module_group_scores/primary_all_replicates/module_score_CA1_so_Neuropil_endo_lysosomal_proteostasis_primary_all_replica","module_score_CA1_so_Neuropil_endo_lysosomal_proteostasis_primary_all_replica","",259,7397,"a574849120094a3c8ae343074b438412ee9ef0142f6d64218998afc71c085a7f","analysis/wgcna/score_module_activity.R","score_module_activity.R:3343/3357","results/figures/06_modules_WGCNA/module_score/neuron_neuropil/overlap/module_group_scores/primary_all_replicates","svg"
"results/figures/06_modules_WGCNA/module_score/neuron_neuropil/overlap/module_group_scores/primary_all_replicates/module_score_CA1_so_Neuropil_RNP_RNA_processing_full_primary_all_replicates","module_score_CA1_so_Neuropil_RNP_RNA_processing_full_primary_all_replicates","",258,8250,"85cbc815c7a6e1b199b2f8c485f7be2eeab3dd58b28b5469ca0bd82b878ec29e","analysis/wgcna/score_module_activity.R","score_module_activity.R:3343/3357","results/figures/06_modules_WGCNA/module_score/neuron_neuropil/overlap/module_group_scores/primary_all_replicates","svg"
"results/figures/06_modules_WGCNA/module_score/neuron_neuropil/overlap/module_group_scores/primary_all_replicates/module_score_CA1_so_Neuropil_RNP_RNA_processing_main_primary_all_replicates","module_score_CA1_so_Neuropil_RNP_RNA_processing_main_primary_all_replicates","",258,8251,"5e53f5e1c4237c6a8de210d0dbbe1c8167c651ab5f32438ef826fb3fd67426df","analysis/wgcna/score_module_activity.R","score_module_activity.R:3343/3357","results/figures/06_modules_WGCNA/module_score/neuron_neuropil/overlap/module_group_scores/primary_all_replicates","svg"
"results/figures/06_modules_WGCNA/module_score/neuron_neuropil/overlap/module_group_scores/primary_all_replicates/module_score_CA1_so_Neuropil_synaptic_cytoskeleton_primary_all_replicates.sv","module_score_CA1_so_Neuropil_synaptic_cytoskeleton_primary_all_replicates.sv","sv",259,8245,"4d5b4a2e06f80e4f154e7a1c76c2b1b6ee49923f64825eedee992e470e30974f","analysis/wgcna/score_module_activity.R","score_module_activity.R:3343/3357","results/figures/06_modules_WGCNA/module_score/neuron_neuropil/overlap/module_group_scores/primary_all_replicates","svg"
"results/figures/06_modules_WGCNA/module_score/neuron_neuropil/overlap/module_group_scores/primary_all_replicates/module_score_CA1_sr_Neuropil_chromatin_RNP_related_exploratory_primary_all_r","module_score_CA1_sr_Neuropil_chromatin_RNP_related_exploratory_primary_all_r","",259,8551,"c787a18a8207d230da433c912e19c9bebba3dcf3d6490208ac1c068fe1644778","analysis/wgcna/score_module_activity.R","score_module_activity.R:3343/3357","results/figures/06_modules_WGCNA/module_score/neuron_neuropil/overlap/module_group_scores/primary_all_replicates","svg"
"results/figures/06_modules_WGCNA/module_score/neuron_neuropil/overlap/module_group_scores/primary_all_replicates/module_score_CA1_sr_Neuropil_endo_lysosomal_proteostasis_primary_all_replica","module_score_CA1_sr_Neuropil_endo_lysosomal_proteostasis_primary_all_replica","",259,7975,"9b1e143ee2849dc3108f8ca639d0a02fb565fa78be78bb619ac104c45b4ee891","analysis/wgcna/score_module_activity.R","score_module_activity.R:3343/3357","results/figures/06_modules_WGCNA/module_score/neuron_neuropil/overlap/module_group_scores/primary_all_replicates","svg"
"results/figures/06_modules_WGCNA/module_score/neuron_neuropil/overlap/module_group_scores/primary_all_replicates/module_score_CA1_sr_Neuropil_RNP_RNA_processing_full_primary_all_replicates","module_score_CA1_sr_Neuropil_RNP_RNA_processing_full_primary_all_replicates","",258,7959,"46462fd574208cf82686fa8f9303d0ea5c9dcd6b2804c1ade783edda0504338c","analysis/wgcna/score_module_activity.R","score_module_activity.R:3343/3357","results/figures/06_modules_WGCNA/module_score/neuron_neuropil/overlap/module_group_scores/primary_all_replicates","svg"
"results/figures/06_modules_WGCNA/module_score/neuron_neuropil/overlap/module_group_scores/primary_all_replicates/module_score_CA1_sr_Neuropil_RNP_RNA_processing_main_primary_all_replicates","module_score_CA1_sr_Neuropil_RNP_RNA_processing_main_primary_all_replicates","",258,7960,"7181eef68757e075137bf36193980e5a462af3846e26bc6b6ce585913136c040","analysis/wgcna/score_module_activity.R","score_module_activity.R:3343/3357","results/figures/06_modules_WGCNA/module_score/neuron_neuropil/overlap/module_group_scores/primary_all_replicates","svg"
"results/figures/06_modules_WGCNA/module_score/neuron_neuropil/overlap/module_group_scores/primary_all_replicates/module_score_CA1_sr_Neuropil_synaptic_cytoskeleton_primary_all_replicates.sv","module_score_CA1_sr_Neuropil_synaptic_cytoskeleton_primary_all_replicates.sv","sv",259,7950,"c0ce76c503a9dc5915bd9e96309bf2c7d62dde3965be98479f2e1643b5acea55","analysis/wgcna/score_module_activity.R","score_module_activity.R:3343/3357","results/figures/06_modules_WGCNA/module_score/neuron_neuropil/overlap/module_group_scores/primary_all_replicates","svg"
"results/figures/06_modules_WGCNA/module_score/neuron_neuropil/overlap/module_group_scores/primary_all_replicates/module_score_CA2_slm_Neuropil_chromatin_RNP_related_exploratory_primary_all_","module_score_CA2_slm_Neuropil_chromatin_RNP_related_exploratory_primary_all_","",259,7970,"a6173e79253404b1571c4cb43eb007c7b3b525c2ff2ec63e178fdde68f258972","analysis/wgcna/score_module_activity.R","score_module_activity.R:3343/3357","results/figures/06_modules_WGCNA/module_score/neuron_neuropil/overlap/module_group_scores/primary_all_replicates","svg"
"results/figures/06_modules_WGCNA/module_score/neuron_neuropil/overlap/module_group_scores/primary_all_replicates/module_score_CA2_slm_Neuropil_endo_lysosomal_proteostasis_primary_all_replic","module_score_CA2_slm_Neuropil_endo_lysosomal_proteostasis_primary_all_replic","",259,8235,"1851bfae548d51f68ddd09a6a9a370943adb34abc820be6887f8b307a283b67e","analysis/wgcna/score_module_activity.R","score_module_activity.R:3343/3357","results/figures/06_modules_WGCNA/module_score/neuron_neuropil/overlap/module_group_scores/primary_all_replicates","svg"
"results/figures/06_modules_WGCNA/module_score/neuron_neuropil/overlap/module_group_scores/primary_all_replicates/module_score_CA2_slm_Neuropil_ribosome_translation_primary_all_replicates.sv","module_score_CA2_slm_Neuropil_ribosome_translation_primary_all_replicates.sv","sv",259,7656,"110eb42e9ac1836996222e9fbc293f84b63edb2646f77bd03583a231e133c324","analysis/wgcna/score_module_activity.R","score_module_activity.R:3343/3357","results/figures/06_modules_WGCNA/module_score/neuron_neuropil/overlap/module_group_scores/primary_all_replicates","svg"
"results/figures/06_modules_WGCNA/module_score/neuron_neuropil/overlap/module_group_scores/primary_all_replicates/module_score_CA2_slm_Neuropil_RNP_RNA_processing_full_primary_all_replicates","module_score_CA2_slm_Neuropil_RNP_RNA_processing_full_primary_all_replicates","",259,7659,"f6a48335ef03d77be62ad9265c071265f17c8046314931ecaad78b25f19b0d7e","analysis/wgcna/score_module_activity.R","score_module_activity.R:3343/3357","results/figures/06_modules_WGCNA/module_score/neuron_neuropil/overlap/module_group_scores/primary_all_replicates","svg"
"results/figures/06_modules_WGCNA/module_score/neuron_neuropil/overlap/module_group_scores/primary_all_replicates/module_score_CA2_slm_Neuropil_RNP_RNA_processing_main_primary_all_replicates","module_score_CA2_slm_Neuropil_RNP_RNA_processing_main_primary_all_replicates","",259,7660,"c79d2f4d020ce737028bd79b1c5025cd0c6c745c6147d12b38fd037727f62447","analysis/wgcna/score_module_activity.R","score_module_activity.R:3343/3357","results/figures/06_modules_WGCNA/module_score/neuron_neuropil/overlap/module_group_scores/primary_all_replicates","svg"
"results/figures/06_modules_WGCNA/module_score/neuron_neuropil/overlap/module_group_scores/primary_all_replicates/module_score_CA2_slm_Neuropil_synaptic_cytoskeleton_primary_all_replicates.s","module_score_CA2_slm_Neuropil_synaptic_cytoskeleton_primary_all_replicates.s","s",259,7940,"1f220756dc72393546502f9facb33f84e182976f953cb2da855c763b91920e49","analysis/wgcna/score_module_activity.R","score_module_activity.R:3343/3357","results/figures/06_modules_WGCNA/module_score/neuron_neuropil/overlap/module_group_scores/primary_all_replicates","svg"
"results/figures/06_modules_WGCNA/module_score/neuron_neuropil/overlap/module_group_scores/primary_all_replicates/module_score_CA2_so_Neuropil_chromatin_RNP_related_exploratory_primary_all_r","module_score_CA2_so_Neuropil_chromatin_RNP_related_exploratory_primary_all_r","",259,7968,"5363b0f83617d52835abc1a124e8ab72bdcf1a928972d1ec9ee89be91215a3af","analysis/wgcna/score_module_activity.R","score_module_activity.R:3343/3357","results/figures/06_modules_WGCNA/module_score/neuron_neuropil/overlap/module_group_scores/primary_all_replicates","svg"
"results/figures/06_modules_WGCNA/module_score/neuron_neuropil/overlap/module_group_scores/primary_all_replicates/module_score_CA2_so_Neuropil_endo_lysosomal_proteostasis_primary_all_replica","module_score_CA2_so_Neuropil_endo_lysosomal_proteostasis_primary_all_replica","",259,7959,"be7cab32b77788c02101c75d453c32decdcb4978d0ed488c571a6f01d7a8a879","analysis/wgcna/score_module_activity.R","score_module_activity.R:3343/3357","results/figures/06_modules_WGCNA/module_score/neuron_neuropil/overlap/module_group_scores/primary_all_replicates","svg"
"results/figures/06_modules_WGCNA/module_score/neuron_neuropil/overlap/module_group_scores/primary_all_replicates/module_score_CA2_so_Neuropil_RNP_RNA_processing_full_primary_all_replicates","module_score_CA2_so_Neuropil_RNP_RNA_processing_full_primary_all_replicates","",258,7946,"af66afb23111c9432d0416a39364013bff639fb64a312eb89c904f426f4b5fa7","analysis/wgcna/score_module_activity.R","score_module_activity.R:3343/3357","results/figures/06_modules_WGCNA/module_score/neuron_neuropil/overlap/module_group_scores/primary_all_replicates","svg"
"results/figures/06_modules_WGCNA/module_score/neuron_neuropil/overlap/module_group_scores/primary_all_replicates/module_score_CA2_so_Neuropil_RNP_RNA_processing_main_primary_all_replicates","module_score_CA2_so_Neuropil_RNP_RNA_processing_main_primary_all_replicates","",258,7947,"13b5cb8badde20a7734a4a38dac7425ff14d918e8069248550a1e4d33f32dc42","analysis/wgcna/score_module_activity.R","score_module_activity.R:3343/3357","results/figures/06_modules_WGCNA/module_score/neuron_neuropil/overlap/module_group_scores/primary_all_replicates","svg"
"results/figures/06_modules_WGCNA/module_score/neuron_neuropil/overlap/module_group_scores/primary_all_replicates/module_score_CA2_so_Neuropil_synaptic_cytoskeleton_primary_all_replicates.sv","module_score_CA2_so_Neuropil_synaptic_cytoskeleton_primary_all_replicates.sv","sv",259,7655,"32d4cd2b5096c771ae8d6cb7382f5381c51c645c7e8e0d24ab72c60d363885a5","analysis/wgcna/score_module_activity.R","score_module_activity.R:3343/3357","results/figures/06_modules_WGCNA/module_score/neuron_neuropil/overlap/module_group_scores/primary_all_replicates","svg"
"results/figures/06_modules_WGCNA/module_score/neuron_neuropil/overlap/module_group_scores/primary_all_replicates/module_score_CA2_sr_Neuropil_chromatin_RNP_related_exploratory_primary_all_r","module_score_CA2_sr_Neuropil_chromatin_RNP_related_exploratory_primary_all_r","",259,8259,"0d77739981a9e7715453566136a250d9a47215c06866d13567af46e8d4c9f169","analysis/wgcna/score_module_activity.R","score_module_activity.R:3343/3357","results/figures/06_modules_WGCNA/module_score/neuron_neuropil/overlap/module_group_scores/primary_all_replicates","svg"
"results/figures/06_modules_WGCNA/module_score/neuron_neuropil/overlap/module_group_scores/primary_all_replicates/module_score_CA2_sr_Neuropil_endo_lysosomal_proteostasis_primary_all_replica","module_score_CA2_sr_Neuropil_endo_lysosomal_proteostasis_primary_all_replica","",259,8251,"0e744de1a15be1e21bb500341fabdd585aa0c6da3ae0362557219f7ee3ba27a6","analysis/wgcna/score_module_activity.R","score_module_activity.R:3343/3357","results/figures/06_modules_WGCNA/module_score/neuron_neuropil/overlap/module_group_scores/primary_all_replicates","svg"
"results/figures/06_modules_WGCNA/module_score/neuron_neuropil/overlap/module_group_scores/primary_all_replicates/module_score_CA2_sr_Neuropil_RNP_RNA_processing_full_primary_all_replicates","module_score_CA2_sr_Neuropil_RNP_RNA_processing_full_primary_all_replicates","",258,7672,"4e0bded43df7973c67c584b2d04616f5343179ecffdfda32c3b5971b736ab3f9","analysis/wgcna/score_module_activity.R","score_module_activity.R:3343/3357","results/figures/06_modules_WGCNA/module_score/neuron_neuropil/overlap/module_group_scores/primary_all_replicates","svg"
"results/figures/06_modules_WGCNA/module_score/neuron_neuropil/overlap/module_group_scores/primary_all_replicates/module_score_CA2_sr_Neuropil_RNP_RNA_processing_main_primary_all_replicates","module_score_CA2_sr_Neuropil_RNP_RNA_processing_main_primary_all_replicates","",258,7948,"87abde9345add0bcb7957c3cb4dc27fb5809254818bfcadeda8f6158fe026c0e","analysis/wgcna/score_module_activity.R","score_module_activity.R:3343/3357","results/figures/06_modules_WGCNA/module_score/neuron_neuropil/overlap/module_group_scores/primary_all_replicates","svg"
"results/figures/06_modules_WGCNA/module_score/neuron_neuropil/overlap/module_group_scores/primary_all_replicates/module_score_CA2_sr_Neuropil_synaptic_cytoskeleton_primary_all_replicates.sv","module_score_CA2_sr_Neuropil_synaptic_cytoskeleton_primary_all_replicates.sv","sv",259,7656,"c6f90926c66cbcb64b5dcaa49ba9e4abcbfe27d38893411e6e465725cb8fff51","analysis/wgcna/score_module_activity.R","score_module_activity.R:3343/3357","results/figures/06_modules_WGCNA/module_score/neuron_neuropil/overlap/module_group_scores/primary_all_replicates","svg"
"results/figures/06_modules_WGCNA/module_score/neuron_neuropil/overlap/module_group_scores/primary_all_replicates/module_score_CA3_so_Neuropil_chromatin_RNP_related_exploratory_primary_all_r","module_score_CA3_so_Neuropil_chromatin_RNP_related_exploratory_primary_all_r","",259,8258,"495ff2aac76b79c491efe6092b33bd752222153b31b35db0e8395ccefd72c5b9","analysis/wgcna/score_module_activity.R","score_module_activity.R:3343/3357","results/figures/06_modules_WGCNA/module_score/neuron_neuropil/overlap/module_group_scores/primary_all_replicates","svg"
"results/figures/06_modules_WGCNA/module_score/neuron_neuropil/overlap/module_group_scores/primary_all_replicates/module_score_CA3_so_Neuropil_endo_lysosomal_proteostasis_primary_all_replica","module_score_CA3_so_Neuropil_endo_lysosomal_proteostasis_primary_all_replica","",259,7963,"0ceeaa716637a43c32ab7d125b4588692e23ba4086bfe676a0a190b614547ca5","analysis/wgcna/score_module_activity.R","score_module_activity.R:3343/3357","results/figures/06_modules_WGCNA/module_score/neuron_neuropil/overlap/module_group_scores/primary_all_replicates","svg"
"results/figures/06_modules_WGCNA/module_score/neuron_neuropil/overlap/module_group_scores/primary_all_replicates/module_score_CA3_so_Neuropil_RNP_RNA_processing_full_primary_all_replicates","module_score_CA3_so_Neuropil_RNP_RNA_processing_full_primary_all_replicates","",258,8249,"0e8c87ea43d4277c99596182e699a6d9ed75f40e733eaa048b3d4d0f0032b96a","analysis/wgcna/score_module_activity.R","score_module_activity.R:3343/3357","results/figures/06_modules_WGCNA/module_score/neuron_neuropil/overlap/module_group_scores/primary_all_replicates","svg"
"results/figures/06_modules_WGCNA/module_score/neuron_neuropil/overlap/module_group_scores/primary_all_replicates/module_score_CA3_so_Neuropil_RNP_RNA_processing_main_primary_all_replicates","module_score_CA3_so_Neuropil_RNP_RNA_processing_main_primary_all_replicates","",258,8250,"a1cb8578928f655f6fa2f34854845a41d61efd5f73fa5344b5a1bcca7d71e949","analysis/wgcna/score_module_activity.R","score_module_activity.R:3343/3357","results/figures/06_modules_WGCNA/module_score/neuron_neuropil/overlap/module_group_scores/primary_all_replicates","svg"
"results/figures/06_modules_WGCNA/module_score/neuron_neuropil/overlap/module_group_scores/primary_all_replicates/module_score_CA3_so_Neuropil_synaptic_cytoskeleton_primary_all_replicates.sv","module_score_CA3_so_Neuropil_synaptic_cytoskeleton_primary_all_replicates.sv","sv",259,8240,"e5d75e5c4a57c353e04129b035e1745d658d0b2b16a3a11215c7ee2c07dc26fe","analysis/wgcna/score_module_activity.R","score_module_activity.R:3343/3357","results/figures/06_modules_WGCNA/module_score/neuron_neuropil/overlap/module_group_scores/primary_all_replicates","svg"
"results/figures/06_modules_WGCNA/module_score/neuron_neuropil/overlap/module_group_scores/primary_all_replicates/module_score_CA3_sr_Neuropil_chromatin_RNP_related_exploratory_primary_all_r","module_score_CA3_sr_Neuropil_chromatin_RNP_related_exploratory_primary_all_r","",259,7968,"d370b9ebc08f62dca26f587a875cf09ecc4def1edda04df5dd3533da47395b39","analysis/wgcna/score_module_activity.R","score_module_activity.R:3343/3357","results/figures/06_modules_WGCNA/module_score/neuron_neuropil/overlap/module_group_scores/primary_all_replicates","svg"
"results/figures/06_modules_WGCNA/module_score/neuron_neuropil/overlap/module_group_scores/primary_all_replicates/module_score_CA3_sr_Neuropil_endo_lysosomal_proteostasis_primary_all_replica","module_score_CA3_sr_Neuropil_endo_lysosomal_proteostasis_primary_all_replica","",259,8268,"19762ff0e582f7bd185d62946c5431f4a0a60b4393af838abb086d337e6675e4","analysis/wgcna/score_module_activity.R","score_module_activity.R:3343/3357","results/figures/06_modules_WGCNA/module_score/neuron_neuropil/overlap/module_group_scores/primary_all_replicates","svg"
"results/figures/06_modules_WGCNA/module_score/neuron_neuropil/overlap/module_group_scores/primary_all_replicates/module_score_CA3_sr_Neuropil_RNP_RNA_processing_full_primary_all_replicates","module_score_CA3_sr_Neuropil_RNP_RNA_processing_full_primary_all_replicates","",258,7958,"8df1b082d593b7ec398411f4945ae35dd7693fa71173e82021738051d3f5fc6d","analysis/wgcna/score_module_activity.R","score_module_activity.R:3343/3357","results/figures/06_modules_WGCNA/module_score/neuron_neuropil/overlap/module_group_scores/primary_all_replicates","svg"
"results/figures/06_modules_WGCNA/module_score/neuron_neuropil/overlap/module_group_scores/primary_all_replicates/module_score_CA3_sr_Neuropil_RNP_RNA_processing_main_primary_all_replicates","module_score_CA3_sr_Neuropil_RNP_RNA_processing_main_primary_all_replicates","",258,7959,"d1d63130260e0a1fcd1457c99f05ed1792218836a043d56306e9091d1de193d0","analysis/wgcna/score_module_activity.R","score_module_activity.R:3343/3357","results/figures/06_modules_WGCNA/module_score/neuron_neuropil/overlap/module_group_scores/primary_all_replicates","svg"
"results/figures/06_modules_WGCNA/module_score/neuron_neuropil/overlap/module_group_scores/primary_all_replicates/module_score_CA3_sr_Neuropil_synaptic_cytoskeleton_primary_all_replicates.sv","module_score_CA3_sr_Neuropil_synaptic_cytoskeleton_primary_all_replicates.sv","sv",259,8255,"384895e08b03af1a48c6a466b1315ff180488f786aca9eca7acb8d9483ce98a0","analysis/wgcna/score_module_activity.R","score_module_activity.R:3343/3357","results/figures/06_modules_WGCNA/module_score/neuron_neuropil/overlap/module_group_scores/primary_all_replicates","svg"
"results/figures/06_modules_WGCNA/module_score/neuron_neuropil/overlap/module_group_scores/primary_all_replicates/module_score_DG_mo_Neuropil_chromatin_RNP_related_exploratory_primary_all_re","module_score_DG_mo_Neuropil_chromatin_RNP_related_exploratory_primary_all_re","",259,7676,"c9bf7b8ccee95fd8e4c3750ed982780727f54460bc3ed5a405a614c6bda66d17","analysis/wgcna/score_module_activity.R","score_module_activity.R:3343/3357","results/figures/06_modules_WGCNA/module_score/neuron_neuropil/overlap/module_group_scores/primary_all_replicates","svg"
"results/figures/06_modules_WGCNA/module_score/neuron_neuropil/overlap/module_group_scores/primary_all_replicates/module_score_DG_mo_Neuropil_endo_lysosomal_proteostasis_primary_all_replicat","module_score_DG_mo_Neuropil_endo_lysosomal_proteostasis_primary_all_replicat","",259,8543,"8ef079cd0239a6ac301bb9c603610cfba9db58304066e5f34581457690ca74e0","analysis/wgcna/score_module_activity.R","score_module_activity.R:3343/3357","results/figures/06_modules_WGCNA/module_score/neuron_neuropil/overlap/module_group_scores/primary_all_replicates","svg"
"results/figures/06_modules_WGCNA/module_score/neuron_neuropil/overlap/module_group_scores/primary_all_replicates/module_score_DG_mo_Neuropil_RNP_RNA_processing_full_primary_all_replicates.s","module_score_DG_mo_Neuropil_RNP_RNA_processing_full_primary_all_replicates.s","s",259,7391,"da589df7d015e02480e7f33cb7558af4f520a6b9d457bf3505f590da465f4394","analysis/wgcna/score_module_activity.R","score_module_activity.R:3343/3357","results/figures/06_modules_WGCNA/module_score/neuron_neuropil/overlap/module_group_scores/primary_all_replicates","svg"
"results/figures/06_modules_WGCNA/module_score/neuron_neuropil/overlap/module_group_scores/primary_all_replicates/module_score_DG_mo_Neuropil_RNP_RNA_processing_main_primary_all_replicates.s","module_score_DG_mo_Neuropil_RNP_RNA_processing_main_primary_all_replicates.s","s",259,7392,"c9d94c31e98ec555a18a3d3aeef5efcae8e51b81437b230c03e2433513252b8d","analysis/wgcna/score_module_activity.R","score_module_activity.R:3343/3357","results/figures/06_modules_WGCNA/module_score/neuron_neuropil/overlap/module_group_scores/primary_all_replicates","svg"
"results/figures/06_modules_WGCNA/module_score/neuron_neuropil/overlap/module_group_scores/primary_all_replicates/module_score_DG_po_Neuropil_chromatin_RNP_related_exploratory_primary_all_re","module_score_DG_po_Neuropil_chromatin_RNP_related_exploratory_primary_all_re","",259,7969,"cc6d5297466dce2080c72d87197f05ee8d0591a227c7562f64ea34e34f462a38","analysis/wgcna/score_module_activity.R","score_module_activity.R:3343/3357","results/figures/06_modules_WGCNA/module_score/neuron_neuropil/overlap/module_group_scores/primary_all_replicates","svg"
"results/figures/06_modules_WGCNA/module_score/neuron_neuropil/overlap/module_group_scores/primary_all_replicates/module_score_DG_po_Neuropil_endo_lysosomal_proteostasis_primary_all_replicat","module_score_DG_po_Neuropil_endo_lysosomal_proteostasis_primary_all_replicat","",259,7957,"7ea036ea5f3b61e11297945c79de244fc354887c37662723e15a281426448b53","analysis/wgcna/score_module_activity.R","score_module_activity.R:3343/3357","results/figures/06_modules_WGCNA/module_score/neuron_neuropil/overlap/module_group_scores/primary_all_replicates","svg"
"results/figures/06_modules_WGCNA/module_score/neuron_neuropil/overlap/module_group_scores/primary_all_replicates/module_score_DG_po_Neuropil_RNP_RNA_processing_full_primary_all_replicates.s","module_score_DG_po_Neuropil_RNP_RNA_processing_full_primary_all_replicates.s","s",259,7957,"206d4a008c9bb06629aa4f17ad00e91535f185bb660751d820b8ad8bea2ef150","analysis/wgcna/score_module_activity.R","score_module_activity.R:3343/3357","results/figures/06_modules_WGCNA/module_score/neuron_neuropil/overlap/module_group_scores/primary_all_replicates","svg"
"results/figures/06_modules_WGCNA/module_score/neuron_neuropil/overlap/module_group_scores/primary_all_replicates/module_score_DG_po_Neuropil_RNP_RNA_processing_main_primary_all_replicates.s","module_score_DG_po_Neuropil_RNP_RNA_processing_main_primary_all_replicates.s","s",259,7958,"128df336b91c58dff232ec0522d3f58cbfd5817a43852f2c9ac7796703a39ae6","analysis/wgcna/score_module_activity.R","score_module_activity.R:3343/3357","results/figures/06_modules_WGCNA/module_score/neuron_neuropil/overlap/module_group_scores/primary_all_replicates","svg"
"results/figures/06_modules_WGCNA/module_score/neuron_neuropil/overlap/module_group_scores/sensitivity_flagged_replicates_removed/module_score_CA1_slm_Neuropil_chromatin_RNP_related_explorat","module_score_CA1_slm_Neuropil_chromatin_RNP_related_explorat","",259,7969,"fc07e4ca6c27a8bb7a170402ec3813abaec863006916245da2099bfbfd364c6c","analysis/wgcna/score_module_activity.R","score_module_activity.R:3343/3357","results/figures/06_modules_WGCNA/module_score/neuron_neuropil/overlap/module_group_scores/sensitivity_flagged_replicates_removed","svg"
"results/figures/06_modules_WGCNA/module_score/neuron_neuropil/overlap/module_group_scores/sensitivity_flagged_replicates_removed/module_score_CA1_slm_Neuropil_endo_lysosomal_proteostasis_se","module_score_CA1_slm_Neuropil_endo_lysosomal_proteostasis_se","",259,7853,"cb4a0398cd78675eb3f8ca98afd73a4b8f3dcc686b44c4725843be30865bebbd","analysis/wgcna/score_module_activity.R","score_module_activity.R:3343/3357","results/figures/06_modules_WGCNA/module_score/neuron_neuropil/overlap/module_group_scores/sensitivity_flagged_replicates_removed","svg"
"results/figures/06_modules_WGCNA/module_score/neuron_neuropil/overlap/module_group_scores/sensitivity_flagged_replicates_removed/module_score_CA1_slm_Neuropil_mito_bioenergetics_sensitivity","module_score_CA1_slm_Neuropil_mito_bioenergetics_sensitivity","",259,7964,"91f4f1b1e29d22ff004685a84fb5137a38c0c6b879d3b42a0380275711311f83","analysis/wgcna/score_module_activity.R","score_module_activity.R:3343/3357","results/figures/06_modules_WGCNA/module_score/neuron_neuropil/overlap/module_group_scores/sensitivity_flagged_replicates_removed","svg"
"results/figures/06_modules_WGCNA/module_score/neuron_neuropil/overlap/module_group_scores/sensitivity_flagged_replicates_removed/module_score_CA1_slm_Neuropil_ribosome_translation_sensitivi","module_score_CA1_slm_Neuropil_ribosome_translation_sensitivi","",259,7664,"909290ea26ddfde9648f1ec87e3b8ba2b4642fb86c7624acc65adab2e865c9b0","analysis/wgcna/score_module_activity.R","score_module_activity.R:3343/3357","results/figures/06_modules_WGCNA/module_score/neuron_neuropil/overlap/module_group_scores/sensitivity_flagged_replicates_removed","svg"
"results/figures/06_modules_WGCNA/module_score/neuron_neuropil/overlap/module_group_scores/sensitivity_flagged_replicates_removed/module_score_CA1_slm_Neuropil_RNP_RNA_processing_full_sensit","module_score_CA1_slm_Neuropil_RNP_RNA_processing_full_sensit","",259,7839,"358d98221e6bf08e7aff11124ccffb6548911e64c5ad67a744cdc514aef39d41","analysis/wgcna/score_module_activity.R","score_module_activity.R:3343/3357","results/figures/06_modules_WGCNA/module_score/neuron_neuropil/overlap/module_group_scores/sensitivity_flagged_replicates_removed","svg"
"results/figures/06_modules_WGCNA/module_score/neuron_neuropil/overlap/module_group_scores/sensitivity_flagged_replicates_removed/module_score_CA1_slm_Neuropil_RNP_RNA_processing_main_sensit","module_score_CA1_slm_Neuropil_RNP_RNA_processing_main_sensit","",259,7840,"224fd99eb36cdfdf25eeeb93da37e37cb4ec9c6501da9911b3bccf785d8117fb","analysis/wgcna/score_module_activity.R","score_module_activity.R:3343/3357","results/figures/06_modules_WGCNA/module_score/neuron_neuropil/overlap/module_group_scores/sensitivity_flagged_replicates_removed","svg"
"results/figures/06_modules_WGCNA/module_score/neuron_neuropil/overlap/module_group_scores/sensitivity_flagged_replicates_removed/module_score_CA1_slm_Neuropil_synaptic_cytoskeleton_sensitiv","module_score_CA1_slm_Neuropil_synaptic_cytoskeleton_sensitiv","",259,7937,"88d5a480671bffd90132515ff0480efb7610523050ed11949d7f77cb713b0c3e","analysis/wgcna/score_module_activity.R","score_module_activity.R:3343/3357","results/figures/06_modules_WGCNA/module_score/neuron_neuropil/overlap/module_group_scores/sensitivity_flagged_replicates_removed","svg"
"results/figures/06_modules_WGCNA/module_score/neuron_neuropil/overlap/module_group_scores/sensitivity_flagged_replicates_removed/module_score_CA1_so_Neuropil_chromatin_RNP_related_explorato","module_score_CA1_so_Neuropil_chromatin_RNP_related_explorato","",259,7435,"3ea0e112f99e49c0d5553c5655826844f5f1ca99266d3c316ad96c439454e96b","analysis/wgcna/score_module_activity.R","score_module_activity.R:3343/3357","results/figures/06_modules_WGCNA/module_score/neuron_neuropil/overlap/module_group_scores/sensitivity_flagged_replicates_removed","svg"
"results/figures/06_modules_WGCNA/module_score/neuron_neuropil/overlap/module_group_scores/sensitivity_flagged_replicates_removed/module_score_CA1_so_Neuropil_endo_lysosomal_proteostasis_sen","module_score_CA1_so_Neuropil_endo_lysosomal_proteostasis_sen","",259,7397,"d498cf66277d737a26859697e492e885a2de33786385015d5443a7c2822d47b8","analysis/wgcna/score_module_activity.R","score_module_activity.R:3343/3357","results/figures/06_modules_WGCNA/module_score/neuron_neuropil/overlap/module_group_scores/sensitivity_flagged_replicates_removed","svg"
"results/figures/06_modules_WGCNA/module_score/neuron_neuropil/overlap/module_group_scores/sensitivity_flagged_replicates_removed/module_score_CA1_so_Neuropil_mito_bioenergetics_sensitivity_","module_score_CA1_so_Neuropil_mito_bioenergetics_sensitivity_","",259,7539,"cacd5ca885464eb68177d09218cafdacbc7f6a411ef68b0df388aaf1c81903d3","analysis/wgcna/score_module_activity.R","score_module_activity.R:3343/3357","results/figures/06_modules_WGCNA/module_score/neuron_neuropil/overlap/module_group_scores/sensitivity_flagged_replicates_removed","svg"
"results/figures/06_modules_WGCNA/module_score/neuron_neuropil/overlap/module_group_scores/sensitivity_flagged_replicates_removed/module_score_CA1_so_Neuropil_ribosome_translation_sensitivit","module_score_CA1_so_Neuropil_ribosome_translation_sensitivit","",259,7711,"dd9f1e182e6c3ac8e7e9d4e11fb9776a210a2f1da26044750b1bdddb2c50449d","analysis/wgcna/score_module_activity.R","score_module_activity.R:3343/3357","results/figures/06_modules_WGCNA/module_score/neuron_neuropil/overlap/module_group_scores/sensitivity_flagged_replicates_removed","svg"
"results/figures/06_modules_WGCNA/module_score/neuron_neuropil/overlap/module_group_scores/sensitivity_flagged_replicates_removed/module_score_CA1_so_Neuropil_RNP_RNA_processing_full_sensiti","module_score_CA1_so_Neuropil_RNP_RNA_processing_full_sensiti","",259,7717,"3a8f4bcd2be8ae8dd830b1dc93cd2c43dcfbd4b9b59fb7e5215c92d3614bf5bc","analysis/wgcna/score_module_activity.R","score_module_activity.R:3343/3357","results/figures/06_modules_WGCNA/module_score/neuron_neuropil/overlap/module_group_scores/sensitivity_flagged_replicates_removed","svg"
"results/figures/06_modules_WGCNA/module_score/neuron_neuropil/overlap/module_group_scores/sensitivity_flagged_replicates_removed/module_score_CA1_so_Neuropil_RNP_RNA_processing_main_sensiti","module_score_CA1_so_Neuropil_RNP_RNA_processing_main_sensiti","",259,7592,"a576a2d9f6394bc3b8277a87bb7f2c80973561b92a529efd6a3a77aded3402c3","analysis/wgcna/score_module_activity.R","score_module_activity.R:3343/3357","results/figures/06_modules_WGCNA/module_score/neuron_neuropil/overlap/module_group_scores/sensitivity_flagged_replicates_removed","svg"
"results/figures/06_modules_WGCNA/module_score/neuron_neuropil/overlap/module_group_scores/sensitivity_flagged_replicates_removed/module_score_CA1_so_Neuropil_synaptic_cytoskeleton_sensitivi","module_score_CA1_so_Neuropil_synaptic_cytoskeleton_sensitivi","",259,7835,"9107c92055d438ef96f1967a9dc340b23d18e459a9d95b8971556af563f2a3ae","analysis/wgcna/score_module_activity.R","score_module_activity.R:3343/3357","results/figures/06_modules_WGCNA/module_score/neuron_neuropil/overlap/module_group_scores/sensitivity_flagged_replicates_removed","svg"
"results/figures/06_modules_WGCNA/module_score/neuron_neuropil/overlap/module_group_scores/sensitivity_flagged_replicates_removed/module_score_CA1_sr_Neuropil_chromatin_RNP_related_explorato","module_score_CA1_sr_Neuropil_chromatin_RNP_related_explorato","",259,8217,"10f697dba68f7140a9997f8204038893c9b9a230126f922f80fe8857100f2b39","analysis/wgcna/score_module_activity.R","score_module_activity.R:3343/3357","results/figures/06_modules_WGCNA/module_score/neuron_neuropil/overlap/module_group_scores/sensitivity_flagged_replicates_removed","svg"
"results/figures/06_modules_WGCNA/module_score/neuron_neuropil/overlap/module_group_scores/sensitivity_flagged_replicates_removed/module_score_CA1_sr_Neuropil_endo_lysosomal_proteostasis_sen","module_score_CA1_sr_Neuropil_endo_lysosomal_proteostasis_sen","",259,7975,"63205219d728edd662429cf5b7bd74276bfcbed066d688c9768d5f11762b4d86","analysis/wgcna/score_module_activity.R","score_module_activity.R:3343/3357","results/figures/06_modules_WGCNA/module_score/neuron_neuropil/overlap/module_group_scores/sensitivity_flagged_replicates_removed","svg"
"results/figures/06_modules_WGCNA/module_score/neuron_neuropil/overlap/module_group_scores/sensitivity_flagged_replicates_removed/module_score_CA1_sr_Neuropil_mito_bioenergetics_sensitivity_","module_score_CA1_sr_Neuropil_mito_bioenergetics_sensitivity_","",259,7952,"0fdd5e9014ed02a89372f19844136e6e5dbf42daf22eb182bcd3e7c5fa0d8102","analysis/wgcna/score_module_activity.R","score_module_activity.R:3343/3357","results/figures/06_modules_WGCNA/module_score/neuron_neuropil/overlap/module_group_scores/sensitivity_flagged_replicates_removed","svg"
"results/figures/06_modules_WGCNA/module_score/neuron_neuropil/overlap/module_group_scores/sensitivity_flagged_replicates_removed/module_score_CA1_sr_Neuropil_ribosome_translation_sensitivit","module_score_CA1_sr_Neuropil_ribosome_translation_sensitivit","",259,8126,"90edd4a71fac2e3344342531be92daf0ab8d4f494d9066dad00de8a97bd2aeae","analysis/wgcna/score_module_activity.R","score_module_activity.R:3343/3357","results/figures/06_modules_WGCNA/module_score/neuron_neuropil/overlap/module_group_scores/sensitivity_flagged_replicates_removed","svg"
"results/figures/06_modules_WGCNA/module_score/neuron_neuropil/overlap/module_group_scores/sensitivity_flagged_replicates_removed/module_score_CA1_sr_Neuropil_RNP_RNA_processing_full_sensiti","module_score_CA1_sr_Neuropil_RNP_RNA_processing_full_sensiti","",259,7595,"a904bb74aeb96594576f21ef827181088a4313d19416f04cc6f290ef08413a99","analysis/wgcna/score_module_activity.R","score_module_activity.R:3343/3357","results/figures/06_modules_WGCNA/module_score/neuron_neuropil/overlap/module_group_scores/sensitivity_flagged_replicates_removed","svg"
"results/figures/06_modules_WGCNA/module_score/neuron_neuropil/overlap/module_group_scores/sensitivity_flagged_replicates_removed/module_score_CA1_sr_Neuropil_RNP_RNA_processing_main_sensiti","module_score_CA1_sr_Neuropil_RNP_RNA_processing_main_sensiti","",259,7596,"591a312c7b10d66070ed2d05bc4b9371dcb5b6263dc897c21cb0610ad8a348af","analysis/wgcna/score_module_activity.R","score_module_activity.R:3343/3357","results/figures/06_modules_WGCNA/module_score/neuron_neuropil/overlap/module_group_scores/sensitivity_flagged_replicates_removed","svg"
"results/figures/06_modules_WGCNA/module_score/neuron_neuropil/overlap/module_group_scores/sensitivity_flagged_replicates_removed/module_score_CA1_sr_Neuropil_synaptic_cytoskeleton_sensitivi","module_score_CA1_sr_Neuropil_synaptic_cytoskeleton_sensitivi","",259,7950,"05141578d3409ed1564a747489240e13b2955d3f5d460ab7a682e1aca4c4f7d6","analysis/wgcna/score_module_activity.R","score_module_activity.R:3343/3357","results/figures/06_modules_WGCNA/module_score/neuron_neuropil/overlap/module_group_scores/sensitivity_flagged_replicates_removed","svg"
"results/figures/06_modules_WGCNA/module_score/neuron_neuropil/overlap/module_group_scores/sensitivity_flagged_replicates_removed/module_score_CA2_slm_Neuropil_chromatin_RNP_related_explorat","module_score_CA2_slm_Neuropil_chromatin_RNP_related_explorat","",259,7848,"e6b44b9cd61e84927b2f37c98a1ba74c45024adb3b9d085bd8d020d5d7326bfe","analysis/wgcna/score_module_activity.R","score_module_activity.R:3343/3357","results/figures/06_modules_WGCNA/module_score/neuron_neuropil/overlap/module_group_scores/sensitivity_flagged_replicates_removed","svg"
"results/figures/06_modules_WGCNA/module_score/neuron_neuropil/overlap/module_group_scores/sensitivity_flagged_replicates_removed/module_score_CA2_slm_Neuropil_endo_lysosomal_proteostasis_se","module_score_CA2_slm_Neuropil_endo_lysosomal_proteostasis_se","",259,7427,"948333602036816c4c477df4e2311f02f9577180903f4bc9df984c011ca23e29","analysis/wgcna/score_module_activity.R","score_module_activity.R:3343/3357","results/figures/06_modules_WGCNA/module_score/neuron_neuropil/overlap/module_group_scores/sensitivity_flagged_replicates_removed","svg"
"results/figures/06_modules_WGCNA/module_score/neuron_neuropil/overlap/module_group_scores/sensitivity_flagged_replicates_removed/module_score_CA2_slm_Neuropil_mito_bioenergetics_sensitivity","module_score_CA2_slm_Neuropil_mito_bioenergetics_sensitivity","",259,7303,"909f22a4e60ce88c5fde1c34342c5ed2996ba6990d56f04a476d26ae40bea83b","analysis/wgcna/score_module_activity.R","score_module_activity.R:3343/3357","results/figures/06_modules_WGCNA/module_score/neuron_neuropil/overlap/module_group_scores/sensitivity_flagged_replicates_removed","svg"
"results/figures/06_modules_WGCNA/module_score/neuron_neuropil/overlap/module_group_scores/sensitivity_flagged_replicates_removed/module_score_CA2_slm_Neuropil_ribosome_translation_sensitivi","module_score_CA2_slm_Neuropil_ribosome_translation_sensitivi","",259,7828,"8a4993c16f3709c7dbaa714e77dcef4abe20920cb2bcaa9e7cc684f7565c4a70","analysis/wgcna/score_module_activity.R","score_module_activity.R:3343/3357","results/figures/06_modules_WGCNA/module_score/neuron_neuropil/overlap/module_group_scores/sensitivity_flagged_replicates_removed","svg"
"results/figures/06_modules_WGCNA/module_score/neuron_neuropil/overlap/module_group_scores/sensitivity_flagged_replicates_removed/module_score_CA2_slm_Neuropil_RNP_RNA_processing_full_sensit","module_score_CA2_slm_Neuropil_RNP_RNA_processing_full_sensit","",259,7833,"f80ae859b98e187165ded0a90bd2f3d0084f497c791ed2d0c1b7ef258186ad65","analysis/wgcna/score_module_activity.R","score_module_activity.R:3343/3357","results/figures/06_modules_WGCNA/module_score/neuron_neuropil/overlap/module_group_scores/sensitivity_flagged_replicates_removed","svg"
"results/figures/06_modules_WGCNA/module_score/neuron_neuropil/overlap/module_group_scores/sensitivity_flagged_replicates_removed/module_score_CA2_slm_Neuropil_RNP_RNA_processing_main_sensit","module_score_CA2_slm_Neuropil_RNP_RNA_processing_main_sensit","",259,8023,"83767b6f2744b18f350e7a96907f4af7129d99e1acff8c7b808e5261963e8052","analysis/wgcna/score_module_activity.R","score_module_activity.R:3343/3357","results/figures/06_modules_WGCNA/module_score/neuron_neuropil/overlap/module_group_scores/sensitivity_flagged_replicates_removed","svg"
"results/figures/06_modules_WGCNA/module_score/neuron_neuropil/overlap/module_group_scores/sensitivity_flagged_replicates_removed/module_score_CA2_slm_Neuropil_synaptic_cytoskeleton_sensitiv","module_score_CA2_slm_Neuropil_synaptic_cytoskeleton_sensitiv","",259,7529,"0ae2a33affea50ccc4be69be8b7e84d682992ac90f98da73fe79ca5a7f60e531","analysis/wgcna/score_module_activity.R","score_module_activity.R:3343/3357","results/figures/06_modules_WGCNA/module_score/neuron_neuropil/overlap/module_group_scores/sensitivity_flagged_replicates_removed","svg"
"results/figures/06_modules_WGCNA/module_score/neuron_neuropil/overlap/module_group_scores/sensitivity_flagged_replicates_removed/module_score_CA2_so_Neuropil_chromatin_RNP_related_explorato","module_score_CA2_so_Neuropil_chromatin_RNP_related_explorato","",259,7968,"b1c0909065424175f583712a9db437b89b24fdb7f9da7db86358533f340f0e58","analysis/wgcna/score_module_activity.R","score_module_activity.R:3343/3357","results/figures/06_modules_WGCNA/module_score/neuron_neuropil/overlap/module_group_scores/sensitivity_flagged_replicates_removed","svg"
"results/figures/06_modules_WGCNA/module_score/neuron_neuropil/overlap/module_group_scores/sensitivity_flagged_replicates_removed/module_score_CA2_so_Neuropil_endo_lysosomal_proteostasis_sen","module_score_CA2_so_Neuropil_endo_lysosomal_proteostasis_sen","",259,7856,"2ba971f4277126e1b6f1dae1c3cd66cf97df3bc8728c330d958431b52ebe3e58","analysis/wgcna/score_module_activity.R","score_module_activity.R:3343/3357","results/figures/06_modules_WGCNA/module_score/neuron_neuropil/overlap/module_group_scores/sensitivity_flagged_replicates_removed","svg"
"results/figures/06_modules_WGCNA/module_score/neuron_neuropil/overlap/module_group_scores/sensitivity_flagged_replicates_removed/module_score_CA2_so_Neuropil_mito_bioenergetics_sensitivity_","module_score_CA2_so_Neuropil_mito_bioenergetics_sensitivity_","",259,7703,"a6df03480043791baa9a8830ccbc852d41ba40cf05bcc72d35689f76fc624bac","analysis/wgcna/score_module_activity.R","score_module_activity.R:3343/3357","results/figures/06_modules_WGCNA/module_score/neuron_neuropil/overlap/module_group_scores/sensitivity_flagged_replicates_removed","svg"
"results/figures/06_modules_WGCNA/module_score/neuron_neuropil/overlap/module_group_scores/sensitivity_flagged_replicates_removed/module_score_CA2_so_Neuropil_ribosome_translation_sensitivit","module_score_CA2_so_Neuropil_ribosome_translation_sensitivit","",259,7610,"eb0719bd1ac4e7a1bf48cdb2d7a46b2d5800e1e139eaa08839aa81991e3e541d","analysis/wgcna/score_module_activity.R","score_module_activity.R:3343/3357","results/figures/06_modules_WGCNA/module_score/neuron_neuropil/overlap/module_group_scores/sensitivity_flagged_replicates_removed","svg"
"results/figures/06_modules_WGCNA/module_score/neuron_neuropil/overlap/module_group_scores/sensitivity_flagged_replicates_removed/module_score_CA2_so_Neuropil_RNP_RNA_processing_full_sensiti","module_score_CA2_so_Neuropil_RNP_RNA_processing_full_sensiti","",259,7180,"f81a185371077f830d79232709876e777c383c5e319f348508430c6da59827a4","analysis/wgcna/score_module_activity.R","score_module_activity.R:3343/3357","results/figures/06_modules_WGCNA/module_score/neuron_neuropil/overlap/module_group_scores/sensitivity_flagged_replicates_removed","svg"
"results/figures/06_modules_WGCNA/module_score/neuron_neuropil/overlap/module_group_scores/sensitivity_flagged_replicates_removed/module_score_CA2_so_Neuropil_RNP_RNA_processing_main_sensiti","module_score_CA2_so_Neuropil_RNP_RNA_processing_main_sensiti","",259,7181,"d5ecec6c1a21efb636362498107b7e4ba67c0ed46d94232b2ffce732a2f19a7d","analysis/wgcna/score_module_activity.R","score_module_activity.R:3343/3357","results/figures/06_modules_WGCNA/module_score/neuron_neuropil/overlap/module_group_scores/sensitivity_flagged_replicates_removed","svg"
"results/figures/06_modules_WGCNA/module_score/neuron_neuropil/overlap/module_group_scores/sensitivity_flagged_replicates_removed/module_score_CA2_so_Neuropil_synaptic_cytoskeleton_sensitivi","module_score_CA2_so_Neuropil_synaptic_cytoskeleton_sensitivi","",259,8137,"72a1d177d2ce09144ff49cb8e61b98dae518a27d1a2c4411aa917dd5047254c4","analysis/wgcna/score_module_activity.R","score_module_activity.R:3343/3357","results/figures/06_modules_WGCNA/module_score/neuron_neuropil/overlap/module_group_scores/sensitivity_flagged_replicates_removed","svg"
"results/figures/06_modules_WGCNA/module_score/neuron_neuropil/overlap/module_group_scores/sensitivity_flagged_replicates_removed/module_score_CA2_sr_Neuropil_chromatin_RNP_related_explorato","module_score_CA2_sr_Neuropil_chromatin_RNP_related_explorato","",259,8138,"83780b60dec256b24dce93a3f56a6f1be9c40f5838d8e1ef3b6def349574a9e9","analysis/wgcna/score_module_activity.R","score_module_activity.R:3343/3357","results/figures/06_modules_WGCNA/module_score/neuron_neuropil/overlap/module_group_scores/sensitivity_flagged_replicates_removed","svg"
"results/figures/06_modules_WGCNA/module_score/neuron_neuropil/overlap/module_group_scores/sensitivity_flagged_replicates_removed/module_score_CA2_sr_Neuropil_endo_lysosomal_proteostasis_sen","module_score_CA2_sr_Neuropil_endo_lysosomal_proteostasis_sen","",259,8251,"ca3f72f75e72e74e48260d7378be0c3a96d24d7237dd178f0763384ad543a947","analysis/wgcna/score_module_activity.R","score_module_activity.R:3343/3357","results/figures/06_modules_WGCNA/module_score/neuron_neuropil/overlap/module_group_scores/sensitivity_flagged_replicates_removed","svg"
"results/figures/06_modules_WGCNA/module_score/neuron_neuropil/overlap/module_group_scores/sensitivity_flagged_replicates_removed/module_score_CA2_sr_Neuropil_mito_bioenergetics_sensitivity_","module_score_CA2_sr_Neuropil_mito_bioenergetics_sensitivity_","",259,8124,"af5a75e71466df148820c85d6806e0e3aa2ce63a30f8d8f7015ce5c22d8f7331","analysis/wgcna/score_module_activity.R","score_module_activity.R:3343/3357","results/figures/06_modules_WGCNA/module_score/neuron_neuropil/overlap/module_group_scores/sensitivity_flagged_replicates_removed","svg"
"results/figures/06_modules_WGCNA/module_score/neuron_neuropil/overlap/module_group_scores/sensitivity_flagged_replicates_removed/module_score_CA2_sr_Neuropil_ribosome_translation_sensitivit","module_score_CA2_sr_Neuropil_ribosome_translation_sensitivit","",259,8125,"1ceabb82f74fbf1c13e9721ed18fd5f1e827b42dc00fdaa72b055eff7fd1f5a0","analysis/wgcna/score_module_activity.R","score_module_activity.R:3343/3357","results/figures/06_modules_WGCNA/module_score/neuron_neuropil/overlap/module_group_scores/sensitivity_flagged_replicates_removed","svg"
"results/figures/06_modules_WGCNA/module_score/neuron_neuropil/overlap/module_group_scores/sensitivity_flagged_replicates_removed/module_score_CA2_sr_Neuropil_RNP_RNA_processing_full_sensiti","module_score_CA2_sr_Neuropil_RNP_RNA_processing_full_sensiti","",259,7711,"dc4dd03937d103c550830d76b67aa82060871216e647dfab0bd63c185fa69208","analysis/wgcna/score_module_activity.R","score_module_activity.R:3343/3357","results/figures/06_modules_WGCNA/module_score/neuron_neuropil/overlap/module_group_scores/sensitivity_flagged_replicates_removed","svg"
"results/figures/06_modules_WGCNA/module_score/neuron_neuropil/overlap/module_group_scores/sensitivity_flagged_replicates_removed/module_score_CA2_sr_Neuropil_RNP_RNA_processing_main_sensiti","module_score_CA2_sr_Neuropil_RNP_RNA_processing_main_sensiti","",259,7713,"8fc9e685f3883953086c359c7eafefc6645b124632490b2556e1d74f70d1f792","analysis/wgcna/score_module_activity.R","score_module_activity.R:3343/3357","results/figures/06_modules_WGCNA/module_score/neuron_neuropil/overlap/module_group_scores/sensitivity_flagged_replicates_removed","svg"
"results/figures/06_modules_WGCNA/module_score/neuron_neuropil/overlap/module_group_scores/sensitivity_flagged_replicates_removed/module_score_CA2_sr_Neuropil_synaptic_cytoskeleton_sensitivi","module_score_CA2_sr_Neuropil_synaptic_cytoskeleton_sensitivi","",259,7656,"ab7c826555d6975c778e2f5fa76954a8ab7c26f9b13d8d344c9ccc011fd25a1f","analysis/wgcna/score_module_activity.R","score_module_activity.R:3343/3357","results/figures/06_modules_WGCNA/module_score/neuron_neuropil/overlap/module_group_scores/sensitivity_flagged_replicates_removed","svg"
"results/figures/06_modules_WGCNA/module_score/neuron_neuropil/overlap/module_group_scores/sensitivity_flagged_replicates_removed/module_score_CA3_so_Neuropil_chromatin_RNP_related_explorato","module_score_CA3_so_Neuropil_chromatin_RNP_related_explorato","",259,8015,"892a98d3f0d504ba32b4b2f3d10fe290fe9496b85f3cf94519f7eedd4b6e95f4","analysis/wgcna/score_module_activity.R","score_module_activity.R:3343/3357","results/figures/06_modules_WGCNA/module_score/neuron_neuropil/overlap/module_group_scores/sensitivity_flagged_replicates_removed","svg"
"results/figures/06_modules_WGCNA/module_score/neuron_neuropil/overlap/module_group_scores/sensitivity_flagged_replicates_removed/module_score_CA3_so_Neuropil_endo_lysosomal_proteostasis_sen","module_score_CA3_so_Neuropil_endo_lysosomal_proteostasis_sen","",259,7841,"af599c2372685692b9e79c559cab9d1f4733ebe6a7fe710dce400f0689e0709f","analysis/wgcna/score_module_activity.R","score_module_activity.R:3343/3357","results/figures/06_modules_WGCNA/module_score/neuron_neuropil/overlap/module_group_scores/sensitivity_flagged_replicates_removed","svg"
"results/figures/06_modules_WGCNA/module_score/neuron_neuropil/overlap/module_group_scores/sensitivity_flagged_replicates_removed/module_score_CA3_so_Neuropil_mito_bioenergetics_sensitivity_","module_score_CA3_so_Neuropil_mito_bioenergetics_sensitivity_","",259,7848,"963b04d3c8f8f6b15dd6a233da168d2f7606b84227041ca41c69d6346fe78406","analysis/wgcna/score_module_activity.R","score_module_activity.R:3343/3357","results/figures/06_modules_WGCNA/module_score/neuron_neuropil/overlap/module_group_scores/sensitivity_flagged_replicates_removed","svg"
"results/figures/06_modules_WGCNA/module_score/neuron_neuropil/overlap/module_group_scores/sensitivity_flagged_replicates_removed/module_score_CA3_so_Neuropil_ribosome_translation_sensitivit","module_score_CA3_so_Neuropil_ribosome_translation_sensitivit","",259,8125,"e53d32f89b97bbaeefcdb2ba8d3db81ac07f9830b3252413014bd8bb9d211bf2","analysis/wgcna/score_module_activity.R","score_module_activity.R:3343/3357","results/figures/06_modules_WGCNA/module_score/neuron_neuropil/overlap/module_group_scores/sensitivity_flagged_replicates_removed","svg"
"results/figures/06_modules_WGCNA/module_score/neuron_neuropil/overlap/module_group_scores/sensitivity_flagged_replicates_removed/module_score_CA3_so_Neuropil_RNP_RNA_processing_full_sensiti","module_score_CA3_so_Neuropil_RNP_RNA_processing_full_sensiti","",259,7474,"2befbc0f7cd87f360708fbd31b6e0e9a9f79d4c2d9e162e48f3f58e9472998bd","analysis/wgcna/score_module_activity.R","score_module_activity.R:3343/3357","results/figures/06_modules_WGCNA/module_score/neuron_neuropil/overlap/module_group_scores/sensitivity_flagged_replicates_removed","svg"
"results/figures/06_modules_WGCNA/module_score/neuron_neuropil/overlap/module_group_scores/sensitivity_flagged_replicates_removed/module_score_CA3_so_Neuropil_RNP_RNA_processing_main_sensiti","module_score_CA3_so_Neuropil_RNP_RNA_processing_main_sensiti","",259,7475,"f45e804a3f9e23b0bbe403facec72a62b19792474a2dbd9457b6ff5d008cbfac","analysis/wgcna/score_module_activity.R","score_module_activity.R:3343/3357","results/figures/06_modules_WGCNA/module_score/neuron_neuropil/overlap/module_group_scores/sensitivity_flagged_replicates_removed","svg"
"results/figures/06_modules_WGCNA/module_score/neuron_neuropil/overlap/module_group_scores/sensitivity_flagged_replicates_removed/module_score_CA3_so_Neuropil_synaptic_cytoskeleton_sensitivi","module_score_CA3_so_Neuropil_synaptic_cytoskeleton_sensitivi","",259,8118,"32e6dbab195336e0a0780c6457c126ad2d2dfce39dbdd42f39c74d357200081e","analysis/wgcna/score_module_activity.R","score_module_activity.R:3343/3357","results/figures/06_modules_WGCNA/module_score/neuron_neuropil/overlap/module_group_scores/sensitivity_flagged_replicates_removed","svg"
"results/figures/06_modules_WGCNA/module_score/neuron_neuropil/overlap/module_group_scores/sensitivity_flagged_replicates_removed/module_score_CA3_sr_Neuropil_chromatin_RNP_related_explorato","module_score_CA3_sr_Neuropil_chromatin_RNP_related_explorato","",259,7968,"ae72b82532a0a15e30120ee78bbe5a05c9f9cf007fa8f4a124b6c6a5ddbee718","analysis/wgcna/score_module_activity.R","score_module_activity.R:3343/3357","results/figures/06_modules_WGCNA/module_score/neuron_neuropil/overlap/module_group_scores/sensitivity_flagged_replicates_removed","svg"
"results/figures/06_modules_WGCNA/module_score/neuron_neuropil/overlap/module_group_scores/sensitivity_flagged_replicates_removed/module_score_CA3_sr_Neuropil_endo_lysosomal_proteostasis_sen","module_score_CA3_sr_Neuropil_endo_lysosomal_proteostasis_sen","",259,7853,"9d6c3cd6b72c61399e01e0e968e0ef600eccfabac75731e6e168ee14571d2022","analysis/wgcna/score_module_activity.R","score_module_activity.R:3343/3357","results/figures/06_modules_WGCNA/module_score/neuron_neuropil/overlap/module_group_scores/sensitivity_flagged_replicates_removed","svg"
"results/figures/06_modules_WGCNA/module_score/neuron_neuropil/overlap/module_group_scores/sensitivity_flagged_replicates_removed/module_score_CA3_sr_Neuropil_mito_bioenergetics_sensitivity_","module_score_CA3_sr_Neuropil_mito_bioenergetics_sensitivity_","",259,8610,"d0a2689fd05129982afe67790f0b1c1b0cafd1b50dc37415e90a2a7b980f988e","analysis/wgcna/score_module_activity.R","score_module_activity.R:3343/3357","results/figures/06_modules_WGCNA/module_score/neuron_neuropil/overlap/module_group_scores/sensitivity_flagged_replicates_removed","svg"
"results/figures/06_modules_WGCNA/module_score/neuron_neuropil/overlap/module_group_scores/sensitivity_flagged_replicates_removed/module_score_CA3_sr_Neuropil_ribosome_translation_sensitivit","module_score_CA3_sr_Neuropil_ribosome_translation_sensitivit","",259,7434,"f202641fd9b5d2f039ff94733160763af79df885ae2b7e75de757a24c92e0b35","analysis/wgcna/score_module_activity.R","score_module_activity.R:3343/3357","results/figures/06_modules_WGCNA/module_score/neuron_neuropil/overlap/module_group_scores/sensitivity_flagged_replicates_removed","svg"
"results/figures/06_modules_WGCNA/module_score/neuron_neuropil/overlap/module_group_scores/sensitivity_flagged_replicates_removed/module_score_CA3_sr_Neuropil_RNP_RNA_processing_full_sensiti","module_score_CA3_sr_Neuropil_RNP_RNA_processing_full_sensiti","",259,7715,"eee7d2150c56bb1ec1b07bf07f7ccb141a920a0f7d75d293f7972e0b3a0d1cac","analysis/wgcna/score_module_activity.R","score_module_activity.R:3343/3357","results/figures/06_modules_WGCNA/module_score/neuron_neuropil/overlap/module_group_scores/sensitivity_flagged_replicates_removed","svg"
"results/figures/06_modules_WGCNA/module_score/neuron_neuropil/overlap/module_group_scores/sensitivity_flagged_replicates_removed/module_score_CA3_sr_Neuropil_RNP_RNA_processing_main_sensiti","module_score_CA3_sr_Neuropil_RNP_RNA_processing_main_sensiti","",259,7716,"a80c443d2673e4b1ce4a5a0bc06e6fce1d404151d4ea766eb07a1fda1ba48ce1","analysis/wgcna/score_module_activity.R","score_module_activity.R:3343/3357","results/figures/06_modules_WGCNA/module_score/neuron_neuropil/overlap/module_group_scores/sensitivity_flagged_replicates_removed","svg"
"results/figures/06_modules_WGCNA/module_score/neuron_neuropil/overlap/module_group_scores/sensitivity_flagged_replicates_removed/module_score_CA3_sr_Neuropil_synaptic_cytoskeleton_sensitivi","module_score_CA3_sr_Neuropil_synaptic_cytoskeleton_sensitivi","",259,8133,"8a7e1fe2234d5234331cec56802e0bd594efcf36b2add105ad162976fe145920","analysis/wgcna/score_module_activity.R","score_module_activity.R:3343/3357","results/figures/06_modules_WGCNA/module_score/neuron_neuropil/overlap/module_group_scores/sensitivity_flagged_replicates_removed","svg"
"results/figures/06_modules_WGCNA/module_score/neuron_neuropil/overlap/module_group_scores/sensitivity_flagged_replicates_removed/module_score_DG_mo_Neuropil_chromatin_RNP_related_explorator","module_score_DG_mo_Neuropil_chromatin_RNP_related_explorator","",259,7552,"3eb82731f551538d78f6e867b2420403b482b1a914a49930e8ad31b69101b5b9","analysis/wgcna/score_module_activity.R","score_module_activity.R:3343/3357","results/figures/06_modules_WGCNA/module_score/neuron_neuropil/overlap/module_group_scores/sensitivity_flagged_replicates_removed","svg"
"results/figures/06_modules_WGCNA/module_score/neuron_neuropil/overlap/module_group_scores/sensitivity_flagged_replicates_removed/module_score_DG_mo_Neuropil_endo_lysosomal_proteostasis_sens","module_score_DG_mo_Neuropil_endo_lysosomal_proteostasis_sens","",259,7544,"8ebe36d67792dd2355d780e47b6fa2dafc1cc946c94afd2b18ab7049cf45dc24","analysis/wgcna/score_module_activity.R","score_module_activity.R:3343/3357","results/figures/06_modules_WGCNA/module_score/neuron_neuropil/overlap/module_group_scores/sensitivity_flagged_replicates_removed","svg"
"results/figures/06_modules_WGCNA/module_score/neuron_neuropil/overlap/module_group_scores/sensitivity_flagged_replicates_removed/module_score_DG_mo_Neuropil_mito_bioenergetics_sensitivity_f","module_score_DG_mo_Neuropil_mito_bioenergetics_sensitivity_f","",259,7844,"2f17fbbfec6f49c9184799e3e0bc9133b70c540feb83f806f489e156d952ac45","analysis/wgcna/score_module_activity.R","score_module_activity.R:3343/3357","results/figures/06_modules_WGCNA/module_score/neuron_neuropil/overlap/module_group_scores/sensitivity_flagged_replicates_removed","svg"
"results/figures/06_modules_WGCNA/module_score/neuron_neuropil/overlap/module_group_scores/sensitivity_flagged_replicates_removed/module_score_DG_mo_Neuropil_ribosome_translation_sensitivity","module_score_DG_mo_Neuropil_ribosome_translation_sensitivity","",259,7969,"9bfdc31acab61f3fd139e01f3e3c5c3b57bface205ee2e30e3014bc015aac069","analysis/wgcna/score_module_activity.R","score_module_activity.R:3343/3357","results/figures/06_modules_WGCNA/module_score/neuron_neuropil/overlap/module_group_scores/sensitivity_flagged_replicates_removed","svg"
"results/figures/06_modules_WGCNA/module_score/neuron_neuropil/overlap/module_group_scores/sensitivity_flagged_replicates_removed/module_score_DG_mo_Neuropil_RNP_RNA_processing_full_sensitiv","module_score_DG_mo_Neuropil_RNP_RNA_processing_full_sensitiv","",259,7391,"f4649ba53770ce50ae0b55aba961ceffb7acc20898a47321c091932c00e28609","analysis/wgcna/score_module_activity.R","score_module_activity.R:3343/3357","results/figures/06_modules_WGCNA/module_score/neuron_neuropil/overlap/module_group_scores/sensitivity_flagged_replicates_removed","svg"
"results/figures/06_modules_WGCNA/module_score/neuron_neuropil/overlap/module_group_scores/sensitivity_flagged_replicates_removed/module_score_DG_mo_Neuropil_RNP_RNA_processing_main_sensitiv","module_score_DG_mo_Neuropil_RNP_RNA_processing_main_sensitiv","",259,7392,"54c4b850829290a6ca0c375a127f5cc5f9924da171b58a44ee4f9081594c4ee3","analysis/wgcna/score_module_activity.R","score_module_activity.R:3343/3357","results/figures/06_modules_WGCNA/module_score/neuron_neuropil/overlap/module_group_scores/sensitivity_flagged_replicates_removed","svg"
"results/figures/06_modules_WGCNA/module_score/neuron_neuropil/overlap/module_group_scores/sensitivity_flagged_replicates_removed/module_score_DG_mo_Neuropil_synaptic_cytoskeleton_sensitivit","module_score_DG_mo_Neuropil_synaptic_cytoskeleton_sensitivit","",259,7956,"0d5844ecc5fe4ff8109b67c45a75db016a0346c19567c72542e07d8edfeca506","analysis/wgcna/score_module_activity.R","score_module_activity.R:3343/3357","results/figures/06_modules_WGCNA/module_score/neuron_neuropil/overlap/module_group_scores/sensitivity_flagged_replicates_removed","svg"
"results/figures/06_modules_WGCNA/module_score/neuron_neuropil/overlap/module_group_scores/sensitivity_flagged_replicates_removed/module_score_DG_po_Neuropil_chromatin_RNP_related_explorator","module_score_DG_po_Neuropil_chromatin_RNP_related_explorator","",259,8096,"6bf2ec063d8cd64acf9c6cc52849fb0e126d33dff1323d2ab85bbd34720af062","analysis/wgcna/score_module_activity.R","score_module_activity.R:3343/3357","results/figures/06_modules_WGCNA/module_score/neuron_neuropil/overlap/module_group_scores/sensitivity_flagged_replicates_removed","svg"
"results/figures/06_modules_WGCNA/module_score/neuron_neuropil/overlap/module_group_scores/sensitivity_flagged_replicates_removed/module_score_DG_po_Neuropil_endo_lysosomal_proteostasis_sens","module_score_DG_po_Neuropil_endo_lysosomal_proteostasis_sens","",259,8324,"45a572ca6220e05fd47d04f32a37b97eec054e33a16e3650ecee15d675a0d882","analysis/wgcna/score_module_activity.R","score_module_activity.R:3343/3357","results/figures/06_modules_WGCNA/module_score/neuron_neuropil/overlap/module_group_scores/sensitivity_flagged_replicates_removed","svg"
"results/figures/06_modules_WGCNA/module_score/neuron_neuropil/overlap/module_group_scores/sensitivity_flagged_replicates_removed/module_score_DG_po_Neuropil_mito_bioenergetics_sensitivity_f","module_score_DG_po_Neuropil_mito_bioenergetics_sensitivity_f","",259,7821,"e2b7f2c7c8e6c0148678c69d5d2439439f7e27167d35ca0cc76efa6e6c4278ee","analysis/wgcna/score_module_activity.R","score_module_activity.R:3343/3357","results/figures/06_modules_WGCNA/module_score/neuron_neuropil/overlap/module_group_scores/sensitivity_flagged_replicates_removed","svg"
"results/figures/06_modules_WGCNA/module_score/neuron_neuropil/overlap/module_group_scores/sensitivity_flagged_replicates_removed/module_score_DG_po_Neuropil_ribosome_translation_sensitivity","module_score_DG_po_Neuropil_ribosome_translation_sensitivity","",259,7304,"e5d4f4e96efaaa49f610a0756248d01ab9bfaa7e132cdd56bd69ff53dd9fb460","analysis/wgcna/score_module_activity.R","score_module_activity.R:3343/3357","results/figures/06_modules_WGCNA/module_score/neuron_neuropil/overlap/module_group_scores/sensitivity_flagged_replicates_removed","svg"
"results/figures/06_modules_WGCNA/module_score/neuron_neuropil/overlap/module_group_scores/sensitivity_flagged_replicates_removed/module_score_DG_po_Neuropil_RNP_RNA_processing_full_sensitiv","module_score_DG_po_Neuropil_RNP_RNA_processing_full_sensitiv","",259,7716,"050e28e3399f012f3178f1c54314dc4db4c2269e8ad868edc6a3fbca02a5d123","analysis/wgcna/score_module_activity.R","score_module_activity.R:3343/3357","results/figures/06_modules_WGCNA/module_score/neuron_neuropil/overlap/module_group_scores/sensitivity_flagged_replicates_removed","svg"
"results/figures/06_modules_WGCNA/module_score/neuron_neuropil/overlap/module_group_scores/sensitivity_flagged_replicates_removed/module_score_DG_po_Neuropil_RNP_RNA_processing_main_sensitiv","module_score_DG_po_Neuropil_RNP_RNA_processing_main_sensitiv","",259,7717,"ec1e4fff87d891015725d29b829ac28353e808e35506847802f48e24056f534c","analysis/wgcna/score_module_activity.R","score_module_activity.R:3343/3357","results/figures/06_modules_WGCNA/module_score/neuron_neuropil/overlap/module_group_scores/sensitivity_flagged_replicates_removed","svg"
"results/figures/06_modules_WGCNA/module_score/neuron_neuropil/overlap/module_group_scores/sensitivity_flagged_replicates_removed/module_score_DG_po_Neuropil_synaptic_cytoskeleton_sensitivit","module_score_DG_po_Neuropil_synaptic_cytoskeleton_sensitivit","",259,7990,"342d4146ea1c7bde9148d3271378ce141232b90927a6ce1761bb8135032e13ed","analysis/wgcna/score_module_activity.R","score_module_activity.R:3343/3357","results/figures/06_modules_WGCNA/module_score/neuron_neuropil/overlap/module_group_scores/sensitivity_flagged_replicates_removed","svg"
"results/figures/06_modules_WGCNA/module_score/neuron_neuropil/wgcna/module_group_scores/sensitivity_flagged_replicates_removed/module_score_CA1_slm_WGCNA_#006D2C_sensitivity_flagged_replica","module_score_CA1_slm_WGCNA_#006D2C_sensitivity_flagged_replica","",259,7473,"5b7c6a1ac83358d1fc049526577e3bdb4fcd5b8e73d8617538db3cb333b67ec3","analysis/wgcna/score_module_activity.R","score_module_activity.R:3343/3357","results/figures/06_modules_WGCNA/module_score/neuron_neuropil/wgcna/module_group_scores/sensitivity_flagged_replicates_removed","svg"
"results/figures/06_modules_WGCNA/module_score/neuron_neuropil/wgcna/module_group_scores/sensitivity_flagged_replicates_removed/module_score_CA1_slm_WGCNA_#08519C_sensitivity_flagged_replica","module_score_CA1_slm_WGCNA_#08519C_sensitivity_flagged_replica","",259,7772,"91684786a5d127934ff1c3b4e9779a6ce093f76d041301d0a5d2fbfe60d745c3","analysis/wgcna/score_module_activity.R","score_module_activity.R:3343/3357","results/figures/06_modules_WGCNA/module_score/neuron_neuropil/wgcna/module_group_scores/sensitivity_flagged_replicates_removed","svg"
"results/figures/06_modules_WGCNA/module_score/neuron_neuropil/wgcna/module_group_scores/sensitivity_flagged_replicates_removed/module_score_CA1_slm_WGCNA_#238B45_sensitivity_flagged_replica","module_score_CA1_slm_WGCNA_#238B45_sensitivity_flagged_replica","",259,7775,"8b514e2e229205e076b3b89dfb1d562a867a2971e0e073a5cbfe3571ba03c5bb","analysis/wgcna/score_module_activity.R","score_module_activity.R:3343/3357","results/figures/06_modules_WGCNA/module_score/neuron_neuropil/wgcna/module_group_scores/sensitivity_flagged_replicates_removed","svg"
"results/figures/06_modules_WGCNA/module_score/neuron_neuropil/wgcna/module_group_scores/sensitivity_flagged_replicates_removed/module_score_CA1_slm_WGCNA_#2B8CBE_sensitivity_flagged_replica","module_score_CA1_slm_WGCNA_#2B8CBE_sensitivity_flagged_replica","",259,7465,"493e0a1267d0d3d524929a6e114fe3d468aab8f42b934ae14763131a0d71cf37","analysis/wgcna/score_module_activity.R","score_module_activity.R:3343/3357","results/figures/06_modules_WGCNA/module_score/neuron_neuropil/wgcna/module_group_scores/sensitivity_flagged_replicates_removed","svg"
"results/figures/06_modules_WGCNA/module_score/neuron_neuropil/wgcna/module_group_scores/sensitivity_flagged_replicates_removed/module_score_CA1_slm_WGCNA_#3F007D_sensitivity_flagged_replica","module_score_CA1_slm_WGCNA_#3F007D_sensitivity_flagged_replica","",259,7761,"4f2ea74bb868cc2fee8b9a41a101c72a0aa1cfbabb965659181d6075749f3c7e","analysis/wgcna/score_module_activity.R","score_module_activity.R:3343/3357","results/figures/06_modules_WGCNA/module_score/neuron_neuropil/wgcna/module_group_scores/sensitivity_flagged_replicates_removed","svg"
"results/figures/06_modules_WGCNA/module_score/neuron_neuropil/wgcna/module_group_scores/sensitivity_flagged_replicates_removed/module_score_CA1_slm_WGCNA_#4D4D4D_sensitivity_flagged_replica","module_score_CA1_slm_WGCNA_#4D4D4D_sensitivity_flagged_replica","",259,7483,"251779c7300694833905eaca11c704533f364ca1f72da096ff4ab437e49b16d1","analysis/wgcna/score_module_activity.R","score_module_activity.R:3343/3357","results/figures/06_modules_WGCNA/module_score/neuron_neuropil/wgcna/module_group_scores/sensitivity_flagged_replicates_removed","svg"
"results/figures/06_modules_WGCNA/module_score/neuron_neuropil/wgcna/module_group_scores/sensitivity_flagged_replicates_removed/module_score_CA1_slm_WGCNA_#737373_sensitivity_flagged_replica","module_score_CA1_slm_WGCNA_#737373_sensitivity_flagged_replica","",259,7345,"54b911f2744464642fdd2bc8fa030085f85b920a6d50d5c1ffd736293fdde020","analysis/wgcna/score_module_activity.R","score_module_activity.R:3343/3357","results/figures/06_modules_WGCNA/module_score/neuron_neuropil/wgcna/module_group_scores/sensitivity_flagged_replicates_removed","svg"
"results/figures/06_modules_WGCNA/module_score/neuron_neuropil/wgcna/module_group_scores/sensitivity_flagged_replicates_removed/module_score_CA1_slm_WGCNA_#74C476_sensitivity_flagged_replica","module_score_CA1_slm_WGCNA_#74C476_sensitivity_flagged_replica","",259,8361,"e08ff9843cc59cacdd37bc32aa709a9af2bbcb95a4a6360b97650fd4d272e58a","analysis/wgcna/score_module_activity.R","score_module_activity.R:3343/3357","results/figures/06_modules_WGCNA/module_score/neuron_neuropil/wgcna/module_group_scores/sensitivity_flagged_replicates_removed","svg"
"results/figures/06_modules_WGCNA/module_score/neuron_neuropil/wgcna/module_group_scores/sensitivity_flagged_replicates_removed/module_score_CA1_slm_WGCNA_#756BB1_sensitivity_flagged_replica","module_score_CA1_slm_WGCNA_#756BB1_sensitivity_flagged_replica","",259,7754,"002067a76c47631cf049db85aa740911905916f307b9db1010d80c77cfb4fc1a","analysis/wgcna/score_module_activity.R","score_module_activity.R:3343/3357","results/figures/06_modules_WGCNA/module_score/neuron_neuropil/wgcna/module_group_scores/sensitivity_flagged_replicates_removed","svg"
"results/figures/06_modules_WGCNA/module_score/neuron_neuropil/wgcna/module_group_scores/sensitivity_flagged_replicates_removed/module_score_CA1_slm_WGCNA_#969696_sensitivity_flagged_replica","module_score_CA1_slm_WGCNA_#969696_sensitivity_flagged_replica","",259,7473,"f687a042689f98e4f67b7b3d76c3bd5f8c80ef13bf4d78b75cda09270753b81e","analysis/wgcna/score_module_activity.R","score_module_activity.R:3343/3357","results/figures/06_modules_WGCNA/module_score/neuron_neuropil/wgcna/module_group_scores/sensitivity_flagged_replicates_removed","svg"
"results/figures/06_modules_WGCNA/module_score/neuron_neuropil/wgcna/module_group_scores/sensitivity_flagged_replicates_removed/module_score_CA1_slm_WGCNA_#9E9AC8_sensitivity_flagged_replica","module_score_CA1_slm_WGCNA_#9E9AC8_sensitivity_flagged_replica","",259,8218,"c2c8bf8fe4484ba09b6fc45254cd46a06567f4eddba0660041df0ce58541cb32","analysis/wgcna/score_module_activity.R","score_module_activity.R:3343/3357","results/figures/06_modules_WGCNA/module_score/neuron_neuropil/wgcna/module_group_scores/sensitivity_flagged_replicates_removed","svg"
"results/figures/06_modules_WGCNA/module_score/neuron_neuropil/wgcna/module_group_scores/sensitivity_flagged_replicates_removed/module_score_CA1_slm_WGCNA_#BF812D_sensitivity_flagged_replica","module_score_CA1_slm_WGCNA_#BF812D_sensitivity_flagged_replica","",259,8366,"5331349343e3387de9e14475841249cb934e49edabc3668002e6295910327c05","analysis/wgcna/score_module_activity.R","score_module_activity.R:3343/3357","results/figures/06_modules_WGCNA/module_score/neuron_neuropil/wgcna/module_group_scores/sensitivity_flagged_replicates_removed","svg"
"results/figures/06_modules_WGCNA/module_score/neuron_neuropil/wgcna/module_group_scores/sensitivity_flagged_replicates_removed/module_score_CA1_slm_WGCNA_#DE2D26_sensitivity_flagged_replica","module_score_CA1_slm_WGCNA_#DE2D26_sensitivity_flagged_replica","",259,7766,"28f4593de9979289632a4b3b622f57fcceedef55abd95f1847ccf966629715f3","analysis/wgcna/score_module_activity.R","score_module_activity.R:3343/3357","results/figures/06_modules_WGCNA/module_score/neuron_neuropil/wgcna/module_group_scores/sensitivity_flagged_replicates_removed","svg"
"results/figures/06_modules_WGCNA/module_score/neuron_neuropil/wgcna/module_group_scores/sensitivity_flagged_replicates_removed/module_score_CA1_slm_WGCNA_#FB6A4A_sensitivity_flagged_replica","module_score_CA1_slm_WGCNA_#FB6A4A_sensitivity_flagged_replica","",259,7756,"e00b6501d705254b4fd6df8cf7e2b3d95d3b0812a4d7f2466a770dbc59c72364","analysis/wgcna/score_module_activity.R","score_module_activity.R:3343/3357","results/figures/06_modules_WGCNA/module_score/neuron_neuropil/wgcna/module_group_scores/sensitivity_flagged_replicates_removed","svg"
"results/figures/06_modules_WGCNA/module_score/neuron_neuropil/wgcna/module_group_scores/sensitivity_flagged_replicates_removed/module_score_CA1_so_WGCNA_#006D2C_sensitivity_flagged_replicat","module_score_CA1_so_WGCNA_#006D2C_sensitivity_flagged_replicat","",259,7232,"72b67fbb200b25823b595233c913cd37affa572866ec972f6734a06913f08514","analysis/wgcna/score_module_activity.R","score_module_activity.R:3343/3357","results/figures/06_modules_WGCNA/module_score/neuron_neuropil/wgcna/module_group_scores/sensitivity_flagged_replicates_removed","svg"
"results/figures/06_modules_WGCNA/module_score/neuron_neuropil/wgcna/module_group_scores/sensitivity_flagged_replicates_removed/module_score_CA1_so_WGCNA_#08519C_sensitivity_flagged_replicat","module_score_CA1_so_WGCNA_#08519C_sensitivity_flagged_replicat","",259,7343,"dab83be545f1b5bf73897eb44b9021586840d2363f23fc3ac02c78d498499c49","analysis/wgcna/score_module_activity.R","score_module_activity.R:3343/3357","results/figures/06_modules_WGCNA/module_score/neuron_neuropil/wgcna/module_group_scores/sensitivity_flagged_replicates_removed","svg"
"results/figures/06_modules_WGCNA/module_score/neuron_neuropil/wgcna/module_group_scores/sensitivity_flagged_replicates_removed/module_score_CA1_so_WGCNA_#238B45_sensitivity_flagged_replicat","module_score_CA1_so_WGCNA_#238B45_sensitivity_flagged_replicat","",259,7652,"6dae84d888a35746660b1241dcb130e125415848cedc2cac36d76afc97ce4022","analysis/wgcna/score_module_activity.R","score_module_activity.R:3343/3357","results/figures/06_modules_WGCNA/module_score/neuron_neuropil/wgcna/module_group_scores/sensitivity_flagged_replicates_removed","svg"
"results/figures/06_modules_WGCNA/module_score/neuron_neuropil/wgcna/module_group_scores/sensitivity_flagged_replicates_removed/module_score_CA1_so_WGCNA_#2B8CBE_sensitivity_flagged_replicat","module_score_CA1_so_WGCNA_#2B8CBE_sensitivity_flagged_replicat","",259,7813,"cf2776050e22113b5eb6b36dd6397ecd762780e802ada2848b87c3bd051323f4","analysis/wgcna/score_module_activity.R","score_module_activity.R:3343/3357","results/figures/06_modules_WGCNA/module_score/neuron_neuropil/wgcna/module_group_scores/sensitivity_flagged_replicates_removed","svg"
"results/figures/06_modules_WGCNA/module_score/neuron_neuropil/wgcna/module_group_scores/sensitivity_flagged_replicates_removed/module_score_CA1_so_WGCNA_#3F007D_sensitivity_flagged_replicat","module_score_CA1_so_WGCNA_#3F007D_sensitivity_flagged_replicat","",259,7943,"bf5289b28f4b0407d4555280e83f9e72ba429d5c4fd63a8fdf0a85bc46c60e85","analysis/wgcna/score_module_activity.R","score_module_activity.R:3343/3357","results/figures/06_modules_WGCNA/module_score/neuron_neuropil/wgcna/module_group_scores/sensitivity_flagged_replicates_removed","svg"
"results/figures/06_modules_WGCNA/module_score/neuron_neuropil/wgcna/module_group_scores/sensitivity_flagged_replicates_removed/module_score_CA1_so_WGCNA_#4D4D4D_sensitivity_flagged_replicat","module_score_CA1_so_WGCNA_#4D4D4D_sensitivity_flagged_replicat","",259,8231,"c0a8c5a3d07b653f10a21b37751f05752a87a6718a4f3dad7adfd4206ed1676e","analysis/wgcna/score_module_activity.R","score_module_activity.R:3343/3357","results/figures/06_modules_WGCNA/module_score/neuron_neuropil/wgcna/module_group_scores/sensitivity_flagged_replicates_removed","svg"
"results/figures/06_modules_WGCNA/module_score/neuron_neuropil/wgcna/module_group_scores/sensitivity_flagged_replicates_removed/module_score_CA1_so_WGCNA_#737373_sensitivity_flagged_replicat","module_score_CA1_so_WGCNA_#737373_sensitivity_flagged_replicat","",259,7929,"3d83c413d3948b1f743384bfbcf57aea72ef57867b87ca19b56fbfc4989e2431","analysis/wgcna/score_module_activity.R","score_module_activity.R:3343/3357","results/figures/06_modules_WGCNA/module_score/neuron_neuropil/wgcna/module_group_scores/sensitivity_flagged_replicates_removed","svg"
"results/figures/06_modules_WGCNA/module_score/neuron_neuropil/wgcna/module_group_scores/sensitivity_flagged_replicates_removed/module_score_CA1_so_WGCNA_#74C476_sensitivity_flagged_replicat","module_score_CA1_so_WGCNA_#74C476_sensitivity_flagged_replicat","",259,7652,"c7fefa89e0087a5f612e8fdd1276a8737d7515d467d30ebc464674ffa38e27a3","analysis/wgcna/score_module_activity.R","score_module_activity.R:3343/3357","results/figures/06_modules_WGCNA/module_score/neuron_neuropil/wgcna/module_group_scores/sensitivity_flagged_replicates_removed","svg"
"results/figures/06_modules_WGCNA/module_score/neuron_neuropil/wgcna/module_group_scores/sensitivity_flagged_replicates_removed/module_score_CA1_so_WGCNA_#756BB1_sensitivity_flagged_replicat","module_score_CA1_so_WGCNA_#756BB1_sensitivity_flagged_replicat","",259,7825,"8375b89deb654a3db971f971537f50cb2b3ceb03f6edc8587d664a083e0bf276","analysis/wgcna/score_module_activity.R","score_module_activity.R:3343/3357","results/figures/06_modules_WGCNA/module_score/neuron_neuropil/wgcna/module_group_scores/sensitivity_flagged_replicates_removed","svg"
"results/figures/06_modules_WGCNA/module_score/neuron_neuropil/wgcna/module_group_scores/sensitivity_flagged_replicates_removed/module_score_CA1_so_WGCNA_#969696_sensitivity_flagged_replicat","module_score_CA1_so_WGCNA_#969696_sensitivity_flagged_replicat","",259,7520,"ebf7e3481d1ced0dde69202275baf9c052bc8e404e0577b9f0bcec66375b0ae8","analysis/wgcna/score_module_activity.R","score_module_activity.R:3343/3357","results/figures/06_modules_WGCNA/module_score/neuron_neuropil/wgcna/module_group_scores/sensitivity_flagged_replicates_removed","svg"
"results/figures/06_modules_WGCNA/module_score/neuron_neuropil/wgcna/module_group_scores/sensitivity_flagged_replicates_removed/module_score_CA1_so_WGCNA_#9E9AC8_sensitivity_flagged_replicat","module_score_CA1_so_WGCNA_#9E9AC8_sensitivity_flagged_replicat","",259,7531,"270617246d90d818df2fb31da6412b022d7afb4789a458ca6c57d3d71a4a2e21","analysis/wgcna/score_module_activity.R","score_module_activity.R:3343/3357","results/figures/06_modules_WGCNA/module_score/neuron_neuropil/wgcna/module_group_scores/sensitivity_flagged_replicates_removed","svg"
"results/figures/06_modules_WGCNA/module_score/neuron_neuropil/wgcna/module_group_scores/sensitivity_flagged_replicates_removed/module_score_CA1_so_WGCNA_#BF812D_sensitivity_flagged_replicat","module_score_CA1_so_WGCNA_#BF812D_sensitivity_flagged_replicat","",259,8222,"ee11c44f53a68acddfc46cb219be26e210ced4b4240c0a2198926ff005ebd530","analysis/wgcna/score_module_activity.R","score_module_activity.R:3343/3357","results/figures/06_modules_WGCNA/module_score/neuron_neuropil/wgcna/module_group_scores/sensitivity_flagged_replicates_removed","svg"
"results/figures/06_modules_WGCNA/module_score/neuron_neuropil/wgcna/module_group_scores/sensitivity_flagged_replicates_removed/module_score_CA1_so_WGCNA_#DE2D26_sensitivity_flagged_replicat","module_score_CA1_so_WGCNA_#DE2D26_sensitivity_flagged_replicat","",259,7361,"fa42c79d79747a0b8c50bbd8eb47aebf6033aa5587d7c7f4689f8f578816a38f","analysis/wgcna/score_module_activity.R","score_module_activity.R:3343/3357","results/figures/06_modules_WGCNA/module_score/neuron_neuropil/wgcna/module_group_scores/sensitivity_flagged_replicates_removed","svg"
"results/figures/06_modules_WGCNA/module_score/neuron_neuropil/wgcna/module_group_scores/sensitivity_flagged_replicates_removed/module_score_CA1_so_WGCNA_#FB6A4A_sensitivity_flagged_replicat","module_score_CA1_so_WGCNA_#FB6A4A_sensitivity_flagged_replicat","",259,7757,"5fced53572a476f3919fa60e8b3f29048f12e23b413ed0a562ff5c98591baf16","analysis/wgcna/score_module_activity.R","score_module_activity.R:3343/3357","results/figures/06_modules_WGCNA/module_score/neuron_neuropil/wgcna/module_group_scores/sensitivity_flagged_replicates_removed","svg"
"results/figures/06_modules_WGCNA/module_score/neuron_neuropil/wgcna/module_group_scores/sensitivity_flagged_replicates_removed/module_score_CA1_sr_WGCNA_#006D2C_sensitivity_flagged_replicat","module_score_CA1_sr_WGCNA_#006D2C_sensitivity_flagged_replicat","",259,7642,"a37dfa37d020d60d185223686413f6953e7b9b3879d3f52c7e1b1126759ffd51","analysis/wgcna/score_module_activity.R","score_module_activity.R:3343/3357","results/figures/06_modules_WGCNA/module_score/neuron_neuropil/wgcna/module_group_scores/sensitivity_flagged_replicates_removed","svg"
"results/figures/06_modules_WGCNA/module_score/neuron_neuropil/wgcna/module_group_scores/sensitivity_flagged_replicates_removed/module_score_CA1_sr_WGCNA_#08519C_sensitivity_flagged_replicat","module_score_CA1_sr_WGCNA_#08519C_sensitivity_flagged_replicat","",259,7657,"2d28b1876c4d6cfe1b262e9aff2bb3e789e4666b6bae32ce8778d10d3a43a12d","analysis/wgcna/score_module_activity.R","score_module_activity.R:3343/3357","results/figures/06_modules_WGCNA/module_score/neuron_neuropil/wgcna/module_group_scores/sensitivity_flagged_replicates_removed","svg"
"results/figures/06_modules_WGCNA/module_score/neuron_neuropil/wgcna/module_group_scores/sensitivity_flagged_replicates_removed/module_score_CA1_sr_WGCNA_#238B45_sensitivity_flagged_replicat","module_score_CA1_sr_WGCNA_#238B45_sensitivity_flagged_replicat","",259,7245,"41e0f14fb874b7e3cada59d82b7305c8917775b9df2d231a885a530ff663c67f","analysis/wgcna/score_module_activity.R","score_module_activity.R:3343/3357","results/figures/06_modules_WGCNA/module_score/neuron_neuropil/wgcna/module_group_scores/sensitivity_flagged_replicates_removed","svg"
"results/figures/06_modules_WGCNA/module_score/neuron_neuropil/wgcna/module_group_scores/sensitivity_flagged_replicates_removed/module_score_CA1_sr_WGCNA_#2B8CBE_sensitivity_flagged_replicat","module_score_CA1_sr_WGCNA_#2B8CBE_sensitivity_flagged_replicat","",259,7474,"6fde974ede6c3d44130a20d15d3a548f7be889baf451289e99e0d62277abd476","analysis/wgcna/score_module_activity.R","score_module_activity.R:3343/3357","results/figures/06_modules_WGCNA/module_score/neuron_neuropil/wgcna/module_group_scores/sensitivity_flagged_replicates_removed","svg"
"results/figures/06_modules_WGCNA/module_score/neuron_neuropil/wgcna/module_group_scores/sensitivity_flagged_replicates_removed/module_score_CA1_sr_WGCNA_#3F007D_sensitivity_flagged_replicat","module_score_CA1_sr_WGCNA_#3F007D_sensitivity_flagged_replicat","",259,7488,"0c88931dd2d8c8a4cde0f40d1c25c59f83395634ca00d0bd1afdb2c8333cc585","analysis/wgcna/score_module_activity.R","score_module_activity.R:3343/3357","results/figures/06_modules_WGCNA/module_score/neuron_neuropil/wgcna/module_group_scores/sensitivity_flagged_replicates_removed","svg"
"results/figures/06_modules_WGCNA/module_score/neuron_neuropil/wgcna/module_group_scores/sensitivity_flagged_replicates_removed/module_score_CA1_sr_WGCNA_#4D4D4D_sensitivity_flagged_replicat","module_score_CA1_sr_WGCNA_#4D4D4D_sensitivity_flagged_replicat","",259,7483,"4f959c76a27e08f418eab3875d6b64e454a8128ddb8689d575716e1b08756867","analysis/wgcna/score_module_activity.R","score_module_activity.R:3343/3357","results/figures/06_modules_WGCNA/module_score/neuron_neuropil/wgcna/module_group_scores/sensitivity_flagged_replicates_removed","svg"
"results/figures/06_modules_WGCNA/module_score/neuron_neuropil/wgcna/module_group_scores/sensitivity_flagged_replicates_removed/module_score_CA1_sr_WGCNA_#737373_sensitivity_flagged_replicat","module_score_CA1_sr_WGCNA_#737373_sensitivity_flagged_replicat","",259,7641,"062fff496187f4d5a09a5fca90a120d7018a9f89d820cade40ca9a2f07db6d96","analysis/wgcna/score_module_activity.R","score_module_activity.R:3343/3357","results/figures/06_modules_WGCNA/module_score/neuron_neuropil/wgcna/module_group_scores/sensitivity_flagged_replicates_removed","svg"
"results/figures/06_modules_WGCNA/module_score/neuron_neuropil/wgcna/module_group_scores/sensitivity_flagged_replicates_removed/module_score_CA1_sr_WGCNA_#74C476_sensitivity_flagged_replicat","module_score_CA1_sr_WGCNA_#74C476_sensitivity_flagged_replicat","",259,7950,"986bed956f25b48bfcd84782d6a8b399c6aeddf48da2697f0428d480da41ab7e","analysis/wgcna/score_module_activity.R","score_module_activity.R:3343/3357","results/figures/06_modules_WGCNA/module_score/neuron_neuropil/wgcna/module_group_scores/sensitivity_flagged_replicates_removed","svg"
"results/figures/06_modules_WGCNA/module_score/neuron_neuropil/wgcna/module_group_scores/sensitivity_flagged_replicates_removed/module_score_CA1_sr_WGCNA_#756BB1_sensitivity_flagged_replicat","module_score_CA1_sr_WGCNA_#756BB1_sensitivity_flagged_replicat","",259,7353,"9a86205a229e207fa6f3006683dac597cc98b179968440696e3168e7af5343ff","analysis/wgcna/score_module_activity.R","score_module_activity.R:3343/3357","results/figures/06_modules_WGCNA/module_score/neuron_neuropil/wgcna/module_group_scores/sensitivity_flagged_replicates_removed","svg"
"results/figures/06_modules_WGCNA/module_score/neuron_neuropil/wgcna/module_group_scores/sensitivity_flagged_replicates_removed/module_score_CA1_sr_WGCNA_#969696_sensitivity_flagged_replicat","module_score_CA1_sr_WGCNA_#969696_sensitivity_flagged_replicat","",259,7061,"79b10e7202d405f7149d178e5784eb160efede9db1e09dad59b99d4c1277b4e0","analysis/wgcna/score_module_activity.R","score_module_activity.R:3343/3357","results/figures/06_modules_WGCNA/module_score/neuron_neuropil/wgcna/module_group_scores/sensitivity_flagged_replicates_removed","svg"
"results/figures/06_modules_WGCNA/module_score/neuron_neuropil/wgcna/module_group_scores/sensitivity_flagged_replicates_removed/module_score_CA1_sr_WGCNA_#9E9AC8_sensitivity_flagged_replicat","module_score_CA1_sr_WGCNA_#9E9AC8_sensitivity_flagged_replicat","",259,7764,"b25514fdacc31dde45ac0db31c271808df4c80197e6e45106c9252d78ad55d28","analysis/wgcna/score_module_activity.R","score_module_activity.R:3343/3357","results/figures/06_modules_WGCNA/module_score/neuron_neuropil/wgcna/module_group_scores/sensitivity_flagged_replicates_removed","svg"
"results/figures/06_modules_WGCNA/module_score/neuron_neuropil/wgcna/module_group_scores/sensitivity_flagged_replicates_removed/module_score_CA1_sr_WGCNA_#BF812D_sensitivity_flagged_replicat","module_score_CA1_sr_WGCNA_#BF812D_sensitivity_flagged_replicat","",259,7523,"a830eb4e4cebb24dfb7565bf04988789c2469716e54123440c65a146348594de","analysis/wgcna/score_module_activity.R","score_module_activity.R:3343/3357","results/figures/06_modules_WGCNA/module_score/neuron_neuropil/wgcna/module_group_scores/sensitivity_flagged_replicates_removed","svg"
"results/figures/06_modules_WGCNA/module_score/neuron_neuropil/wgcna/module_group_scores/sensitivity_flagged_replicates_removed/module_score_CA1_sr_WGCNA_#DE2D26_sensitivity_flagged_replicat","module_score_CA1_sr_WGCNA_#DE2D26_sensitivity_flagged_replicat","",259,7369,"cb0c82b716f5af71f22811214fd52cfe45887537b5e84dce730af17d00a5010e","analysis/wgcna/score_module_activity.R","score_module_activity.R:3343/3357","results/figures/06_modules_WGCNA/module_score/neuron_neuropil/wgcna/module_group_scores/sensitivity_flagged_replicates_removed","svg"
"results/figures/06_modules_WGCNA/module_score/neuron_neuropil/wgcna/module_group_scores/sensitivity_flagged_replicates_removed/module_score_CA1_sr_WGCNA_#FB6A4A_sensitivity_flagged_replicat","module_score_CA1_sr_WGCNA_#FB6A4A_sensitivity_flagged_replicat","",259,7345,"f01a34b0ea732b1b2234c6cd1fbc54f285cf3899d68fe61688ea9b036ed6c129","analysis/wgcna/score_module_activity.R","score_module_activity.R:3343/3357","results/figures/06_modules_WGCNA/module_score/neuron_neuropil/wgcna/module_group_scores/sensitivity_flagged_replicates_removed","svg"
"results/figures/06_modules_WGCNA/module_score/neuron_neuropil/wgcna/module_group_scores/sensitivity_flagged_replicates_removed/module_score_CA2_slm_WGCNA_#006D2C_sensitivity_flagged_replica","module_score_CA2_slm_WGCNA_#006D2C_sensitivity_flagged_replica","",259,7348,"8793a6da6951100b926c4aa890e3e21fd9642357ac1d9a820d65e63284e6727a","analysis/wgcna/score_module_activity.R","score_module_activity.R:3343/3357","results/figures/06_modules_WGCNA/module_score/neuron_neuropil/wgcna/module_group_scores/sensitivity_flagged_replicates_removed","svg"
"results/figures/06_modules_WGCNA/module_score/neuron_neuropil/wgcna/module_group_scores/sensitivity_flagged_replicates_removed/module_score_CA2_slm_WGCNA_#08519C_sensitivity_flagged_replica","module_score_CA2_slm_WGCNA_#08519C_sensitivity_flagged_replica","",259,7932,"70b26237881124ab8cbe4d0a09694d5525069dff5a417dbd9e3220ec516df98a","analysis/wgcna/score_module_activity.R","score_module_activity.R:3343/3357","results/figures/06_modules_WGCNA/module_score/neuron_neuropil/wgcna/module_group_scores/sensitivity_flagged_replicates_removed","svg"
"results/figures/06_modules_WGCNA/module_score/neuron_neuropil/wgcna/module_group_scores/sensitivity_flagged_replicates_removed/module_score_CA2_slm_WGCNA_#238B45_sensitivity_flagged_replica","module_score_CA2_slm_WGCNA_#238B45_sensitivity_flagged_replica","",259,7920,"1fd8ede8f0cac177720c52927fa9c4ee3880e565c0f4d4d96494ff5f113a8079","analysis/wgcna/score_module_activity.R","score_module_activity.R:3343/3357","results/figures/06_modules_WGCNA/module_score/neuron_neuropil/wgcna/module_group_scores/sensitivity_flagged_replicates_removed","svg"
"results/figures/06_modules_WGCNA/module_score/neuron_neuropil/wgcna/module_group_scores/sensitivity_flagged_replicates_removed/module_score_CA2_slm_WGCNA_#2B8CBE_sensitivity_flagged_replica","module_score_CA2_slm_WGCNA_#2B8CBE_sensitivity_flagged_replica","",259,7625,"60e7e9c3917e513c564b7a1de13e5447fcb240a9daa53c38eb11aeb21fe2ffae","analysis/wgcna/score_module_activity.R","score_module_activity.R:3343/3357","results/figures/06_modules_WGCNA/module_score/neuron_neuropil/wgcna/module_group_scores/sensitivity_flagged_replicates_removed","svg"
"results/figures/06_modules_WGCNA/module_score/neuron_neuropil/wgcna/module_group_scores/sensitivity_flagged_replicates_removed/module_score_CA2_slm_WGCNA_#3F007D_sensitivity_flagged_replica","module_score_CA2_slm_WGCNA_#3F007D_sensitivity_flagged_replica","",259,7637,"f7b278c4aef9081318c31d7235b2563e92f5b727f21b97d94b045b9416d3a231","analysis/wgcna/score_module_activity.R","score_module_activity.R:3343/3357","results/figures/06_modules_WGCNA/module_score/neuron_neuropil/wgcna/module_group_scores/sensitivity_flagged_replicates_removed","svg"
"results/figures/06_modules_WGCNA/module_score/neuron_neuropil/wgcna/module_group_scores/sensitivity_flagged_replicates_removed/module_score_CA2_slm_WGCNA_#4D4D4D_sensitivity_flagged_replica","module_score_CA2_slm_WGCNA_#4D4D4D_sensitivity_flagged_replica","",259,7215,"33000bad6b00c4e58d762887bd565b5da7a0cb5b30593c838c3d321d9c3eb88c","analysis/wgcna/score_module_activity.R","score_module_activity.R:3343/3357","results/figures/06_modules_WGCNA/module_score/neuron_neuropil/wgcna/module_group_scores/sensitivity_flagged_replicates_removed","svg"
"results/figures/06_modules_WGCNA/module_score/neuron_neuropil/wgcna/module_group_scores/sensitivity_flagged_replicates_removed/module_score_CA2_slm_WGCNA_#737373_sensitivity_flagged_replica","module_score_CA2_slm_WGCNA_#737373_sensitivity_flagged_replica","",259,7649,"eb6efb5f496ec15ef41746d721fc39379acf5e54aa08072c425fd7391e8e24b3","analysis/wgcna/score_module_activity.R","score_module_activity.R:3343/3357","results/figures/06_modules_WGCNA/module_score/neuron_neuropil/wgcna/module_group_scores/sensitivity_flagged_replicates_removed","svg"
"results/figures/06_modules_WGCNA/module_score/neuron_neuropil/wgcna/module_group_scores/sensitivity_flagged_replicates_removed/module_score_CA2_slm_WGCNA_#74C476_sensitivity_flagged_replica","module_score_CA2_slm_WGCNA_#74C476_sensitivity_flagged_replica","",259,7340,"3aef90c615764c69bb3f98408b20bdb5b71a495163506dfce42c193da7acd7d6","analysis/wgcna/score_module_activity.R","score_module_activity.R:3343/3357","results/figures/06_modules_WGCNA/module_score/neuron_neuropil/wgcna/module_group_scores/sensitivity_flagged_replicates_removed","svg"
"results/figures/06_modules_WGCNA/module_score/neuron_neuropil/wgcna/module_group_scores/sensitivity_flagged_replicates_removed/module_score_CA2_slm_WGCNA_#756BB1_sensitivity_flagged_replica","module_score_CA2_slm_WGCNA_#756BB1_sensitivity_flagged_replica","",259,7715,"8fd2595e9ef46638ac896031ac9afcb9e88cdfc5967bcd14ecbaecbbccd60d4b","analysis/wgcna/score_module_activity.R","score_module_activity.R:3343/3357","results/figures/06_modules_WGCNA/module_score/neuron_neuropil/wgcna/module_group_scores/sensitivity_flagged_replicates_removed","svg"
"results/figures/06_modules_WGCNA/module_score/neuron_neuropil/wgcna/module_group_scores/sensitivity_flagged_replicates_removed/module_score_CA2_slm_WGCNA_#969696_sensitivity_flagged_replica","module_score_CA2_slm_WGCNA_#969696_sensitivity_flagged_replica","",259,7230,"e61c34c9a50595d6a3ff7c60c65097467a34876b9b5ff7ac25fd2be64b0ecead","analysis/wgcna/score_module_activity.R","score_module_activity.R:3343/3357","results/figures/06_modules_WGCNA/module_score/neuron_neuropil/wgcna/module_group_scores/sensitivity_flagged_replicates_removed","svg"
"results/figures/06_modules_WGCNA/module_score/neuron_neuropil/wgcna/module_group_scores/sensitivity_flagged_replicates_removed/module_score_CA2_slm_WGCNA_#9E9AC8_sensitivity_flagged_replica","module_score_CA2_slm_WGCNA_#9E9AC8_sensitivity_flagged_replica","",259,7352,"4534f9fe6705c9317af4a4127d4b2f08204b7193f0c089e014236c6811f6b3fc","analysis/wgcna/score_module_activity.R","score_module_activity.R:3343/3357","results/figures/06_modules_WGCNA/module_score/neuron_neuropil/wgcna/module_group_scores/sensitivity_flagged_replicates_removed","svg"
"results/figures/06_modules_WGCNA/module_score/neuron_neuropil/wgcna/module_group_scores/sensitivity_flagged_replicates_removed/module_score_CA2_slm_WGCNA_#BF812D_sensitivity_flagged_replica","module_score_CA2_slm_WGCNA_#BF812D_sensitivity_flagged_replica","",259,8063,"02f08d021dc9cfffc7d7a1de550daac6053d356604d95d694c0e55c4d654fd25","analysis/wgcna/score_module_activity.R","score_module_activity.R:3343/3357","results/figures/06_modules_WGCNA/module_score/neuron_neuropil/wgcna/module_group_scores/sensitivity_flagged_replicates_removed","svg"
"results/figures/06_modules_WGCNA/module_score/neuron_neuropil/wgcna/module_group_scores/sensitivity_flagged_replicates_removed/module_score_CA2_slm_WGCNA_#DE2D26_sensitivity_flagged_replica","module_score_CA2_slm_WGCNA_#DE2D26_sensitivity_flagged_replica","",259,7507,"bf127b2e8d39f75daef3ab2c028d8464d7bdd867b1892f86466c10de93588057","analysis/wgcna/score_module_activity.R","score_module_activity.R:3343/3357","results/figures/06_modules_WGCNA/module_score/neuron_neuropil/wgcna/module_group_scores/sensitivity_flagged_replicates_removed","svg"
"results/figures/06_modules_WGCNA/module_score/neuron_neuropil/wgcna/module_group_scores/sensitivity_flagged_replicates_removed/module_score_CA2_slm_WGCNA_#FB6A4A_sensitivity_flagged_replica","module_score_CA2_slm_WGCNA_#FB6A4A_sensitivity_flagged_replica","",259,7628,"595737ceda2d8e7ba55b6a4e7c95cd39dae116deb27c4470a69820c4093b2d73","analysis/wgcna/score_module_activity.R","score_module_activity.R:3343/3357","results/figures/06_modules_WGCNA/module_score/neuron_neuropil/wgcna/module_group_scores/sensitivity_flagged_replicates_removed","svg"
"results/figures/06_modules_WGCNA/module_score/neuron_neuropil/wgcna/module_group_scores/sensitivity_flagged_replicates_removed/module_score_CA2_so_WGCNA_#006D2C_sensitivity_flagged_replicat","module_score_CA2_so_WGCNA_#006D2C_sensitivity_flagged_replicat","",259,7106,"d026d5a62dfdf5b8b28a59e553188e7d6740857390a64c9dc11eca1b079b490c","analysis/wgcna/score_module_activity.R","score_module_activity.R:3343/3357","results/figures/06_modules_WGCNA/module_score/neuron_neuropil/wgcna/module_group_scores/sensitivity_flagged_replicates_removed","svg"
"results/figures/06_modules_WGCNA/module_score/neuron_neuropil/wgcna/module_group_scores/sensitivity_flagged_replicates_removed/module_score_CA2_so_WGCNA_#08519C_sensitivity_flagged_replicat","module_score_CA2_so_WGCNA_#08519C_sensitivity_flagged_replicat","",259,7346,"b4eb2c9f2caed1878bdef4e55124e801ffc09d808251391cc8b7c5fc7a83566d","analysis/wgcna/score_module_activity.R","score_module_activity.R:3343/3357","results/figures/06_modules_WGCNA/module_score/neuron_neuropil/wgcna/module_group_scores/sensitivity_flagged_replicates_removed","svg"
"results/figures/06_modules_WGCNA/module_score/neuron_neuropil/wgcna/module_group_scores/sensitivity_flagged_replicates_removed/module_score_CA2_so_WGCNA_#238B45_sensitivity_flagged_replicat","module_score_CA2_so_WGCNA_#238B45_sensitivity_flagged_replicat","",259,7466,"f48515295500a2086dbe679d14004e932ff240cd0f09dc8b81dc8ff33f0673d1","analysis/wgcna/score_module_activity.R","score_module_activity.R:3343/3357","results/figures/06_modules_WGCNA/module_score/neuron_neuropil/wgcna/module_group_scores/sensitivity_flagged_replicates_removed","svg"
"results/figures/06_modules_WGCNA/module_score/neuron_neuropil/wgcna/module_group_scores/sensitivity_flagged_replicates_removed/module_score_CA2_so_WGCNA_#2B8CBE_sensitivity_flagged_replicat","module_score_CA2_so_WGCNA_#2B8CBE_sensitivity_flagged_replicat","",259,7533,"1346d389fc6ac51b47a1352630046df4c62bbf183225abd6bdb55847d9100d7c","analysis/wgcna/score_module_activity.R","score_module_activity.R:3343/3357","results/figures/06_modules_WGCNA/module_score/neuron_neuropil/wgcna/module_group_scores/sensitivity_flagged_replicates_removed","svg"
"results/figures/06_modules_WGCNA/module_score/neuron_neuropil/wgcna/module_group_scores/sensitivity_flagged_replicates_removed/module_score_CA2_so_WGCNA_#3F007D_sensitivity_flagged_replicat","module_score_CA2_so_WGCNA_#3F007D_sensitivity_flagged_replicat","",259,7757,"2312f40cb823508fcc06a3fdd4abecc5179cd73c4e22f933bfead7da3cf365c3","analysis/wgcna/score_module_activity.R","score_module_activity.R:3343/3357","results/figures/06_modules_WGCNA/module_score/neuron_neuropil/wgcna/module_group_scores/sensitivity_flagged_replicates_removed","svg"
"results/figures/06_modules_WGCNA/module_score/neuron_neuropil/wgcna/module_group_scores/sensitivity_flagged_replicates_removed/module_score_CA2_so_WGCNA_#4D4D4D_sensitivity_flagged_replicat","module_score_CA2_so_WGCNA_#4D4D4D_sensitivity_flagged_replicat","",259,7238,"a5e9b0549825bb4c60935d5bf8f7198336d60bfe4a383defeef7e835dd3d12e9","analysis/wgcna/score_module_activity.R","score_module_activity.R:3343/3357","results/figures/06_modules_WGCNA/module_score/neuron_neuropil/wgcna/module_group_scores/sensitivity_flagged_replicates_removed","svg"
"results/figures/06_modules_WGCNA/module_score/neuron_neuropil/wgcna/module_group_scores/sensitivity_flagged_replicates_removed/module_score_CA2_so_WGCNA_#737373_sensitivity_flagged_replicat","module_score_CA2_so_WGCNA_#737373_sensitivity_flagged_replicat","",259,8070,"b55891fc6c27071815ab70329bb71d777f94b3cd5a819a65657e9649ce410076","analysis/wgcna/score_module_activity.R","score_module_activity.R:3343/3357","results/figures/06_modules_WGCNA/module_score/neuron_neuropil/wgcna/module_group_scores/sensitivity_flagged_replicates_removed","svg"
"results/figures/06_modules_WGCNA/module_score/neuron_neuropil/wgcna/module_group_scores/sensitivity_flagged_replicates_removed/module_score_CA2_so_WGCNA_#74C476_sensitivity_flagged_replicat","module_score_CA2_so_WGCNA_#74C476_sensitivity_flagged_replicat","",259,7343,"d5cdc9caf3037cfa8c0b2dcda37f24d1415ad3290c00dd023fa78335b4d609bd","analysis/wgcna/score_module_activity.R","score_module_activity.R:3343/3357","results/figures/06_modules_WGCNA/module_score/neuron_neuropil/wgcna/module_group_scores/sensitivity_flagged_replicates_removed","svg"
"results/figures/06_modules_WGCNA/module_score/neuron_neuropil/wgcna/module_group_scores/sensitivity_flagged_replicates_removed/module_score_CA2_so_WGCNA_#756BB1_sensitivity_flagged_replicat","module_score_CA2_so_WGCNA_#756BB1_sensitivity_flagged_replicat","",259,7638,"ff9d6dec1e02781aad2a46ddf3d1a1300975b0595fc17256232a47494c57fb6b","analysis/wgcna/score_module_activity.R","score_module_activity.R:3343/3357","results/figures/06_modules_WGCNA/module_score/neuron_neuropil/wgcna/module_group_scores/sensitivity_flagged_replicates_removed","svg"
"results/figures/06_modules_WGCNA/module_score/neuron_neuropil/wgcna/module_group_scores/sensitivity_flagged_replicates_removed/module_score_CA2_so_WGCNA_#969696_sensitivity_flagged_replicat","module_score_CA2_so_WGCNA_#969696_sensitivity_flagged_replicat","",259,7349,"a2900443152151aa57f34c865ccc4d1e0504861ac36924203deaeb12aa914b61","analysis/wgcna/score_module_activity.R","score_module_activity.R:3343/3357","results/figures/06_modules_WGCNA/module_score/neuron_neuropil/wgcna/module_group_scores/sensitivity_flagged_replicates_removed","svg"
"results/figures/06_modules_WGCNA/module_score/neuron_neuropil/wgcna/module_group_scores/sensitivity_flagged_replicates_removed/module_score_CA2_so_WGCNA_#9E9AC8_sensitivity_flagged_replicat","module_score_CA2_so_WGCNA_#9E9AC8_sensitivity_flagged_replicat","",259,7361,"066afc1b25001cb52fe2de8b8f59b101adf07468f6dc1f6888c549704fdb900d","analysis/wgcna/score_module_activity.R","score_module_activity.R:3343/3357","results/figures/06_modules_WGCNA/module_score/neuron_neuropil/wgcna/module_group_scores/sensitivity_flagged_replicates_removed","svg"
"results/figures/06_modules_WGCNA/module_score/neuron_neuropil/wgcna/module_group_scores/sensitivity_flagged_replicates_removed/module_score_CA2_so_WGCNA_#BF812D_sensitivity_flagged_replicat","module_score_CA2_so_WGCNA_#BF812D_sensitivity_flagged_replicat","",259,7365,"558203aeb5ae3da8ca9c0e915160dc9d492f3ab9cb7ad95720d48a69b89003bb","analysis/wgcna/score_module_activity.R","score_module_activity.R:3343/3357","results/figures/06_modules_WGCNA/module_score/neuron_neuropil/wgcna/module_group_scores/sensitivity_flagged_replicates_removed","svg"
"results/figures/06_modules_WGCNA/module_score/neuron_neuropil/wgcna/module_group_scores/sensitivity_flagged_replicates_removed/module_score_CA2_so_WGCNA_#DE2D26_sensitivity_flagged_replicat","module_score_CA2_so_WGCNA_#DE2D26_sensitivity_flagged_replicat","",259,8116,"1d44fbf864065890a2d92c2b3154417e6c6c7893371ed2ceafbcab2b8e6319c2","analysis/wgcna/score_module_activity.R","score_module_activity.R:3343/3357","results/figures/06_modules_WGCNA/module_score/neuron_neuropil/wgcna/module_group_scores/sensitivity_flagged_replicates_removed","svg"
"results/figures/06_modules_WGCNA/module_score/neuron_neuropil/wgcna/module_group_scores/sensitivity_flagged_replicates_removed/module_score_CA2_so_WGCNA_#FB6A4A_sensitivity_flagged_replicat","module_score_CA2_so_WGCNA_#FB6A4A_sensitivity_flagged_replicat","",259,8048,"734255e72f7ea1e448acf6966edec40b45db1c41715666a65e9b66a87e30d645","analysis/wgcna/score_module_activity.R","score_module_activity.R:3343/3357","results/figures/06_modules_WGCNA/module_score/neuron_neuropil/wgcna/module_group_scores/sensitivity_flagged_replicates_removed","svg"
"results/figures/06_modules_WGCNA/module_score/neuron_neuropil/wgcna/module_group_scores/sensitivity_flagged_replicates_removed/module_score_CA2_sr_WGCNA_#006D2C_sensitivity_flagged_replicat","module_score_CA2_sr_WGCNA_#006D2C_sensitivity_flagged_replicat","",259,7524,"6d894b38eef56af6646e8587aa5816c491a5807b0d1380f91761ebe181c6266e","analysis/wgcna/score_module_activity.R","score_module_activity.R:3343/3357","results/figures/06_modules_WGCNA/module_score/neuron_neuropil/wgcna/module_group_scores/sensitivity_flagged_replicates_removed","svg"
"results/figures/06_modules_WGCNA/module_score/neuron_neuropil/wgcna/module_group_scores/sensitivity_flagged_replicates_removed/module_score_CA2_sr_WGCNA_#08519C_sensitivity_flagged_replicat","module_score_CA2_sr_WGCNA_#08519C_sensitivity_flagged_replicat","",259,7521,"f3f1c1c0308d159dc4da172a97d7ae47f5de6125fb274f4499e5f7a4bab01c70","analysis/wgcna/score_module_activity.R","score_module_activity.R:3343/3357","results/figures/06_modules_WGCNA/module_score/neuron_neuropil/wgcna/module_group_scores/sensitivity_flagged_replicates_removed","svg"
"results/figures/06_modules_WGCNA/module_score/neuron_neuropil/wgcna/module_group_scores/sensitivity_flagged_replicates_removed/module_score_CA2_sr_WGCNA_#238B45_sensitivity_flagged_replicat","module_score_CA2_sr_WGCNA_#238B45_sensitivity_flagged_replicat","",259,7772,"7fd8efde3f11bee3b075bcac70262e01834e3b5e1e1d5e17a81d663b9ab05447","analysis/wgcna/score_module_activity.R","score_module_activity.R:3343/3357","results/figures/06_modules_WGCNA/module_score/neuron_neuropil/wgcna/module_group_scores/sensitivity_flagged_replicates_removed","svg"
"results/figures/06_modules_WGCNA/module_score/neuron_neuropil/wgcna/module_group_scores/sensitivity_flagged_replicates_removed/module_score_CA2_sr_WGCNA_#2B8CBE_sensitivity_flagged_replicat","module_score_CA2_sr_WGCNA_#2B8CBE_sensitivity_flagged_replicat","",259,8360,"381b1f418616766ecef956d120856650c18a84c420ba9a4f900fff9da2a5a094","analysis/wgcna/score_module_activity.R","score_module_activity.R:3343/3357","results/figures/06_modules_WGCNA/module_score/neuron_neuropil/wgcna/module_group_scores/sensitivity_flagged_replicates_removed","svg"
"results/figures/06_modules_WGCNA/module_score/neuron_neuropil/wgcna/module_group_scores/sensitivity_flagged_replicates_removed/module_score_CA2_sr_WGCNA_#3F007D_sensitivity_flagged_replicat","module_score_CA2_sr_WGCNA_#3F007D_sensitivity_flagged_replicat","",259,7171,"ef569332e8ae4b7a827460f47f670caf02d9bc235887b00bd6520ceee0fb3f6e","analysis/wgcna/score_module_activity.R","score_module_activity.R:3343/3357","results/figures/06_modules_WGCNA/module_score/neuron_neuropil/wgcna/module_group_scores/sensitivity_flagged_replicates_removed","svg"
"results/figures/06_modules_WGCNA/module_score/neuron_neuropil/wgcna/module_group_scores/sensitivity_flagged_replicates_removed/module_score_CA2_sr_WGCNA_#4D4D4D_sensitivity_flagged_replicat","module_score_CA2_sr_WGCNA_#4D4D4D_sensitivity_flagged_replicat","",259,7481,"3903f993c14201cfec3ec6683094614e0458d02c7b399091861da9e7b1d4fde4","analysis/wgcna/score_module_activity.R","score_module_activity.R:3343/3357","results/figures/06_modules_WGCNA/module_score/neuron_neuropil/wgcna/module_group_scores/sensitivity_flagged_replicates_removed","svg"
"results/figures/06_modules_WGCNA/module_score/neuron_neuropil/wgcna/module_group_scores/sensitivity_flagged_replicates_removed/module_score_CA2_sr_WGCNA_#737373_sensitivity_flagged_replicat","module_score_CA2_sr_WGCNA_#737373_sensitivity_flagged_replicat","",259,8223,"a4fdc4693d9ffcdf9acb73b52e315fba36d8cc8a12909e55b32b30d1b47fed5d","analysis/wgcna/score_module_activity.R","score_module_activity.R:3343/3357","results/figures/06_modules_WGCNA/module_score/neuron_neuropil/wgcna/module_group_scores/sensitivity_flagged_replicates_removed","svg"
"results/figures/06_modules_WGCNA/module_score/neuron_neuropil/wgcna/module_group_scores/sensitivity_flagged_replicates_removed/module_score_CA2_sr_WGCNA_#74C476_sensitivity_flagged_replicat","module_score_CA2_sr_WGCNA_#74C476_sensitivity_flagged_replicat","",259,7752,"76a6fc81ae3bb4725be19bad1ee8c5a52cee3e42c09d07b0777cdc692c88bd56","analysis/wgcna/score_module_activity.R","score_module_activity.R:3343/3357","results/figures/06_modules_WGCNA/module_score/neuron_neuropil/wgcna/module_group_scores/sensitivity_flagged_replicates_removed","svg"
"results/figures/06_modules_WGCNA/module_score/neuron_neuropil/wgcna/module_group_scores/sensitivity_flagged_replicates_removed/module_score_CA2_sr_WGCNA_#756BB1_sensitivity_flagged_replicat","module_score_CA2_sr_WGCNA_#756BB1_sensitivity_flagged_replicat","",259,7480,"af8a51e4f5561a5134afeeb6d9df68061ec7c6724e0b36e5d92a4528a6ecf3b2","analysis/wgcna/score_module_activity.R","score_module_activity.R:3343/3357","results/figures/06_modules_WGCNA/module_score/neuron_neuropil/wgcna/module_group_scores/sensitivity_flagged_replicates_removed","svg"
"results/figures/06_modules_WGCNA/module_score/neuron_neuropil/wgcna/module_group_scores/sensitivity_flagged_replicates_removed/module_score_CA2_sr_WGCNA_#969696_sensitivity_flagged_replicat","module_score_CA2_sr_WGCNA_#969696_sensitivity_flagged_replicat","",259,7352,"a42b5b3db26c80a49e0afb6f9c5e9ff5660f43c4c217f0b27d000842bb32e5d4","analysis/wgcna/score_module_activity.R","score_module_activity.R:3343/3357","results/figures/06_modules_WGCNA/module_score/neuron_neuropil/wgcna/module_group_scores/sensitivity_flagged_replicates_removed","svg"
"results/figures/06_modules_WGCNA/module_score/neuron_neuropil/wgcna/module_group_scores/sensitivity_flagged_replicates_removed/module_score_CA2_sr_WGCNA_#9E9AC8_sensitivity_flagged_replicat","module_score_CA2_sr_WGCNA_#9E9AC8_sensitivity_flagged_replicat","",259,7471,"25aa3ec8f5af918c56ba126e4bf78dc20c1e0724042d58dd278de67bb55b4d7d","analysis/wgcna/score_module_activity.R","score_module_activity.R:3343/3357","results/figures/06_modules_WGCNA/module_score/neuron_neuropil/wgcna/module_group_scores/sensitivity_flagged_replicates_removed","svg"
"results/figures/06_modules_WGCNA/module_score/neuron_neuropil/wgcna/module_group_scores/sensitivity_flagged_replicates_removed/module_score_CA2_sr_WGCNA_#BF812D_sensitivity_flagged_replicat","module_score_CA2_sr_WGCNA_#BF812D_sensitivity_flagged_replicat","",259,7825,"429b34649529e86900ee476f8811fd611036c114219cb8dd2beed218e8661f1b","analysis/wgcna/score_module_activity.R","score_module_activity.R:3343/3357","results/figures/06_modules_WGCNA/module_score/neuron_neuropil/wgcna/module_group_scores/sensitivity_flagged_replicates_removed","svg"
"results/figures/06_modules_WGCNA/module_score/neuron_neuropil/wgcna/module_group_scores/sensitivity_flagged_replicates_removed/module_score_CA2_sr_WGCNA_#DE2D26_sensitivity_flagged_replicat","module_score_CA2_sr_WGCNA_#DE2D26_sensitivity_flagged_replicat","",259,7922,"62a993e7de0ae59b5927a2dadf280676a1331d536ba1ba6bf2b4ad9a80000bd0","analysis/wgcna/score_module_activity.R","score_module_activity.R:3343/3357","results/figures/06_modules_WGCNA/module_score/neuron_neuropil/wgcna/module_group_scores/sensitivity_flagged_replicates_removed","svg"
"results/figures/06_modules_WGCNA/module_score/neuron_neuropil/wgcna/module_group_scores/sensitivity_flagged_replicates_removed/module_score_CA2_sr_WGCNA_#FB6A4A_sensitivity_flagged_replicat","module_score_CA2_sr_WGCNA_#FB6A4A_sensitivity_flagged_replicat","",259,7632,"9df0930e6279b6727e92db165c53a0abf67ee7de35e17488c1d785dcada08652","analysis/wgcna/score_module_activity.R","score_module_activity.R:3343/3357","results/figures/06_modules_WGCNA/module_score/neuron_neuropil/wgcna/module_group_scores/sensitivity_flagged_replicates_removed","svg"
"results/figures/06_modules_WGCNA/module_score/neuron_neuropil/wgcna/module_group_scores/sensitivity_flagged_replicates_removed/module_score_CA3_so_WGCNA_#006D2C_sensitivity_flagged_replicat","module_score_CA3_so_WGCNA_#006D2C_sensitivity_flagged_replicat","",259,6696,"0924243956a932ae60656780f7b472a2ff7810e268e18c81f763262ccf4e6f80","analysis/wgcna/score_module_activity.R","score_module_activity.R:3343/3357","results/figures/06_modules_WGCNA/module_score/neuron_neuropil/wgcna/module_group_scores/sensitivity_flagged_replicates_removed","svg"
"results/figures/06_modules_WGCNA/module_score/neuron_neuropil/wgcna/module_group_scores/sensitivity_flagged_replicates_removed/module_score_CA3_so_WGCNA_#08519C_sensitivity_flagged_replicat","module_score_CA3_so_WGCNA_#08519C_sensitivity_flagged_replicat","",259,7349,"5b76e7fbc10c08b1772872dab1e3280db1cf1dd6580e52348531bdb94899b990","analysis/wgcna/score_module_activity.R","score_module_activity.R:3343/3357","results/figures/06_modules_WGCNA/module_score/neuron_neuropil/wgcna/module_group_scores/sensitivity_flagged_replicates_removed","svg"
"results/figures/06_modules_WGCNA/module_score/neuron_neuropil/wgcna/module_group_scores/sensitivity_flagged_replicates_removed/module_score_CA3_so_WGCNA_#238B45_sensitivity_flagged_replicat","module_score_CA3_so_WGCNA_#238B45_sensitivity_flagged_replicat","",259,7643,"21df1eb0046874d52ac9c94137ec646e3c965df1af1790ef9f986d904e0da10d","analysis/wgcna/score_module_activity.R","score_module_activity.R:3343/3357","results/figures/06_modules_WGCNA/module_score/neuron_neuropil/wgcna/module_group_scores/sensitivity_flagged_replicates_removed","svg"
"results/figures/06_modules_WGCNA/module_score/neuron_neuropil/wgcna/module_group_scores/sensitivity_flagged_replicates_removed/module_score_CA3_so_WGCNA_#2B8CBE_sensitivity_flagged_replicat","module_score_CA3_so_WGCNA_#2B8CBE_sensitivity_flagged_replicat","",259,8067,"1acaf308e17185f2e8e39679531268cd726bf4004fe879e340073989ca905641","analysis/wgcna/score_module_activity.R","score_module_activity.R:3343/3357","results/figures/06_modules_WGCNA/module_score/neuron_neuropil/wgcna/module_group_scores/sensitivity_flagged_replicates_removed","svg"
"results/figures/06_modules_WGCNA/module_score/neuron_neuropil/wgcna/module_group_scores/sensitivity_flagged_replicates_removed/module_score_CA3_so_WGCNA_#3F007D_sensitivity_flagged_replicat","module_score_CA3_so_WGCNA_#3F007D_sensitivity_flagged_replicat","",259,7486,"50e83ee27dfaec0dc6adb639096e0faba29deec155d85d0a0f6207c3cf379ce2","analysis/wgcna/score_module_activity.R","score_module_activity.R:3343/3357","results/figures/06_modules_WGCNA/module_score/neuron_neuropil/wgcna/module_group_scores/sensitivity_flagged_replicates_removed","svg"
"results/figures/06_modules_WGCNA/module_score/neuron_neuropil/wgcna/module_group_scores/sensitivity_flagged_replicates_removed/module_score_CA3_so_WGCNA_#4D4D4D_sensitivity_flagged_replicat","module_score_CA3_so_WGCNA_#4D4D4D_sensitivity_flagged_replicat","",259,7240,"0380fd389008e43b48e7722098aa1690b3f70a7e296e872a032f41dba6047f05","analysis/wgcna/score_module_activity.R","score_module_activity.R:3343/3357","results/figures/06_modules_WGCNA/module_score/neuron_neuropil/wgcna/module_group_scores/sensitivity_flagged_replicates_removed","svg"
"results/figures/06_modules_WGCNA/module_score/neuron_neuropil/wgcna/module_group_scores/sensitivity_flagged_replicates_removed/module_score_CA3_so_WGCNA_#737373_sensitivity_flagged_replicat","module_score_CA3_so_WGCNA_#737373_sensitivity_flagged_replicat","",259,8047,"bf2bcae310c4531fc6f79a80229716fd76a52f063a49bcf32b49e485dec22077","analysis/wgcna/score_module_activity.R","score_module_activity.R:3343/3357","results/figures/06_modules_WGCNA/module_score/neuron_neuropil/wgcna/module_group_scores/sensitivity_flagged_replicates_removed","svg"
"results/figures/06_modules_WGCNA/module_score/neuron_neuropil/wgcna/module_group_scores/sensitivity_flagged_replicates_removed/module_score_CA3_so_WGCNA_#74C476_sensitivity_flagged_replicat","module_score_CA3_so_WGCNA_#74C476_sensitivity_flagged_replicat","",259,7763,"66d495e1fdc6e945e95af989f54826d3425827b27741b8ce4200b35a9facc5b3","analysis/wgcna/score_module_activity.R","score_module_activity.R:3343/3357","results/figures/06_modules_WGCNA/module_score/neuron_neuropil/wgcna/module_group_scores/sensitivity_flagged_replicates_removed","svg"
"results/figures/06_modules_WGCNA/module_score/neuron_neuropil/wgcna/module_group_scores/sensitivity_flagged_replicates_removed/module_score_CA3_so_WGCNA_#756BB1_sensitivity_flagged_replicat","module_score_CA3_so_WGCNA_#756BB1_sensitivity_flagged_replicat","",259,7488,"19132f98237aa8f983bd7b09fb2659210a0d432528b0340a0d2bcbe1830985bd","analysis/wgcna/score_module_activity.R","score_module_activity.R:3343/3357","results/figures/06_modules_WGCNA/module_score/neuron_neuropil/wgcna/module_group_scores/sensitivity_flagged_replicates_removed","svg"
"results/figures/06_modules_WGCNA/module_score/neuron_neuropil/wgcna/module_group_scores/sensitivity_flagged_replicates_removed/module_score_CA3_so_WGCNA_#969696_sensitivity_flagged_replicat","module_score_CA3_so_WGCNA_#969696_sensitivity_flagged_replicat","",259,7365,"f20f253ab604fdfbe8bf1a4c0753ad1ebbe212af58e0eb1f82cc5a9d0fd45923","analysis/wgcna/score_module_activity.R","score_module_activity.R:3343/3357","results/figures/06_modules_WGCNA/module_score/neuron_neuropil/wgcna/module_group_scores/sensitivity_flagged_replicates_removed","svg"
"results/figures/06_modules_WGCNA/module_score/neuron_neuropil/wgcna/module_group_scores/sensitivity_flagged_replicates_removed/module_score_CA3_so_WGCNA_#9E9AC8_sensitivity_flagged_replicat","module_score_CA3_so_WGCNA_#9E9AC8_sensitivity_flagged_replicat","",259,7658,"db3d9a833e6645721925555272c87f0b5777c06dd8c48b20c38606193372589e","analysis/wgcna/score_module_activity.R","score_module_activity.R:3343/3357","results/figures/06_modules_WGCNA/module_score/neuron_neuropil/wgcna/module_group_scores/sensitivity_flagged_replicates_removed","svg"
"results/figures/06_modules_WGCNA/module_score/neuron_neuropil/wgcna/module_group_scores/sensitivity_flagged_replicates_removed/module_score_CA3_so_WGCNA_#BF812D_sensitivity_flagged_replicat","module_score_CA3_so_WGCNA_#BF812D_sensitivity_flagged_replicat","",259,7767,"28fd1da8cc9ca9941a9ba94d7ef1c31878b6a8e41122087886cfccafe6e023d0","analysis/wgcna/score_module_activity.R","score_module_activity.R:3343/3357","results/figures/06_modules_WGCNA/module_score/neuron_neuropil/wgcna/module_group_scores/sensitivity_flagged_replicates_removed","svg"
"results/figures/06_modules_WGCNA/module_score/neuron_neuropil/wgcna/module_group_scores/sensitivity_flagged_replicates_removed/module_score_CA3_so_WGCNA_#DE2D26_sensitivity_flagged_replicat","module_score_CA3_so_WGCNA_#DE2D26_sensitivity_flagged_replicat","",259,7487,"1e1e133844a3b48c3c7b01a806a821802148af6c3e97a01a0b448f81d8fb7f4f","analysis/wgcna/score_module_activity.R","score_module_activity.R:3343/3357","results/figures/06_modules_WGCNA/module_score/neuron_neuropil/wgcna/module_group_scores/sensitivity_flagged_replicates_removed","svg"
"results/figures/06_modules_WGCNA/module_score/neuron_neuropil/wgcna/module_group_scores/sensitivity_flagged_replicates_removed/module_score_CA3_so_WGCNA_#FB6A4A_sensitivity_flagged_replicat","module_score_CA3_so_WGCNA_#FB6A4A_sensitivity_flagged_replicat","",259,7487,"ce55e7ea70fe540ca9dc130b90675da54d99892a5c9742af4244528decf0f26d","analysis/wgcna/score_module_activity.R","score_module_activity.R:3343/3357","results/figures/06_modules_WGCNA/module_score/neuron_neuropil/wgcna/module_group_scores/sensitivity_flagged_replicates_removed","svg"
"results/figures/06_modules_WGCNA/module_score/neuron_neuropil/wgcna/module_group_scores/sensitivity_flagged_replicates_removed/module_score_CA3_sr_WGCNA_#006D2C_sensitivity_flagged_replicat","module_score_CA3_sr_WGCNA_#006D2C_sensitivity_flagged_replicat","",259,7521,"3c1e8db91bfa557696c8486ca1c0512924733e4c06638178039057eec9ac5a96","analysis/wgcna/score_module_activity.R","score_module_activity.R:3343/3357","results/figures/06_modules_WGCNA/module_score/neuron_neuropil/wgcna/module_group_scores/sensitivity_flagged_replicates_removed","svg"
"results/figures/06_modules_WGCNA/module_score/neuron_neuropil/wgcna/module_group_scores/sensitivity_flagged_replicates_removed/module_score_CA3_sr_WGCNA_#08519C_sensitivity_flagged_replicat","module_score_CA3_sr_WGCNA_#08519C_sensitivity_flagged_replicat","",259,8788,"e39b1e225c190eee9f7dc9f43321b2cb4f7fd57e3cd4e9abde0255e08d2db102","analysis/wgcna/score_module_activity.R","score_module_activity.R:3343/3357","results/figures/06_modules_WGCNA/module_score/neuron_neuropil/wgcna/module_group_scores/sensitivity_flagged_replicates_removed","svg"
"results/figures/06_modules_WGCNA/module_score/neuron_neuropil/wgcna/module_group_scores/sensitivity_flagged_replicates_removed/module_score_CA3_sr_WGCNA_#238B45_sensitivity_flagged_replicat","module_score_CA3_sr_WGCNA_#238B45_sensitivity_flagged_replicat","",259,8623,"3cde2c6c1817af2937b964361ee0f01f17a199a28e24e05a961181a584d5f494","analysis/wgcna/score_module_activity.R","score_module_activity.R:3343/3357","results/figures/06_modules_WGCNA/module_score/neuron_neuropil/wgcna/module_group_scores/sensitivity_flagged_replicates_removed","svg"
"results/figures/06_modules_WGCNA/module_score/neuron_neuropil/wgcna/module_group_scores/sensitivity_flagged_replicates_removed/module_score_CA3_sr_WGCNA_#2B8CBE_sensitivity_flagged_replicat","module_score_CA3_sr_WGCNA_#2B8CBE_sensitivity_flagged_replicat","",259,7944,"f4a3be479c5d597fe36aef8b11124c465a1dd10a39726e2527de7082649b6db4","analysis/wgcna/score_module_activity.R","score_module_activity.R:3343/3357","results/figures/06_modules_WGCNA/module_score/neuron_neuropil/wgcna/module_group_scores/sensitivity_flagged_replicates_removed","svg"
"results/figures/06_modules_WGCNA/module_score/neuron_neuropil/wgcna/module_group_scores/sensitivity_flagged_replicates_removed/module_score_CA3_sr_WGCNA_#3F007D_sensitivity_flagged_replicat","module_score_CA3_sr_WGCNA_#3F007D_sensitivity_flagged_replicat","",259,7948,"28a7e84f6c4e36ac474fdc76c6cfe0363ea3b465e861ee4ad9f0476dae4b3382","analysis/wgcna/score_module_activity.R","score_module_activity.R:3343/3357","results/figures/06_modules_WGCNA/module_score/neuron_neuropil/wgcna/module_group_scores/sensitivity_flagged_replicates_removed","svg"
"results/figures/06_modules_WGCNA/module_score/neuron_neuropil/wgcna/module_group_scores/sensitivity_flagged_replicates_removed/module_score_CA3_sr_WGCNA_#4D4D4D_sensitivity_flagged_replicat","module_score_CA3_sr_WGCNA_#4D4D4D_sensitivity_flagged_replicat","",259,7644,"69bbc31b08fb3d61e9dd8bbb365eb58075ef232bed9b4ed253f59b1d51d85996","analysis/wgcna/score_module_activity.R","score_module_activity.R:3343/3357","results/figures/06_modules_WGCNA/module_score/neuron_neuropil/wgcna/module_group_scores/sensitivity_flagged_replicates_removed","svg"
"results/figures/06_modules_WGCNA/module_score/neuron_neuropil/wgcna/module_group_scores/sensitivity_flagged_replicates_removed/module_score_CA3_sr_WGCNA_#737373_sensitivity_flagged_replicat","module_score_CA3_sr_WGCNA_#737373_sensitivity_flagged_replicat","",259,7942,"2b73bd787449423e6983aafbe99aae5b309067a528ca83bbe2b814173fb22929","analysis/wgcna/score_module_activity.R","score_module_activity.R:3343/3357","results/figures/06_modules_WGCNA/module_score/neuron_neuropil/wgcna/module_group_scores/sensitivity_flagged_replicates_removed","svg"
"results/figures/06_modules_WGCNA/module_score/neuron_neuropil/wgcna/module_group_scores/sensitivity_flagged_replicates_removed/module_score_CA3_sr_WGCNA_#74C476_sensitivity_flagged_replicat","module_score_CA3_sr_WGCNA_#74C476_sensitivity_flagged_replicat","",259,7533,"95a16e43660b8c1301df765a522b635b22304105603a5f502aa3dd70541d5efd","analysis/wgcna/score_module_activity.R","score_module_activity.R:3343/3357","results/figures/06_modules_WGCNA/module_score/neuron_neuropil/wgcna/module_group_scores/sensitivity_flagged_replicates_removed","svg"
"results/figures/06_modules_WGCNA/module_score/neuron_neuropil/wgcna/module_group_scores/sensitivity_flagged_replicates_removed/module_score_CA3_sr_WGCNA_#756BB1_sensitivity_flagged_replicat","module_score_CA3_sr_WGCNA_#756BB1_sensitivity_flagged_replicat","",259,8149,"2f3d931a23172e25a8fac62a859a5cedbbb635de1f8d4f8c2be52a03faecf497","analysis/wgcna/score_module_activity.R","score_module_activity.R:3343/3357","results/figures/06_modules_WGCNA/module_score/neuron_neuropil/wgcna/module_group_scores/sensitivity_flagged_replicates_removed","svg"
"results/figures/06_modules_WGCNA/module_score/neuron_neuropil/wgcna/module_group_scores/sensitivity_flagged_replicates_removed/module_score_CA3_sr_WGCNA_#969696_sensitivity_flagged_replicat","module_score_CA3_sr_WGCNA_#969696_sensitivity_flagged_replicat","",259,8245,"dec73b871ebc61d7cf37607f34dbb7b3ce88d63a13dc0beb749d2e094c8d4ca3","analysis/wgcna/score_module_activity.R","score_module_activity.R:3343/3357","results/figures/06_modules_WGCNA/module_score/neuron_neuropil/wgcna/module_group_scores/sensitivity_flagged_replicates_removed","svg"
"results/figures/06_modules_WGCNA/module_score/neuron_neuropil/wgcna/module_group_scores/sensitivity_flagged_replicates_removed/module_score_CA3_sr_WGCNA_#9E9AC8_sensitivity_flagged_replicat","module_score_CA3_sr_WGCNA_#9E9AC8_sensitivity_flagged_replicat","",259,7777,"c1f0dba771e07fbacda580f9554d219eb635f50444d85e8e56ced66eda7fab6c","analysis/wgcna/score_module_activity.R","score_module_activity.R:3343/3357","results/figures/06_modules_WGCNA/module_score/neuron_neuropil/wgcna/module_group_scores/sensitivity_flagged_replicates_removed","svg"
"results/figures/06_modules_WGCNA/module_score/neuron_neuropil/wgcna/module_group_scores/sensitivity_flagged_replicates_removed/module_score_CA3_sr_WGCNA_#BF812D_sensitivity_flagged_replicat","module_score_CA3_sr_WGCNA_#BF812D_sensitivity_flagged_replicat","",259,7642,"fa3b67d677fde496a758b621ba98e7e4907854c36f75caf7c210333ba9bf7003","analysis/wgcna/score_module_activity.R","score_module_activity.R:3343/3357","results/figures/06_modules_WGCNA/module_score/neuron_neuropil/wgcna/module_group_scores/sensitivity_flagged_replicates_removed","svg"
"results/figures/06_modules_WGCNA/module_score/neuron_neuropil/wgcna/module_group_scores/sensitivity_flagged_replicates_removed/module_score_CA3_sr_WGCNA_#DE2D26_sensitivity_flagged_replicat","module_score_CA3_sr_WGCNA_#DE2D26_sensitivity_flagged_replicat","",259,8923,"946555c93bc226d848bd51622ba2e2065e60e19ef9eb6befd1ed8ecce60d45ce","analysis/wgcna/score_module_activity.R","score_module_activity.R:3343/3357","results/figures/06_modules_WGCNA/module_score/neuron_neuropil/wgcna/module_group_scores/sensitivity_flagged_replicates_removed","svg"
"results/figures/06_modules_WGCNA/module_score/neuron_neuropil/wgcna/module_group_scores/sensitivity_flagged_replicates_removed/module_score_CA3_sr_WGCNA_#FB6A4A_sensitivity_flagged_replicat","module_score_CA3_sr_WGCNA_#FB6A4A_sensitivity_flagged_replicat","",259,7651,"88d168fa8ae9300a465aa7b6657a2db86dead86f54aaaab450a7efcd111ae5f8","analysis/wgcna/score_module_activity.R","score_module_activity.R:3343/3357","results/figures/06_modules_WGCNA/module_score/neuron_neuropil/wgcna/module_group_scores/sensitivity_flagged_replicates_removed","svg"
"results/figures/06_modules_WGCNA/module_score/neuron_neuropil/wgcna/module_group_scores/sensitivity_flagged_replicates_removed/module_score_DG_mo_WGCNA_#006D2C_sensitivity_flagged_replicate","module_score_DG_mo_WGCNA_#006D2C_sensitivity_flagged_replicate","",259,7353,"96f457a8a8ad4247a99f374c2401cf465b8c80a2dba8ffdd7ed0e25184ff4839","analysis/wgcna/score_module_activity.R","score_module_activity.R:3343/3357","results/figures/06_modules_WGCNA/module_score/neuron_neuropil/wgcna/module_group_scores/sensitivity_flagged_replicates_removed","svg"
"results/figures/06_modules_WGCNA/module_score/neuron_neuropil/wgcna/module_group_scores/sensitivity_flagged_replicates_removed/module_score_DG_mo_WGCNA_#08519C_sensitivity_flagged_replicate","module_score_DG_mo_WGCNA_#08519C_sensitivity_flagged_replicate","",259,8357,"2be3f6e7b5b44f40f0f2f0935453bc29cdb40a1c7348462a3f3d92b03dc71bf8","analysis/wgcna/score_module_activity.R","score_module_activity.R:3343/3357","results/figures/06_modules_WGCNA/module_score/neuron_neuropil/wgcna/module_group_scores/sensitivity_flagged_replicates_removed","svg"
"results/figures/06_modules_WGCNA/module_score/neuron_neuropil/wgcna/module_group_scores/sensitivity_flagged_replicates_removed/module_score_DG_mo_WGCNA_#238B45_sensitivity_flagged_replicate","module_score_DG_mo_WGCNA_#238B45_sensitivity_flagged_replicate","",259,8234,"2c6d9023bcaffdfe67e59091f59811a153620f9a69b189b3fb981709804280db","analysis/wgcna/score_module_activity.R","score_module_activity.R:3343/3357","results/figures/06_modules_WGCNA/module_score/neuron_neuropil/wgcna/module_group_scores/sensitivity_flagged_replicates_removed","svg"
"results/figures/06_modules_WGCNA/module_score/neuron_neuropil/wgcna/module_group_scores/sensitivity_flagged_replicates_removed/module_score_DG_mo_WGCNA_#2B8CBE_sensitivity_flagged_replicate","module_score_DG_mo_WGCNA_#2B8CBE_sensitivity_flagged_replicate","",259,7646,"a3aacfe87f7d4b8ef0ef28c9cf136635d5d6b87b5fa5054eae6a1c4165d1479e","analysis/wgcna/score_module_activity.R","score_module_activity.R:3343/3357","results/figures/06_modules_WGCNA/module_score/neuron_neuropil/wgcna/module_group_scores/sensitivity_flagged_replicates_removed","svg"
"results/figures/06_modules_WGCNA/module_score/neuron_neuropil/wgcna/module_group_scores/sensitivity_flagged_replicates_removed/module_score_DG_mo_WGCNA_#3F007D_sensitivity_flagged_replicate","module_score_DG_mo_WGCNA_#3F007D_sensitivity_flagged_replicate","",259,7770,"b7b449053f850f96e6ff349fe5ca0447118d09e930a63163c066f0cb64c87a19","analysis/wgcna/score_module_activity.R","score_module_activity.R:3343/3357","results/figures/06_modules_WGCNA/module_score/neuron_neuropil/wgcna/module_group_scores/sensitivity_flagged_replicates_removed","svg"
"results/figures/06_modules_WGCNA/module_score/neuron_neuropil/wgcna/module_group_scores/sensitivity_flagged_replicates_removed/module_score_DG_mo_WGCNA_#4D4D4D_sensitivity_flagged_replicate","module_score_DG_mo_WGCNA_#4D4D4D_sensitivity_flagged_replicate","",259,8352,"34ca8705967df198bb73aa692dde1c32d21e3c13cbbb28901ea6cc9499ec2638","analysis/wgcna/score_module_activity.R","score_module_activity.R:3343/3357","results/figures/06_modules_WGCNA/module_score/neuron_neuropil/wgcna/module_group_scores/sensitivity_flagged_replicates_removed","svg"
"results/figures/06_modules_WGCNA/module_score/neuron_neuropil/wgcna/module_group_scores/sensitivity_flagged_replicates_removed/module_score_DG_mo_WGCNA_#737373_sensitivity_flagged_replicate","module_score_DG_mo_WGCNA_#737373_sensitivity_flagged_replicate","",259,7482,"4fd87174e1799bcb60b793cb510ab478579917ade2e6180a421b24eba177f9fb","analysis/wgcna/score_module_activity.R","score_module_activity.R:3343/3357","results/figures/06_modules_WGCNA/module_score/neuron_neuropil/wgcna/module_group_scores/sensitivity_flagged_replicates_removed","svg"
"results/figures/06_modules_WGCNA/module_score/neuron_neuropil/wgcna/module_group_scores/sensitivity_flagged_replicates_removed/module_score_DG_mo_WGCNA_#74C476_sensitivity_flagged_replicate","module_score_DG_mo_WGCNA_#74C476_sensitivity_flagged_replicate","",259,7486,"e2586e8fbda421c08dbdf27fd25daecd1607ed7fc5e8eca225c1e52f2cab2f90","analysis/wgcna/score_module_activity.R","score_module_activity.R:3343/3357","results/figures/06_modules_WGCNA/module_score/neuron_neuropil/wgcna/module_group_scores/sensitivity_flagged_replicates_removed","svg"
"results/figures/06_modules_WGCNA/module_score/neuron_neuropil/wgcna/module_group_scores/sensitivity_flagged_replicates_removed/module_score_DG_mo_WGCNA_#756BB1_sensitivity_flagged_replicate","module_score_DG_mo_WGCNA_#756BB1_sensitivity_flagged_replicate","",259,8227,"f11f54c868e786f49a48aaec8c4bdc8d05174dd9647119c3167c0b855f15e397","analysis/wgcna/score_module_activity.R","score_module_activity.R:3343/3357","results/figures/06_modules_WGCNA/module_score/neuron_neuropil/wgcna/module_group_scores/sensitivity_flagged_replicates_removed","svg"
"results/figures/06_modules_WGCNA/module_score/neuron_neuropil/wgcna/module_group_scores/sensitivity_flagged_replicates_removed/module_score_DG_mo_WGCNA_#969696_sensitivity_flagged_replicate","module_score_DG_mo_WGCNA_#969696_sensitivity_flagged_replicate","",259,7474,"d700637ba20dd135871f3db3a287aecfe07348299af6a2cb79190176d54f0765","analysis/wgcna/score_module_activity.R","score_module_activity.R:3343/3357","results/figures/06_modules_WGCNA/module_score/neuron_neuropil/wgcna/module_group_scores/sensitivity_flagged_replicates_removed","svg"
"results/figures/06_modules_WGCNA/module_score/neuron_neuropil/wgcna/module_group_scores/sensitivity_flagged_replicates_removed/module_score_DG_mo_WGCNA_#9E9AC8_sensitivity_flagged_replicate","module_score_DG_mo_WGCNA_#9E9AC8_sensitivity_flagged_replicate","",259,7934,"fc9f366aec011bf9489d05add122400877ab5e8e4dc61a3b8224459f934b0f49","analysis/wgcna/score_module_activity.R","score_module_activity.R:3343/3357","results/figures/06_modules_WGCNA/module_score/neuron_neuropil/wgcna/module_group_scores/sensitivity_flagged_replicates_removed","svg"
"results/figures/06_modules_WGCNA/module_score/neuron_neuropil/wgcna/module_group_scores/sensitivity_flagged_replicates_removed/module_score_DG_mo_WGCNA_#BF812D_sensitivity_flagged_replicate","module_score_DG_mo_WGCNA_#BF812D_sensitivity_flagged_replicate","",259,8128,"bef4dd7cf21f36a9ff0de4b5aa652920e5a45d6f6b32a611cdb3f57cee3f7fd4","analysis/wgcna/score_module_activity.R","score_module_activity.R:3343/3357","results/figures/06_modules_WGCNA/module_score/neuron_neuropil/wgcna/module_group_scores/sensitivity_flagged_replicates_removed","svg"
"results/figures/06_modules_WGCNA/module_score/neuron_neuropil/wgcna/module_group_scores/sensitivity_flagged_replicates_removed/module_score_DG_mo_WGCNA_#DE2D26_sensitivity_flagged_replicate","module_score_DG_mo_WGCNA_#DE2D26_sensitivity_flagged_replicate","",259,7812,"be339b421395495cab17d90cfc7e05e390024d72c4e447805dc7a1438d3dc84a","analysis/wgcna/score_module_activity.R","score_module_activity.R:3343/3357","results/figures/06_modules_WGCNA/module_score/neuron_neuropil/wgcna/module_group_scores/sensitivity_flagged_replicates_removed","svg"
"results/figures/06_modules_WGCNA/module_score/neuron_neuropil/wgcna/module_group_scores/sensitivity_flagged_replicates_removed/module_score_DG_mo_WGCNA_#FB6A4A_sensitivity_flagged_replicate","module_score_DG_mo_WGCNA_#FB6A4A_sensitivity_flagged_replicate","",259,7773,"89082cee70bb603b12c80d189cbd9be11d1d0479fbc2b731df21fdcccf556389","analysis/wgcna/score_module_activity.R","score_module_activity.R:3343/3357","results/figures/06_modules_WGCNA/module_score/neuron_neuropil/wgcna/module_group_scores/sensitivity_flagged_replicates_removed","svg"
"results/figures/06_modules_WGCNA/module_score/neuron_neuropil/wgcna/module_group_scores/sensitivity_flagged_replicates_removed/module_score_DG_po_WGCNA_#006D2C_sensitivity_flagged_replicate","module_score_DG_po_WGCNA_#006D2C_sensitivity_flagged_replicate","",259,7522,"b01b74e02bbd2a872284cf8a13af043479786c959c64eb09d2cc8c3fea250b6a","analysis/wgcna/score_module_activity.R","score_module_activity.R:3343/3357","results/figures/06_modules_WGCNA/module_score/neuron_neuropil/wgcna/module_group_scores/sensitivity_flagged_replicates_removed","svg"
"results/figures/06_modules_WGCNA/module_score/neuron_neuropil/wgcna/module_group_scores/sensitivity_flagged_replicates_removed/module_score_DG_po_WGCNA_#08519C_sensitivity_flagged_replicate","module_score_DG_po_WGCNA_#08519C_sensitivity_flagged_replicate","",259,7342,"7af3bea19fe37e903f205b1394080718d802fbe1a270c4829f06de07691c4bfc","analysis/wgcna/score_module_activity.R","score_module_activity.R:3343/3357","results/figures/06_modules_WGCNA/module_score/neuron_neuropil/wgcna/module_group_scores/sensitivity_flagged_replicates_removed","svg"
"results/figures/06_modules_WGCNA/module_score/neuron_neuropil/wgcna/module_group_scores/sensitivity_flagged_replicates_removed/module_score_DG_po_WGCNA_#238B45_sensitivity_flagged_replicate","module_score_DG_po_WGCNA_#238B45_sensitivity_flagged_replicate","",259,7758,"65dd133dcffe50f39a6c9f13ce235cd8ca8285b8ec0ad5332d208864cc2bdbe3","analysis/wgcna/score_module_activity.R","score_module_activity.R:3343/3357","results/figures/06_modules_WGCNA/module_score/neuron_neuropil/wgcna/module_group_scores/sensitivity_flagged_replicates_removed","svg"
"results/figures/06_modules_WGCNA/module_score/neuron_neuropil/wgcna/module_group_scores/sensitivity_flagged_replicates_removed/module_score_DG_po_WGCNA_#2B8CBE_sensitivity_flagged_replicate","module_score_DG_po_WGCNA_#2B8CBE_sensitivity_flagged_replicate","",259,7644,"ce0b1d4548bee8b47f18373abade984e3b8de031a85e192089825a62e73660bd","analysis/wgcna/score_module_activity.R","score_module_activity.R:3343/3357","results/figures/06_modules_WGCNA/module_score/neuron_neuropil/wgcna/module_group_scores/sensitivity_flagged_replicates_removed","svg"
"results/figures/06_modules_WGCNA/module_score/neuron_neuropil/wgcna/module_group_scores/sensitivity_flagged_replicates_removed/module_score_DG_po_WGCNA_#3F007D_sensitivity_flagged_replicate","module_score_DG_po_WGCNA_#3F007D_sensitivity_flagged_replicate","",259,7762,"7c5cacadfe11e7ecd84b00e4a1cbf349491ce2dd047d6fbe497ae9c910690808","analysis/wgcna/score_module_activity.R","score_module_activity.R:3343/3357","results/figures/06_modules_WGCNA/module_score/neuron_neuropil/wgcna/module_group_scores/sensitivity_flagged_replicates_removed","svg"
"results/figures/06_modules_WGCNA/module_score/neuron_neuropil/wgcna/module_group_scores/sensitivity_flagged_replicates_removed/module_score_DG_po_WGCNA_#4D4D4D_sensitivity_flagged_replicate","module_score_DG_po_WGCNA_#4D4D4D_sensitivity_flagged_replicate","",259,7658,"ef82d5635b3b36fdf65347a2d79c1eaea1c59dd3b1aa9cb95dfbdc176ea899ee","analysis/wgcna/score_module_activity.R","score_module_activity.R:3343/3357","results/figures/06_modules_WGCNA/module_score/neuron_neuropil/wgcna/module_group_scores/sensitivity_flagged_replicates_removed","svg"
"results/figures/06_modules_WGCNA/module_score/neuron_neuropil/wgcna/module_group_scores/sensitivity_flagged_replicates_removed/module_score_DG_po_WGCNA_#737373_sensitivity_flagged_replicate","module_score_DG_po_WGCNA_#737373_sensitivity_flagged_replicate","",259,7774,"7b58457f190c354363c078df3e80df66621108a8de83b1d53ad2c34eeb1e5ea4","analysis/wgcna/score_module_activity.R","score_module_activity.R:3343/3357","results/figures/06_modules_WGCNA/module_score/neuron_neuropil/wgcna/module_group_scores/sensitivity_flagged_replicates_removed","svg"
"results/figures/06_modules_WGCNA/module_score/neuron_neuropil/wgcna/module_group_scores/sensitivity_flagged_replicates_removed/module_score_DG_po_WGCNA_#74C476_sensitivity_flagged_replicate","module_score_DG_po_WGCNA_#74C476_sensitivity_flagged_replicate","",259,7773,"1fa7dd3a941dca492ebea3e475971bd4548ea2d559a7b51bc42570ceeb131605","analysis/wgcna/score_module_activity.R","score_module_activity.R:3343/3357","results/figures/06_modules_WGCNA/module_score/neuron_neuropil/wgcna/module_group_scores/sensitivity_flagged_replicates_removed","svg"
"results/figures/06_modules_WGCNA/module_score/neuron_neuropil/wgcna/module_group_scores/sensitivity_flagged_replicates_removed/module_score_DG_po_WGCNA_#756BB1_sensitivity_flagged_replicate","module_score_DG_po_WGCNA_#756BB1_sensitivity_flagged_replicate","",259,7351,"5d3d51b71977eb8342e928bb044a263d3909096ee3275c9b579a14a3bfd485d6","analysis/wgcna/score_module_activity.R","score_module_activity.R:3343/3357","results/figures/06_modules_WGCNA/module_score/neuron_neuropil/wgcna/module_group_scores/sensitivity_flagged_replicates_removed","svg"
"results/figures/06_modules_WGCNA/module_score/neuron_neuropil/wgcna/module_group_scores/sensitivity_flagged_replicates_removed/module_score_DG_po_WGCNA_#969696_sensitivity_flagged_replicate","module_score_DG_po_WGCNA_#969696_sensitivity_flagged_replicate","",259,7686,"87e983722faf65be15aad4db157071bee6fe050b193e7eddc98014cbbcd243f1","analysis/wgcna/score_module_activity.R","score_module_activity.R:3343/3357","results/figures/06_modules_WGCNA/module_score/neuron_neuropil/wgcna/module_group_scores/sensitivity_flagged_replicates_removed","svg"
"results/figures/06_modules_WGCNA/module_score/neuron_neuropil/wgcna/module_group_scores/sensitivity_flagged_replicates_removed/module_score_DG_po_WGCNA_#9E9AC8_sensitivity_flagged_replicate","module_score_DG_po_WGCNA_#9E9AC8_sensitivity_flagged_replicate","",259,8053,"09b2b434f08d00c787f76ec1b8ff7c6b3534718b6479af1d4c26d76308b5c563","analysis/wgcna/score_module_activity.R","score_module_activity.R:3343/3357","results/figures/06_modules_WGCNA/module_score/neuron_neuropil/wgcna/module_group_scores/sensitivity_flagged_replicates_removed","svg"
"results/figures/06_modules_WGCNA/module_score/neuron_neuropil/wgcna/module_group_scores/sensitivity_flagged_replicates_removed/module_score_DG_po_WGCNA_#BF812D_sensitivity_flagged_replicate","module_score_DG_po_WGCNA_#BF812D_sensitivity_flagged_replicate","",259,8207,"264379aaa0b98351c3085460c1fa97f843194684c567dcda497ef28e6a77bb7f","analysis/wgcna/score_module_activity.R","score_module_activity.R:3343/3357","results/figures/06_modules_WGCNA/module_score/neuron_neuropil/wgcna/module_group_scores/sensitivity_flagged_replicates_removed","svg"
"results/figures/06_modules_WGCNA/module_score/neuron_neuropil/wgcna/module_group_scores/sensitivity_flagged_replicates_removed/module_score_DG_po_WGCNA_#DE2D26_sensitivity_flagged_replicate","module_score_DG_po_WGCNA_#DE2D26_sensitivity_flagged_replicate","",259,7631,"f26ba446920d9be6ce995e98e98784815a1fffa50530811aea2cc344d7486958","analysis/wgcna/score_module_activity.R","score_module_activity.R:3343/3357","results/figures/06_modules_WGCNA/module_score/neuron_neuropil/wgcna/module_group_scores/sensitivity_flagged_replicates_removed","svg"
"results/figures/06_modules_WGCNA/module_score/neuron_neuropil/wgcna/module_group_scores/sensitivity_flagged_replicates_removed/module_score_DG_po_WGCNA_#FB6A4A_sensitivity_flagged_replicate","module_score_DG_po_WGCNA_#FB6A4A_sensitivity_flagged_replicate","",259,7803,"3f8ed6ce02ae0345ccda4f2d08f21d8ad5b398dcc4a7af236c31a468fae6f0f8","analysis/wgcna/score_module_activity.R","score_module_activity.R:3343/3357","results/figures/06_modules_WGCNA/module_score/neuron_neuropil/wgcna/module_group_scores/sensitivity_flagged_replicates_removed","svg"
"results/figures/06_modules_WGCNA/module_score/neuron_soma/wgcna/module_group_scores/sensitivity_flagged_replicates_removed/module_score_CA1_WGCNA_#006D2C_sensitivity_flagged_replicates_remo","module_score_CA1_WGCNA_#006D2C_sensitivity_flagged_replicates_remo","",259,7934,"ed542c02e0c898168a068bc2c8d22ed94d5de60215cbf0d8bc0ea0eeac4dbd47","analysis/wgcna/score_module_activity.R","score_module_activity.R:3343/3357","results/figures/06_modules_WGCNA/module_score/neuron_soma/wgcna/module_group_scores/sensitivity_flagged_replicates_removed","svg"
"results/figures/06_modules_WGCNA/module_score/neuron_soma/wgcna/module_group_scores/sensitivity_flagged_replicates_removed/module_score_CA1_WGCNA_#08519C_sensitivity_flagged_replicates_remo","module_score_CA1_WGCNA_#08519C_sensitivity_flagged_replicates_remo","",259,8095,"858b101f976b5101bcc0d46159b0237b39f717254d5fbe8d40d5fb852674bfd3","analysis/wgcna/score_module_activity.R","score_module_activity.R:3343/3357","results/figures/06_modules_WGCNA/module_score/neuron_soma/wgcna/module_group_scores/sensitivity_flagged_replicates_removed","svg"
"results/figures/06_modules_WGCNA/module_score/neuron_soma/wgcna/module_group_scores/sensitivity_flagged_replicates_removed/module_score_CA1_WGCNA_#1F4E79_sensitivity_flagged_replicates_remo","module_score_CA1_WGCNA_#1F4E79_sensitivity_flagged_replicates_remo","",259,7512,"340e44486c9e19d701f6b3519797968363c1a43b4e304ec067a15532a80871e5","analysis/wgcna/score_module_activity.R","score_module_activity.R:3343/3357","results/figures/06_modules_WGCNA/module_score/neuron_soma/wgcna/module_group_scores/sensitivity_flagged_replicates_removed","svg"
"results/figures/06_modules_WGCNA/module_score/neuron_soma/wgcna/module_group_scores/sensitivity_flagged_replicates_removed/module_score_CA1_WGCNA_#238B45_sensitivity_flagged_replicates_remo","module_score_CA1_WGCNA_#238B45_sensitivity_flagged_replicates_remo","",259,7394,"bb5172af92ef441baea52dd258d4ec39872535afbcd6953a9c91ddb24be7d4a1","analysis/wgcna/score_module_activity.R","score_module_activity.R:3343/3357","results/figures/06_modules_WGCNA/module_score/neuron_soma/wgcna/module_group_scores/sensitivity_flagged_replicates_removed","svg"
"results/figures/06_modules_WGCNA/module_score/neuron_soma/wgcna/module_group_scores/sensitivity_flagged_replicates_removed/module_score_CA1_WGCNA_#2B8CBE_sensitivity_flagged_replicates_remo","module_score_CA1_WGCNA_#2B8CBE_sensitivity_flagged_replicates_remo","",259,7952,"a0ee3ddc5186dc55b3e605d8725d09e8b37c7216fd319476cb43b463d88e431f","analysis/wgcna/score_module_activity.R","score_module_activity.R:3343/3357","results/figures/06_modules_WGCNA/module_score/neuron_soma/wgcna/module_group_scores/sensitivity_flagged_replicates_removed","svg"
"results/figures/06_modules_WGCNA/module_score/neuron_soma/wgcna/module_group_scores/sensitivity_flagged_replicates_removed/module_score_CA1_WGCNA_#A63603_sensitivity_flagged_replicates_remo","module_score_CA1_WGCNA_#A63603_sensitivity_flagged_replicates_remo","",259,7536,"c8553d6cc3f48e8a8aadeb7fb9afa2b5a00b2a42b061ad07cef1fa3f3c38e7fe","analysis/wgcna/score_module_activity.R","score_module_activity.R:3343/3357","results/figures/06_modules_WGCNA/module_score/neuron_soma/wgcna/module_group_scores/sensitivity_flagged_replicates_removed","svg"
"results/figures/06_modules_WGCNA/module_score/neuron_soma/wgcna/module_group_scores/sensitivity_flagged_replicates_removed/module_score_CA1_WGCNA_#E6550D_sensitivity_flagged_replicates_remo","module_score_CA1_WGCNA_#E6550D_sensitivity_flagged_replicates_remo","",259,7372,"e68e61bd6e151a3e50cce77f4f32ae7e4cadc5381aebc610069589238cb2d05c","analysis/wgcna/score_module_activity.R","score_module_activity.R:3343/3357","results/figures/06_modules_WGCNA/module_score/neuron_soma/wgcna/module_group_scores/sensitivity_flagged_replicates_removed","svg"
"results/figures/06_modules_WGCNA/module_score/neuron_soma/wgcna/module_group_scores/sensitivity_flagged_replicates_removed/module_score_CA1_WGCNA_#F16913_sensitivity_flagged_replicates_remo","module_score_CA1_WGCNA_#F16913_sensitivity_flagged_replicates_remo","",259,7517,"939dadc64a239f5b6b028ae52e750a88904eabd93e7fd81b3d23f2556b8decb1","analysis/wgcna/score_module_activity.R","score_module_activity.R:3343/3357","results/figures/06_modules_WGCNA/module_score/neuron_soma/wgcna/module_group_scores/sensitivity_flagged_replicates_removed","svg"
"results/figures/06_modules_WGCNA/module_score/neuron_soma/wgcna/module_group_scores/sensitivity_flagged_replicates_removed/module_score_CA2_WGCNA_#006D2C_sensitivity_flagged_replicates_remo","module_score_CA2_WGCNA_#006D2C_sensitivity_flagged_replicates_remo","",259,7777,"8fd17d1e770a565e24cfa7d436c838a2479f38e8f19e5f4f9461c8b34b991b7a","analysis/wgcna/score_module_activity.R","score_module_activity.R:3343/3357","results/figures/06_modules_WGCNA/module_score/neuron_soma/wgcna/module_group_scores/sensitivity_flagged_replicates_removed","svg"
"results/figures/06_modules_WGCNA/module_score/neuron_soma/wgcna/module_group_scores/sensitivity_flagged_replicates_removed/module_score_CA2_WGCNA_#08519C_sensitivity_flagged_replicates_remo","module_score_CA2_WGCNA_#08519C_sensitivity_flagged_replicates_remo","",259,8044,"a884f69f06788a6d4bba8eb3ae44f984bea014ade221a6c7f84b1360b8c6408d","analysis/wgcna/score_module_activity.R","score_module_activity.R:3343/3357","results/figures/06_modules_WGCNA/module_score/neuron_soma/wgcna/module_group_scores/sensitivity_flagged_replicates_removed","svg"
"results/figures/06_modules_WGCNA/module_score/neuron_soma/wgcna/module_group_scores/sensitivity_flagged_replicates_removed/module_score_CA2_WGCNA_#1F4E79_sensitivity_flagged_replicates_remo","module_score_CA2_WGCNA_#1F4E79_sensitivity_flagged_replicates_remo","",259,7646,"2adb88fae564063cb268584ef6d155671011ea999e29343edfee44ec07b30059","analysis/wgcna/score_module_activity.R","score_module_activity.R:3343/3357","results/figures/06_modules_WGCNA/module_score/neuron_soma/wgcna/module_group_scores/sensitivity_flagged_replicates_removed","svg"
"results/figures/06_modules_WGCNA/module_score/neuron_soma/wgcna/module_group_scores/sensitivity_flagged_replicates_removed/module_score_CA2_WGCNA_#238B45_sensitivity_flagged_replicates_remo","module_score_CA2_WGCNA_#238B45_sensitivity_flagged_replicates_remo","",259,7650,"e76479d357e6f3a5821e7818509144e8d7ad660f44106eb88e1b66b01657efb9","analysis/wgcna/score_module_activity.R","score_module_activity.R:3343/3357","results/figures/06_modules_WGCNA/module_score/neuron_soma/wgcna/module_group_scores/sensitivity_flagged_replicates_removed","svg"
"results/figures/06_modules_WGCNA/module_score/neuron_soma/wgcna/module_group_scores/sensitivity_flagged_replicates_removed/module_score_CA2_WGCNA_#2B8CBE_sensitivity_flagged_replicates_remo","module_score_CA2_WGCNA_#2B8CBE_sensitivity_flagged_replicates_remo","",259,7660,"ceccb7f07ac8710617b2d2225951c64f28e1a81e4032b3bda708f1cf9b27c367","analysis/wgcna/score_module_activity.R","score_module_activity.R:3343/3357","results/figures/06_modules_WGCNA/module_score/neuron_soma/wgcna/module_group_scores/sensitivity_flagged_replicates_removed","svg"
"results/figures/06_modules_WGCNA/module_score/neuron_soma/wgcna/module_group_scores/sensitivity_flagged_replicates_removed/module_score_CA2_WGCNA_#A63603_sensitivity_flagged_replicates_remo","module_score_CA2_WGCNA_#A63603_sensitivity_flagged_replicates_remo","",259,8297,"b789d612fe347d2b03c03955201b5bce8300edb2b8bc0de382937beb53cc06ae","analysis/wgcna/score_module_activity.R","score_module_activity.R:3343/3357","results/figures/06_modules_WGCNA/module_score/neuron_soma/wgcna/module_group_scores/sensitivity_flagged_replicates_removed","svg"
"results/figures/06_modules_WGCNA/module_score/neuron_soma/wgcna/module_group_scores/sensitivity_flagged_replicates_removed/module_score_CA2_WGCNA_#E6550D_sensitivity_flagged_replicates_remo","module_score_CA2_WGCNA_#E6550D_sensitivity_flagged_replicates_remo","",259,8071,"b38500442dc97d35fdd104c206f72ba84e5a314b2b7729ab712f80b50a7d24db","analysis/wgcna/score_module_activity.R","score_module_activity.R:3343/3357","results/figures/06_modules_WGCNA/module_score/neuron_soma/wgcna/module_group_scores/sensitivity_flagged_replicates_removed","svg"
"results/figures/06_modules_WGCNA/module_score/neuron_soma/wgcna/module_group_scores/sensitivity_flagged_replicates_removed/module_score_CA2_WGCNA_#F16913_sensitivity_flagged_replicates_remo","module_score_CA2_WGCNA_#F16913_sensitivity_flagged_replicates_remo","",259,7943,"11d91afbc345cc2da6ff4d16689dfd7347a29a28d836c63f2a41144e809a50e6","analysis/wgcna/score_module_activity.R","score_module_activity.R:3343/3357","results/figures/06_modules_WGCNA/module_score/neuron_soma/wgcna/module_group_scores/sensitivity_flagged_replicates_removed","svg"
"results/figures/06_modules_WGCNA/module_score/neuron_soma/wgcna/module_group_scores/sensitivity_flagged_replicates_removed/module_score_CA3_WGCNA_#006D2C_sensitivity_flagged_replicates_remo","module_score_CA3_WGCNA_#006D2C_sensitivity_flagged_replicates_remo","",259,7651,"12f76e2c5ed57b436abb8e91e043f405d8678efea07177a21fa99902c0190e7f","analysis/wgcna/score_module_activity.R","score_module_activity.R:3343/3357","results/figures/06_modules_WGCNA/module_score/neuron_soma/wgcna/module_group_scores/sensitivity_flagged_replicates_removed","svg"
"results/figures/06_modules_WGCNA/module_score/neuron_soma/wgcna/module_group_scores/sensitivity_flagged_replicates_removed/module_score_CA3_WGCNA_#08519C_sensitivity_flagged_replicates_remo","module_score_CA3_WGCNA_#08519C_sensitivity_flagged_replicates_remo","",259,8598,"19702e0326f7383e4a4ee34181808d518e969e4d19197f0a82320afeb6e2d37f","analysis/wgcna/score_module_activity.R","score_module_activity.R:3343/3357","results/figures/06_modules_WGCNA/module_score/neuron_soma/wgcna/module_group_scores/sensitivity_flagged_replicates_removed","svg"
"results/figures/06_modules_WGCNA/module_score/neuron_soma/wgcna/module_group_scores/sensitivity_flagged_replicates_removed/module_score_CA3_WGCNA_#1F4E79_sensitivity_flagged_replicates_remo","module_score_CA3_WGCNA_#1F4E79_sensitivity_flagged_replicates_remo","",259,7350,"2fe545583f2d57f7f2503744b8748e20fc41453c6db31d27448ac30b0c4e726b","analysis/wgcna/score_module_activity.R","score_module_activity.R:3343/3357","results/figures/06_modules_WGCNA/module_score/neuron_soma/wgcna/module_group_scores/sensitivity_flagged_replicates_removed","svg"
"results/figures/06_modules_WGCNA/module_score/neuron_soma/wgcna/module_group_scores/sensitivity_flagged_replicates_removed/module_score_CA3_WGCNA_#238B45_sensitivity_flagged_replicates_remo","module_score_CA3_WGCNA_#238B45_sensitivity_flagged_replicates_remo","",259,8088,"788eca2ee65930f2b4d9d95462ad74a26c46289c453080e7c961d219c40c9d1d","analysis/wgcna/score_module_activity.R","score_module_activity.R:3343/3357","results/figures/06_modules_WGCNA/module_score/neuron_soma/wgcna/module_group_scores/sensitivity_flagged_replicates_removed","svg"
"results/figures/06_modules_WGCNA/module_score/neuron_soma/wgcna/module_group_scores/sensitivity_flagged_replicates_removed/module_score_CA3_WGCNA_#2B8CBE_sensitivity_flagged_replicates_remo","module_score_CA3_WGCNA_#2B8CBE_sensitivity_flagged_replicates_remo","",259,8224,"4fadc0431dd81045b0fab095d915cedb0a8bc05d0f11cffc652ff4d3ff8c0f41","analysis/wgcna/score_module_activity.R","score_module_activity.R:3343/3357","results/figures/06_modules_WGCNA/module_score/neuron_soma/wgcna/module_group_scores/sensitivity_flagged_replicates_removed","svg"
"results/figures/06_modules_WGCNA/module_score/neuron_soma/wgcna/module_group_scores/sensitivity_flagged_replicates_removed/module_score_CA3_WGCNA_#A63603_sensitivity_flagged_replicates_remo","module_score_CA3_WGCNA_#A63603_sensitivity_flagged_replicates_remo","",259,8230,"2032ffa215f027c87a088048b1bf681e55727374bcafdca68218cdcbc3c7d39e","analysis/wgcna/score_module_activity.R","score_module_activity.R:3343/3357","results/figures/06_modules_WGCNA/module_score/neuron_soma/wgcna/module_group_scores/sensitivity_flagged_replicates_removed","svg"
"results/figures/06_modules_WGCNA/module_score/neuron_soma/wgcna/module_group_scores/sensitivity_flagged_replicates_removed/module_score_CA3_WGCNA_#E6550D_sensitivity_flagged_replicates_remo","module_score_CA3_WGCNA_#E6550D_sensitivity_flagged_replicates_remo","",259,7779,"7d04f0148ca3f2f49d100786557ea4586ea2b4d0aedeb0ef15c39f1a0cbf11f4","analysis/wgcna/score_module_activity.R","score_module_activity.R:3343/3357","results/figures/06_modules_WGCNA/module_score/neuron_soma/wgcna/module_group_scores/sensitivity_flagged_replicates_removed","svg"
"results/figures/06_modules_WGCNA/module_score/neuron_soma/wgcna/module_group_scores/sensitivity_flagged_replicates_removed/module_score_CA3_WGCNA_#F16913_sensitivity_flagged_replicates_remo","module_score_CA3_WGCNA_#F16913_sensitivity_flagged_replicates_remo","",259,7522,"62126926b6f6e4378f77223f7d089032fab14077701d746b190cf46cc02e2619","analysis/wgcna/score_module_activity.R","score_module_activity.R:3343/3357","results/figures/06_modules_WGCNA/module_score/neuron_soma/wgcna/module_group_scores/sensitivity_flagged_replicates_removed","svg"
"results/figures/06_modules_WGCNA/module_score/neuron_soma/wgcna/module_group_scores/sensitivity_flagged_replicates_removed/module_score_DG_WGCNA_#006D2C_sensitivity_flagged_replicates_remov","module_score_DG_WGCNA_#006D2C_sensitivity_flagged_replicates_remov","",259,7362,"0d3f767c66b790c587868138f052fd2058662a751c2f8460ce4fc4b82a2b724a","analysis/wgcna/score_module_activity.R","score_module_activity.R:3343/3357","results/figures/06_modules_WGCNA/module_score/neuron_soma/wgcna/module_group_scores/sensitivity_flagged_replicates_removed","svg"
"results/figures/06_modules_WGCNA/module_score/neuron_soma/wgcna/module_group_scores/sensitivity_flagged_replicates_removed/module_score_DG_WGCNA_#08519C_sensitivity_flagged_replicates_remov","module_score_DG_WGCNA_#08519C_sensitivity_flagged_replicates_remov","",259,7767,"60ccf31436087138e2e88db3b0cb79e8849a48c8db81d385681be8492047befe","analysis/wgcna/score_module_activity.R","score_module_activity.R:3343/3357","results/figures/06_modules_WGCNA/module_score/neuron_soma/wgcna/module_group_scores/sensitivity_flagged_replicates_removed","svg"
"results/figures/06_modules_WGCNA/module_score/neuron_soma/wgcna/module_group_scores/sensitivity_flagged_replicates_removed/module_score_DG_WGCNA_#1F4E79_sensitivity_flagged_replicates_remov","module_score_DG_WGCNA_#1F4E79_sensitivity_flagged_replicates_remov","",259,7523,"97e393383371142a522874fb7ff26f7cc91cfe884c311ea201e675502d196bf7","analysis/wgcna/score_module_activity.R","score_module_activity.R:3343/3357","results/figures/06_modules_WGCNA/module_score/neuron_soma/wgcna/module_group_scores/sensitivity_flagged_replicates_removed","svg"
"results/figures/06_modules_WGCNA/module_score/neuron_soma/wgcna/module_group_scores/sensitivity_flagged_replicates_removed/module_score_DG_WGCNA_#238B45_sensitivity_flagged_replicates_remov","module_score_DG_WGCNA_#238B45_sensitivity_flagged_replicates_remov","",259,7645,"5544e337d89e311776e5e4f335d6c804808bc565d16fec09a509d1db6a414c5a","analysis/wgcna/score_module_activity.R","score_module_activity.R:3343/3357","results/figures/06_modules_WGCNA/module_score/neuron_soma/wgcna/module_group_scores/sensitivity_flagged_replicates_removed","svg"
"results/figures/06_modules_WGCNA/module_score/neuron_soma/wgcna/module_group_scores/sensitivity_flagged_replicates_removed/module_score_DG_WGCNA_#2B8CBE_sensitivity_flagged_replicates_remov","module_score_DG_WGCNA_#2B8CBE_sensitivity_flagged_replicates_remov","",259,8055,"3ef6fcd76fb2886618dd8757d30a1115fcdc2ef13122447e222e55d06edaf886","analysis/wgcna/score_module_activity.R","score_module_activity.R:3343/3357","results/figures/06_modules_WGCNA/module_score/neuron_soma/wgcna/module_group_scores/sensitivity_flagged_replicates_removed","svg"
"results/figures/06_modules_WGCNA/module_score/neuron_soma/wgcna/module_group_scores/sensitivity_flagged_replicates_removed/module_score_DG_WGCNA_#A63603_sensitivity_flagged_replicates_remov","module_score_DG_WGCNA_#A63603_sensitivity_flagged_replicates_remov","",259,8096,"9a294e0e8a9e2e14ccfc67d0e2fa315b8831edafa2bcbfc2d5648da659ddfea9","analysis/wgcna/score_module_activity.R","score_module_activity.R:3343/3357","results/figures/06_modules_WGCNA/module_score/neuron_soma/wgcna/module_group_scores/sensitivity_flagged_replicates_removed","svg"
"results/figures/06_modules_WGCNA/module_score/neuron_soma/wgcna/module_group_scores/sensitivity_flagged_replicates_removed/module_score_DG_WGCNA_#E6550D_sensitivity_flagged_replicates_remov","module_score_DG_WGCNA_#E6550D_sensitivity_flagged_replicates_remov","",259,7072,"52adeac9691ea89e071f20c5ff3e434dcbae8c1610d5d91540abcb8eaff78a27","analysis/wgcna/score_module_activity.R","score_module_activity.R:3343/3357","results/figures/06_modules_WGCNA/module_score/neuron_soma/wgcna/module_group_scores/sensitivity_flagged_replicates_removed","svg"
"results/figures/06_modules_WGCNA/module_score/neuron_soma/wgcna/module_group_scores/sensitivity_flagged_replicates_removed/module_score_DG_WGCNA_#F16913_sensitivity_flagged_replicates_remov","module_score_DG_WGCNA_#F16913_sensitivity_flagged_replicates_remov","",259,7345,"7fa3d27cdd079f729cfc73f93a095e0c856d82b6f9a30bde6b8eebb98be6cf16","analysis/wgcna/score_module_activity.R","score_module_activity.R:3343/3357","results/figures/06_modules_WGCNA/module_score/neuron_soma/wgcna/module_group_scores/sensitivity_flagged_replicates_removed","svg"
