"set","rel","sha256"
"exports","exports/publication_source_data/extended_data_01/assembled/extended_data_01.svg","f1c32750925ff5cca372dac0cb156af03ae82a52b98b73b10a55320b5554912c"
"exports","exports/publication_source_data/extended_data_01/extended_data_01a_source_data.csv","0eaa2e88716f4c913af2e5c39cb2c0b273e2a3bb7679fab2b3be462ff837b4f9"
"exports","exports/publication_source_data/extended_data_01/extended_data_01b_source_data.csv","299c8a71c7dd7e719a6bcd6e0925aac59db91d10c927be9dcb552b64a25a91bc"
"exports","exports/publication_source_data/extended_data_02/assembled/extended_data_02.svg","cafed525c60329d09f6750657dbc57d4b79a8d7614c40869a6d6bae4391bf16c"
"exports","exports/publication_source_data/extended_data_02/extended_data_02a_source_data.csv","244bcc5145e8fdf75f82300e6c8111881e7a5916078f778642c6e9c37c18db64"
"exports","exports/publication_source_data/extended_data_02/extended_data_02b_source_data.csv","a96f164e1f8956aed746c8980e86995ff02099163d005f0dd9714386da411c2c"
"exports","exports/publication_source_data/extended_data_03/assembled/extended_data_03.svg","efa6303c691a8098b1894ea9b6a7d291270bd3239c7335e8db7cfc16422ad559"
"exports","exports/publication_source_data/extended_data_03/extended_data_03a_source_data.csv","e5df23c04a6198830409d8d69162cc2da32e153ef3b6eca89de5af3f5bb635bd"
"exports","exports/publication_source_data/extended_data_03/extended_data_03b_source_data.csv","7c1c34b814e7ea3b39d9ed67e186b7b27b177cae0c85e86c987ad15324844a15"
"exports","exports/publication_source_data/extended_data_03/extended_data_03c_source_data.csv","a310b293d240345c9593f38dec0ded8544c47c5d4cbdde7b38fa0cac08ddf1f6"
"exports","exports/publication_source_data/extended_data_03/extended_data_03d_source_data.csv","f0f419328fc7a178a5b4291fb19f712ca29e06646ed49fea047cea2e7e480495"
"exports","exports/publication_source_data/extended_data_03/extended_data_03e_source_data.csv","eba7fa557bb5f18c38524b53c8196d1ddac46c506e03e8b2d4a588f878b9c6d8"
"exports","exports/publication_source_data/extended_data_05/assembled/extended_data_05.svg","ff981d15c3dafe6dae6266a6c2d35bdd9702abf7220a51391420bb4d29352348"
"exports","exports/publication_source_data/extended_data_05/extended_data_05a_source_data.csv","1906b79584a80418236dfdd120df5151aefb20fd0a39b5c258c60fd56869ea73"
"exports","exports/publication_source_data/extended_data_05/extended_data_05b_source_data.csv","728830a7ed89a27f19fff01e187d8f71bb2753ea3629bf26a2774581a3246d4d"
"exports","exports/publication_source_data/extended_data_06/assembled/extended_data_06.svg","a3cf343b073892eade34beb5e8af3a008efcdc68cffb271a99942f54dabe45a9"
"exports","exports/publication_source_data/extended_data_06/extended_data_06a_source_data.csv","d0361f280e1b78e8ad0c4cd14ff61a32a1d2ae5f17974f120831be1716754301"
"exports","exports/publication_source_data/extended_data_06/extended_data_06b_source_data.csv","b65e17d8c4fcf79c9538f70a0f1edc715a69029781ffcbe4fc013ab9c2335c6b"
"exports","exports/publication_source_data/extended_data_06/extended_data_06c_source_data.csv","ad4d541cc62195d73d8605b09aa27ccee6a3075459552466b85ebb19cf36e0ed"
"exports","exports/publication_source_data/extended_data_06/extended_data_06d_source_data.csv","3ceddac8e0359eb2d13d99e1321a22a2a5343ba6f034f30878bef5cdb7b45785"
"exports","exports/publication_source_data/extended_data_06/extended_data_06e_source_data.csv","673c823087c14b23b80c2e14eea9e4d3e46abcadd79cc210481fd407a698feb4"
"exports","exports/publication_source_data/extended_data_08/assembled/extended_data_08.svg","259ae320ae8515e5fce25e082761d02e2833fc8692ad793b2bdf728081872281"
"exports","exports/publication_source_data/extended_data_08/extended_data_08a_source_data.csv","eb656b9366eba8303d9eafb4e1fcb9fbc546bfe9e24552069df4dc018d1cfa65"
"exports","exports/publication_source_data/extended_data_08/extended_data_08b_source_data.csv","d9275f9be189dcfa5b44dd5b0ed8825d1e6a4f7267c226147f7b0051a3baa495"
"exports","exports/publication_source_data/extended_data_08/extended_data_08c_source_data.csv","c16931f4a2a9a0953b8e9f1bdb0531c128269a43dfb2c40839f433cbb8a4bfa5"
"exports","exports/publication_source_data/extended_data_08/extended_data_08d_source_data.csv","21e124e98b168eddc796f3502afd752550a982e7932215d6d63ff40a0fbc127f"
"exports","exports/publication_source_data/extended_data_09/assembled/extended_data_09.svg","8a7851458110ea0d08f2cd3e236d003e81c9f20c56bc7c8d44b73ff98dfaed34"
"exports","exports/publication_source_data/extended_data_09/extended_data_09a_source_data.csv","36862ee97767834746c36be3edd4170725051754c1ef8f8353679de29ccf146c"
"exports","exports/publication_source_data/extended_data_09/extended_data_09b_source_data.csv","de3867978186cfaf8b313bcc3808edf19a43af198bb8726c15d54604965e269b"
"exports","exports/publication_source_data/extended_data_09/extended_data_09c_source_data.csv","de3867978186cfaf8b313bcc3808edf19a43af198bb8726c15d54604965e269b"
"exports","exports/publication_source_data/figure_01/assembled/figure_01.svg","cdb066da6b9996046e3a8e7e35a98e6c81f4695472139fbe6d285621eaa88115"
"exports","exports/publication_source_data/figure_01/figure_01a_source_data.csv","1906b79584a80418236dfdd120df5151aefb20fd0a39b5c258c60fd56869ea73"
"exports","exports/publication_source_data/figure_01/figure_01b_source_data.csv","92fcb8062baa92329e6682addb061f5de41374930455f1f20337979eed15de23"
"exports","exports/publication_source_data/figure_01/figure_01c_source_data.csv","b992ad5a2fc61fe54d798f3f51585dab5f6667433cd88a8670c536e5785b0725"
"exports","exports/publication_source_data/figure_01/figure_01d_source_data.csv","df987c921f3ffb2546558fb3bb9722b5c12fb1fb62414d175e92e379478d2644"
"exports","exports/publication_source_data/figure_02/assembled/figure_02.svg","f176c8a7e6f6b8951c306f321e7faea9cb2daf057d91c941197fbd083d80a32d"
"exports","exports/publication_source_data/figure_02/figure_02a_source_data.csv","d43386cd472ce8665fb8b37ed72462d63b6ba765f62a60127c11cf57acfebd4d"
"exports","exports/publication_source_data/figure_02/figure_02b_source_data.csv","a96f684fe0a99d4d3ddb0752dd237cc8fd527b8905a0b3c36c1f974342c5001f"
"exports","exports/publication_source_data/figure_02/figure_02c_source_data.csv","afed3b106d6059d0b2364d8b94167b929ca54e4caf002154bb6c613ab4538361"
"exports","exports/publication_source_data/figure_02/figure_02d_source_data.csv","e24882adedc570db5e493d6fd90c451f7f3d792f715e7eeff6a4dcab2e75cee2"
"exports","exports/publication_source_data/figure_02/figure_02e_source_data.csv","c84c10c77626b96737076785d5c1c960feb29e8ba1d7a9f6525fbcbe5e1870bd"
"exports","exports/publication_source_data/figure_02/figure_02f_source_data.csv","82dd12966c8075357e0965f36414bc8945199641715b388f8f6ade6ddf05eab7"
"exports","exports/publication_source_data/figure_02/figure_02g_source_data.csv","fce8dd5433f8c1b53418a771b38a7286d20acb6ded53d54acf0ccdb2001e6560"
"exports","exports/publication_source_data/figure_02/figure_02h_source_data.csv","5714040d944c4aab063da2db14bdb5adcc1fd3d73db942489eee2ef38361fea4"
"exports","exports/publication_source_data/figure_03/assembled/figure_03.svg","1c3799e6750cf44bc77f72e9d1d19a69cd3b86748490d67937573284c8cdf4fd"
"exports","exports/publication_source_data/figure_03/figure_03a_source_data.csv","258ac2ac4a7a48900d34c99e45e3635df4da337f71212ed149d6cb0675e6d276"
"exports","exports/publication_source_data/figure_03/figure_03b_source_data.csv","8dd21e47917feac3c27310c19b1de0fa5219a2a730c380de329fc7d7cb82f78e"
"exports","exports/publication_source_data/figure_03/figure_03c_source_data.csv","dc9c8f1dc9f33e5dd4de7b38304f371d6c6063e353dfee02c8c9a541fb7dfe9d"
"exports","exports/publication_source_data/figure_03/figure_03d_source_data.csv","a45f4f93b02f39660e491159435388c27bf473417091e86c9b5c10ca49729e8a"
"exports","exports/publication_source_data/figure_03/figure_03e_source_data.csv","0dc2c1728be08401a429d777cbe003c323ca250e853bc49e2498962b098c96e0"
"exports","exports/publication_source_data/figure_03/figure_03f_source_data.csv","6f4fda5f38e20fcbb497376e638eb62e85713696d693e1fe5d1bf548e5ffe96a"
"exports","exports/publication_source_data/figure_03/figure_03g_source_data.csv","1a0c0a73eeac8d1d49556f9d1ded417dc087a0d95eaf30372af1233f3ca1a382"
"exports","exports/publication_source_data/figure_03/figure_03h_source_data.csv","8ecaa4e1d4a2cfddeb943f2336dc2ae82009bd6376db86eea3d676314538d7a8"
"exports","exports/publication_source_data/figure_03/figure_03i_source_data.csv","93ecc2e5f93d73fc6dfb64a9b3792e2507487523a301e6aaa81db8cd2311977b"
"exports","exports/publication_source_data/manifest.csv","3af2958ef10b76bbe2e6b9048cd180d3a521fe4cfae315adfc88282ec50b3332"
"audits","audits/consumer_inventory/adjudicate_module_labels.csv","f65a87715dae2a8846821ed2e3df3f4c5b9520de956223e1129edfa65fb7e971"
"audits","audits/consumer_inventory/annotate_module_celltypes.csv","7cb21695790c05de86b29100abd3af4453d557b8514f3f3c010eb3b1ecabd138"
"audits","audits/consumer_inventory/annotate_module_microenvironment.csv","175568b18b422eec420fdd3b66803f6e7b327876b69edd74fbb1d9b4fbdb925e"
"audits","audits/consumer_inventory/annotate_neuropil_reference.csv","c282581585d435f90bfdf6e972616bb1a203ebbef09d01154d73e31eca754e46"
"audits","audits/consumer_inventory/assess_dataset_quality.csv","7ecbda8dd9211469c49a76919e92145771e1f1ba6b9025f6984a8f9fd9a4fef5"
"audits","audits/consumer_inventory/assess_joint_compartment_quality.csv","b763b7c75af7a9195faab760925b04be5b1c27ab6822a76e798618019fc3f8f9"
"audits","audits/consumer_inventory/assess_marker_rank_abundance.csv","874bf4afc5e08bd53ab80b36fe953bb7c61ebcbb14ea1295020bd39d6fe833ba"
"audits","audits/consumer_inventory/assess_pca_confounding.csv","ed6bed5142ea64143b51626895e629eb8893444f4731b0ee832bea1fc820857b"
"audits","audits/consumer_inventory/assess_replicate_consistency.csv","6a38e09aede435062c08422644a2a5ce2312f67c7a10d49aaea59c36ca05deb6"
"audits","audits/consumer_inventory/assess_sample_quality.csv","4855efbd3c1a88f1ffd8dede6be250b496418bad2044a0c51b71d034974d1c2d"
"audits","audits/consumer_inventory/audit_animal_id_integrity.csv","b2c420966f8b3a48b8ac95a5f86079b3c23fecdf455be590f29ed645ae6e1d79"
"audits","audits/consumer_inventory/audit_ca2_slm_robustness.csv","30f071b3124a03d50478cda5dd2f59fddb558e446971cd333abe1c12edf5bf3f"
"audits","audits/consumer_inventory/audit_gsea_protein_direction.csv","b8fbfb44d687879b4141aa6903a2e9cc2ef946bbe5e3f60d0f524d2c37ef60ce"
"audits","audits/consumer_inventory/audit_microglia_module_claims.csv","35a85d2832086e51fb8d4f23a4c32c1da65bb8683c7d3827d74a26c9d5f2965f"
"audits","audits/consumer_inventory/audit_module_claim_readiness.csv","87609f690ce76f96fa8d386ba545b1bd629c51902e59b601e7054fd23f667583"
"audits","audits/consumer_inventory/audit_module_label_coherence.csv","5495d0b5737c830a239d93cefd5134cba5ac5cd1303fc85c71a8fc98cca2201e"
"audits","audits/consumer_inventory/audit_module_robustness.csv","e5bfadc55e2cea3b3e1458859e13e0635ef45eb74f86edfe640c2dfc0162e286"
"audits","audits/consumer_inventory/audit_stress_identity_robustness.csv","db28604c928d644a190837ad6adcbcb8f002a6a9d4b5c818ab4665244658adeb"
"audits","audits/consumer_inventory/audit_stress_response_biology.csv","7ff3437bbe143d1641b7e3ecda754ec6ce1fea58b4c72cc0a0227c0e168cb461"
"audits","audits/consumer_inventory/build_animal_spatial_networks.csv","bf1e52bcee089ae18e9bd9bdcfd9261fc7e06818cf9d748e6336542bd8c96517"
"audits","audits/consumer_inventory/build_candidate_protein_shortlist.csv","47989af9286d454a6e31f3da506f6a54d904bb7cdf15643f72e7b04371e05ea3"
"audits","audits/consumer_inventory/build_cross_compartment_atlas.csv","99f3bedcdf8f07142a6f2509d7f8599afb0db9ea941618babb93b486f87b718c"
"audits","audits/consumer_inventory/build_curated_overlap_programs.csv","34f009c907ae37f9f8ada3ccbc3b9448932d0c34186489c2ec7e285d01d95122"
"audits","audits/consumer_inventory/build_differential_networks.csv","b73f3219449594a621006b0083486b0fae8c8535a10eb76b24806f294460e980"
"audits","audits/consumer_inventory/build_evidence_priority_matrix.csv","12d415e5c2d14467272f1678c805a9c6b603d71bfdd962aa1eba6629d1b531a9"
"audits","audits/consumer_inventory/build_go_program_atlas.csv","a4ed2c9f7cd663b48e6ff633e5f9ccbe1425581c64d3d124caa872e065708f38"
"audits","audits/consumer_inventory/build_immunostaining_candidates.csv","b9ab5189eb15f40e545a2bea985fd1fb6da4a0fc878ce8969933b623ab9c211e"
"audits","audits/consumer_inventory/build_joint_protigy_input.csv","a02b038a8f50c893b023379410adfa2d8b5a9d0443b996979f4609614599b325"
"audits","audits/consumer_inventory/build_module_identity_contract.csv","3c6fee446b152c1348e909d6bd0b4e1061c760bbc75209627242ba819a3c7ae2"
"audits","audits/consumer_inventory/build_module_label_registry.csv","070b855e364e7c4ce09a531b8e4a513aaf51e7f824f799aefab872e4761b6e5f"
"audits","audits/consumer_inventory/build_module_score_metadata.csv","8adf615067f17211c50a0443a5aa92aa8099486f4510cf87a11740100b655707"
"audits","audits/consumer_inventory/build_module_spatial_atlas.csv","2f3ff622d9226305c568e4fbb55e2e9d1579561ec4a6094167f3f654c327aa89"
"audits","audits/consumer_inventory/build_protein_spatial_atlas.csv","9a49da9da29db5f728d88e51cda1695992c32ed8827124aa0ee7e4b8edd11866"
"audits","audits/consumer_inventory/build_reference_marker_registry.csv","1f1423fd9c6a32a6abd4f39c23131e993e1db415c723646342b5d19d2aa68a57"
"audits","audits/consumer_inventory/build_spatial_data_contract.csv","de4905fa2c511bd6e9f6f3fdac94408ad6e6692d62d394c2bd3a96662864ba11"
"audits","audits/consumer_inventory/build_spatial_networks.csv","98d9e35901d90fa4dd2a99490981d80e54e9ddf0ea6376848b343144a82b8468"
"audits","audits/consumer_inventory/build_sus_res_dap_atlas.csv","99321f4cd3059f7f8b6aa653b984ad819e17b0035110e05d7ffdbdbf6157f63e"
"audits","audits/consumer_inventory/build_wgcna_modules.csv","c0ab39eedea1901e66069a3d990e2395c4cc52a666d13b80de90da537b041c80"
"audits","audits/consumer_inventory/compare_external_stress_signatures.csv","515d2848c8b33252efd0e67cd427f3dba25623992711deadbe43d5dfd22735c4"
"audits","audits/consumer_inventory/compare_go_enrichment.csv","d54c333aa4cdfa9a5c470e79d953ba882285b240e8bf5fda6ab35e082ef81c58"
"audits","audits/consumer_inventory/compare_module_enrichment_overlap.csv","0680c798832b9460c2b86a5930f20458be937bedd7b521d9e3f8330c850f6d0d"
"audits","audits/consumer_inventory/compare_recurrent_module_proteins.csv","2ba053701cc793898da1ef8690e2bc3884ca6ce68a3dfb3c8b988fca33c8d194"
"audits","audits/consumer_inventory/decompose_bilateral_variance.csv","75c35e30b2f26c130cc59080a9555ed8afa516533ac469097b32c1d90dc9072c"
"audits","audits/consumer_inventory/discover_empirical_roi_markers.csv","72d48b949ca5fd39157fad0f509534116c2e2a1891dd04655cc6eec756f66079"
"audits","audits/consumer_inventory/export_marker_traits.csv","3c740bfbcb9a1e027106e0d407c74aa51e83984ec663827e88ff36fc3eea3f9f"
"audits","audits/consumer_inventory/export_module_protein_zoom_source_data.csv","48a91a36d3660542bd01896659819ec5cffacefc37bb2b34bd2ad41dfbb133a1"
"audits","audits/consumer_inventory/extract_protigy_contrasts.csv","56619604afc00c9a5b04ddc2952f359660d02e7059f96d94ff140c9cedb1c19a"
"audits","audits/consumer_inventory/map_protein_identifiers.csv","5c180837c1789b3c58b768f02d75b88a352883509c7019c97790840e4bcd5a93"
"audits","audits/consumer_inventory/partition_variance.csv","8629e477e1e424045541fd25824ef5987768b9be1d725a80a53d1a2f19a4c051"
"audits","audits/consumer_inventory/quantify_bilateral_spatial_identity.csv","5f8f7188c06e198ff9c54866fcb01ced1ee6f4010e0774bc26a622fdd5645d55"
"audits","audits/consumer_inventory/quantify_candidate_network_position.csv","98c1474633e2e24080aaa11dff8510650c7a7a05a83f9f32bcee81d9416effff"
"audits","audits/consumer_inventory/quantify_empirical_compartments.csv","45e49b70a0bd48a8efa388aac60784a8d9827f642e3405fef47726f79a80d107"
"audits","audits/consumer_inventory/quantify_module_bilateral_identity.csv","aec8c934ef297bccbf93614c7f0b44b983af63124497ad8d270c83e35809232a"
"audits","audits/consumer_inventory/quantify_neuropil_detection_context.csv","a378d296e79f922cc2bb51b32d6fc07d9e8bb57d2e4cb11e89dc342532ec2309"
"audits","audits/consumer_inventory/quantify_neuropil_precision.csv","95af7d9661b1dc905cdc20165c9a445dc34ce1c507f9108ed86f9c8612adb60c"
"audits","audits/consumer_inventory/render_compartment_abundance_figures.csv","3fce509debdb78dfede5a859262bee9b964f7a38cf973c57437490390cf19c59"
"audits","audits/consumer_inventory/render_differential_network_figures.csv","2d99beb3b143ccb5521c36cd1d011ec999d78cef2f1564f1353d689578fe8d0c"
"audits","audits/consumer_inventory/render_joint_compartment_qc_figures.csv","5874a55c4e32f680e492b5f38a4509b4cd31ec930f400f99febb178f18c431fb"
"audits","audits/consumer_inventory/render_microglia_independence_figures.csv","8ec9586f9e5b73fa8aa52384b138cfee6b0e3da240e4219334e35d4f44063cf8"
"audits","audits/consumer_inventory/render_microglia_module_figures.csv","148971cf7a5521c92df0e16ce69f0b52246585b1d4eefabfdb4d1c467399e2b8"
"audits","audits/consumer_inventory/render_module_circular_atlas.csv","ea12682f40d5785ac8c456065612d2ca65b31f7f5693ec8a1c68fc454f868f67"
"audits","audits/consumer_inventory/render_module_figures.csv","9ef20b7363c9a8ee8cb9cab2f78bf19656e129bbcdfa612a083e23acffa28a8b"
"audits","audits/consumer_inventory/render_module_go_heatmaps.csv","b2c428574e207972267192912f0b2cdd75da5d351b6fff67aeaf5290b413bd93"
"audits","audits/consumer_inventory/render_network_chord_diagram.csv","0024a72c408ac834a2248a3555af4a96b2fbf3dee6d8ba4f37f25fa7658bb500"
"audits","audits/consumer_inventory/run_clusterprofiler_enrichment.csv","2af1b812be72c871bcdbccd8a2fcc5b2a04176bd3c5d851a54a3970de9440d6e"
"audits","audits/consumer_inventory/run_ewce_celltype_enrichment.csv","893a4a8d8269fd9f1d0509ae86aff75d27cf23bdc028ab9886bc42d970c363fa"
"audits","audits/consumer_inventory/score_module_activity.csv","09d109e51441349bd6f768a05affdd015f704dc5ce23ed48cf35adc192b803ef"
"audits","audits/consumer_inventory/screen_immunostaining_panel.csv","afa234c1ee2a9bd5267180a932bb6e7f5b057e0cde353ddaba5f8b1af75ef125"
"audits","audits/consumer_inventory/screen_immunostaining_separation.csv","0142f937028c044861aadef143292e362d364c5f85675ad3b3de8a91567cc82b"
"audits","audits/consumer_inventory/summarize_biological_programs.csv","349d3cbe016652f3c41b008f14b9d2e56078754bcf2e26fce687067a989bd173"
"audits","audits/consumer_inventory/summarize_ca2_slm_robustness.csv","72442cf1e2687be97501c6a140b6699ab05c4d8b403b3fc76e0ac0f342503f6a"
"audits","audits/consumer_inventory/summarize_enrichment_module_concordance.csv","a135b89a8e56710f3ee27ed3c736c4c03e92975ad72b0dd8a282676f6c4a7056"
"audits","audits/consumer_inventory/summarize_marker_detectability.csv","035e4ce2fff2533834086c047db2132dd3559ec5529e3689c52ee97bab61318b"
"audits","audits/consumer_inventory/summarize_microglia_module_claims.csv","868dd48f577a5d16f74ef04972be8d35aed276710800a01a34bfde7e2359fdba"
"audits","audits/consumer_inventory/summarize_microglia_roi_specificity.csv","9178653b97dc36ae5fe5d736ba3030b055fce3ecbc2dc8aa648163323e31782f"
"audits","audits/consumer_inventory/summarize_missingness.csv","28d1ae0ced1d804e7c5df2552e76e13548c2d284bd1bb3486f63addb610a8c17"
"audits","audits/consumer_inventory/summarize_module_complex_architecture.csv","0eea84eb53e45b1f71c802c7527c797bfda7ab665323c37cb8dc09aec2e1468d"
"audits","audits/consumer_inventory/summarize_module_cross_compartment.csv","719df94ddc18cf5544ba28a19d90359c63ab8b1c3cc032710dfe9e2f26e49bc4"
"audits","audits/consumer_inventory/summarize_module_interpretation.csv","d642451e4c52463e6cacfe57e964d6d3b844a243f9932fe005f7c525d35de5fc"
"audits","audits/consumer_inventory/summarize_module_scores.csv","e5bde39e024887bac8f1109201971bbf146b914618e8678fb7816dcb854feee1"
"audits","audits/consumer_inventory/summarize_programs_for_manuscript.csv","d8aff451bfe1ffde6ae6c35b71de4da48b163e5416bd92407b364227397faecd"
"audits","audits/consumer_inventory/summarize_qc_confounding.csv","9f19e8d7fc4d2724dbbded1a3777f8358dc946750c5847b26883f20c8ad60181"
"audits","audits/consumer_inventory/summarize_spatial_atlas.csv","2e3fff48865f6efc7dc41eb674809eddb614508fb91060b946f41fc81ba9c268"
"audits","audits/consumer_inventory/test_behaviour_proteomics_associations.csv","499eb916b40220e6f83375e2b6f42d089e6efca033aa5bdc2ac0f6a2ac7e7253"
"audits","audits/consumer_inventory/test_differential_network_stability.csv","fc5bb2bf699116d3f113aff4f75e1fec55e509c15bbc7d486551b1c9f1ccaf62"
"audits","audits/consumer_inventory/test_enrichment_module_concordance.csv","8aff3c82b4eb4f701948ed502394a5c2d6f3bc30a76d1c495a7ab8263d132cfb"
"audits","audits/consumer_inventory/test_microglia_neuropil_independence.csv","12f9ded27e4c3c985fb2b038d4b294a61d47d1fdbcea56d6a7838bccc16bcbc9"
"audits","audits/consumer_inventory/test_microglia_targeted_signatures.csv","df4817dbb7c7973c41b44dd06897e4a7659c1af0bb23b8e4e3d953065b147906"
"audits","audits/consumer_inventory/test_module_behaviour_coupling.csv","ecafd4d2b31962d70aa2ef687d3b0ea9dd8a10f487cede5d2d959281ba90e19e"
"audits","audits/consumer_inventory/test_module_phenotypes.csv","4b6e3911a10222c83ae2af6e93d0d67ff0803402152de368d954467c89d60dd0"
"audits","audits/consumer_inventory/test_network_behaviour_coupling.csv","60e5b1813c286f593f45011634ac0dc138301553f2c940e2d1d3bb4ed9ff54c6"
"audits","audits/consumer_inventory/test_network_group_organization.csv","0887829d66edb7e7fef5c201a625ae8dc2d795d488c5f932347f86a5f42f69b1"
"audits","audits/consumer_inventory/test_network_stability.csv","35afc922a00daf5bf9065e765c85f6343db1b154cb7cc8a81fab386b70eb3ac0"
"audits","audits/consumer_inventory/validate_control_spatial_identity.csv","7059a2eca51eff9a4aebec1026e193a1ac31fa09e91d5f4032ca497ebee6cc12"
"audits","audits/consumer_inventory/validate_network_workbook.csv","986a81e7eeed68c9733353243159875615a24ce8030f9e6c28f7a5912abdca5a"
"audits","audits/consumer_inventory/validate_spatial_foundations.csv","3238e1483125741518c5a10f9453a625bb297bd5a5f05393c16c5ca50a2c5a90"
"audits","audits/consumer_inventory/wgcna_premigration.csv","4a1d2a7d53f181fc1ddbcc92a63db841102fba05a621217cb925958af18a4767"
"audits","audits/integration/07_gsea_wgcna_concordance_correction_audit.R","b0f03795bbf53f7017b78412f9ebecab29234beb50e9f55517ad1a03a25ac405"
"audits","audits/migration/generate_prerestructure_freeze.R","088143ab715409c43c1fa5919ddc37d9aab7e28cf195feeb0bdfc58d644d040e"
"audits","audits/part29/atlas_completeness.R","a472f5e6ec145f75bfee3a373cdc81fba52660f6a292050bc0ec34eedf6e14e3"
"audits","audits/part29/atlas_lineage.R","bbcab846485088816bb1ae2662660cd0d3866846291e2588393ff0683149379c"
"audits","audits/part29/atlas_renderer_scale_audit.R","fc404d42aefc74fb2bb0161322fb9f98080910c04df0c96abef34fde7a49ff22"
"audits","audits/part29/bh_family_and_fgsea_floor_audit.R","c287e115aaac75010b80668ee50b5f05d72ab337bd74a14558af83f9acdd4d90"
"audits","audits/part29/camera_feasibility.R","7b6c27b32b62d608a015dacf6972a3dbe3f7b3896562f9551cac93bc25a333c8"
"audits","audits/part29/camera_sensitivity.R","e3b0c44298fc1c149afbf4c8996fb92427ae41e4649b934ca495991b7852b855"
"audits","audits/part29/camera_summaries.R","b3b1414cf095e765c5516439d9cb6ba338d7691d8039169a9bd13fd093000a54"
"audits","audits/part29/canonical_gsea_contract_audit.R","c82038ae0b9de2ff56ccf0cda5ce0a99b19f42b6f4dc02ffa33c03f0862a3dd4"
"audits","audits/part29/coverage_audit_sections_16_17_18.R","e05e598eaf9d94ebb16b7831f4f5a7eb6cd88cd6cfedcf5f3ecb00052015e621"
"audits","audits/part29/decisions_and_lineage.R","41160b8eba7466491cd81e3672c007105e39cd8c5ecbe878f1ff8ec87ffd6034"
"audits","audits/part29/duplicate_gene_collapse_audit.R","01e9043006909a1b6ae400bdddb1a77e4e8c59c9683f606edb5f0eca4896d6f8"
"audits","audits/part29/final_atlas_docs.R","2612b40a9539e1ea90c0777f1649f1470a87a9db6bb902be9233c27c8517471c"
"audits","audits/part29/final_atlas_sanity.R","9746ef1dbd55b70c9595c653b0fde62c7c8accfb00b3ccd61baae2573009b3b8"
"audits","audits/part29/gsea_contract_audit.R","e3b0c44298fc1c149afbf4c8996fb92427ae41e4649b934ca495991b7852b855"
"audits","audits/part29/m11_activate.R","34017da1c7b17d68209be8af3dcb2d1ee46c61d78e76e832a7aa00d0f67d1b37"
"audits","audits/part29/registry_and_overlap.R","63ff43886de7edc4872548eb8ff249e2347c971bd8e42fe61ac4c1d89879c1a5"
"audits","audits/part29/registry_v3_build.R","7e7d9e07ceaa1749307da1e0787b3942168b9c9a46aef519c6b91e4ad12f8585"
"audits","audits/part29/registry_v3_promote.R","a99aaa4ce6a6f3be60c7fc557269d2db9871db0103a16eb8ce864cea47ec1990"
"audits","audits/part29/wgcna_registry_final_review.R","4b80b5d1d9ac3faad68da1662095459ff4de10b08b5808d6d537c6900a57c8a1"
"audits","audits/phase6d_renderer_test_inventory.csv","0f24db0ddfe61fedd6029ba01b034ba992e3afc1d5add2530c2991ce4d357f38"
"audits","audits/phase6e_active_code_inventory.csv","7b7c6ff83e6ccf131fb0f811b43f3548129809c803b07511cbab8175420f68d5"
"audits","audits/phase6e_final_active_tree.csv","eee323b9b890c8aeadad7e76d9d6e1b315185984f64ecb46c02943fbe595e517"
"audits","audits/phase6e_historical_name_adjudication.csv","6fffc34a9dd5bfe06880a8c02770be449ad6dd41f559a3e229ce19839c0575c7"
"audits","audits/phase6e_naming_migration.csv","d4761b5c842b0e93a1b23f67ed883443ad2e9645428b968c63e4cb2419d23dc9"
"audits","audits/phase6f_artifact_migration.csv","55ed1de8e8fbe7d7a47881b890aaa044fc9f16a692d2cbf44bb12c72f704c5c7"
"audits","audits/phase6f_output_inventory.csv","7c4980a52891bb92642f3f572e9553b54afd1a8a627ee25664de6283d5d9be96"
"audits","audits/phase6f_output_naming_adjudication.csv","3239c45d452ba5e55a4f8d8f1f4a7b8ed3d5866fe082fe4ea6b0f6e7a9ddae12"
"audits","audits/phase6g_completion_summary.md","2b85854fa45f97b1e222a80e35c12db47b3715bba8ca571c7294bb61ddf80be5"
"audits","audits/phase6g_coordinating_families_differential_abundance_premigration.csv","0d753fd2a455fd6331ea5e80ffad953b7a29ec5bca916667b903b4902c355b6a"
"audits","audits/phase6g_coordinating_families_integration.csv","c2060c05d1ae62e455806af627ff0f56e2f0b9ce7c2b12f3b43f504cc4a1b6bc"
"audits","audits/phase6g_coordinating_families_qc.csv","c2060c05d1ae62e455806af627ff0f56e2f0b9ce7c2b12f3b43f504cc4a1b6bc"
"audits","audits/phase6g_coordinating_families_qc_premigration.csv","28145240580c824328b1fcf733e3c53d0036ce31fbd233adf8068612126a8ce6"
"audits","audits/phase6g_coordinating_families_spatial_validation.csv","25d4130089a68c3b994cd56a4dee624947274ea13b3f98464d1af0ceaff83743"
"audits","audits/phase6g_coordinating_families_spatial_validation_premigration.csv","e63eb924f43b7fdb312710fa621b27cf21fba1227f2a97d51582d46cb7c22836"
"audits","audits/phase6g_coordinating_families_wgcna.csv","c2060c05d1ae62e455806af627ff0f56e2f0b9ce7c2b12f3b43f504cc4a1b6bc"
"audits","audits/phase6g_cross_domain_reader_verification.csv","29131464fdf5a8e3cc6c0feb4c8319221dc923a9a0571305b1ac5a6f02cf596a"
"audits","audits/phase6g_deferred_test_failures.csv","586be80e0d36332c38d809824ee9414e0995de4a6be14a82f4b228603a91efb0"
"audits","audits/phase6g_differential_abundance_consumer_reconciliation.csv","f051a8fbbe11f9242c1d2bbf0da2566ab00935e9249768ee4c60e0dfb82fb11e"
"audits","audits/phase6g_differential_abundance_lifecycle.csv","45f3ffde7d604df64664c4b3b0388d68bfb7d5f747e6f17af370ff85c492d4a3"
"audits","audits/phase6g_enrichment_writer_inventory.csv","72d41a9c9388159511ab665588d76d502cdd39f0092abb3abeae21d6ed295085"
"audits","audits/phase6g_failed_wgcna_figure_export_after.csv","3ae0e972b4911ccea6c3e4ae58e868b9c8eeec4db88f7b85444573f446db67f3"
"audits","audits/phase6g_failed_wgcna_figure_export_before.csv","16870da503c5b7f6d4de8606e57a26d7df1e58b9536316e614a4c87919b449d5"
"audits","audits/phase6g_failed_wgcna_figure_export_before_meta.csv","c8db63288a537190389431ffdef7c054fa750fc1d802dbb28a0172624a13e59d"
"audits","audits/phase6g_failed_wgcna_figure_export_incidental_changes.csv","66b748045309d5bbc10872a9380cdef796c254b662373c846c4292ab799516a4"
"audits","audits/phase6g_integration_consumer_reconciliation.csv","12fa523ff5d9cc5bb00e7ba4f7143f00cb9ce24ca02fdfecee3bc56f33c40f9b"
"audits","audits/phase6g_integration_lifecycle.csv","d81ee24a80b6386303e4d57bdb3a562ae23d30b5d015e27f7033f9fafa695bdc"
"audits","audits/phase6g_network_files_lifecycle.csv","dad8c56319298a57e181e58a1f24c68a305f08bc474817b83b4fc25ee097fc5e"
"audits","audits/phase6g_preflight_differential_abundance.csv","4f1a0c5cf629126bacfc4085c7d2d8aad2e62ddfcf7c19245c73a491ff97dba0"
"audits","audits/phase6g_preflight_differential_abundance_premigration.csv","2215bf3f8f6acfacd896c95a2ff5a91bdf695b360850f5ac5c3cf08ff97840c6"
"audits","audits/phase6g_preflight_enrichment.csv","6c9e3c04725b9d6e4c80b59f521cc02b9022393e4cdfc65def3a73b530059c3c"
"audits","audits/phase6g_preflight_integration.csv","82b7c7926ba76b3d645516f246796d60b4179107395fba6d9e1996e757c459aa"
"audits","audits/phase6g_preflight_preprocessing.csv","970cf764e0ab3cc062efe36a1c3ae0add792fb6f409b5c5c98582a81b9d14ab3"
"audits","audits/phase6g_preflight_publication_source_data.csv","141a4e92ba11c7eb191a85029a736123992d3fdfe57a26b1cc4cbe6e3bc3e2cf"
"audits","audits/phase6g_preflight_qc.csv","43fb0304ed97bb692d5100a4eb715c63bf5234755480da26640a0a1d01c28214"
"audits","audits/phase6g_preflight_qc_premigration.csv","1fa337952f0992f347c372c061424b82d9f808184b7ea2b54227ed3af4cbb4ba"
"audits","audits/phase6g_preflight_spatial_networks.csv","51a628297766a7d1a16d6e8846c21d6ec0ae42c64f29183cedc609d447ee0f4f"
"audits","audits/phase6g_preflight_spatial_validation.csv","eb788750f2381ebafad7ce4c9c84a6be24ad5726faea0756b4e368ed8955cab4"
"audits","audits/phase6g_preflight_spatial_validation_premigration.csv","cebbe2cba697eef4d882fcad205ee3dd40462cb1e3883c213b2f9ca453962f1c"
"audits","audits/phase6g_preflight_wgcna.csv","0696b40cd4a7404c333cf692756c06526894d8fb5234f2e6c330a0eadcfe9298"
"audits","audits/phase6g_preprocessing_consumer_reconciliation.csv","f922d38328534f676ced24add2bd8e9c90f796347e528f8fd7873cf7bc8a8c73"
"audits","audits/phase6g_preprocessing_lifecycle.csv","b929c92acdf36d367750fe923c7ef437bf399c2a5da5c0a2d71d423ce60cba03"
"audits","audits/phase6g_publication_source_data_consumer_reconciliation.csv","32043bf7ded4c5cd0eaa86160742348755dfa39c971bef632dba85ea5fc6196f"
"audits","audits/phase6g_publication_source_data_historical_roots.csv","25526fbce16e95acfc5a48344f447e9854ca6dd1ee5f6cf99e633f80c7ccae79"
"audits","audits/phase6g_publication_source_data_legacy_writes_before.csv","4426c5b56ee90910f94f536b9dc1477b9c3da5d0124b927094b5fae1b6d5d57e"
"audits","audits/phase6g_publication_source_data_lifecycle.csv","3c135871c2568fac9458a9b23c4632d8ecf43490f2618916234267f0d07d3af8"
"audits","audits/phase6g_publication_source_data_source_resolution.csv","b48dcdb6a8ec10d59558f5052727cf83509e17a0e9485e8da11ecfab318b24d4"
"audits","audits/phase6g_qc_consumer_reconciliation.csv","257be92855705007b4fd1e04df87ac12f6b2544c59100fb85b41904b065a6ae1"
"audits","audits/phase6g_qc_lifecycle.csv","e3c353f4824eddd03e2faef169aab62304559f1f658c663d251811868b2100d1"
"audits","audits/phase6g_spatial_networks_consumer_reconciliation.csv","aead34d09cabf816f01936cd391d09a2eab940548af10ac2029c021876c7cbec"
"audits","audits/phase6g_spatial_validation_consumer_reconciliation.csv","0e0b7b9b478be6c530d03a522ba463bdb8b76e35f0264521dafb3422ea2cd736"
"audits","audits/phase6g_spatial_validation_lifecycle.csv","5747bf5a62c59342315c0b393a916687454eac3763a7cf0f3ca23bb0f430897c"
"audits","audits/phase6g_wgcna_batch3c_sites.csv","09dd8d41322219695085c14c40a6441537bd29501d488a20d81a78fc8d9b1d68"
"audits","audits/phase6g_wgcna_byte_baseline_reconciliation.csv","1eecce63b9022a6dbb8357b00289336fc6e07852865e3a1cb4dc20fe2f156645"
"audits","audits/phase6g_wgcna_construction_coverage_supplement.csv","cc30c4215848b599e2b7b47b8a26696bba386aba644734877974a81d73ad600b"
"audits","audits/phase6g_wgcna_consumer_reconciliation.csv","e4217d2cd0c77f247cfb217fef68d8e45fbb038d67606d7ec408469899d1092b"
"audits","audits/phase6g_wgcna_consumes_pairing.csv","eace6d64ca5e6ad624adf32eb896a38af39e4ab046a69289474d07dbf981d643"
"audits","audits/phase6g_wgcna_dry_run_capability.csv","f3109764d578ec451c03e7cb9342a8e54c06b6e2c0117d61e61665b2ea67b484"
"audits","audits/phase6g_wgcna_historical_root_record.csv","f50e11fa971b089631c9b364951a3325ee557944e2b8420a099944f3567a2a25"
"audits","audits/phase6g_wgcna_lifecycle.csv","a9c9bbcffae6ab4f3a0ae17f267cc3744065dce97518946812549e50c905c307"
"audits","audits/phase6g_wgcna_live_construction_sites_premigration.csv","6135c6e060b6cabdbfdc6c2a51dfbcc3d72ac94d3eb425baf76bf30d4459426d"
"audits","audits/phase6g_wgcna_oracle_coverage_gap.csv","701608414ef275e80d5c4d1c8819d5a84601a6d3182543f4e58773647dd7a14f"
"audits","audits/phase6g_wgcna_reader_classification.csv","a6e1b1ea43403b6cc11d46b21e86c614f8071fd47f5a874b5f7da44354163703"
"audits","audits/phase6g_wgcna_reader_families.csv","cb3da39d9822813591ad8a675039bce7db7ff42309116b43911897023393457f"
"audits","audits/phase6g_wgcna_reader_resolution_equivalence.csv","9267b7b3ca83ac9e9a07b92910c1bfc98d921089b6fc7abf1be1b6a1236630d9"
"audits","audits/phase6g_wgcna_root_fallback_dispositions.csv","d7966ea55f5c94097bff795e5cfafdf93f14bfddb99c317058b3404a83acc020"
"audits","audits/phase6g_wgcna_state_carriers.csv","b1f231b8ef6753ef15e577b40f181b880f7c4b67608c0ffa1aecfbfdedc02ef0"
"audits","audits/phase6g_writer_namespace_audit.csv","d7b87987d806bce98ffc0afff30b3c3820e4fb948ae4fdcddf4a1105f4d00066"
"audits","audits/preprocessing/01b_animal_level_mapping_audit.r","0c683bc8144d900f5a49bfc075cb6f5cf5103be325ec1585bd9965033ece3f5f"
"audits","audits/preprocessing/03b_directionality_audit_raw_vs_protigy.r","866c99bc52fdc2ed74d4b4e8418feaeffd3bfe51818f2958d87dd098d5e54054"
"audits","audits/program_evidence/01_build_ledger.R","4a0494dafef39f619241005eb9627855ac4ed79bc2eb9794c89e209fe23bd429"
"audits","audits/program_evidence/02_omitted_recheck.R","84d9a96423da29822b6f1be2ef4b2b52ca03aab8fa96ddb08db95908eb186308"
"audits","audits/program_evidence/03_review_book.R","13453c63f46615a020291e9bee79e7947f49981bba4486fb86cf0bf06487a691"
"audits","audits/program_evidence/04_rules_and_chromatin.R","ff13c5b1660d4b0cb8d897f2ab6a10d5c257eb76854006df4924cb211a09f668"
"audits","audits/publication_hardening/00_checkpoint.R","1aabcb4513621d67f57028e6a2ea2039bb5c00af6f7ee9084dddb36385e2d2a5"
"audits","audits/publication_hardening/01_manuscript_contract.R","94a0422f39cf2cee3342114bff515bf691187d98d21bee2c41a5f715f2ad1b5b"
"audits","audits/publication_hardening/02_statistical_audits.R","3226968d3a5dccb3cedcdc9f9c1afd593f20eaba799e8a2c80deacbacdce3918"
"audits","audits/publication_hardening/03_statistical_contract_doc.R","a1945f63bd5cc9c47c54293ff09f43e519c73ee0d2546db67ba66586b9eb2cb0"
"audits","audits/publication_hardening/04_architecture_inventory.R","58e49c484b8d9d5f155141e6182b04dec77fed337cef94ab828858664ca9139b"
"audits","audits/publication_hardening/05_output_and_layer_review.R","a6d49e4c9faed45380f7415a0e03b8105b04a2d259eba3362a8af05be9ff932d"
"audits","audits/publication_hardening/06_target_structure_and_risk.R","6c1de20b7d084b7cf50c153538b6a906e4595ab424ebd7eb0802d61052e6238f"
"audits","audits/publication_hardening/07_ph002_language_scan.R","2bd34764bdf3c9aa225ec5bfc7a267f2f0500d77e9285e9654445f8c42530e18"
"audits","audits/publication_hardening/08_ph002_delta_audit.R","143a7be2d4b921500ea59e0a23a9719b1d4c51d79c169d397e04df487647dad7"
"audits","audits/publication_hardening/09_verification_state.R","6ec21517389e34e456ca381124053524857f26a531cebee35301c444812c0ae7"
"audits","audits/publication_hardening/10_manuscript_provenance.R","7809c0bf37a06b2e697486acd6f44e1c9e8a5196a3aa4806de669ac8a0a89dc7"
"audits","audits/publication_hardening/11_manuscript_phase2_contracts.R","81c5e86bc204012c9c0cd2502f0affdac3c161fae2582383e78161a89acc6b5e"
"audits","audits/publication_hardening/12_manuscript_phase2_reviews.R","95c9c0ff6d2bfe7b147ddf4e186652978db0c71088a8f89af13d2fef1851be35"
"audits","audits/restructure_migration_map.csv","70dd0951e93275be5566f1ebbbabd5d91380b23d19eb3181aa5179b6fd687af1"
"audits","audits/spatial/spatial_v6_baseline_profile.R","9858991a833bc536b3671f6ad15b79a36442cb3c0e45e72ac534f5ae98e3fb38"
"audits","audits/test_migration_classification.csv","0565b4ae32ac0526a137589fdcbfc824d4c7831f28140203f74b84e7d4b8b681"
"audits","audits/verify_scientific_contracts.R","1af2494f6566f129efafb18552dce094e5a6daa00a8b3ae1c1b54f843428829a"
"audits","audits/wgcna/proteomics_wgcna_downstream_audit.R","8a8702abff1eb7e4c0b81d34f6a983219d2b01dc9ec3ebe537e0dc0a41a599ed"
"config","config/animal_id_aliases.csv","94891a22f01d9e0a96aeb55bd9d6faa9bd3505e08602bfd78a5f6ead8b0d7028"
"config","config/clusterProfiler_config.yml","131141abab442a639d7e0083b73043f974947f93b5a1484d3eb17aa18d172333"
"config","config/compareGO_config.yml","87402784cf4204c0ec70fecf86836773d1b040d24118f0770aa0099823703d03"
"config","config/example_config.yml","0b3899c1d2568d5fc977b11fc4e7091f9d9d74feeb2ff1c49d110c62b8ccd2b6"
"config","config/gsea_wgcna_program_module_mapping.csv","765048c69ba56a1d7fbeb7aa9ee9563d2da0d1d85e6c748cc19771750f347958"
"config","config/gsea_wgcna_theme_module_mapping.csv","3aad2f382aed0c7d90e847dfd5afc5eae2fa3ffd46a06caa166d156755471914"
"config","config/legacy_output_registry.csv","bf9529013bc730c3326ddfb8496db86323c8a1b370ee374c7244a7174af2b3ec"
"config","config/manuscript_go_theme_registry.tsv","22bd27c581aa8754d2a037abdc110e68b53a3fc6b95caf5394b229f55ac92e1f"
"config","config/manuscript_go_theme_registry_v3_candidate.tsv","5129b7f63579e6d10255085bd32d033bf03a65e44b86ec7d7183bd5a11ef00b7"
"config","config/manuscript_palette.yml","eb077b1df619a9a83558840e7d27b729cdafdc1e9fae6291b6d45e20acef247f"
"config","config/manuscript_spatial_order.yml","8200500e4f357af294602a7c9b50df3ee21a24c643c09a4ba0497c66c22baed3"
"config","config/marker_panels/compartment_fidelity_marker_sets.csv","1712ab4643dfdcc031ef61a30d88ed9c1f121704dccf3b101d370ed91476c7c8"
"config","config/marker_panels/control_compartment_publication_labels.csv","b154e220aaecfa53e605dff3fc929da27c26139e626bdc638ad7a80418ad8548"
"config","config/marker_panels/microenvironment_marker_panels.csv","ee44668afd77e8d87c09cffcaba0f330e7ab4b3901a74e0b6b087aeb021f5cb9"
"config","config/marker_panels/wgcna_reference_marker_sets.csv","bda992db65a33c3d3fb90395798d37b06fb8efcaf3941a2c33f8a9024ebd99a3"
"config","config/microglia_neuropil_independence.yml","3793546fb15da3f1d7c813599ab30371942220a3451b638659ac7de8a9277fb2"
"config","config/output_layout.yml","fe45d2a85008fb829f876fb5ae51f27484824e4a9cab259bf8e4b49fe985896c"
"config","config/output_namespaces.yml","8b8a3c8c5acf5db6612c92b60228227a90633f98d36d14e1650697366ffa859f"
"config","config/publication_source_data_contract.yml","c2eeab1905e5ebb5905faf7ca6e448f14bea4a805d9f2706a0f6b029a4710999"
"config","config/results_ownership.csv","1eeb7c6d30f42d93efb4d35207c1fa3dd228de84334ac5f64cd0648c2b6a3a50"
"config","config/wgcna_labels/microglia.csv","da3ab9bafd1aad13647ddb0d836e8cb84e7ceafd1759861abe8e73baeb3d89ca"
"config","config/wgcna_labels/neuron_neuropil.csv","b8c6afc58199f96f09d924f2f7c9673f79234ab86253294111b25c5794d10d4e"
"config","config/wgcna_supermodules/microglia.csv","47121c7748c2679416f2fec757174e3de4204f6e99ebd07f54d6445068c821e5"
"config","config/wgcna_supermodules/neuron_neuropil.csv","d3e3c3f442ef151bb32d828a48e1b270e7700873809b38a96e6dd17ebfe28a95"
"config","config/wgcna_supermodules/neuron_soma.csv","f368200cb31c1bfad7f5ebe595d18799f9656866fd7294f9caec852da1b24a68"
"docs","docs/active_script_audit.md","c0f45e3a0f617dac2675c5206ab57bf00726d475f7cd2013cf556083eba416c8"
"docs","docs/active_script_io_audit.tsv","ae3bd286823cfc6bd29b338d2739669552f195132a8f96f963dbb9509999a78e"
"docs","docs/ANALYSIS_ENTRYPOINTS.md","f6de873af86ab2a1430d2ce7ccba47e85918dc0edd5813250b6acf540e9452d8"
"docs","docs/ATLAS_PROGRAM_SELECTION_AND_NAMING_RULES.md","558b92b331c6f1540298a6f645823d695e5c3540f60a16c96e1a56ff2f12a5c8"
"docs","docs/BIOLOGICAL_INTERPRETATION.md","1a93689755849bc498d106e748a97e51875d939eacf35e80726cbefbf8f57ef7"
"docs","docs/biological_interpretation_guide.md","4bbc97d89fd865c603801f80914f2706b22d7335e3c35629f776fb0dee0b40d6"
"docs","docs/CANONICAL_ANALYSIS_ENTRYPOINTS.md","d06b42203d1e36afce03df87b4e9b2fa3b4faa7508b0dae8600bc55438878a6d"
"docs","docs/current_data_flow.md","228a6fe3951fc4f26e582a892db11802d29943e90cb5a686f6cc4e4f8f15980a"
"docs","docs/DATASETS.md","03266059cc82f55678a5cff97873fdbac4ff7053ca9e3d74e05aaf70a66ad7f4"
"docs","docs/file_contracts.tsv","178b9c2d9f9993ca5e61ab97cf8b144d35932fa5437b053db5521e3fc67387e1"
"docs","docs/hardcoded_path_inventory.md","cdd445406ada095d6dd9fc80c42bd2415db7776ff716482c370a8828b1c04d40"
"docs","docs/INPUT_CONTRACTS.md","650ef49cef84563a1329ec349e5fec2dcc9e7006b31d09e88678db99b133fe8a"
"docs","docs/MAINTENANCE.md","136e598c6bfb275f319a003f3d4f90394d94141e9e892e52aa3b09c63eaec8f9"
"docs","docs/MANUSCRIPT_DRAFTING_PROGRESS.md","ec25ed7b55cbe5248ea6a0a86ec2170c0a8483efcdb37931d87c6461842a6ac3"
"docs","docs/MANUSCRIPT_STATISTICAL_CONTRACT.md","1a1c33b1f5ceb86b17e8f4164481d9118e94db114ccfd48c7c1699d01a116a72"
"docs","docs/MICROGLIA_ROI_INTERPRETATION.md","dd326356b51f777081305234c811a0f774b3be4671938fb207199cd4d4d6364b"
"docs","docs/NAMING_MIGRATION.md","0a4c33ecbcfcb7f62a287f32ab1a33ef875431cd35c639fec413a9dc0edec1df"
"docs","docs/OUTPUT_CONTRACTS.md","ed5e34ae58a0a7da19d67aa78d729d99c0d9deb73126de08d82ec8a4e151c488"
"docs","docs/OUTPUT_LAYOUT.md","f9fce066d406f55cc940ed8d20f71ae19461cdfd1de248fc70336739ee4bb71e"
"docs","docs/PRERESTRUCTURE_FREEZE.md","50a2b11cb023c3cbb1c234147a475cbf2759cd7ef31b809c413b805598b0dcba"
"docs","docs/PRIDE_EXPORT.md","9a5274637b146d873847f1a3833ef49b2ae8a8257a0eaa27298182848c63b783"
"docs","docs/PRIDE_submission_workflow.md","3db976a4217ebaabdf2bc1f7bac8126fdba982e6055656c659ffd3e6e2690561"
"docs","docs/PUBLICATION_FREEZE.md","c7bbbd248d07e472cb6def0ebb86bcd49368739a7c342e9e75e9f6c80aeb6d6a"
"docs","docs/publication_freeze_manifest.yml","d3d8fcfb95c65f8911484ba9d6264706b2144f5e1827674411e68fc89d014026"
"docs","docs/PUBLICATION_HARDENING_PROGRESS.md","0466453d7e23ad17154bf9e6e25e37bbd2de009f442579b21fbf0c114ef8935a"
"docs","docs/README.md","20e6780553fcbff303e15f281b5bac1a98600a9515f0511aef1bf1176907ecf9"
"docs","docs/refactor_backlog.md","125e79b48475ce1f9fb0dce607878e306869c79882d5f62f618f204d56009b2f"
"docs","docs/RENV_LOCK_STATUS.md","4fa72e5da9ed080cd848550e353a4cc17fcabb2b190d8d62c16736b8ddf86c03"
"docs","docs/REPOSITORY_ARCHITECTURE.md","cd0cb64ca68410d46fcf86abcd9f05dbaf42de844880f0c43b82b2e32c4cface"
"docs","docs/repository_infrastructure_todo.md","109c86e4ec299be33a7ed57cbc9147b918f6d0dd840995e3507460fa03468bc6"
"docs","docs/REPOSITORY_NAME_RECOMMENDATION.md","f1e054d1b29c6b3689a671115c367df71ab562e9934c729d9b6df0b87ff0a776"
"docs","docs/restructure_inventory.csv","b177ac133817ee853cce910bc207f2b69e3646729b26b6a4b25e161c24cadeb7"
"docs","docs/RESTRUCTURE_PLAN.md","780a6f9ca2d1d8b46df090fb27bfb23ba2ab80504cb545ce0efbc186427d1d3a"
"docs","docs/RESULTS_OWNERSHIP.md","ede28852a3f75247aa874344177edf8d4bf3bc7b38326e0ecfc78d9d66b3d328"
"docs","docs/REVIEWER_REPRODUCIBILITY.md","7ce8ec82d732376afb68d96e51aaf0f28c797caf3b327280af4d010103487557"
"docs","docs/SPATIAL_SYSTEMS_FOUNDATIONS.md","c11fc93da580cba9713d2d0d61706342187110b60137753cf349806a11e60395"
"docs","docs/WGCNA_WORKFLOW.md","c487705f87ac45289b84cc302dd009fa46c2b76c6d2303514d5856d238027968"
"wgcna_tables","results/tables/06_modules_WGCNA/01_WGCNA/microglia/mapping/WGCNA_canonical_feature_table.csv","303a05cdb12a396fceaeb1779d4dc6675024b5aadf992fa919c61bb18ddee315"
"wgcna_tables","results/tables/06_modules_WGCNA/01_WGCNA/microglia/mapping/wgcna_feature_mapping_audit.tsv","6f58d6a8cc04cb8f59985309d74cd7ca2c9824c185b2f5fbecc67667e2664d0c"
"wgcna_tables","results/tables/06_modules_WGCNA/01_WGCNA/microglia/mapping/WGCNA_feature_universe_audit.csv","00165eba0841e12a2ba026876e0b50ed9e8885cab9bafd61e5fdbfbb04f485ab"
"wgcna_tables","results/tables/06_modules_WGCNA/01_WGCNA/microglia/mapping/WGCNA_protein_group_member_bridge.csv","cbe53fea5f3cdebc94c30aeef9fbe04f0c3a471dcd19843500f93e42f0a5ca6d"
"wgcna_tables","results/tables/06_modules_WGCNA/01_WGCNA/microglia/mapping/WGCNA_ProteinGroupID_collision_audit.csv","bb2d008e228fc20f8f529e6125635430c25e2cdd6a20d2305af2a54539e8b16a"
"wgcna_tables","results/tables/06_modules_WGCNA/01_WGCNA/microglia/modules/genes_in_module_#2F6F73.csv","a72bd0a9c00133adffd7abc9feef1b2d4f6986b4ddf1d20e8a952e2d76e7ccf0"
"wgcna_tables","results/tables/06_modules_WGCNA/01_WGCNA/microglia/modules/genes_in_module_#4E7D66.csv","e3f782caa52bc01dd0e809aff871e6efd54ab280d81bfe1e068c841bce15f07c"
"wgcna_tables","results/tables/06_modules_WGCNA/01_WGCNA/microglia/modules/genes_in_module_#5B9992.csv","7a426c59a77efb5dcfa5ca09a937f0b3cacc12a6ebcad013bfb9ed1532e6444d"
"wgcna_tables","results/tables/06_modules_WGCNA/01_WGCNA/microglia/modules/genes_in_module_#5D6468.csv","b0f64f4a7a41ef3e9e32c649605d2978110af442f5b548777d47bb946fd2121b"
"wgcna_tables","results/tables/06_modules_WGCNA/01_WGCNA/microglia/modules/genes_in_module_#6F5F73.csv","c827ffda0c33e1992ea8b90229100bf2d6afbf4a689e6bc59b42082f1cc9d1be"
"wgcna_tables","results/tables/06_modules_WGCNA/01_WGCNA/microglia/modules/genes_in_module_#7D6F8F.csv","561167289c38c0561831c178dfee1eb9963dc84e41473075dfe5dfedbbd77e36"
"wgcna_tables","results/tables/06_modules_WGCNA/01_WGCNA/microglia/modules/genes_in_module_#7E8A8F.csv","8c002c0a767760a2ee2325ef06d424fcc816c7c2a788f16efcd601d1ec7e447a"
"wgcna_tables","results/tables/06_modules_WGCNA/01_WGCNA/microglia/modules/genes_in_module_#8A9364.csv","d3403fba9795a9388c835b81a304a53c83223b9ba0a8ebbe40fd0edd2b0ba530"
"wgcna_tables","results/tables/06_modules_WGCNA/01_WGCNA/microglia/modules/genes_in_module_#9A8977.csv","a9df1d15195ac19567b4eb4b0ec9530e979bd5846720f6e0caea895a36692e03"
"wgcna_tables","results/tables/06_modules_WGCNA/01_WGCNA/microglia/modules/genes_in_module_#9B6672.csv","4b644d7e0269661ffcc030841a82f8622974986207eef98ad8bb9d0cca343655"
"wgcna_tables","results/tables/06_modules_WGCNA/01_WGCNA/microglia/modules/genes_in_module_#9CC9BF.csv","97f5e7045ee6bee57af8435fa6e535d9ef1eb5e25dd79ba9ab4b4f231d9a8d17"
"wgcna_tables","results/tables/06_modules_WGCNA/01_WGCNA/microglia/modules/genes_in_module_#A66E5A.csv","1d55c7bb003b1fa03d7d894d83ff904cfe8435b20b851b9bbd55a4ca2ceefc96"
"wgcna_tables","results/tables/06_modules_WGCNA/01_WGCNA/microglia/modules/genes_in_module_#B39AB2.csv","d0fe7b74ecf5962f2e4e1759fb4b70c547e7bd0e87b398c21a03a83d88a6f30b"
"wgcna_tables","results/tables/06_modules_WGCNA/01_WGCNA/microglia/modules/module_name_map.csv","87d9bcd3b442a945d140ee065300c5529c5a796979bed64f43a3463372855b27"
"wgcna_tables","results/tables/06_modules_WGCNA/01_WGCNA/microglia/modules/module_name_map.tsv","8ef6fd19398e185bc83157a86b3e6c872bdf0b30e18350ce8709adfc242120c5"
"wgcna_tables","results/tables/06_modules_WGCNA/01_WGCNA/microglia/modules/WGCNA_feature_universe.csv","5307742e1e689ce48883ec2b917d26c98c0f20eabf980ab29931bf2363c1d40d"
"wgcna_tables","results/tables/06_modules_WGCNA/01_WGCNA/microglia/modules/WGCNA_module_contracts.xlsx","a9a5bcf226efe3b079f9497b7408906b59d3d7c94e65cbeafcf3c4a1a926abaf"
"wgcna_tables","results/tables/06_modules_WGCNA/01_WGCNA/microglia/modules/WGCNA_module_definitions_for_downstream.csv","ae24d59e941b651e8276cb4b303bc342d2ca2ce39c022eb30cd510a60ec14fb2"
"wgcna_tables","results/tables/06_modules_WGCNA/01_WGCNA/microglia/modules/WGCNA_module_evidence_rank.csv","4be8098c205f213bb40d6074cbf4bd258caf32421038b652b0b3001d5714c2b2"
"wgcna_tables","results/tables/06_modules_WGCNA/01_WGCNA/microglia/modules/WGCNA_module_GO_enrichment_long.csv","fb9b3fbac41dd08c9f7cbc347d5593f66d1bb13de21ec349f8dab37318469230"
"wgcna_tables","results/tables/06_modules_WGCNA/01_WGCNA/microglia/modules/WGCNA_module_GO_enrichment_QC.csv","d8bf0268ce338f94631a21efc13bef21f7856569cb0f209626b2429b10c92995"
"wgcna_tables","results/tables/06_modules_WGCNA/01_WGCNA/microglia/modules/WGCNA_module_GSEA_coregene_overlap.csv","fc7cb889af3ec8459ee700d7c03d5d5150cdb2c8dc552fdc350f1d6332add90e"
"wgcna_tables","results/tables/06_modules_WGCNA/01_WGCNA/microglia/modules/WGCNA_module_preservation_summary.csv","8adda52084a8d9b3a10f53ec00409d262722ba927129b5b589a1f48ea13c8913"
"wgcna_tables","results/tables/06_modules_WGCNA/01_WGCNA/microglia/modules/WGCNA_module_priority_summary.csv","c1104dd777d3a0dc7fb2210cfb7135973351f93a3990b8648c9f107360ea87bd"
"wgcna_tables","results/tables/06_modules_WGCNA/01_WGCNA/microglia/modules/WGCNA_module_summary.csv","9f4981a7a516a3c90980b5f01bf3c19be8b3a295d05e74e2bde2d220d5097fc6"
"wgcna_tables","results/tables/06_modules_WGCNA/01_WGCNA/microglia/modules/WGCNA_modules_long.csv","650c4b64de2d8c2c2bc9ae3f7c16b25eb863180c4d0b68f45f3c3719faafc330"
"wgcna_tables","results/tables/06_modules_WGCNA/01_WGCNA/microglia/modules/WGCNA_modules_long.xlsx","6a6bb79fc7bbc2f33868fdd1a1b720a4ac0276e73d1fef6fe3bccd6efefbadce"
"wgcna_tables","results/tables/06_modules_WGCNA/01_WGCNA/microglia/modules/WGCNA_parameter_audit.csv","b59e6fd6952f91ebc93481a22189cff1aee12f9d0f427e17c70a20dcaf1013e5"
"wgcna_tables","results/tables/06_modules_WGCNA/01_WGCNA/microglia/preservation/module_preservation_CON_vs_ALL_Zsummary.csv","a8d3baee99cd0303c944020f3723ec2861990e12364b71deb0b06d926412655e"
"wgcna_tables","results/tables/06_modules_WGCNA/01_WGCNA/microglia/preservation/module_preservation_RES_vs_ALL_Zsummary.csv","f9468729a0264474399e41eecfa2d392dd9935f9f37617ff2becf3a1e7ce0f6f"
"wgcna_tables","results/tables/06_modules_WGCNA/01_WGCNA/microglia/preservation/module_preservation_SUS_vs_ALL_Zsummary.csv","2e3a4601ee1d0e0412fc73d7ca0a8df58c4f0ed36901ba266348becb410491a4"
"wgcna_tables","results/tables/06_modules_WGCNA/01_WGCNA/microglia/qc/gene_filtering_qc.csv","7ea3518e17962ab9bc2f9e0933a9cdc6ee72c29ac184290aff9a8d45963a9e8a"
"wgcna_tables","results/tables/06_modules_WGCNA/01_WGCNA/microglia/qc/sample_filtering_qc.csv","0a5d70e1bf4c6c17ea67e8d4f7a4c60cedb2c2e663879da2974f18d1472076d6"
"wgcna_tables","results/tables/06_modules_WGCNA/01_WGCNA/microglia/qc/soft_threshold_fit_indices.csv","02cfcb508ad5a1f2019c2136f8614756a39644a5bb9fddb4cf0c28fa68eccffe"
"wgcna_tables","results/tables/06_modules_WGCNA/01_WGCNA/microglia/qc/soft_threshold_selection.csv","325af380f6383fabe42a7ee9b3da081320ccc4248260e029148fa2aa256d36ce"
"wgcna_tables","results/tables/06_modules_WGCNA/01_WGCNA/microglia/supermodules/supermodule_clustering_sensitivity.csv","0e7f1deb947162b7e6f02c16cc70ec0b87e59a97cdd63414402272f82cd4c291"
"wgcna_tables","results/tables/06_modules_WGCNA/01_WGCNA/microglia/supermodules/supermodule_compression_qc.csv","37780c1414279e32c0c708523a1c8841901faa2c97cd4d2890814b87e5ae2f84"
"wgcna_tables","results/tables/06_modules_WGCNA/01_WGCNA/microglia/supermodules/supermodule_label_audit.csv","5f3183e28d2c72205dd3b76e9a28dd443ab9a5d2dc5179c09302d176dd05adbe"
"wgcna_tables","results/tables/06_modules_WGCNA/01_WGCNA/microglia/supermodules/supermodule_label_source_manifest.csv","28722e0219ba23d1556384ea19b007bfdc7fc3f838871a9e9bb5b8ebe1e5643a"
"wgcna_tables","results/tables/06_modules_WGCNA/01_WGCNA/microglia/supermodules/wgcna_between_supermodule_eigengene_correlation_summary.csv","b21099ecfa877648a8a6e8b42a62f2f9d1842d57c686bd3180b2fc35db68fd28"
"wgcna_tables","results/tables/06_modules_WGCNA/01_WGCNA/microglia/supermodules/wgcna_condition_omnibus_with_supermodules.csv","d8747696edde0f6a214a6608e9703ae4eac60e32b9f9d281525726b2d25786f5"
"wgcna_tables","results/tables/06_modules_WGCNA/01_WGCNA/microglia/supermodules/wgcna_group_contrasts_with_supermodules.csv","23990acb273024da6dd8d655ee4f76d17a98739f37673046e1f315a6836be39f"
"wgcna_tables","results/tables/06_modules_WGCNA/01_WGCNA/microglia/supermodules/wgcna_module_eigengene_correlation_matrix.csv","354025ff1695d4b22a96d32cb1fbcba890ad21cdeac39a1fe55b81ca9bcf3757"
"wgcna_tables","results/tables/06_modules_WGCNA/01_WGCNA/microglia/supermodules/wgcna_module_eigengene_correlation_pairs.csv","7fa7af4ac640a3be99b0e3979e4af8194a44a56bda4a01f7f35dfc8f2321d8c0"
"wgcna_tables","results/tables/06_modules_WGCNA/01_WGCNA/microglia/supermodules/wgcna_module_eigengenes_long_with_supermodules.csv","780e283014fb7b5377d4c155600d260d989b66250b9a62ef863afa1fcee7f1b4"
"wgcna_tables","results/tables/06_modules_WGCNA/01_WGCNA/microglia/supermodules/wgcna_module_results_with_supermodules.csv","ae24d59e941b651e8276cb4b303bc342d2ca2ce39c022eb30cd510a60ec14fb2"
"wgcna_tables","results/tables/06_modules_WGCNA/01_WGCNA/microglia/supermodules/wgcna_module_supermodule_annotation.csv","e4e6f10df538624f768fd500d40fe309007d441bdef09717bfb8f800b12546d5"
"wgcna_tables","results/tables/06_modules_WGCNA/01_WGCNA/microglia/supermodules/wgcna_module_supermodule_annotation.xlsx","43f821b53d3e3b04e8ddc8e6acfcf2ba7ac9c80e18ff06036f26e4ff124cae43"
"wgcna_tables","results/tables/06_modules_WGCNA/01_WGCNA/microglia/supermodules/wgcna_module_trait_correlations_with_supermodules.csv","b92b3572053a3d4992fe4777ac036f9e4ae2dd7d26d2d36ec9014ec144e442a5"
"wgcna_tables","results/tables/06_modules_WGCNA/01_WGCNA/microglia/supermodules/wgcna_spatial_strata_group_contrasts_with_supermodules.csv","316c66b3e498cfd1e6e221361446b7f28a50224e762fb7434534e83a1fee9c86"
"wgcna_tables","results/tables/06_modules_WGCNA/01_WGCNA/microglia/supermodules/wgcna_supermodule_biological_coherence.csv","6b51860247909d10f7404c15f1ca91feeef7ae5434fed93924b0d6f2fe7f26e1"
"wgcna_tables","results/tables/06_modules_WGCNA/01_WGCNA/microglia/supermodules/WGCNA_supermodule_display_label_audit.csv","4ef62a0ed3b57a4d7bbf0fb629cb5f88b7abbf9d8e9c75d25ea4dc2ccdbc932d"
"wgcna_tables","results/tables/06_modules_WGCNA/01_WGCNA/microglia/supermodules/wgcna_supermodule_eigengene_clusters.csv","90b367ba39e68b73814ef6c2b97495d084917f04d8419a12800d0bb0fc3b48f5"
"wgcna_tables","results/tables/06_modules_WGCNA/01_WGCNA/microglia/supermodules/wgcna_supermodule_eigengene_similarity.csv","354025ff1695d4b22a96d32cb1fbcba890ad21cdeac39a1fe55b81ca9bcf3757"
"wgcna_tables","results/tables/06_modules_WGCNA/01_WGCNA/microglia/supermodules/wgcna_supermodule_evidence_table.csv","eca02c8eaf55c3325079bd64944a9054ee5ae764a76146b204001497f66f5137"
"wgcna_tables","results/tables/06_modules_WGCNA/01_WGCNA/microglia/supermodules/wgcna_supermodule_GO_term_support_audit.csv","ec83dfd6696ae80318b1de827bcdf23679effe48749eef384d09c4e3375bed88"
"wgcna_tables","results/tables/06_modules_WGCNA/01_WGCNA/microglia/supermodules/wgcna_supermodule_manual_config_absent_modules_audit.csv","48bb14dfbc7cdb6262287394d24f015f7966383405a6fced5ecf1694305f681a"
"wgcna_tables","results/tables/06_modules_WGCNA/01_WGCNA/microglia/supermodules/wgcna_supermodule_naming_conflicts.csv","3c507a30d12350ef9c83f2af6fdc8e1acd735f0f41390aff7ae8cf7325f8e9cf"
"wgcna_tables","results/tables/06_modules_WGCNA/01_WGCNA/microglia/supermodules/wgcna_supermodule_summary.csv","5e3e9e87ebfc6fba103cdb96cfa4fc554a8ec2e49cbcd3e5f552e5182cedad54"
"wgcna_tables","results/tables/06_modules_WGCNA/01_WGCNA/microglia/supermodules/wgcna_supermodule_summary_scores.csv","d768c9e09f36c0b07d58662a28c2f2e00ba61f184ea4e6ddb7e740c38339eaf5"
"wgcna_tables","results/tables/06_modules_WGCNA/01_WGCNA/microglia/supermodules/wgcna_supermodule_validation_summary.csv","26f275f5d37b47f38749366fdfa47e66fecd5ec7238add1897a029bf38760d1f"
"wgcna_tables","results/tables/06_modules_WGCNA/01_WGCNA/microglia/supermodules/wgcna_top_hub_overlap_pairs.csv","cd03cba523a82a162f83c3513e46cc752fd024d48b0ba54f2a46cf20bd286983"
"wgcna_tables","results/tables/06_modules_WGCNA/01_WGCNA/microglia/supermodules/wgcna_within_supermodule_eigengene_correlation_summary.csv","8091252eb6e444bf6765c9e2409156674b029cf598db060891b493d597d44c29"
"wgcna_tables","results/tables/06_modules_WGCNA/01_WGCNA/microglia/supermodules/wgcna_within_supermodule_hub_overlap_summary.csv","cc73f937eacc3e78dd77e480172f1a8378aebc1820085299b51e4e1977390344"
"wgcna_tables","results/tables/06_modules_WGCNA/01_WGCNA/microglia/traits/ME_by_condition_adjusted_lm_FDR.csv","d8747696edde0f6a214a6608e9703ae4eac60e32b9f9d281525726b2d25786f5"
"wgcna_tables","results/tables/06_modules_WGCNA/01_WGCNA/microglia/traits/ME_by_condition_pairwise_contrasts.csv","23990acb273024da6dd8d655ee4f76d17a98739f37673046e1f315a6836be39f"
"wgcna_tables","results/tables/06_modules_WGCNA/01_WGCNA/microglia/traits/ME_by_condition_pairwise_Wilcoxon_BH.csv","78c7147c26fc4227a8c070c473fdbe7c8439e9e11916d46da289eaf22c00034a"
"wgcna_tables","results/tables/06_modules_WGCNA/01_WGCNA/microglia/traits/ME_by_condition_spatial_strata_pairwise_contrasts.csv","316c66b3e498cfd1e6e221361446b7f28a50224e762fb7434534e83a1fee9c86"
"wgcna_tables","results/tables/06_modules_WGCNA/01_WGCNA/microglia_failed_20260720_133211/mapping/dropped_non_mouse_tokens.tsv","bbd0bbd487a63ed4bc90ced0028a4d6dcfdee1871707e7f31baf2eb1b6082668"
"wgcna_tables","results/tables/06_modules_WGCNA/01_WGCNA/microglia_failed_20260720_133211/mapping/manual_mapping_audit.tsv","fd5b54c1efe369865ad1452f29de69f09a8dabe23342decc683f35494201ef0f"
"wgcna_tables","results/tables/06_modules_WGCNA/01_WGCNA/microglia_failed_20260720_133211/mapping/mapping_audit_mouse_only_robust.tsv","32a4d76b37e38c7da5e8437c9d3c93ae918b223114ae8d38c5a99bf5a0fbe44f"
"wgcna_tables","results/tables/06_modules_WGCNA/01_WGCNA/microglia_failed_20260720_133211/mapping/resolved_tokens_mouse_only_robust.tsv","e2cfdde5106f88f62512bc5f84eb156b3919264177a32c36ad6de865b13c0303"
"wgcna_tables","results/tables/06_modules_WGCNA/01_WGCNA/microglia_failed_20260720_133211/mapping/unmapped_mouse_tokens.tsv","2f75c162bd89c5adf6f6133cfad09c136d24b0bfad85968f8f4a791dcb44b461"
"wgcna_tables","results/tables/06_modules_WGCNA/01_WGCNA/microglia_failed_20260720_133211/mapping/unmapped_mouse_tokens_summary.tsv","c3709fc76041e78599ee48304cb97b62d0a515fbfa2562242aa269281af53fc9"
"wgcna_tables","results/tables/06_modules_WGCNA/01_WGCNA/microglia_failed_20260720_133211/mapping/WGCNA_canonical_feature_table.csv","303a05cdb12a396fceaeb1779d4dc6675024b5aadf992fa919c61bb18ddee315"
"wgcna_tables","results/tables/06_modules_WGCNA/01_WGCNA/microglia_failed_20260720_133211/mapping/wgcna_feature_mapping_audit.tsv","6f58d6a8cc04cb8f59985309d74cd7ca2c9824c185b2f5fbecc67667e2664d0c"
"wgcna_tables","results/tables/06_modules_WGCNA/01_WGCNA/microglia_failed_20260720_133211/mapping/WGCNA_feature_universe_audit.csv","00165eba0841e12a2ba026876e0b50ed9e8885cab9bafd61e5fdbfbb04f485ab"
"wgcna_tables","results/tables/06_modules_WGCNA/01_WGCNA/microglia_failed_20260720_133211/mapping/WGCNA_protein_group_member_bridge.csv","cbe53fea5f3cdebc94c30aeef9fbe04f0c3a471dcd19843500f93e42f0a5ca6d"
"wgcna_tables","results/tables/06_modules_WGCNA/01_WGCNA/microglia_failed_20260720_133211/mapping/WGCNA_ProteinGroupID_collision_audit.csv","bb2d008e228fc20f8f529e6125635430c25e2cdd6a20d2305af2a54539e8b16a"
"wgcna_tables","results/tables/06_modules_WGCNA/01_WGCNA/microglia_failed_20260720_133211/modules/genes_in_module_#006D2C.csv","1f1678e8d4ec3e68b073cce6501c328c029e8af9e6c71bf0f2e96245629f5a3f"
"wgcna_tables","results/tables/06_modules_WGCNA/01_WGCNA/microglia_failed_20260720_133211/modules/genes_in_module_#08519C.csv","b4e73a260ce0c6d8ae44b3d744f6ad5ebf0e1ba66041117e31aff76aa0163569"
"wgcna_tables","results/tables/06_modules_WGCNA/01_WGCNA/microglia_failed_20260720_133211/modules/genes_in_module_#1F4E79.csv","cd8950fa76a25eaf325f02d4cbe3b944b3882f98a90ee5b57f91f6841678fa87"
"wgcna_tables","results/tables/06_modules_WGCNA/01_WGCNA/microglia_failed_20260720_133211/modules/genes_in_module_#2B8CBE.csv","64c934fa2d5ff54409adb9af8870d5f60d3b6509af0d731217146de4615be8e5"
"wgcna_tables","results/tables/06_modules_WGCNA/01_WGCNA/microglia_failed_20260720_133211/modules/genes_in_module_#2F6F73.csv","a72bd0a9c00133adffd7abc9feef1b2d4f6986b4ddf1d20e8a952e2d76e7ccf0"
"wgcna_tables","results/tables/06_modules_WGCNA/01_WGCNA/microglia_failed_20260720_133211/modules/genes_in_module_#3F007D.csv","0db2defd3716c27fd10efb56a07d15668d9e1f0d2c922ff9ce5c7f5344ca994f"
"wgcna_tables","results/tables/06_modules_WGCNA/01_WGCNA/microglia_failed_20260720_133211/modules/genes_in_module_#41AB5D.csv","213dbe573b21f9f49e9de9d182294a69027c1bd80bbb7cbf365301a6e383eda1"
"wgcna_tables","results/tables/06_modules_WGCNA/01_WGCNA/microglia_failed_20260720_133211/modules/genes_in_module_#4D4D4D.csv","2c3c03b5ffdb52aad709eb0db85e2a425d6aac311eafab107aec996129f4dd52"
"wgcna_tables","results/tables/06_modules_WGCNA/01_WGCNA/microglia_failed_20260720_133211/modules/genes_in_module_#4E7D66.csv","e3f782caa52bc01dd0e809aff871e6efd54ab280d81bfe1e068c841bce15f07c"
"wgcna_tables","results/tables/06_modules_WGCNA/01_WGCNA/microglia_failed_20260720_133211/modules/genes_in_module_#5B9992.csv","7a426c59a77efb5dcfa5ca09a937f0b3cacc12a6ebcad013bfb9ed1532e6444d"
"wgcna_tables","results/tables/06_modules_WGCNA/01_WGCNA/microglia_failed_20260720_133211/modules/genes_in_module_#5D6468.csv","b0f64f4a7a41ef3e9e32c649605d2978110af442f5b548777d47bb946fd2121b"
"wgcna_tables","results/tables/06_modules_WGCNA/01_WGCNA/microglia_failed_20260720_133211/modules/genes_in_module_#6F5F73.csv","c827ffda0c33e1992ea8b90229100bf2d6afbf4a689e6bc59b42082f1cc9d1be"
"wgcna_tables","results/tables/06_modules_WGCNA/01_WGCNA/microglia_failed_20260720_133211/modules/genes_in_module_#737373.csv","2e37584c3044db3a63e272b71c863cc53ed3ef395a4d9bb34cf7daf86c6ab5ba"
"wgcna_tables","results/tables/06_modules_WGCNA/01_WGCNA/microglia_failed_20260720_133211/modules/genes_in_module_#7D6F8F.csv","561167289c38c0561831c178dfee1eb9963dc84e41473075dfe5dfedbbd77e36"
"wgcna_tables","results/tables/06_modules_WGCNA/01_WGCNA/microglia_failed_20260720_133211/modules/genes_in_module_#7E8A8F.csv","8c002c0a767760a2ee2325ef06d424fcc816c7c2a788f16efcd601d1ec7e447a"
"wgcna_tables","results/tables/06_modules_WGCNA/01_WGCNA/microglia_failed_20260720_133211/modules/genes_in_module_#7F2704.csv","8aff6cf2165c4e07f6450a0a813fe416788c0be45d3dcd66cd37a7f0f9b6844f"
"wgcna_tables","results/tables/06_modules_WGCNA/01_WGCNA/microglia_failed_20260720_133211/modules/genes_in_module_#8A9364.csv","d3403fba9795a9388c835b81a304a53c83223b9ba0a8ebbe40fd0edd2b0ba530"
"wgcna_tables","results/tables/06_modules_WGCNA/01_WGCNA/microglia_failed_20260720_133211/modules/genes_in_module_#8C510A.csv","6db067a85ad6c394cbdbeeebc6ee9970a3fee1a0752e4e429c19c0a36e43a0f5"
"wgcna_tables","results/tables/06_modules_WGCNA/01_WGCNA/microglia_failed_20260720_133211/modules/genes_in_module_#969696.csv","0d6ca6583a5b45d1995235a334a86212ce7e6d5c41210e2288ce0476e83ad13f"
"wgcna_tables","results/tables/06_modules_WGCNA/01_WGCNA/microglia_failed_20260720_133211/modules/genes_in_module_#9A8977.csv","a9df1d15195ac19567b4eb4b0ec9530e979bd5846720f6e0caea895a36692e03"
"wgcna_tables","results/tables/06_modules_WGCNA/01_WGCNA/microglia_failed_20260720_133211/modules/genes_in_module_#9B6672.csv","4b644d7e0269661ffcc030841a82f8622974986207eef98ad8bb9d0cca343655"
"wgcna_tables","results/tables/06_modules_WGCNA/01_WGCNA/microglia_failed_20260720_133211/modules/genes_in_module_#9CC9BF.csv","97f5e7045ee6bee57af8435fa6e535d9ef1eb5e25dd79ba9ab4b4f231d9a8d17"
"wgcna_tables","results/tables/06_modules_WGCNA/01_WGCNA/microglia_failed_20260720_133211/modules/genes_in_module_#9E9AC8.csv","7e05a34378a502cc92e856dce689f49f0753f4de92beb14c056b1e58c96b7ef8"
"wgcna_tables","results/tables/06_modules_WGCNA/01_WGCNA/microglia_failed_20260720_133211/modules/genes_in_module_#A6611A.csv","eace9a76b31970fb53131a2595ccfeca9fd613241cbb06fd32f755d783321e2c"
"wgcna_tables","results/tables/06_modules_WGCNA/01_WGCNA/microglia_failed_20260720_133211/modules/genes_in_module_#A66E5A.csv","1d55c7bb003b1fa03d7d894d83ff904cfe8435b20b851b9bbd55a4ca2ceefc96"
"wgcna_tables","results/tables/06_modules_WGCNA/01_WGCNA/microglia_failed_20260720_133211/modules/genes_in_module_#B39AB2.csv","d0fe7b74ecf5962f2e4e1759fb4b70c547e7bd0e87b398c21a03a83d88a6f30b"
"wgcna_tables","results/tables/06_modules_WGCNA/01_WGCNA/microglia_failed_20260720_133211/modules/GO_terms_module_737373_all.csv","4d95225ec1f2f0668808cc2aa47893d42d4c00d6a87a9d6621ceb23f7620f9c9"
"wgcna_tables","results/tables/06_modules_WGCNA/01_WGCNA/microglia_failed_20260720_133211/modules/module_name_map.csv","21243d9051ea5f509fd48bb4898ced54df7b3792ae479a6854d4a4678f069f2a"
"wgcna_tables","results/tables/06_modules_WGCNA/01_WGCNA/microglia_failed_20260720_133211/modules/module_name_map.tsv","5e9b551f781b6dcba26d681d25a6437a184f3a21653dc8b88dfa0aa930b2c533"
"wgcna_tables","results/tables/06_modules_WGCNA/01_WGCNA/microglia_failed_20260720_133211/modules/WGCNA_feature_universe.csv","2a41acd32dd6742538210c80b4e46de47b684661ccd64dc506ea2aff061ac86f"
"wgcna_tables","results/tables/06_modules_WGCNA/01_WGCNA/microglia_failed_20260720_133211/modules/WGCNA_module_contracts.xlsx","1206d90c136a0bdcc6273fe2ec5dd02da977a7dc5437aaf8011a6a602169bc7d"
"wgcna_tables","results/tables/06_modules_WGCNA/01_WGCNA/microglia_failed_20260720_133211/modules/WGCNA_module_definitions_for_downstream.csv","d7d639e4dad72add47492713bc4d253c1f17440bda9b1026484e44b90467ac47"
"wgcna_tables","results/tables/06_modules_WGCNA/01_WGCNA/microglia_failed_20260720_133211/modules/WGCNA_module_evidence_rank.csv","d237a84e5bebb948dbb2a5015dac288d715b4eed43fcf2a4b046d988e4af33e2"
"wgcna_tables","results/tables/06_modules_WGCNA/01_WGCNA/microglia_failed_20260720_133211/modules/WGCNA_module_GO_enrichment_long.csv","4ab6a438a09a33c61fb438cad888d237bbb060c632eff035ebb3fd5f23c8ab20"
"wgcna_tables","results/tables/06_modules_WGCNA/01_WGCNA/microglia_failed_20260720_133211/modules/WGCNA_module_GO_enrichment_QC.csv","33ac3f8f9f5d5a7f71902fdf4ca0823689cae8b5d7bebce5ce1b5aa53fcffb45"
"wgcna_tables","results/tables/06_modules_WGCNA/01_WGCNA/microglia_failed_20260720_133211/modules/WGCNA_module_GSEA_coregene_overlap.csv","fc7cb889af3ec8459ee700d7c03d5d5150cdb2c8dc552fdc350f1d6332add90e"
"wgcna_tables","results/tables/06_modules_WGCNA/01_WGCNA/microglia_failed_20260720_133211/modules/WGCNA_module_preservation_summary.csv","42c1cb5692cad4e44481246fcaac99109e4f912e0cee34c5ebab72daedeaa99f"
"wgcna_tables","results/tables/06_modules_WGCNA/01_WGCNA/microglia_failed_20260720_133211/modules/WGCNA_module_priority_summary.csv","b25ba2e8da99cf6a0210d6267d4a3d5c4080e4b31ef35e602405e00f82f7b34d"
"wgcna_tables","results/tables/06_modules_WGCNA/01_WGCNA/microglia_failed_20260720_133211/modules/WGCNA_module_summary.csv","2ec9b47854763c616a71fe38677636a46fb1c7201b0a75c83e7d1e07d865309d"
"wgcna_tables","results/tables/06_modules_WGCNA/01_WGCNA/microglia_failed_20260720_133211/modules/WGCNA_modules_long.csv","cd32c335a2f9b7b5342b605f8351a7b8f6e2ea7b136f1c324d1580de6fb489bc"
"wgcna_tables","results/tables/06_modules_WGCNA/01_WGCNA/microglia_failed_20260720_133211/modules/WGCNA_modules_long.xlsx","e3d4d999eacc019cfc740c79a16bc97952f5279e285c2a5c8874763ac8492637"
"wgcna_tables","results/tables/06_modules_WGCNA/01_WGCNA/microglia_failed_20260720_133211/modules/WGCNA_parameter_audit.csv","4826a761f91303c823e8615829d6aae072d5b35ba2c68edb2c5ef6de08e3327b"
"wgcna_tables","results/tables/06_modules_WGCNA/01_WGCNA/microglia_failed_20260720_133211/preservation/module_preservation_CON_vs_ALL_Zsummary.csv","66356c5a58a455d795f5fcbbde5aee3f67cc95b6ce6a58faba72daac862dff74"
"wgcna_tables","results/tables/06_modules_WGCNA/01_WGCNA/microglia_failed_20260720_133211/preservation/module_preservation_RES_vs_ALL_Zsummary.csv","7217e8461305684ffe59f7609e42cb14eb2f379033f160330d9ed72d69e52d2f"
"wgcna_tables","results/tables/06_modules_WGCNA/01_WGCNA/microglia_failed_20260720_133211/preservation/module_preservation_SUS_vs_ALL_Zsummary.csv","c1d8ef5233ae30b1b74e4e6825faffdff867d1f2655743f344cecbb9b5066f7c"
"wgcna_tables","results/tables/06_modules_WGCNA/01_WGCNA/microglia_failed_20260720_133211/qc/gene_filtering_qc.csv","7ea3518e17962ab9bc2f9e0933a9cdc6ee72c29ac184290aff9a8d45963a9e8a"
"wgcna_tables","results/tables/06_modules_WGCNA/01_WGCNA/microglia_failed_20260720_133211/qc/sample_filtering_qc.csv","0a5d70e1bf4c6c17ea67e8d4f7a4c60cedb2c2e663879da2974f18d1472076d6"
"wgcna_tables","results/tables/06_modules_WGCNA/01_WGCNA/microglia_failed_20260720_133211/qc/soft_threshold_fit_indices.csv","02cfcb508ad5a1f2019c2136f8614756a39644a5bb9fddb4cf0c28fa68eccffe"
"wgcna_tables","results/tables/06_modules_WGCNA/01_WGCNA/microglia_failed_20260720_133211/qc/soft_threshold_selection.csv","325af380f6383fabe42a7ee9b3da081320ccc4248260e029148fa2aa256d36ce"
"wgcna_tables","results/tables/06_modules_WGCNA/01_WGCNA/microglia_failed_20260720_133211/supermodules/supermodule_clustering_sensitivity.csv","d75ee81996059b57ab9909cf0320dbbe204576d771c665213858699309deb36d"
"wgcna_tables","results/tables/06_modules_WGCNA/01_WGCNA/microglia_failed_20260720_133211/supermodules/supermodule_compression_qc.csv","20a408e97c9d610d9b26d89bed049171bdc028e44dd0029c2d777be3f2f23380"
"wgcna_tables","results/tables/06_modules_WGCNA/01_WGCNA/microglia_failed_20260720_133211/supermodules/supermodule_label_audit.csv","60ab2c41162374eb91a6280194551afaa013e00297ae28709af5f33168965264"
"wgcna_tables","results/tables/06_modules_WGCNA/01_WGCNA/microglia_failed_20260720_133211/supermodules/supermodule_label_source_manifest.csv","b3a79bcd73fdf9fdd2a28e212acb573aa4fd9303708acb3ba3f6780ac99433ba"
"wgcna_tables","results/tables/06_modules_WGCNA/01_WGCNA/microglia_failed_20260720_133211/supermodules/wgcna_between_supermodule_eigengene_correlation_summary.csv","44ee4c2493e500ebb991380852013781193c86c8445c84c50c3d870aab5a0707"
"wgcna_tables","results/tables/06_modules_WGCNA/01_WGCNA/microglia_failed_20260720_133211/supermodules/wgcna_condition_omnibus_with_supermodules.csv","0e2253829a481baa4c817abcf6eb64e4fc464d918bf3f8eb6dbd7d722eea952d"
"wgcna_tables","results/tables/06_modules_WGCNA/01_WGCNA/microglia_failed_20260720_133211/supermodules/wgcna_group_contrasts_with_supermodules.csv","d194fb56325b9c05406b2f4f6d5bda3b5939dc39260e10656590fd52a0a6dd16"
"wgcna_tables","results/tables/06_modules_WGCNA/01_WGCNA/microglia_failed_20260720_133211/supermodules/wgcna_module_eigengene_correlation_matrix.csv","8185dfc7e573ea4ec38616d6474fe5302e139ceb21a71a3e0f8f070a399e7e86"
"wgcna_tables","results/tables/06_modules_WGCNA/01_WGCNA/microglia_failed_20260720_133211/supermodules/wgcna_module_eigengene_correlation_pairs.csv","a5da9e2d3fa9d4814946eb509edbc452611dffe9cbea021b953245de609d01db"
"wgcna_tables","results/tables/06_modules_WGCNA/01_WGCNA/microglia_failed_20260720_133211/supermodules/wgcna_module_eigengenes_long_with_supermodules.csv","c728095a9a809abb5d94ecec7d6eadd1d8c58403b07c561f32755b83b86dcd58"
"wgcna_tables","results/tables/06_modules_WGCNA/01_WGCNA/microglia_failed_20260720_133211/supermodules/wgcna_module_results_with_supermodules.csv","d7d639e4dad72add47492713bc4d253c1f17440bda9b1026484e44b90467ac47"
"wgcna_tables","results/tables/06_modules_WGCNA/01_WGCNA/microglia_failed_20260720_133211/supermodules/wgcna_module_supermodule_annotation.csv","54281dd1eb6b8dd6b12569f906c49025c142938643ab05b8f271c36898f9266e"
"wgcna_tables","results/tables/06_modules_WGCNA/01_WGCNA/microglia_failed_20260720_133211/supermodules/wgcna_module_supermodule_annotation.xlsx","9c39120590c3be1bacc3683909774cf00243791e155af1fef15866f18d6c1fbb"
"wgcna_tables","results/tables/06_modules_WGCNA/01_WGCNA/microglia_failed_20260720_133211/supermodules/wgcna_module_trait_correlations_with_supermodules.csv","21d18cecccdcb0b24492f0110a50ffe11ba6abdea395358ceafbd68cc6249250"
"wgcna_tables","results/tables/06_modules_WGCNA/01_WGCNA/microglia_failed_20260720_133211/supermodules/wgcna_spatial_strata_group_contrasts_with_supermodules.csv","4b1a02ec5813137cb8914ccebfe8a08e8ddba7636bc9e20dea1dc735a914ed9d"
"wgcna_tables","results/tables/06_modules_WGCNA/01_WGCNA/microglia_failed_20260720_133211/supermodules/WGCNA_supermodule_display_label_audit.csv","ccf02d3e5cc9a1fcb9845cd1cf32cc6be867dc5aaf36a83de104ec221067fd06"
"wgcna_tables","results/tables/06_modules_WGCNA/01_WGCNA/microglia_failed_20260720_133211/supermodules/wgcna_supermodule_eigengene_clusters.csv","260e6395599042ac24f168e76b43461e1a63c5edba80f2bace15fb55cf9acecf"
"wgcna_tables","results/tables/06_modules_WGCNA/01_WGCNA/microglia_failed_20260720_133211/supermodules/wgcna_supermodule_eigengene_similarity.csv","8185dfc7e573ea4ec38616d6474fe5302e139ceb21a71a3e0f8f070a399e7e86"
"wgcna_tables","results/tables/06_modules_WGCNA/01_WGCNA/microglia_failed_20260720_133211/supermodules/wgcna_supermodule_evidence_table.csv","54aef7f7b2ee446f4608fdcdfba22c5207d60542699f9c62da38ecbc2bb157fa"
"wgcna_tables","results/tables/06_modules_WGCNA/01_WGCNA/microglia_failed_20260720_133211/supermodules/wgcna_supermodule_naming_conflicts.csv","551f46efe34af01c07b1a6fbc8c538803a051a4dd0e775ec4d73ddd84bce8720"
"wgcna_tables","results/tables/06_modules_WGCNA/01_WGCNA/microglia_failed_20260720_133211/supermodules/wgcna_supermodule_summary.csv","68f99f7d8945055acdedb5da5d2fca56108bd83ce14b82894dde68b3963d11f7"
"wgcna_tables","results/tables/06_modules_WGCNA/01_WGCNA/microglia_failed_20260720_133211/supermodules/wgcna_supermodule_summary_scores.csv","406165e541c2590a2dac5b0fe663525276925faaf028c1a7cc7bdf7e95d5d666"
"wgcna_tables","results/tables/06_modules_WGCNA/01_WGCNA/microglia_failed_20260720_133211/supermodules/wgcna_supermodule_validation_summary.csv","c2fbf91646ed4daa4bc87293d652c71f585ae6103f747f48cf516214e9457b8b"
"wgcna_tables","results/tables/06_modules_WGCNA/01_WGCNA/microglia_failed_20260720_133211/supermodules/wgcna_top_hub_overlap_pairs.csv","bc9d73b23a6d7a4747e5e817dc78cdf4b78b9b5a6c5c6f97a18dd0c0fe5047bc"
"wgcna_tables","results/tables/06_modules_WGCNA/01_WGCNA/microglia_failed_20260720_133211/supermodules/wgcna_within_supermodule_eigengene_correlation_summary.csv","34a10e6f237d7423ad46e44cd2d9aa16db86710ebf1450f72e8b0b8b84f810a0"
"wgcna_tables","results/tables/06_modules_WGCNA/01_WGCNA/microglia_failed_20260720_133211/supermodules/wgcna_within_supermodule_hub_overlap_summary.csv","dc3aedcc6b243a55bd58017693edecb3e64a34274eef4c31eace836a274558be"
"wgcna_tables","results/tables/06_modules_WGCNA/01_WGCNA/microglia_failed_20260720_133211/traits/ME_by_condition_adjusted_lm_FDR.csv","0e2253829a481baa4c817abcf6eb64e4fc464d918bf3f8eb6dbd7d722eea952d"
"wgcna_tables","results/tables/06_modules_WGCNA/01_WGCNA/microglia_failed_20260720_133211/traits/ME_by_condition_pairwise_contrasts.csv","d194fb56325b9c05406b2f4f6d5bda3b5939dc39260e10656590fd52a0a6dd16"
"wgcna_tables","results/tables/06_modules_WGCNA/01_WGCNA/microglia_failed_20260720_133211/traits/ME_by_condition_pairwise_Wilcoxon_BH.csv","a152934d318019deb2a9e82809e4bbbbeb08d5bdcf2b3fabb6611362a6184d01"
"wgcna_tables","results/tables/06_modules_WGCNA/01_WGCNA/microglia_failed_20260720_133211/traits/ME_by_condition_spatial_strata_pairwise_contrasts.csv","4b1a02ec5813137cb8914ccebfe8a08e8ddba7636bc9e20dea1dc735a914ed9d"
"wgcna_tables","results/tables/06_modules_WGCNA/01_WGCNA/neuron_neuropil/mapping/dropped_non_mouse_tokens.tsv","3217c0ee8204addfc8ea444f7ddbb45133ea4a6a36b44fe2f3f593cc040109eb"
"wgcna_tables","results/tables/06_modules_WGCNA/01_WGCNA/neuron_neuropil/mapping/manual_mapping_audit.tsv","fd5b54c1efe369865ad1452f29de69f09a8dabe23342decc683f35494201ef0f"
"wgcna_tables","results/tables/06_modules_WGCNA/01_WGCNA/neuron_neuropil/mapping/mapping_audit_mouse_only_robust.tsv","4719747694f8ef1158d34765317939f0de5fbbc6d6c7cbf37176c89ec489870c"
"wgcna_tables","results/tables/06_modules_WGCNA/01_WGCNA/neuron_neuropil/mapping/resolved_tokens_mouse_only_robust.tsv","adafbb647d7755d6ca6ba09f3e5a871431fffd9a276555442da92daf4e59ca0e"
"wgcna_tables","results/tables/06_modules_WGCNA/01_WGCNA/neuron_neuropil/mapping/unmapped_mouse_tokens.tsv","2f75c162bd89c5adf6f6133cfad09c136d24b0bfad85968f8f4a791dcb44b461"
"wgcna_tables","results/tables/06_modules_WGCNA/01_WGCNA/neuron_neuropil/mapping/unmapped_mouse_tokens_summary.tsv","c3709fc76041e78599ee48304cb97b62d0a515fbfa2562242aa269281af53fc9"
"wgcna_tables","results/tables/06_modules_WGCNA/01_WGCNA/neuron_neuropil/mapping/WGCNA_canonical_feature_table.csv","4464dff25a66e752541ae9eb042549e3ed26194251cdecec0be9dcfa667a13d2"
"wgcna_tables","results/tables/06_modules_WGCNA/01_WGCNA/neuron_neuropil/mapping/wgcna_feature_mapping_audit.tsv","462853bfe3ff089dd7bbf2ab89b0aba6a2c0923e88b27aa93a0a94af21bc4550"
"wgcna_tables","results/tables/06_modules_WGCNA/01_WGCNA/neuron_neuropil/mapping/WGCNA_feature_universe_audit.csv","a95775f311367b85d166f5be8e35c2391dd16f9c14b52aa90d986e56f894cf2f"
"wgcna_tables","results/tables/06_modules_WGCNA/01_WGCNA/neuron_neuropil/mapping/WGCNA_protein_group_member_bridge.csv","1af9794a5ff4de6143717431be6cca0bdb41fd15ca497cf7a4c2fc896842bc04"
"wgcna_tables","results/tables/06_modules_WGCNA/01_WGCNA/neuron_neuropil/mapping/WGCNA_ProteinGroupID_collision_audit.csv","bb2d008e228fc20f8f529e6125635430c25e2cdd6a20d2305af2a54539e8b16a"
"wgcna_tables","results/tables/06_modules_WGCNA/01_WGCNA/neuron_neuropil/modules/genes_in_module_#006D2C.csv","afe1a854d15411e9b2e697ab57acdfcc05edee684811ea2c741b153ec2337f8e"
"wgcna_tables","results/tables/06_modules_WGCNA/01_WGCNA/neuron_neuropil/modules/genes_in_module_#08519C.csv","ca8ec23294eea97db5491ae5688bbab321e567d2e017d6a320f480600b896a76"
"wgcna_tables","results/tables/06_modules_WGCNA/01_WGCNA/neuron_neuropil/modules/genes_in_module_#238B45.csv","a361e8f13f09e406e0600b471a412bc7a27d4731436bab573a532252af010e26"
"wgcna_tables","results/tables/06_modules_WGCNA/01_WGCNA/neuron_neuropil/modules/genes_in_module_#2B8CBE.csv","4611b4d5052e08c52310d2f1e56a88b88bc60a8779eb879238f48cc3d76aba64"
"wgcna_tables","results/tables/06_modules_WGCNA/01_WGCNA/neuron_neuropil/modules/genes_in_module_#2F6F73.csv","78eff0999cbe904a29bd90ecadaebad57d2aad52dd8db78802c57b1a627a788d"
"wgcna_tables","results/tables/06_modules_WGCNA/01_WGCNA/neuron_neuropil/modules/genes_in_module_#3F007D.csv","6ebfaa7e52f1ae93876aee2f18e49df33af340dbd8c9533559d6b169f8a39ff9"
"wgcna_tables","results/tables/06_modules_WGCNA/01_WGCNA/neuron_neuropil/modules/genes_in_module_#486A8A.csv","9acd2148c6ac513790e7287d2737fb3dc0fb3fbf4269f40bdc030d1f7f290ca4"
"wgcna_tables","results/tables/06_modules_WGCNA/01_WGCNA/neuron_neuropil/modules/genes_in_module_#4D4D4D.csv","c762b8471b307b1c7a9e2259566f22d5530fec25455d8dc5f355e166403ab1a8"
"wgcna_tables","results/tables/06_modules_WGCNA/01_WGCNA/neuron_neuropil/modules/genes_in_module_#4E7D66.csv","736c8a75bde716ff238200535f9d3d401b90544a7fdc59285e14bb86c163bf53"
"wgcna_tables","results/tables/06_modules_WGCNA/01_WGCNA/neuron_neuropil/modules/genes_in_module_#5B9992.csv","44aa687624ff0088af0c669e15c36b98403b89ee7ccd3bdd6fd1e1da44b53a98"
"wgcna_tables","results/tables/06_modules_WGCNA/01_WGCNA/neuron_neuropil/modules/genes_in_module_#5D6468.csv","db3d2480128b7bb9c9de644de9138862e36270a4c97ad0ecc330572af32ba74e"
"wgcna_tables","results/tables/06_modules_WGCNA/01_WGCNA/neuron_neuropil/modules/genes_in_module_#637A52.csv","968e46544cd4da0da2c885567a42bd3b72bc139ad38baa17453b989b2419a374"
"wgcna_tables","results/tables/06_modules_WGCNA/01_WGCNA/neuron_neuropil/modules/genes_in_module_#6F5F73.csv","5c2a9af7792ebe50fe35732508a7e079e504ecb4b812fc25d1d872064b1ce538"
"wgcna_tables","results/tables/06_modules_WGCNA/01_WGCNA/neuron_neuropil/modules/genes_in_module_#737373.csv","2a905ce55f0779900fdc05a94e24683dcd901b81d55c90e0c688ab340434e2d6"
"wgcna_tables","results/tables/06_modules_WGCNA/01_WGCNA/neuron_neuropil/modules/genes_in_module_#74C476.csv","66900c7c994981b621c66a9172d2754c49436f1ccfbba04e178e46075e3f08b5"
"wgcna_tables","results/tables/06_modules_WGCNA/01_WGCNA/neuron_neuropil/modules/genes_in_module_#756BB1.csv","8efcd5cd2cd048f6cf6edef2cc3d003dccfbdd1a6ed522c4a91fdc82e7bcdff8"
"wgcna_tables","results/tables/06_modules_WGCNA/01_WGCNA/neuron_neuropil/modules/genes_in_module_#7D6F8F.csv","f2ff6dea012357f0b9ef8244eee19d8e0f867d048a9bf808952fe970d954e794"
"wgcna_tables","results/tables/06_modules_WGCNA/01_WGCNA/neuron_neuropil/modules/genes_in_module_#7F6654.csv","97a89020d6eda2d0af152ded2e75fdbf6ad53aec48b7887780461f56e284d18c"
"wgcna_tables","results/tables/06_modules_WGCNA/01_WGCNA/neuron_neuropil/modules/genes_in_module_#8AA0AF.csv","d82d19b8249dbe891c65eb82448ce6a0b3c2e6cb6e95d8c5ce625c7fc6d69541"
"wgcna_tables","results/tables/06_modules_WGCNA/01_WGCNA/neuron_neuropil/modules/genes_in_module_#969696.csv","03984028b2b7cb9db802934d711995da15d5fe93209009597a8f797e13d28a70"
"wgcna_tables","results/tables/06_modules_WGCNA/01_WGCNA/neuron_neuropil/modules/genes_in_module_#9A8977.csv","b3c8cd364921dcead46abbeec05a5f3132a89b4daec08a45b49d570632e76fd6"
"wgcna_tables","results/tables/06_modules_WGCNA/01_WGCNA/neuron_neuropil/modules/genes_in_module_#9CC9BF.csv","e56077f2fee05033c220cae3417a218da60625027173cf7f0f1eca11a5b304a5"
"wgcna_tables","results/tables/06_modules_WGCNA/01_WGCNA/neuron_neuropil/modules/genes_in_module_#9E9AC8.csv","ae4b9f8ac86908f0b0415448213946869cc5ceaff368c9c0443f9526ad0f96b9"
"wgcna_tables","results/tables/06_modules_WGCNA/01_WGCNA/neuron_neuropil/modules/genes_in_module_#B08A4A.csv","88ce55d01e8056ffab52c93b5911c293ffaea1c48c4ccd747468a800fc946d07"
"wgcna_tables","results/tables/06_modules_WGCNA/01_WGCNA/neuron_neuropil/modules/genes_in_module_#B67861.csv","1a4e2aa12f66fa88411cabdc1e12186d19228ccad04fec6a20b6191fe9cf65c5"
"wgcna_tables","results/tables/06_modules_WGCNA/01_WGCNA/neuron_neuropil/modules/genes_in_module_#B9878A.csv","d679f11fe28f7b66074dac71a2ec67a7b762dfa9c43db8f9c782c02e14041592"
"wgcna_tables","results/tables/06_modules_WGCNA/01_WGCNA/neuron_neuropil/modules/genes_in_module_#BF812D.csv","7ede25074488a880162738ba8689e750755a3b350891c365b70805113f4408d1"
"wgcna_tables","results/tables/06_modules_WGCNA/01_WGCNA/neuron_neuropil/modules/genes_in_module_#DE2D26.csv","6dbff54038b30b2835d3673a82be70d1bdcd42244d83047dc6600b47fd24bf93"
"wgcna_tables","results/tables/06_modules_WGCNA/01_WGCNA/neuron_neuropil/modules/genes_in_module_#FB6A4A.csv","73ee6c4413f9f840efd026fc1af639fc83f9f0c7bd1edb3e0ed917bfb9d090db"
"wgcna_tables","results/tables/06_modules_WGCNA/01_WGCNA/neuron_neuropil/modules/module_name_map.csv","ba03f6869ac65f61aec0ed3d95699433cfb9969df1a909f166587cca74ef2c33"
"wgcna_tables","results/tables/06_modules_WGCNA/01_WGCNA/neuron_neuropil/modules/module_name_map.tsv","886d499960c568339237f4dfa583692746afc230c81d23f24f4c9225e8888143"
"wgcna_tables","results/tables/06_modules_WGCNA/01_WGCNA/neuron_neuropil/modules/WGCNA_feature_universe.csv","85249af011937f63baf5aad6aa14d5d9c3a0ac3a155ec590caadd09ec9233159"
"wgcna_tables","results/tables/06_modules_WGCNA/01_WGCNA/neuron_neuropil/modules/WGCNA_module_contracts.xlsx","613bd42bb117e8aec5399707aba728ef62f9de14a6b07636e6699e499dbcbe05"
"wgcna_tables","results/tables/06_modules_WGCNA/01_WGCNA/neuron_neuropil/modules/WGCNA_module_definitions_for_downstream.csv","4819323230e14235824c4e90f72bb6f916fd8611e1890675752214f0e4924778"
"wgcna_tables","results/tables/06_modules_WGCNA/01_WGCNA/neuron_neuropil/modules/WGCNA_module_evidence_rank.csv","c29966773ef546cd1d2ed180cf51126586bca1a5d540cad01f6b711dbe341d09"
"wgcna_tables","results/tables/06_modules_WGCNA/01_WGCNA/neuron_neuropil/modules/WGCNA_module_GO_enrichment_long.csv","e548fff8b260283b3433bf0d1ebc16e712c2454ebe841efac405add567488c6f"
"wgcna_tables","results/tables/06_modules_WGCNA/01_WGCNA/neuron_neuropil/modules/WGCNA_module_GO_enrichment_QC.csv","48fe809213a97b080182a3afcf8ddb12f0c825b772ea6644b1ddd4a84122e3f2"
"wgcna_tables","results/tables/06_modules_WGCNA/01_WGCNA/neuron_neuropil/modules/WGCNA_module_GSEA_coregene_overlap.csv","f76b38c919ce8e0c9bc4fb50af0bcfae6c8acc3de87e0a738551afb64cc79669"
"wgcna_tables","results/tables/06_modules_WGCNA/01_WGCNA/neuron_neuropil/modules/WGCNA_module_preservation_summary.csv","c415492a32410b80379c30d55cc10507bf2517e7acdbdda52e794e62a11adfe4"
"wgcna_tables","results/tables/06_modules_WGCNA/01_WGCNA/neuron_neuropil/modules/WGCNA_module_priority_summary.csv","43bc4138f6ad8ee7af154e1e99da63321ecd825f740ccd677a67835ca7d5e402"
"wgcna_tables","results/tables/06_modules_WGCNA/01_WGCNA/neuron_neuropil/modules/WGCNA_module_summary.csv","2dd9f18eda1d69f8b58f2bfc335648112497f378caedf38d254bc6756246bbab"
"wgcna_tables","results/tables/06_modules_WGCNA/01_WGCNA/neuron_neuropil/modules/WGCNA_modules_long.csv","5d333ad274b948c30f050e303f0e90fff9e3e9218a11eefa6f6ababb471ef288"
"wgcna_tables","results/tables/06_modules_WGCNA/01_WGCNA/neuron_neuropil/modules/WGCNA_modules_long.xlsx","09bec7fd992a9a961db4dfe9b82048dbb2aff1d0034ee23a739491e101f4db4f"
"wgcna_tables","results/tables/06_modules_WGCNA/01_WGCNA/neuron_neuropil/modules/WGCNA_parameter_audit.csv","3b83bebc64a39032d86b1fd75da45941dcbd5415bb9db55b2ce1ca616c91cabd"
"wgcna_tables","results/tables/06_modules_WGCNA/01_WGCNA/neuron_neuropil/preservation/module_preservation_CON_vs_ALL_Zsummary.csv","68c4fb978a2c23ac1aaeefb9f0eef5b3ee82d898055cee37bf61df23cef455b7"
"wgcna_tables","results/tables/06_modules_WGCNA/01_WGCNA/neuron_neuropil/preservation/module_preservation_RES_vs_ALL_Zsummary.csv","409c912673de31b20667badbab3d07dca2db991da82eff055e14a6dbc7836e30"
"wgcna_tables","results/tables/06_modules_WGCNA/01_WGCNA/neuron_neuropil/preservation/module_preservation_SUS_vs_ALL_Zsummary.csv","7cfd85687bcc42588a3272eff4f38dc86043b40199c46b10ade29e6914708310"
"wgcna_tables","results/tables/06_modules_WGCNA/01_WGCNA/neuron_neuropil/qc/gene_filtering_qc.csv","f35286ac0fb14adc5ca0139449f7a15483afa823316b7da3b9b8583bff44a601"
"wgcna_tables","results/tables/06_modules_WGCNA/01_WGCNA/neuron_neuropil/qc/sample_filtering_qc.csv","a7df8a8e57308bd69d71c92732b7a752779586ec7e9780b1a817c95d8852ee6b"
"wgcna_tables","results/tables/06_modules_WGCNA/01_WGCNA/neuron_neuropil/qc/soft_threshold_fit_indices.csv","0f2842722fd966b2e7a8cbf97c2ff815a6e9eaeb54d98720cdb9b403eab5b988"
"wgcna_tables","results/tables/06_modules_WGCNA/01_WGCNA/neuron_neuropil/qc/soft_threshold_selection.csv","325af380f6383fabe42a7ee9b3da081320ccc4248260e029148fa2aa256d36ce"
"wgcna_tables","results/tables/06_modules_WGCNA/01_WGCNA/neuron_neuropil/supermodules/supermodule_clustering_sensitivity.csv","1518ac1a2670623e7495fa5354359da460591b150567a953bd0b96f9af938b17"
"wgcna_tables","results/tables/06_modules_WGCNA/01_WGCNA/neuron_neuropil/supermodules/supermodule_compression_qc.csv","708a03de2dc204dcd291faa3346b1b8a62eeffd6f922fba5bcea3fbe254e89d2"
"wgcna_tables","results/tables/06_modules_WGCNA/01_WGCNA/neuron_neuropil/supermodules/supermodule_label_audit.csv","8cde38adb335a981cc50fbc6902f6a98f7036a4eedb9e01e78400b14e4a1e54d"
"wgcna_tables","results/tables/06_modules_WGCNA/01_WGCNA/neuron_neuropil/supermodules/supermodule_label_source_manifest.csv","b4ec544c8891000398e562fe3c50bd7f33a87e84713337a0f03d129fa81cd5b6"
"wgcna_tables","results/tables/06_modules_WGCNA/01_WGCNA/neuron_neuropil/supermodules/wgcna_between_supermodule_eigengene_correlation_summary.csv","7827b4232fc8c92ad4aa11fbbcf36938d40f3ed68459b0a705566e510e1622e2"
"wgcna_tables","results/tables/06_modules_WGCNA/01_WGCNA/neuron_neuropil/supermodules/wgcna_condition_omnibus_with_supermodules.csv","595608120ec80b99b4deaa63d977331fa3876614990542668308dce7aa19bc99"
"wgcna_tables","results/tables/06_modules_WGCNA/01_WGCNA/neuron_neuropil/supermodules/wgcna_group_contrasts_with_supermodules.csv","2c721ede1303cd959562e767f7c11459eb18db607bb5fc8e183f42817a63b72b"
"wgcna_tables","results/tables/06_modules_WGCNA/01_WGCNA/neuron_neuropil/supermodules/wgcna_module_eigengene_correlation_matrix.csv","6aacfa03587cbee74e87f21264073683c0c6305279609ac1634783a25cd558d7"
"wgcna_tables","results/tables/06_modules_WGCNA/01_WGCNA/neuron_neuropil/supermodules/wgcna_module_eigengene_correlation_pairs.csv","f3d159964b7143e8ff4decbc1ec38eefe866a3583a2e77fd6b1f9d1686a38cee"
"wgcna_tables","results/tables/06_modules_WGCNA/01_WGCNA/neuron_neuropil/supermodules/wgcna_module_eigengenes_long_with_supermodules.csv","cbc67efd5ed0d687af88427a76402680bf51db09d08f23b42f020fa557348cde"
"wgcna_tables","results/tables/06_modules_WGCNA/01_WGCNA/neuron_neuropil/supermodules/wgcna_module_results_with_supermodules.csv","4819323230e14235824c4e90f72bb6f916fd8611e1890675752214f0e4924778"
"wgcna_tables","results/tables/06_modules_WGCNA/01_WGCNA/neuron_neuropil/supermodules/wgcna_module_supermodule_annotation.csv","14da9779a4263382fac7a098e0872bcb7b1b312eb934d7c82970c92afab1441a"
"wgcna_tables","results/tables/06_modules_WGCNA/01_WGCNA/neuron_neuropil/supermodules/wgcna_module_supermodule_annotation.xlsx","5084e65f3c2c55a3a66909f2ea0ba2aa7cbd0c2f69f8b3c42aaa19c39d3c039a"
"wgcna_tables","results/tables/06_modules_WGCNA/01_WGCNA/neuron_neuropil/supermodules/wgcna_module_trait_correlations_with_supermodules.csv","14e1e75feefd44f855b0af23ddabcebc5969205f2bc6493600c9677c69d39097"
"wgcna_tables","results/tables/06_modules_WGCNA/01_WGCNA/neuron_neuropil/supermodules/wgcna_spatial_strata_group_contrasts_with_supermodules.csv","0a14130455bd11739524864994ab8cabf86ddf96e7842c193496304af3793c14"
"wgcna_tables","results/tables/06_modules_WGCNA/01_WGCNA/neuron_neuropil/supermodules/wgcna_supermodule_biological_coherence.csv","2e94a7c26225cf321cd99ca6d8ce8bacd7e6740a614bc1294edd3d86a5c0c46a"
"wgcna_tables","results/tables/06_modules_WGCNA/01_WGCNA/neuron_neuropil/supermodules/WGCNA_supermodule_display_label_audit.csv","d1fa8f0862a57bcd4d21e1be8056a0c3a7e6b2673565feeca037d0105d1d679f"
"wgcna_tables","results/tables/06_modules_WGCNA/01_WGCNA/neuron_neuropil/supermodules/wgcna_supermodule_eigengene_clusters.csv","e1aa78956ca77048f7cd3de9010e05783db2e08e544357c468356c05b0de308f"
"wgcna_tables","results/tables/06_modules_WGCNA/01_WGCNA/neuron_neuropil/supermodules/wgcna_supermodule_eigengene_similarity.csv","6aacfa03587cbee74e87f21264073683c0c6305279609ac1634783a25cd558d7"
"wgcna_tables","results/tables/06_modules_WGCNA/01_WGCNA/neuron_neuropil/supermodules/wgcna_supermodule_evidence_table.csv","eb0ed65d08c30abe23dddf5a0e446204dc7f6e4b9a6a07b1c05200375c2df7b5"
"wgcna_tables","results/tables/06_modules_WGCNA/01_WGCNA/neuron_neuropil/supermodules/wgcna_supermodule_GO_term_support_audit.csv","bfb4b2b5fa3c7272b1273e01f2a2e8f667ee3c48535f7be5b7ca4c37f40ba31e"
"wgcna_tables","results/tables/06_modules_WGCNA/01_WGCNA/neuron_neuropil/supermodules/wgcna_supermodule_manual_config_absent_modules_audit.csv","fe50eada6c753742b346479043c33dce739a2ec137dc6599f48005d8092ba283"
"wgcna_tables","results/tables/06_modules_WGCNA/01_WGCNA/neuron_neuropil/supermodules/wgcna_supermodule_naming_conflicts.csv","3c507a30d12350ef9c83f2af6fdc8e1acd735f0f41390aff7ae8cf7325f8e9cf"
"wgcna_tables","results/tables/06_modules_WGCNA/01_WGCNA/neuron_neuropil/supermodules/wgcna_supermodule_summary.csv","656fe03fad22e2285b9d2229a17ba0550879119330598edaed374093776e4fb0"
"wgcna_tables","results/tables/06_modules_WGCNA/01_WGCNA/neuron_neuropil/supermodules/wgcna_supermodule_summary_scores.csv","48b99e86df6d6bd04b07980faba18f1a108b8f3f531b02ca164e631281580ad1"
"wgcna_tables","results/tables/06_modules_WGCNA/01_WGCNA/neuron_neuropil/supermodules/wgcna_supermodule_validation_summary.csv","d1a087c37e25b8241b8844d30a6e9ebbf3e2b5825616a0a4fd653ad53e8543ca"
"wgcna_tables","results/tables/06_modules_WGCNA/01_WGCNA/neuron_neuropil/supermodules/wgcna_top_hub_overlap_pairs.csv","93b40903f658b717ca7c598d4f436f5848a1f8599ee1fc398db8ed858a36e3fd"
"wgcna_tables","results/tables/06_modules_WGCNA/01_WGCNA/neuron_neuropil/supermodules/wgcna_within_supermodule_eigengene_correlation_summary.csv","15abc09c8fb56f34374b7be3348dcf6f8b982a1eca20d4de76aa47682ee5937a"
"wgcna_tables","results/tables/06_modules_WGCNA/01_WGCNA/neuron_neuropil/supermodules/wgcna_within_supermodule_hub_overlap_summary.csv","53b65ea3eff71b29a4d2cd918b564dfd6aa50a8e3dc1f87508317b1a53925bde"
"wgcna_tables","results/tables/06_modules_WGCNA/01_WGCNA/neuron_neuropil/traits/ME_by_condition_adjusted_lm_FDR.csv","595608120ec80b99b4deaa63d977331fa3876614990542668308dce7aa19bc99"
"wgcna_tables","results/tables/06_modules_WGCNA/01_WGCNA/neuron_neuropil/traits/ME_by_condition_pairwise_contrasts.csv","2c721ede1303cd959562e767f7c11459eb18db607bb5fc8e183f42817a63b72b"
"wgcna_tables","results/tables/06_modules_WGCNA/01_WGCNA/neuron_neuropil/traits/ME_by_condition_pairwise_Wilcoxon_BH.csv","71a3b6572052f79e440242f63bde9ccde19f0aebb1d281c00399e93b5167084e"
"wgcna_tables","results/tables/06_modules_WGCNA/01_WGCNA/neuron_neuropil/traits/ME_by_condition_spatial_strata_pairwise_contrasts.csv","0a14130455bd11739524864994ab8cabf86ddf96e7842c193496304af3793c14"
"wgcna_tables","results/tables/06_modules_WGCNA/01_WGCNA/neuron_soma/mapping/dropped_non_mouse_tokens.tsv","20d2e1cfef48c02aef0856139d2dce4f0395c1c86b8735f88ff430e7cbbb09be"
"wgcna_tables","results/tables/06_modules_WGCNA/01_WGCNA/neuron_soma/mapping/manual_mapping_audit.tsv","fd5b54c1efe369865ad1452f29de69f09a8dabe23342decc683f35494201ef0f"
"wgcna_tables","results/tables/06_modules_WGCNA/01_WGCNA/neuron_soma/mapping/mapping_audit_mouse_only_robust.tsv","330630923aea19be6eea46762e106ed7a6169db7fa12527caaa16010d1c35255"
"wgcna_tables","results/tables/06_modules_WGCNA/01_WGCNA/neuron_soma/mapping/resolved_tokens_mouse_only_robust.tsv","27ca799d9f9424c590bb9d54c602a66f3d151c7bef946e3749db11589406f719"
"wgcna_tables","results/tables/06_modules_WGCNA/01_WGCNA/neuron_soma/mapping/unmapped_mouse_tokens.tsv","748a714e6f17b77152ad0567a8b6db6f664679678767583e09cf2c2337b07fce"
"wgcna_tables","results/tables/06_modules_WGCNA/01_WGCNA/neuron_soma/mapping/unmapped_mouse_tokens_summary.tsv","2731f08db70d922f9c5839d16a6ec0e21be1954b600f29e92514eb6ce6c22ba9"
"wgcna_tables","results/tables/06_modules_WGCNA/01_WGCNA/neuron_soma/mapping/WGCNA_canonical_feature_table.csv","670fc6fd8597bf40b488cc9cf546bca1e2c2af5bc660b367ac46d4c348622fee"
"wgcna_tables","results/tables/06_modules_WGCNA/01_WGCNA/neuron_soma/mapping/wgcna_feature_mapping_audit.tsv","9001439208a44ffd6825307cddca89651c8ba39f15d33fe780d2b0d62c838e27"
"wgcna_tables","results/tables/06_modules_WGCNA/01_WGCNA/neuron_soma/mapping/WGCNA_feature_universe_audit.csv","9ac2060c727626ec44084efb32eeba4af82bef574ac61b6ec16de8ed53d9b33e"
"wgcna_tables","results/tables/06_modules_WGCNA/01_WGCNA/neuron_soma/mapping/WGCNA_protein_group_member_bridge.csv","6f57fb3018c9d4ddd3bad7452800b7716f6fd114fcbbae9d89639b3154f602ca"
"wgcna_tables","results/tables/06_modules_WGCNA/01_WGCNA/neuron_soma/mapping/WGCNA_ProteinGroupID_collision_audit.csv","bb2d008e228fc20f8f529e6125635430c25e2cdd6a20d2305af2a54539e8b16a"
"wgcna_tables","results/tables/06_modules_WGCNA/01_WGCNA/neuron_soma/modules/genes_in_module_#006D2C.csv","9dbc5cc249b7dde5f52318099d569e5b87930df7e709ede34698edd1925938d6"
"wgcna_tables","results/tables/06_modules_WGCNA/01_WGCNA/neuron_soma/modules/genes_in_module_#08519C.csv","c87ae944dcc2b7147dbb0498b0e5aa43a1d6aa847bb1d3ec63e54b880c8dfd8b"
"wgcna_tables","results/tables/06_modules_WGCNA/01_WGCNA/neuron_soma/modules/genes_in_module_#1F4E79.csv","db91d0fc78185d66252a45689da7956fac1e711aa2ad08e001f46565caee7c59"
"wgcna_tables","results/tables/06_modules_WGCNA/01_WGCNA/neuron_soma/modules/genes_in_module_#238B45.csv","9ceb1fccf5cbed868729545203e741580b937ab4323fb4720928d747bdc4e4ac"
"wgcna_tables","results/tables/06_modules_WGCNA/01_WGCNA/neuron_soma/modules/genes_in_module_#2B8CBE.csv","323630e50ab6f2c0b18f7e95c37fa73b15226abb7272dca635beba32a004eac7"
"wgcna_tables","results/tables/06_modules_WGCNA/01_WGCNA/neuron_soma/modules/genes_in_module_#2F6F73.csv","4fa7ea23bf110ed0bcdc8bcf61f86170c54593d72faced58be216fa76fb76980"
"wgcna_tables","results/tables/06_modules_WGCNA/01_WGCNA/neuron_soma/modules/genes_in_module_#486A8A.csv","bf22152f2a5f04ac8c69ab95109e9de699c0b579f6a28cb1756ad4702cf0af17"
"wgcna_tables","results/tables/06_modules_WGCNA/01_WGCNA/neuron_soma/modules/genes_in_module_#4E7D66.csv","db6cd8ca6af553c250015b53c72fe504cceef511dd56eba17a0801d5f874ba06"
"wgcna_tables","results/tables/06_modules_WGCNA/01_WGCNA/neuron_soma/modules/genes_in_module_#5B9992.csv","a7a4f7888c6b95c7c4352486e9ad46f48a72ec9290f60372bbb6a650d65c8bd8"
"wgcna_tables","results/tables/06_modules_WGCNA/01_WGCNA/neuron_soma/modules/genes_in_module_#7FA37A.csv","8efa8cc71045f252387e87c1ab55f86a691093affed834f34ac40447998eef1f"
"wgcna_tables","results/tables/06_modules_WGCNA/01_WGCNA/neuron_soma/modules/genes_in_module_#7FA6C1.csv","68a109f69fe011dfe64746c007bcfc36f41e897520a43987b4b944e09d928453"
"wgcna_tables","results/tables/06_modules_WGCNA/01_WGCNA/neuron_soma/modules/genes_in_module_#8AA0AF.csv","9a10caa547f1bfad13fe0766b65642aa0848ea240bdb74ac9e0db2e548622a9f"
"wgcna_tables","results/tables/06_modules_WGCNA/01_WGCNA/neuron_soma/modules/genes_in_module_#A63603.csv","74f73f52f0253848bb5936c851fc5e2e880be5eeaa791d77534c98fbb253dcde"
"wgcna_tables","results/tables/06_modules_WGCNA/01_WGCNA/neuron_soma/modules/genes_in_module_#E6550D.csv","9e7cb10f89f736bd9a61e876c65e0e609d4f83a9c20ff26dab471256a078805f"
"wgcna_tables","results/tables/06_modules_WGCNA/01_WGCNA/neuron_soma/modules/genes_in_module_#F16913.csv","3f10163de2ab0d8336a34cec41958712bcce69298acd2309c891edb863636dd9"
"wgcna_tables","results/tables/06_modules_WGCNA/01_WGCNA/neuron_soma/modules/module_name_map.csv","f21a4838981398b282b697dde59e04d645fd68f8f0eebe662a23039bf3a478ff"
"wgcna_tables","results/tables/06_modules_WGCNA/01_WGCNA/neuron_soma/modules/module_name_map.tsv","94cbc2d6a7da6854542701e243e42737e08b2f2c8edee50d13dcfc7ac44c1592"
"wgcna_tables","results/tables/06_modules_WGCNA/01_WGCNA/neuron_soma/modules/WGCNA_feature_universe.csv","a99fe22b860ba3de6641380cdbd210d00e50172e5edf55a732e6476adca5c626"
"wgcna_tables","results/tables/06_modules_WGCNA/01_WGCNA/neuron_soma/modules/WGCNA_module_contracts.xlsx","f6182d7bb9de2f974938bcadf83996f42d9da8d98dbdc1e5dfa11bac6c2e9207"
"wgcna_tables","results/tables/06_modules_WGCNA/01_WGCNA/neuron_soma/modules/WGCNA_module_definitions_for_downstream.csv","581f6871ad7b5de9d0f591c0557367b4e60c8dae65427aafdca804a85cadfb55"
"wgcna_tables","results/tables/06_modules_WGCNA/01_WGCNA/neuron_soma/modules/WGCNA_module_evidence_rank.csv","cca3db4da509a410f953c4c52684ed23b87f10b20f3ffa6b8bb776a57b1196e5"
"wgcna_tables","results/tables/06_modules_WGCNA/01_WGCNA/neuron_soma/modules/WGCNA_module_GO_enrichment_long.csv","db6b6929a7f6f60e9c9e811ba9051b31eac7cbbdedbd12be1bfc1f80b3be469f"
"wgcna_tables","results/tables/06_modules_WGCNA/01_WGCNA/neuron_soma/modules/WGCNA_module_GO_enrichment_QC.csv","fb7de2d6f09ae2c7124e4981e1a728f3d42c601192278de776c60d1c57e57332"
"wgcna_tables","results/tables/06_modules_WGCNA/01_WGCNA/neuron_soma/modules/WGCNA_module_GSEA_coregene_overlap.csv","fe128e09c81816f28fb04cab3037bc67859ae075e8de097a06b33ebb07a70392"
"wgcna_tables","results/tables/06_modules_WGCNA/01_WGCNA/neuron_soma/modules/WGCNA_module_preservation_summary.csv","a0fac7bb860aeb607954fc6f8738bf20c1557c7e80e2a98c52e084cd49c7d673"
"wgcna_tables","results/tables/06_modules_WGCNA/01_WGCNA/neuron_soma/modules/WGCNA_module_priority_summary.csv","72be80e340ec07eb0a05cd33e333e75a3d7dbb038a650a8f1011898754530ecd"
"wgcna_tables","results/tables/06_modules_WGCNA/01_WGCNA/neuron_soma/modules/WGCNA_module_summary.csv","7777c0d287a1f1aa3d37935d7f1e346e64aef9192c4bf2166ba09b6aa8c7d7a9"
"wgcna_tables","results/tables/06_modules_WGCNA/01_WGCNA/neuron_soma/modules/WGCNA_modules_long.csv","b74c37ff1a03810dfbc9915af2069a6edc5b1d03dc820b4d7b1b0c7946f65fa3"
"wgcna_tables","results/tables/06_modules_WGCNA/01_WGCNA/neuron_soma/modules/WGCNA_modules_long.xlsx","40308f539e4097aaafe19299b4abb776cdcb4f9db4ef871ed58e2ea26a0124cd"
"wgcna_tables","results/tables/06_modules_WGCNA/01_WGCNA/neuron_soma/modules/WGCNA_parameter_audit.csv","8e12d3057bb1e1b5cd602bba2ad90d35da8bfd353db9214266bbcc103422714b"
"wgcna_tables","results/tables/06_modules_WGCNA/01_WGCNA/neuron_soma/preservation/module_preservation_CON_vs_ALL_Zsummary.csv","d30076b2fb0305bc401f10b8aa9a22edd9d4dc27560fe755da2b1a2a75c6205e"
"wgcna_tables","results/tables/06_modules_WGCNA/01_WGCNA/neuron_soma/preservation/module_preservation_RES_vs_ALL_Zsummary.csv","ec16e19e5a9bea1d2aedcd9d5e4cd28b138416c1c08d30432280dd206420d668"
"wgcna_tables","results/tables/06_modules_WGCNA/01_WGCNA/neuron_soma/preservation/module_preservation_SUS_vs_ALL_Zsummary.csv","4595dae70b8080c8618b0ad82b2cf87206c84c4e584053906fa3e67de828f746"
"wgcna_tables","results/tables/06_modules_WGCNA/01_WGCNA/neuron_soma/qc/gene_filtering_qc.csv","9eb8369d3a53ddc38bb8827d3b44dbed1bf65f99532982092b7aa6a2078e5ce8"
"wgcna_tables","results/tables/06_modules_WGCNA/01_WGCNA/neuron_soma/qc/sample_filtering_qc.csv","92e054470a58bd8715d25577c864ecd439cbef5ceb1c2e38823d4ba3f2a63203"
"wgcna_tables","results/tables/06_modules_WGCNA/01_WGCNA/neuron_soma/qc/soft_threshold_fit_indices.csv","2a9b15c1ec1f0fac8b31d40ebb45d7c6221e54c987614ff9ebe0b7fd4444d2f3"
"wgcna_tables","results/tables/06_modules_WGCNA/01_WGCNA/neuron_soma/qc/soft_threshold_selection.csv","44e3ddfab477d206d8dfa3d83b33cf98b2179aa70202a7b6848463b68be51c0b"
"wgcna_tables","results/tables/06_modules_WGCNA/01_WGCNA/neuron_soma/supermodules/supermodule_clustering_sensitivity.csv","ea57e5a5f4c0b4bbb0ac84e810a6de0b51a6f527f494bf84dd556caab82d9d49"
"wgcna_tables","results/tables/06_modules_WGCNA/01_WGCNA/neuron_soma/supermodules/supermodule_compression_qc.csv","0508eb38882f56156dd897dacb46dd184bdaab47b2c6d05022b8b0a40f50a9a6"
"wgcna_tables","results/tables/06_modules_WGCNA/01_WGCNA/neuron_soma/supermodules/supermodule_label_audit.csv","dcea62636ef2b0a2a3f7d9f9b18ae0860c6f122cad131ca20467bfe3c384c5ef"
"wgcna_tables","results/tables/06_modules_WGCNA/01_WGCNA/neuron_soma/supermodules/supermodule_label_source_manifest.csv","8100b532902f743edf94314fec6e93dd01181cd39418f4aefad03aee339817a1"
"wgcna_tables","results/tables/06_modules_WGCNA/01_WGCNA/neuron_soma/supermodules/wgcna_between_supermodule_eigengene_correlation_summary.csv","f325b6cb52d429e6e8fc57609d965db2de4c94fc93cd9e8f1e3cc61a48c43b51"
"wgcna_tables","results/tables/06_modules_WGCNA/01_WGCNA/neuron_soma/supermodules/wgcna_condition_omnibus_with_supermodules.csv","9cadc091f0dbfeb176dff7d304c0aa1e9e8232de77f5c709d18f532d0ee5a2e7"
"wgcna_tables","results/tables/06_modules_WGCNA/01_WGCNA/neuron_soma/supermodules/wgcna_group_contrasts_with_supermodules.csv","4f05b70312f2344705adae03a405a44abb8b3ec06a6a3232a3eafd00defc17df"
"wgcna_tables","results/tables/06_modules_WGCNA/01_WGCNA/neuron_soma/supermodules/wgcna_module_eigengene_correlation_matrix.csv","c467e1fadc8dba39856ad9658df041fa2a129b93408545878a54929a47bc2213"
"wgcna_tables","results/tables/06_modules_WGCNA/01_WGCNA/neuron_soma/supermodules/wgcna_module_eigengene_correlation_pairs.csv","0381223ea2e9aa58791a4bce627bd23d340b51350fca0c69d93f8c6ac391cb5c"
"wgcna_tables","results/tables/06_modules_WGCNA/01_WGCNA/neuron_soma/supermodules/wgcna_module_eigengenes_long_with_supermodules.csv","5012548ed4f0abf14509db5a15b726ffebdc5e9c77f815adb873c8b2edef1c3e"
"wgcna_tables","results/tables/06_modules_WGCNA/01_WGCNA/neuron_soma/supermodules/wgcna_module_results_with_supermodules.csv","581f6871ad7b5de9d0f591c0557367b4e60c8dae65427aafdca804a85cadfb55"
"wgcna_tables","results/tables/06_modules_WGCNA/01_WGCNA/neuron_soma/supermodules/wgcna_module_supermodule_annotation.csv","c7e085b28277172b8a14a064a5cb0ee5ad0e5d84e20c110b51cf6f9a665821b7"
"wgcna_tables","results/tables/06_modules_WGCNA/01_WGCNA/neuron_soma/supermodules/wgcna_module_supermodule_annotation.xlsx","398837fd9c54624f6d5c2bdae574976b3c1bc58aee148a003a64625af7034f0b"
"wgcna_tables","results/tables/06_modules_WGCNA/01_WGCNA/neuron_soma/supermodules/wgcna_module_trait_correlations_with_supermodules.csv","ddb3c6d6601c13a9a1bb19716190530930814f24bd71d6df763f5070d7123595"
"wgcna_tables","results/tables/06_modules_WGCNA/01_WGCNA/neuron_soma/supermodules/wgcna_spatial_strata_group_contrasts_with_supermodules.csv","859dffce7671e4049c00dad39a2c270e41cb2f2524e41ee8e8219e44604a042a"
"wgcna_tables","results/tables/06_modules_WGCNA/01_WGCNA/neuron_soma/supermodules/wgcna_supermodule_biological_coherence.csv","37502435e229f2e93ef4dd7bfee9cfdbd02138e4b016f9abd08d824a75186108"
"wgcna_tables","results/tables/06_modules_WGCNA/01_WGCNA/neuron_soma/supermodules/WGCNA_supermodule_display_label_audit.csv","efef8bee0d5a5f6d47758a37b9ffdf77183da6deb6036d38bca0c8e1965e6b23"
"wgcna_tables","results/tables/06_modules_WGCNA/01_WGCNA/neuron_soma/supermodules/wgcna_supermodule_eigengene_clusters.csv","2a9bd8917c01c47b46b38c90129089d417187bf30b11205d769709ccdf1fbf57"
"wgcna_tables","results/tables/06_modules_WGCNA/01_WGCNA/neuron_soma/supermodules/wgcna_supermodule_eigengene_similarity.csv","c467e1fadc8dba39856ad9658df041fa2a129b93408545878a54929a47bc2213"
"wgcna_tables","results/tables/06_modules_WGCNA/01_WGCNA/neuron_soma/supermodules/wgcna_supermodule_evidence_table.csv","acdfcb9d04d2b64c7209edcf2a8e8ebecc16f15fbbee5ed4f5f992969d1365c7"
"wgcna_tables","results/tables/06_modules_WGCNA/01_WGCNA/neuron_soma/supermodules/wgcna_supermodule_GO_term_support_audit.csv","292c405879752e83e89feb90265fb27abddbe430537b4ef87cc2cc58ef963352"
"wgcna_tables","results/tables/06_modules_WGCNA/01_WGCNA/neuron_soma/supermodules/wgcna_supermodule_manual_config_absent_modules_audit.csv","800e86641e5cdf76e4ee8e2452a66a296dec63a824273b12de8bc6a923224791"
"wgcna_tables","results/tables/06_modules_WGCNA/01_WGCNA/neuron_soma/supermodules/wgcna_supermodule_naming_conflicts.csv","3c507a30d12350ef9c83f2af6fdc8e1acd735f0f41390aff7ae8cf7325f8e9cf"
"wgcna_tables","results/tables/06_modules_WGCNA/01_WGCNA/neuron_soma/supermodules/wgcna_supermodule_summary.csv","1c0940f059305c1664c16a5a961d1f456f92924bf0d8808f40710e68296160c0"
"wgcna_tables","results/tables/06_modules_WGCNA/01_WGCNA/neuron_soma/supermodules/wgcna_supermodule_summary_scores.csv","563065849fd8409dea897acf9b89ad87e49c72bc77dad00a54f4e1592d8b9831"
"wgcna_tables","results/tables/06_modules_WGCNA/01_WGCNA/neuron_soma/supermodules/wgcna_supermodule_validation_summary.csv","360c964b3aa470fa5fc5b1ad785f48e1ec47a6165a14852870c02069663cc71f"
"wgcna_tables","results/tables/06_modules_WGCNA/01_WGCNA/neuron_soma/supermodules/wgcna_top_hub_overlap_pairs.csv","f9850dfdd2476f595588d956addd1e11c44989087e2c35f16813b38f199d30e9"
"wgcna_tables","results/tables/06_modules_WGCNA/01_WGCNA/neuron_soma/supermodules/wgcna_within_supermodule_eigengene_correlation_summary.csv","534580c815d5a31256e2db66280956800aab58db8c064c4c9736be32e23ac31d"
"wgcna_tables","results/tables/06_modules_WGCNA/01_WGCNA/neuron_soma/supermodules/wgcna_within_supermodule_hub_overlap_summary.csv","71b952ecbf750568ce2a1091c853aba71d1caa7dbec28d7ac2d7cafcef677725"
"wgcna_tables","results/tables/06_modules_WGCNA/01_WGCNA/neuron_soma/traits/ME_by_condition_adjusted_lm_FDR.csv","9cadc091f0dbfeb176dff7d304c0aa1e9e8232de77f5c709d18f532d0ee5a2e7"
"wgcna_tables","results/tables/06_modules_WGCNA/01_WGCNA/neuron_soma/traits/ME_by_condition_pairwise_contrasts.csv","4f05b70312f2344705adae03a405a44abb8b3ec06a6a3232a3eafd00defc17df"
"wgcna_tables","results/tables/06_modules_WGCNA/01_WGCNA/neuron_soma/traits/ME_by_condition_pairwise_Wilcoxon_BH.csv","b5ca23a4ded5eb5d138e8ab42b608c59050354278aa7a93d981f4afe0d4a6596"
"wgcna_tables","results/tables/06_modules_WGCNA/01_WGCNA/neuron_soma/traits/ME_by_condition_spatial_strata_pairwise_contrasts.csv","859dffce7671e4049c00dad39a2c270e41cb2f2524e41ee8e8219e44604a042a"
"wgcna_tables","results/tables/06_modules_WGCNA/01b_module_supermodule_GO_heatmaps/all/WGCNA_GO_heatmap_chart_contract.csv","34d7d55c26f161514690f4e6de71faf3a1e7b34c93c131250686847772e38b9f"
"wgcna_tables","results/tables/06_modules_WGCNA/01b_module_supermodule_GO_heatmaps/all/WGCNA_GO_heatmap_status.csv","32aab602bad98ecc19565fe1d539d099899e94065e42f98ae15d931b365ef4c7"
"wgcna_tables","results/tables/06_modules_WGCNA/01b_module_supermodule_GO_heatmaps/all/WGCNA_supermodule_GO_focused_selected_terms_all_datasets_BP.csv","fb65c59b84648e0b33d07150880e2d9fd8c40af67f4a1ee76a6bd44b9ce8134b"
"wgcna_tables","results/tables/06_modules_WGCNA/01b_module_supermodule_GO_heatmaps/all/WGCNA_supermodule_GO_focused_source_all_datasets_BP.csv","d72cc68e44473d9ac24cee746ffd8748801015196e1386798899cd282b642c11"
"wgcna_tables","results/tables/06_modules_WGCNA/01b_module_supermodule_GO_heatmaps/microglia/WGCNA_GO_heatmap_chart_contract.csv","466bbd8c6cb80e537bf4927ba0237907e53e7998810f97f01b84318adf8d7b2a"
"wgcna_tables","results/tables/06_modules_WGCNA/01b_module_supermodule_GO_heatmaps/microglia/WGCNA_GO_heatmap_status.csv","c3b8c86d7e43ab9a2cf486c4379add950bfa3e67e59c574c098286101bb3101d"
"wgcna_tables","results/tables/06_modules_WGCNA/01b_module_supermodule_GO_heatmaps/microglia/WGCNA_module_GO_heatmap_source_BP.csv","7b81de68f732ad08a1416d35afeb2dcab60a3ac79006463c333d8e42f48291f2"
"wgcna_tables","results/tables/06_modules_WGCNA/01b_module_supermodule_GO_heatmaps/microglia/WGCNA_module_GO_heatmap_source_CC.csv","3491a18664ca110a98aa0442893ca21cdf1d900c8099305272ddb8aafdc8c4e3"
"wgcna_tables","results/tables/06_modules_WGCNA/01b_module_supermodule_GO_heatmaps/microglia/WGCNA_module_GO_heatmap_source_MF.csv","76ae563e2532fafcbc2d4c99c856a9f419ca6f4077feb25ac2f55986b5176d57"
"wgcna_tables","results/tables/06_modules_WGCNA/01b_module_supermodule_GO_heatmaps/microglia/WGCNA_module_GO_representative_terms_BP.csv","7dc15103cfb00aeeed5c0d0286b34f3217a7890ec3e20b2fa1be783a2aeceba6"
"wgcna_tables","results/tables/06_modules_WGCNA/01b_module_supermodule_GO_heatmaps/microglia/WGCNA_module_GO_representative_terms_CC.csv","4f4cbbd4ac633904806467194004dcbffe518e7462538fde4da0216bb6103d69"
"wgcna_tables","results/tables/06_modules_WGCNA/01b_module_supermodule_GO_heatmaps/microglia/WGCNA_module_GO_representative_terms_MF.csv","444cf65ea4c0570acf9badecab1d94a6dcb5d6e1481ed5b01b8d7b9da3f93526"
"wgcna_tables","results/tables/06_modules_WGCNA/01b_module_supermodule_GO_heatmaps/microglia/WGCNA_supermodule_GO_focused_selected_terms_BP.csv","978e48861829a6b82d3a4af5c5dfc22f452563d182773ef67738a311216bd139"
"wgcna_tables","results/tables/06_modules_WGCNA/01b_module_supermodule_GO_heatmaps/microglia/WGCNA_supermodule_GO_focused_selected_terms_CC.csv","5bc313a67cfe8205a2301dbef7e4afb4a884089b8272ea82262bd65dd8a8fff5"
"wgcna_tables","results/tables/06_modules_WGCNA/01b_module_supermodule_GO_heatmaps/microglia/WGCNA_supermodule_GO_focused_selected_terms_MF.csv","6d73290320eb19eae3ba3e0b138d82e40f6e60041915199d390851e0579f35ea"
"wgcna_tables","results/tables/06_modules_WGCNA/01b_module_supermodule_GO_heatmaps/microglia/WGCNA_supermodule_GO_focused_selection_audit_BP.csv","7ea3659aa108eb05525ba5f9361415f76910eaba663f41104d9b27835187e558"
"wgcna_tables","results/tables/06_modules_WGCNA/01b_module_supermodule_GO_heatmaps/microglia/WGCNA_supermodule_GO_focused_selection_audit_CC.csv","2ef50f00018c112292ea88afb029e41bd89997fadcb1d2a623363ee04690fb7d"
"wgcna_tables","results/tables/06_modules_WGCNA/01b_module_supermodule_GO_heatmaps/microglia/WGCNA_supermodule_GO_focused_selection_audit_MF.csv","d972b3bfbcbd4f6f0cec681ffcbcb158422da3ff84a04c1680b9c571b1090637"
"wgcna_tables","results/tables/06_modules_WGCNA/01b_module_supermodule_GO_heatmaps/microglia/WGCNA_supermodule_GO_focused_source_BP.csv","ea275165c7def712d9d039cf2dfa81cd43fcfb0effd11c5f5067d0869e6da61b"
"wgcna_tables","results/tables/06_modules_WGCNA/01b_module_supermodule_GO_heatmaps/microglia/WGCNA_supermodule_GO_focused_source_CC.csv","294481b9ed9740474aef65ee2eec8c804889dcc50ffe77a13adf4804abd8b1e5"
"wgcna_tables","results/tables/06_modules_WGCNA/01b_module_supermodule_GO_heatmaps/microglia/WGCNA_supermodule_GO_focused_source_MF.csv","f489773b7d0ca383bb630d04324539878d89272329dc436b8582163ae605898d"
"wgcna_tables","results/tables/06_modules_WGCNA/01b_module_supermodule_GO_heatmaps/microglia/WGCNA_supermodule_GO_heatmap_source_BP.csv","211f4cf9930455e981a497ed8efa95611d199fe1d64ec5150f2a6fb8c8232f8b"
"wgcna_tables","results/tables/06_modules_WGCNA/01b_module_supermodule_GO_heatmaps/microglia/WGCNA_supermodule_GO_heatmap_source_CC.csv","42550dea1fecc81ca787d407ec176ac78c2daf0329e7450bd9eaac6da63800f9"
"wgcna_tables","results/tables/06_modules_WGCNA/01b_module_supermodule_GO_heatmaps/microglia/WGCNA_supermodule_GO_heatmap_source_MF.csv","a5c9148d773f2aec5e6b2db39390191a350ee458c8c03ba2ad05efc1743d4f21"
"wgcna_tables","results/tables/06_modules_WGCNA/01b_module_supermodule_GO_heatmaps/microglia/WGCNA_supermodule_GO_representative_terms_BP.csv","b9e86a5af507ea88508eba3f19a4c9bd910d78c33ea47fbda8845e1405d4c67f"
"wgcna_tables","results/tables/06_modules_WGCNA/01b_module_supermodule_GO_heatmaps/microglia/WGCNA_supermodule_GO_representative_terms_CC.csv","d59355e67af2dce1787a17e21b76ac991e12bad8e5990b69531a8be0f1f998d7"
"wgcna_tables","results/tables/06_modules_WGCNA/01b_module_supermodule_GO_heatmaps/microglia/WGCNA_supermodule_GO_representative_terms_MF.csv","eda9cc81f28cdcabf025f808a0d6cf4a5aadd947e6a4227e58561c33bc94206a"
"wgcna_tables","results/tables/06_modules_WGCNA/01b_module_supermodule_GO_heatmaps/neuron_neuropil/WGCNA_GO_heatmap_chart_contract.csv","ae416b4042e0708adb09ac61fb94e01718e8ef7181faf44331cacb369aab0443"
"wgcna_tables","results/tables/06_modules_WGCNA/01b_module_supermodule_GO_heatmaps/neuron_neuropil/WGCNA_GO_heatmap_status.csv","1c9504f4f813b057e203d7617b2e7f06070e61d4265de8bc84df3bcd6c9fb2c5"
"wgcna_tables","results/tables/06_modules_WGCNA/01b_module_supermodule_GO_heatmaps/neuron_neuropil/WGCNA_module_GO_heatmap_source_BP.csv","0fc941e0d857391d57f8820d3d77f24b9016ef445e3b48319b45fdc78a2b30ec"
"wgcna_tables","results/tables/06_modules_WGCNA/01b_module_supermodule_GO_heatmaps/neuron_neuropil/WGCNA_module_GO_heatmap_source_CC.csv","ae354745986fffd6333e492a3d42c6d989911d42ae347bd690bbe5fe47efd412"
"wgcna_tables","results/tables/06_modules_WGCNA/01b_module_supermodule_GO_heatmaps/neuron_neuropil/WGCNA_module_GO_heatmap_source_MF.csv","ccb672d2b01014159fc52592fe2137d13277df32e756bdd4151bbc54601f6ec0"
"wgcna_tables","results/tables/06_modules_WGCNA/01b_module_supermodule_GO_heatmaps/neuron_neuropil/WGCNA_module_GO_representative_terms_BP.csv","b876dcdcc34625404da73d970130024e42cafb7e2fdc4127645996fc7deb7952"
"wgcna_tables","results/tables/06_modules_WGCNA/01b_module_supermodule_GO_heatmaps/neuron_neuropil/WGCNA_module_GO_representative_terms_CC.csv","31ab970544692a9c7e6f48ce97ac14de508d206daef5e429f4b8ed8d7197f93f"
"wgcna_tables","results/tables/06_modules_WGCNA/01b_module_supermodule_GO_heatmaps/neuron_neuropil/WGCNA_module_GO_representative_terms_MF.csv","1e84166bc90816caaea70360c6d078b35c5c5835b64c593da811e2674d9df71b"
"wgcna_tables","results/tables/06_modules_WGCNA/01b_module_supermodule_GO_heatmaps/neuron_neuropil/WGCNA_supermodule_GO_focused_selected_terms_BP.csv","af9cddab003db857234b48a6f7cc07626d43890a2ed562cd4634e5d5a4d384d1"
"wgcna_tables","results/tables/06_modules_WGCNA/01b_module_supermodule_GO_heatmaps/neuron_neuropil/WGCNA_supermodule_GO_focused_selected_terms_CC.csv","579f32da98eba5b795a146086fa2623b29437b82cd5fed3d9b73e24d55475e04"
"wgcna_tables","results/tables/06_modules_WGCNA/01b_module_supermodule_GO_heatmaps/neuron_neuropil/WGCNA_supermodule_GO_focused_selected_terms_MF.csv","5a9474ba19454f3928ed253f7750541184384e3099d051fe9a5924796040b69a"
"wgcna_tables","results/tables/06_modules_WGCNA/01b_module_supermodule_GO_heatmaps/neuron_neuropil/WGCNA_supermodule_GO_focused_selection_audit_BP.csv","8fea0bb35daa6b79cef37fe7edcb8897b8b14f6d18bf7f1aa095ec80ac553a75"
"wgcna_tables","results/tables/06_modules_WGCNA/01b_module_supermodule_GO_heatmaps/neuron_neuropil/WGCNA_supermodule_GO_focused_selection_audit_CC.csv","b785aba5c39bef0baef155c7106e8618ae0160fcd12b3482cfe0bae7802e5a19"
"wgcna_tables","results/tables/06_modules_WGCNA/01b_module_supermodule_GO_heatmaps/neuron_neuropil/WGCNA_supermodule_GO_focused_selection_audit_MF.csv","767c63af5a2946e4c5c43e8641a30ac0b79a77a3bb8a7e72483674bf1e03b0ea"
"wgcna_tables","results/tables/06_modules_WGCNA/01b_module_supermodule_GO_heatmaps/neuron_neuropil/WGCNA_supermodule_GO_focused_source_BP.csv","1a8b4bed658f1d683f1d041f8a2b221ebc7cf7f950bf44233edcb58a95db1ab4"
"wgcna_tables","results/tables/06_modules_WGCNA/01b_module_supermodule_GO_heatmaps/neuron_neuropil/WGCNA_supermodule_GO_focused_source_CC.csv","d0821e334feec57cd961087cde9be4143819f6dd3bd0f88ecc14bf0b00b8183d"
"wgcna_tables","results/tables/06_modules_WGCNA/01b_module_supermodule_GO_heatmaps/neuron_neuropil/WGCNA_supermodule_GO_focused_source_MF.csv","68f54318a2cfb0911da8c5d079f9d6628878783166480d62e5cb6493fbac3120"
"wgcna_tables","results/tables/06_modules_WGCNA/01b_module_supermodule_GO_heatmaps/neuron_neuropil/WGCNA_supermodule_GO_heatmap_source_BP.csv","119abaa977133ea2b62b27d19f7d622d544a2985dd6b7a5a1cdec263329dd917"
"wgcna_tables","results/tables/06_modules_WGCNA/01b_module_supermodule_GO_heatmaps/neuron_neuropil/WGCNA_supermodule_GO_heatmap_source_CC.csv","3a01f3cf7c83e60c0a368683e73f78d6d285a2aa8262ce1db0e52523e417e974"
"wgcna_tables","results/tables/06_modules_WGCNA/01b_module_supermodule_GO_heatmaps/neuron_neuropil/WGCNA_supermodule_GO_heatmap_source_MF.csv","fc583daa7209c695ce95854489362cecc766d34fef2aa50b1013cd0245e8c501"
"wgcna_tables","results/tables/06_modules_WGCNA/01b_module_supermodule_GO_heatmaps/neuron_neuropil/WGCNA_supermodule_GO_representative_terms_BP.csv","59d94e647a74ed8982594652fcec138269f6797ec3146b38f8f69ed9ad3ace47"
"wgcna_tables","results/tables/06_modules_WGCNA/01b_module_supermodule_GO_heatmaps/neuron_neuropil/WGCNA_supermodule_GO_representative_terms_CC.csv","df28c75e2fac306bbe3fdf598c338eda388cfc20072e22315aec959cbcfb2158"
"wgcna_tables","results/tables/06_modules_WGCNA/01b_module_supermodule_GO_heatmaps/neuron_neuropil/WGCNA_supermodule_GO_representative_terms_MF.csv","b1dcd075f1a6edfdafa1f373a33a93f2d16aa94af0dfecb9d44d644d1b862b50"
"wgcna_tables","results/tables/06_modules_WGCNA/01b_module_supermodule_GO_heatmaps/neuron_soma/WGCNA_GO_heatmap_chart_contract.csv","466bbd8c6cb80e537bf4927ba0237907e53e7998810f97f01b84318adf8d7b2a"
"wgcna_tables","results/tables/06_modules_WGCNA/01b_module_supermodule_GO_heatmaps/neuron_soma/WGCNA_GO_heatmap_status.csv","ae4f7d45319af769032d88c803182a48dbdc019512e26c1a0c0143f7a6ecdf32"
"wgcna_tables","results/tables/06_modules_WGCNA/01b_module_supermodule_GO_heatmaps/neuron_soma/WGCNA_module_GO_heatmap_source_BP.csv","4db1130676336d848d837e6cd8b5173d73aa6701434b1ec7d0109fd51f07c0a4"
"wgcna_tables","results/tables/06_modules_WGCNA/01b_module_supermodule_GO_heatmaps/neuron_soma/WGCNA_module_GO_heatmap_source_CC.csv","d70512a02cc7c92b76a1fcd78493956e9a723fb6c92d3054bd2129e2e729fb2d"
"wgcna_tables","results/tables/06_modules_WGCNA/01b_module_supermodule_GO_heatmaps/neuron_soma/WGCNA_module_GO_heatmap_source_MF.csv","c16b841eb8c4a9a194b7bde5f17044d13518464837e6ff743b80f07eef2c317e"
"wgcna_tables","results/tables/06_modules_WGCNA/01b_module_supermodule_GO_heatmaps/neuron_soma/WGCNA_module_GO_representative_terms_BP.csv","c28b2bce54f533527fe2745bdf1bcc1fbb8efbc62c8ee5b0a4bd4759aef44356"
"wgcna_tables","results/tables/06_modules_WGCNA/01b_module_supermodule_GO_heatmaps/neuron_soma/WGCNA_module_GO_representative_terms_CC.csv","42ada8db063c497955c479dbd22717684968e6b70ab400a30ee1505614154fe0"
"wgcna_tables","results/tables/06_modules_WGCNA/01b_module_supermodule_GO_heatmaps/neuron_soma/WGCNA_module_GO_representative_terms_MF.csv","84d2e63c6c497da89db761c553bebdbd3d5a4224d49aea4e90ba968c3162fefb"
"wgcna_tables","results/tables/06_modules_WGCNA/01b_module_supermodule_GO_heatmaps/neuron_soma/WGCNA_supermodule_GO_focused_selected_terms_BP.csv","76c95e34817d87d3939e19af12662df0cadb8cffd87f00a1c113167b67b06980"
"wgcna_tables","results/tables/06_modules_WGCNA/01b_module_supermodule_GO_heatmaps/neuron_soma/WGCNA_supermodule_GO_focused_selected_terms_CC.csv","f2d74580fd423c7fbd659f8cd0bc742b3c0ae1457f731c9634d65ed3eb51b3e4"
"wgcna_tables","results/tables/06_modules_WGCNA/01b_module_supermodule_GO_heatmaps/neuron_soma/WGCNA_supermodule_GO_focused_selected_terms_MF.csv","67cc258e82c58ec390d58ee2cb76150fb76a9ee126b1e0351ff3322c2f508630"
"wgcna_tables","results/tables/06_modules_WGCNA/01b_module_supermodule_GO_heatmaps/neuron_soma/WGCNA_supermodule_GO_focused_selection_audit_BP.csv","6137388d5b1cfc29c955c11569aa5398be7a78bfe4fb206e7d0415e120dd53e6"
"wgcna_tables","results/tables/06_modules_WGCNA/01b_module_supermodule_GO_heatmaps/neuron_soma/WGCNA_supermodule_GO_focused_selection_audit_CC.csv","8f8447419183ff77a4c9e756e3ec130ea0b22ab23a1e24d92f676b56f3609339"
"wgcna_tables","results/tables/06_modules_WGCNA/01b_module_supermodule_GO_heatmaps/neuron_soma/WGCNA_supermodule_GO_focused_selection_audit_MF.csv","7b5c07e33631691c27faee58b6ffdfa9dc13ab6dbcc657cd4c700572faaa9a04"
"wgcna_tables","results/tables/06_modules_WGCNA/01b_module_supermodule_GO_heatmaps/neuron_soma/WGCNA_supermodule_GO_focused_source_BP.csv","3fae00e56e9c569f22f69a9e38ac544eafa50272817b35956fe7638380236049"
"wgcna_tables","results/tables/06_modules_WGCNA/01b_module_supermodule_GO_heatmaps/neuron_soma/WGCNA_supermodule_GO_focused_source_CC.csv","c68d9f1c1dcfad2cfaa408890dd47818854a8eb69cc1f4ecc231b20b034b4524"
"wgcna_tables","results/tables/06_modules_WGCNA/01b_module_supermodule_GO_heatmaps/neuron_soma/WGCNA_supermodule_GO_focused_source_MF.csv","40d46cfac0a4e88d0edfbab052f9fc146102417786b646c4d3443488f74c413f"
"wgcna_tables","results/tables/06_modules_WGCNA/01b_module_supermodule_GO_heatmaps/neuron_soma/WGCNA_supermodule_GO_heatmap_source_BP.csv","d7de1798bc8ec178da573c4cca84e0e203e27f17e9575b658b273be3ec5d7d03"
"wgcna_tables","results/tables/06_modules_WGCNA/01b_module_supermodule_GO_heatmaps/neuron_soma/WGCNA_supermodule_GO_heatmap_source_CC.csv","c0b804b891d20144d05d0f2ad2cad91056adec411ea785e6b4475026dc798727"
"wgcna_tables","results/tables/06_modules_WGCNA/01b_module_supermodule_GO_heatmaps/neuron_soma/WGCNA_supermodule_GO_heatmap_source_MF.csv","4133f03aef448b66b4b3b83b5685b01e446ce77ef775b42166d694cef11f27c6"
"wgcna_tables","results/tables/06_modules_WGCNA/01b_module_supermodule_GO_heatmaps/neuron_soma/WGCNA_supermodule_GO_representative_terms_BP.csv","54f05cd874488de85acda3c7e4315ce75ec399f960f384e92c5704b7d654caaf"
"wgcna_tables","results/tables/06_modules_WGCNA/01b_module_supermodule_GO_heatmaps/neuron_soma/WGCNA_supermodule_GO_representative_terms_CC.csv","3f51c653fe68d7e08d484d55e834aa379f97ec06bf581b5cd44ef8422f335f57"
"wgcna_tables","results/tables/06_modules_WGCNA/01b_module_supermodule_GO_heatmaps/neuron_soma/WGCNA_supermodule_GO_representative_terms_MF.csv","99a54f3847472796e6dd89f36eb65f26855031c963cc1b99f30486a3558b7b42"
"wgcna_tables","results/tables/06_modules_WGCNA/04_wgcna_de_gsea_overlap/microglia/WGCNA_vs_DE_GSEA_overlap.csv","09d08921c63b8e7ba6ff7a10cd2836f267f935809d11e4d873b108968e80a88c"
"wgcna_tables","results/tables/06_modules_WGCNA/04_wgcna_de_gsea_overlap/microglia/WGCNA_vs_DE_GSEA_overlap.xlsx","7125457de37da2eca653d7ab63137d1d4667505b16d788252afe8b152aa0067c"
"wgcna_tables","results/tables/06_modules_WGCNA/04_wgcna_de_gsea_overlap/neuron_neuropil/WGCNA_vs_DE_GSEA_overlap.csv","8c5b25a07ea181f7e60ed80357e7148c0eefd5922bdaa34efea5884a1c0da486"
"wgcna_tables","results/tables/06_modules_WGCNA/04_wgcna_de_gsea_overlap/neuron_neuropil/WGCNA_vs_DE_GSEA_overlap.xlsx","ae170cb9a6c2ec3a3101b3b32c1404429bf8e087ead9a8f42849c561980431de"
"wgcna_tables","results/tables/06_modules_WGCNA/04_wgcna_de_gsea_overlap/neuron_soma/WGCNA_vs_DE_GSEA_overlap.csv","bcad1d16694d710f866712e171b2c6ea366f13f6825f87e24f012b799f3a9d90"
"wgcna_tables","results/tables/06_modules_WGCNA/04_wgcna_de_gsea_overlap/neuron_soma/WGCNA_vs_DE_GSEA_overlap.xlsx","eda4a64e2cb4a192c3e3864251a2e987867ec542093c5a59c6f6e6906298a524"
"wgcna_tables","results/tables/06_modules_WGCNA/claim_readiness/microglia/WGCNA_entity_claim_readiness.csv","81ca2304d92d8521651b3a2ffde4c274e2d305dde64f3e63537b53504befc241"
"wgcna_tables","results/tables/06_modules_WGCNA/curated_overlap_programs/global/curated_overlap_programs.xlsx","2c76c9f4ca0afcb4d5f08b2fe8f98ee9a0f7a6427b7003fb3cbd101a9eedd850"
"wgcna_tables","results/tables/06_modules_WGCNA/curated_overlap_programs/global/curated_overlap_programs_long.csv","7e3add24bdb57ad3d9827460c339061b3ffe619b3c0a43810e363639d1b62ec8"
"wgcna_tables","results/tables/06_modules_WGCNA/curated_overlap_programs/global/Overlap_based_neuropil_modules_classified.xlsx","2c76c9f4ca0afcb4d5f08b2fe8f98ee9a0f7a6427b7003fb3cbd101a9eedd850"
"wgcna_tables","results/tables/06_modules_WGCNA/curated_overlap_programs/global/Overlap_based_neuropil_modules_classified_long.csv","7e3add24bdb57ad3d9827460c339061b3ffe619b3c0a43810e363639d1b62ec8"
"wgcna_tables","results/tables/06_modules_WGCNA/group_effects/microglia/all_supermodule_contents_summary.csv","fe3df55b3a46e2067a4ba385c3a8f28f2738cbf4536bdf97cceab4cc317dd379"
"wgcna_tables","results/tables/06_modules_WGCNA/group_effects/microglia/all_supermodule_eigengene_group_significance.csv","60de9e1074bc61f332110e80494afe65cd07d1de1aa75ef87a49bfc81688c6b7"
"wgcna_tables","results/tables/06_modules_WGCNA/group_effects/microglia/all_supermodule_eigengene_group_values.csv","d57e1cb8b8b7292d7a8d8e85e6efbe7f19a91f719f060053901614f44c24a980"
"wgcna_tables","results/tables/06_modules_WGCNA/group_effects/microglia/all_supermodule_eigengene_spatial_group_significance.csv","e4d8331dfd826934bdf52ed86c12db2ccf50c6b0a943ffce20f71353ac9e3cf1"
"wgcna_tables","results/tables/06_modules_WGCNA/group_effects/microglia/all_supermodule_eigengene_spatial_group_values.csv","d57e1cb8b8b7292d7a8d8e85e6efbe7f19a91f719f060053901614f44c24a980"
"wgcna_tables","results/tables/06_modules_WGCNA/group_effects/microglia/all_supermodule_label_audit.csv","d2e5ca48d4b26f5a535235d072182735f07d17cad083bff0732821a8e384dab2"
"wgcna_tables","results/tables/06_modules_WGCNA/group_effects/microglia/all_supermodule_region_layer_cohend_effects.csv","e8d11596712c242b26e58e8b5f0bcb3d96b7935e9e46b004ae85e4f732b1ccc2"
"wgcna_tables","results/tables/06_modules_WGCNA/group_effects/microglia/all_supermodule_region_layer_effects.csv","f2e0d17a786edff11925a851d94ec6e84ca0a4a52c1a20ae6eda6c2020a71cc0"
"wgcna_tables","results/tables/06_modules_WGCNA/group_effects/microglia/all_sus_res_supermodule_region_layer_effects.csv","6dcb0e6966f05cbc477180663786bef0d279be17a41178473108bfa3dabcc71f"
"wgcna_tables","results/tables/06_modules_WGCNA/group_effects/microglia/module_group_effects.csv","78bf6c3229557ada9a423c8762161711f033cae35d1f2f991de1fc90afd076e3"
"wgcna_tables","results/tables/06_modules_WGCNA/group_effects/microglia/module_marker_trait_correlations.csv","b9c4351d7ef6abe9c24f316477634a6958039b22951d71a554dbda46a6ced57d"
"wgcna_tables","results/tables/06_modules_WGCNA/group_effects/microglia/module_to_supermodule_map_with_annotations.csv","e824aca4c062f68971f8029bd30bd6d4a35d741d299f3422e111f85bcb2a8056"
"wgcna_tables","results/tables/06_modules_WGCNA/group_effects/microglia/selected_sus_res_supermodule_contents.csv","1b8bed283818d660643f8929742ae574898f286cc84a154fa8a284302d63a532"
"wgcna_tables","results/tables/06_modules_WGCNA/group_effects/microglia/selected_sus_res_supermodule_contents_for_boss.csv","6317a6dda716e19da0b86b40bfb576593704b936a2f523758d74584e60fb06b3"
"wgcna_tables","results/tables/06_modules_WGCNA/group_effects/microglia/selected_sus_res_supermodule_interpretation.csv","433a4ced98b3b1678047867318c25909470a68d18b1889437f810143d164301f"
"wgcna_tables","results/tables/06_modules_WGCNA/group_effects/microglia/selected_sus_res_supermodule_interpretation_summary.csv","433a4ced98b3b1678047867318c25909470a68d18b1889437f810143d164301f"
"wgcna_tables","results/tables/06_modules_WGCNA/group_effects/microglia/selected_sus_res_supermodule_pca_eigenvalues.csv","73ede014d7cf2d455e6405d74fbc297e758548164b32e00c63961d89d9673a0a"
"wgcna_tables","results/tables/06_modules_WGCNA/group_effects/microglia/selected_sus_res_supermodule_pca_selection_audit.csv","d2566720baa74bb43598d2f46ae394010b8dc64113e0be9fcf0703551afeb3b2"
"wgcna_tables","results/tables/06_modules_WGCNA/group_effects/microglia/supermodule_composition.csv","675c074a1b53c1542cfa103f60f3010a42317a83220ae259afb21e60d1b947b0"
"wgcna_tables","results/tables/06_modules_WGCNA/group_effects/microglia/supermodule_group_effects.csv","ff23fc74dc8dcc81ddfb49d8d18b89ab7e432f7ddd5532571505edbd7594d6e7"
"wgcna_tables","results/tables/06_modules_WGCNA/group_effects/microglia/supermodule_marker_trait_correlations.csv","ee863a4de210797240a6b9989fbc8fa5d417547e092262c3e0e3f29465c708cb"
"wgcna_tables","results/tables/06_modules_WGCNA/group_effects/microglia/supermodule_pca_eigenvalues.csv","0d8081cefc742b0d59d79cc9b8b2ef168dc428c3151ec188e62073f85643cbcd"
"wgcna_tables","results/tables/06_modules_WGCNA/group_effects/microglia/supermodule_pca_input_audit.csv","8267f9d0f5a28718752f244bab610cd33bd940ca0ba4807c5878bd226145eeb1"
"wgcna_tables","results/tables/06_modules_WGCNA/group_effects/microglia/supermodule_pca_member_loadings.csv","1563c444be36f573b4b4c376b7e6bc764aabebc7f5448602f4cc789b699ac71e"
"wgcna_tables","results/tables/06_modules_WGCNA/group_effects/microglia/WGCNA_group_effect_animal_spatial_unit_values.csv","6d2d74a03aaee2bd6864a7b6c656dc2773fcd76687648c75c1c57fcef2ccb24e"
"wgcna_tables","results/tables/06_modules_WGCNA/group_effects/microglia/WGCNA_group_effect_contract_status.csv","b3114d186824ff3488284a9305529f26feb51c2c305e4426f1f61cc506b7b2b0"
"wgcna_tables","results/tables/06_modules_WGCNA/group_effects/microglia/WGCNA_group_effect_downstream_consumer_migration_audit.csv","a2b83e42ea928e61f8983292c6a018e0e1b3128076960e6ae0d1d08624354a6d"
"wgcna_tables","results/tables/06_modules_WGCNA/group_effects/microglia/WGCNA_group_effect_endpoint_provenance.csv","1c5c793e4ef8de24fb1ff4310a690acf78c0b28bbfd00035f87f3cd80f6a263e"
"wgcna_tables","results/tables/06_modules_WGCNA/group_effects/microglia/WGCNA_group_effect_hemisphere_values.csv","b556fee0780766cfe6d7bac5021a3b19c1d301aab26726ef36546eade7a33953"
"wgcna_tables","results/tables/06_modules_WGCNA/group_effects/microglia/WGCNA_group_effect_interaction_conditional_followup.csv","a0ac8eb4be882bbb1da5ad0c4a2b582ca286aa19080599fa8ab6e0f01eec20e5"
"wgcna_tables","results/tables/06_modules_WGCNA/group_effects/microglia/WGCNA_group_effect_left_right_concordance.csv","b96e22fc7a696b9c6739b118236aa6ceac64b362ed61c581b42bd4fd6cac2e45"
"wgcna_tables","results/tables/06_modules_WGCNA/group_effects/microglia/WGCNA_group_effect_legacy_output_staleness_audit.csv","8f0e3800bcb34d7bd6da5fd49691a577fb4b9dc25df85087ba576ae9ba464393"
"wgcna_tables","results/tables/06_modules_WGCNA/group_effects/microglia/WGCNA_group_effect_model_validation.csv","2378ff8c1a3086a595a440302190ffaa4911d974d4ede991c0af6b67cefdf06b"
"wgcna_tables","results/tables/06_modules_WGCNA/group_effects/microglia/WGCNA_group_effect_sample_inclusion_audit.csv","49cb85b5c85c9499e4eb3e7910ef38559078e291f6e942afad8258f7e15ba156"
"wgcna_tables","results/tables/06_modules_WGCNA/group_effects/microglia/WGCNA_group_effect_sensitivity.csv","e334165fc05e80bf3586305c3d72c9818675d52304c68a415f08487d62a2f381"
"wgcna_tables","results/tables/06_modules_WGCNA/group_effects/neuron_neuropil/all_supermodule_contents_summary.csv","5e31676b8bd3fc19ce12e0daaee522b46ca4e74156e9579de362b75d0cb9eb89"
"wgcna_tables","results/tables/06_modules_WGCNA/group_effects/neuron_neuropil/all_supermodule_eigengene_group_significance.csv","60de9e1074bc61f332110e80494afe65cd07d1de1aa75ef87a49bfc81688c6b7"
"wgcna_tables","results/tables/06_modules_WGCNA/group_effects/neuron_neuropil/all_supermodule_eigengene_group_values.csv","6183d9897217114cde7ff529d321ee5761bfde667fd71a0621045ec8d81070d3"
"wgcna_tables","results/tables/06_modules_WGCNA/group_effects/neuron_neuropil/all_supermodule_eigengene_spatial_group_significance.csv","4bcad56df0a2d11a4686781ee10fa01d32713774d93b351d8096b2362d6fe927"
"wgcna_tables","results/tables/06_modules_WGCNA/group_effects/neuron_neuropil/all_supermodule_eigengene_spatial_group_values.csv","6183d9897217114cde7ff529d321ee5761bfde667fd71a0621045ec8d81070d3"
"wgcna_tables","results/tables/06_modules_WGCNA/group_effects/neuron_neuropil/all_supermodule_label_audit.csv","d93bd9969b76407a0201ddb480ae1273bf8186bee89f35f7b5b100d69fc9ca4b"
"wgcna_tables","results/tables/06_modules_WGCNA/group_effects/neuron_neuropil/all_supermodule_region_layer_cohend_effects.csv","d8d30341eff1e10d63e84af03c7b08c51274805b065d69745ba789ac428ac5ff"
"wgcna_tables","results/tables/06_modules_WGCNA/group_effects/neuron_neuropil/all_supermodule_region_layer_effects.csv","a3aef438c09a451774227a01406dd2664bea4c3e582c013a3e539dc9884da900"
"wgcna_tables","results/tables/06_modules_WGCNA/group_effects/neuron_neuropil/all_sus_res_supermodule_region_layer_effects.csv","4e5eafc4362d0f241406d439388ff3ae7c6f7db764789110df56fa516559c4a0"
"wgcna_tables","results/tables/06_modules_WGCNA/group_effects/neuron_neuropil/module_group_effects.csv","6559cd7bda591f473cf1edf19636c91c2ca7920cd193f4cfff08ddb18b829357"
"wgcna_tables","results/tables/06_modules_WGCNA/group_effects/neuron_neuropil/module_marker_trait_correlations.csv","19122ef226da507fd7566f76980f352bd2ab9e5c975e116473233158e5586a33"
"wgcna_tables","results/tables/06_modules_WGCNA/group_effects/neuron_neuropil/module_to_supermodule_map_with_annotations.csv","e80b9de7860f926bad43b317205a077dc69d8c40eb014e297be63b865777cfe5"
"wgcna_tables","results/tables/06_modules_WGCNA/group_effects/neuron_neuropil/selected_sus_res_supermodule_contents.csv","54cd7b37df27554f6d1ebb3672ccd5a2998a1c02321569b4fb4210dc90a31704"
"wgcna_tables","results/tables/06_modules_WGCNA/group_effects/neuron_neuropil/selected_sus_res_supermodule_contents_for_boss.csv","fab247285432497c9bb345d13eeefc4a6f7df045293b8223b0f9ead020329edf"
"wgcna_tables","results/tables/06_modules_WGCNA/group_effects/neuron_neuropil/selected_sus_res_supermodule_interpretation.csv","22e9d116fd49be8c14ae52aeab85d47557c170d48bb0d4516472bb5c05973f5b"
"wgcna_tables","results/tables/06_modules_WGCNA/group_effects/neuron_neuropil/selected_sus_res_supermodule_interpretation_summary.csv","22e9d116fd49be8c14ae52aeab85d47557c170d48bb0d4516472bb5c05973f5b"
"wgcna_tables","results/tables/06_modules_WGCNA/group_effects/neuron_neuropil/selected_sus_res_supermodule_pca_eigenvalues.csv","e97b89e2d382d15106b3595834fc72a964cba11b62381fec3e47730ff870d5e1"
"wgcna_tables","results/tables/06_modules_WGCNA/group_effects/neuron_neuropil/selected_sus_res_supermodule_pca_selection_audit.csv","206e021326d8bcad01b9c909fcd8e3dc90a7a1f0827940af9fe1f91bff93805b"
"wgcna_tables","results/tables/06_modules_WGCNA/group_effects/neuron_neuropil/supermodule_composition.csv","023195e2ad5ac8c11801e70ad61a157696a8a7a33d1c91985389f83f5befc0b0"
"wgcna_tables","results/tables/06_modules_WGCNA/group_effects/neuron_neuropil/supermodule_group_effects.csv","386fee13b66a47d6f34de7ce70542926a1dc28fa7c2e067ab1d8fdc73b96f10e"
"wgcna_tables","results/tables/06_modules_WGCNA/group_effects/neuron_neuropil/supermodule_marker_trait_correlations.csv","f30dc655db5e836bbe0ea030758a33764efd0044078f82578549af3a5effae9b"
"wgcna_tables","results/tables/06_modules_WGCNA/group_effects/neuron_neuropil/supermodule_pca_eigenvalues.csv","8830280123711296644152723d8932f58e205b8e1710bb84209fd1cee20cdefd"
"wgcna_tables","results/tables/06_modules_WGCNA/group_effects/neuron_neuropil/supermodule_pca_input_audit.csv","1523e7e9b2784f8796dbbdf606e8f2179a0ab53caeb183ca24ec9e98a82a1f0c"
"wgcna_tables","results/tables/06_modules_WGCNA/group_effects/neuron_neuropil/supermodule_pca_member_loadings.csv","a2336698fed7c2ed78dfd05405dbf3b4d89805bb3030fa820978c9ab3ddbbe73"
"wgcna_tables","results/tables/06_modules_WGCNA/group_effects/neuron_neuropil/WGCNA_group_effect_animal_spatial_unit_values.csv","8dde0ba3fed733f7abbc97d0149cfcc44ef03f56595f5726820569ded4b6eaae"
"wgcna_tables","results/tables/06_modules_WGCNA/group_effects/neuron_neuropil/WGCNA_group_effect_contract_status.csv","c6c710768f6e39e1391443c2708f616dcbdf48841f02d42cc611b4323afc853c"
"wgcna_tables","results/tables/06_modules_WGCNA/group_effects/neuron_neuropil/WGCNA_group_effect_downstream_consumer_migration_audit.csv","a2b83e42ea928e61f8983292c6a018e0e1b3128076960e6ae0d1d08624354a6d"
"wgcna_tables","results/tables/06_modules_WGCNA/group_effects/neuron_neuropil/WGCNA_group_effect_endpoint_provenance.csv","553bce0b1cabf6dcad65e37743337b0c58a9643f7555b80a362181e8587910f0"
"wgcna_tables","results/tables/06_modules_WGCNA/group_effects/neuron_neuropil/WGCNA_group_effect_hemisphere_values.csv","510425ac0b4f484d3ca59c3fb76fafbbd5fb083e8a6c3064fe5eab1881110003"
"wgcna_tables","results/tables/06_modules_WGCNA/group_effects/neuron_neuropil/WGCNA_group_effect_interaction_conditional_followup.csv","fab81c7b7c8845330e116b66922e1778130396f4ebc330d52afdff1ec9a2c6a7"
"wgcna_tables","results/tables/06_modules_WGCNA/group_effects/neuron_neuropil/WGCNA_group_effect_left_right_concordance.csv","c1ef1bf8d514616bcd864f8971cc7a55269ccafc998178d019b1c0d509ee5ccb"
"wgcna_tables","results/tables/06_modules_WGCNA/group_effects/neuron_neuropil/WGCNA_group_effect_legacy_output_staleness_audit.csv","c8b5673efa9db7ab5d7a866e400100807f21700c537d61933364e66eca4de284"
"wgcna_tables","results/tables/06_modules_WGCNA/group_effects/neuron_neuropil/WGCNA_group_effect_model_validation.csv","fee2afc4a54fb774a98d71345309d404888d31e9fd4c9b4f1eab5504d03df073"
"wgcna_tables","results/tables/06_modules_WGCNA/group_effects/neuron_neuropil/WGCNA_group_effect_sample_inclusion_audit.csv","9add75b9adef8070e8884c1bcf277c860081654ffc86cbb1efecc2e58fe2ce56"
"wgcna_tables","results/tables/06_modules_WGCNA/group_effects/neuron_neuropil/WGCNA_group_effect_sensitivity.csv","71cdd4062a2bd0cc8f00b7e51db0cd01e35ac07e9039cdd13b22374737577b7e"
"wgcna_tables","results/tables/06_modules_WGCNA/group_effects/neuron_soma/all_supermodule_contents_summary.csv","517fe60a3ba90db9fd477e79a176e548ef00a141bbd5b86257e5fe050827c8fc"
"wgcna_tables","results/tables/06_modules_WGCNA/group_effects/neuron_soma/all_supermodule_eigengene_group_significance.csv","60de9e1074bc61f332110e80494afe65cd07d1de1aa75ef87a49bfc81688c6b7"
"wgcna_tables","results/tables/06_modules_WGCNA/group_effects/neuron_soma/all_supermodule_eigengene_group_values.csv","7bacedc4bdfd1cc75f6c889dcca1a2391cb7fe29f310825268f1d97cc454cf43"
"wgcna_tables","results/tables/06_modules_WGCNA/group_effects/neuron_soma/all_supermodule_eigengene_spatial_group_significance.csv","60de9e1074bc61f332110e80494afe65cd07d1de1aa75ef87a49bfc81688c6b7"
"wgcna_tables","results/tables/06_modules_WGCNA/group_effects/neuron_soma/all_supermodule_eigengene_spatial_group_values.csv","7bacedc4bdfd1cc75f6c889dcca1a2391cb7fe29f310825268f1d97cc454cf43"
"wgcna_tables","results/tables/06_modules_WGCNA/group_effects/neuron_soma/all_supermodule_label_audit.csv","76258dac80c72c3babd2c9bc97dffbb3f3c2f25e0af4716b00f8fdbd31fa869a"
"wgcna_tables","results/tables/06_modules_WGCNA/group_effects/neuron_soma/all_supermodule_region_layer_cohend_effects.csv","e70cf14e153ed478a69800beab69f03aaa6e3adaeb0f1c207962e36a7be6fd04"
"wgcna_tables","results/tables/06_modules_WGCNA/group_effects/neuron_soma/all_supermodule_region_layer_effects.csv","25018f6d53df7bd374e44e596bd63da5fc002aa7da7a194995c9366945c5f839"
"wgcna_tables","results/tables/06_modules_WGCNA/group_effects/neuron_soma/all_sus_res_supermodule_region_layer_effects.csv","93f6b58dedefad11d83a295b30b36ddf47e1610d38a49f9fa247ae206eafd0eb"
"wgcna_tables","results/tables/06_modules_WGCNA/group_effects/neuron_soma/module_group_effects.csv","b4b419e059d2b82c42ad39c8d2fc96e8a463dbe714136e81c4041c0531773459"
"wgcna_tables","results/tables/06_modules_WGCNA/group_effects/neuron_soma/module_marker_trait_correlations.csv","fcb07e3d94da45b4142720f9b2884391e61d934d95aab0c9f2096528862eeace"
"wgcna_tables","results/tables/06_modules_WGCNA/group_effects/neuron_soma/module_to_supermodule_map_with_annotations.csv","a97bee955395146290105c5114779acc362a26ad3caedfb586c1086fe3e8b325"
"wgcna_tables","results/tables/06_modules_WGCNA/group_effects/neuron_soma/selected_sus_res_supermodule_contents.csv","9c1e55b597ef43d02d8d385ecef9038dd966ac6b4e4190e1ac44410e0a4e42ee"
"wgcna_tables","results/tables/06_modules_WGCNA/group_effects/neuron_soma/selected_sus_res_supermodule_contents_for_boss.csv","36e382b286f39069359034c4dc0870ae2e3f04a57692e22c6102e86cc0c0b886"
"wgcna_tables","results/tables/06_modules_WGCNA/group_effects/neuron_soma/selected_sus_res_supermodule_interpretation.csv","2c4648b9e13b5d6e3d09f9c7363052b60806cd1034b979d2883f21cff9e9ea99"
"wgcna_tables","results/tables/06_modules_WGCNA/group_effects/neuron_soma/selected_sus_res_supermodule_interpretation_summary.csv","2c4648b9e13b5d6e3d09f9c7363052b60806cd1034b979d2883f21cff9e9ea99"
"wgcna_tables","results/tables/06_modules_WGCNA/group_effects/neuron_soma/selected_sus_res_supermodule_pca_eigenvalues.csv","7f32625ad0d327110c4749c2df032b440c6b8682eba2817c3935845bf033d0db"
"wgcna_tables","results/tables/06_modules_WGCNA/group_effects/neuron_soma/selected_sus_res_supermodule_pca_selection_audit.csv","11bc59480daada49b17b017f0b918a2f1c98919045e09f60e61b96f8b05b918d"
"wgcna_tables","results/tables/06_modules_WGCNA/group_effects/neuron_soma/supermodule_composition.csv","714eaf02072d81ba0ef566f902611de299f5f513a757f5edeeea8f993eb188e5"
"wgcna_tables","results/tables/06_modules_WGCNA/group_effects/neuron_soma/supermodule_group_effects.csv","4cd0c0c793a6fb11c33007aab322952f9df9fb342910ef5d0687d1333d6a6eb1"
"wgcna_tables","results/tables/06_modules_WGCNA/group_effects/neuron_soma/supermodule_marker_trait_correlations.csv","d652c32bbd830a12b09f893ea206fe77a5411dcdcf237934c94558e8557a6dbc"
"wgcna_tables","results/tables/06_modules_WGCNA/group_effects/neuron_soma/supermodule_pca_eigenvalues.csv","99dc20096bbe640c5241c54eb2608fef4e022da607ca4ea0df55b0e45f4a4db6"
"wgcna_tables","results/tables/06_modules_WGCNA/group_effects/neuron_soma/supermodule_pca_input_audit.csv","ec32415e9ce8b06f2929a48562ca8ed92b591371c939722d3323d654b34c6440"
"wgcna_tables","results/tables/06_modules_WGCNA/group_effects/neuron_soma/supermodule_pca_member_loadings.csv","595e08c159bb52602b2e06c4bd4b30c1aabec56a02861a57fc4298d1a0a6e8dc"
"wgcna_tables","results/tables/06_modules_WGCNA/group_effects/neuron_soma/WGCNA_group_effect_animal_spatial_unit_values.csv","1da5d3de02a17ad77fb44830119a528708a164967296928d5bdb02cbe6f7b66a"
"wgcna_tables","results/tables/06_modules_WGCNA/group_effects/neuron_soma/WGCNA_group_effect_contract_status.csv","bc188838df95fb5390ccfdfd4f333a5371e4032ebb6ec3df6b95b6e14618f78a"
"wgcna_tables","results/tables/06_modules_WGCNA/group_effects/neuron_soma/WGCNA_group_effect_downstream_consumer_migration_audit.csv","a2b83e42ea928e61f8983292c6a018e0e1b3128076960e6ae0d1d08624354a6d"
"wgcna_tables","results/tables/06_modules_WGCNA/group_effects/neuron_soma/WGCNA_group_effect_endpoint_provenance.csv","ecde689456e9395caed376a8487a818b2959bcf3f6c3995f712171100d994ba9"
"wgcna_tables","results/tables/06_modules_WGCNA/group_effects/neuron_soma/WGCNA_group_effect_hemisphere_values.csv","4e17aad3a957dd940a9360f65f20cb0c7a2092cb7e76c1bad5f7eea554a8ddd2"
"wgcna_tables","results/tables/06_modules_WGCNA/group_effects/neuron_soma/WGCNA_group_effect_interaction_conditional_followup.csv","3ff5cc62b33e9a097f8dcec7e5dd388568142e046403721e349960c890c57a9a"
"wgcna_tables","results/tables/06_modules_WGCNA/group_effects/neuron_soma/WGCNA_group_effect_left_right_concordance.csv","37f885a8f34f845909734db580ce975e9cce2afd0a0566f3cb9666b8bbe7bcb1"
"wgcna_tables","results/tables/06_modules_WGCNA/group_effects/neuron_soma/WGCNA_group_effect_legacy_output_staleness_audit.csv","3c7ae85cff6f52d0a2afa078da1db3788c37e9741e82aa26caa928d1c5d10315"
"wgcna_tables","results/tables/06_modules_WGCNA/group_effects/neuron_soma/WGCNA_group_effect_model_validation.csv","413dfa3b841c4b94796baa70d0d6ed5a5381e2b367475f5831901329463d1899"
"wgcna_tables","results/tables/06_modules_WGCNA/group_effects/neuron_soma/WGCNA_group_effect_sample_inclusion_audit.csv","bde6034a2dbd7fa9fe1c8834dc41bd11a6c7bf14c3c3ace5c634dfdadcd2076e"
"wgcna_tables","results/tables/06_modules_WGCNA/group_effects/neuron_soma/WGCNA_group_effect_sensitivity.csv","1909275b54599636b4ba8a967158edd9af6aa66369f6d79cdb5200cd29478647"
"wgcna_tables","results/tables/06_modules_WGCNA/identity_contract/microglia/WGCNA_downstream_identity_compatibility_audit.csv","fc4a518b6e036d07a5067358a91f8ee907a03bee3e48db12032798ffc47db24e"
"wgcna_tables","results/tables/06_modules_WGCNA/identity_contract/microglia/WGCNA_entity_identity_contract.csv","b632ce469076a0f2e1793512ec3b0a8ebb89e125b15baf2338ea8c42c60de1b6"
"wgcna_tables","results/tables/06_modules_WGCNA/identity_contract/microglia/WGCNA_identity_contract_status.csv","15a7ba6e0e6ecfd7d99a16be86b13e78fc44d4ca29a2da86190a270c449e2a6c"
"wgcna_tables","results/tables/06_modules_WGCNA/identity_contract/microglia/WGCNA_identity_source_hashes.csv","533fa62f67e355f24771232a5c153b7968134d026c3c9fa5b96270dfac09aae7"
"wgcna_tables","results/tables/06_modules_WGCNA/identity_contract/microglia/WGCNA_identity_validation.csv","05820ec14eef8e104a66ff68bb81eef820f0794fb4b98633881195987af34d39"
"wgcna_tables","results/tables/06_modules_WGCNA/identity_contract/microglia/WGCNA_module_supermodule_membership_contract.csv","bcbc78a95b899c6b3cc8a2b0a3be57aaf7d90a8fa225adabb866090fbfdbf884"
"wgcna_tables","results/tables/06_modules_WGCNA/identity_contract/neuron_neuropil/WGCNA_downstream_identity_compatibility_audit.csv","cfe7b916ce8a7f2dd12f6ddec456bd8618a468f5a929bbe40ee6e8500fa777e5"
"wgcna_tables","results/tables/06_modules_WGCNA/identity_contract/neuron_neuropil/WGCNA_entity_identity_contract.csv","a844dc996d69977b283f189ff9f83907db776e136d3b90af5d2b1260fe0b1366"
"wgcna_tables","results/tables/06_modules_WGCNA/identity_contract/neuron_neuropil/WGCNA_identity_contract_status.csv","afd8ee5e72d30ff37ede4d99f118191a5e77bae9e7dd974187f78a2a3289a9dd"
"wgcna_tables","results/tables/06_modules_WGCNA/identity_contract/neuron_neuropil/WGCNA_identity_source_hashes.csv","36fe7f443fbabaf8f6e3fce23de427dde422b7c7984c74fb9209606a0b232750"
"wgcna_tables","results/tables/06_modules_WGCNA/identity_contract/neuron_neuropil/WGCNA_identity_validation.csv","443f4c187796e6b47cc74a2da1b1f5e373fdc3f7146dc0767eb36bdfbe60a9df"
"wgcna_tables","results/tables/06_modules_WGCNA/identity_contract/neuron_neuropil/WGCNA_module_supermodule_membership_contract.csv","5fe2324a94458bebc5d2d5c1d77b11329e12a5b1bb1e78f797e26c336db9a082"
"wgcna_tables","results/tables/06_modules_WGCNA/identity_contract/neuron_soma/WGCNA_downstream_identity_compatibility_audit.csv","55968c31291318786c91156918b51adba0514aaeb0183141ec81784c0bc61129"
"wgcna_tables","results/tables/06_modules_WGCNA/identity_contract/neuron_soma/WGCNA_entity_identity_contract.csv","1643dce782b422fe4e5e2bdc414c5a4f4df29c2f396f314553b63c853b01b41a"
"wgcna_tables","results/tables/06_modules_WGCNA/identity_contract/neuron_soma/WGCNA_identity_contract_status.csv","4ae941246e65af633fe6e696f1fb8a3c5001e46b0342f422e10abcf0556de770"
"wgcna_tables","results/tables/06_modules_WGCNA/identity_contract/neuron_soma/WGCNA_identity_source_hashes.csv","ae8505fc442c08a3eb4e0bfcd8a872508e579e09b525b9fb07da29309ee9885f"
"wgcna_tables","results/tables/06_modules_WGCNA/identity_contract/neuron_soma/WGCNA_identity_validation.csv","589705282a1261899dd82f54ef5e0a482b4062a463c57bd3bacb201005859a3d"
"wgcna_tables","results/tables/06_modules_WGCNA/identity_contract/neuron_soma/WGCNA_module_supermodule_membership_contract.csv","3f9a72ddbab91b5122973e08ca72a01ba1694811370d098e20e29e478ef37f8c"
"wgcna_tables","results/tables/06_modules_WGCNA/interpretable_summary/all/WGCNA_cross_dataset_supermodule_program_summary.csv","65e66a37e0809e87288bb3f9271dde2a800a662b74321e23f2e41f42cbbabeaa"
"wgcna_tables","results/tables/06_modules_WGCNA/interpretable_summary/microglia/WGCNA_final_label_lookup.csv","0c0c6ba11ef199eb2def45b6e2b41d8f295d254ea606107ba9561ca3fb4bd0a0"
"wgcna_tables","results/tables/06_modules_WGCNA/interpretable_summary/microglia/WGCNA_inferential_handoff.csv","b20b6b5e599893348a01b9611eb2aaee976ff597bbd608ddfd8359ea400d383e"
"wgcna_tables","results/tables/06_modules_WGCNA/interpretable_summary/microglia/WGCNA_interaction_conditional_followup_interpretable.csv","e1735bd90276b0c979a6806352751447d3dd4d5d77c4c04a60161e018edb5941"
"wgcna_tables","results/tables/06_modules_WGCNA/interpretable_summary/microglia/WGCNA_interpretable_summary.xlsx","6d5a619afd5b4b83cbb8ca266c6c1acdbf422c94d267de6044d814e015185dfd"
"wgcna_tables","results/tables/06_modules_WGCNA/interpretable_summary/microglia/WGCNA_label_candidates.csv","a29604100f0748627600509319a15684c9c7d75ce754f4a1c03f602b35b2a711"
"wgcna_tables","results/tables/06_modules_WGCNA/interpretable_summary/microglia/WGCNA_module_group_effects_interpretable.csv","f9bb8b9a559a6fa50762aaf0dd29e7d44fd64ec9c670e78ae40f0bbf7677bf02"
"wgcna_tables","results/tables/06_modules_WGCNA/interpretable_summary/microglia/WGCNA_module_plot_label_qc.csv","7be8b4bcd3292e36ac110b3505375437599cefc7ae24cdc0319a12f6eb26296e"
"wgcna_tables","results/tables/06_modules_WGCNA/interpretable_summary/microglia/WGCNA_module_supermodule_join_qc.csv","1defc7b34644db2151de7f12fade9fff661dd1952751b26550955474b72a7d0d"
"wgcna_tables","results/tables/06_modules_WGCNA/interpretable_summary/microglia/WGCNA_module_supermodule_label_qc.csv","f00cba692aa36c00f827057b4d95487f567c4eb4a3fbb24ac2bf73957e46231e"
"wgcna_tables","results/tables/06_modules_WGCNA/interpretable_summary/microglia/WGCNA_spatial_organization_summary.csv","54aca9684519408d7f5d5318924621e422e2398ee65df24880219d8d9374745b"
"wgcna_tables","results/tables/06_modules_WGCNA/interpretable_summary/microglia/WGCNA_supermodule_group_effects_interpretable.csv","5ae5553cef96df3a7037e4b03dad4d14fd003df84248adc0e5e6d29e364adda4"
"wgcna_tables","results/tables/06_modules_WGCNA/interpretable_summary/microglia/WGCNA_supermodule_label_audit.csv","e12a4c8ddab6fcf1e12eff61eaf0c7a628e64af5a7b225c7e7f4642821465b0d"
"wgcna_tables","results/tables/06_modules_WGCNA/interpretable_summary/microglia/WGCNA_supermodule_plot_label_qc.csv","aa33a98dcb19131f79d50c759067bec8520b59d7ea51b57450c9405935d47ecb"
"wgcna_tables","results/tables/06_modules_WGCNA/interpretable_summary/microglia/WGCNA_top_changed_supermodules.csv","a21c980c9052646275a3abf45e9d27448bcaa3a4823e5d594819027d0d592995"
"wgcna_tables","results/tables/06_modules_WGCNA/interpretable_summary/neuron_neuropil/WGCNA_final_label_lookup.csv","1dda4ca430b79aa1278fc4f00629d8838b5aaae6ea6a81280ab7bef5c5abd7e1"
"wgcna_tables","results/tables/06_modules_WGCNA/interpretable_summary/neuron_neuropil/WGCNA_inferential_handoff.csv","72ccca41801c72591dcf3035d28cb0f883e38998c745a1cc75a86114c26439aa"
"wgcna_tables","results/tables/06_modules_WGCNA/interpretable_summary/neuron_neuropil/WGCNA_interaction_conditional_followup_interpretable.csv","5261ac0ff2ab54cab69d61ef57f5c28c4b9f6cdd9de5238af4f0e3c3af630fa0"
"wgcna_tables","results/tables/06_modules_WGCNA/interpretable_summary/neuron_neuropil/WGCNA_interpretable_summary.xlsx","68b2df4a1da2b31b8207b26fe9ea4257ce6fc5cc579ec930d9e2e4c3d7fbae57"
"wgcna_tables","results/tables/06_modules_WGCNA/interpretable_summary/neuron_neuropil/WGCNA_label_candidates.csv","d8c63632bef38ab3b0bfc85a7c33715c55b66d49ecda3b37546d8b095a9558ea"
"wgcna_tables","results/tables/06_modules_WGCNA/interpretable_summary/neuron_neuropil/WGCNA_module_group_effects_interpretable.csv","22093f3177a09d4962ede7e078ddfe59d5ee1c6a2087363b1a6572a45c675468"
"wgcna_tables","results/tables/06_modules_WGCNA/interpretable_summary/neuron_neuropil/WGCNA_module_plot_label_qc.csv","ac39a86a58d4ba3e7febc7cb0d7af644ed3b5b7ce08a58a8bbb7c2d4af5e6c64"
"wgcna_tables","results/tables/06_modules_WGCNA/interpretable_summary/neuron_neuropil/WGCNA_module_supermodule_join_qc.csv","4a063b417c6f1f51347342e9e1d76ec6545196901999e776d9580740b9224488"
"wgcna_tables","results/tables/06_modules_WGCNA/interpretable_summary/neuron_neuropil/WGCNA_module_supermodule_label_qc.csv","e11b9760859f942ec84119b4da19ad50b379e11759739c0c2973e534b61bb9ad"
"wgcna_tables","results/tables/06_modules_WGCNA/interpretable_summary/neuron_neuropil/WGCNA_spatial_organization_summary.csv","0570e190ce73dd67ac22b59fd9f8f064f3834e7182d0ce78a0a85f8868050a1d"
"wgcna_tables","results/tables/06_modules_WGCNA/interpretable_summary/neuron_neuropil/WGCNA_supermodule_group_effects_interpretable.csv","f9b9aa6f3306e283f96443b9f16a2870a99aadb9d5e23815e1aec5f6aecb3436"
"wgcna_tables","results/tables/06_modules_WGCNA/interpretable_summary/neuron_neuropil/WGCNA_supermodule_label_audit.csv","c2e94eb03ddd151937df6b80baff1dbaca76fcfc6dfad3b58284dc492214c873"
"wgcna_tables","results/tables/06_modules_WGCNA/interpretable_summary/neuron_neuropil/WGCNA_supermodule_plot_label_qc.csv","7a77c904087f78204c160623fd26848eea96a5430ea9b88edb74f948fc943742"
"wgcna_tables","results/tables/06_modules_WGCNA/interpretable_summary/neuron_neuropil/WGCNA_top_changed_supermodules.csv","a21c980c9052646275a3abf45e9d27448bcaa3a4823e5d594819027d0d592995"
"wgcna_tables","results/tables/06_modules_WGCNA/interpretable_summary/neuron_soma/WGCNA_final_label_lookup.csv","eb9a3d7fbc22bbc2e608e15295f97b414f93be3746ef8767a21ce82914320367"
"wgcna_tables","results/tables/06_modules_WGCNA/interpretable_summary/neuron_soma/WGCNA_inferential_handoff.csv","e9c3775bc27ebb0c3de3d4d109ecb034d65692a0c9e47c7f2801083d88416901"
"wgcna_tables","results/tables/06_modules_WGCNA/interpretable_summary/neuron_soma/WGCNA_interaction_conditional_followup_interpretable.csv","05cdc70fabd27f469096261ca85e13c392cd8dc925aab47ab33cb07db6b13c06"
"wgcna_tables","results/tables/06_modules_WGCNA/interpretable_summary/neuron_soma/WGCNA_interpretable_summary.xlsx","94c088f6cad37ede8fbfa317fc043607b3bb428bd77be13619bf4c1b309ad864"
"wgcna_tables","results/tables/06_modules_WGCNA/interpretable_summary/neuron_soma/WGCNA_label_candidates.csv","2d29dcff6d64486d542350afa63cfea2d610d1685b6ef6e046fcc655e1605fcb"
"wgcna_tables","results/tables/06_modules_WGCNA/interpretable_summary/neuron_soma/WGCNA_module_group_effects_interpretable.csv","f2d66f9868085ae21b11f518ff857e25cb165dea57f25ff978aed86c90444316"
"wgcna_tables","results/tables/06_modules_WGCNA/interpretable_summary/neuron_soma/WGCNA_module_plot_label_qc.csv","0e7dd9c24ea8b826cb7f2f53e78034cbf9940125747668dddf075aadf4b1887a"
"wgcna_tables","results/tables/06_modules_WGCNA/interpretable_summary/neuron_soma/WGCNA_module_supermodule_join_qc.csv","7d5838bdb3557eb00667af030187dc497d8d9bfbac58882064ffe40c9cf55646"
"wgcna_tables","results/tables/06_modules_WGCNA/interpretable_summary/neuron_soma/WGCNA_module_supermodule_label_qc.csv","7802d68135e79dac57e78af7d9a1abbf1110fb27df405e3a32cf9bc48c7eefd2"
"wgcna_tables","results/tables/06_modules_WGCNA/interpretable_summary/neuron_soma/WGCNA_spatial_organization_summary.csv","1d9f5048dfb95f674e3ce6e3183b129e6d12afebf9008cbe7603a79451eb5c10"
"wgcna_tables","results/tables/06_modules_WGCNA/interpretable_summary/neuron_soma/WGCNA_supermodule_group_effects_interpretable.csv","720968fb2c8370aebc3c4534a1902f569b9218c7d755152cc31ac72770d872c3"
"wgcna_tables","results/tables/06_modules_WGCNA/interpretable_summary/neuron_soma/WGCNA_supermodule_label_audit.csv","4d6b199aba13e2ec5d36f91b6a2ef27c8853867990c6be52c9e4cdec8361d22d"
"wgcna_tables","results/tables/06_modules_WGCNA/interpretable_summary/neuron_soma/WGCNA_supermodule_plot_label_qc.csv","a9919f354020a59b82d5390da71345a2210b2bfb6d2f338b5fbad289fc5dae9d"
"wgcna_tables","results/tables/06_modules_WGCNA/interpretable_summary/neuron_soma/WGCNA_top_changed_supermodules.csv","37695806bc6d8459e53982531946fdb37e83277f92ddba3793b86eda67770afd"
"wgcna_tables","results/tables/06_modules_WGCNA/microglia_neuropil_independence/microglia/microglia_module_neuropil_independence_classification.csv","8890548aee10659dfb490815efb45a0ddb291d1dcbb3a0161c36d6b4653a5b84"
"wgcna_tables","results/tables/06_modules_WGCNA/microglia_neuropil_independence/microglia/microglia_neuropil_independence.xlsx","962caa7a4b1117af53b4d850eef69fb86d2f0007efe04d29204e9a7eee9ffed5"
"wgcna_tables","results/tables/06_modules_WGCNA/microglia_neuropil_independence/microglia/microglia_neuropil_independence_effects.csv","cb796f4860c58aacb8b56a80f8a44d64d9eb3647acb3cf26f5a918fc2aa2c433"
"wgcna_tables","results/tables/06_modules_WGCNA/microglia_neuropil_independence/microglia/microglia_neuropil_matching_diagnostics.csv","c039defd33ce9494f6b387516d53f62f6874440d87dd06ecefd568a9fc3148fc"
"wgcna_tables","results/tables/06_modules_WGCNA/microglia_neuropil_independence/microglia/microglia_targeted_signature_neuropil_independence_effects.csv","7a012b8b479e8a7e0bcafd6ec91b3740d546ec4583ead084eb79c5073d5156f2"
"wgcna_tables","results/tables/06_modules_WGCNA/microglia_neuropil_independence/microglia/WGCNA_module_group_effects_interpretable_with_neuropil_independence.csv","67857eacc3f155ed6bcdf9d366c55a8c8d727cd2f5921e50a0a4e4cee024f959"
"wgcna_tables","results/tables/06_modules_WGCNA/microglia_neuropil_independence/microglia/WGCNA_module_inferential_handoff_with_neuropil_independence.csv","7830a7446bb0e1d4094cd87a5eaf318d70912889ff5cfd731f095288e5214899"
"wgcna_tables","results/tables/06_modules_WGCNA/microglia_roi_specificity/microglia/microglia_cross_compartment_module_overlap.csv","dbefbbf6adbfbdd81c0beef130d28bf485fc08b987156d334d6fac447cf3da9a"
"wgcna_tables","results/tables/06_modules_WGCNA/microglia_roi_specificity/microglia/microglia_matched_neuropil_coupling_long.csv","8a24c93bd3bcf21cc5cd503864bac4373efb67eeab64f3d88da14462fea444e1"
"wgcna_tables","results/tables/06_modules_WGCNA/microglia_roi_specificity/microglia/microglia_roi_specificity_source_for_plot.csv","9fcfdf2ed7ee05252c7328c411887c6a8ccbc3badc41e122d0e98c4f20df5ca1"
"wgcna_tables","results/tables/06_modules_WGCNA/microglia_roi_specificity/microglia/microglia_roi_specificity_summary.csv","fd1b1341f7f6aabb3946128af8e1aaaa84270001b6dbcd7c070f2855b2130faf"
"wgcna_tables","results/tables/06_modules_WGCNA/module_annotation/microglia/WGCNA_module_biological_annotation.csv","603cca8140f2de60933641e825db9e75773e6e8762a8df1df9e2723e47d7d07b"
"wgcna_tables","results/tables/06_modules_WGCNA/module_annotation/microglia/WGCNA_module_microenvironment_annotation.xlsx","c24436c43097998a00af9ee6b6322cc18f7f1a58fbe05e3340ca6964d9c274bb"
"wgcna_tables","results/tables/06_modules_WGCNA/module_annotation/microglia/WGCNA_module_targeted_microglia_signature_overlap_source.csv","0f1d6e8e12a5c6b0d870bf251d483f8dea04844cab869bc695097425aa437f0b"
"wgcna_tables","results/tables/06_modules_WGCNA/module_annotation/microglia/WGCNA_module_targeted_microglia_signature_overlap_summary_source.csv","8fb4509439fc0dae109299888e855f0168eb0bcf853cde4bb07dbf733a6784af"
"wgcna_tables","results/tables/06_modules_WGCNA/module_annotation/microglia/WGCNA_module_targeted_signature_overlap_details.csv","7da39d3748bb7326e8b4e5fc3ba44bc7c2abbe6aa6ff4e4c69a7f512f2c58820"
"wgcna_tables","results/tables/06_modules_WGCNA/module_annotation/microglia/WGCNA_supermodule_biological_annotation.csv","463fab9b1ab2dde5a33c7cf4c7e1d050117c8591d34d32cc761462c0eabccbfd"
"wgcna_tables","results/tables/06_modules_WGCNA/module_annotation/microglia/WGCNA_supermodule_display_label_audit.csv","32efd579e839b1ccea9a6214e68a441075417a789c51fba5cf296962a9c96194"
"wgcna_tables","results/tables/06_modules_WGCNA/module_annotation/microglia/WGCNA_supermodule_microenvironment_composition_source.csv","604bfd4ae4c6d7d00604346fc07dbea09993f81c6922560fe5c2b97bb8b3004a"
"wgcna_tables","results/tables/06_modules_WGCNA/module_annotation/neuron_neuropil/WGCNA_module_biological_annotation.csv","ef94c578d52a25b73b6a70f03b964008a2b51a981881984a96bdaf6f8cfb7a96"
"wgcna_tables","results/tables/06_modules_WGCNA/module_annotation/neuron_neuropil/WGCNA_module_microenvironment_annotation.xlsx","d33c64dee6ed2292f84571cf6ee191dc216bcd89c856e139923ffab957ae7471"
"wgcna_tables","results/tables/06_modules_WGCNA/module_annotation/neuron_neuropil/WGCNA_module_targeted_signature_overlap_details.csv","fe7fb12502e70fc0166c58c33e7b7a4f293f06f95ffd5fc6b331a8ca1253e76a"
"wgcna_tables","results/tables/06_modules_WGCNA/module_annotation/neuron_neuropil/WGCNA_supermodule_biological_annotation.csv","2168ee6180da9416f82a205b1d7e9209c3b61161c5cfd832a0d816a8c068e1c9"
"wgcna_tables","results/tables/06_modules_WGCNA/module_annotation/neuron_neuropil/WGCNA_supermodule_display_label_audit.csv","813f298dba1dd3748df8600adc26b8c063f4102faa88eeae99abebcb9628c1a2"
"wgcna_tables","results/tables/06_modules_WGCNA/module_annotation/neuron_neuropil/WGCNA_supermodule_microenvironment_composition_source.csv","ebe7eed27356e27b8325a70faceb738c27949a2418fd0b5fa293831cd0310fab"
"wgcna_tables","results/tables/06_modules_WGCNA/module_annotation/neuron_soma/WGCNA_module_biological_annotation.csv","62550851935a82a15ba4cdbed19087c738fcb75df1c8c8f1c44c2a80157145cb"
"wgcna_tables","results/tables/06_modules_WGCNA/module_annotation/neuron_soma/WGCNA_module_microenvironment_annotation.xlsx","ce657c9be8565c96498f31b5bdb090546302b45d9fc7136c6d4b38275d7cfcae"
"wgcna_tables","results/tables/06_modules_WGCNA/module_annotation/neuron_soma/WGCNA_module_targeted_signature_overlap_details.csv","fe7fb12502e70fc0166c58c33e7b7a4f293f06f95ffd5fc6b331a8ca1253e76a"
"wgcna_tables","results/tables/06_modules_WGCNA/module_annotation/neuron_soma/WGCNA_supermodule_biological_annotation.csv","2c6663569fe2bef1c8d10c7bcdca94756ded520016da5d5d1c020625ea3dd952"
"wgcna_tables","results/tables/06_modules_WGCNA/module_annotation/neuron_soma/WGCNA_supermodule_display_label_audit.csv","f77dda30fe1e3a97a521aabf77813b92ccbf14859869d0b797de2cb2a28281f3"
"wgcna_tables","results/tables/06_modules_WGCNA/module_annotation/neuron_soma/WGCNA_supermodule_microenvironment_composition_source.csv","436cbde09d02093cef92b89e6ac0363095df14c0340b7e9e455bfa2e0805c96b"
"wgcna_tables","results/tables/06_modules_WGCNA/module_complex_architecture/microglia/module_complex_architecture.csv","466300f2383207eb9e7f2a4f3c7d903adc47856141ab4c6e612b705b2977f69b"
"wgcna_tables","results/tables/06_modules_WGCNA/module_complex_architecture/neuron_neuropil/module_complex_architecture.csv","469bdc79663ded3dced606380ae0af40db8ee1928344977ff372a7a798af3a89"
"wgcna_tables","results/tables/06_modules_WGCNA/module_complex_architecture/neuron_soma/module_complex_architecture.csv","28ff88d144a3e6dbff9b33ed66df21483a97ca5a37b313afc2a8b12f767ada42"
"wgcna_tables","results/tables/06_modules_WGCNA/module_robustness_sensitivity/microglia/module_robustness_sensitivity.csv","7366466360746edbd1d2a16c82f8c74b023674d9e794956e0f9d7062e3a768d9"
"wgcna_tables","results/tables/06_modules_WGCNA/module_robustness_sensitivity/neuron_neuropil/module_robustness_sensitivity.csv","f9d5940221a8bfe1ca1b10a20be3e964d110a760b004a211899375de6840dcd7"
"wgcna_tables","results/tables/06_modules_WGCNA/module_robustness_sensitivity/neuron_soma/module_robustness_sensitivity.csv","2b67353d048561a3dc18bc5014f64017b740ef2babf82c92e48192a8183feb90"
"wgcna_tables","results/tables/06_modules_WGCNA/module_score/microglia/wgcna/general_neuropil_module_score_statistics_full.xlsx","af22940181a5d8eb595511296938e3b27739c8c6277c6afe6621d896eed91a94"
"wgcna_tables","results/tables/06_modules_WGCNA/module_score/microglia/wgcna/module_feature_mapping_trace.csv","f901a1f761815c8c87efdfce659db7e2c0d6430730760f6464fd10119cdaf06d"
"wgcna_tables","results/tables/06_modules_WGCNA/module_score/microglia/wgcna/module_gene_coverage.csv","8dbbe92ff77473a00003905546d3f54be9f66134c601dd9d5ba2a62ad6babb70"
"wgcna_tables","results/tables/06_modules_WGCNA/module_score/microglia/wgcna/module_score_correlations_primary_all_replicates.xlsx","241aab5365553c36331ca6a47e76af364b1bf2c16ef2e670d48cfee8aa258f79"
"wgcna_tables","results/tables/06_modules_WGCNA/module_score/microglia/wgcna/module_score_run_metadata.csv","f9e2c36c6d6c965191921591f0a07068940be5927591fa3bb84e7caa5c2aff75"
"wgcna_tables","results/tables/06_modules_WGCNA/module_score/microglia/wgcna/module_scores_eigengene_per_sample.csv","db2dd67528597b9244a33a48d6fec1ea5b3d1074fd1a990ac7348fedcf2962d9"
"wgcna_tables","results/tables/06_modules_WGCNA/module_score/microglia/wgcna/module_scores_eigengene_per_sample.xlsx","2d0ae6fb5925eb8e35e1f8d1f80b2d36b8db2f1e68d36a79dbce78e975965506"
"wgcna_tables","results/tables/06_modules_WGCNA/module_score/microglia/wgcna/module_scores_pca_sensitivity.csv","d5727b7582119a6640b993b64d741c884ff4b2de74f74bb8ff9579f20d242b58"
"wgcna_tables","results/tables/06_modules_WGCNA/module_score/microglia/wgcna/module_scores_pca_sensitivity.xlsx","338d22e90a3979beaf2490dea5d3083e2bd5511cc1456880fb19533e495cc5e1"
"wgcna_tables","results/tables/06_modules_WGCNA/module_score/microglia/wgcna/module_scores_per_animal_regionlayer_primary_all_replicates.csv","2750317c752b563e4e7a6bb07685c6ee1cf29c5e150fe6d72f78b5f9d331496d"
"wgcna_tables","results/tables/06_modules_WGCNA/module_score/microglia/wgcna/module_scores_per_animal_regionlayer_primary_all_replicates.xlsx","328e113cd66daa2a8b550cf809ebc44fbd0691b9a458250b7b138b98a3c1c55e"
"wgcna_tables","results/tables/06_modules_WGCNA/module_score/microglia/wgcna/module_scores_per_animal_regionlayer_sensitivity_flagged_replicates_removed.csv","186d0dcf4b53a07afb77288260c5fc45216fa4eaa8e851a2aac326b76138d435"
"wgcna_tables","results/tables/06_modules_WGCNA/module_score/microglia/wgcna/module_scores_per_animal_regionlayer_sensitivity_flagged_replicates_removed.xlsx","360869c376207362d627371abcac744d416dfe3773e4cbd8cae6e2a7fd4d19fe"
"wgcna_tables","results/tables/06_modules_WGCNA/module_score/microglia/wgcna/module_scores_per_sample.csv","137c43aa7a7041870d7e15d3dd0dd961d075c97324fc22d570f39179d59f50bd"
"wgcna_tables","results/tables/06_modules_WGCNA/module_score/microglia/wgcna/module_scores_per_sample.xlsx","fdee3eaa7e231f7ba9387b11383111b864e428cc95aa395a0d22f1321d7e5702"
"wgcna_tables","results/tables/06_modules_WGCNA/module_score/microglia/wgcna/module_scores_per_sample_sensitivity_flagged_replicates_removed.csv","f56e21005ef8c78e3532696b71856fc92ccb0a43e2cf75f47c385e7675dabf3f"
"wgcna_tables","results/tables/06_modules_WGCNA/module_score/microglia/wgcna/module_scores_per_sample_sensitivity_flagged_replicates_removed.xlsx","df268e2f1ad8734f3a9c9967eb8a7f9323d7478c11a9beed02e9fe17ad58a3e7"
"wgcna_tables","results/tables/06_modules_WGCNA/module_score/microglia/wgcna/supermodule_directional_consistency.csv","31394864934d4a578f3fabbf4234d95ad8c860bd0528bfe305f300618d1b10fd"
"wgcna_tables","results/tables/06_modules_WGCNA/module_score/microglia/wgcna/supermodule_directional_effects.csv","1551509001f7aee9aff8359bc59f3d76e7c33587763ce1675d24f990d5ab8c1c"
"wgcna_tables","results/tables/06_modules_WGCNA/module_score/microglia/wgcna/supermodule_score_composition.csv","d3fbf842de3e0051eeadcd84cb902e2a447060bce0681bb831aa7efcc2be51e4"
"wgcna_tables","results/tables/06_modules_WGCNA/module_score/microglia/wgcna/supermodule_score_composition.xlsx","d0adbfa0a942a78773a20256d27669a86b5ca4155e292d639f3e20b5873e278a"
"wgcna_tables","results/tables/06_modules_WGCNA/module_score/microglia/wgcna/supermodule_score_correlation_structure.csv","1ba481a4846ef5b8474b11621c68c6af9f96d34886f705e4b77384d1479c49ac"
"wgcna_tables","results/tables/06_modules_WGCNA/module_score/microglia/wgcna/supermodule_scores_eigengene_per_sample.csv","6d594081e34b7d065e40ebac7e0cd50a3f25857d2005c84f0efbd7a11edce857"
"wgcna_tables","results/tables/06_modules_WGCNA/module_score/microglia/wgcna/supermodule_scores_eigengene_per_sample.xlsx","3717d4235b06a2482e6263994288b969fecf83adbae49d459ca3a442fe8b47ed"
"wgcna_tables","results/tables/06_modules_WGCNA/module_score/microglia/wgcna/WGCNA_eigengene_module_score_statistics_full.xlsx","bf95b5d4166cc177b11473f9e2dd2ccd8e9dd049a804a68e0435729486227119"
"wgcna_tables","results/tables/06_modules_WGCNA/module_score/microglia/wgcna/WGCNA_supermodule_score_statistics_full.xlsx","d64c36af3ef078368d21715c2c5d471a0553876a2628e0e2069560df992c8766"
"wgcna_tables","results/tables/06_modules_WGCNA/module_score/microglia/wgcna/WGCNA_vs_overlap_module_overlap.csv","23cdaca94ecb110dee94b98eaf2d30597f86164489e11f562010be5ef0577b33"
"wgcna_tables","results/tables/06_modules_WGCNA/module_score/microglia/wgcna/WGCNA_vs_overlap_module_overlap.xlsx","07989f5df50cfa5dc3a70868790334df6118fa285bccf150fa7fae0189538347"
"wgcna_tables","results/tables/06_modules_WGCNA/module_score/neuron_neuropil/overlap/general_neuropil_module_score_statistics_full.xlsx","d94d1b16ac16ed645d570eba962f60dbb12de8a62fdfb04b7d5a4724ad71e09a"
"wgcna_tables","results/tables/06_modules_WGCNA/module_score/neuron_neuropil/overlap/module_feature_mapping_trace.csv","cc215fbb912bb31997f44354963ff6466984b7aed9c8727b951dd3f0384545ea"
"wgcna_tables","results/tables/06_modules_WGCNA/module_score/neuron_neuropil/overlap/module_gene_coverage.csv","6f4f09ea66b8fcb0d169a5a4ed63a0945f652c06738b6cf15aed3f0f56013388"
"wgcna_tables","results/tables/06_modules_WGCNA/module_score/neuron_neuropil/overlap/module_score_correlations_primary_all_replicates.xlsx","627926abd3b795c0ba67db7598a29e0880f428666d6424d4549490de0f48e88a"
"wgcna_tables","results/tables/06_modules_WGCNA/module_score/neuron_neuropil/overlap/module_score_run_metadata.csv","1033b4f687c6dbbcf875acee34ad687b80707d6050ebff7bc320b41d214720c1"
"wgcna_tables","results/tables/06_modules_WGCNA/module_score/neuron_neuropil/overlap/module_scores_pca_sensitivity.csv","c2ea1fbf863e79d8981016f5045b9824c88a7dce0f75b3c61a562cf175a0aa7a"
"wgcna_tables","results/tables/06_modules_WGCNA/module_score/neuron_neuropil/overlap/module_scores_pca_sensitivity.xlsx","68d04997137d84f45da197be3d84d21100eec11747be6025217f84e19e3813bb"
"wgcna_tables","results/tables/06_modules_WGCNA/module_score/neuron_neuropil/overlap/module_scores_per_animal_regionlayer_primary_all_replicates.csv","d33193bc5e575275d6759a6b7e921114e2537cc564506c1a36f88bcd09ebe0a8"
"wgcna_tables","results/tables/06_modules_WGCNA/module_score/neuron_neuropil/overlap/module_scores_per_animal_regionlayer_primary_all_replicates.xlsx","188c65b4d2fc377b83c6c5f79f4021954a60ccb2884162eeb6d86dc5ff7e55ab"
"wgcna_tables","results/tables/06_modules_WGCNA/module_score/neuron_neuropil/overlap/module_scores_per_animal_regionlayer_sensitivity_flagged_replicates_removed.csv","abcb16d150363548eaf41c84e7e4a36941135bd1124b004ba4cf6d68fa5c536e"
"wgcna_tables","results/tables/06_modules_WGCNA/module_score/neuron_neuropil/overlap/module_scores_per_animal_regionlayer_sensitivity_flagged_replicates_removed.xlsx","dfe5233c0e185e2c9b9aa008df9b44ff3da79d02150759e17bf46d3cfdb252d4"
"wgcna_tables","results/tables/06_modules_WGCNA/module_score/neuron_neuropil/overlap/module_scores_per_sample.csv","4f5f25600c67de9eef9e6661d01f0b90a388b670a04ab699e05b327dd91eeb99"
"wgcna_tables","results/tables/06_modules_WGCNA/module_score/neuron_neuropil/overlap/module_scores_per_sample.xlsx","548c6f3047c34a1a5dd73e3bd34ad582e6886aa21b1519aeba2102e3541c568d"
"wgcna_tables","results/tables/06_modules_WGCNA/module_score/neuron_neuropil/overlap/module_scores_per_sample_sensitivity_flagged_replicates_removed.csv","e5db39983eeb9bf86b8f364f31647d3011dd2d1c028d3a2a2439865c93be42e1"
"wgcna_tables","results/tables/06_modules_WGCNA/module_score/neuron_neuropil/overlap/module_scores_per_sample_sensitivity_flagged_replicates_removed.xlsx","b12d0d10cc7cf747e7c111a6ffd8165dce473ae312a81d56d94e8091e3147c75"
"wgcna_tables","results/tables/06_modules_WGCNA/module_score/neuron_neuropil/wgcna/general_neuropil_module_score_statistics_full.xlsx","77660ec667bc4d9cbcfeb66cd27f606f04b0a532e44dfd678c8ceb19343ec4cf"
"wgcna_tables","results/tables/06_modules_WGCNA/module_score/neuron_neuropil/wgcna/module_feature_mapping_trace.csv","35075d26981246c6e1530199a641bf8c86f46deef032adee7117cdb52f8503d2"
"wgcna_tables","results/tables/06_modules_WGCNA/module_score/neuron_neuropil/wgcna/module_gene_coverage.csv","b1fdef231b61d6d6784e6cdce8b9cfdbfc41243dbad7acd4e99faa4e7dc2759c"
"wgcna_tables","results/tables/06_modules_WGCNA/module_score/neuron_neuropil/wgcna/module_score_correlations_primary_all_replicates.xlsx","9b172e20e20a52195ad3463ac61ef1b71f892af0f7a7d1e7eb64b6ed1f712339"
"wgcna_tables","results/tables/06_modules_WGCNA/module_score/neuron_neuropil/wgcna/module_score_run_metadata.csv","68001ba14bb820acff161587229b3aa50ed868f614f3ae07525188357bb5adb1"
"wgcna_tables","results/tables/06_modules_WGCNA/module_score/neuron_neuropil/wgcna/module_scores_eigengene_per_sample.csv","e2c6dff719d8cb66d2031eda0b5db9a8c46a1d6450bc0ee0e64705bb1c409976"
"wgcna_tables","results/tables/06_modules_WGCNA/module_score/neuron_neuropil/wgcna/module_scores_eigengene_per_sample.xlsx","dd86f7603db93b8a25235ccb63c6504819c792322f8ffc882a64eebade6161e0"
"wgcna_tables","results/tables/06_modules_WGCNA/module_score/neuron_neuropil/wgcna/module_scores_pca_sensitivity.csv","fdcb0ae981936950b4c7e3fdaa00ae16634759d9714bc4a5c8bbbc83f9af180b"
"wgcna_tables","results/tables/06_modules_WGCNA/module_score/neuron_neuropil/wgcna/module_scores_pca_sensitivity.xlsx","ce71a64aa995f6e78c87267dc287ebb30de828650b0032b1ae079624a1f4dcdf"
"wgcna_tables","results/tables/06_modules_WGCNA/module_score/neuron_neuropil/wgcna/module_scores_per_animal_regionlayer_primary_all_replicates.csv","cf3b40c43807bd28a550dd56d233bf9b9dea6c8ecdbae5c875634fe0ba54b40a"
"wgcna_tables","results/tables/06_modules_WGCNA/module_score/neuron_neuropil/wgcna/module_scores_per_animal_regionlayer_primary_all_replicates.xlsx","e5cb3462110e65a84730a80625379837ccec842265923b61e2e22590894aab39"
"wgcna_tables","results/tables/06_modules_WGCNA/module_score/neuron_neuropil/wgcna/module_scores_per_animal_regionlayer_sensitivity_flagged_replicates_removed.csv","7533fcda24887fa563825e0485fc7cd1247f1a9be2af9fdc26d6a34a4fbedd8f"
"wgcna_tables","results/tables/06_modules_WGCNA/module_score/neuron_neuropil/wgcna/module_scores_per_animal_regionlayer_sensitivity_flagged_replicates_removed.xlsx","ff3b527fef27c3f3e76f9448950942cdb17afd326533ad8f369a0d467fa66ab1"
"wgcna_tables","results/tables/06_modules_WGCNA/module_score/neuron_neuropil/wgcna/module_scores_per_sample.csv","072a052338a6dda9f8088dd63d0d343ce157f18c5cb6306f48c5eda1a5f7c22b"
"wgcna_tables","results/tables/06_modules_WGCNA/module_score/neuron_neuropil/wgcna/module_scores_per_sample.xlsx","f6caaa5cf6f4d8280a714760e5d293e271037b884088c1f5d3ae19c9b8eff4e4"
"wgcna_tables","results/tables/06_modules_WGCNA/module_score/neuron_neuropil/wgcna/module_scores_per_sample_sensitivity_flagged_replicates_removed.csv","d2a28c4234d98338ac8bfa28a06edd383cfc3908e120d129fe0ae8ac3d1955ae"
"wgcna_tables","results/tables/06_modules_WGCNA/module_score/neuron_neuropil/wgcna/module_scores_per_sample_sensitivity_flagged_replicates_removed.xlsx","c1a6703bd20f2384e4ea8a25d7d2924485495d5d72e3e87b36405c6489bf6292"
"wgcna_tables","results/tables/06_modules_WGCNA/module_score/neuron_neuropil/wgcna/supermodule_directional_consistency.csv","cd476f84af081d2a47bf260405c4cef65b274c12cade1566e1668b286eb541de"
"wgcna_tables","results/tables/06_modules_WGCNA/module_score/neuron_neuropil/wgcna/supermodule_directional_effects.csv","7b19b84c21cd6b773b76e13e3032c18189976734f26033c74d26760a3cc7f53b"
"wgcna_tables","results/tables/06_modules_WGCNA/module_score/neuron_neuropil/wgcna/supermodule_score_composition.csv","c2e8b1d7fb6704bbfcef10d5c3ebfc27bc396ea823ed3f5fc0db586714bd03c9"
"wgcna_tables","results/tables/06_modules_WGCNA/module_score/neuron_neuropil/wgcna/supermodule_score_composition.xlsx","4bbff25d7017ce00304b74853e2644b4dbf220d69f504210187cd06386f0bacd"
"wgcna_tables","results/tables/06_modules_WGCNA/module_score/neuron_neuropil/wgcna/supermodule_score_correlation_structure.csv","e6e80a75d2b5d1292b2e09b8d22e131d9c60a42217a660a4254ee658e3a01338"
"wgcna_tables","results/tables/06_modules_WGCNA/module_score/neuron_neuropil/wgcna/supermodule_scores_eigengene_per_sample.csv","936bcf86849ce4a7781fc5e7861115176f11320692a4a6fc6e37ab0c81e423d3"
"wgcna_tables","results/tables/06_modules_WGCNA/module_score/neuron_neuropil/wgcna/supermodule_scores_eigengene_per_sample.xlsx","5ff70ef0edef8d43f09dc86ca2961e10cf03a278bfc933392d4c1db96454400f"
"wgcna_tables","results/tables/06_modules_WGCNA/module_score/neuron_neuropil/wgcna/WGCNA_eigengene_module_score_statistics_full.xlsx","9fbed6ea0fd197cd1ad8e015bb69bc251e2b23d608747d60f07dddffe8d8f13e"
"wgcna_tables","results/tables/06_modules_WGCNA/module_score/neuron_neuropil/wgcna/WGCNA_supermodule_score_statistics_full.xlsx","74e30441a372e3ca03a19d3ac75304119496b136a98bb5695d7f71866ede4538"
"wgcna_tables","results/tables/06_modules_WGCNA/module_score/neuron_neuropil/wgcna/WGCNA_vs_overlap_module_overlap.csv","54c9be8cd22e98483d107571f36e0b268f3abb18a0d6ce2ce308467f474c13e1"
"wgcna_tables","results/tables/06_modules_WGCNA/module_score/neuron_neuropil/wgcna/WGCNA_vs_overlap_module_overlap.xlsx","6124422fafab6f22ea3d37b7ad5d3c4387d7abdae1a4f7fc433edaf920c267d7"
"wgcna_tables","results/tables/06_modules_WGCNA/module_score/neuron_soma/wgcna/general_neuropil_module_score_statistics_full.xlsx","0a9250aa9356bd5bf1c79b0731929d461fc66110e6a29d0861a9bbbb12661f5a"
"wgcna_tables","results/tables/06_modules_WGCNA/module_score/neuron_soma/wgcna/module_feature_mapping_trace.csv","099a1467b615fe1c82de45f991cf65537247cf7219635db179682a8d98637291"
"wgcna_tables","results/tables/06_modules_WGCNA/module_score/neuron_soma/wgcna/module_gene_coverage.csv","106a2310c5a2ec8c3a7ec6db4eb2179dea43cc3cb99d30c6d22191b34384d0a4"
"wgcna_tables","results/tables/06_modules_WGCNA/module_score/neuron_soma/wgcna/module_score_correlations_primary_all_replicates.xlsx","7375673bf19c619f1e5890c85bd6334e547adf78ac2b23a61d498b8d69afebde"
"wgcna_tables","results/tables/06_modules_WGCNA/module_score/neuron_soma/wgcna/module_score_run_metadata.csv","74146be9ef2cdba1752784354bb24fe32328d635d05435d79f36a24bc0ab916e"
"wgcna_tables","results/tables/06_modules_WGCNA/module_score/neuron_soma/wgcna/module_scores_eigengene_per_sample.csv","52089e19d252d62c7cfb9d546e12942de12cc353d1842294be1c3b8e6e0b502b"
"wgcna_tables","results/tables/06_modules_WGCNA/module_score/neuron_soma/wgcna/module_scores_eigengene_per_sample.xlsx","3c82893528bb4213aac37421328a4da1ffd3c731b80b1c687dbb7acf36649d2b"
"wgcna_tables","results/tables/06_modules_WGCNA/module_score/neuron_soma/wgcna/module_scores_pca_sensitivity.csv","0ab535f4d71b96cf86de4c4f9e942c4988404ec517ce9ca5b28c873258d7a03c"
"wgcna_tables","results/tables/06_modules_WGCNA/module_score/neuron_soma/wgcna/module_scores_pca_sensitivity.xlsx","35964241669b611208173d4ae268f506b05fe6ee1ea2ce9f36821ec419e7a6bb"
"wgcna_tables","results/tables/06_modules_WGCNA/module_score/neuron_soma/wgcna/module_scores_per_animal_regionlayer_primary_all_replicates.csv","6a4a44d88d711a295d173defc3d8140280711f88f1d68aba9603671a4cf7d5e6"
"wgcna_tables","results/tables/06_modules_WGCNA/module_score/neuron_soma/wgcna/module_scores_per_animal_regionlayer_primary_all_replicates.xlsx","23574f1392610656644634e3bc920e23b495fc089d98df631931c0c9474dad53"
"wgcna_tables","results/tables/06_modules_WGCNA/module_score/neuron_soma/wgcna/module_scores_per_animal_regionlayer_sensitivity_flagged_replicates_removed.csv","7d165cc86c1d1c89af75d1e734fc33b9718f17b4e18701915b8bdada4bfa730c"
"wgcna_tables","results/tables/06_modules_WGCNA/module_score/neuron_soma/wgcna/module_scores_per_animal_regionlayer_sensitivity_flagged_replicates_removed.xlsx","2d76001e5c306378cb0f101d3aa3cb699c3948dbf7378f581f5be5c7ad88c243"
"wgcna_tables","results/tables/06_modules_WGCNA/module_score/neuron_soma/wgcna/module_scores_per_sample.csv","4dc591cde5e0a427969331369ea251e24c46e14d9d2d5c7ab3c977045a0f6955"
"wgcna_tables","results/tables/06_modules_WGCNA/module_score/neuron_soma/wgcna/module_scores_per_sample.xlsx","82f538a125fdf6df080511ff6eedc10f80fac596446ef7fd6995510d166f82b1"
"wgcna_tables","results/tables/06_modules_WGCNA/module_score/neuron_soma/wgcna/module_scores_per_sample_sensitivity_flagged_replicates_removed.csv","e18da64f5fd64edec87a27a81a2d28bf52ed1218fd9dde4b63f55d1353bf5aeb"
"wgcna_tables","results/tables/06_modules_WGCNA/module_score/neuron_soma/wgcna/module_scores_per_sample_sensitivity_flagged_replicates_removed.xlsx","a52701f7860b6ea18003a83f946415597815d0d5b2b69957affa1f51bdc491e0"
"wgcna_tables","results/tables/06_modules_WGCNA/module_score/neuron_soma/wgcna/supermodule_directional_consistency.csv","925861157131ed74d9d3097063e913460de1538b1361f2b0022c229b8ac84f8f"
"wgcna_tables","results/tables/06_modules_WGCNA/module_score/neuron_soma/wgcna/supermodule_directional_effects.csv","3c3590d97c2cd5869eeea4f315d6410b8ff6a9a63f18130411d7aa395feadc26"
"wgcna_tables","results/tables/06_modules_WGCNA/module_score/neuron_soma/wgcna/supermodule_score_composition.csv","b82697d925678600aa2fae933e00c178c900d239d4b4f650b5d8fc23f158b72c"
"wgcna_tables","results/tables/06_modules_WGCNA/module_score/neuron_soma/wgcna/supermodule_score_composition.xlsx","36521f7b644c8f271b24741798a8a2701bcde675e1ff505f9b8de49d57194319"
"wgcna_tables","results/tables/06_modules_WGCNA/module_score/neuron_soma/wgcna/supermodule_score_correlation_structure.csv","e14ca6cdf124b984526f074301dc655ae32554f130a20edead250e69c21c5732"
"wgcna_tables","results/tables/06_modules_WGCNA/module_score/neuron_soma/wgcna/supermodule_scores_eigengene_per_sample.csv","03f4a0fd656f31a51a5d5eb85bb1f7d0abb075eaf7c414cf5765343fb9088908"
"wgcna_tables","results/tables/06_modules_WGCNA/module_score/neuron_soma/wgcna/supermodule_scores_eigengene_per_sample.xlsx","6a173683cbfbf6e4e22c52d5bb72c61a326c21a233ed4bf6ae807d0140bf0403"
"wgcna_tables","results/tables/06_modules_WGCNA/module_score/neuron_soma/wgcna/WGCNA_eigengene_module_score_statistics_full.xlsx","52ddcb9438234e724053738021f4e6fa9b2d715496bdb919eb80b9535ac8cba9"
"wgcna_tables","results/tables/06_modules_WGCNA/module_score/neuron_soma/wgcna/WGCNA_supermodule_score_statistics_full.xlsx","4ff9daa16beb3a60a44818c0c479304dd41955c4d6e96ae374dbc42876c852fe"
"wgcna_tables","results/tables/06_modules_WGCNA/module_score/neuron_soma/wgcna/WGCNA_vs_overlap_module_overlap.csv","3ba5297a7f9c763cae0c2a84631879c8395108f651ab4c473f0c05877be800f6"
"wgcna_tables","results/tables/06_modules_WGCNA/module_score/neuron_soma/wgcna/WGCNA_vs_overlap_module_overlap.xlsx","b36016d6a9dcb0cb8807af2752c2d3f69815d8a2f0b84bb4d113bd436ab5a159"
"wgcna_tables","results/tables/06_modules_WGCNA/score_publication_summary/microglia/WGCNA_score_publication_label_qc.csv","9b019e6d65a3dac3e023742f9b73cb61ae79cfce7b2d962ab1e1f29bb53e1b83"
"wgcna_tables","results/tables/06_modules_WGCNA/score_publication_summary/microglia/WGCNA_score_publication_module_label_lookup.csv","9589ff88bf8242ea30182bb898c9f605e49ae09e92a41ba0fedd78741f22f488"
"wgcna_tables","results/tables/06_modules_WGCNA/score_publication_summary/microglia/WGCNA_score_publication_numeric_qc.csv","391b7a76ae04f0061d7cdd01e288f23935ac4ea59fae4915ed0ff3a81857da83"
"wgcna_tables","results/tables/06_modules_WGCNA/score_publication_summary/microglia/WGCNA_score_publication_rendered_files.csv","4f5ffc9e0cad4bcd39245484ff6e63be156ced5a02e6a5f826f12288a78356be"
"wgcna_tables","results/tables/06_modules_WGCNA/score_publication_summary/microglia/WGCNA_score_publication_supermodule_label_lookup.csv","febd7239bbed45ce8cecd20abc43f31bf5ebe8c45459a027cd77f0fdb7ca7c69"
"wgcna_tables","results/tables/06_modules_WGCNA/score_publication_summary/microglia/WGCNA_score_publication_validation.csv","d00c78990745156c72447efffa69a6e99f23f3d12126cb0882114d7e1375fd80"
"wgcna_tables","results/tables/06_modules_WGCNA/score_publication_summary/neuron_neuropil/WGCNA_score_publication_label_qc.csv","32423b684b12533a452edbf54cb258c2d602da6570dec825a16af116938c62a0"
"wgcna_tables","results/tables/06_modules_WGCNA/score_publication_summary/neuron_neuropil/WGCNA_score_publication_module_label_lookup.csv","7245c129dc62a2050cd55ff09bf9b6afc8b572718adbd96fdad0b0ac25160ca8"
"wgcna_tables","results/tables/06_modules_WGCNA/score_publication_summary/neuron_neuropil/WGCNA_score_publication_numeric_qc.csv","391b7a76ae04f0061d7cdd01e288f23935ac4ea59fae4915ed0ff3a81857da83"
"wgcna_tables","results/tables/06_modules_WGCNA/score_publication_summary/neuron_neuropil/WGCNA_score_publication_rendered_files.csv","573f4cff17623f9e3fa6c024e49c5d07f2d58aec2f1ee0efbd6fc17e423f4cf8"
"wgcna_tables","results/tables/06_modules_WGCNA/score_publication_summary/neuron_neuropil/WGCNA_score_publication_supermodule_label_lookup.csv","b91c43b198394ef57517fd836fda91f04dac20ecc46b9c212104fab8d4ea125f"
"wgcna_tables","results/tables/06_modules_WGCNA/score_publication_summary/neuron_neuropil/WGCNA_score_publication_validation.csv","d00c78990745156c72447efffa69a6e99f23f3d12126cb0882114d7e1375fd80"
"wgcna_tables","results/tables/06_modules_WGCNA/score_publication_summary/neuron_soma/WGCNA_score_publication_label_qc.csv","2f09723befef4fe0588047f240e9080f99177a2d87654a1a7eb83a4ba657d99e"
"wgcna_tables","results/tables/06_modules_WGCNA/score_publication_summary/neuron_soma/WGCNA_score_publication_module_label_lookup.csv","30d0f8c0851dec9889a8e5df3ac6cf3e93576a721b957f5bd0d1dd246f7fbece"
"wgcna_tables","results/tables/06_modules_WGCNA/score_publication_summary/neuron_soma/WGCNA_score_publication_numeric_qc.csv","391b7a76ae04f0061d7cdd01e288f23935ac4ea59fae4915ed0ff3a81857da83"
"wgcna_tables","results/tables/06_modules_WGCNA/score_publication_summary/neuron_soma/WGCNA_score_publication_rendered_files.csv","6bb48b599e6c004899d0b7385eb2174a4bd28be6b06d1c458816215d681f7522"
"wgcna_tables","results/tables/06_modules_WGCNA/score_publication_summary/neuron_soma/WGCNA_score_publication_supermodule_label_lookup.csv","bc1f575e32d5acf57c316d4376353fe3df47c2ff16e13a466b568bafdec1db48"
"wgcna_tables","results/tables/06_modules_WGCNA/score_publication_summary/neuron_soma/WGCNA_score_publication_validation.csv","d00c78990745156c72447efffa69a6e99f23f3d12126cb0882114d7e1375fd80"
"wgcna_tables","results/tables/06_modules_WGCNA/wgcna_publication_figures/microglia/all_supermodule_architecture_source.csv","10c108a4b75a614d0a4965eabfc1d04ee24b96cbd1cd62001284be59b68c2ee0"
"wgcna_tables","results/tables/06_modules_WGCNA/wgcna_publication_figures/microglia/all_supermodule_global_eigengenes_source.csv","84ec15aa65636a81d05591a5a6e294db27cc8079682d5ee90dfb4b2cc09e9092"
"wgcna_tables","results/tables/06_modules_WGCNA/wgcna_publication_figures/microglia/all_supermodule_sus_res_forest_source.csv","423cb87db3a0c2a3a4d61c64b637230356774d67400ccf93b8fd2f52870b4557"
"wgcna_tables","results/tables/06_modules_WGCNA/wgcna_publication_figures/microglia/all_supermodule_sus_res_spatial_heatmap_source.csv","c310958504eff938a4c000e0267886bcd9e096fa719b14678ee37ecea4c213f8"
"wgcna_tables","results/tables/06_modules_WGCNA/wgcna_publication_figures/microglia/multi_supermodule_member_loadings_source.csv","2f17480e7254cdb423a9d42cccd7a2d168957ab8fd00fce63346672649dfd7a3"
"wgcna_tables","results/tables/06_modules_WGCNA/wgcna_publication_figures/microglia/supplementary_all_contrast_effect_matrix_source.csv","55dac1291be156232a747cd0af4f80c8c8531d88e91fb73dd971693dea4dbf7e"
"wgcna_tables","results/tables/06_modules_WGCNA/wgcna_publication_figures/microglia/WGCNA_publication_figure_validation.csv","f4b0d712329eb64e54eb47d047cb106819011c3acfa38c517e5303514bd61b32"
"wgcna_tables","results/tables/06_modules_WGCNA/wgcna_publication_figures_corrected/microglia/supermodule_group_effects_standardized.csv","9a9d712c7888506974988e1e9dc429211651ecc9235987ee28eefbd44237bdc7"
"wgcna_tables","results/tables/06_modules_WGCNA/wgcna_publication_figures_corrected/microglia/WGCNA_corrected_publication_figure_validation.csv","9fa328d62c09fba3c9c8710a1d974dda6cf0c844315ee3ae82adfa13bfd301a8"
"manuscript_source","source_data/MMMSociability/behavior_prediction_model_ladder.csv","728830a7ed89a27f19fff01e187d8f71bb2753ea3629bf26a2774581a3246d4d"
"manuscript_source","source_data/MMMSociability/behavior_sex_effect_contract.csv","de3867978186cfaf8b313bcc3808edf19a43af198bb8726c15d54604965e269b"
"manuscript_source","source_data/MMMSociability/early_behavior_later_outcome_association.csv","36862ee97767834746c36be3edd4170725051754c1ef8f8353679de29ccf146c"
"manuscript_source","source_data/MMMSociability/figure1_claim_contract.csv","558dcbd44774406cd03af4298c550488e66b37b90e67fdf0e4d12faa5823b9dc"
"manuscript_source","source_data/MMMSociability/figure1_methods_contract.csv","3693cfba20e692e3b973b9e98dbdb24575d327b7d5a0acd2f59d5733b155aff3"
"manuscript_source","source_data/MMMSociability/figure1_repo_provenance.csv","1cbdf877ca352a6e5628d05cf37f73dd1618a6cd0c878a90ea2169b78c549402"
"manuscript_source","source_data/MMMSociability/figure1_source_data_manifest.csv","43fa709b2223ccd3b522aa44c5a794829b22acfd3359cf0dd4ee10d58bc1199a"
"manuscript_source","source_data/MMMSociability/figure1_timeline_contract.csv","42153483c3fd3f607074eef273a5fae9f58379b18ccc73897d877671401b1715"
"manuscript_source","source_data/MMMSociability/source_data/figure1_panel_source_manifest.csv","c1121a3adeaa22c66506b8a082a344852c735d99a1c45a62a4bedd705ea18ee0"
"manuscript_source","source_data/MMMSociability/source_data/figure1_panel_statistics.csv","56f009ae9dea2c470bba67114051bb2f80db192e39087b686c061e4dc1bf3de9"
"manuscript_source","source_data/MMMSociability/source_data/figure1a_timeline_source.csv","1906b79584a80418236dfdd120df5151aefb20fd0a39b5c258c60fd56869ea73"
"manuscript_source","source_data/MMMSociability/source_data/figure1b_combz_classification_source.csv","92fcb8062baa92329e6682addb061f5de41374930455f1f20337979eed15de23"
"manuscript_source","source_data/MMMSociability/source_data/figure1c_movement_combz_source.csv","b992ad5a2fc61fe54d798f3f51585dab5f6667433cd88a8670c536e5785b0725"
"manuscript_source","source_data/MMMSociability/source_data/figure1d_loao_predictions_source.csv","df987c921f3ffb2546558fb3bb9722b5c12fb1fb62414d175e92e379478d2644"
"manuscript_source","source_data/MMMSociability/source_data/figure1e_permutation_source.csv","653add3f13b59af4bbd9d820c2f068b6c60bdb17c353fe3af83a382a549e0ce8"
"manuscript_source","source_data/MMMSociability/source_data/figure1f_repeated_cv_source.csv","61bff63772bddf5dbd212190be3a5422ef639a82d1bd02b3bfbf2b660859ae66"
"manuscript_source","source_data/pRoteomics/extended_data_01/assembled/extended_data_01.svg","f1c32750925ff5cca372dac0cb156af03ae82a52b98b73b10a55320b5554912c"
"manuscript_source","source_data/pRoteomics/extended_data_01/extended_data_01a_source_data.csv","0eaa2e88716f4c913af2e5c39cb2c0b273e2a3bb7679fab2b3be462ff837b4f9"
"manuscript_source","source_data/pRoteomics/extended_data_01/extended_data_01b_source_data.csv","299c8a71c7dd7e719a6bcd6e0925aac59db91d10c927be9dcb552b64a25a91bc"
"manuscript_source","source_data/pRoteomics/extended_data_02/assembled/extended_data_02.svg","cafed525c60329d09f6750657dbc57d4b79a8d7614c40869a6d6bae4391bf16c"
"manuscript_source","source_data/pRoteomics/extended_data_02/extended_data_02a_source_data.csv","244bcc5145e8fdf75f82300e6c8111881e7a5916078f778642c6e9c37c18db64"
"manuscript_source","source_data/pRoteomics/extended_data_02/extended_data_02b_source_data.csv","a96f164e1f8956aed746c8980e86995ff02099163d005f0dd9714386da411c2c"
"manuscript_source","source_data/pRoteomics/extended_data_03/assembled/extended_data_03.svg","efa6303c691a8098b1894ea9b6a7d291270bd3239c7335e8db7cfc16422ad559"
"manuscript_source","source_data/pRoteomics/extended_data_03/extended_data_03a_source_data.csv","e5df23c04a6198830409d8d69162cc2da32e153ef3b6eca89de5af3f5bb635bd"
"manuscript_source","source_data/pRoteomics/extended_data_03/extended_data_03b_source_data.csv","7c1c34b814e7ea3b39d9ed67e186b7b27b177cae0c85e86c987ad15324844a15"
"manuscript_source","source_data/pRoteomics/extended_data_03/extended_data_03c_source_data.csv","a310b293d240345c9593f38dec0ded8544c47c5d4cbdde7b38fa0cac08ddf1f6"
"manuscript_source","source_data/pRoteomics/extended_data_03/extended_data_03d_source_data.csv","f0f419328fc7a178a5b4291fb19f712ca29e06646ed49fea047cea2e7e480495"
"manuscript_source","source_data/pRoteomics/extended_data_03/extended_data_03e_source_data.csv","eba7fa557bb5f18c38524b53c8196d1ddac46c506e03e8b2d4a588f878b9c6d8"
"manuscript_source","source_data/pRoteomics/extended_data_05/assembled/extended_data_05.svg","ff981d15c3dafe6dae6266a6c2d35bdd9702abf7220a51391420bb4d29352348"
"manuscript_source","source_data/pRoteomics/extended_data_05/extended_data_05a_source_data.csv","1906b79584a80418236dfdd120df5151aefb20fd0a39b5c258c60fd56869ea73"
"manuscript_source","source_data/pRoteomics/extended_data_05/extended_data_05b_source_data.csv","728830a7ed89a27f19fff01e187d8f71bb2753ea3629bf26a2774581a3246d4d"
"manuscript_source","source_data/pRoteomics/extended_data_06/assembled/extended_data_06.svg","a3cf343b073892eade34beb5e8af3a008efcdc68cffb271a99942f54dabe45a9"
"manuscript_source","source_data/pRoteomics/extended_data_06/extended_data_06a_source_data.csv","d0361f280e1b78e8ad0c4cd14ff61a32a1d2ae5f17974f120831be1716754301"
"manuscript_source","source_data/pRoteomics/extended_data_06/extended_data_06b_source_data.csv","b65e17d8c4fcf79c9538f70a0f1edc715a69029781ffcbe4fc013ab9c2335c6b"
"manuscript_source","source_data/pRoteomics/extended_data_06/extended_data_06c_source_data.csv","ad4d541cc62195d73d8605b09aa27ccee6a3075459552466b85ebb19cf36e0ed"
"manuscript_source","source_data/pRoteomics/extended_data_06/extended_data_06d_source_data.csv","3ceddac8e0359eb2d13d99e1321a22a2a5343ba6f034f30878bef5cdb7b45785"
"manuscript_source","source_data/pRoteomics/extended_data_06/extended_data_06e_source_data.csv","673c823087c14b23b80c2e14eea9e4d3e46abcadd79cc210481fd407a698feb4"
"manuscript_source","source_data/pRoteomics/extended_data_08/assembled/extended_data_08.svg","259ae320ae8515e5fce25e082761d02e2833fc8692ad793b2bdf728081872281"
"manuscript_source","source_data/pRoteomics/extended_data_08/extended_data_08a_source_data.csv","eb656b9366eba8303d9eafb4e1fcb9fbc546bfe9e24552069df4dc018d1cfa65"
"manuscript_source","source_data/pRoteomics/extended_data_08/extended_data_08b_source_data.csv","d9275f9be189dcfa5b44dd5b0ed8825d1e6a4f7267c226147f7b0051a3baa495"
"manuscript_source","source_data/pRoteomics/extended_data_08/extended_data_08c_source_data.csv","c16931f4a2a9a0953b8e9f1bdb0531c128269a43dfb2c40839f433cbb8a4bfa5"
"manuscript_source","source_data/pRoteomics/extended_data_08/extended_data_08d_source_data.csv","21e124e98b168eddc796f3502afd752550a982e7932215d6d63ff40a0fbc127f"
"manuscript_source","source_data/pRoteomics/extended_data_09/assembled/extended_data_09.svg","8a7851458110ea0d08f2cd3e236d003e81c9f20c56bc7c8d44b73ff98dfaed34"
"manuscript_source","source_data/pRoteomics/extended_data_09/extended_data_09a_source_data.csv","36862ee97767834746c36be3edd4170725051754c1ef8f8353679de29ccf146c"
"manuscript_source","source_data/pRoteomics/extended_data_09/extended_data_09b_source_data.csv","de3867978186cfaf8b313bcc3808edf19a43af198bb8726c15d54604965e269b"
"manuscript_source","source_data/pRoteomics/extended_data_09/extended_data_09c_source_data.csv","de3867978186cfaf8b313bcc3808edf19a43af198bb8726c15d54604965e269b"
"manuscript_source","source_data/pRoteomics/figure_01/assembled/figure_01.svg","cdb066da6b9996046e3a8e7e35a98e6c81f4695472139fbe6d285621eaa88115"
"manuscript_source","source_data/pRoteomics/figure_01/figure_01a_source_data.csv","1906b79584a80418236dfdd120df5151aefb20fd0a39b5c258c60fd56869ea73"
"manuscript_source","source_data/pRoteomics/figure_01/figure_01b_source_data.csv","92fcb8062baa92329e6682addb061f5de41374930455f1f20337979eed15de23"
"manuscript_source","source_data/pRoteomics/figure_01/figure_01c_source_data.csv","b992ad5a2fc61fe54d798f3f51585dab5f6667433cd88a8670c536e5785b0725"
"manuscript_source","source_data/pRoteomics/figure_01/figure_01d_source_data.csv","df987c921f3ffb2546558fb3bb9722b5c12fb1fb62414d175e92e379478d2644"
"manuscript_source","source_data/pRoteomics/figure_02/assembled/figure_02.svg","f176c8a7e6f6b8951c306f321e7faea9cb2daf057d91c941197fbd083d80a32d"
"manuscript_source","source_data/pRoteomics/figure_02/figure_02a_source_data.csv","d43386cd472ce8665fb8b37ed72462d63b6ba765f62a60127c11cf57acfebd4d"
"manuscript_source","source_data/pRoteomics/figure_02/figure_02b_source_data.csv","a96f684fe0a99d4d3ddb0752dd237cc8fd527b8905a0b3c36c1f974342c5001f"
"manuscript_source","source_data/pRoteomics/figure_02/figure_02c_source_data.csv","afed3b106d6059d0b2364d8b94167b929ca54e4caf002154bb6c613ab4538361"
"manuscript_source","source_data/pRoteomics/figure_02/figure_02d_source_data.csv","e24882adedc570db5e493d6fd90c451f7f3d792f715e7eeff6a4dcab2e75cee2"
"manuscript_source","source_data/pRoteomics/figure_02/figure_02e_source_data.csv","c84c10c77626b96737076785d5c1c960feb29e8ba1d7a9f6525fbcbe5e1870bd"
"manuscript_source","source_data/pRoteomics/figure_02/figure_02f_source_data.csv","82dd12966c8075357e0965f36414bc8945199641715b388f8f6ade6ddf05eab7"
"manuscript_source","source_data/pRoteomics/figure_02/figure_02g_source_data.csv","fce8dd5433f8c1b53418a771b38a7286d20acb6ded53d54acf0ccdb2001e6560"
"manuscript_source","source_data/pRoteomics/figure_02/figure_02h_source_data.csv","5714040d944c4aab063da2db14bdb5adcc1fd3d73db942489eee2ef38361fea4"
"manuscript_source","source_data/pRoteomics/figure_03/assembled/figure_03.svg","1c3799e6750cf44bc77f72e9d1d19a69cd3b86748490d67937573284c8cdf4fd"
"manuscript_source","source_data/pRoteomics/figure_03/figure_03a_source_data.csv","258ac2ac4a7a48900d34c99e45e3635df4da337f71212ed149d6cb0675e6d276"
"manuscript_source","source_data/pRoteomics/figure_03/figure_03b_source_data.csv","8dd21e47917feac3c27310c19b1de0fa5219a2a730c380de329fc7d7cb82f78e"
"manuscript_source","source_data/pRoteomics/figure_03/figure_03c_source_data.csv","dc9c8f1dc9f33e5dd4de7b38304f371d6c6063e353dfee02c8c9a541fb7dfe9d"
"manuscript_source","source_data/pRoteomics/figure_03/figure_03d_source_data.csv","a45f4f93b02f39660e491159435388c27bf473417091e86c9b5c10ca49729e8a"
"manuscript_source","source_data/pRoteomics/figure_03/figure_03e_source_data.csv","0dc2c1728be08401a429d777cbe003c323ca250e853bc49e2498962b098c96e0"
"manuscript_source","source_data/pRoteomics/figure_03/figure_03f_source_data.csv","6f4fda5f38e20fcbb497376e638eb62e85713696d693e1fe5d1bf548e5ffe96a"
"manuscript_source","source_data/pRoteomics/figure_03/figure_03g_source_data.csv","1a0c0a73eeac8d1d49556f9d1ded417dc087a0d95eaf30372af1233f3ca1a382"
"manuscript_source","source_data/pRoteomics/figure_03/figure_03h_source_data.csv","8ecaa4e1d4a2cfddeb943f2336dc2ae82009bd6376db86eea3d676314538d7a8"
"manuscript_source","source_data/pRoteomics/figure_03/figure_03i_source_data.csv","93ecc2e5f93d73fc6dfb64a9b3792e2507487523a301e6aaa81db8cd2311977b"
"manuscript_source","source_data/pRoteomics/manifest.csv","833805a8c4f101cacffdc633b58a53782db6b8eb5473a0fc2536621c0e94ae13"
"manuscript_prov","provenance/ai_assistance.md","83c64b5d70b48fb13266233651dfcaa39f2ad0c9530e7525d202039eba523aef"
"manuscript_prov","provenance/claims/behavior_prediction_contract.csv","ca2a2e582d877868d4a91d13847c58f82fc84fd497019c2981cf2664ff50bd05"
"manuscript_prov","provenance/claims/discussion_statement_provenance.csv","396ff1b166cf764790f943ff5d1645aac5f5d7ea8ac65c56ae9737c2fbba4b9d"
"manuscript_prov","provenance/claims/extended_data_promotion_audit.csv","5829263b4aea6a4e14b0ae4989249935f303de33e2bcac248624c7766596bdc5"
"manuscript_prov","provenance/claims/figure_claim_support_matrix.csv","e8f0f5acc1a2d51b5abe9c28b6ab0deadf99d271c367790c7840f11aeb23195d"
"manuscript_prov","provenance/claims/figure_panel_reference_audit.csv","42ac645796228825ff66c9b7c3c83bcbdf40284878fab63eba6cd45e3a8075a6"
"manuscript_prov","provenance/claims/figure_pb01_registration_audit.csv","3c8282c69980abd261bea055426b943869373e5fb68146dc77ebd3a81f6d4167"
"manuscript_prov","provenance/claims/figure_phase5b_changed_outputs.csv","4ad275139eeb6264591ec63471aea4b579fa905a78e25122a2503ab1b1c422d3"
"manuscript_prov","provenance/claims/figure_promotion_blockers.csv","115cb40a1b79d9415dcb3079b84829fa1bf81997b2df60d52b320e19742decf1"
"manuscript_prov","provenance/claims/figure1_bridge_conflicts.csv","41da80c22c001e1289e078c2cbb3760377877523e796770813a9c2f4e2e41b8c"
"manuscript_prov","provenance/claims/figure1_bridge_provenance.csv","ea7548710be360b2530eb04b711735db73bbbed3771e469c102b26d0e3a8f0cc"
"manuscript_prov","provenance/claims/figure1_figure_red_team.csv","05ee5347dc662bd41d3327ce62391847fa02948f36e057b57f71f22a3dcd70dd"
"manuscript_prov","provenance/claims/figure1_red_team_review.csv","166f18e0f9fbd87a9822c0a17b81001aee11b31523d14df61fb38f02f2118f02"
"manuscript_prov","provenance/claims/figure1_timeline_contract.csv","ac3c362b21e3647ed5ec3af9bc0837f8d97716091897a30f59ccd30336b4e887"
"manuscript_prov","provenance/claims/methods_red_team_review.csv","ed8ba96054141e73053699f5513a24a87d67b19d3a8eafd83c38c85783e43358"
"manuscript_prov","provenance/claims/methods_statement_provenance.csv","95f46e023e406da6c991073cd586cdc30b31af4a2c75eb51c9b8c911120e7e88"
"manuscript_prov","provenance/claims/methods_todo.csv","8fb0c8633c115e908d93b52615610155e1c90d96566dc92dac18871d7100b553"
"manuscript_prov","provenance/claims/outcome_score_contract.csv","1b14020629a628230dfa7bc7b735a3190f03672b62d8e96f8b8d06ca0e22e2c9"
"manuscript_prov","provenance/claims/results_claim_provenance.csv","de485dababfbd65e1cdb44868c2bced70285fcddfd9498aa253f3dcbcb1e15db"
"manuscript_prov","provenance/claims/results_red_team_review.csv","e862c00e917994f00544a3e20e01058a1f4e2591d8042309f08d23f4f6217797"
"manuscript_prov","provenance/claims/results_statement_provenance.csv","d7fbc230ea38eb9557f08f0a12bbfda1b04c107661b9f0fc64c5d46159d8194c"
"manuscript_prov","provenance/claims/wgcna_45_contract.csv","8c347a880b1e81ad7cc9a447e767a564fb681faddd05ee16773e08aab076f17d"
"manuscript_prov","provenance/publication_registry/canonical_publication_registry.csv","f1381104184b430820161f5fe5fb8bbcf5c7fd4318559fa5e584b14e17726868"
"manuscript_prov","provenance/publication_registry/figure_canonical_generation_registry.csv","9e80835556caec025adf64b11ab40e9f67484a2fbb7eff7a555c4f60e92cb378"
"manuscript_prov","provenance/publication_registry/figure_generation_inventory.csv","43f46d02f92ca4cb0ad065688b5b2e3c7f1b056ec4970453454c208e8768f2f9"
"manuscript_prov","provenance/publication_registry/figure1_authoritative_source_inventory.csv","e61ea13923a9e84f6fcb166f3c21e6662f1f21cbd45ffbe5c35555fcbefe840d"
"manuscript_prov","provenance/source_manifests/figure1_bridge_import_manifest.csv","6464aba3e6e310dacf388e208e748f9e98860c810c153ab0ce0e037c6616aa0c"
"manuscript_prov","provenance/source_manifests/prerestructure_freeze_manifest.csv","39932e6437c75fa1be8e0e0bd18ef0cd486b0773c8629e827e2c9ec42fa40474"
"manuscript_prov","provenance/source_manifests/render_inputs_manifest.csv","7eb855a826f040f9d1889f34d280ce6a9277fff3604f11b837127d0d7b7ceb35"
"singles","results/manuscript/figure_export_manifest.csv","1bf4fe2e16f57ccc3bd684a048e367bae9cdc5c2c92f8d643ad5fcaa1d7b22e9"
"singles","docs/publication_freeze_manifest.yml","d3d8fcfb95c65f8911484ba9d6264706b2144f5e1827674411e68fc89d014026"
"singles","pipeline.yml","07973f39bbaa9ed6701e3e4aac3637bc02673db92c331def127af39810b36a43"
"singles","config/legacy_output_registry.csv","bf9529013bc730c3326ddfb8496db86323c8a1b370ee374c7244a7174af2b3ec"
"singles","config/results_ownership.csv","1eeb7c6d30f42d93efb4d35207c1fa3dd228de84334ac5f64cd0648c2b6a3a50"
