"rel","basename","extension","bytes","mtime","sha256"
"pride_submission/manifests/pride_file_manifest.tsv","pride_file_manifest.tsv","tsv",840836,"2026-06-22 18:01:01","694cf6e6ec78f7d2cd40bf752d463dc3dbb7ad781f0431a3ab5e025d7967e10e"
"pride_submission/metadata/sample_metadata.tsv","sample_metadata.tsv","tsv",115730,"2026-06-22 17:33:09","81d5966497682406c7417b0296a5f36efbcade8fe1ab5e5f2bf980ae092c7563"
"pride_submission/metadata/sdrf_like_metadata.tsv","sdrf_like_metadata.tsv","tsv",115387,"2026-06-22 17:33:09","ec2c5f2d7bea63a3222736fe17f9e529cad69abd024ed9d603f14b9c0e7b5c73"
"pride_submission/methods/known_limitations.md","known_limitations.md","md",853,"2026-06-15 10:07:01","187835daa03848ea605369517695f014b4cf38812bfa3843dd1c04adc4a24f6d"
"pride_submission/methods/methods_summary.md","methods_summary.md","md",1322,"2026-06-22 18:01:02","28a8a5f8d96298e55285e6b92c46aecd634033f321717fb83223e61735717899"
"pride_submission/methods/pipeline_steps.tsv","pipeline_steps.tsv","tsv",3733,"2026-06-15 10:07:01","4d1232899986e07a80954887c6f877f9197c876d0f67ce10455b2fee198d6cd0"
"pride_submission/methods/software_versions.tsv","software_versions.tsv","tsv",274,"2026-06-22 18:01:07","3b0ff1be30f5c289c5428ed15630bd2d4f8a88bb10112c2fed6b731e4dee3210"
"pride_submission/processed_data/data_dictionary_processed_matrices.tsv","data_dictionary_processed_matrices.tsv","tsv",256394,"2026-06-22 17:42:54","c027fbe072bb57c976bf371155e3666cd70d8ab40dacf66f87dfebad2730f082"
"pride_submission/processed_data/microglia/01_preprocessing/excel_convert/20260526_pgmatrix_imputed_microglia_72samples_missing70pct_with_metadata.gct","20260526_pgmatrix_imputed_microglia_72samples_missing70pct_with_metadata.gct","gct",6793432,"2026-06-22 17:42:12","609939f2c0430c2a416d4c5fb6e34f876aedc0af53cddccfb120539bb91550b9"
"pride_submission/processed_data/microglia/01_preprocessing/excel_convert/20260526_pgmatrix_imputed_microglia_72samples_missing70pct_with_metadata.xlsx","20260526_pgmatrix_imputed_microglia_72samples_missing70pct_with_metadata.xlsx","xlsx",4768837,"2026-06-22 17:42:13","6320749eb3792f46d6c8da87e7c4e816080032065d54164fb8f4125bd2ed55f7"
"pride_submission/processed_data/microglia/01_preprocessing/gct_extractR/microglia/forward/CA1microgliares_CA1microgliacon.csv","CA1microgliares_CA1microgliacon.csv","csv",733695,"2026-06-22 17:40:57","50ef097c4416c65b849f96e66bb807f42cec7ebca29dc21b1c8db17efa177e59"
"pride_submission/processed_data/microglia/01_preprocessing/gct_extractR/microglia/forward/CA1microgliasus_CA1microgliacon.csv","CA1microgliasus_CA1microgliacon.csv","csv",735292,"2026-06-22 17:40:57","9e145a77e1fa9f1186e19341ab1a87120a5c7ef280cac6a3e3499bdec2014a8a"
"pride_submission/processed_data/microglia/01_preprocessing/gct_extractR/microglia/forward/CA1microgliasus_CA1microgliares.csv","CA1microgliasus_CA1microgliares.csv","csv",735787,"2026-06-22 17:40:58","6f780cd6cae2db64db433914502f28add5483c7619e8e47a5260c72f77ab0068"
"pride_submission/processed_data/microglia/01_preprocessing/gct_extractR/microglia/forward/CA2microgliacon_CA1microgliacon.csv","CA2microgliacon_CA1microgliacon.csv","csv",736066,"2026-06-22 17:40:58","f9ee15e55fbe937c5e442263da8df34e57b12729e57e78066a0c5acb528433a9"
"pride_submission/processed_data/microglia/01_preprocessing/gct_extractR/microglia/forward/CA2microgliacon_CA1microgliares.csv","CA2microgliacon_CA1microgliares.csv","csv",735735,"2026-06-22 17:40:59","837d1bfb4f22bac35497490266f65cbd6d39d60a7cd999d1a70fb609496d9a1e"
"pride_submission/processed_data/microglia/01_preprocessing/gct_extractR/microglia/forward/CA2microgliacon_CA1microgliasus.csv","CA2microgliacon_CA1microgliasus.csv","csv",735019,"2026-06-22 17:40:59","026844fd73ca9350bfc8237d2478c9cf72c58135df9eea3553c88cde8cd47f2c"
"pride_submission/processed_data/microglia/01_preprocessing/gct_extractR/microglia/forward/CA2microgliares_CA1microgliacon.csv","CA2microgliares_CA1microgliacon.csv","csv",734997,"2026-06-22 17:41:00","a959a0c317edacb892af5b3a470e0876d7c04594aae98fdb0690ded0602e6d80"
"pride_submission/processed_data/microglia/01_preprocessing/gct_extractR/microglia/forward/CA2microgliares_CA1microgliares.csv","CA2microgliares_CA1microgliares.csv","csv",734956,"2026-06-22 17:41:00","431dff139b99a19e122bbe8cfd8841766c59746ea4265990147ea1228cbb5aba"
"pride_submission/processed_data/microglia/01_preprocessing/gct_extractR/microglia/forward/CA2microgliares_CA1microgliasus.csv","CA2microgliares_CA1microgliasus.csv","csv",734574,"2026-06-22 17:41:01","19c171b276e0f0698d2591dd348a49a37feff0c07706e29fd23b021f930d335a"
"pride_submission/processed_data/microglia/01_preprocessing/gct_extractR/microglia/forward/CA2microgliares_CA2microgliacon.csv","CA2microgliares_CA2microgliacon.csv","csv",732994,"2026-06-22 17:41:02","2c1e3e33e3da3953f4f3039567e8e451f4039184b9181500f2e8a707af9824ce"
"pride_submission/processed_data/microglia/01_preprocessing/gct_extractR/microglia/forward/CA2microgliasus_CA1microgliacon.csv","CA2microgliasus_CA1microgliacon.csv","csv",734112,"2026-06-22 17:41:02","9d043acd8d28952661e49ec7bd2f10439337f55808a24f910f9aca0c4989cd21"
"pride_submission/processed_data/microglia/01_preprocessing/gct_extractR/microglia/forward/CA2microgliasus_CA1microgliares.csv","CA2microgliasus_CA1microgliares.csv","csv",734960,"2026-06-22 17:41:02","67f86e33c9c41854e71f06721788acc616fc62e076c899c9023cb93dcd6b7575"
"pride_submission/processed_data/microglia/01_preprocessing/gct_extractR/microglia/forward/CA2microgliasus_CA1microgliasus.csv","CA2microgliasus_CA1microgliasus.csv","csv",734853,"2026-06-22 17:41:03","bcae3cbace33926a161dc47e1ef35339d6ff15d257141d8cb0f958d3ca5c9a5d"
"pride_submission/processed_data/microglia/01_preprocessing/gct_extractR/microglia/forward/CA2microgliasus_CA2microgliacon.csv","CA2microgliasus_CA2microgliacon.csv","csv",735995,"2026-06-22 17:41:03","2981c3b5fd509c97c66618a962f342fbe475c6611e239274eccfe724847efc00"
"pride_submission/processed_data/microglia/01_preprocessing/gct_extractR/microglia/forward/CA2microgliasus_CA2microgliares.csv","CA2microgliasus_CA2microgliares.csv","csv",734211,"2026-06-22 17:41:04","4168c27c361d93aaa3e585c35b8d4ff26b053bc605ba11cbd92be74889248b3f"
"pride_submission/processed_data/microglia/01_preprocessing/gct_extractR/microglia/forward/CA3microgliacon_CA1microgliacon.csv","CA3microgliacon_CA1microgliacon.csv","csv",732293,"2026-06-22 17:41:04","32ea513292b9a48687363350606c83322478c1ce08b2a29ff7bd1009a0272ea2"
"pride_submission/processed_data/microglia/01_preprocessing/gct_extractR/microglia/forward/CA3microgliacon_CA1microgliares.csv","CA3microgliacon_CA1microgliares.csv","csv",732783,"2026-06-22 17:41:05","1ecb89a3c21eb8dd01837ce864e1ecb401b22cffdd84103aea67dc4e0656385b"
"pride_submission/processed_data/microglia/01_preprocessing/gct_extractR/microglia/forward/CA3microgliacon_CA1microgliasus.csv","CA3microgliacon_CA1microgliasus.csv","csv",733317,"2026-06-22 17:41:05","12049cb1416f72d9c3937e9c7a21bacda3266000af096607da30497e1b8a7ee6"
"pride_submission/processed_data/microglia/01_preprocessing/gct_extractR/microglia/forward/CA3microgliacon_CA2microgliacon.csv","CA3microgliacon_CA2microgliacon.csv","csv",726341,"2026-06-22 17:41:06","615d933969f00e5785cfac57b707db26b329836170ee779ab471a9947118beff"
"pride_submission/processed_data/microglia/01_preprocessing/gct_extractR/microglia/forward/CA3microgliacon_CA2microgliares.csv","CA3microgliacon_CA2microgliares.csv","csv",728472,"2026-06-22 17:41:06","c7a9283e989f28060f732edc6ccb279b0bdf183bde26b252fd6d4d04e07eb290"
"pride_submission/processed_data/microglia/01_preprocessing/gct_extractR/microglia/forward/CA3microgliacon_CA2microgliasus.csv","CA3microgliacon_CA2microgliasus.csv","csv",725326,"2026-06-22 17:41:07","9913793b18b95d555b3e9e80f14cbed6e18169807bd66e09dd0466583d37d5c7"
"pride_submission/processed_data/microglia/01_preprocessing/gct_extractR/microglia/forward/CA3microgliares_CA1microgliacon.csv","CA3microgliares_CA1microgliacon.csv","csv",734370,"2026-06-22 17:41:07","20b7f4f5ea0d506451bf177cd2a61a1a9d4e47daf1267a70cd190968c640fbd8"
"pride_submission/processed_data/microglia/01_preprocessing/gct_extractR/microglia/forward/CA3microgliares_CA1microgliares.csv","CA3microgliares_CA1microgliares.csv","csv",734989,"2026-06-22 17:41:08","279df2e3bb299e9f6f70139d386bef1dd9f6a293dd1ba1bc3b89ca7339f7a05c"
"pride_submission/processed_data/microglia/01_preprocessing/gct_extractR/microglia/forward/CA3microgliares_CA1microgliasus.csv","CA3microgliares_CA1microgliasus.csv","csv",734428,"2026-06-22 17:41:08","b3834a915c1359c56b545d23090359658461b900ff72f806d515ad03848fe10c"
"pride_submission/processed_data/microglia/01_preprocessing/gct_extractR/microglia/forward/CA3microgliares_CA2microgliacon.csv","CA3microgliares_CA2microgliacon.csv","csv",727898,"2026-06-22 17:41:09","c836a0e0d4a36ae43c2c8081f0724eecddc6c379ac4e4091148aadcf327df696"
"pride_submission/processed_data/microglia/01_preprocessing/gct_extractR/microglia/forward/CA3microgliares_CA2microgliares.csv","CA3microgliares_CA2microgliares.csv","csv",727989,"2026-06-22 17:41:09","ef22b1a05bcff685d274efa9276f6a85312aed6980a19f0e791eeb24637a7f42"
"pride_submission/processed_data/microglia/01_preprocessing/gct_extractR/microglia/forward/CA3microgliares_CA2microgliasus.csv","CA3microgliares_CA2microgliasus.csv","csv",724533,"2026-06-22 17:41:10","89778513438e1f83ba00e0669f5311e7e181ceb342304b8f47cf3cb5d6784c28"
"pride_submission/processed_data/microglia/01_preprocessing/gct_extractR/microglia/forward/CA3microgliares_CA3microgliacon.csv","CA3microgliares_CA3microgliacon.csv","csv",655603,"2026-06-22 17:41:10","0ebcde66a3bc18db0c25b5ef99e821fc12d0ffd220a834ceebc00923eb24741e"
"pride_submission/processed_data/microglia/01_preprocessing/gct_extractR/microglia/forward/CA3microgliasus_CA1microgliacon.csv","CA3microgliasus_CA1microgliacon.csv","csv",733252,"2026-06-22 17:41:11","6ec4b51fc5b2606836c62dcbb33d97f7f117a146a2a047683168c0e23886f2ab"
"pride_submission/processed_data/microglia/01_preprocessing/gct_extractR/microglia/forward/CA3microgliasus_CA1microgliares.csv","CA3microgliasus_CA1microgliares.csv","csv",733859,"2026-06-22 17:41:11","3995ea2c6c51eb2583750d3037667423ebda6f83aa59d46e44dd05a90456e84b"
"pride_submission/processed_data/microglia/01_preprocessing/gct_extractR/microglia/forward/CA3microgliasus_CA1microgliasus.csv","CA3microgliasus_CA1microgliasus.csv","csv",735986,"2026-06-22 17:41:12","e0ab9234c68fb516e60b06d0cdb25b32be703ca7b24ed82da7440ba3cc8026a6"
"pride_submission/processed_data/microglia/01_preprocessing/gct_extractR/microglia/forward/CA3microgliasus_CA2microgliacon.csv","CA3microgliasus_CA2microgliacon.csv","csv",728170,"2026-06-22 17:41:12","c23209fdac81a13db1fdd60803548daab0dd01b081199c9587ea0577e16028bd"
"pride_submission/processed_data/microglia/01_preprocessing/gct_extractR/microglia/forward/CA3microgliasus_CA2microgliares.csv","CA3microgliasus_CA2microgliares.csv","csv",728671,"2026-06-22 17:41:13","e47d11644cfc8ec167dc629fa4fa1378867b4392ea4ec2933a760316caf6ab07"
"pride_submission/processed_data/microglia/01_preprocessing/gct_extractR/microglia/forward/CA3microgliasus_CA2microgliasus.csv","CA3microgliasus_CA2microgliasus.csv","csv",726915,"2026-06-22 17:41:13","192064ed3ed5bb5b9ab3d75f8fb84b164fe63d7efba15a8078283219ddca1296"
"pride_submission/processed_data/microglia/01_preprocessing/gct_extractR/microglia/forward/CA3microgliasus_CA3microgliacon.csv","CA3microgliasus_CA3microgliacon.csv","csv",738670,"2026-06-22 17:41:14","753d9aa3123233c40d7456b714a5e9f2c9d3d9e7a1697f81e1dcb3f0285520b9"
"pride_submission/processed_data/microglia/01_preprocessing/gct_extractR/microglia/forward/CA3microgliasus_CA3microgliares.csv","CA3microgliasus_CA3microgliares.csv","csv",736202,"2026-06-22 17:41:14","0bc1ee30eaa115d65b3f80540ada78d1ef251fdafff8edee3fc1801e8be24649"
"pride_submission/processed_data/microglia/01_preprocessing/gct_extractR/microglia/forward/DGmicrogliacon_CA1microgliacon.csv","DGmicrogliacon_CA1microgliacon.csv","csv",732490,"2026-06-22 17:41:15","8d5f91d9e4a481e700a7af587d7ab32c4e9605ebc69e0854b5d9e5bb35d05b66"
"pride_submission/processed_data/microglia/01_preprocessing/gct_extractR/microglia/forward/DGmicrogliacon_CA1microgliares.csv","DGmicrogliacon_CA1microgliares.csv","csv",734376,"2026-06-22 17:41:15","447d4fc63721943c3bc3fc538cade750b09fbd929a53f94217828f4ab2137d71"
"pride_submission/processed_data/microglia/01_preprocessing/gct_extractR/microglia/forward/DGmicrogliacon_CA1microgliasus.csv","DGmicrogliacon_CA1microgliasus.csv","csv",735397,"2026-06-22 17:41:16","a69ef639e3432518be86c9f9eea158b352108a01336c280bc83634992625ac9e"
"pride_submission/processed_data/microglia/01_preprocessing/gct_extractR/microglia/forward/DGmicrogliacon_CA2microgliacon.csv","DGmicrogliacon_CA2microgliacon.csv","csv",728144,"2026-06-22 17:41:16","a68078d7cbf8d1c9f261b5c9f8741d5145ea4ca2d2042b44924a9da12f3bfd2c"
"pride_submission/processed_data/microglia/01_preprocessing/gct_extractR/microglia/forward/DGmicrogliacon_CA2microgliares.csv","DGmicrogliacon_CA2microgliares.csv","csv",731439,"2026-06-22 17:41:17","ef7b68228c5cbc2744f8c1f08bc2842fdc9cc0af45b5fe75c70611338b354a6e"
"pride_submission/processed_data/microglia/01_preprocessing/gct_extractR/microglia/forward/DGmicrogliacon_CA2microgliasus.csv","DGmicrogliacon_CA2microgliasus.csv","csv",727272,"2026-06-22 17:41:17","60d6b8909b33386659ddfb86945e203a94eb095af70eb649bdbd6a64e47dfc84"
"pride_submission/processed_data/microglia/01_preprocessing/gct_extractR/microglia/forward/DGmicrogliacon_CA3microgliacon.csv","DGmicrogliacon_CA3microgliacon.csv","csv",732124,"2026-06-22 17:41:18","fbe6e1412aead450d5165f090ca723e33fd1be65d466f929bdb0d1032f519ce6"
"pride_submission/processed_data/microglia/01_preprocessing/gct_extractR/microglia/forward/DGmicrogliacon_CA3microgliares.csv","DGmicrogliacon_CA3microgliares.csv","csv",733103,"2026-06-22 17:41:18","55f652b25b9f3ef5029423e65ab4e29633496b4f9f06485996582f7d9406b7d1"
"pride_submission/processed_data/microglia/01_preprocessing/gct_extractR/microglia/forward/DGmicrogliacon_CA3microgliasus.csv","DGmicrogliacon_CA3microgliasus.csv","csv",730887,"2026-06-22 17:41:19","ebb883d3e2bdfb128eaa87a54a78790d8a6fbf7c24fab52fabafa08bca066f30"
"pride_submission/processed_data/microglia/01_preprocessing/gct_extractR/microglia/forward/DGmicrogliares_CA1microgliacon.csv","DGmicrogliares_CA1microgliacon.csv","csv",731406,"2026-06-22 17:41:20","2ade632d0f98466eb8cbb7f0155e3bc8f56e0b042fbadf9f5eea8e9331781bac"
"pride_submission/processed_data/microglia/01_preprocessing/gct_extractR/microglia/forward/DGmicrogliares_CA1microgliares.csv","DGmicrogliares_CA1microgliares.csv","csv",732211,"2026-06-22 17:41:20","70174d498c97abd267a7503466ef576f43632bcb0a87e40ee65254aca615de1e"
"pride_submission/processed_data/microglia/01_preprocessing/gct_extractR/microglia/forward/DGmicrogliares_CA1microgliasus.csv","DGmicrogliares_CA1microgliasus.csv","csv",733780,"2026-06-22 17:41:20","a0de8e4a681094b49866c1accfc05ca38d59c82c3f07e9314269d9f840a2846e"
"pride_submission/processed_data/microglia/01_preprocessing/gct_extractR/microglia/forward/DGmicrogliares_CA2microgliacon.csv","DGmicrogliares_CA2microgliacon.csv","csv",727282,"2026-06-22 17:41:21","ea62b938791fe8a07177e92c71e51f2767b2861e9506828a93baf22bd921bfd8"
"pride_submission/processed_data/microglia/01_preprocessing/gct_extractR/microglia/forward/DGmicrogliares_CA2microgliares.csv","DGmicrogliares_CA2microgliares.csv","csv",731921,"2026-06-22 17:41:21","bc2e4492d388f96967a50ecec76f23924a94ed3fe48dd0056830220d1ecf42f2"
"pride_submission/processed_data/microglia/01_preprocessing/gct_extractR/microglia/forward/DGmicrogliares_CA2microgliasus.csv","DGmicrogliares_CA2microgliasus.csv","csv",727224,"2026-06-22 17:41:21","bfb0e5e5710d60d0035d0b4a9617cd0af877ea6c818501283f4becf4c14908f0"
"pride_submission/processed_data/microglia/01_preprocessing/gct_extractR/microglia/forward/DGmicrogliares_CA3microgliacon.csv","DGmicrogliares_CA3microgliacon.csv","csv",729823,"2026-06-22 17:41:22","c1cb31b1268f24c9538b6b22f342f32d376b902522cf496b28018d92e53d20ee"
"pride_submission/processed_data/microglia/01_preprocessing/gct_extractR/microglia/forward/DGmicrogliares_CA3microgliares.csv","DGmicrogliares_CA3microgliares.csv","csv",730845,"2026-06-22 17:41:22","53697f2d3afffe8e9c0c6f7615d7ee78ba09473e308f89a9d8d7cbc5bfb0f86d"
"pride_submission/processed_data/microglia/01_preprocessing/gct_extractR/microglia/forward/DGmicrogliares_CA3microgliasus.csv","DGmicrogliares_CA3microgliasus.csv","csv",732910,"2026-06-22 17:41:23","d2aecd5494be99b1cb68ee56d44afcdfa0ba26203d4b39850de252238a752205"
"pride_submission/processed_data/microglia/01_preprocessing/gct_extractR/microglia/forward/DGmicrogliares_DGmicrogliacon.csv","DGmicrogliares_DGmicrogliacon.csv","csv",732780,"2026-06-22 17:41:23","1a1d1a4c0a8dd60e34594c2a65ba76e85565e82d6e1a6e4fa7f3d7837e167cc7"
"pride_submission/processed_data/microglia/01_preprocessing/gct_extractR/microglia/forward/DGmicrogliasus_CA1microgliacon.csv","DGmicrogliasus_CA1microgliacon.csv","csv",732287,"2026-06-22 17:41:24","737e29053e0c9e4b53ae20a8b0cb8bdf98a69534206459cd8028ab16edf6e889"
"pride_submission/processed_data/microglia/01_preprocessing/gct_extractR/microglia/forward/DGmicrogliasus_CA1microgliares.csv","DGmicrogliasus_CA1microgliares.csv","csv",733744,"2026-06-22 17:41:24","2af840cf037115c085c7a83bac1fe2be0725ba42444d0d114e596573640c927c"
"pride_submission/processed_data/microglia/01_preprocessing/gct_extractR/microglia/forward/DGmicrogliasus_CA1microgliasus.csv","DGmicrogliasus_CA1microgliasus.csv","csv",734711,"2026-06-22 17:41:25","f6892d3743a1f0f8e32b1786b05a0eebc85d43185a35c5f4f92bd0cdd721729e"
"pride_submission/processed_data/microglia/01_preprocessing/gct_extractR/microglia/forward/DGmicrogliasus_CA2microgliacon.csv","DGmicrogliasus_CA2microgliacon.csv","csv",727938,"2026-06-22 17:41:25","c59df5e55679f97c61f894be1b234527208df3017aa9f3916fe07362fa64f092"
"pride_submission/processed_data/microglia/01_preprocessing/gct_extractR/microglia/forward/DGmicrogliasus_CA2microgliares.csv","DGmicrogliasus_CA2microgliares.csv","csv",731211,"2026-06-22 17:41:26","a24c6c34bafdfb5b6b3d0efd0205fe2ce4b8837f3447173098d188af0ed1663f"
"pride_submission/processed_data/microglia/01_preprocessing/gct_extractR/microglia/forward/DGmicrogliasus_CA2microgliasus.csv","DGmicrogliasus_CA2microgliasus.csv","csv",728318,"2026-06-22 17:41:26","c6daa31dc0ff8a37cd4b8b6d1a9cc37469ea2bd275232bd006ac43272ae029e4"
"pride_submission/processed_data/microglia/01_preprocessing/gct_extractR/microglia/forward/DGmicrogliasus_CA3microgliacon.csv","DGmicrogliasus_CA3microgliacon.csv","csv",733174,"2026-06-22 17:41:27","1629a8d2756f09a8d4ad661cadc63d811ee60b752e80a9cc7d0cae0429e594f9"
"pride_submission/processed_data/microglia/01_preprocessing/gct_extractR/microglia/forward/DGmicrogliasus_CA3microgliares.csv","DGmicrogliasus_CA3microgliares.csv","csv",732304,"2026-06-22 17:41:27","9ffa1f540bacfeec67e6edd85c522d9a1879a045a749eb16a7a3e60c09d91fdf"
"pride_submission/processed_data/microglia/01_preprocessing/gct_extractR/microglia/forward/DGmicrogliasus_CA3microgliasus.csv","DGmicrogliasus_CA3microgliasus.csv","csv",732005,"2026-06-22 17:41:28","9dd3a0f3b4d855e9c4a26fa80834df4a334e105c59fd67ea80689d33f3be8081"
"pride_submission/processed_data/microglia/01_preprocessing/gct_extractR/microglia/forward/DGmicrogliasus_DGmicrogliacon.csv","DGmicrogliasus_DGmicrogliacon.csv","csv",734162,"2026-06-22 17:41:28","d344783c015597eabdd1d835cb1fe099a8a891d0f6bd83ffb3eb5e3a34ed3396"
"pride_submission/processed_data/microglia/01_preprocessing/gct_extractR/microglia/forward/DGmicrogliasus_DGmicrogliares.csv","DGmicrogliasus_DGmicrogliares.csv","csv",736580,"2026-06-22 17:41:28","07ab0070fdd63296a56d92241bdeaf224b3d29e23bf38f84ebb3081d22a65f32"
"pride_submission/processed_data/microglia/01_preprocessing/gct_extractR/microglia/indexComparisons.csv","indexComparisons.csv","csv",55483,"2026-06-22 17:40:57","c1a034a88c90d90a4a42a90426fb642673bd078e5d408768263d7e16457c8e3d"
"pride_submission/processed_data/microglia/01_preprocessing/gct_extractR/microglia/reverse/CA1microgliacon_CA1microgliares.csv","CA1microgliacon_CA1microgliares.csv","csv",735334,"2026-06-22 17:41:29","40b927d6bc5fe28c0f582b9993f0f84e008beb9c40cd2bf260d37b3a43468c62"
"pride_submission/processed_data/microglia/01_preprocessing/gct_extractR/microglia/reverse/CA1microgliacon_CA1microgliasus.csv","CA1microgliacon_CA1microgliasus.csv","csv",735097,"2026-06-22 17:41:29","5d33068fdc218836d30d24d08802377b16296a044ea8faace8f985c2029f1080"
"pride_submission/processed_data/microglia/01_preprocessing/gct_extractR/microglia/reverse/CA1microgliacon_CA2microgliacon.csv","CA1microgliacon_CA2microgliacon.csv","csv",730692,"2026-06-22 17:41:30","5f4e328eafcdbaf2ae650607fced613edfd6c89bc5df9db0033c127aa25dec09"
"pride_submission/processed_data/microglia/01_preprocessing/gct_extractR/microglia/reverse/CA1microgliacon_CA2microgliares.csv","CA1microgliacon_CA2microgliares.csv","csv",730246,"2026-06-22 17:41:30","ca0406313123d52d9b2dff066244a977f9e9c9af9bb43569ecb2c848d07ca7b7"
"pride_submission/processed_data/microglia/01_preprocessing/gct_extractR/microglia/reverse/CA1microgliacon_CA2microgliasus.csv","CA1microgliacon_CA2microgliasus.csv","csv",727843,"2026-06-22 17:41:31","4be3d16b21514fa590dce57a6ecab372cecc02993cb96431de09253311ffbf19"
"pride_submission/processed_data/microglia/01_preprocessing/gct_extractR/microglia/reverse/CA1microgliacon_CA3microgliacon.csv","CA1microgliacon_CA3microgliacon.csv","csv",730040,"2026-06-22 17:41:31","fd0f2f941dce2bd84c552e81dc7f970729eb9b4ff9a1c7fc81bac28c0b815d37"
"pride_submission/processed_data/microglia/01_preprocessing/gct_extractR/microglia/reverse/CA1microgliacon_CA3microgliares.csv","CA1microgliacon_CA3microgliares.csv","csv",732244,"2026-06-22 17:41:32","5f768be386e6aad5470e173b017b8c84d21ef2299903abafde19cb5d1ae899f2"
"pride_submission/processed_data/microglia/01_preprocessing/gct_extractR/microglia/reverse/CA1microgliacon_CA3microgliasus.csv","CA1microgliacon_CA3microgliasus.csv","csv",730381,"2026-06-22 17:41:32","84eca286f45e1d9e3e1afc92c66800932a1d4d35968e966141224ed2b44af333"
"pride_submission/processed_data/microglia/01_preprocessing/gct_extractR/microglia/reverse/CA1microgliacon_DGmicrogliacon.csv","CA1microgliacon_DGmicrogliacon.csv","csv",732142,"2026-06-22 17:41:33","d505d4147967557896b283661e86f5d3a2f354421f334b94904c271f35c4df12"
"pride_submission/processed_data/microglia/01_preprocessing/gct_extractR/microglia/reverse/CA1microgliacon_DGmicrogliares.csv","CA1microgliacon_DGmicrogliares.csv","csv",732200,"2026-06-22 17:41:33","dba797af8316871c4fe21de5c256841f27d2cfd8048a5078b6177715f42e78b1"
"pride_submission/processed_data/microglia/01_preprocessing/gct_extractR/microglia/reverse/CA1microgliacon_DGmicrogliasus.csv","CA1microgliacon_DGmicrogliasus.csv","csv",732443,"2026-06-22 17:41:34","92100ad5a11bc8ec67be0b8fdb45b54f2bdaa86f2aa1dac587aaffa6f463df0e"
"pride_submission/processed_data/microglia/01_preprocessing/gct_extractR/microglia/reverse/CA1microgliares_CA1microgliasus.csv","CA1microgliares_CA1microgliasus.csv","csv",733922,"2026-06-22 17:41:34","6798ee14f39fda243bade8fc4cb5e71b578ef4a817439170ad684eb692faa024"
"pride_submission/processed_data/microglia/01_preprocessing/gct_extractR/microglia/reverse/CA1microgliares_CA2microgliacon.csv","CA1microgliares_CA2microgliacon.csv","csv",730979,"2026-06-22 17:41:34","6e32c352b5f36b174744e58713f0a4a33e59864c83e41ef81f7766b3f4f48591"
"pride_submission/processed_data/microglia/01_preprocessing/gct_extractR/microglia/reverse/CA1microgliares_CA2microgliares.csv","CA1microgliares_CA2microgliares.csv","csv",730130,"2026-06-22 17:41:35","7497a89eced77f1eade5d40c3cafed1ccd5f54340fceb173eba9068fcd9c158a"
"pride_submission/processed_data/microglia/01_preprocessing/gct_extractR/microglia/reverse/CA1microgliares_CA2microgliasus.csv","CA1microgliares_CA2microgliasus.csv","csv",729402,"2026-06-22 17:41:36","272b8fd3d11f0244b0ce73cde4c8bfc2163de51e564ef9e0161d285eea82bc71"
"pride_submission/processed_data/microglia/01_preprocessing/gct_extractR/microglia/reverse/CA1microgliares_CA3microgliacon.csv","CA1microgliares_CA3microgliacon.csv","csv",730323,"2026-06-22 17:41:36","f6310881e9ebda381c7dc0f32044273efa0e42b9ad13d7ea69655399db0fc117"
"pride_submission/processed_data/microglia/01_preprocessing/gct_extractR/microglia/reverse/CA1microgliares_CA3microgliares.csv","CA1microgliares_CA3microgliares.csv","csv",732385,"2026-06-22 17:41:37","b472bc564edbc897bb55799f85766a263a290c64abe20ed891328a76843825f2"
"pride_submission/processed_data/microglia/01_preprocessing/gct_extractR/microglia/reverse/CA1microgliares_CA3microgliasus.csv","CA1microgliares_CA3microgliasus.csv","csv",730817,"2026-06-22 17:41:37","8e637f70a1cca3b4431e96c6a429210ee6daf4bd2889c791aa84cb90ed537209"
"pride_submission/processed_data/microglia/01_preprocessing/gct_extractR/microglia/reverse/CA1microgliares_DGmicrogliacon.csv","CA1microgliares_DGmicrogliacon.csv","csv",733739,"2026-06-22 17:41:38","2c8a815efa71358d11652853996a93d32678ad9c9fdca956a159f218829d863e"
"pride_submission/processed_data/microglia/01_preprocessing/gct_extractR/microglia/reverse/CA1microgliares_DGmicrogliares.csv","CA1microgliares_DGmicrogliares.csv","csv",732650,"2026-06-22 17:41:38","983ebe4225ea3c3f4310ed2f545323aa126de0fc98f036ed33c96cafb7b4306a"
"pride_submission/processed_data/microglia/01_preprocessing/gct_extractR/microglia/reverse/CA1microgliares_DGmicrogliasus.csv","CA1microgliares_DGmicrogliasus.csv","csv",733579,"2026-06-22 17:41:39","cee511d296d495f5caed8760f4c562e887fbcf6294a01cf1b404146c9f34e96c"
"pride_submission/processed_data/microglia/01_preprocessing/gct_extractR/microglia/reverse/CA1microgliasus_CA2microgliacon.csv","CA1microgliasus_CA2microgliacon.csv","csv",731065,"2026-06-22 17:41:39","cf88b86945aa0474d704e94c7b18e5330418e8bd3bc325d205782efee8effcee"
"pride_submission/processed_data/microglia/01_preprocessing/gct_extractR/microglia/reverse/CA1microgliasus_CA2microgliares.csv","CA1microgliasus_CA2microgliares.csv","csv",730750,"2026-06-22 17:41:39","9321bb405dc33a6b8b2745adee266b2614df823ff19a0a26c8ccfc3a92be85df"
"pride_submission/processed_data/microglia/01_preprocessing/gct_extractR/microglia/reverse/CA1microgliasus_CA2microgliasus.csv","CA1microgliasus_CA2microgliasus.csv","csv",729522,"2026-06-22 17:41:40","9c4e1e0f3078e43fad34f8d5214b22e216c8e0af01180dcddd54cd73dbee47a5"
"pride_submission/processed_data/microglia/01_preprocessing/gct_extractR/microglia/reverse/CA1microgliasus_CA3microgliacon.csv","CA1microgliasus_CA3microgliacon.csv","csv",731601,"2026-06-22 17:41:40","465e401d5814cef0ca7da7fa7c0d3e68049b709efa909ac16508f0ab5c561b56"
"pride_submission/processed_data/microglia/01_preprocessing/gct_extractR/microglia/reverse/CA1microgliasus_CA3microgliares.csv","CA1microgliasus_CA3microgliares.csv","csv",732836,"2026-06-22 17:41:41","e7968513b9e7d4870ea19541df1f98c8839edea1cdf1e538bf9b3206bd238cd7"
"pride_submission/processed_data/microglia/01_preprocessing/gct_extractR/microglia/reverse/CA1microgliasus_CA3microgliasus.csv","CA1microgliasus_CA3microgliasus.csv","csv",733391,"2026-06-22 17:41:41","01ff82fc508368456f3ca17fe431a332e3f4150fa073a495d7242baabedb73a6"
"pride_submission/processed_data/microglia/01_preprocessing/gct_extractR/microglia/reverse/CA1microgliasus_DGmicrogliacon.csv","CA1microgliasus_DGmicrogliacon.csv","csv",735122,"2026-06-22 17:41:42","2e22c7fa07f7d1e40ba1f2d143e9a708471c2d15f4eeca875d384e9b0edb3759"
"pride_submission/processed_data/microglia/01_preprocessing/gct_extractR/microglia/reverse/CA1microgliasus_DGmicrogliares.csv","CA1microgliasus_DGmicrogliares.csv","csv",734537,"2026-06-22 17:41:42","0826dce08a13a2cd8d34b377ce7ae2bf7b72d8deb99d9b5698ceff0c2041dfdc"
"pride_submission/processed_data/microglia/01_preprocessing/gct_extractR/microglia/reverse/CA1microgliasus_DGmicrogliasus.csv","CA1microgliasus_DGmicrogliasus.csv","csv",735089,"2026-06-22 17:41:43","f9b8e6f0687e2f4bf75576153601dd878446a47d13e235682d8b30a813c7c310"
"pride_submission/processed_data/microglia/01_preprocessing/gct_extractR/microglia/reverse/CA2microgliacon_CA2microgliares.csv","CA2microgliacon_CA2microgliares.csv","csv",733685,"2026-06-22 17:41:43","ca7d778e16c723038151fcc0c69d8d216db27a8cbbd748388b7d2e8cc69e73ca"
"pride_submission/processed_data/microglia/01_preprocessing/gct_extractR/microglia/reverse/CA2microgliacon_CA2microgliasus.csv","CA2microgliacon_CA2microgliasus.csv","csv",733619,"2026-06-22 17:41:44","3bf2b5011e88e8db72fd634f6bb7b1da59e9f7e7ffb8a5b33f6fba6a1c946124"
"pride_submission/processed_data/microglia/01_preprocessing/gct_extractR/microglia/reverse/CA2microgliacon_CA3microgliacon.csv","CA2microgliacon_CA3microgliacon.csv","csv",729573,"2026-06-22 17:41:44","ddf385b952dce014d51592aa4d16b2aeaf6fb473a41bb50cd1025cb4e3339b5d"
"pride_submission/processed_data/microglia/01_preprocessing/gct_extractR/microglia/reverse/CA2microgliacon_CA3microgliares.csv","CA2microgliacon_CA3microgliares.csv","csv",731147,"2026-06-22 17:41:44","cbd09ac625ce08cdae62d513bbd69e970b17bed6c9f3fc1d2cfecfb6a8dffbc1"
"pride_submission/processed_data/microglia/01_preprocessing/gct_extractR/microglia/reverse/CA2microgliacon_CA3microgliasus.csv","CA2microgliacon_CA3microgliasus.csv","csv",730533,"2026-06-22 17:41:45","6ed029a75ecacc528fa80f6fc05b328510f17037282335d75a05bfd7c26c5c71"
"pride_submission/processed_data/microglia/01_preprocessing/gct_extractR/microglia/reverse/CA2microgliacon_DGmicrogliacon.csv","CA2microgliacon_DGmicrogliacon.csv","csv",731605,"2026-06-22 17:41:45","68e0a1d4db2365ed14db05fa5e3d8a81fe5432c3edcaa4bf356053370101902f"
"pride_submission/processed_data/microglia/01_preprocessing/gct_extractR/microglia/reverse/CA2microgliacon_DGmicrogliares.csv","CA2microgliacon_DGmicrogliares.csv","csv",731396,"2026-06-22 17:41:46","8e2b45cbe84e02cad6125e5ee9be8bb1cefa15dda01173332cfd033380ec7cfc"
"pride_submission/processed_data/microglia/01_preprocessing/gct_extractR/microglia/reverse/CA2microgliacon_DGmicrogliasus.csv","CA2microgliacon_DGmicrogliasus.csv","csv",731644,"2026-06-22 17:41:46","fd7e8f299d91496e3b748f02225ffa3894af9a3e2091c6ba9817da2ab8496e78"
"pride_submission/processed_data/microglia/01_preprocessing/gct_extractR/microglia/reverse/CA2microgliares_CA2microgliasus.csv","CA2microgliares_CA2microgliasus.csv","csv",731930,"2026-06-22 17:41:47","398106511297a7028f3e4466ed3c08c9f850138b5e9164b1793cfdabea1d7267"
"pride_submission/processed_data/microglia/01_preprocessing/gct_extractR/microglia/reverse/CA2microgliares_CA3microgliacon.csv","CA2microgliares_CA3microgliacon.csv","csv",731521,"2026-06-22 17:41:47","e8b9bb9a1510b8ebb0056e9684f1a86a2674222a733964d5897cb45c38f9f4f6"
"pride_submission/processed_data/microglia/01_preprocessing/gct_extractR/microglia/reverse/CA2microgliares_CA3microgliares.csv","CA2microgliares_CA3microgliares.csv","csv",731218,"2026-06-22 17:41:48","6577f8b2f1cafb09e4a46ea3a9e3b71528f9da4ed829cd9fedb9285844600dd2"
"pride_submission/processed_data/microglia/01_preprocessing/gct_extractR/microglia/reverse/CA2microgliares_CA3microgliasus.csv","CA2microgliares_CA3microgliasus.csv","csv",730796,"2026-06-22 17:41:48","632e5837e320e3fb09f5155f1b542868aed9ab563092f623ec194273301da730"
"pride_submission/processed_data/microglia/01_preprocessing/gct_extractR/microglia/reverse/CA2microgliares_DGmicrogliacon.csv","CA2microgliares_DGmicrogliacon.csv","csv",734301,"2026-06-22 17:41:48","f8c0a4133b1a65d8a50cb0af263ed57382fb27bdfbfa97c933c95637128f7656"
"pride_submission/processed_data/microglia/01_preprocessing/gct_extractR/microglia/reverse/CA2microgliares_DGmicrogliares.csv","CA2microgliares_DGmicrogliares.csv","csv",735662,"2026-06-22 17:41:49","62a0e2de8c079f37f35b4e03a01ea0983dfddf6c6da9d4c6533cba7c32a2ade3"
"pride_submission/processed_data/microglia/01_preprocessing/gct_extractR/microglia/reverse/CA2microgliares_DGmicrogliasus.csv","CA2microgliares_DGmicrogliasus.csv","csv",734325,"2026-06-22 17:41:49","6fa72b054372a3a5158a08ce054457a8432da83464177b00030be79526ab25fc"
"pride_submission/processed_data/microglia/01_preprocessing/gct_extractR/microglia/reverse/CA2microgliasus_CA3microgliacon.csv","CA2microgliasus_CA3microgliacon.csv","csv",729802,"2026-06-22 17:41:50","9c3bfafced985e171e569d22e4fc5671c6504595f0936d9cff062b25d98c2b89"
"pride_submission/processed_data/microglia/01_preprocessing/gct_extractR/microglia/reverse/CA2microgliasus_CA3microgliares.csv","CA2microgliasus_CA3microgliares.csv","csv",728859,"2026-06-22 17:41:50","08076ea493fdcb41e57e7acd46db8044a087e927ea23d8e930a11333b1a15182"
"pride_submission/processed_data/microglia/01_preprocessing/gct_extractR/microglia/reverse/CA2microgliasus_CA3microgliasus.csv","CA2microgliasus_CA3microgliasus.csv","csv",730721,"2026-06-22 17:41:51","647a4a253b9ae3617912a8420d938dedc316fef1de80ef7704d3931904b66fad"
"pride_submission/processed_data/microglia/01_preprocessing/gct_extractR/microglia/reverse/CA2microgliasus_DGmicrogliacon.csv","CA2microgliasus_DGmicrogliacon.csv","csv",731338,"2026-06-22 17:41:51","48ae84176ed3369906622c33195e96cb32b308cb540abd308a7c6740fdf7d639"
"pride_submission/processed_data/microglia/01_preprocessing/gct_extractR/microglia/reverse/CA2microgliasus_DGmicrogliares.csv","CA2microgliasus_DGmicrogliares.csv","csv",731905,"2026-06-22 17:41:52","eb0a3334ade34c8ccdc657ff6ca679b69b3b76ee1ef2718ebc9fa993c9358ab5"
"pride_submission/processed_data/microglia/01_preprocessing/gct_extractR/microglia/reverse/CA2microgliasus_DGmicrogliasus.csv","CA2microgliasus_DGmicrogliasus.csv","csv",732788,"2026-06-22 17:41:52","5b02e03630a61a6af9c7ec6f8bca6e0fded594933fd5d39a59d3218f87472f23"
"pride_submission/processed_data/microglia/01_preprocessing/gct_extractR/microglia/reverse/CA3microgliacon_CA3microgliares.csv","CA3microgliacon_CA3microgliares.csv","csv",656162,"2026-06-22 17:41:52","7f2effb5e97dc1c8d376cfec8c8f37118e714075a6c38a91275208fc843d83a5"
"pride_submission/processed_data/microglia/01_preprocessing/gct_extractR/microglia/reverse/CA3microgliacon_CA3microgliasus.csv","CA3microgliacon_CA3microgliasus.csv","csv",736457,"2026-06-22 17:41:53","e1c4d7ea6a8d8daf431ba849346787f4e3416ed6675608f81d7c8ac695873168"
"pride_submission/processed_data/microglia/01_preprocessing/gct_extractR/microglia/reverse/CA3microgliacon_DGmicrogliacon.csv","CA3microgliacon_DGmicrogliacon.csv","csv",733362,"2026-06-22 17:41:53","f6773a07c4d5fcf4a9e62ae6caf27525971aff6176535de1fef57dd273d7b284"
"pride_submission/processed_data/microglia/01_preprocessing/gct_extractR/microglia/reverse/CA3microgliacon_DGmicrogliares.csv","CA3microgliacon_DGmicrogliares.csv","csv",731939,"2026-06-22 17:41:54","2ad11ce30866b7eb39bf94daee7fc28851ad4a37676cc4fe5f9c857236372e97"
"pride_submission/processed_data/microglia/01_preprocessing/gct_extractR/microglia/reverse/CA3microgliacon_DGmicrogliasus.csv","CA3microgliacon_DGmicrogliasus.csv","csv",734869,"2026-06-22 17:41:54","34ace4e1f3bbb81f9dd9b039d2f34d2b176fdf4c99275168086bdb1eefbaf34e"
"pride_submission/processed_data/microglia/01_preprocessing/gct_extractR/microglia/reverse/CA3microgliares_CA3microgliasus.csv","CA3microgliares_CA3microgliasus.csv","csv",734041,"2026-06-22 17:41:55","f58df71074f0ef416c64139a060439be5b7e373a4f06aad7562f637afb935169"
"pride_submission/processed_data/microglia/01_preprocessing/gct_extractR/microglia/reverse/CA3microgliares_DGmicrogliacon.csv","CA3microgliares_DGmicrogliacon.csv","csv",734215,"2026-06-22 17:41:55","45f7522e8687053ca19f012f42dc03dd726825616674e8ff77ad143d566c0151"
"pride_submission/processed_data/microglia/01_preprocessing/gct_extractR/microglia/reverse/CA3microgliares_DGmicrogliares.csv","CA3microgliares_DGmicrogliares.csv","csv",732953,"2026-06-22 17:41:56","0e36a34683d02b116599fc372ff744641ab2f220039c99164c7871abdeff94da"
"pride_submission/processed_data/microglia/01_preprocessing/gct_extractR/microglia/reverse/CA3microgliares_DGmicrogliasus.csv","CA3microgliares_DGmicrogliasus.csv","csv",733798,"2026-06-22 17:41:56","031cbf7a79ff7a11e8d7ca24a67959169e688aa77ec487b0594be306a3732797"
"pride_submission/processed_data/microglia/01_preprocessing/gct_extractR/microglia/reverse/CA3microgliasus_DGmicrogliacon.csv","CA3microgliasus_DGmicrogliacon.csv","csv",732414,"2026-06-22 17:41:57","514e2a5430baad906539b78ee50c0c804c1439ffe920cefb7659d6f7bf76a394"
"pride_submission/processed_data/microglia/01_preprocessing/gct_extractR/microglia/reverse/CA3microgliasus_DGmicrogliares.csv","CA3microgliasus_DGmicrogliares.csv","csv",735455,"2026-06-22 17:41:57","c04731c2dbb2d2a375601d82372b87279d461f201075c686272118126ff41e57"
"pride_submission/processed_data/microglia/01_preprocessing/gct_extractR/microglia/reverse/CA3microgliasus_DGmicrogliasus.csv","CA3microgliasus_DGmicrogliasus.csv","csv",734104,"2026-06-22 17:41:58","44f058dcfb2498b31322c85607fc631eb4a60b3cd5d6d0564b39217413fb0c67"
"pride_submission/processed_data/microglia/01_preprocessing/gct_extractR/microglia/reverse/DGmicrogliacon_DGmicrogliares.csv","DGmicrogliacon_DGmicrogliares.csv","csv",736228,"2026-06-22 17:41:58","f95712a01c222eb6959532300c041b445b3017b95d70737edc86427efa09e527"
"pride_submission/processed_data/microglia/01_preprocessing/gct_extractR/microglia/reverse/DGmicrogliacon_DGmicrogliasus.csv","DGmicrogliacon_DGmicrogliasus.csv","csv",735291,"2026-06-22 17:41:59","c703482d17f19fd30b8350862eb7445e9184eb2b6077a53b6e3e88a88df78092"
"pride_submission/processed_data/microglia/01_preprocessing/gct_extractR/microglia/reverse/DGmicrogliares_DGmicrogliasus.csv","DGmicrogliares_DGmicrogliasus.csv","csv",734873,"2026-06-22 17:41:59","e65a2ff1ff630e554384b84319f00310e72b83d37bda0bc700635436b590f942"
"pride_submission/processed_data/microglia/01_preprocessing/impute/20260526_pgmatrix_imputed_microglia_72samples_missing70pct.xlsx","20260526_pgmatrix_imputed_microglia_72samples_missing70pct.xlsx","xlsx",5021703,"2026-06-22 17:40:54","8868403d4d4a059bc7fa58adfa5de4d3d9c66d2112b297ef0085f5cddd492ee0"
"pride_submission/processed_data/microglia/01_preprocessing/impute/20260601_pgmatrix_imputed_microglia_72samples_missing70pct.xlsx","20260601_pgmatrix_imputed_microglia_72samples_missing70pct.xlsx","xlsx",5021702,"2026-06-22 17:40:56","db1de90ba7ce8c4ed539b16b62a5bb6c9cfb69713b490b29dcfefb44adb34091"
"pride_submission/processed_data/microglia/01_preprocessing/protigy_output/microglia/microglia_protigy_20260218.gct","microglia_protigy_20260218.gct","gct",43452386,"2026-06-22 17:42:10","97521944b6d31cc8c1030f4c849fbe8396963456f9f4e4cebfcb7b255505d390"
"pride_submission/processed_data/microglia/02_id_mapping/mapped/microglia/forward/per_file/CA1microgliares_CA1microgliacon.csv","CA1microgliares_CA1microgliacon.csv","csv",311367,"2026-06-22 17:42:14","ed0f9b24d4d1ab8731822213f53875d4d6499ad3574fe6c12e0176a1f564e11d"
"pride_submission/processed_data/microglia/02_id_mapping/mapped/microglia/forward/per_file/CA1microgliasus_CA1microgliacon.csv","CA1microgliasus_CA1microgliacon.csv","csv",311890,"2026-06-22 17:42:14","6c033bf7dff19e8d45aa7ce23a05b30cef671289116cee84462d84a9a5702492"
"pride_submission/processed_data/microglia/02_id_mapping/mapped/microglia/forward/per_file/CA1microgliasus_CA1microgliares.csv","CA1microgliasus_CA1microgliares.csv","csv",312143,"2026-06-22 17:42:14","cf503c79770a530956a8ef7572fffa43f4a515d4107663f5ff4646dcb70b9f79"
"pride_submission/processed_data/microglia/02_id_mapping/mapped/microglia/forward/per_file/CA2microgliacon_CA1microgliacon.csv","CA2microgliacon_CA1microgliacon.csv","csv",311671,"2026-06-22 17:42:15","7e52e526df9db8e1cc096789c36ee64a594472d62c6dfcb24667fd7a79fbb5eb"
"pride_submission/processed_data/microglia/02_id_mapping/mapped/microglia/forward/per_file/CA2microgliacon_CA1microgliares.csv","CA2microgliacon_CA1microgliares.csv","csv",312375,"2026-06-22 17:42:15","940a0de0350a860a6ff29beab5cd62253bc233bdd73eeb9b283e5f2423ba8e3f"
"pride_submission/processed_data/microglia/02_id_mapping/mapped/microglia/forward/per_file/CA2microgliacon_CA1microgliasus.csv","CA2microgliacon_CA1microgliasus.csv","csv",311594,"2026-06-22 17:42:15","1503b3d5f89dc3a0212cadc2323b2e860b73815967e6bdefa4e22ce1ee5dfefc"
"pride_submission/processed_data/microglia/02_id_mapping/mapped/microglia/forward/per_file/CA2microgliares_CA1microgliacon.csv","CA2microgliares_CA1microgliacon.csv","csv",311923,"2026-06-22 17:42:16","5c37fa299b3febd8de42194d2d8b5071e6ef187188cafefc7377361d51e43202"
"pride_submission/processed_data/microglia/02_id_mapping/mapped/microglia/forward/per_file/CA2microgliares_CA1microgliares.csv","CA2microgliares_CA1microgliares.csv","csv",312251,"2026-06-22 17:42:16","44e75b89149fdaa9ed74284a5fa5405c392e061f815ef0b067a4a0e93daca13a"
"pride_submission/processed_data/microglia/02_id_mapping/mapped/microglia/forward/per_file/CA2microgliares_CA1microgliasus.csv","CA2microgliares_CA1microgliasus.csv","csv",311833,"2026-06-22 17:42:16","16a86fe078fd89beb98919277f42b499e7ace29afef641c80db20be342bef9e0"
"pride_submission/processed_data/microglia/02_id_mapping/mapped/microglia/forward/per_file/CA2microgliares_CA2microgliacon.csv","CA2microgliares_CA2microgliacon.csv","csv",310583,"2026-06-22 17:42:17","cc5ad02638f0bd5fe4e532ffb1bfcd08f3a608cbc319f0084b3cf7bd1bbf244c"
"pride_submission/processed_data/microglia/02_id_mapping/mapped/microglia/forward/per_file/CA2microgliasus_CA1microgliacon.csv","CA2microgliasus_CA1microgliacon.csv","csv",311621,"2026-06-22 17:42:17","bb241d1dfc211a7f68cc156288ec69e9ce8edeaf3819d8b7355ebb23c700a6e7"
"pride_submission/processed_data/microglia/02_id_mapping/mapped/microglia/forward/per_file/CA2microgliasus_CA1microgliares.csv","CA2microgliasus_CA1microgliares.csv","csv",311784,"2026-06-22 17:42:18","85a6b6cb8f2c5d98ba9b357c84163ed548364ce9363d7fdb9e4b3216d161f0cf"
"pride_submission/processed_data/microglia/02_id_mapping/mapped/microglia/forward/per_file/CA2microgliasus_CA1microgliasus.csv","CA2microgliasus_CA1microgliasus.csv","csv",311798,"2026-06-22 17:42:18","903c357c25e6b905aa86469a86e7a4e79c0ce703043b626ded71d2cf8b9bb274"
"pride_submission/processed_data/microglia/02_id_mapping/mapped/microglia/forward/per_file/CA2microgliasus_CA2microgliacon.csv","CA2microgliasus_CA2microgliacon.csv","csv",311795,"2026-06-22 17:42:19","fb508470cefb183252a10c6309a34cd76363c46c8283494894e5dd84cf91951b"
"pride_submission/processed_data/microglia/02_id_mapping/mapped/microglia/forward/per_file/CA2microgliasus_CA2microgliares.csv","CA2microgliasus_CA2microgliares.csv","csv",311403,"2026-06-22 17:42:19","972e43c3037c5beb978d031ef380c341886fc1c56c11f3e1e4ed567de34efa99"
"pride_submission/processed_data/microglia/02_id_mapping/mapped/microglia/forward/per_file/CA3microgliacon_CA1microgliacon.csv","CA3microgliacon_CA1microgliacon.csv","csv",311080,"2026-06-22 17:42:20","962c913cd454255780923db204adf8d87c1ae09c30e90fc8339b45f9bd15c04f"
"pride_submission/processed_data/microglia/02_id_mapping/mapped/microglia/forward/per_file/CA3microgliacon_CA1microgliares.csv","CA3microgliacon_CA1microgliares.csv","csv",312016,"2026-06-22 17:42:20","a51090c33fcde568581b7630a8b58d81a3e34564cfdcfe051705e82ac25ad2f8"
"pride_submission/processed_data/microglia/02_id_mapping/mapped/microglia/forward/per_file/CA3microgliacon_CA1microgliasus.csv","CA3microgliacon_CA1microgliasus.csv","csv",311498,"2026-06-22 17:42:20","ce4c6f399ab33ddd3d27d0331fcbc7a14ab85244b3610b5ba300f6c68bb9864b"
"pride_submission/processed_data/microglia/02_id_mapping/mapped/microglia/forward/per_file/CA3microgliacon_CA2microgliacon.csv","CA3microgliacon_CA2microgliacon.csv","csv",309634,"2026-06-22 17:42:21","7a2239b62fa0c70882c2d860880a7ac495aa771120956273b77500e0f4c333f4"
"pride_submission/processed_data/microglia/02_id_mapping/mapped/microglia/forward/per_file/CA3microgliacon_CA2microgliares.csv","CA3microgliacon_CA2microgliares.csv","csv",310907,"2026-06-22 17:42:21","c82928a73895517af823de3b1049d6d9ddb5d8f34a4ae8510bc8e4dc9ea91b62"
"pride_submission/processed_data/microglia/02_id_mapping/mapped/microglia/forward/per_file/CA3microgliacon_CA2microgliasus.csv","CA3microgliacon_CA2microgliasus.csv","csv",308848,"2026-06-22 17:42:21","2f129146a7748c20573fa1fde0c9b2dfb288ed7aa38b2829863c78c29d1c5ee3"
"pride_submission/processed_data/microglia/02_id_mapping/mapped/microglia/forward/per_file/CA3microgliares_CA1microgliacon.csv","CA3microgliares_CA1microgliacon.csv","csv",311865,"2026-06-22 17:42:22","ed0f776a6aebf1afd34b6aadf11b4f151970f347afae09ffbf5c9674827ce314"
"pride_submission/processed_data/microglia/02_id_mapping/mapped/microglia/forward/per_file/CA3microgliares_CA1microgliares.csv","CA3microgliares_CA1microgliares.csv","csv",312613,"2026-06-22 17:42:22","eb054339b5da654599fb8f266c4fbf6f9f407486b14b6b065ae541edcb722c2e"
"pride_submission/processed_data/microglia/02_id_mapping/mapped/microglia/forward/per_file/CA3microgliares_CA1microgliasus.csv","CA3microgliares_CA1microgliasus.csv","csv",312460,"2026-06-22 17:42:23","876167902e5f43d931ca5422510300c54b192cdc7921dec4a738eb58255b12ba"
"pride_submission/processed_data/microglia/02_id_mapping/mapped/microglia/forward/per_file/CA3microgliares_CA2microgliacon.csv","CA3microgliares_CA2microgliacon.csv","csv",310023,"2026-06-22 17:42:23","da4ed19d77627b898957879c7f59a12e903bffc6276b32f50e1b537ec043663d"
"pride_submission/processed_data/microglia/02_id_mapping/mapped/microglia/forward/per_file/CA3microgliares_CA2microgliares.csv","CA3microgliares_CA2microgliares.csv","csv",310422,"2026-06-22 17:42:23","712b82338bb1b2b92e2cabc55505068350cca818f0445c804fd4a0aac2cc05b1"
"pride_submission/processed_data/microglia/02_id_mapping/mapped/microglia/forward/per_file/CA3microgliares_CA2microgliasus.csv","CA3microgliares_CA2microgliasus.csv","csv",309076,"2026-06-22 17:42:24","3ce33330bb85fde65cd2a8da0842bfbfa3ef539d6ccba074af9450a972961484"
"pride_submission/processed_data/microglia/02_id_mapping/mapped/microglia/forward/per_file/CA3microgliares_CA3microgliacon.csv","CA3microgliares_CA3microgliacon.csv","csv",230945,"2026-06-22 17:42:24","9440a458fd6515d2cadd6f8c64c84ac5efde5990e4fe122ba4c2172b0c4a475b"
"pride_submission/processed_data/microglia/02_id_mapping/mapped/microglia/forward/per_file/CA3microgliasus_CA1microgliacon.csv","CA3microgliasus_CA1microgliacon.csv","csv",311816,"2026-06-22 17:42:25","0db2c5d8fa34b221b98b7c1a7882095e21ba29d9afa06939e3bed9ed2689943e"
"pride_submission/processed_data/microglia/02_id_mapping/mapped/microglia/forward/per_file/CA3microgliasus_CA1microgliares.csv","CA3microgliasus_CA1microgliares.csv","csv",312155,"2026-06-22 17:42:25","3c9545983d83df19ff6998d67815715df242922b84cab8de05da0b4dd7069184"
"pride_submission/processed_data/microglia/02_id_mapping/mapped/microglia/forward/per_file/CA3microgliasus_CA1microgliasus.csv","CA3microgliasus_CA1microgliasus.csv","csv",312293,"2026-06-22 17:42:26","b561d8d73b00987ecb73714c87bd6477bb7e66ccad2333bb6e95dc81c8da807d"
"pride_submission/processed_data/microglia/02_id_mapping/mapped/microglia/forward/per_file/CA3microgliasus_CA2microgliacon.csv","CA3microgliasus_CA2microgliacon.csv","csv",310053,"2026-06-22 17:42:26","16021281227d599ff4fa8800d2148e66a87132c678059821883aaa3fd18b8117"
"pride_submission/processed_data/microglia/02_id_mapping/mapped/microglia/forward/per_file/CA3microgliasus_CA2microgliares.csv","CA3microgliasus_CA2microgliares.csv","csv",310256,"2026-06-22 17:42:26","aafa90079bbc9878cc182f40afab32fed179ae79588864aed4b2c54acf030fd1"
"pride_submission/processed_data/microglia/02_id_mapping/mapped/microglia/forward/per_file/CA3microgliasus_CA2microgliasus.csv","CA3microgliasus_CA2microgliasus.csv","csv",310063,"2026-06-22 17:42:27","418e868ab9bbbfaa2dec1ae8d01b3cf3ec37eb08144ff6e723c695fb3a9e4ea9"
"pride_submission/processed_data/microglia/02_id_mapping/mapped/microglia/forward/per_file/CA3microgliasus_CA3microgliacon.csv","CA3microgliasus_CA3microgliacon.csv","csv",312881,"2026-06-22 17:42:27","76b111c97604a90069fc8942ce7540377d3aa9e3982fb821dc971c59216a8e03"
"pride_submission/processed_data/microglia/02_id_mapping/mapped/microglia/forward/per_file/CA3microgliasus_CA3microgliares.csv","CA3microgliasus_CA3microgliares.csv","csv",311983,"2026-06-22 17:42:28","b3da1ad96bed8136148b9a83a71a4fb73e8cbe08a634aca0e3ccd53ea38d628d"
"pride_submission/processed_data/microglia/02_id_mapping/mapped/microglia/forward/per_file/DGmicrogliacon_CA1microgliacon.csv","DGmicrogliacon_CA1microgliacon.csv","csv",311884,"2026-06-22 17:42:28","83e6b3b3a9f8860391e241067b7acfdc9c59f80c6d4556ecc283231436f83c45"
"pride_submission/processed_data/microglia/02_id_mapping/mapped/microglia/forward/per_file/DGmicrogliacon_CA1microgliares.csv","DGmicrogliacon_CA1microgliares.csv","csv",312838,"2026-06-22 17:42:28","9ce66ae09e44dfa1f0103851cc5e3753716aa6f0a703288050362b6fe5bffee4"
"pride_submission/processed_data/microglia/02_id_mapping/mapped/microglia/forward/per_file/DGmicrogliacon_CA1microgliasus.csv","DGmicrogliacon_CA1microgliasus.csv","csv",313346,"2026-06-22 17:42:29","322cae89ec574d134efe1b3e27e63e238e75ca1924a933b169d73a1c75d621a9"
"pride_submission/processed_data/microglia/02_id_mapping/mapped/microglia/forward/per_file/DGmicrogliacon_CA2microgliacon.csv","DGmicrogliacon_CA2microgliacon.csv","csv",310545,"2026-06-22 17:42:29","ae80b75f2c8015128b1a80ebdf9af046f778b84f3051578c8cbf8bec429eccdf"
"pride_submission/processed_data/microglia/02_id_mapping/mapped/microglia/forward/per_file/DGmicrogliacon_CA2microgliares.csv","DGmicrogliacon_CA2microgliares.csv","csv",312391,"2026-06-22 17:42:29","dbbf7d3dddc9a8a96a8c0dde849371e5f273220b3931c8519d7b4b9e23c436f1"
"pride_submission/processed_data/microglia/02_id_mapping/mapped/microglia/forward/per_file/DGmicrogliacon_CA2microgliasus.csv","DGmicrogliacon_CA2microgliasus.csv","csv",310923,"2026-06-22 17:42:30","a252b39ae3f2ace5a55b9aa27ed29ac4f1531324cc2dd43b17bd4961096fc876"
"pride_submission/processed_data/microglia/02_id_mapping/mapped/microglia/forward/per_file/DGmicrogliacon_CA3microgliacon.csv","DGmicrogliacon_CA3microgliacon.csv","csv",312177,"2026-06-22 17:42:30","65f956f6e82d9b3af7f7c613497953f038755af17d0c8bac56c19e9f90313d2b"
"pride_submission/processed_data/microglia/02_id_mapping/mapped/microglia/forward/per_file/DGmicrogliacon_CA3microgliares.csv","DGmicrogliacon_CA3microgliares.csv","csv",312859,"2026-06-22 17:42:30","e53a43e9977aa9a41f3c22cfb9555dc1748344d70f694f75027fb718fa65f44a"
"pride_submission/processed_data/microglia/02_id_mapping/mapped/microglia/forward/per_file/DGmicrogliacon_CA3microgliasus.csv","DGmicrogliacon_CA3microgliasus.csv","csv",312077,"2026-06-22 17:42:31","a153064fb0610c0241bd886c9862d4a75b9fa0bd1e673fbbe3a6b77814f25446"
"pride_submission/processed_data/microglia/02_id_mapping/mapped/microglia/forward/per_file/DGmicrogliares_CA1microgliacon.csv","DGmicrogliares_CA1microgliacon.csv","csv",311894,"2026-06-22 17:42:31","e18738e19145068f9b454771114e3bad8a34c4ce99d0cc4de87b41a41544d1ea"
"pride_submission/processed_data/microglia/02_id_mapping/mapped/microglia/forward/per_file/DGmicrogliares_CA1microgliares.csv","DGmicrogliares_CA1microgliares.csv","csv",312762,"2026-06-22 17:42:32","25b8b39dcb183d3a0844e1d34f084c9f8d04ea0ebd5a1a0ec1a59b689d2f685c"
"pride_submission/processed_data/microglia/02_id_mapping/mapped/microglia/forward/per_file/DGmicrogliares_CA1microgliasus.csv","DGmicrogliares_CA1microgliasus.csv","csv",312949,"2026-06-22 17:42:32","8773f943652a7ea74304c5f1bfb0913df5ae909fa520e5efe58f1ff72da8bede"
"pride_submission/processed_data/microglia/02_id_mapping/mapped/microglia/forward/per_file/DGmicrogliares_CA2microgliacon.csv","DGmicrogliares_CA2microgliacon.csv","csv",311198,"2026-06-22 17:42:32","4223ab4319098c82c40bc94e7a15d314ff252a1897aa93ad54aea4a94ffb58e6"
"pride_submission/processed_data/microglia/02_id_mapping/mapped/microglia/forward/per_file/DGmicrogliares_CA2microgliares.csv","DGmicrogliares_CA2microgliares.csv","csv",313408,"2026-06-22 17:42:33","f4581d94fc5090f12f19bfdd7221b97a346ceb6dd2cfa72dd2512daba155622c"
"pride_submission/processed_data/microglia/02_id_mapping/mapped/microglia/forward/per_file/DGmicrogliares_CA2microgliasus.csv","DGmicrogliares_CA2microgliasus.csv","csv",311316,"2026-06-22 17:42:33","f32bf8718556602bc88f4417063325f6ed79f34421cd6f6ff429d0fecd55a0f4"
"pride_submission/processed_data/microglia/02_id_mapping/mapped/microglia/forward/per_file/DGmicrogliares_CA3microgliacon.csv","DGmicrogliares_CA3microgliacon.csv","csv",312100,"2026-06-22 17:42:33","43f0dff345bee50b36f634c1ce16da4d5ac45acf699a418d0e6522cef8602ff9"
"pride_submission/processed_data/microglia/02_id_mapping/mapped/microglia/forward/per_file/DGmicrogliares_CA3microgliares.csv","DGmicrogliares_CA3microgliares.csv","csv",312180,"2026-06-22 17:42:34","5b5870f7014d9e4191ade7d62fa8304085b924764647d79ff7e8cb27f04aeaf3"
"pride_submission/processed_data/microglia/02_id_mapping/mapped/microglia/forward/per_file/DGmicrogliares_CA3microgliasus.csv","DGmicrogliares_CA3microgliasus.csv","csv",313042,"2026-06-22 17:42:34","59d652cd2bfb3a70c825c327c67df0df23f47eeec7ebe93999f3f8f51337a708"
"pride_submission/processed_data/microglia/02_id_mapping/mapped/microglia/forward/per_file/DGmicrogliares_DGmicrogliacon.csv","DGmicrogliares_DGmicrogliacon.csv","csv",311855,"2026-06-22 17:42:35","5df09c5f7998730fea166279095ecc6152e93e5b9b79ffde4dbb844c59dac6bd"
"pride_submission/processed_data/microglia/02_id_mapping/mapped/microglia/forward/per_file/DGmicrogliasus_CA1microgliacon.csv","DGmicrogliasus_CA1microgliacon.csv","csv",312008,"2026-06-22 17:42:36","461652fef6aac943f2110c9c85bd93ee1c174da3832772b26b08e070eb0e4068"
"pride_submission/processed_data/microglia/02_id_mapping/mapped/microglia/forward/per_file/DGmicrogliasus_CA1microgliares.csv","DGmicrogliasus_CA1microgliares.csv","csv",312989,"2026-06-22 17:42:36","df148db623495c5af8f458fc01f8627d5b52a4e91d4adea9bf91d82660d50efd"
"pride_submission/processed_data/microglia/02_id_mapping/mapped/microglia/forward/per_file/DGmicrogliasus_CA1microgliasus.csv","DGmicrogliasus_CA1microgliasus.csv","csv",313018,"2026-06-22 17:42:37","aace5ba121392ba1f713e67aa05d785e3571f1dd9395f3586e8ae840cb111f92"
"pride_submission/processed_data/microglia/02_id_mapping/mapped/microglia/forward/per_file/DGmicrogliasus_CA2microgliacon.csv","DGmicrogliasus_CA2microgliacon.csv","csv",311099,"2026-06-22 17:42:37","caacf67b58c6ab63420a13e88066b2d59922becf0ab8727626ab65172969cd8e"
"pride_submission/processed_data/microglia/02_id_mapping/mapped/microglia/forward/per_file/DGmicrogliasus_CA2microgliares.csv","DGmicrogliasus_CA2microgliares.csv","csv",312705,"2026-06-22 17:42:38","00b8ed21c75130117ecf6bbe662608e7a3c6040cc8d20e5e28c9671e75fb55af"
"pride_submission/processed_data/microglia/02_id_mapping/mapped/microglia/forward/per_file/DGmicrogliasus_CA2microgliasus.csv","DGmicrogliasus_CA2microgliasus.csv","csv",311363,"2026-06-22 17:42:38","53c1ba973739f4bef4af3a32f973aedc69c7dcf40e753ae55fd1f12db46d101d"
"pride_submission/processed_data/microglia/02_id_mapping/mapped/microglia/forward/per_file/DGmicrogliasus_CA3microgliacon.csv","DGmicrogliasus_CA3microgliacon.csv","csv",312511,"2026-06-22 17:42:39","f032e808d42b02a45f0c9d18e990b3bd1450711d8e23801bad51e28c99ed4178"
"pride_submission/processed_data/microglia/02_id_mapping/mapped/microglia/forward/per_file/DGmicrogliasus_CA3microgliares.csv","DGmicrogliasus_CA3microgliares.csv","csv",312452,"2026-06-22 17:42:39","711f4f9fbe03f80251707703839f2d34362016f84edfb7aff9427dcc8438df6e"
"pride_submission/processed_data/microglia/02_id_mapping/mapped/microglia/forward/per_file/DGmicrogliasus_CA3microgliasus.csv","DGmicrogliasus_CA3microgliasus.csv","csv",312322,"2026-06-22 17:42:39","daeea63eac7ffaf297dc1818e5a609314a4420cfcf4f240fd5dc11ea863a5605"
"pride_submission/processed_data/microglia/02_id_mapping/mapped/microglia/forward/per_file/DGmicrogliasus_DGmicrogliacon.csv","DGmicrogliasus_DGmicrogliacon.csv","csv",310810,"2026-06-22 17:42:40","334b5b494d2ff089305326bbbd8102ce20617095c48a78a1d5d67ddcb1a7b7ce"
"pride_submission/processed_data/microglia/02_id_mapping/mapped/microglia/forward/per_file/DGmicrogliasus_DGmicrogliares.csv","DGmicrogliasus_DGmicrogliares.csv","csv",312616,"2026-06-22 17:42:40","7572ed2d00d29ee5b7b667f46edcef275813b3ae2d65c29626f409c63e17352e"
"pride_submission/processed_data/microglia/04_differential_expression_enrichment/clusterProfiler/microglia/clusterProfiler_manifest.csv","clusterProfiler_manifest.csv","csv",27678,"2026-06-22 17:42:41","344db8ce94070f3fdea4fa6eb52edf635295c2a4218743dee9fc61daa15246bd"
"pride_submission/processed_data/microglia/04_differential_expression_enrichment/clusterProfiler/microglia/phenotype_within_unit/DG_microglia/DGmicrogliares_DGmicrogliacon/QC_summary.csv","QC_summary.csv","csv",306,"2026-06-22 17:42:51","11d3dc1bf776d14b0ab253424e98e5b5b52aa7aff11b6618e7ae1d89e1190694"
"pride_submission/processed_data/microglia/04_differential_expression_enrichment/clusterProfiler/microglia/phenotype_within_unit/DG_microglia/DGmicrogliasus_DGmicrogliacon/QC_summary.csv","QC_summary.csv","csv",304,"2026-06-22 17:42:52","b82febc53c6ae6bc45cc6fc43361ba69acbcd37812008e7ee0284ecf65c0670b"
"pride_submission/processed_data/microglia/04_differential_expression_enrichment/clusterProfiler/microglia/phenotype_within_unit/DG_microglia/DGmicrogliasus_DGmicrogliares/QC_summary.csv","QC_summary.csv","csv",307,"2026-06-22 17:42:53","941f02e53e2af69bfc5f172d1929e2ceea2b48b177735dc94955689d105c9da7"
"pride_submission/processed_data/microglia/04_differential_expression_enrichment/compareGO/microglia/compareGO_input_manifest.csv","compareGO_input_manifest.csv","csv",13512,"2026-06-22 17:42:53","04931723e380c65ce58ab8654f2373aae0a90168b09061f768427c62f9d038cf"
"pride_submission/processed_data/microglia/pg_matrix_reference/quicksearch.pg_matrix.tsv","quicksearch.pg_matrix.tsv","tsv",13223329,"2026-06-22 17:40:30","e753fc266322f8c25c8bcb27e95f1693131ca695bf9bbc8265332ab820f2c9bb"
"pride_submission/processed_data/microglia/pg_matrix_reference/quicksearch.stats.annotated.xlsx","quicksearch.stats.annotated.xlsx","xlsx",95371,"2026-06-22 17:40:30","ab1b07e18af2d12cc4612e968106029a25e72fde5c8966a462e660a02d17f942"
"pride_submission/processed_data/neuron_neuropil/01_preprocessing/excel_convert/20260526_pgmatrix_imputed_neuron_neuropil_180samples_missing70pct_with_metadata.gct","20260526_pgmatrix_imputed_neuron_neuropil_180samples_missing70pct_with_metadata.gct","gct",16317870,"2026-06-22 17:34:16","88f5998dc39668afb81f74f8cec6459721dc598559275bd629efc8083546a330"
"pride_submission/processed_data/neuron_neuropil/01_preprocessing/excel_convert/20260526_pgmatrix_imputed_neuron_neuropil_180samples_missing70pct_with_metadata.xlsx","20260526_pgmatrix_imputed_neuron_neuropil_180samples_missing70pct_with_metadata.xlsx","xlsx",11473799,"2026-06-22 17:34:19","8ea88a720e8e4c3a9cff69b4a9dbf52e61dbcb75ba6f1b4f569a4ec461858e13"
"pride_submission/processed_data/neuron_neuropil/01_preprocessing/gct_extractR/neuron_neuropil/forward/CA1slmres_CA1slmcon.csv","CA1slmres_CA1slmcon.csv","csv",507973,"2026-06-22 17:33:42","48e10e247e6576bb315598be0b99236a7b4ea2992f76d708290bfb40ff6022cb"
"pride_submission/processed_data/neuron_neuropil/01_preprocessing/gct_extractR/neuron_neuropil/forward/CA1slmsus_CA1slmcon.csv","CA1slmsus_CA1slmcon.csv","csv",511545,"2026-06-22 17:33:43","54203030a39335ca4d6b025bea1444b074ccf08922d042ecadc093632d8c555d"
"pride_submission/processed_data/neuron_neuropil/01_preprocessing/gct_extractR/neuron_neuropil/forward/CA1slmsus_CA1slmres.csv","CA1slmsus_CA1slmres.csv","csv",513954,"2026-06-22 17:33:43","cb6b13cae734ec2a21323d4fafc5ed2d82db2c53fa15f2006e667fc479cae2a6"
"pride_submission/processed_data/neuron_neuropil/01_preprocessing/gct_extractR/neuron_neuropil/forward/CA1sores_CA1socon.csv","CA1sores_CA1socon.csv","csv",513490,"2026-06-22 17:33:43","0b8d0200431325abbf62cc89343d70cc31a4e6079e7a8d684a2ffb76455677f0"
"pride_submission/processed_data/neuron_neuropil/01_preprocessing/gct_extractR/neuron_neuropil/forward/CA1sosus_CA1socon.csv","CA1sosus_CA1socon.csv","csv",463569,"2026-06-22 17:33:44","9b397855ffa2212919558fb147e6056e9837ab95e3b921c315fb8a1cca18ca13"
"pride_submission/processed_data/neuron_neuropil/01_preprocessing/gct_extractR/neuron_neuropil/forward/CA1sosus_CA1sores.csv","CA1sosus_CA1sores.csv","csv",512133,"2026-06-22 17:33:44","ddd2cc356e3fa1bd6e664e3a9b0cfbee31b9d4e86c6d82cc94141bc6696edcb3"
"pride_submission/processed_data/neuron_neuropil/01_preprocessing/gct_extractR/neuron_neuropil/forward/CA1srres_CA1srcon.csv","CA1srres_CA1srcon.csv","csv",511292,"2026-06-22 17:33:45","f7ba1cf7370ca8ca4ceafab70448292dee4053376d17a10fc71d90532e073ef9"
"pride_submission/processed_data/neuron_neuropil/01_preprocessing/gct_extractR/neuron_neuropil/forward/CA1srsus_CA1srcon.csv","CA1srsus_CA1srcon.csv","csv",514745,"2026-06-22 17:33:45","9112077f0ff4c6ddaade25789042619360b5292638ab2d4d72ca58bb1a706ca2"
"pride_submission/processed_data/neuron_neuropil/01_preprocessing/gct_extractR/neuron_neuropil/forward/CA1srsus_CA1srres.csv","CA1srsus_CA1srres.csv","csv",515985,"2026-06-22 17:33:46","1ed8704ed83f6780e5176e27c6f1d196bf921649b9f3a59de653c88a4e139fe4"
"pride_submission/processed_data/neuron_neuropil/01_preprocessing/gct_extractR/neuron_neuropil/forward/CA2slmres_CA2slmcon.csv","CA2slmres_CA2slmcon.csv","csv",511670,"2026-06-22 17:33:46","44cb1434723b6a3a775e6648a7cd141bf6de547b70cae79514cee19561ec2e02"
"pride_submission/processed_data/neuron_neuropil/01_preprocessing/gct_extractR/neuron_neuropil/forward/CA2slmsus_CA2slmcon.csv","CA2slmsus_CA2slmcon.csv","csv",519240,"2026-06-22 17:33:46","934c024a3044cebeb9a199447bf8b38f0d3d68113099c070f6fc284cf9508087"
"pride_submission/processed_data/neuron_neuropil/01_preprocessing/gct_extractR/neuron_neuropil/forward/CA2slmsus_CA2slmres.csv","CA2slmsus_CA2slmres.csv","csv",519732,"2026-06-22 17:33:47","77de27c18dce0cf7eec64890a558d14dba0571460494e2fd227571d9711c5f70"
"pride_submission/processed_data/neuron_neuropil/01_preprocessing/gct_extractR/neuron_neuropil/forward/CA2sores_CA2socon.csv","CA2sores_CA2socon.csv","csv",514412,"2026-06-22 17:33:47","b043ecc473fec91d5857394da954987ccf00a8e25a353e39187ad2faa25a39b7"
"pride_submission/processed_data/neuron_neuropil/01_preprocessing/gct_extractR/neuron_neuropil/forward/CA2sosus_CA2socon.csv","CA2sosus_CA2socon.csv","csv",514280,"2026-06-22 17:33:48","b1bee11b06ef3a80cbe19faa511c37945f411a2e911fe1c99e1a0e4478c47bd8"
"pride_submission/processed_data/neuron_neuropil/01_preprocessing/gct_extractR/neuron_neuropil/forward/CA2sosus_CA2sores.csv","CA2sosus_CA2sores.csv","csv",512698,"2026-06-22 17:33:48","5454c8b6acf86a44796b28184a3b5129bcbd5ed51426746c99ca7f3cc977731c"
"pride_submission/processed_data/neuron_neuropil/01_preprocessing/gct_extractR/neuron_neuropil/forward/CA2srres_CA2srcon.csv","CA2srres_CA2srcon.csv","csv",511791,"2026-06-22 17:33:49","02e4e9f7b9c2a7af7a22bfa047c9424db675d9f7ea956f101e828da5da415d1e"
"pride_submission/processed_data/neuron_neuropil/01_preprocessing/gct_extractR/neuron_neuropil/forward/CA2srsus_CA2srcon.csv","CA2srsus_CA2srcon.csv","csv",513420,"2026-06-22 17:33:49","413622d71871cb78d5b66260db588f25c34a8ed79b148bb6c8ce37993a657989"
"pride_submission/processed_data/neuron_neuropil/01_preprocessing/gct_extractR/neuron_neuropil/forward/CA2srsus_CA2srres.csv","CA2srsus_CA2srres.csv","csv",515306,"2026-06-22 17:33:50","6d758928286ca245d141ec209147ad8f0640d1057cc6a9bda0cb08632785b38d"
"pride_submission/processed_data/neuron_neuropil/01_preprocessing/gct_extractR/neuron_neuropil/forward/CA3sores_CA3socon.csv","CA3sores_CA3socon.csv","csv",510222,"2026-06-22 17:33:50","1c5d42f8486bc98a315b0d51ab4b099c07fa4374d7140ba42fed1d599d0b265b"
"pride_submission/processed_data/neuron_neuropil/01_preprocessing/gct_extractR/neuron_neuropil/forward/CA3sosus_CA3socon.csv","CA3sosus_CA3socon.csv","csv",514524,"2026-06-22 17:33:50","4a96afbb6089a6fedbc392ff29c5a8aaaabf5e78c722ba0c9442196a074537dd"
"pride_submission/processed_data/neuron_neuropil/01_preprocessing/gct_extractR/neuron_neuropil/forward/CA3sosus_CA3sores.csv","CA3sosus_CA3sores.csv","csv",515350,"2026-06-22 17:33:51","ed8b3f519181fe25ed9613a61c5d60db4d81b882023fb4df89592c09122eea25"
"pride_submission/processed_data/neuron_neuropil/01_preprocessing/gct_extractR/neuron_neuropil/forward/CA3srres_CA3srcon.csv","CA3srres_CA3srcon.csv","csv",510326,"2026-06-22 17:33:51","9de1b1650ce64153df5c74e6df09f4e2ef5b72a6b158609a5488d1f4efcd506b"
"pride_submission/processed_data/neuron_neuropil/01_preprocessing/gct_extractR/neuron_neuropil/forward/CA3srsus_CA3srcon.csv","CA3srsus_CA3srcon.csv","csv",513929,"2026-06-22 17:33:52","9da2fe9893a65abfca8f95adf22401df1dc84594137ed2b3bff298e35148b4b5"
"pride_submission/processed_data/neuron_neuropil/01_preprocessing/gct_extractR/neuron_neuropil/forward/CA3srsus_CA3srres.csv","CA3srsus_CA3srres.csv","csv",515382,"2026-06-22 17:33:52","d9dd1c3dd88f9975cc5ed6dd647a1f9a2c638d6306e810ad8c8211f890d2490b"
"pride_submission/processed_data/neuron_neuropil/01_preprocessing/gct_extractR/neuron_neuropil/forward/DGmores_DGmocon.csv","DGmores_DGmocon.csv","csv",510024,"2026-06-22 17:33:53","55e5e11747d22d93a0ddc6e9ac62ac89c45804888fafd92f097f1230f5fdcfd5"
"pride_submission/processed_data/neuron_neuropil/01_preprocessing/gct_extractR/neuron_neuropil/forward/DGmosus_DGmocon.csv","DGmosus_DGmocon.csv","csv",512263,"2026-06-22 17:33:53","f6ed00bb58effc83f62db743416488df1ff293a0d17562efb880cc3244025a9f"
"pride_submission/processed_data/neuron_neuropil/01_preprocessing/gct_extractR/neuron_neuropil/forward/DGmosus_DGmores.csv","DGmosus_DGmores.csv","csv",514626,"2026-06-22 17:33:53","1f2f67d650c2ad42153e561dbf836b4b70a8404a1bf10b7570a155c57c4c49c9"
"pride_submission/processed_data/neuron_neuropil/01_preprocessing/gct_extractR/neuron_neuropil/forward/DGpores_DGpocon.csv","DGpores_DGpocon.csv","csv",506927,"2026-06-22 17:33:54","b0e232e7ece079b6840cd86b45a104f6f1703ac8138d502fcc7feaf076c07559"
"pride_submission/processed_data/neuron_neuropil/01_preprocessing/gct_extractR/neuron_neuropil/forward/DGposus_DGpocon.csv","DGposus_DGpocon.csv","csv",514430,"2026-06-22 17:33:54","3ac732671b0b0d852ea555ec2781c365568e82b29c11d1c9aea8421ea11f4502"
"pride_submission/processed_data/neuron_neuropil/01_preprocessing/gct_extractR/neuron_neuropil/forward/DGposus_DGpores.csv","DGposus_DGpores.csv","csv",519888,"2026-06-22 17:33:54","76130e7f0cc854739503c146c4004504ecc5adaa755487f7bb54be51085c25ba"
"pride_submission/processed_data/neuron_neuropil/01_preprocessing/gct_extractR/neuron_neuropil/indexComparisons.csv","indexComparisons.csv","csv",20392,"2026-06-22 17:33:42","ba224f69499a7d77c2a894f88d1dcc36161699fb18af0c47313903a63e952eb1"
"pride_submission/processed_data/neuron_neuropil/01_preprocessing/gct_extractR/neuron_neuropil/reverse/CA1slmcon_CA1slmres.csv","CA1slmcon_CA1slmres.csv","csv",511465,"2026-06-22 17:33:55","fbc6b74d4681a3043a49db96a64219f18ddd8d2ebc9461b1db1d19bcbd901731"
"pride_submission/processed_data/neuron_neuropil/01_preprocessing/gct_extractR/neuron_neuropil/reverse/CA1slmcon_CA1slmsus.csv","CA1slmcon_CA1slmsus.csv","csv",512744,"2026-06-22 17:33:55","b760ccefbfecf1fcf35cced2e71fa3e45d64dff4035e6ff52e2d5abe84eb74de"
"pride_submission/processed_data/neuron_neuropil/01_preprocessing/gct_extractR/neuron_neuropil/reverse/CA1slmres_CA1slmsus.csv","CA1slmres_CA1slmsus.csv","csv",512210,"2026-06-22 17:33:56","9d463119ea87dda69f09367713d4952354d530e92aaa037c29730b16836b9c77"
"pride_submission/processed_data/neuron_neuropil/01_preprocessing/gct_extractR/neuron_neuropil/reverse/CA1socon_CA1sores.csv","CA1socon_CA1sores.csv","csv",512760,"2026-06-22 17:33:56","8adba6f2818353a6d05ef03fb3b87d44e2cbadc82ff5cf2f41282ee5d4991476"
"pride_submission/processed_data/neuron_neuropil/01_preprocessing/gct_extractR/neuron_neuropil/reverse/CA1socon_CA1sosus.csv","CA1socon_CA1sosus.csv","csv",462567,"2026-06-22 17:33:57","8a460b1300a10987308c8f9e1a1a7e3e58ea41e8f0919d80bb6ae3057d51a013"
"pride_submission/processed_data/neuron_neuropil/01_preprocessing/gct_extractR/neuron_neuropil/reverse/CA1sores_CA1sosus.csv","CA1sores_CA1sosus.csv","csv",512221,"2026-06-22 17:33:57","fe360a61ab47f8c06fdc59f1c7cfb39eabdef5a2fac0842bb1090c52cb34796e"
"pride_submission/processed_data/neuron_neuropil/01_preprocessing/gct_extractR/neuron_neuropil/reverse/CA1srcon_CA1srres.csv","CA1srcon_CA1srres.csv","csv",513060,"2026-06-22 17:33:57","751172e4b6a56d9b81e44675d56a02c09b186d82bf06cdf76d44b79a1210f61e"
"pride_submission/processed_data/neuron_neuropil/01_preprocessing/gct_extractR/neuron_neuropil/reverse/CA1srcon_CA1srsus.csv","CA1srcon_CA1srsus.csv","csv",513185,"2026-06-22 17:33:58","add01c91e682487acb8c62313de7db77f2c7bbb6c9e75615c809b83709607159"
"pride_submission/processed_data/neuron_neuropil/01_preprocessing/gct_extractR/neuron_neuropil/reverse/CA1srres_CA1srsus.csv","CA1srres_CA1srsus.csv","csv",513248,"2026-06-22 17:33:58","f96614eefcf45f371bd1d470ee18292bfb50d4c5c243cfb2682f15ed4841dc3a"
"pride_submission/processed_data/neuron_neuropil/01_preprocessing/gct_extractR/neuron_neuropil/reverse/CA2slmcon_CA2slmres.csv","CA2slmcon_CA2slmres.csv","csv",513545,"2026-06-22 17:33:59","eead85c0410b353367ad4345d726fd47684d6dbbcad98f31b179fcb80a68be1e"
"pride_submission/processed_data/neuron_neuropil/01_preprocessing/gct_extractR/neuron_neuropil/reverse/CA2slmcon_CA2slmsus.csv","CA2slmcon_CA2slmsus.csv","csv",513313,"2026-06-22 17:34:00","af227eeed9eb534789231d5fae4e41d123d9718bb9463bc37f5edfb4b43729b2"
"pride_submission/processed_data/neuron_neuropil/01_preprocessing/gct_extractR/neuron_neuropil/reverse/CA2slmres_CA2slmsus.csv","CA2slmres_CA2slmsus.csv","csv",513215,"2026-06-22 17:34:00","a5009c6b0a9437a8c507313a07008c6db9d13e04c57ccd71d4c3b9146d9e63aa"
"pride_submission/processed_data/neuron_neuropil/01_preprocessing/gct_extractR/neuron_neuropil/reverse/CA2socon_CA2sores.csv","CA2socon_CA2sores.csv","csv",513116,"2026-06-22 17:34:00","834f17c9f29fafa9ec29f6c7adcb4494fe61b8c7833b7507104f345a9274f399"
"pride_submission/processed_data/neuron_neuropil/01_preprocessing/gct_extractR/neuron_neuropil/reverse/CA2socon_CA2sosus.csv","CA2socon_CA2sosus.csv","csv",512757,"2026-06-22 17:34:01","fb0b5e03e64193c145a6b10d534b84d073fe18e736cb73fcf437b3beee190713"
"pride_submission/processed_data/neuron_neuropil/01_preprocessing/gct_extractR/neuron_neuropil/reverse/CA2sores_CA2sosus.csv","CA2sores_CA2sosus.csv","csv",512551,"2026-06-22 17:34:01","aece107a6b49251681479c053310912bb652a8b3aa759016fade635a69b69d9e"
"pride_submission/processed_data/neuron_neuropil/01_preprocessing/gct_extractR/neuron_neuropil/reverse/CA2srcon_CA2srres.csv","CA2srcon_CA2srres.csv","csv",513235,"2026-06-22 17:34:01","98f498a4292033f5c4cdcbdba1de1a62121ac16530f4c7f7112388806cc580bb"
"pride_submission/processed_data/neuron_neuropil/01_preprocessing/gct_extractR/neuron_neuropil/reverse/CA2srcon_CA2srsus.csv","CA2srcon_CA2srsus.csv","csv",512353,"2026-06-22 17:34:02","ca48a4dd2e0f4ecd8e5e5f6551611b77b19a529cbdbdfc362ba13c5ab04ec320"
"pride_submission/processed_data/neuron_neuropil/01_preprocessing/gct_extractR/neuron_neuropil/reverse/CA2srres_CA2srsus.csv","CA2srres_CA2srsus.csv","csv",513626,"2026-06-22 17:34:02","6c6d61ce8e6fedd3ef02ce67421c06bda27e23ecc4afb6be289e1066ae9ca85e"
"pride_submission/processed_data/neuron_neuropil/01_preprocessing/gct_extractR/neuron_neuropil/reverse/CA3socon_CA3sores.csv","CA3socon_CA3sores.csv","csv",511672,"2026-06-22 17:34:03","b31717b931b9140f81d7d9245a4ab27b7e1bfbf021693c8e1c63a25a0bfd1796"
"pride_submission/processed_data/neuron_neuropil/01_preprocessing/gct_extractR/neuron_neuropil/reverse/CA3socon_CA3sosus.csv","CA3socon_CA3sosus.csv","csv",512125,"2026-06-22 17:34:03","d4fe2fc0be7a8dadf90f5a172cdc734c4efc92facc438616c7a48ebd54028896"
"pride_submission/processed_data/neuron_neuropil/01_preprocessing/gct_extractR/neuron_neuropil/reverse/CA3sores_CA3sosus.csv","CA3sores_CA3sosus.csv","csv",512450,"2026-06-22 17:34:03","425e3fa63b9998969e267dfcd33097f7ab8e3108e99c112df2a4855604da5a6f"
"pride_submission/processed_data/neuron_neuropil/01_preprocessing/gct_extractR/neuron_neuropil/reverse/CA3srcon_CA3srres.csv","CA3srcon_CA3srres.csv","csv",512101,"2026-06-22 17:34:04","09b599d161db6c02ec6c1d9e89436d06e43fec1fdaeac76fe1e01db687a4dd06"
"pride_submission/processed_data/neuron_neuropil/01_preprocessing/gct_extractR/neuron_neuropil/reverse/CA3srcon_CA3srsus.csv","CA3srcon_CA3srsus.csv","csv",511900,"2026-06-22 17:34:04","c9179d1c722e4d4ec8f457b88c5620a2f783a3d18eef21dae2df7cda95691373"
"pride_submission/processed_data/neuron_neuropil/01_preprocessing/gct_extractR/neuron_neuropil/reverse/CA3srres_CA3srsus.csv","CA3srres_CA3srsus.csv","csv",512827,"2026-06-22 17:34:05","3aeeec494c3ec75660cf91a49789a05cd2c1237f1ca26b75b2bea3bce30fddcf"
"pride_submission/processed_data/neuron_neuropil/01_preprocessing/gct_extractR/neuron_neuropil/reverse/DGmocon_DGmores.csv","DGmocon_DGmores.csv","csv",511831,"2026-06-22 17:34:05","7cbdce52a4ceffdfaefdf792db9bc63ec57125ab36d13f01c092559655a9fe1a"
"pride_submission/processed_data/neuron_neuropil/01_preprocessing/gct_extractR/neuron_neuropil/reverse/DGmocon_DGmosus.csv","DGmocon_DGmosus.csv","csv",510702,"2026-06-22 17:34:06","b35ab6b3d7c0f05a96e51f605e0730617da39a4916a03ea4413d9d72bae50cd8"
"pride_submission/processed_data/neuron_neuropil/01_preprocessing/gct_extractR/neuron_neuropil/reverse/DGmores_DGmosus.csv","DGmores_DGmosus.csv","csv",512080,"2026-06-22 17:34:06","464bcdd47e9a7f035a53bb5275fa13d39ed308b1fc5bca27b39ab6cc57d33856"
"pride_submission/processed_data/neuron_neuropil/01_preprocessing/gct_extractR/neuron_neuropil/reverse/DGpocon_DGpores.csv","DGpocon_DGpores.csv","csv",512032,"2026-06-22 17:34:06","d5e65be2827781ac668fad3a11997d89e5477e372248ef0baaa44fd4650c56b8"
"pride_submission/processed_data/neuron_neuropil/01_preprocessing/gct_extractR/neuron_neuropil/reverse/DGpocon_DGposus.csv","DGpocon_DGposus.csv","csv",511692,"2026-06-22 17:34:07","169cb3d88cc04fd43f335a35afdb336ea9dd9add173b131def42eb85bcba44eb"
"pride_submission/processed_data/neuron_neuropil/01_preprocessing/gct_extractR/neuron_neuropil/reverse/DGpores_DGposus.csv","DGpores_DGposus.csv","csv",513851,"2026-06-22 17:34:08","8775c583b146f2184a7b295bd47f16ce5580c766e30a5acc5fe0fc2824dbbdd2"
"pride_submission/processed_data/neuron_neuropil/01_preprocessing/impute/20260526_pgmatrix_imputed_neuron_neuropil_180samples_missing70pct.xlsx","20260526_pgmatrix_imputed_neuron_neuropil_180samples_missing70pct.xlsx","xlsx",11723228,"2026-06-22 17:33:39","a4e2dba467ae21c4760c7ca02473e11f4f202c1779ecdde2796c37ef045fd1a3"
"pride_submission/processed_data/neuron_neuropil/01_preprocessing/impute/20260601_pgmatrix_imputed_neuron_neuropil_180samples_missing70pct.xlsx","20260601_pgmatrix_imputed_neuron_neuropil_180samples_missing70pct.xlsx","xlsx",11723228,"2026-06-22 17:33:42","565eda6fbd4456a0401ed777a1768a6b3ab72bc4a3f219f4ebfd6c34507865ab"
"pride_submission/processed_data/neuron_neuropil/01_preprocessing/protigy_output/neuron_neuropil/neuron_neuropil_protigy_20260430.gct","neuron_neuropil_protigy_20260430.gct","gct",16265252,"2026-06-22 17:34:12","dc18cf9af7722ac0543332b2cf205135dcaa251b911e79c058f66ec82ea97ade"
"pride_submission/processed_data/neuron_neuropil/02_id_mapping/mapped/neuron_neuropil/forward/info/CA1slmres_CA1slmcon_mapping_info.csv","CA1slmres_CA1slmcon_mapping_info.csv","csv",232230,"2026-06-22 17:34:19","9a3f5f1feb36ca8e04dc82a752ae6623e06e78d455a86d28bcb1bb2392d3337a"
"pride_submission/processed_data/neuron_neuropil/02_id_mapping/mapped/neuron_neuropil/forward/info/CA1slmsus_CA1slmcon_mapping_info.csv","CA1slmsus_CA1slmcon_mapping_info.csv","csv",232230,"2026-06-22 17:34:20","9a3f5f1feb36ca8e04dc82a752ae6623e06e78d455a86d28bcb1bb2392d3337a"
"pride_submission/processed_data/neuron_neuropil/02_id_mapping/mapped/neuron_neuropil/forward/info/CA1slmsus_CA1slmres_mapping_info.csv","CA1slmsus_CA1slmres_mapping_info.csv","csv",232230,"2026-06-22 17:34:20","9a3f5f1feb36ca8e04dc82a752ae6623e06e78d455a86d28bcb1bb2392d3337a"
"pride_submission/processed_data/neuron_neuropil/02_id_mapping/mapped/neuron_neuropil/forward/info/CA1sores_CA1socon_mapping_info.csv","CA1sores_CA1socon_mapping_info.csv","csv",232230,"2026-06-22 17:34:20","9a3f5f1feb36ca8e04dc82a752ae6623e06e78d455a86d28bcb1bb2392d3337a"
"pride_submission/processed_data/neuron_neuropil/02_id_mapping/mapped/neuron_neuropil/forward/info/CA1sosus_CA1socon_mapping_info.csv","CA1sosus_CA1socon_mapping_info.csv","csv",232230,"2026-06-22 17:34:20","9a3f5f1feb36ca8e04dc82a752ae6623e06e78d455a86d28bcb1bb2392d3337a"
"pride_submission/processed_data/neuron_neuropil/02_id_mapping/mapped/neuron_neuropil/forward/info/CA1sosus_CA1sores_mapping_info.csv","CA1sosus_CA1sores_mapping_info.csv","csv",232230,"2026-06-22 17:34:21","9a3f5f1feb36ca8e04dc82a752ae6623e06e78d455a86d28bcb1bb2392d3337a"
"pride_submission/processed_data/neuron_neuropil/02_id_mapping/mapped/neuron_neuropil/forward/info/CA1srres_CA1srcon_mapping_info.csv","CA1srres_CA1srcon_mapping_info.csv","csv",232230,"2026-06-22 17:34:21","9a3f5f1feb36ca8e04dc82a752ae6623e06e78d455a86d28bcb1bb2392d3337a"
"pride_submission/processed_data/neuron_neuropil/02_id_mapping/mapped/neuron_neuropil/forward/info/CA1srsus_CA1srcon_mapping_info.csv","CA1srsus_CA1srcon_mapping_info.csv","csv",232230,"2026-06-22 17:34:22","9a3f5f1feb36ca8e04dc82a752ae6623e06e78d455a86d28bcb1bb2392d3337a"
"pride_submission/processed_data/neuron_neuropil/02_id_mapping/mapped/neuron_neuropil/forward/info/CA1srsus_CA1srres_mapping_info.csv","CA1srsus_CA1srres_mapping_info.csv","csv",232230,"2026-06-22 17:34:22","9a3f5f1feb36ca8e04dc82a752ae6623e06e78d455a86d28bcb1bb2392d3337a"
"pride_submission/processed_data/neuron_neuropil/02_id_mapping/mapped/neuron_neuropil/forward/info/CA2slmres_CA2slmcon_mapping_info.csv","CA2slmres_CA2slmcon_mapping_info.csv","csv",232230,"2026-06-22 17:34:22","9a3f5f1feb36ca8e04dc82a752ae6623e06e78d455a86d28bcb1bb2392d3337a"
"pride_submission/processed_data/neuron_neuropil/02_id_mapping/mapped/neuron_neuropil/forward/info/CA2slmsus_CA2slmcon_mapping_info.csv","CA2slmsus_CA2slmcon_mapping_info.csv","csv",232230,"2026-06-22 17:34:23","9a3f5f1feb36ca8e04dc82a752ae6623e06e78d455a86d28bcb1bb2392d3337a"
"pride_submission/processed_data/neuron_neuropil/02_id_mapping/mapped/neuron_neuropil/forward/info/CA2slmsus_CA2slmres_mapping_info.csv","CA2slmsus_CA2slmres_mapping_info.csv","csv",232230,"2026-06-22 17:34:23","9a3f5f1feb36ca8e04dc82a752ae6623e06e78d455a86d28bcb1bb2392d3337a"
"pride_submission/processed_data/neuron_neuropil/02_id_mapping/mapped/neuron_neuropil/forward/info/CA2sores_CA2socon_mapping_info.csv","CA2sores_CA2socon_mapping_info.csv","csv",232230,"2026-06-22 17:34:24","9a3f5f1feb36ca8e04dc82a752ae6623e06e78d455a86d28bcb1bb2392d3337a"
"pride_submission/processed_data/neuron_neuropil/02_id_mapping/mapped/neuron_neuropil/forward/info/CA2sosus_CA2socon_mapping_info.csv","CA2sosus_CA2socon_mapping_info.csv","csv",232230,"2026-06-22 17:34:24","9a3f5f1feb36ca8e04dc82a752ae6623e06e78d455a86d28bcb1bb2392d3337a"
"pride_submission/processed_data/neuron_neuropil/02_id_mapping/mapped/neuron_neuropil/forward/info/CA2sosus_CA2sores_mapping_info.csv","CA2sosus_CA2sores_mapping_info.csv","csv",232230,"2026-06-22 17:34:24","9a3f5f1feb36ca8e04dc82a752ae6623e06e78d455a86d28bcb1bb2392d3337a"
"pride_submission/processed_data/neuron_neuropil/02_id_mapping/mapped/neuron_neuropil/forward/info/CA2srres_CA2srcon_mapping_info.csv","CA2srres_CA2srcon_mapping_info.csv","csv",232230,"2026-06-22 17:34:24","9a3f5f1feb36ca8e04dc82a752ae6623e06e78d455a86d28bcb1bb2392d3337a"
"pride_submission/processed_data/neuron_neuropil/02_id_mapping/mapped/neuron_neuropil/forward/info/CA2srsus_CA2srcon_mapping_info.csv","CA2srsus_CA2srcon_mapping_info.csv","csv",232230,"2026-06-22 17:34:25","9a3f5f1feb36ca8e04dc82a752ae6623e06e78d455a86d28bcb1bb2392d3337a"
"pride_submission/processed_data/neuron_neuropil/02_id_mapping/mapped/neuron_neuropil/forward/info/CA2srsus_CA2srres_mapping_info.csv","CA2srsus_CA2srres_mapping_info.csv","csv",232230,"2026-06-22 17:34:25","9a3f5f1feb36ca8e04dc82a752ae6623e06e78d455a86d28bcb1bb2392d3337a"
"pride_submission/processed_data/neuron_neuropil/02_id_mapping/mapped/neuron_neuropil/forward/info/CA3sores_CA3socon_mapping_info.csv","CA3sores_CA3socon_mapping_info.csv","csv",232230,"2026-06-22 17:34:26","9a3f5f1feb36ca8e04dc82a752ae6623e06e78d455a86d28bcb1bb2392d3337a"
"pride_submission/processed_data/neuron_neuropil/02_id_mapping/mapped/neuron_neuropil/forward/info/CA3sosus_CA3socon_mapping_info.csv","CA3sosus_CA3socon_mapping_info.csv","csv",232230,"2026-06-22 17:34:26","9a3f5f1feb36ca8e04dc82a752ae6623e06e78d455a86d28bcb1bb2392d3337a"
"pride_submission/processed_data/neuron_neuropil/02_id_mapping/mapped/neuron_neuropil/forward/info/CA3sosus_CA3sores_mapping_info.csv","CA3sosus_CA3sores_mapping_info.csv","csv",232230,"2026-06-22 17:34:27","9a3f5f1feb36ca8e04dc82a752ae6623e06e78d455a86d28bcb1bb2392d3337a"
"pride_submission/processed_data/neuron_neuropil/02_id_mapping/mapped/neuron_neuropil/forward/info/CA3srres_CA3srcon_mapping_info.csv","CA3srres_CA3srcon_mapping_info.csv","csv",232230,"2026-06-22 17:34:27","9a3f5f1feb36ca8e04dc82a752ae6623e06e78d455a86d28bcb1bb2392d3337a"
"pride_submission/processed_data/neuron_neuropil/02_id_mapping/mapped/neuron_neuropil/forward/info/CA3srsus_CA3srcon_mapping_info.csv","CA3srsus_CA3srcon_mapping_info.csv","csv",232230,"2026-06-22 17:34:27","9a3f5f1feb36ca8e04dc82a752ae6623e06e78d455a86d28bcb1bb2392d3337a"
"pride_submission/processed_data/neuron_neuropil/02_id_mapping/mapped/neuron_neuropil/forward/info/CA3srsus_CA3srres_mapping_info.csv","CA3srsus_CA3srres_mapping_info.csv","csv",232230,"2026-06-22 17:34:28","9a3f5f1feb36ca8e04dc82a752ae6623e06e78d455a86d28bcb1bb2392d3337a"
"pride_submission/processed_data/neuron_neuropil/02_id_mapping/mapped/neuron_neuropil/forward/info/DGmores_DGmocon_mapping_info.csv","DGmores_DGmocon_mapping_info.csv","csv",232230,"2026-06-22 17:34:28","9a3f5f1feb36ca8e04dc82a752ae6623e06e78d455a86d28bcb1bb2392d3337a"
"pride_submission/processed_data/neuron_neuropil/02_id_mapping/mapped/neuron_neuropil/forward/info/DGmosus_DGmocon_mapping_info.csv","DGmosus_DGmocon_mapping_info.csv","csv",232230,"2026-06-22 17:34:29","9a3f5f1feb36ca8e04dc82a752ae6623e06e78d455a86d28bcb1bb2392d3337a"
"pride_submission/processed_data/neuron_neuropil/02_id_mapping/mapped/neuron_neuropil/forward/info/DGmosus_DGmores_mapping_info.csv","DGmosus_DGmores_mapping_info.csv","csv",232230,"2026-06-22 17:34:29","9a3f5f1feb36ca8e04dc82a752ae6623e06e78d455a86d28bcb1bb2392d3337a"
"pride_submission/processed_data/neuron_neuropil/02_id_mapping/mapped/neuron_neuropil/forward/info/DGpores_DGpocon_mapping_info.csv","DGpores_DGpocon_mapping_info.csv","csv",232230,"2026-06-22 17:34:29","9a3f5f1feb36ca8e04dc82a752ae6623e06e78d455a86d28bcb1bb2392d3337a"
"pride_submission/processed_data/neuron_neuropil/02_id_mapping/mapped/neuron_neuropil/forward/info/DGposus_DGpocon_mapping_info.csv","DGposus_DGpocon_mapping_info.csv","csv",232230,"2026-06-22 17:34:30","9a3f5f1feb36ca8e04dc82a752ae6623e06e78d455a86d28bcb1bb2392d3337a"
"pride_submission/processed_data/neuron_neuropil/02_id_mapping/mapped/neuron_neuropil/forward/info/DGposus_DGpores_mapping_info.csv","DGposus_DGpores_mapping_info.csv","csv",232230,"2026-06-22 17:34:30","9a3f5f1feb36ca8e04dc82a752ae6623e06e78d455a86d28bcb1bb2392d3337a"
"pride_submission/processed_data/neuron_neuropil/02_id_mapping/mapped/neuron_neuropil/forward/info/GLOBAL_mapping_summary.csv","GLOBAL_mapping_summary.csv","csv",11329715,"2026-06-22 17:34:33","fe818d263f7eb41ba280948588bd506c2dd386e0b896a00d60aca4b637db313c"
"pride_submission/processed_data/neuron_neuropil/02_id_mapping/mapped/neuron_neuropil/forward/info/GLOBAL_strategy_statistics.csv","GLOBAL_strategy_statistics.csv","csv",141,"2026-06-22 17:34:33","fc1a179d2b4a23d093692c3e4cbf2fa3b5075757feb290a058bce857d4691fdf"
"pride_submission/processed_data/neuron_neuropil/02_id_mapping/mapped/neuron_neuropil/forward/per_file/CA1slmres_CA1slmcon.csv","CA1slmres_CA1slmcon.csv","csv",204967,"2026-06-22 17:34:34","7ec97e6ae9999d9d3813ae6252270f81c9007898445b0eba96485417f006e85c"
"pride_submission/processed_data/neuron_neuropil/02_id_mapping/mapped/neuron_neuropil/forward/per_file/CA1slmsus_CA1slmcon.csv","CA1slmsus_CA1slmcon.csv","csv",206144,"2026-06-22 17:34:34","17dd555f88c50d5cb8eb1c642e1028b776ef5494ec5bbd05c693d90b1fd698d7"
"pride_submission/processed_data/neuron_neuropil/02_id_mapping/mapped/neuron_neuropil/forward/per_file/CA1slmsus_CA1slmres.csv","CA1slmsus_CA1slmres.csv","csv",206854,"2026-06-22 17:34:34","4492c83e183e4c0ab86dc556d484921261a72d2883ad18cf4301b64c4ad1843e"
"pride_submission/processed_data/neuron_neuropil/02_id_mapping/mapped/neuron_neuropil/forward/per_file/CA1sores_CA1socon.csv","CA1sores_CA1socon.csv","csv",206978,"2026-06-22 17:34:35","8abcb43d8d6e3222c5bdb3411a15d813435ad6b13de32d6af09a8bc0e2bfc206"
"pride_submission/processed_data/neuron_neuropil/02_id_mapping/mapped/neuron_neuropil/forward/per_file/CA1sosus_CA1socon.csv","CA1sosus_CA1socon.csv","csv",157512,"2026-06-22 17:34:35","6b98ff749218245d7bfb6e9bc30714240fd905c926efa9dd40edbedf0d429c2d"
"pride_submission/processed_data/neuron_neuropil/02_id_mapping/mapped/neuron_neuropil/forward/per_file/CA1sosus_CA1sores.csv","CA1sosus_CA1sores.csv","csv",206205,"2026-06-22 17:34:35","876b693f3458fbe132f41c7436deb9e0587e2015a7702e39830c6f19572760ff"
"pride_submission/processed_data/neuron_neuropil/02_id_mapping/mapped/neuron_neuropil/forward/per_file/CA1srres_CA1srcon.csv","CA1srres_CA1srcon.csv","csv",206464,"2026-06-22 17:34:36","9506e7471771c04ea5d040eef16f368bc153070551b26ed0abe0b58beb9fd1a0"
"pride_submission/processed_data/neuron_neuropil/02_id_mapping/mapped/neuron_neuropil/forward/per_file/CA1srsus_CA1srcon.csv","CA1srsus_CA1srcon.csv","csv",207206,"2026-06-22 17:34:36","ba9426a634228e2c2f9a3bbfdfa3e5efe987ad69d1508c262c055f452cdd4af7"
"pride_submission/processed_data/neuron_neuropil/02_id_mapping/mapped/neuron_neuropil/forward/per_file/CA1srsus_CA1srres.csv","CA1srsus_CA1srres.csv","csv",207495,"2026-06-22 17:34:37","3055ebde12696611845458b433711fc41588ac2b7ca084978742ffa70016e736"
"pride_submission/processed_data/neuron_neuropil/02_id_mapping/mapped/neuron_neuropil/forward/per_file/CA2slmres_CA2slmcon.csv","CA2slmres_CA2slmcon.csv","csv",206683,"2026-06-22 17:34:37","13a497cc0359ca618303e3ac9d7b1be525c6dab98c3c5c5c93dd34babca0f44f"
"pride_submission/processed_data/neuron_neuropil/02_id_mapping/mapped/neuron_neuropil/forward/per_file/CA2slmsus_CA2slmcon.csv","CA2slmsus_CA2slmcon.csv","csv",208380,"2026-06-22 17:34:37","9c59b1b351d7652e9184ac07edb23e1458b9d818bb9735e31e921dce393eabe9"
"pride_submission/processed_data/neuron_neuropil/02_id_mapping/mapped/neuron_neuropil/forward/per_file/CA2slmsus_CA2slmres.csv","CA2slmsus_CA2slmres.csv","csv",208233,"2026-06-22 17:34:38","072486609a18a60279dafb392fcbe531530bc2143004d8155b3c71ccf0e68e82"
"pride_submission/processed_data/neuron_neuropil/02_id_mapping/mapped/neuron_neuropil/forward/per_file/CA2sores_CA2socon.csv","CA2sores_CA2socon.csv","csv",207428,"2026-06-22 17:34:38","ae2f99bc991d6b6ef458c2de453954b71a36a3c0e519fb9098725ded51126a40"
"pride_submission/processed_data/neuron_neuropil/02_id_mapping/mapped/neuron_neuropil/forward/per_file/CA2sosus_CA2socon.csv","CA2sosus_CA2socon.csv","csv",207199,"2026-06-22 17:34:38","92ae9bdf25e1d507fdd497e237dd72d1f8d19fac2ab636305a6c9951e3febc5a"
"pride_submission/processed_data/neuron_neuropil/02_id_mapping/mapped/neuron_neuropil/forward/per_file/CA2sosus_CA2sores.csv","CA2sosus_CA2sores.csv","csv",206578,"2026-06-22 17:34:39","caee6a07fa992dfc428c39bd31652743c4f473ec837ea31914caf0b0175c1d09"
"pride_submission/processed_data/neuron_neuropil/02_id_mapping/mapped/neuron_neuropil/forward/per_file/CA2srres_CA2srcon.csv","CA2srres_CA2srcon.csv","csv",206474,"2026-06-22 17:34:39","465ead1cfcb3bcb28b5b3b8d8c534fb38476aac259225a01176f42801522e492"
"pride_submission/processed_data/neuron_neuropil/02_id_mapping/mapped/neuron_neuropil/forward/per_file/CA2srsus_CA2srcon.csv","CA2srsus_CA2srcon.csv","csv",206715,"2026-06-22 17:34:39","a47935b295aa816bf214dd9d610430301edeb609ddbcbef78d69bb60505955fb"
"pride_submission/processed_data/neuron_neuropil/02_id_mapping/mapped/neuron_neuropil/forward/per_file/CA2srsus_CA2srres.csv","CA2srsus_CA2srres.csv","csv",207327,"2026-06-22 17:34:40","d500f6e3df43e5673dde8a86427367db65dca067561473642f8af728e6a57a39"
"pride_submission/processed_data/neuron_neuropil/02_id_mapping/mapped/neuron_neuropil/forward/per_file/CA3sores_CA3socon.csv","CA3sores_CA3socon.csv","csv",205898,"2026-06-22 17:34:40","2d818cf387f5891d7dbca568e0b2386f03722ce1dbc101dff0652e783bcd1b3c"
"pride_submission/processed_data/neuron_neuropil/02_id_mapping/mapped/neuron_neuropil/forward/per_file/CA3sosus_CA3socon.csv","CA3sosus_CA3socon.csv","csv",207065,"2026-06-22 17:34:40","b3acac14e041a4ccfa11d43c82635d1a8e2dd20b49ac90b02a0c45259e838617"
"pride_submission/processed_data/neuron_neuropil/02_id_mapping/mapped/neuron_neuropil/forward/per_file/CA3sosus_CA3sores.csv","CA3sosus_CA3sores.csv","csv",207293,"2026-06-22 17:34:41","32d10689b6007e14082a5428473bd976c743008acb3680201bc04bafd3a95d19"
"pride_submission/processed_data/neuron_neuropil/02_id_mapping/mapped/neuron_neuropil/forward/per_file/CA3srres_CA3srcon.csv","CA3srres_CA3srcon.csv","csv",205860,"2026-06-22 17:34:41","d6c604d32830c1aa9ff1f9b4bac57efc3aa75f8cecdfa274a10cf70a78fc77d7"
"pride_submission/processed_data/neuron_neuropil/02_id_mapping/mapped/neuron_neuropil/forward/per_file/CA3srsus_CA3srcon.csv","CA3srsus_CA3srcon.csv","csv",206898,"2026-06-22 17:34:42","85012b2300aaf2fa2e553c3021dc9fdb5c774fd979127bd37c1f30ea73b8ac47"
"pride_submission/processed_data/neuron_neuropil/02_id_mapping/mapped/neuron_neuropil/forward/per_file/CA3srsus_CA3srres.csv","CA3srsus_CA3srres.csv","csv",207240,"2026-06-22 17:34:42","5a056b34f2c0a20b903900c14e69473e48676621737dc16cda4a9606747782dc"
"pride_submission/processed_data/neuron_neuropil/02_id_mapping/mapped/neuron_neuropil/forward/per_file/DGmores_DGmocon.csv","DGmores_DGmocon.csv","csv",205735,"2026-06-22 17:34:42","df0ba5807f42abedb9ee9adccae141c02e4e8a6626da36c7b55fca3f281ba1c4"
"pride_submission/processed_data/neuron_neuropil/02_id_mapping/mapped/neuron_neuropil/forward/per_file/DGmosus_DGmocon.csv","DGmosus_DGmocon.csv","csv",205817,"2026-06-22 17:34:43","2cce26ba9761e550dac90eff71748405f5e72989a5200cd47faba8918ec4dcea"
"pride_submission/processed_data/neuron_neuropil/02_id_mapping/mapped/neuron_neuropil/forward/per_file/DGmosus_DGmores.csv","DGmosus_DGmores.csv","csv",206370,"2026-06-22 17:34:43","eb5589f4e8db0793111ed80e70e769f4efd6650014ab5507a58d4633ccd21728"
"pride_submission/processed_data/neuron_neuropil/02_id_mapping/mapped/neuron_neuropil/forward/per_file/DGpores_DGpocon.csv","DGpores_DGpocon.csv","csv",205106,"2026-06-22 17:34:43","19a29a012d8bc2022dcb730e9120909de0069b345abafca7053ac36c8f27c394"
"pride_submission/processed_data/neuron_neuropil/02_id_mapping/mapped/neuron_neuropil/forward/per_file/DGposus_DGpocon.csv","DGposus_DGpocon.csv","csv",207152,"2026-06-22 17:34:44","7b2fd66af9c5852d39b56ba5c102c7754c573e0587598e0890a037732c792539"
"pride_submission/processed_data/neuron_neuropil/02_id_mapping/mapped/neuron_neuropil/forward/per_file/DGposus_DGpores.csv","DGposus_DGpores.csv","csv",208248,"2026-06-22 17:34:44","7ba99b212afcfdf68dcb381ad4771a2478a0f92b91f069743309ea3e29c75beb"
"pride_submission/processed_data/neuron_neuropil/02_id_mapping/mapped/neuron_neuropil/forward/summaries/CA1slmres_CA1slmcon_summary.csv","CA1slmres_CA1slmcon_summary.csv","csv",179937,"2026-06-22 17:34:44","ec7300d7129c8640dbac955f9821291fe67f4e616c3c90be63824a1810dfaa0e"
"pride_submission/processed_data/neuron_neuropil/02_id_mapping/mapped/neuron_neuropil/forward/summaries/CA1slmsus_CA1slmcon_summary.csv","CA1slmsus_CA1slmcon_summary.csv","csv",179937,"2026-06-22 17:34:45","ec7300d7129c8640dbac955f9821291fe67f4e616c3c90be63824a1810dfaa0e"
"pride_submission/processed_data/neuron_neuropil/02_id_mapping/mapped/neuron_neuropil/forward/summaries/CA1slmsus_CA1slmres_summary.csv","CA1slmsus_CA1slmres_summary.csv","csv",179937,"2026-06-22 17:34:45","ec7300d7129c8640dbac955f9821291fe67f4e616c3c90be63824a1810dfaa0e"
"pride_submission/processed_data/neuron_neuropil/02_id_mapping/mapped/neuron_neuropil/forward/summaries/CA1sores_CA1socon_summary.csv","CA1sores_CA1socon_summary.csv","csv",179937,"2026-06-22 17:34:45","ec7300d7129c8640dbac955f9821291fe67f4e616c3c90be63824a1810dfaa0e"
"pride_submission/processed_data/neuron_neuropil/02_id_mapping/mapped/neuron_neuropil/forward/summaries/CA1sosus_CA1socon_summary.csv","CA1sosus_CA1socon_summary.csv","csv",179937,"2026-06-22 17:34:45","ec7300d7129c8640dbac955f9821291fe67f4e616c3c90be63824a1810dfaa0e"
"pride_submission/processed_data/neuron_neuropil/02_id_mapping/mapped/neuron_neuropil/forward/summaries/CA1sosus_CA1sores_summary.csv","CA1sosus_CA1sores_summary.csv","csv",179937,"2026-06-22 17:34:46","ec7300d7129c8640dbac955f9821291fe67f4e616c3c90be63824a1810dfaa0e"
"pride_submission/processed_data/neuron_neuropil/02_id_mapping/mapped/neuron_neuropil/forward/summaries/CA1srres_CA1srcon_summary.csv","CA1srres_CA1srcon_summary.csv","csv",179937,"2026-06-22 17:34:46","ec7300d7129c8640dbac955f9821291fe67f4e616c3c90be63824a1810dfaa0e"
"pride_submission/processed_data/neuron_neuropil/02_id_mapping/mapped/neuron_neuropil/forward/summaries/CA1srsus_CA1srcon_summary.csv","CA1srsus_CA1srcon_summary.csv","csv",179937,"2026-06-22 17:34:47","ec7300d7129c8640dbac955f9821291fe67f4e616c3c90be63824a1810dfaa0e"
"pride_submission/processed_data/neuron_neuropil/02_id_mapping/mapped/neuron_neuropil/forward/summaries/CA1srsus_CA1srres_summary.csv","CA1srsus_CA1srres_summary.csv","csv",179937,"2026-06-22 17:34:47","ec7300d7129c8640dbac955f9821291fe67f4e616c3c90be63824a1810dfaa0e"
"pride_submission/processed_data/neuron_neuropil/02_id_mapping/mapped/neuron_neuropil/forward/summaries/CA2slmres_CA2slmcon_summary.csv","CA2slmres_CA2slmcon_summary.csv","csv",179937,"2026-06-22 17:34:47","ec7300d7129c8640dbac955f9821291fe67f4e616c3c90be63824a1810dfaa0e"
"pride_submission/processed_data/neuron_neuropil/02_id_mapping/mapped/neuron_neuropil/forward/summaries/CA2slmsus_CA2slmcon_summary.csv","CA2slmsus_CA2slmcon_summary.csv","csv",179937,"2026-06-22 17:34:48","ec7300d7129c8640dbac955f9821291fe67f4e616c3c90be63824a1810dfaa0e"
"pride_submission/processed_data/neuron_neuropil/02_id_mapping/mapped/neuron_neuropil/forward/summaries/CA2slmsus_CA2slmres_summary.csv","CA2slmsus_CA2slmres_summary.csv","csv",179937,"2026-06-22 17:34:48","ec7300d7129c8640dbac955f9821291fe67f4e616c3c90be63824a1810dfaa0e"
"pride_submission/processed_data/neuron_neuropil/02_id_mapping/mapped/neuron_neuropil/forward/summaries/CA2sores_CA2socon_summary.csv","CA2sores_CA2socon_summary.csv","csv",179937,"2026-06-22 17:34:48","ec7300d7129c8640dbac955f9821291fe67f4e616c3c90be63824a1810dfaa0e"
"pride_submission/processed_data/neuron_neuropil/02_id_mapping/mapped/neuron_neuropil/forward/summaries/CA2sosus_CA2socon_summary.csv","CA2sosus_CA2socon_summary.csv","csv",179937,"2026-06-22 17:34:49","ec7300d7129c8640dbac955f9821291fe67f4e616c3c90be63824a1810dfaa0e"
"pride_submission/processed_data/neuron_neuropil/02_id_mapping/mapped/neuron_neuropil/forward/summaries/CA2sosus_CA2sores_summary.csv","CA2sosus_CA2sores_summary.csv","csv",179937,"2026-06-22 17:34:49","ec7300d7129c8640dbac955f9821291fe67f4e616c3c90be63824a1810dfaa0e"
"pride_submission/processed_data/neuron_neuropil/02_id_mapping/mapped/neuron_neuropil/forward/summaries/CA2srres_CA2srcon_summary.csv","CA2srres_CA2srcon_summary.csv","csv",179937,"2026-06-22 17:34:49","ec7300d7129c8640dbac955f9821291fe67f4e616c3c90be63824a1810dfaa0e"
"pride_submission/processed_data/neuron_neuropil/02_id_mapping/mapped/neuron_neuropil/forward/summaries/CA2srsus_CA2srcon_summary.csv","CA2srsus_CA2srcon_summary.csv","csv",179937,"2026-06-22 17:34:50","ec7300d7129c8640dbac955f9821291fe67f4e616c3c90be63824a1810dfaa0e"
"pride_submission/processed_data/neuron_neuropil/02_id_mapping/mapped/neuron_neuropil/forward/summaries/CA2srsus_CA2srres_summary.csv","CA2srsus_CA2srres_summary.csv","csv",179937,"2026-06-22 17:34:50","ec7300d7129c8640dbac955f9821291fe67f4e616c3c90be63824a1810dfaa0e"
"pride_submission/processed_data/neuron_neuropil/02_id_mapping/mapped/neuron_neuropil/forward/summaries/CA3sores_CA3socon_summary.csv","CA3sores_CA3socon_summary.csv","csv",179937,"2026-06-22 17:34:50","ec7300d7129c8640dbac955f9821291fe67f4e616c3c90be63824a1810dfaa0e"
"pride_submission/processed_data/neuron_neuropil/02_id_mapping/mapped/neuron_neuropil/forward/summaries/CA3sosus_CA3socon_summary.csv","CA3sosus_CA3socon_summary.csv","csv",179937,"2026-06-22 17:34:51","ec7300d7129c8640dbac955f9821291fe67f4e616c3c90be63824a1810dfaa0e"
"pride_submission/processed_data/neuron_neuropil/02_id_mapping/mapped/neuron_neuropil/forward/summaries/CA3sosus_CA3sores_summary.csv","CA3sosus_CA3sores_summary.csv","csv",179937,"2026-06-22 17:34:51","ec7300d7129c8640dbac955f9821291fe67f4e616c3c90be63824a1810dfaa0e"
"pride_submission/processed_data/neuron_neuropil/02_id_mapping/mapped/neuron_neuropil/forward/summaries/CA3srres_CA3srcon_summary.csv","CA3srres_CA3srcon_summary.csv","csv",179937,"2026-06-22 17:34:51","ec7300d7129c8640dbac955f9821291fe67f4e616c3c90be63824a1810dfaa0e"
"pride_submission/processed_data/neuron_neuropil/02_id_mapping/mapped/neuron_neuropil/forward/summaries/CA3srsus_CA3srcon_summary.csv","CA3srsus_CA3srcon_summary.csv","csv",179937,"2026-06-22 17:34:52","ec7300d7129c8640dbac955f9821291fe67f4e616c3c90be63824a1810dfaa0e"
"pride_submission/processed_data/neuron_neuropil/02_id_mapping/mapped/neuron_neuropil/forward/summaries/CA3srsus_CA3srres_summary.csv","CA3srsus_CA3srres_summary.csv","csv",179937,"2026-06-22 17:34:52","ec7300d7129c8640dbac955f9821291fe67f4e616c3c90be63824a1810dfaa0e"
"pride_submission/processed_data/neuron_neuropil/02_id_mapping/mapped/neuron_neuropil/forward/summaries/DGmores_DGmocon_summary.csv","DGmores_DGmocon_summary.csv","csv",179937,"2026-06-22 17:34:52","ec7300d7129c8640dbac955f9821291fe67f4e616c3c90be63824a1810dfaa0e"
"pride_submission/processed_data/neuron_neuropil/02_id_mapping/mapped/neuron_neuropil/forward/summaries/DGmosus_DGmocon_summary.csv","DGmosus_DGmocon_summary.csv","csv",179937,"2026-06-22 17:34:53","ec7300d7129c8640dbac955f9821291fe67f4e616c3c90be63824a1810dfaa0e"
"pride_submission/processed_data/neuron_neuropil/02_id_mapping/mapped/neuron_neuropil/forward/summaries/DGmosus_DGmores_summary.csv","DGmosus_DGmores_summary.csv","csv",179937,"2026-06-22 17:34:53","ec7300d7129c8640dbac955f9821291fe67f4e616c3c90be63824a1810dfaa0e"
"pride_submission/processed_data/neuron_neuropil/02_id_mapping/mapped/neuron_neuropil/forward/summaries/DGpores_DGpocon_summary.csv","DGpores_DGpocon_summary.csv","csv",179937,"2026-06-22 17:34:53","ec7300d7129c8640dbac955f9821291fe67f4e616c3c90be63824a1810dfaa0e"
"pride_submission/processed_data/neuron_neuropil/02_id_mapping/mapped/neuron_neuropil/forward/summaries/DGposus_DGpocon_summary.csv","DGposus_DGpocon_summary.csv","csv",179937,"2026-06-22 17:34:54","ec7300d7129c8640dbac955f9821291fe67f4e616c3c90be63824a1810dfaa0e"
"pride_submission/processed_data/neuron_neuropil/02_id_mapping/mapped/neuron_neuropil/forward/summaries/DGposus_DGpores_summary.csv","DGposus_DGpores_summary.csv","csv",179937,"2026-06-22 17:34:54","ec7300d7129c8640dbac955f9821291fe67f4e616c3c90be63824a1810dfaa0e"
"pride_submission/processed_data/neuron_neuropil/02_id_mapping/mapped/neuron_neuropil/forward/summaries/GLOBAL_mapping_summary.csv","GLOBAL_mapping_summary.csv","csv",11329715,"2026-06-22 17:34:57","fe818d263f7eb41ba280948588bd506c2dd386e0b896a00d60aca4b637db313c"
"pride_submission/processed_data/neuron_neuropil/02_id_mapping/mapped/neuron_neuropil/reverse/info/CA1slmcon_CA1slmres_mapping_info.csv","CA1slmcon_CA1slmres_mapping_info.csv","csv",232230,"2026-06-22 17:34:57","9a3f5f1feb36ca8e04dc82a752ae6623e06e78d455a86d28bcb1bb2392d3337a"
"pride_submission/processed_data/neuron_neuropil/02_id_mapping/mapped/neuron_neuropil/reverse/info/CA1slmcon_CA1slmsus_mapping_info.csv","CA1slmcon_CA1slmsus_mapping_info.csv","csv",232230,"2026-06-22 17:34:58","9a3f5f1feb36ca8e04dc82a752ae6623e06e78d455a86d28bcb1bb2392d3337a"
"pride_submission/processed_data/neuron_neuropil/02_id_mapping/mapped/neuron_neuropil/reverse/info/CA1slmres_CA1slmsus_mapping_info.csv","CA1slmres_CA1slmsus_mapping_info.csv","csv",232230,"2026-06-22 17:34:58","9a3f5f1feb36ca8e04dc82a752ae6623e06e78d455a86d28bcb1bb2392d3337a"
"pride_submission/processed_data/neuron_neuropil/02_id_mapping/mapped/neuron_neuropil/reverse/info/CA1socon_CA1sores_mapping_info.csv","CA1socon_CA1sores_mapping_info.csv","csv",232230,"2026-06-22 17:34:59","9a3f5f1feb36ca8e04dc82a752ae6623e06e78d455a86d28bcb1bb2392d3337a"
"pride_submission/processed_data/neuron_neuropil/02_id_mapping/mapped/neuron_neuropil/reverse/info/CA1socon_CA1sosus_mapping_info.csv","CA1socon_CA1sosus_mapping_info.csv","csv",232230,"2026-06-22 17:34:59","9a3f5f1feb36ca8e04dc82a752ae6623e06e78d455a86d28bcb1bb2392d3337a"
"pride_submission/processed_data/neuron_neuropil/02_id_mapping/mapped/neuron_neuropil/reverse/info/CA1sores_CA1sosus_mapping_info.csv","CA1sores_CA1sosus_mapping_info.csv","csv",232230,"2026-06-22 17:35:00","9a3f5f1feb36ca8e04dc82a752ae6623e06e78d455a86d28bcb1bb2392d3337a"
"pride_submission/processed_data/neuron_neuropil/02_id_mapping/mapped/neuron_neuropil/reverse/info/CA1srcon_CA1srres_mapping_info.csv","CA1srcon_CA1srres_mapping_info.csv","csv",232230,"2026-06-22 17:35:00","9a3f5f1feb36ca8e04dc82a752ae6623e06e78d455a86d28bcb1bb2392d3337a"
"pride_submission/processed_data/neuron_neuropil/02_id_mapping/mapped/neuron_neuropil/reverse/info/CA1srcon_CA1srsus_mapping_info.csv","CA1srcon_CA1srsus_mapping_info.csv","csv",232230,"2026-06-22 17:35:00","9a3f5f1feb36ca8e04dc82a752ae6623e06e78d455a86d28bcb1bb2392d3337a"
"pride_submission/processed_data/neuron_neuropil/02_id_mapping/mapped/neuron_neuropil/reverse/info/CA1srres_CA1srsus_mapping_info.csv","CA1srres_CA1srsus_mapping_info.csv","csv",232230,"2026-06-22 17:35:01","9a3f5f1feb36ca8e04dc82a752ae6623e06e78d455a86d28bcb1bb2392d3337a"
"pride_submission/processed_data/neuron_neuropil/02_id_mapping/mapped/neuron_neuropil/reverse/info/CA2slmcon_CA2slmres_mapping_info.csv","CA2slmcon_CA2slmres_mapping_info.csv","csv",232230,"2026-06-22 17:35:01","9a3f5f1feb36ca8e04dc82a752ae6623e06e78d455a86d28bcb1bb2392d3337a"
"pride_submission/processed_data/neuron_neuropil/02_id_mapping/mapped/neuron_neuropil/reverse/info/CA2slmcon_CA2slmsus_mapping_info.csv","CA2slmcon_CA2slmsus_mapping_info.csv","csv",232230,"2026-06-22 17:35:02","9a3f5f1feb36ca8e04dc82a752ae6623e06e78d455a86d28bcb1bb2392d3337a"
"pride_submission/processed_data/neuron_neuropil/02_id_mapping/mapped/neuron_neuropil/reverse/info/CA2slmres_CA2slmsus_mapping_info.csv","CA2slmres_CA2slmsus_mapping_info.csv","csv",232230,"2026-06-22 17:35:02","9a3f5f1feb36ca8e04dc82a752ae6623e06e78d455a86d28bcb1bb2392d3337a"
"pride_submission/processed_data/neuron_neuropil/02_id_mapping/mapped/neuron_neuropil/reverse/info/CA2socon_CA2sores_mapping_info.csv","CA2socon_CA2sores_mapping_info.csv","csv",232230,"2026-06-22 17:35:02","9a3f5f1feb36ca8e04dc82a752ae6623e06e78d455a86d28bcb1bb2392d3337a"
"pride_submission/processed_data/neuron_neuropil/02_id_mapping/mapped/neuron_neuropil/reverse/info/CA2socon_CA2sosus_mapping_info.csv","CA2socon_CA2sosus_mapping_info.csv","csv",232230,"2026-06-22 17:35:03","9a3f5f1feb36ca8e04dc82a752ae6623e06e78d455a86d28bcb1bb2392d3337a"
"pride_submission/processed_data/neuron_neuropil/02_id_mapping/mapped/neuron_neuropil/reverse/info/CA2sores_CA2sosus_mapping_info.csv","CA2sores_CA2sosus_mapping_info.csv","csv",232230,"2026-06-22 17:35:03","9a3f5f1feb36ca8e04dc82a752ae6623e06e78d455a86d28bcb1bb2392d3337a"
"pride_submission/processed_data/neuron_neuropil/02_id_mapping/mapped/neuron_neuropil/reverse/info/CA2srcon_CA2srres_mapping_info.csv","CA2srcon_CA2srres_mapping_info.csv","csv",232230,"2026-06-22 17:35:04","9a3f5f1feb36ca8e04dc82a752ae6623e06e78d455a86d28bcb1bb2392d3337a"
"pride_submission/processed_data/neuron_neuropil/02_id_mapping/mapped/neuron_neuropil/reverse/info/CA2srcon_CA2srsus_mapping_info.csv","CA2srcon_CA2srsus_mapping_info.csv","csv",232230,"2026-06-22 17:35:04","9a3f5f1feb36ca8e04dc82a752ae6623e06e78d455a86d28bcb1bb2392d3337a"
"pride_submission/processed_data/neuron_neuropil/02_id_mapping/mapped/neuron_neuropil/reverse/info/CA2srres_CA2srsus_mapping_info.csv","CA2srres_CA2srsus_mapping_info.csv","csv",232230,"2026-06-22 17:35:05","9a3f5f1feb36ca8e04dc82a752ae6623e06e78d455a86d28bcb1bb2392d3337a"
"pride_submission/processed_data/neuron_neuropil/02_id_mapping/mapped/neuron_neuropil/reverse/info/CA3socon_CA3sores_mapping_info.csv","CA3socon_CA3sores_mapping_info.csv","csv",232230,"2026-06-22 17:35:05","9a3f5f1feb36ca8e04dc82a752ae6623e06e78d455a86d28bcb1bb2392d3337a"
"pride_submission/processed_data/neuron_neuropil/02_id_mapping/mapped/neuron_neuropil/reverse/info/CA3socon_CA3sosus_mapping_info.csv","CA3socon_CA3sosus_mapping_info.csv","csv",232230,"2026-06-22 17:35:05","9a3f5f1feb36ca8e04dc82a752ae6623e06e78d455a86d28bcb1bb2392d3337a"
"pride_submission/processed_data/neuron_neuropil/02_id_mapping/mapped/neuron_neuropil/reverse/info/CA3sores_CA3sosus_mapping_info.csv","CA3sores_CA3sosus_mapping_info.csv","csv",232230,"2026-06-22 17:35:05","9a3f5f1feb36ca8e04dc82a752ae6623e06e78d455a86d28bcb1bb2392d3337a"
"pride_submission/processed_data/neuron_neuropil/02_id_mapping/mapped/neuron_neuropil/reverse/info/CA3srcon_CA3srres_mapping_info.csv","CA3srcon_CA3srres_mapping_info.csv","csv",232230,"2026-06-22 17:35:06","9a3f5f1feb36ca8e04dc82a752ae6623e06e78d455a86d28bcb1bb2392d3337a"
"pride_submission/processed_data/neuron_neuropil/02_id_mapping/mapped/neuron_neuropil/reverse/info/CA3srcon_CA3srsus_mapping_info.csv","CA3srcon_CA3srsus_mapping_info.csv","csv",232230,"2026-06-22 17:35:07","9a3f5f1feb36ca8e04dc82a752ae6623e06e78d455a86d28bcb1bb2392d3337a"
"pride_submission/processed_data/neuron_neuropil/02_id_mapping/mapped/neuron_neuropil/reverse/info/CA3srres_CA3srsus_mapping_info.csv","CA3srres_CA3srsus_mapping_info.csv","csv",232230,"2026-06-22 17:35:07","9a3f5f1feb36ca8e04dc82a752ae6623e06e78d455a86d28bcb1bb2392d3337a"
"pride_submission/processed_data/neuron_neuropil/02_id_mapping/mapped/neuron_neuropil/reverse/info/DGmocon_DGmores_mapping_info.csv","DGmocon_DGmores_mapping_info.csv","csv",232230,"2026-06-22 17:35:07","9a3f5f1feb36ca8e04dc82a752ae6623e06e78d455a86d28bcb1bb2392d3337a"
"pride_submission/processed_data/neuron_neuropil/02_id_mapping/mapped/neuron_neuropil/reverse/info/DGmocon_DGmosus_mapping_info.csv","DGmocon_DGmosus_mapping_info.csv","csv",232230,"2026-06-22 17:35:08","9a3f5f1feb36ca8e04dc82a752ae6623e06e78d455a86d28bcb1bb2392d3337a"
"pride_submission/processed_data/neuron_neuropil/02_id_mapping/mapped/neuron_neuropil/reverse/info/DGmores_DGmosus_mapping_info.csv","DGmores_DGmosus_mapping_info.csv","csv",232230,"2026-06-22 17:35:08","9a3f5f1feb36ca8e04dc82a752ae6623e06e78d455a86d28bcb1bb2392d3337a"
"pride_submission/processed_data/neuron_neuropil/02_id_mapping/mapped/neuron_neuropil/reverse/info/DGpocon_DGpores_mapping_info.csv","DGpocon_DGpores_mapping_info.csv","csv",232230,"2026-06-22 17:35:08","9a3f5f1feb36ca8e04dc82a752ae6623e06e78d455a86d28bcb1bb2392d3337a"
"pride_submission/processed_data/neuron_neuropil/02_id_mapping/mapped/neuron_neuropil/reverse/info/DGpocon_DGposus_mapping_info.csv","DGpocon_DGposus_mapping_info.csv","csv",232230,"2026-06-22 17:35:09","9a3f5f1feb36ca8e04dc82a752ae6623e06e78d455a86d28bcb1bb2392d3337a"
"pride_submission/processed_data/neuron_neuropil/02_id_mapping/mapped/neuron_neuropil/reverse/info/DGpores_DGposus_mapping_info.csv","DGpores_DGposus_mapping_info.csv","csv",232230,"2026-06-22 17:35:09","9a3f5f1feb36ca8e04dc82a752ae6623e06e78d455a86d28bcb1bb2392d3337a"
"pride_submission/processed_data/neuron_neuropil/02_id_mapping/mapped/neuron_neuropil/reverse/info/GLOBAL_mapping_summary.csv","GLOBAL_mapping_summary.csv","csv",11329715,"2026-06-22 17:35:12","85df2d30e07d7c326521017072fb8de94add58118e0e0df3f9a712c2de448a9e"
"pride_submission/processed_data/neuron_neuropil/02_id_mapping/mapped/neuron_neuropil/reverse/info/GLOBAL_strategy_statistics.csv","GLOBAL_strategy_statistics.csv","csv",141,"2026-06-22 17:35:12","fc1a179d2b4a23d093692c3e4cbf2fa3b5075757feb290a058bce857d4691fdf"
"pride_submission/processed_data/neuron_neuropil/02_id_mapping/mapped/neuron_neuropil/reverse/per_file/CA1slmcon_CA1slmres.csv","CA1slmcon_CA1slmres.csv","csv",206718,"2026-06-22 17:35:12","b99cd129ea2322653f9aee1ae56e608252bf0e75fd58099cb7dd73f699c30eb6"
"pride_submission/processed_data/neuron_neuropil/02_id_mapping/mapped/neuron_neuropil/reverse/per_file/CA1slmcon_CA1slmsus.csv","CA1slmcon_CA1slmsus.csv","csv",206753,"2026-06-22 17:35:13","4a10c6d93ffe10c6c6382faed793b97c68307fbdcbb0bc5a94de2a9aa4e7d836"
"pride_submission/processed_data/neuron_neuropil/02_id_mapping/mapped/neuron_neuropil/reverse/per_file/CA1slmres_CA1slmsus.csv","CA1slmres_CA1slmsus.csv","csv",205983,"2026-06-22 17:35:13","b3818511d49e60a69fb28a4f41803d06d74d6e17c1af036ad23a1e57c07033b7"
"pride_submission/processed_data/neuron_neuropil/02_id_mapping/mapped/neuron_neuropil/reverse/per_file/CA1socon_CA1sores.csv","CA1socon_CA1sores.csv","csv",206608,"2026-06-22 17:35:13","78a4bed0e767399dd5a45bdfdf6fe8314cec96d57c3842c101803f621f817dec"
"pride_submission/processed_data/neuron_neuropil/02_id_mapping/mapped/neuron_neuropil/reverse/per_file/CA1socon_CA1sosus.csv","CA1socon_CA1sosus.csv","csv",157033,"2026-06-22 17:35:14","c06e58e76aba6ffc45a8e86b507d33ccb4c02f98a5f0a062a15f6a39e0a875c6"
"pride_submission/processed_data/neuron_neuropil/02_id_mapping/mapped/neuron_neuropil/reverse/per_file/CA1sores_CA1sosus.csv","CA1sores_CA1sosus.csv","csv",206267,"2026-06-22 17:35:14","2d83d7de64cbcce2367c393565532bd1047fb44da7d53d9da50f9a99f5ba0a68"
"pride_submission/processed_data/neuron_neuropil/02_id_mapping/mapped/neuron_neuropil/reverse/per_file/CA1srcon_CA1srres.csv","CA1srcon_CA1srres.csv","csv",207367,"2026-06-22 17:35:14","688d59692400f6fb2499728ed8adc7dcd1691794502de176a2a11afc4654a19c"
"pride_submission/processed_data/neuron_neuropil/02_id_mapping/mapped/neuron_neuropil/reverse/per_file/CA1srcon_CA1srsus.csv","CA1srcon_CA1srsus.csv","csv",206425,"2026-06-22 17:35:15","753df57cfa8f4e0a2f790a87341972e4e191ba51bba16e9e60177b285f4911fe"
"pride_submission/processed_data/neuron_neuropil/02_id_mapping/mapped/neuron_neuropil/reverse/per_file/CA1srres_CA1srsus.csv","CA1srres_CA1srsus.csv","csv",206102,"2026-06-22 17:35:15","c3e53ee6254076e88e1a8697c233bb51a722b70203300d777440e276b69156f6"
"pride_submission/processed_data/neuron_neuropil/02_id_mapping/mapped/neuron_neuropil/reverse/per_file/CA2slmcon_CA2slmres.csv","CA2slmcon_CA2slmres.csv","csv",207622,"2026-06-22 17:35:15","0ea1557328cfacbfc8a585388c32c429ead081bb3d0f0c15677a13e67b9b1c3d"
"pride_submission/processed_data/neuron_neuropil/02_id_mapping/mapped/neuron_neuropil/reverse/per_file/CA2slmcon_CA2slmsus.csv","CA2slmcon_CA2slmsus.csv","csv",205393,"2026-06-22 17:35:16","f2e641a495204e3b009de23eb149e4a16755b62195f7da5969c2f83198ec680c"
"pride_submission/processed_data/neuron_neuropil/02_id_mapping/mapped/neuron_neuropil/reverse/per_file/CA2slmres_CA2slmsus.csv","CA2slmres_CA2slmsus.csv","csv",204962,"2026-06-22 17:35:16","95171e0cf1edd8d56b780a434ce603d2aa05cd1dcba832109fe6b533aef19cbc"
"pride_submission/processed_data/neuron_neuropil/02_id_mapping/mapped/neuron_neuropil/reverse/per_file/CA2socon_CA2sores.csv","CA2socon_CA2sores.csv","csv",206791,"2026-06-22 17:35:16","80c6c516f01114406a1d88e78c4e8d3233fb7b1962743ba0714f3e49f38dc41a"
"pride_submission/processed_data/neuron_neuropil/02_id_mapping/mapped/neuron_neuropil/reverse/per_file/CA2socon_CA2sosus.csv","CA2socon_CA2sosus.csv","csv",206446,"2026-06-22 17:35:17","07d22b9f369e54660c827919b52ef309854ce754213cd75a0ed90fce4bc95953"
"pride_submission/processed_data/neuron_neuropil/02_id_mapping/mapped/neuron_neuropil/reverse/per_file/CA2sores_CA2sosus.csv","CA2sores_CA2sosus.csv","csv",206492,"2026-06-22 17:35:17","34534fbe88627f1e51feb408d7f8b963be5e4752a672f993340ce644ba0572ad"
"pride_submission/processed_data/neuron_neuropil/02_id_mapping/mapped/neuron_neuropil/reverse/per_file/CA2srcon_CA2srres.csv","CA2srcon_CA2srres.csv","csv",207199,"2026-06-22 17:35:18","455f3551e9d1cbce99b5132b1c8f49ed71c260ab430a89814fa7942f489d1a9b"
"pride_submission/processed_data/neuron_neuropil/02_id_mapping/mapped/neuron_neuropil/reverse/per_file/CA2srcon_CA2srsus.csv","CA2srcon_CA2srsus.csv","csv",206160,"2026-06-22 17:35:18","5bb16719f44e1286505be8a40027807dc116a3cbfb565cdd1be53c7ae8f7abeb"
"pride_submission/processed_data/neuron_neuropil/02_id_mapping/mapped/neuron_neuropil/reverse/per_file/CA2srres_CA2srsus.csv","CA2srres_CA2srsus.csv","csv",206466,"2026-06-22 17:35:19","af8338336bdc1a7ec4901444b9cd58a2c8131bb5c2af50f4d8e971c54f490091"
"pride_submission/processed_data/neuron_neuropil/02_id_mapping/mapped/neuron_neuropil/reverse/per_file/CA3socon_CA3sores.csv","CA3socon_CA3sores.csv","csv",206614,"2026-06-22 17:35:19","24732866dd9b22e39e4ecc0cce3041faf4dba45eb43e1fe5b3efccc327c60a1d"
"pride_submission/processed_data/neuron_neuropil/02_id_mapping/mapped/neuron_neuropil/reverse/per_file/CA3socon_CA3sosus.csv","CA3socon_CA3sosus.csv","csv",205849,"2026-06-22 17:35:19","f14279c6b7fb1b0d7fdd309de61ef7decdc4a40554202adc70f0ee3d8743506e"
"pride_submission/processed_data/neuron_neuropil/02_id_mapping/mapped/neuron_neuropil/reverse/per_file/CA3sores_CA3sosus.csv","CA3sores_CA3sosus.csv","csv",205836,"2026-06-22 17:35:20","502c0b34a27cf36e9caefad63a87c32daddd30ff52a7d816e73f8a766a0a17b1"
"pride_submission/processed_data/neuron_neuropil/02_id_mapping/mapped/neuron_neuropil/reverse/per_file/CA3srcon_CA3srres.csv","CA3srcon_CA3srres.csv","csv",206769,"2026-06-22 17:35:20","e0bf4c7c2626e6c1a5daa10f88be3f80eb1218876e675c67967f0b26b1b18c15"
"pride_submission/processed_data/neuron_neuropil/02_id_mapping/mapped/neuron_neuropil/reverse/per_file/CA3srcon_CA3srsus.csv","CA3srcon_CA3srsus.csv","csv",205881,"2026-06-22 17:35:20","883844208f62c452d36f00d03493ca9c200f39ea92a16d1084b48c916ab8320e"
"pride_submission/processed_data/neuron_neuropil/02_id_mapping/mapped/neuron_neuropil/reverse/per_file/CA3srres_CA3srsus.csv","CA3srres_CA3srsus.csv","csv",205939,"2026-06-22 17:35:21","51dc8440db4c8ef3be03a9138fa17f572a81c83957d3eb643bafaea958cbe2d0"
"pride_submission/processed_data/neuron_neuropil/02_id_mapping/mapped/neuron_neuropil/reverse/per_file/DGmocon_DGmores.csv","DGmocon_DGmores.csv","csv",206656,"2026-06-22 17:35:21","1bc44f02feca7dbed09f24c1a89fa79457a01bc1d3a9f0f2f967a51664538075"
"pride_submission/processed_data/neuron_neuropil/02_id_mapping/mapped/neuron_neuropil/reverse/per_file/DGmocon_DGmosus.csv","DGmocon_DGmosus.csv","csv",205043,"2026-06-22 17:35:22","3e879492ccf0f9e4546170e47e62c13005759f217d2351e06501e078ccd4092a"
"pride_submission/processed_data/neuron_neuropil/02_id_mapping/mapped/neuron_neuropil/reverse/per_file/DGmores_DGmosus.csv","DGmores_DGmosus.csv","csv",205079,"2026-06-22 17:35:22","a9788069dfcb8e1accb3c5aaed41eeee9e9285004811c9520a187a7a764547ad"
"pride_submission/processed_data/neuron_neuropil/02_id_mapping/mapped/neuron_neuropil/reverse/per_file/DGpocon_DGpores.csv","DGpocon_DGpores.csv","csv",207669,"2026-06-22 17:35:23","51614b215fa71392c321cbfdf850c598f64065089bed839214579204109914bd"
"pride_submission/processed_data/neuron_neuropil/02_id_mapping/mapped/neuron_neuropil/reverse/per_file/DGpocon_DGposus.csv","DGpocon_DGposus.csv","csv",205772,"2026-06-22 17:35:23","12ab71ea0908690352fc013cca130eb6e4d34a04f23eaf6a9031c6afaf00016c"
"pride_submission/processed_data/neuron_neuropil/02_id_mapping/mapped/neuron_neuropil/reverse/per_file/DGpores_DGposus.csv","DGpores_DGposus.csv","csv",205221,"2026-06-22 17:35:23","c47f608e528aa84efe22a18987c38b2344acf1903a1eff3be7c3f59ffe60b126"
"pride_submission/processed_data/neuron_neuropil/02_id_mapping/mapped/neuron_neuropil/reverse/summaries/CA1slmcon_CA1slmres_summary.csv","CA1slmcon_CA1slmres_summary.csv","csv",179937,"2026-06-22 17:35:24","ec7300d7129c8640dbac955f9821291fe67f4e616c3c90be63824a1810dfaa0e"
"pride_submission/processed_data/neuron_neuropil/02_id_mapping/mapped/neuron_neuropil/reverse/summaries/CA1slmcon_CA1slmsus_summary.csv","CA1slmcon_CA1slmsus_summary.csv","csv",179937,"2026-06-22 17:35:24","ec7300d7129c8640dbac955f9821291fe67f4e616c3c90be63824a1810dfaa0e"
"pride_submission/processed_data/neuron_neuropil/02_id_mapping/mapped/neuron_neuropil/reverse/summaries/CA1slmres_CA1slmsus_summary.csv","CA1slmres_CA1slmsus_summary.csv","csv",179937,"2026-06-22 17:35:24","ec7300d7129c8640dbac955f9821291fe67f4e616c3c90be63824a1810dfaa0e"
"pride_submission/processed_data/neuron_neuropil/02_id_mapping/mapped/neuron_neuropil/reverse/summaries/CA1socon_CA1sores_summary.csv","CA1socon_CA1sores_summary.csv","csv",179937,"2026-06-22 17:35:25","ec7300d7129c8640dbac955f9821291fe67f4e616c3c90be63824a1810dfaa0e"
"pride_submission/processed_data/neuron_neuropil/02_id_mapping/mapped/neuron_neuropil/reverse/summaries/CA1socon_CA1sosus_summary.csv","CA1socon_CA1sosus_summary.csv","csv",179937,"2026-06-22 17:35:25","ec7300d7129c8640dbac955f9821291fe67f4e616c3c90be63824a1810dfaa0e"
"pride_submission/processed_data/neuron_neuropil/02_id_mapping/mapped/neuron_neuropil/reverse/summaries/CA1sores_CA1sosus_summary.csv","CA1sores_CA1sosus_summary.csv","csv",179937,"2026-06-22 17:35:26","ec7300d7129c8640dbac955f9821291fe67f4e616c3c90be63824a1810dfaa0e"
"pride_submission/processed_data/neuron_neuropil/02_id_mapping/mapped/neuron_neuropil/reverse/summaries/CA1srcon_CA1srres_summary.csv","CA1srcon_CA1srres_summary.csv","csv",179937,"2026-06-22 17:35:26","ec7300d7129c8640dbac955f9821291fe67f4e616c3c90be63824a1810dfaa0e"
"pride_submission/processed_data/neuron_neuropil/02_id_mapping/mapped/neuron_neuropil/reverse/summaries/CA1srcon_CA1srsus_summary.csv","CA1srcon_CA1srsus_summary.csv","csv",179937,"2026-06-22 17:35:26","ec7300d7129c8640dbac955f9821291fe67f4e616c3c90be63824a1810dfaa0e"
"pride_submission/processed_data/neuron_neuropil/02_id_mapping/mapped/neuron_neuropil/reverse/summaries/CA1srres_CA1srsus_summary.csv","CA1srres_CA1srsus_summary.csv","csv",179937,"2026-06-22 17:35:27","ec7300d7129c8640dbac955f9821291fe67f4e616c3c90be63824a1810dfaa0e"
"pride_submission/processed_data/neuron_neuropil/02_id_mapping/mapped/neuron_neuropil/reverse/summaries/CA2slmcon_CA2slmres_summary.csv","CA2slmcon_CA2slmres_summary.csv","csv",179937,"2026-06-22 17:35:27","ec7300d7129c8640dbac955f9821291fe67f4e616c3c90be63824a1810dfaa0e"
"pride_submission/processed_data/neuron_neuropil/02_id_mapping/mapped/neuron_neuropil/reverse/summaries/CA2slmcon_CA2slmsus_summary.csv","CA2slmcon_CA2slmsus_summary.csv","csv",179937,"2026-06-22 17:35:27","ec7300d7129c8640dbac955f9821291fe67f4e616c3c90be63824a1810dfaa0e"
"pride_submission/processed_data/neuron_neuropil/02_id_mapping/mapped/neuron_neuropil/reverse/summaries/CA2slmres_CA2slmsus_summary.csv","CA2slmres_CA2slmsus_summary.csv","csv",179937,"2026-06-22 17:35:28","ec7300d7129c8640dbac955f9821291fe67f4e616c3c90be63824a1810dfaa0e"
"pride_submission/processed_data/neuron_neuropil/02_id_mapping/mapped/neuron_neuropil/reverse/summaries/CA2socon_CA2sores_summary.csv","CA2socon_CA2sores_summary.csv","csv",179937,"2026-06-22 17:35:28","ec7300d7129c8640dbac955f9821291fe67f4e616c3c90be63824a1810dfaa0e"
"pride_submission/processed_data/neuron_neuropil/02_id_mapping/mapped/neuron_neuropil/reverse/summaries/CA2socon_CA2sosus_summary.csv","CA2socon_CA2sosus_summary.csv","csv",179937,"2026-06-22 17:35:28","ec7300d7129c8640dbac955f9821291fe67f4e616c3c90be63824a1810dfaa0e"
"pride_submission/processed_data/neuron_neuropil/02_id_mapping/mapped/neuron_neuropil/reverse/summaries/CA2sores_CA2sosus_summary.csv","CA2sores_CA2sosus_summary.csv","csv",179937,"2026-06-22 17:35:29","ec7300d7129c8640dbac955f9821291fe67f4e616c3c90be63824a1810dfaa0e"
"pride_submission/processed_data/neuron_neuropil/02_id_mapping/mapped/neuron_neuropil/reverse/summaries/CA2srcon_CA2srres_summary.csv","CA2srcon_CA2srres_summary.csv","csv",179937,"2026-06-22 17:35:29","ec7300d7129c8640dbac955f9821291fe67f4e616c3c90be63824a1810dfaa0e"
"pride_submission/processed_data/neuron_neuropil/02_id_mapping/mapped/neuron_neuropil/reverse/summaries/CA2srcon_CA2srsus_summary.csv","CA2srcon_CA2srsus_summary.csv","csv",179937,"2026-06-22 17:35:29","ec7300d7129c8640dbac955f9821291fe67f4e616c3c90be63824a1810dfaa0e"
"pride_submission/processed_data/neuron_neuropil/02_id_mapping/mapped/neuron_neuropil/reverse/summaries/CA2srres_CA2srsus_summary.csv","CA2srres_CA2srsus_summary.csv","csv",179937,"2026-06-22 17:35:29","ec7300d7129c8640dbac955f9821291fe67f4e616c3c90be63824a1810dfaa0e"
"pride_submission/processed_data/neuron_neuropil/02_id_mapping/mapped/neuron_neuropil/reverse/summaries/CA3socon_CA3sores_summary.csv","CA3socon_CA3sores_summary.csv","csv",179937,"2026-06-22 17:35:30","ec7300d7129c8640dbac955f9821291fe67f4e616c3c90be63824a1810dfaa0e"
"pride_submission/processed_data/neuron_neuropil/02_id_mapping/mapped/neuron_neuropil/reverse/summaries/CA3socon_CA3sosus_summary.csv","CA3socon_CA3sosus_summary.csv","csv",179937,"2026-06-22 17:35:30","ec7300d7129c8640dbac955f9821291fe67f4e616c3c90be63824a1810dfaa0e"
"pride_submission/processed_data/neuron_neuropil/02_id_mapping/mapped/neuron_neuropil/reverse/summaries/CA3sores_CA3sosus_summary.csv","CA3sores_CA3sosus_summary.csv","csv",179937,"2026-06-22 17:35:31","ec7300d7129c8640dbac955f9821291fe67f4e616c3c90be63824a1810dfaa0e"
"pride_submission/processed_data/neuron_neuropil/02_id_mapping/mapped/neuron_neuropil/reverse/summaries/CA3srcon_CA3srres_summary.csv","CA3srcon_CA3srres_summary.csv","csv",179937,"2026-06-22 17:35:31","ec7300d7129c8640dbac955f9821291fe67f4e616c3c90be63824a1810dfaa0e"
"pride_submission/processed_data/neuron_neuropil/02_id_mapping/mapped/neuron_neuropil/reverse/summaries/CA3srcon_CA3srsus_summary.csv","CA3srcon_CA3srsus_summary.csv","csv",179937,"2026-06-22 17:35:31","ec7300d7129c8640dbac955f9821291fe67f4e616c3c90be63824a1810dfaa0e"
"pride_submission/processed_data/neuron_neuropil/02_id_mapping/mapped/neuron_neuropil/reverse/summaries/CA3srres_CA3srsus_summary.csv","CA3srres_CA3srsus_summary.csv","csv",179937,"2026-06-22 17:35:31","ec7300d7129c8640dbac955f9821291fe67f4e616c3c90be63824a1810dfaa0e"
"pride_submission/processed_data/neuron_neuropil/02_id_mapping/mapped/neuron_neuropil/reverse/summaries/DGmocon_DGmores_summary.csv","DGmocon_DGmores_summary.csv","csv",179937,"2026-06-22 17:35:32","ec7300d7129c8640dbac955f9821291fe67f4e616c3c90be63824a1810dfaa0e"
"pride_submission/processed_data/neuron_neuropil/02_id_mapping/mapped/neuron_neuropil/reverse/summaries/DGmocon_DGmosus_summary.csv","DGmocon_DGmosus_summary.csv","csv",179937,"2026-06-22 17:35:32","ec7300d7129c8640dbac955f9821291fe67f4e616c3c90be63824a1810dfaa0e"
"pride_submission/processed_data/neuron_neuropil/02_id_mapping/mapped/neuron_neuropil/reverse/summaries/DGmores_DGmosus_summary.csv","DGmores_DGmosus_summary.csv","csv",179937,"2026-06-22 17:35:32","ec7300d7129c8640dbac955f9821291fe67f4e616c3c90be63824a1810dfaa0e"
"pride_submission/processed_data/neuron_neuropil/02_id_mapping/mapped/neuron_neuropil/reverse/summaries/DGpocon_DGpores_summary.csv","DGpocon_DGpores_summary.csv","csv",179937,"2026-06-22 17:35:33","ec7300d7129c8640dbac955f9821291fe67f4e616c3c90be63824a1810dfaa0e"
"pride_submission/processed_data/neuron_neuropil/02_id_mapping/mapped/neuron_neuropil/reverse/summaries/DGpocon_DGposus_summary.csv","DGpocon_DGposus_summary.csv","csv",179937,"2026-06-22 17:35:33","ec7300d7129c8640dbac955f9821291fe67f4e616c3c90be63824a1810dfaa0e"
"pride_submission/processed_data/neuron_neuropil/02_id_mapping/mapped/neuron_neuropil/reverse/summaries/DGpores_DGposus_summary.csv","DGpores_DGposus_summary.csv","csv",179937,"2026-06-22 17:35:33","ec7300d7129c8640dbac955f9821291fe67f4e616c3c90be63824a1810dfaa0e"
"pride_submission/processed_data/neuron_neuropil/02_id_mapping/mapped/neuron_neuropil/reverse/summaries/GLOBAL_mapping_summary.csv","GLOBAL_mapping_summary.csv","csv",11329715,"2026-06-22 17:35:36","85df2d30e07d7c326521017072fb8de94add58118e0e0df3f9a712c2de448a9e"
"pride_submission/processed_data/neuron_neuropil/04_differential_expression_enrichment/clusterProfiler/neuron_neuropil/clusterProfiler_manifest.csv","clusterProfiler_manifest.csv","csv",64416,"2026-06-22 17:35:37","efd8c8de151de9b5f1263a234535b9b1a92050b2bcb98b7076fc82761dbb3257"
"pride_submission/processed_data/neuron_neuropil/04_differential_expression_enrichment/clusterProfiler/neuron_neuropil/phenotype_within_unit/CA1_slm/CA1slmres_CA1slmcon/QC_summary.csv","QC_summary.csv","csv",297,"2026-06-22 17:35:38","f63b9f9287641ba55658e2ab3eb297492c608b06d64f4f727aa289ce86181b1c"
"pride_submission/processed_data/neuron_neuropil/04_differential_expression_enrichment/clusterProfiler/neuron_neuropil/phenotype_within_unit/CA1_slm/CA1slmsus_CA1slmcon/QC_summary.csv","QC_summary.csv","csv",296,"2026-06-22 17:35:39","2e1e429e6bbb857f8fd783cb5ff96ea1779b3558d87fdcd079abfe3e44054c55"
"pride_submission/processed_data/neuron_neuropil/04_differential_expression_enrichment/clusterProfiler/neuron_neuropil/phenotype_within_unit/CA1_slm/CA1slmsus_CA1slmres/QC_summary.csv","QC_summary.csv","csv",297,"2026-06-22 17:35:40","073dde9c97924d4a03ea0be1d51725241569d921412a89b53d3b5c0f8021efd0"
"pride_submission/processed_data/neuron_neuropil/04_differential_expression_enrichment/clusterProfiler/neuron_neuropil/phenotype_within_unit/CA1_so/CA1sores_CA1socon/QC_summary.csv","QC_summary.csv","csv",295,"2026-06-22 17:35:41","9b7d54d3e008e90dde4ad970b64e098fe106a26a70570589f9c3c3c78fceae4e"
"pride_submission/processed_data/neuron_neuropil/04_differential_expression_enrichment/clusterProfiler/neuron_neuropil/phenotype_within_unit/CA1_so/CA1sosus_CA1socon/QC_summary.csv","QC_summary.csv","csv",294,"2026-06-22 17:35:42","200272f76e7a6afd31b683a67707155a5184f6b599cb3b4c77e135057b8cfa31"
"pride_submission/processed_data/neuron_neuropil/04_differential_expression_enrichment/clusterProfiler/neuron_neuropil/phenotype_within_unit/CA1_so/CA1sosus_CA1sores/QC_summary.csv","QC_summary.csv","csv",295,"2026-06-22 17:35:43","3f503bb3c0b6d339882fbfc6cbf2c34bcbef006c7506fbc4993f7a6427ed82b3"
"pride_submission/processed_data/neuron_neuropil/04_differential_expression_enrichment/clusterProfiler/neuron_neuropil/phenotype_within_unit/CA1_sr/CA1srres_CA1srcon/QC_summary.csv","QC_summary.csv","csv",295,"2026-06-22 17:35:44","345347aae05dffecd2e14692e5ba10048ec7ab35877527b95e73eef981ed46c1"
"pride_submission/processed_data/neuron_neuropil/04_differential_expression_enrichment/clusterProfiler/neuron_neuropil/phenotype_within_unit/CA1_sr/CA1srsus_CA1srcon/QC_summary.csv","QC_summary.csv","csv",295,"2026-06-22 17:35:45","e701d61f5fa3ce5bfb60c37b060fbd66e992ce30ca3c02498a3cf497d2d4b33c"
"pride_submission/processed_data/neuron_neuropil/04_differential_expression_enrichment/clusterProfiler/neuron_neuropil/phenotype_within_unit/CA1_sr/CA1srsus_CA1srres/QC_summary.csv","QC_summary.csv","csv",295,"2026-06-22 17:35:46","57f01376de3c3fe8be4398269e9a906d0de7540a2a8c6bc6e2ae6ab5906a014e"
"pride_submission/processed_data/neuron_neuropil/04_differential_expression_enrichment/clusterProfiler/neuron_neuropil/phenotype_within_unit/CA2_slm/CA2slmres_CA2slmcon/QC_summary.csv","QC_summary.csv","csv",296,"2026-06-22 17:35:47","8abb8bd281c1b9bf2778af2bf6d8210f3426833d995241fd5e52b92e78faccbc"
"pride_submission/processed_data/neuron_neuropil/04_differential_expression_enrichment/clusterProfiler/neuron_neuropil/phenotype_within_unit/CA2_slm/CA2slmsus_CA2slmcon/QC_summary.csv","QC_summary.csv","csv",297,"2026-06-22 17:35:47","b6b63a63aa15a485c50b00ac178c9ce6a864e962289c687dce3065943e2b3c6f"
"pride_submission/processed_data/neuron_neuropil/04_differential_expression_enrichment/clusterProfiler/neuron_neuropil/phenotype_within_unit/CA2_slm/CA2slmsus_CA2slmres/QC_summary.csv","QC_summary.csv","csv",298,"2026-06-22 17:35:48","c2352ec825d583edb94858dec97c59940bcc824947ad7a26bcb66c4173bdddf9"
"pride_submission/processed_data/neuron_neuropil/04_differential_expression_enrichment/clusterProfiler/neuron_neuropil/phenotype_within_unit/CA2_so/CA2sores_CA2socon/QC_summary.csv","QC_summary.csv","csv",295,"2026-06-22 17:35:49","d54df927581f5cac732fbc9a2a60ffba3bd8361e449d9315eb6dfca3974e9f29"
"pride_submission/processed_data/neuron_neuropil/04_differential_expression_enrichment/clusterProfiler/neuron_neuropil/phenotype_within_unit/CA2_so/CA2sosus_CA2socon/QC_summary.csv","QC_summary.csv","csv",295,"2026-06-22 17:35:50","215f19dab01b8ff9a350cb77edf10b529a5bb9fd48fe1d961f68cf91a0cb9dfc"
"pride_submission/processed_data/neuron_neuropil/04_differential_expression_enrichment/clusterProfiler/neuron_neuropil/phenotype_within_unit/CA2_so/CA2sosus_CA2sores/QC_summary.csv","QC_summary.csv","csv",295,"2026-06-22 17:35:51","51c7d6310dfc5c19f50b0601af46d1711eba13880fd04bec86ed0e4125ad55c5"
"pride_submission/processed_data/neuron_neuropil/04_differential_expression_enrichment/clusterProfiler/neuron_neuropil/phenotype_within_unit/CA2_sr/CA2srres_CA2srcon/QC_summary.csv","QC_summary.csv","csv",295,"2026-06-22 17:35:52","85a2a5dc5c0b6b6342a47af0dbef0a06ae88df6e3a3d228af0d013ff5065af45"
"pride_submission/processed_data/neuron_neuropil/04_differential_expression_enrichment/clusterProfiler/neuron_neuropil/phenotype_within_unit/CA2_sr/CA2srsus_CA2srcon/QC_summary.csv","QC_summary.csv","csv",296,"2026-06-22 17:35:53","45c1a0c1bd97d77ad159bcb3c77524d42ef360babac1ab2561a52381101db0c7"
"pride_submission/processed_data/neuron_neuropil/04_differential_expression_enrichment/clusterProfiler/neuron_neuropil/phenotype_within_unit/CA2_sr/CA2srsus_CA2srres/QC_summary.csv","QC_summary.csv","csv",295,"2026-06-22 17:35:54","adae11ac7674578622d38217229907024f5b3655b5564a41aa97843481a737d2"
"pride_submission/processed_data/neuron_neuropil/04_differential_expression_enrichment/clusterProfiler/neuron_neuropil/phenotype_within_unit/CA3_so/CA3sores_CA3socon/QC_summary.csv","QC_summary.csv","csv",294,"2026-06-22 17:35:55","4368f750b3865679f27fea1c4b77e9306c798aaed44f429f093a2737c8c21bfa"
"pride_submission/processed_data/neuron_neuropil/04_differential_expression_enrichment/clusterProfiler/neuron_neuropil/phenotype_within_unit/CA3_so/CA3sosus_CA3socon/QC_summary.csv","QC_summary.csv","csv",294,"2026-06-22 17:35:56","014dfb5196417dad6b6845f7f373ff976890cb099eb1c50b712001c1a9ab5e63"
"pride_submission/processed_data/neuron_neuropil/04_differential_expression_enrichment/clusterProfiler/neuron_neuropil/phenotype_within_unit/CA3_so/CA3sosus_CA3sores/QC_summary.csv","QC_summary.csv","csv",294,"2026-06-22 17:35:57","ba56d4c5288cafec10441c3700f84828929dd4868bab1c41bec54c390cee0788"
"pride_submission/processed_data/neuron_neuropil/04_differential_expression_enrichment/clusterProfiler/neuron_neuropil/phenotype_within_unit/CA3_sr/CA3srres_CA3srcon/QC_summary.csv","QC_summary.csv","csv",294,"2026-06-22 17:35:58","db61a8c6332cd6bf22ceda9c2c08e8881c6086816da8de24b1eb0f147f069b72"
"pride_submission/processed_data/neuron_neuropil/04_differential_expression_enrichment/clusterProfiler/neuron_neuropil/phenotype_within_unit/CA3_sr/CA3srsus_CA3srcon/QC_summary.csv","QC_summary.csv","csv",294,"2026-06-22 17:35:59","a73b6b8c46acc5d98b63023cd2b5733de1f110d0d3ccf6fa385a7ad24300028e"
"pride_submission/processed_data/neuron_neuropil/04_differential_expression_enrichment/clusterProfiler/neuron_neuropil/phenotype_within_unit/CA3_sr/CA3srsus_CA3srres/QC_summary.csv","QC_summary.csv","csv",295,"2026-06-22 17:36:00","671efd0aa0808696e509b42519c6d3a58f9d78bc36859d32126067c0de2e5aaa"
"pride_submission/processed_data/neuron_neuropil/04_differential_expression_enrichment/clusterProfiler/neuron_neuropil/phenotype_within_unit/DG_mo/DGmores_DGmocon/KEGG/KEGG_GSEA_results.csv","KEGG_GSEA_results.csv","csv",72868,"2026-06-22 17:36:00","dae98082a29f184215ebf73ed41c1e89bc2352ccc79d3e7d69533d844e6d067a"
"pride_submission/processed_data/neuron_neuropil/04_differential_expression_enrichment/clusterProfiler/neuron_neuropil/phenotype_within_unit/DG_mo/DGmores_DGmocon/ORA/ORA_BP_results_full.csv","ORA_BP_results_full.csv","csv",209338,"2026-06-22 17:36:01","20999bd41678fd325a2f1d4db7ed5fa33cfd844e819b49e1d0c76d9b87a848f4"
"pride_submission/processed_data/neuron_neuropil/04_differential_expression_enrichment/clusterProfiler/neuron_neuropil/phenotype_within_unit/DG_mo/DGmores_DGmocon/QC_summary.csv","QC_summary.csv","csv",293,"2026-06-22 17:36:01","a78fdff7e51ea62c60784437031cbfbf17e19e278dde2b8378be33e4436afa00"
"pride_submission/processed_data/neuron_neuropil/04_differential_expression_enrichment/clusterProfiler/neuron_neuropil/phenotype_within_unit/DG_mo/DGmosus_DGmocon/KEGG/KEGG_GSEA_results.csv","KEGG_GSEA_results.csv","csv",68337,"2026-06-22 17:36:01","3748d91e1b76a39c90109038aaf0bc44a7aa2a14bcad891b7ad3373c488f41af"
"pride_submission/processed_data/neuron_neuropil/04_differential_expression_enrichment/clusterProfiler/neuron_neuropil/phenotype_within_unit/DG_mo/DGmosus_DGmocon/ORA/ORA_BP_results_full.csv","ORA_BP_results_full.csv","csv",148629,"2026-06-22 17:36:02","261441f3368d636c5b6d5f69f1b667fcb929553cf7e13af0e315138221169a27"
"pride_submission/processed_data/neuron_neuropil/04_differential_expression_enrichment/clusterProfiler/neuron_neuropil/phenotype_within_unit/DG_mo/DGmosus_DGmocon/QC_summary.csv","QC_summary.csv","csv",289,"2026-06-22 17:36:02","502a45aa2bf84cfd85542c5680fcac6f24b73d493ed2a773112a54c53f5bdc36"
"pride_submission/processed_data/neuron_neuropil/04_differential_expression_enrichment/clusterProfiler/neuron_neuropil/phenotype_within_unit/DG_mo/DGmosus_DGmores/KEGG/KEGG_GSEA_results.csv","KEGG_GSEA_results.csv","csv",77995,"2026-06-22 17:36:03","fce6b86b4b93b6c6523da262545386c438e2fb025da6563ee7de3b2832b065f0"
"pride_submission/processed_data/neuron_neuropil/04_differential_expression_enrichment/clusterProfiler/neuron_neuropil/phenotype_within_unit/DG_mo/DGmosus_DGmores/ORA/ORA_BP_results_full.csv","ORA_BP_results_full.csv","csv",208721,"2026-06-22 17:36:03","2e235c252b3de51c5aa711372dc806021e1525aa9aa6c3c1719a80bd9b85e880"
"pride_submission/processed_data/neuron_neuropil/04_differential_expression_enrichment/clusterProfiler/neuron_neuropil/phenotype_within_unit/DG_mo/DGmosus_DGmores/QC_summary.csv","QC_summary.csv","csv",293,"2026-06-22 17:36:03","b004cee685eeadd72ae28299549f4e337b4d9409a0c3fbd2a54978523a9e6b3e"
"pride_submission/processed_data/neuron_neuropil/04_differential_expression_enrichment/clusterProfiler/neuron_neuropil/phenotype_within_unit/DG_po/DGpores_DGpocon/KEGG/KEGG_GSEA_results.csv","KEGG_GSEA_results.csv","csv",76868,"2026-06-22 17:36:05","81f47a2c4e8fef17d7c8549a8982b0ff45d8398ab20adf59118ee2bc015c8b7e"
"pride_submission/processed_data/neuron_neuropil/04_differential_expression_enrichment/clusterProfiler/neuron_neuropil/phenotype_within_unit/DG_po/DGpores_DGpocon/ORA/ORA_BP_results_full.csv","ORA_BP_results_full.csv","csv",246528,"2026-06-22 17:36:05","ded9cb6b507c4288cd6e3372232a3d0a9a46a8308594afad9de9a04aa0f4177c"
"pride_submission/processed_data/neuron_neuropil/04_differential_expression_enrichment/clusterProfiler/neuron_neuropil/phenotype_within_unit/DG_po/DGpores_DGpocon/QC_summary.csv","QC_summary.csv","csv",293,"2026-06-22 17:36:05","966fdc0cf82bf0dd26502f7edc87da5faa8847f0b49ea172acbb8cf42698e829"
"pride_submission/processed_data/neuron_neuropil/04_differential_expression_enrichment/clusterProfiler/neuron_neuropil/phenotype_within_unit/DG_po/DGposus_DGpocon/KEGG/KEGG_GSEA_results.csv","KEGG_GSEA_results.csv","csv",67983,"2026-06-22 17:36:06","05793c2ebcbd4d54ab75e6cdc62b547a888e21164ed4151150abc5441cdd5b08"
"pride_submission/processed_data/neuron_neuropil/04_differential_expression_enrichment/clusterProfiler/neuron_neuropil/phenotype_within_unit/DG_po/DGposus_DGpocon/ORA/ORA_BP_results_full.csv","ORA_BP_results_full.csv","csv",211171,"2026-06-22 17:36:06","20c95e7d1219a05b77ff78eb2899254c6ccaeaa69fbd595f7ac68ad39914a1f0"
"pride_submission/processed_data/neuron_neuropil/04_differential_expression_enrichment/clusterProfiler/neuron_neuropil/phenotype_within_unit/DG_po/DGposus_DGpocon/QC_summary.csv","QC_summary.csv","csv",293,"2026-06-22 17:36:07","d8a6a701434a53fb67b3b5badce72cb392a733e065e885e2df782de7c19686f6"
"pride_submission/processed_data/neuron_neuropil/04_differential_expression_enrichment/clusterProfiler/neuron_neuropil/phenotype_within_unit/DG_po/DGposus_DGpores/KEGG/KEGG_GSEA_results.csv","KEGG_GSEA_results.csv","csv",80076,"2026-06-22 17:36:08","e360ffd9d78049ba139f5a3f13446bcf7510dffca2c7288c59c0eb557b8fd3e3"
"pride_submission/processed_data/neuron_neuropil/04_differential_expression_enrichment/clusterProfiler/neuron_neuropil/phenotype_within_unit/DG_po/DGposus_DGpores/ORA/ORA_BP_results_full.csv","ORA_BP_results_full.csv","csv",345036,"2026-06-22 17:36:08","5409d0dbb77180946ff5e67c84c4c7b2afab5a1af04eaee288cf2f3ec6d1ce54"
"pride_submission/processed_data/neuron_neuropil/04_differential_expression_enrichment/clusterProfiler/neuron_neuropil/phenotype_within_unit/DG_po/DGposus_DGpores/QC_summary.csv","QC_summary.csv","csv",293,"2026-06-22 17:36:08","9cf4c8d5b5b8237be97d47a7df932c4001ac7413f6a8f85fb623fd4450311f95"
"pride_submission/processed_data/neuron_neuropil/04_differential_expression_enrichment/compareGO/neuron_neuropil/compareGO_input_manifest.csv","compareGO_input_manifest.csv","csv",31215,"2026-06-22 17:36:09","22f9124fd017f825d83f956b2f9dda54c5e2d04823e2515e7d4691196d2df848"
"pride_submission/processed_data/neuron_neuropil/pg_matrix_reference/quicksearch.pg_matrix.tsv","quicksearch.pg_matrix.tsv","tsv",13223329,"2026-06-22 17:33:14","e753fc266322f8c25c8bcb27e95f1693131ca695bf9bbc8265332ab820f2c9bb"
"pride_submission/processed_data/neuron_neuropil/pg_matrix_reference/quicksearch.stats.annotated.xlsx","quicksearch.stats.annotated.xlsx","xlsx",95371,"2026-06-22 17:33:14","ab1b07e18af2d12cc4612e968106029a25e72fde5c8966a462e660a02d17f942"
"pride_submission/processed_data/neuron_soma/01_preprocessing/excel_convert/20260526_pgmatrix_imputed_neuron_soma_71samples_missing70pct_with_metadata.gct","20260526_pgmatrix_imputed_neuron_soma_71samples_missing70pct_with_metadata.gct","gct",7089941,"2026-06-22 17:38:17","a2a263f80cc8143ed6ddd11b062ba2d8e7a6bc2f950dd4551db4549e24352533"
"pride_submission/processed_data/neuron_soma/01_preprocessing/excel_convert/20260526_pgmatrix_imputed_neuron_soma_71samples_missing70pct_with_metadata.xlsx","20260526_pgmatrix_imputed_neuron_soma_71samples_missing70pct_with_metadata.xlsx","xlsx",5001583,"2026-06-22 17:38:19","ecc50d8e4a96472bab57d32013ee872d568a1ad705dcf3247ebac250175f84cf"
"pride_submission/processed_data/neuron_soma/01_preprocessing/gct_extractR/neuron_soma/forward/CA1spres_CA1spcon.csv","CA1spres_CA1spcon.csv","csv",774277,"2026-06-22 17:36:56","a14a95bcc0e7246ec101ec9c464d9ece50ed26d6aecda3191d4f4f1344cd3bcc"
"pride_submission/processed_data/neuron_soma/01_preprocessing/gct_extractR/neuron_soma/forward/CA1spsus_CA1spcon.csv","CA1spsus_CA1spcon.csv","csv",789417,"2026-06-22 17:36:57","9b25d2aacd825dfc8b24520b2c91a05e5609e68105e3d13c593464c9bd275b92"
"pride_submission/processed_data/neuron_soma/01_preprocessing/gct_extractR/neuron_soma/forward/CA1spsus_CA1spres.csv","CA1spsus_CA1spres.csv","csv",791746,"2026-06-22 17:36:57","73d82aa4bba26e75cc13a8ef8afff7e026f9f70a006a66dfc9afc34383343f48"
"pride_submission/processed_data/neuron_soma/01_preprocessing/gct_extractR/neuron_soma/forward/CA2spcon_CA1spcon.csv","CA2spcon_CA1spcon.csv","csv",773196,"2026-06-22 17:36:58","b1fd7e76b3174a27d97d52aed466166b6744e8e9c7927674b542457cf62fdc77"
"pride_submission/processed_data/neuron_soma/01_preprocessing/gct_extractR/neuron_soma/forward/CA2spcon_CA1spres.csv","CA2spcon_CA1spres.csv","csv",775067,"2026-06-22 17:36:58","6ef0bc106d1318e421bbbee0dfa86e7f6571ba7d8efc032f72f7681dbf21b7cd"
"pride_submission/processed_data/neuron_soma/01_preprocessing/gct_extractR/neuron_soma/forward/CA2spcon_CA1spsus.csv","CA2spcon_CA1spsus.csv","csv",788775,"2026-06-22 17:36:58","f80a2793316a589c62633a7cfcbedce3ab1c20fef822c1aa0202695fa3539a6f"
"pride_submission/processed_data/neuron_soma/01_preprocessing/gct_extractR/neuron_soma/forward/CA2spres_CA1spcon.csv","CA2spres_CA1spcon.csv","csv",774815,"2026-06-22 17:36:59","8be768669ef813e043ed5cee149cb51f489862ac4c1608e4591a1d73a207af54"
"pride_submission/processed_data/neuron_soma/01_preprocessing/gct_extractR/neuron_soma/forward/CA2spres_CA1spres.csv","CA2spres_CA1spres.csv","csv",776342,"2026-06-22 17:36:59","5a6a3cb3a049e0938875a51644abcacbcc786cdf0895253ee7b0a42f5ed24d2c"
"pride_submission/processed_data/neuron_soma/01_preprocessing/gct_extractR/neuron_soma/forward/CA2spres_CA1spsus.csv","CA2spres_CA1spsus.csv","csv",789712,"2026-06-22 17:37:00","54ad3eb03ecd2619123c4e256878ee81acc287b56e394622d9c621f64cd4b938"
"pride_submission/processed_data/neuron_soma/01_preprocessing/gct_extractR/neuron_soma/forward/CA2spres_CA2spcon.csv","CA2spres_CA2spcon.csv","csv",779867,"2026-06-22 17:37:00","f5c663d1d6d666c5e1916fe1de5184d01f083c21be9ec04f03527d8ae9ecda73"
"pride_submission/processed_data/neuron_soma/01_preprocessing/gct_extractR/neuron_soma/forward/CA2spsus_CA1spcon.csv","CA2spsus_CA1spcon.csv","csv",777977,"2026-06-22 17:37:01","7d586773d395ac472d72a51dc829a99f18d10733f8d85850a284a9ac2b1d7882"
"pride_submission/processed_data/neuron_soma/01_preprocessing/gct_extractR/neuron_soma/forward/CA2spsus_CA1spres.csv","CA2spsus_CA1spres.csv","csv",779144,"2026-06-22 17:37:01","344818b0e8b80b0fa7c6f4cd38be62066bd32aa6a5f9920cd9919da0d4fbba3c"
"pride_submission/processed_data/neuron_soma/01_preprocessing/gct_extractR/neuron_soma/forward/CA2spsus_CA1spsus.csv","CA2spsus_CA1spsus.csv","csv",790719,"2026-06-22 17:37:02","bce302aa731d352ff9e93cd16b9a3c3aed9bc70de5683b19617e8536fd61822f"
"pride_submission/processed_data/neuron_soma/01_preprocessing/gct_extractR/neuron_soma/forward/CA2spsus_CA2spcon.csv","CA2spsus_CA2spcon.csv","csv",694236,"2026-06-22 17:37:02","79267db2da6a7775711818dee83b9c241ba603a1116837fff2a155a0a3b7aac9"
"pride_submission/processed_data/neuron_soma/01_preprocessing/gct_extractR/neuron_soma/forward/CA2spsus_CA2spres.csv","CA2spsus_CA2spres.csv","csv",781719,"2026-06-22 17:37:03","2d9eda05069095d21f1a6e9dce0efd1abefaf24ef09eb1e687dd77c3f028c7cd"
"pride_submission/processed_data/neuron_soma/01_preprocessing/gct_extractR/neuron_soma/forward/CA3spcon_CA1spcon.csv","CA3spcon_CA1spcon.csv","csv",774888,"2026-06-22 17:37:03","0e331637001c4ee5784000fc0eafc27130d20612cc752962384ba94df3a5d836"
"pride_submission/processed_data/neuron_soma/01_preprocessing/gct_extractR/neuron_soma/forward/CA3spcon_CA1spres.csv","CA3spcon_CA1spres.csv","csv",776581,"2026-06-22 17:37:03","3be72731fabb873d22e67473019ed19f34fc6dfaf99c288e53bb088d42267fd9"
"pride_submission/processed_data/neuron_soma/01_preprocessing/gct_extractR/neuron_soma/forward/CA3spcon_CA1spsus.csv","CA3spcon_CA1spsus.csv","csv",789833,"2026-06-22 17:37:04","fbd41fbae01b99c47ed8c5cd56c05a23cb6c64963693113e03dffba4ce1f5cba"
"pride_submission/processed_data/neuron_soma/01_preprocessing/gct_extractR/neuron_soma/forward/CA3spcon_CA2spcon.csv","CA3spcon_CA2spcon.csv","csv",772052,"2026-06-22 17:37:05","1717c5d06819191783492970f5c93a00d9090776a0974f17b578b0b79792150b"
"pride_submission/processed_data/neuron_soma/01_preprocessing/gct_extractR/neuron_soma/forward/CA3spcon_CA2spres.csv","CA3spcon_CA2spres.csv","csv",774656,"2026-06-22 17:37:05","4241ca28a6074a758d9e583b946bab5b8dd6e53286ac43cdadf02aa9b7e89293"
"pride_submission/processed_data/neuron_soma/01_preprocessing/gct_extractR/neuron_soma/forward/CA3spcon_CA2spsus.csv","CA3spcon_CA2spsus.csv","csv",775583,"2026-06-22 17:37:06","c7044f053c6e9cbd2bb0e6664cb668d99fc3152fd4542922f17aa60eb3f0f057"
"pride_submission/processed_data/neuron_soma/01_preprocessing/gct_extractR/neuron_soma/forward/CA3spres_CA1spcon.csv","CA3spres_CA1spcon.csv","csv",775641,"2026-06-22 17:37:06","dadbfd098136a2ba13ff4dcf9cc7c8ab752ff3491e58a31a69942f8055355748"
"pride_submission/processed_data/neuron_soma/01_preprocessing/gct_extractR/neuron_soma/forward/CA3spres_CA1spres.csv","CA3spres_CA1spres.csv","csv",776410,"2026-06-22 17:37:07","5362205c70d7f115e37d283dfa793110b885904cb6d2c4f502d8660ceaa4e44b"
"pride_submission/processed_data/neuron_soma/01_preprocessing/gct_extractR/neuron_soma/forward/CA3spres_CA1spsus.csv","CA3spres_CA1spsus.csv","csv",788550,"2026-06-22 17:37:07","cf5a028c708b161189981c66f3cd14f8bbd485dec89bd0a1d136c90ea22e5038"
"pride_submission/processed_data/neuron_soma/01_preprocessing/gct_extractR/neuron_soma/forward/CA3spres_CA2spcon.csv","CA3spres_CA2spcon.csv","csv",770743,"2026-06-22 17:37:08","775ae385899ed3b803847daf6a99c062d11250da159f8ffa905754eabb1f1274"
"pride_submission/processed_data/neuron_soma/01_preprocessing/gct_extractR/neuron_soma/forward/CA3spres_CA2spres.csv","CA3spres_CA2spres.csv","csv",771900,"2026-06-22 17:37:08","58cf6508a100c45bfa4cdb3b84bfc94cd141f671e61b75d6845d292ca73d004a"
"pride_submission/processed_data/neuron_soma/01_preprocessing/gct_extractR/neuron_soma/forward/CA3spres_CA2spsus.csv","CA3spres_CA2spsus.csv","csv",771457,"2026-06-22 17:37:09","704cc0a20723e4deefd471ee39ed9dc3c05eed156ae74eb1b7c52259c1683d14"
"pride_submission/processed_data/neuron_soma/01_preprocessing/gct_extractR/neuron_soma/forward/CA3spres_CA3spcon.csv","CA3spres_CA3spcon.csv","csv",775500,"2026-06-22 17:37:09","d5ec852fe8ae2b3a75d3d2660df961bb3d6e01963242d97ae77df08f38913b11"
"pride_submission/processed_data/neuron_soma/01_preprocessing/gct_extractR/neuron_soma/forward/CA3spsus_CA1spcon.csv","CA3spsus_CA1spcon.csv","csv",775502,"2026-06-22 17:37:10","32440ed60aee5e00e4b6b0167852b6d3ec1227457bea9fd65ab10cab34f57be1"
"pride_submission/processed_data/neuron_soma/01_preprocessing/gct_extractR/neuron_soma/forward/CA3spsus_CA1spres.csv","CA3spsus_CA1spres.csv","csv",778238,"2026-06-22 17:37:10","80955affe7d2d9ad6b5af6273ce5b2f6b40f5e4023370c53d5a7e63f876815bb"
"pride_submission/processed_data/neuron_soma/01_preprocessing/gct_extractR/neuron_soma/forward/CA3spsus_CA1spsus.csv","CA3spsus_CA1spsus.csv","csv",791063,"2026-06-22 17:37:11","07aaed43deaa42f4370c6cf7e8a6f6a3f94527a8fcc6e9374b101d702c639871"
"pride_submission/processed_data/neuron_soma/01_preprocessing/gct_extractR/neuron_soma/forward/CA3spsus_CA2spcon.csv","CA3spsus_CA2spcon.csv","csv",773966,"2026-06-22 17:37:11","b03146f1246041a7846f42afe290a45c0f7648f9ead463f29af1c3daaed4a9f1"
"pride_submission/processed_data/neuron_soma/01_preprocessing/gct_extractR/neuron_soma/forward/CA3spsus_CA2spres.csv","CA3spsus_CA2spres.csv","csv",773718,"2026-06-22 17:37:11","e19f5effa7dd62f6138f8569f3f3eefb03ec74b13c6608ec67621e669829ee61"
"pride_submission/processed_data/neuron_soma/01_preprocessing/gct_extractR/neuron_soma/forward/CA3spsus_CA2spsus.csv","CA3spsus_CA2spsus.csv","csv",776192,"2026-06-22 17:37:12","b6364c523e90ec8f7f8d102abe7c3c937b2db43faa0ee164b5a0750a25b09e7f"
"pride_submission/processed_data/neuron_soma/01_preprocessing/gct_extractR/neuron_soma/forward/CA3spsus_CA3spcon.csv","CA3spsus_CA3spcon.csv","csv",782911,"2026-06-22 17:37:12","95e900081ca2370e11bc1eed0bad42c42cd0d0faadef4fc95eb19baf7a6facdc"
"pride_submission/processed_data/neuron_soma/01_preprocessing/gct_extractR/neuron_soma/forward/CA3spsus_CA3spres.csv","CA3spsus_CA3spres.csv","csv",779142,"2026-06-22 17:37:13","2a3c8b7d09676394f448b5a85d3a6b5e8eac0a265f742b06cb38fe7e2588d5f2"
"pride_submission/processed_data/neuron_soma/01_preprocessing/gct_extractR/neuron_soma/forward/DGsgcon_CA1spcon.csv","DGsgcon_CA1spcon.csv","csv",779530,"2026-06-22 17:37:13","26fa6af79fce50255278bb0932da41e5ea7cd98747d649bd7a3bdfeaeb497e3f"
"pride_submission/processed_data/neuron_soma/01_preprocessing/gct_extractR/neuron_soma/forward/DGsgcon_CA1spres.csv","DGsgcon_CA1spres.csv","csv",778168,"2026-06-22 17:37:14","7a28439a1e28c9094083ada864ee33b121593fc1752dc8eac9e128955b41c6f4"
"pride_submission/processed_data/neuron_soma/01_preprocessing/gct_extractR/neuron_soma/forward/DGsgcon_CA1spsus.csv","DGsgcon_CA1spsus.csv","csv",791094,"2026-06-22 17:37:14","3070ce0de3638fd97d6d73146c97e6bc9995227c4f8e4d1ca3201dcaae77b77f"
"pride_submission/processed_data/neuron_soma/01_preprocessing/gct_extractR/neuron_soma/forward/DGsgcon_CA2spcon.csv","DGsgcon_CA2spcon.csv","csv",777235,"2026-06-22 17:37:15","1dc0bd04002dfbfd1e7b2e425387f8564c980007f791735a2cc236cbb7876d27"
"pride_submission/processed_data/neuron_soma/01_preprocessing/gct_extractR/neuron_soma/forward/DGsgcon_CA2spres.csv","DGsgcon_CA2spres.csv","csv",780339,"2026-06-22 17:37:15","ae8f9f1e933e14d45010ae1da0d4fb184db301366f169d3f826b934859a6be99"
"pride_submission/processed_data/neuron_soma/01_preprocessing/gct_extractR/neuron_soma/forward/DGsgcon_CA2spsus.csv","DGsgcon_CA2spsus.csv","csv",779743,"2026-06-22 17:37:16","2b228e4dfa9a617b92e06eeae77b22248e8410280931781c19b13591947d3bfd"
"pride_submission/processed_data/neuron_soma/01_preprocessing/gct_extractR/neuron_soma/forward/DGsgcon_CA3spcon.csv","DGsgcon_CA3spcon.csv","csv",780981,"2026-06-22 17:37:16","3fd76bc1b2e96f99871e06b5f5d31b0d8eb1044cd76b45074b89a7390fcdaae3"
"pride_submission/processed_data/neuron_soma/01_preprocessing/gct_extractR/neuron_soma/forward/DGsgcon_CA3spres.csv","DGsgcon_CA3spres.csv","csv",781658,"2026-06-22 17:37:17","69789f5d3686c78bee6ba4e2b79240228158c7ba666e1c4a7fbb6f463c1812a2"
"pride_submission/processed_data/neuron_soma/01_preprocessing/gct_extractR/neuron_soma/forward/DGsgcon_CA3spsus.csv","DGsgcon_CA3spsus.csv","csv",781021,"2026-06-22 17:37:17","5457b35a80d1f5e334bd9266b505b7849795e86b405ee2a8342b52a3b6762e23"
"pride_submission/processed_data/neuron_soma/01_preprocessing/gct_extractR/neuron_soma/forward/DGsgres_CA1spcon.csv","DGsgres_CA1spcon.csv","csv",778450,"2026-06-22 17:37:18","687f8228e5f52ead6b183384caabe7c2bf0ce1b505e8369a65a04cd6ea598066"
"pride_submission/processed_data/neuron_soma/01_preprocessing/gct_extractR/neuron_soma/forward/DGsgres_CA1spres.csv","DGsgres_CA1spres.csv","csv",778243,"2026-06-22 17:37:18","43c55e62c8f2fa3e1e660a8389ed647d9393d8e0de16534eb8a192c6348b7efb"
"pride_submission/processed_data/neuron_soma/01_preprocessing/gct_extractR/neuron_soma/forward/DGsgres_CA1spsus.csv","DGsgres_CA1spsus.csv","csv",793190,"2026-06-22 17:37:19","f33e3975883a044c81a50e1708f0039409ee9ab722bb55df4449fd412118916e"
"pride_submission/processed_data/neuron_soma/01_preprocessing/gct_extractR/neuron_soma/forward/DGsgres_CA2spcon.csv","DGsgres_CA2spcon.csv","csv",778405,"2026-06-22 17:37:19","1d676c8cde69ed8345c0b2dae3dabef8ea7db56cab0f80a44d05915109f6c4a2"
"pride_submission/processed_data/neuron_soma/01_preprocessing/gct_extractR/neuron_soma/forward/DGsgres_CA2spres.csv","DGsgres_CA2spres.csv","csv",778571,"2026-06-22 17:37:20","a8523cf947c071ce16b77eab8dc5c50b8ab4cfd93c29afab2ae73abd05579345"
"pride_submission/processed_data/neuron_soma/01_preprocessing/gct_extractR/neuron_soma/forward/DGsgres_CA2spsus.csv","DGsgres_CA2spsus.csv","csv",780097,"2026-06-22 17:37:21","5f9e17e950949d06395c4f149ac756421402fb56e7de0b3c95eebfec6f64acbd"
"pride_submission/processed_data/neuron_soma/01_preprocessing/gct_extractR/neuron_soma/forward/DGsgres_CA3spcon.csv","DGsgres_CA3spcon.csv","csv",781016,"2026-06-22 17:37:21","05b46d2fc8195565d5754046ea0c4d1e4b77cf607667127c3ca4fe255dcb6f7d"
"pride_submission/processed_data/neuron_soma/01_preprocessing/gct_extractR/neuron_soma/forward/DGsgres_CA3spres.csv","DGsgres_CA3spres.csv","csv",783793,"2026-06-22 17:37:21","b9b17ea44a8c3354719374962f79241f6c494f85347cf5eb066b444f501da005"
"pride_submission/processed_data/neuron_soma/01_preprocessing/gct_extractR/neuron_soma/forward/DGsgres_CA3spsus.csv","DGsgres_CA3spsus.csv","csv",779976,"2026-06-22 17:37:22","f8eac9826ac6097e72d3b5263b10830d6c1c3532701f6d910aa5671027338f5a"
"pride_submission/processed_data/neuron_soma/01_preprocessing/gct_extractR/neuron_soma/forward/DGsgres_DGsgcon.csv","DGsgres_DGsgcon.csv","csv",778863,"2026-06-22 17:37:22","8b47c27bdad23f5b1821de773c90cbf2323b71669cf38d150fed026335adc76f"
"pride_submission/processed_data/neuron_soma/01_preprocessing/gct_extractR/neuron_soma/forward/DGsgsus_CA1spcon.csv","DGsgsus_CA1spcon.csv","csv",780179,"2026-06-22 17:37:23","cd5021116ae1a23f38e01d9a203eb8baabd035bf0624880b1ba7e30c2f51a271"
"pride_submission/processed_data/neuron_soma/01_preprocessing/gct_extractR/neuron_soma/forward/DGsgsus_CA1spres.csv","DGsgsus_CA1spres.csv","csv",779465,"2026-06-22 17:37:23","07049bc718ada7268a6bbde94c432a5514d671a1dba001c6736734348f3c4562"
"pride_submission/processed_data/neuron_soma/01_preprocessing/gct_extractR/neuron_soma/forward/DGsgsus_CA1spsus.csv","DGsgsus_CA1spsus.csv","csv",793407,"2026-06-22 17:37:24","5c97f46aa017f852123a71a16abd6a9fc51df5ca75e9a084d1436a92a06ea83b"
"pride_submission/processed_data/neuron_soma/01_preprocessing/gct_extractR/neuron_soma/forward/DGsgsus_CA2spcon.csv","DGsgsus_CA2spcon.csv","csv",779249,"2026-06-22 17:37:24","0ae7d69ddcc6b6a2b998365a906efe0c4c67680b991ce4435d67747fbe0d2885"
"pride_submission/processed_data/neuron_soma/01_preprocessing/gct_extractR/neuron_soma/forward/DGsgsus_CA2spres.csv","DGsgsus_CA2spres.csv","csv",779479,"2026-06-22 17:37:25","d9ffd7be06bc8fb1418221405c8cea10f47e9d1fed2d595a56740d425c4077a8"
"pride_submission/processed_data/neuron_soma/01_preprocessing/gct_extractR/neuron_soma/forward/DGsgsus_CA2spsus.csv","DGsgsus_CA2spsus.csv","csv",778929,"2026-06-22 17:37:26","e3ef3ef5711d2e2c05b2a4bd233fa27d1621671605f8fcd1828c8fcd53be3fb0"
"pride_submission/processed_data/neuron_soma/01_preprocessing/gct_extractR/neuron_soma/forward/DGsgsus_CA3spcon.csv","DGsgsus_CA3spcon.csv","csv",780909,"2026-06-22 17:37:26","c249fbc3108fb1b8a58a0530a6a5a1c55e74a8ac710315bc31c0aa205d1ac638"
"pride_submission/processed_data/neuron_soma/01_preprocessing/gct_extractR/neuron_soma/forward/DGsgsus_CA3spres.csv","DGsgsus_CA3spres.csv","csv",781628,"2026-06-22 17:37:27","5b504d0b1747de26bfbe42dd0d184e5bbde647e61473ee1756542350d4987c71"
"pride_submission/processed_data/neuron_soma/01_preprocessing/gct_extractR/neuron_soma/forward/DGsgsus_CA3spsus.csv","DGsgsus_CA3spsus.csv","csv",781920,"2026-06-22 17:37:27","7e6ab0136a5cfec2223b790fc1bcf6db320d7f10c096b95dc45116e29e5a07ac"
"pride_submission/processed_data/neuron_soma/01_preprocessing/gct_extractR/neuron_soma/forward/DGsgsus_DGsgcon.csv","DGsgsus_DGsgcon.csv","csv",781016,"2026-06-22 17:37:28","97aebe43bcd140dc374417cd88b1e106b8b5b9cfb0fa95c074eeed93fd09e6cd"
"pride_submission/processed_data/neuron_soma/01_preprocessing/gct_extractR/neuron_soma/forward/DGsgsus_DGsgres.csv","DGsgsus_DGsgres.csv","csv",778019,"2026-06-22 17:37:29","204169fcd85004b591bc0ecbe2da2681f756793a7d1462a3555ef3a58ae0e02c"
"pride_submission/processed_data/neuron_soma/01_preprocessing/gct_extractR/neuron_soma/indexComparisons.csv","indexComparisons.csv","csv",43735,"2026-06-22 17:36:56","32fdb36e4317614ebbec184dfa6ee841b6f01fb217930833a85a8a3fc02bb137"
"pride_submission/processed_data/neuron_soma/01_preprocessing/gct_extractR/neuron_soma/reverse/CA1spcon_CA1spres.csv","CA1spcon_CA1spres.csv","csv",777074,"2026-06-22 17:37:29","29c9ab8f6b6e04e4158e27e70b259bb538514243f60ff8eb3901f690cca50358"
"pride_submission/processed_data/neuron_soma/01_preprocessing/gct_extractR/neuron_soma/reverse/CA1spcon_CA1spsus.csv","CA1spcon_CA1spsus.csv","csv",788126,"2026-06-22 17:37:29","05d1c4e474b631c86073daf78324f57bab89cb380a91e4214ab114f323c6a590"
"pride_submission/processed_data/neuron_soma/01_preprocessing/gct_extractR/neuron_soma/reverse/CA1spcon_CA2spcon.csv","CA1spcon_CA2spcon.csv","csv",772327,"2026-06-22 17:37:30","d822ad0b4330f56d51fe5389234e9829d9a9991ec4231c0087a6061cee0d64f2"
"pride_submission/processed_data/neuron_soma/01_preprocessing/gct_extractR/neuron_soma/reverse/CA1spcon_CA2spres.csv","CA1spcon_CA2spres.csv","csv",774331,"2026-06-22 17:37:31","32fde089c128427c1d6dfef42762bbc7944dd26f8c357472f5e9222640b749de"
"pride_submission/processed_data/neuron_soma/01_preprocessing/gct_extractR/neuron_soma/reverse/CA1spcon_CA2spsus.csv","CA1spcon_CA2spsus.csv","csv",776839,"2026-06-22 17:37:31","b38be56440db1c2ad8d5c1618e49028e692fb8cce405f8c89e3923b278f5e82d"
"pride_submission/processed_data/neuron_soma/01_preprocessing/gct_extractR/neuron_soma/reverse/CA1spcon_CA3spcon.csv","CA1spcon_CA3spcon.csv","csv",775813,"2026-06-22 17:37:32","0ede54bd743776538d18298158cfb4c321202db2532fa1bfea3bd9296beba867"
"pride_submission/processed_data/neuron_soma/01_preprocessing/gct_extractR/neuron_soma/reverse/CA1spcon_CA3spres.csv","CA1spcon_CA3spres.csv","csv",777243,"2026-06-22 17:37:32","6da8fb164de3684dd10182d031d9f975fe0f9af2a41091eba92c32409fe44aec"
"pride_submission/processed_data/neuron_soma/01_preprocessing/gct_extractR/neuron_soma/reverse/CA1spcon_CA3spsus.csv","CA1spcon_CA3spsus.csv","csv",775956,"2026-06-22 17:37:33","73bec5a20472a74da73c8460ea4f1a49bb6fda87bf89be4f0b1fd34a39f837ed"
"pride_submission/processed_data/neuron_soma/01_preprocessing/gct_extractR/neuron_soma/reverse/CA1spcon_DGsgcon.csv","CA1spcon_DGsgcon.csv","csv",779346,"2026-06-22 17:37:33","057110a9a6b74dd339d668fbf2cacc98e43a82d57a311f9200333dd556c3d106"
"pride_submission/processed_data/neuron_soma/01_preprocessing/gct_extractR/neuron_soma/reverse/CA1spcon_DGsgres.csv","CA1spcon_DGsgres.csv","csv",778384,"2026-06-22 17:37:34","84d3a4afcbea1fe53b6c80c8e93204f6ea8d8e326785df79f620950309e0e105"
"pride_submission/processed_data/neuron_soma/01_preprocessing/gct_extractR/neuron_soma/reverse/CA1spcon_DGsgsus.csv","CA1spcon_DGsgsus.csv","csv",779434,"2026-06-22 17:37:34","3208ddb8c98f8f4261063563a5946ccdf0e72ed6d2c0a576c77ff00ae02f47e0"
"pride_submission/processed_data/neuron_soma/01_preprocessing/gct_extractR/neuron_soma/reverse/CA1spres_CA1spsus.csv","CA1spres_CA1spsus.csv","csv",788134,"2026-06-22 17:37:35","46cc6b26d17f5fcb03eb196c93534ca41af6c70716e6dd8100a9020e2c4aa817"
"pride_submission/processed_data/neuron_soma/01_preprocessing/gct_extractR/neuron_soma/reverse/CA1spres_CA2spcon.csv","CA1spres_CA2spcon.csv","csv",773269,"2026-06-22 17:37:35","45a39eadc3a7600c203154e3932ad302784cb24395f44b9a8b8fb332251c01b3"
"pride_submission/processed_data/neuron_soma/01_preprocessing/gct_extractR/neuron_soma/reverse/CA1spres_CA2spres.csv","CA1spres_CA2spres.csv","csv",774915,"2026-06-22 17:37:35","f649f6e953631fbf46bc0c0f05ba8dcba8fea927a0a2db1548e24faa806c4e90"
"pride_submission/processed_data/neuron_soma/01_preprocessing/gct_extractR/neuron_soma/reverse/CA1spres_CA2spsus.csv","CA1spres_CA2spsus.csv","csv",777127,"2026-06-22 17:37:36","65ead8136b847d452a6031a354017d15e82df70dc075edd204232d0dc5409054"
"pride_submission/processed_data/neuron_soma/01_preprocessing/gct_extractR/neuron_soma/reverse/CA1spres_CA3spcon.csv","CA1spres_CA3spcon.csv","csv",776412,"2026-06-22 17:37:36","2c681557532e50174c76ab88dcf61babb923a41fcbd190a637505822c901ede0"
"pride_submission/processed_data/neuron_soma/01_preprocessing/gct_extractR/neuron_soma/reverse/CA1spres_CA3spres.csv","CA1spres_CA3spres.csv","csv",777235,"2026-06-22 17:37:37","980d6949ee8a447207450f9874871801e8bca4e860302c64b96bbca36d0a5f5d"
"pride_submission/processed_data/neuron_soma/01_preprocessing/gct_extractR/neuron_soma/reverse/CA1spres_CA3spsus.csv","CA1spres_CA3spsus.csv","csv",777788,"2026-06-22 17:37:37","ba4436e7df3c29995a70eb615d82b739d6b570bceefe6209362e01e1933b4c41"
"pride_submission/processed_data/neuron_soma/01_preprocessing/gct_extractR/neuron_soma/reverse/CA1spres_DGsgcon.csv","CA1spres_DGsgcon.csv","csv",777239,"2026-06-22 17:37:38","cadff881d8ffe8ba642e1d7ed93d5dd2fb6e7fea0ae41bfdcd83f6ab1e8b4e4c"
"pride_submission/processed_data/neuron_soma/01_preprocessing/gct_extractR/neuron_soma/reverse/CA1spres_DGsgres.csv","CA1spres_DGsgres.csv","csv",777421,"2026-06-22 17:37:38","2190952440f9f8c088f5db8874391789cd4bdcd6742a26a1b2b1bc55975b3c58"
"pride_submission/processed_data/neuron_soma/01_preprocessing/gct_extractR/neuron_soma/reverse/CA1spres_DGsgsus.csv","CA1spres_DGsgsus.csv","csv",778010,"2026-06-22 17:37:39","302c527aabae3b3292d7e5ed6204e3b4ae0b7e62d170b9b31aa309eec7f4c987"
"pride_submission/processed_data/neuron_soma/01_preprocessing/gct_extractR/neuron_soma/reverse/CA1spsus_CA2spcon.csv","CA1spsus_CA2spcon.csv","csv",788204,"2026-06-22 17:37:39","b7e2c0c272cf797c696f2f5ae62cc99efde741a23e083a00bd03f1e9f5138edd"
"pride_submission/processed_data/neuron_soma/01_preprocessing/gct_extractR/neuron_soma/reverse/CA1spsus_CA2spres.csv","CA1spsus_CA2spres.csv","csv",789419,"2026-06-22 17:37:40","a91211e0e1c46e1c775e5399b9ddaf9b1131d517d374d58a6e51851ac9c97fc8"
"pride_submission/processed_data/neuron_soma/01_preprocessing/gct_extractR/neuron_soma/reverse/CA1spsus_CA2spsus.csv","CA1spsus_CA2spsus.csv","csv",789981,"2026-06-22 17:37:41","e77cb44d4926b5f4cbfb20eae6bcc2c4ea7acd06258482e2b7a074d706dcfccc"
"pride_submission/processed_data/neuron_soma/01_preprocessing/gct_extractR/neuron_soma/reverse/CA1spsus_CA3spcon.csv","CA1spsus_CA3spcon.csv","csv",790996,"2026-06-22 17:37:42","a38003e3b3a1d34066dad49123d0293cd08a559ab4b1645e7d867af59eb1b180"
"pride_submission/processed_data/neuron_soma/01_preprocessing/gct_extractR/neuron_soma/reverse/CA1spsus_CA3spres.csv","CA1spsus_CA3spres.csv","csv",790404,"2026-06-22 17:37:42","0884e6386353a63bc476023e445f0cec75f98e64df5f95cbef45aa6d253418eb"
"pride_submission/processed_data/neuron_soma/01_preprocessing/gct_extractR/neuron_soma/reverse/CA1spsus_CA3spsus.csv","CA1spsus_CA3spsus.csv","csv",791793,"2026-06-22 17:37:43","7ec927b22e677c42d2da5b15791ddf22f2615dce0887c7db72ef09412caebad2"
"pride_submission/processed_data/neuron_soma/01_preprocessing/gct_extractR/neuron_soma/reverse/CA1spsus_DGsgcon.csv","CA1spsus_DGsgcon.csv","csv",791229,"2026-06-22 17:37:43","0bb7142146df3b27fa39b9eec8ebe73e59bf457e78d34dd3338314c44b8063b9"
"pride_submission/processed_data/neuron_soma/01_preprocessing/gct_extractR/neuron_soma/reverse/CA1spsus_DGsgres.csv","CA1spsus_DGsgres.csv","csv",793359,"2026-06-22 17:37:43","ac8f651170a87b1418e9bf1ecc61158b542736e290f3297bcbfd1af969067ab4"
"pride_submission/processed_data/neuron_soma/01_preprocessing/gct_extractR/neuron_soma/reverse/CA1spsus_DGsgsus.csv","CA1spsus_DGsgsus.csv","csv",792930,"2026-06-22 17:37:44","741523ee2533bc1e67af6bfd23051e576fc76bf316a714b871ca8c546abdac46"
"pride_submission/processed_data/neuron_soma/01_preprocessing/gct_extractR/neuron_soma/reverse/CA2spcon_CA2spres.csv","CA2spcon_CA2spres.csv","csv",780673,"2026-06-22 17:37:45","15d0fa9dff9722bd31995ec39c41de0baade6cfae9475820059b3819d0da0f24"
"pride_submission/processed_data/neuron_soma/01_preprocessing/gct_extractR/neuron_soma/reverse/CA2spcon_CA2spsus.csv","CA2spcon_CA2spsus.csv","csv",693934,"2026-06-22 17:37:45","e3cc0b5efcb9e45ce96908bb6d5e76da60a5833b60446a9a616ffbabb6084bc1"
"pride_submission/processed_data/neuron_soma/01_preprocessing/gct_extractR/neuron_soma/reverse/CA2spcon_CA3spcon.csv","CA2spcon_CA3spcon.csv","csv",773901,"2026-06-22 17:37:45","8ee9f36f512738aa3b55d6a7d0f79afd5f0c5aa3e883ecc68c53a5e4e15f023b"
"pride_submission/processed_data/neuron_soma/01_preprocessing/gct_extractR/neuron_soma/reverse/CA2spcon_CA3spres.csv","CA2spcon_CA3spres.csv","csv",773499,"2026-06-22 17:37:46","b9852704efbd23785798f031fa53b84e843aeb2023d3275e4b112174034dac07"
"pride_submission/processed_data/neuron_soma/01_preprocessing/gct_extractR/neuron_soma/reverse/CA2spcon_CA3spsus.csv","CA2spcon_CA3spsus.csv","csv",775274,"2026-06-22 17:37:47","97f153c7e14c7e39837217a021afb9d5e7fdc914e5b78da49a6848acf775511f"
"pride_submission/processed_data/neuron_soma/01_preprocessing/gct_extractR/neuron_soma/reverse/CA2spcon_DGsgcon.csv","CA2spcon_DGsgcon.csv","csv",776915,"2026-06-22 17:37:47","255ffde776d93c9155ed90f8346925e0e0d77acf41d59c6cb5443f9101951ccd"
"pride_submission/processed_data/neuron_soma/01_preprocessing/gct_extractR/neuron_soma/reverse/CA2spcon_DGsgres.csv","CA2spcon_DGsgres.csv","csv",778270,"2026-06-22 17:37:48","4e3bf20cd3f9ac1227e69164582da65e51a9b37ffc3cef212bb362b4c5ffa3d0"
"pride_submission/processed_data/neuron_soma/01_preprocessing/gct_extractR/neuron_soma/reverse/CA2spcon_DGsgsus.csv","CA2spcon_DGsgsus.csv","csv",778590,"2026-06-22 17:37:48","076615cc90e64cdbd7f5e59b8ba23ea46d68f9cff2179c8b1138dcc1deb891b2"
"pride_submission/processed_data/neuron_soma/01_preprocessing/gct_extractR/neuron_soma/reverse/CA2spres_CA2spsus.csv","CA2spres_CA2spsus.csv","csv",780540,"2026-06-22 17:37:48","29358d6b409aef1a116910957afda792e7406a5bb9241f30b5a3b8289be6d99d"
"pride_submission/processed_data/neuron_soma/01_preprocessing/gct_extractR/neuron_soma/reverse/CA2spres_CA3spcon.csv","CA2spres_CA3spcon.csv","csv",776025,"2026-06-22 17:37:49","692780af0934a4469634a632af9efdd1ff3b756cf0078e0da77ee7b1a016c4e1"
"pride_submission/processed_data/neuron_soma/01_preprocessing/gct_extractR/neuron_soma/reverse/CA2spres_CA3spres.csv","CA2spres_CA3spres.csv","csv",774338,"2026-06-22 17:37:50","21c4abbd58efe7ce406ef51d12d4b13a0f746b8682bd37780f3e030fe24132e9"
"pride_submission/processed_data/neuron_soma/01_preprocessing/gct_extractR/neuron_soma/reverse/CA2spres_CA3spsus.csv","CA2spres_CA3spsus.csv","csv",774802,"2026-06-22 17:37:50","7e04163db0f85b908a588dc90f83196150e2936704be12a7e8cead76390cbf57"
"pride_submission/processed_data/neuron_soma/01_preprocessing/gct_extractR/neuron_soma/reverse/CA2spres_DGsgcon.csv","CA2spres_DGsgcon.csv","csv",779889,"2026-06-22 17:37:51","90f22b7a95c19cca679e913623310a28418c805e6a79f29ae143f61db41bcde9"
"pride_submission/processed_data/neuron_soma/01_preprocessing/gct_extractR/neuron_soma/reverse/CA2spres_DGsgres.csv","CA2spres_DGsgres.csv","csv",778078,"2026-06-22 17:37:51","dc355fba254a818b8a0ce04d48a8f2574a333d881629252485c8bfb471582e71"
"pride_submission/processed_data/neuron_soma/01_preprocessing/gct_extractR/neuron_soma/reverse/CA2spres_DGsgsus.csv","CA2spres_DGsgsus.csv","csv",778514,"2026-06-22 17:37:52","b8d8fae3af503d8ce28d2e1b4ca13d98fb970de62d663382e75533387df0d22b"
"pride_submission/processed_data/neuron_soma/01_preprocessing/gct_extractR/neuron_soma/reverse/CA2spsus_CA3spcon.csv","CA2spsus_CA3spcon.csv","csv",777597,"2026-06-22 17:37:52","ecef6f190f3782c78d73b2e60ae752dc81b8f84f91e9ea00d9547db61d2631d7"
"pride_submission/processed_data/neuron_soma/01_preprocessing/gct_extractR/neuron_soma/reverse/CA2spsus_CA3spres.csv","CA2spsus_CA3spres.csv","csv",774230,"2026-06-22 17:37:53","61bad60f5a15b0588f368627c63d0b4c5b6dbba6ffa16298b366d3e875a649d5"
"pride_submission/processed_data/neuron_soma/01_preprocessing/gct_extractR/neuron_soma/reverse/CA2spsus_CA3spsus.csv","CA2spsus_CA3spsus.csv","csv",777652,"2026-06-22 17:37:53","568e8d6f98373b3255ef23ea6cb3cbcd4092809b4559b3e074e57b97e139240a"
"pride_submission/processed_data/neuron_soma/01_preprocessing/gct_extractR/neuron_soma/reverse/CA2spsus_DGsgcon.csv","CA2spsus_DGsgcon.csv","csv",779413,"2026-06-22 17:37:54","35defb3b68cb23c2b474c7d2fac26e28b367e4d88817573a14207a17bb942a48"
"pride_submission/processed_data/neuron_soma/01_preprocessing/gct_extractR/neuron_soma/reverse/CA2spsus_DGsgres.csv","CA2spsus_DGsgres.csv","csv",779967,"2026-06-22 17:37:54","6b4d54c2d5cd07e9850347ec92d8a457dfff4eebed0449bef94dc8bdcbee671f"
"pride_submission/processed_data/neuron_soma/01_preprocessing/gct_extractR/neuron_soma/reverse/CA2spsus_DGsgsus.csv","CA2spsus_DGsgsus.csv","csv",778243,"2026-06-22 17:37:54","3b2131a92367db88cdbe9969511ee632cd94c26649c68b82830e6e866dc52c85"
"pride_submission/processed_data/neuron_soma/01_preprocessing/gct_extractR/neuron_soma/reverse/CA3spcon_CA3spres.csv","CA3spcon_CA3spres.csv","csv",778204,"2026-06-22 17:37:55","41af2343a813a9fe766b0cf1b10dbdcce629f7a49857807f03a65496a0297096"
"pride_submission/processed_data/neuron_soma/01_preprocessing/gct_extractR/neuron_soma/reverse/CA3spcon_CA3spsus.csv","CA3spcon_CA3spsus.csv","csv",781267,"2026-06-22 17:37:55","b22dbef5026a1bcc644d96ee3acdab122a83ba59f141f5700cc24b43397914d5"
"pride_submission/processed_data/neuron_soma/01_preprocessing/gct_extractR/neuron_soma/reverse/CA3spcon_DGsgcon.csv","CA3spcon_DGsgcon.csv","csv",779323,"2026-06-22 17:37:56","1cd8c59799f3e709d84b9a9b2ae7b6dee6c3cb4f25164c0a9ee22fbfd8c96bb0"
"pride_submission/processed_data/neuron_soma/01_preprocessing/gct_extractR/neuron_soma/reverse/CA3spcon_DGsgres.csv","CA3spcon_DGsgres.csv","csv",779515,"2026-06-22 17:37:56","20138753dc3f19c32f35af7ac647027be944eb631b06e843084622629c4dd58d"
"pride_submission/processed_data/neuron_soma/01_preprocessing/gct_extractR/neuron_soma/reverse/CA3spcon_DGsgsus.csv","CA3spcon_DGsgsus.csv","csv",778843,"2026-06-22 17:37:57","c84fdf1577fc23d23cef821ed885ce17425785d13b376bb0a32b6f7dfada8962"
"pride_submission/processed_data/neuron_soma/01_preprocessing/gct_extractR/neuron_soma/reverse/CA3spres_CA3spsus.csv","CA3spres_CA3spsus.csv","csv",776080,"2026-06-22 17:37:57","09409375a2183a1db37769152a0511546be6268ec8c739aa407634d87d5da827"
"pride_submission/processed_data/neuron_soma/01_preprocessing/gct_extractR/neuron_soma/reverse/CA3spres_DGsgcon.csv","CA3spres_DGsgcon.csv","csv",779522,"2026-06-22 17:37:57","c030d4b7f50be68cf07a08c3b30c5da223a350bbbe6b9e3884054d0da1ff6e5d"
"pride_submission/processed_data/neuron_soma/01_preprocessing/gct_extractR/neuron_soma/reverse/CA3spres_DGsgres.csv","CA3spres_DGsgres.csv","csv",781786,"2026-06-22 17:37:58","ccc43deaf933009de0af1144e5ac82c98c3f68e707da8e327c8bfd43e88e4aa3"
"pride_submission/processed_data/neuron_soma/01_preprocessing/gct_extractR/neuron_soma/reverse/CA3spres_DGsgsus.csv","CA3spres_DGsgsus.csv","csv",779220,"2026-06-22 17:37:59","0e8794b45324f5956174418dfc718d056033e96c5bb38fe52053da85883b8101"
"pride_submission/processed_data/neuron_soma/01_preprocessing/gct_extractR/neuron_soma/reverse/CA3spsus_DGsgcon.csv","CA3spsus_DGsgcon.csv","csv",779785,"2026-06-22 17:37:59","e91ff1230741e4508674c45c163edec091db15001fafc78625d8d3770e8a0a80"
"pride_submission/processed_data/neuron_soma/01_preprocessing/gct_extractR/neuron_soma/reverse/CA3spsus_DGsgres.csv","CA3spsus_DGsgres.csv","csv",778801,"2026-06-22 17:38:00","f1b688ecc7ebe9989248fbf24aa96eccc7834e703b1df6997fde1c81d8954f57"
"pride_submission/processed_data/neuron_soma/01_preprocessing/gct_extractR/neuron_soma/reverse/CA3spsus_DGsgsus.csv","CA3spsus_DGsgsus.csv","csv",780128,"2026-06-22 17:38:01","9f23866b9b94fd6023e603a3a063ff5e9b49268538b471a3e9262f37fac69f95"
"pride_submission/processed_data/neuron_soma/01_preprocessing/gct_extractR/neuron_soma/reverse/DGsgcon_DGsgres.csv","DGsgcon_DGsgres.csv","csv",779614,"2026-06-22 17:38:01","3de653a20b77824a9d3048d5ec6151f42fa6525f4a23025aeeb22065571c2d0c"
"pride_submission/processed_data/neuron_soma/01_preprocessing/gct_extractR/neuron_soma/reverse/DGsgcon_DGsgsus.csv","DGsgcon_DGsgsus.csv","csv",778593,"2026-06-22 17:38:02","2931ef09b1ba55892adc964664bb33b5d4ea5f15c8d00cf1924fcd094b1b5d6f"
"pride_submission/processed_data/neuron_soma/01_preprocessing/gct_extractR/neuron_soma/reverse/DGsgres_DGsgsus.csv","DGsgres_DGsgsus.csv","csv",775774,"2026-06-22 17:38:02","cb1bb93d0498070a11e89f00218dfac3aa4876571445145843b18a83993f7a15"
"pride_submission/processed_data/neuron_soma/01_preprocessing/impute/20260526_pgmatrix_imputed_neuron_soma_71samples_missing70pct.xlsx","20260526_pgmatrix_imputed_neuron_soma_71samples_missing70pct.xlsx","xlsx",5265830,"2026-06-22 17:36:54","801006902159074ef27d7144ac4e8e2636540b45bf08733c6664a87393e75d98"
"pride_submission/processed_data/neuron_soma/01_preprocessing/impute/20260601_pgmatrix_imputed_neuron_soma_71samples_missing70pct.xlsx","20260601_pgmatrix_imputed_neuron_soma_71samples_missing70pct.xlsx","xlsx",5265829,"2026-06-22 17:36:55","fa766a6a3d457b16348c0bd554f7be12f78e673756f07bd35e5b2096b44eb214"
"pride_submission/processed_data/neuron_soma/01_preprocessing/protigy_output/neuron_soma/neuron_soma_protigy_20260218.gct","neuron_soma_protigy_20260218.gct","gct",46343139,"2026-06-22 17:38:15","1dd014cd0913cefbbfa2d79caf630db1580f6055d57b7ec107d4b201bbe794cc"
"pride_submission/processed_data/neuron_soma/02_id_mapping/mapped/neuron_soma/forward/per_file/CA1spres_CA1spcon.csv","CA1spres_CA1spcon.csv","csv",329228,"2026-06-22 17:38:19","85192edf8287ea2ad95f65fdbe680e7da37124bee4775898fa3a4ee48748206d"
"pride_submission/processed_data/neuron_soma/02_id_mapping/mapped/neuron_soma/forward/per_file/CA1spsus_CA1spcon.csv","CA1spsus_CA1spcon.csv","csv",326912,"2026-06-22 17:38:19","02e2017370e1cc6eb4eda586939f06c4d8897ca7de6f9ed5fd9f49e53b08651f"
"pride_submission/processed_data/neuron_soma/02_id_mapping/mapped/neuron_soma/forward/per_file/CA1spsus_CA1spres.csv","CA1spsus_CA1spres.csv","csv",327431,"2026-06-22 17:38:20","6efbd9681a739de7a0579ed69d0e9b0a18ac9edd17451a125307545a586d5e81"
"pride_submission/processed_data/neuron_soma/02_id_mapping/mapped/neuron_soma/forward/per_file/CA2spcon_CA1spcon.csv","CA2spcon_CA1spcon.csv","csv",329906,"2026-06-22 17:38:20","7a6385dd931618d4cd66bdda8895383a9b6e5c491b37890784ce5b713aad1bb0"
"pride_submission/processed_data/neuron_soma/02_id_mapping/mapped/neuron_soma/forward/per_file/CA2spcon_CA1spres.csv","CA2spcon_CA1spres.csv","csv",330429,"2026-06-22 17:38:20","5d7523364ad69b02e72ee065ab2f199873765a201cf12bcd5a9f742a36dd9595"
"pride_submission/processed_data/neuron_soma/02_id_mapping/mapped/neuron_soma/forward/per_file/CA2spcon_CA1spsus.csv","CA2spcon_CA1spsus.csv","csv",330046,"2026-06-22 17:38:21","53b2bd8b9e915a6440c8ce178d47a733cd999cf9ee0cc41d1eaf4df00a12242a"
"pride_submission/processed_data/neuron_soma/02_id_mapping/mapped/neuron_soma/forward/per_file/CA2spres_CA1spcon.csv","CA2spres_CA1spcon.csv","csv",329904,"2026-06-22 17:38:21","e91f88f838538fbb6df22ab1316071baa0481f3d1f97de5d833172807f1f8ba6"
"pride_submission/processed_data/neuron_soma/02_id_mapping/mapped/neuron_soma/forward/per_file/CA2spres_CA1spres.csv","CA2spres_CA1spres.csv","csv",330406,"2026-06-22 17:38:22","b9b3e75885b9668f37cfc047986c78f1a291cbb740758b7f054bcf7b688822a9"
"pride_submission/processed_data/neuron_soma/02_id_mapping/mapped/neuron_soma/forward/per_file/CA2spres_CA1spsus.csv","CA2spres_CA1spsus.csv","csv",330332,"2026-06-22 17:38:22","e46f65043689d55612e11e6151a60d68b112cb15ebe283c922e3b0dc5fa385e9"
"pride_submission/processed_data/neuron_soma/02_id_mapping/mapped/neuron_soma/forward/per_file/CA2spres_CA2spcon.csv","CA2spres_CA2spcon.csv","csv",331325,"2026-06-22 17:38:23","abd38ab7334c00ad1801962ac7fb461a048cdb8578e11c193ac626e2c2b8000e"
"pride_submission/processed_data/neuron_soma/02_id_mapping/mapped/neuron_soma/forward/per_file/CA2spsus_CA1spcon.csv","CA2spsus_CA1spcon.csv","csv",331236,"2026-06-22 17:38:23","ebd5b2e66780d2a1d3b59869960346325e7ebea908ed13fa81c5b724447e1860"
"pride_submission/processed_data/neuron_soma/02_id_mapping/mapped/neuron_soma/forward/per_file/CA2spsus_CA1spres.csv","CA2spsus_CA1spres.csv","csv",332213,"2026-06-22 17:38:24","a3e9805e7e9d9f320af2af7f5c6b71c8aab8b44cd321162a24006ee024f28368"
"pride_submission/processed_data/neuron_soma/02_id_mapping/mapped/neuron_soma/forward/per_file/CA2spsus_CA1spsus.csv","CA2spsus_CA1spsus.csv","csv",331000,"2026-06-22 17:38:24","a80e5e94b318ec12894d29389ae12a0995dbbeb0da9f90c90ae270b6acdbd4da"
"pride_submission/processed_data/neuron_soma/02_id_mapping/mapped/neuron_soma/forward/per_file/CA2spsus_CA2spcon.csv","CA2spsus_CA2spcon.csv","csv",244938,"2026-06-22 17:38:25","9b71b7dfcfb0df366dd891f7b6bac5eedfd3513326b8a61f0dbb119ecdff13fb"
"pride_submission/processed_data/neuron_soma/02_id_mapping/mapped/neuron_soma/forward/per_file/CA2spsus_CA2spres.csv","CA2spsus_CA2spres.csv","csv",332367,"2026-06-22 17:38:26","5a1c377c5f8ba7591f310c3a8208c444b87584151bd09c4af0f18c70bb31280d"
"pride_submission/processed_data/neuron_soma/02_id_mapping/mapped/neuron_soma/forward/per_file/CA3spcon_CA1spcon.csv","CA3spcon_CA1spcon.csv","csv",331220,"2026-06-22 17:38:26","bce6503f769724a84001d97fa67a63b63b1ffddfaeb1a63208d24efc21439c5b"
"pride_submission/processed_data/neuron_soma/02_id_mapping/mapped/neuron_soma/forward/per_file/CA3spcon_CA1spres.csv","CA3spcon_CA1spres.csv","csv",331219,"2026-06-22 17:38:28","3310a518c629016c6b282a018c84e95c42fe84686c5e2a66ae7e6b8b0810ca01"
"pride_submission/processed_data/neuron_soma/02_id_mapping/mapped/neuron_soma/forward/per_file/CA3spcon_CA1spsus.csv","CA3spcon_CA1spsus.csv","csv",331083,"2026-06-22 17:38:28","6331ba7abaa29b5dcca84c53972e22a599ccf3ecd86e46c1e9ac494a11d17d69"
"pride_submission/processed_data/neuron_soma/02_id_mapping/mapped/neuron_soma/forward/per_file/CA3spcon_CA2spcon.csv","CA3spcon_CA2spcon.csv","csv",329801,"2026-06-22 17:38:29","d25868448549591cf5dc6528e1e2da15712a36724af0c481e65a9fbcb4c5184a"
"pride_submission/processed_data/neuron_soma/02_id_mapping/mapped/neuron_soma/forward/per_file/CA3spcon_CA2spres.csv","CA3spcon_CA2spres.csv","csv",330850,"2026-06-22 17:38:30","d36b5f92f7f9c8ca4130f0c9d25a0d9d9406d4e7963a1fc16430e288a7bb58cf"
"pride_submission/processed_data/neuron_soma/02_id_mapping/mapped/neuron_soma/forward/per_file/CA3spcon_CA2spsus.csv","CA3spcon_CA2spsus.csv","csv",330832,"2026-06-22 17:38:31","68850734c787522c13097f5f6b8f81a02e16f41f9e9c93e5e7e47d8eedc24569"
"pride_submission/processed_data/neuron_soma/02_id_mapping/mapped/neuron_soma/forward/per_file/CA3spres_CA1spcon.csv","CA3spres_CA1spcon.csv","csv",331680,"2026-06-22 17:38:32","fd5e6f3336472675e8236ac87535be54631ed763ab749c864fef19a6fd908e57"
"pride_submission/processed_data/neuron_soma/02_id_mapping/mapped/neuron_soma/forward/per_file/CA3spres_CA1spres.csv","CA3spres_CA1spres.csv","csv",331474,"2026-06-22 17:38:32","4f7543a1febbfb50bf705bbd08dab6791c064eab54810dcaf687a1396ec1a7fc"
"pride_submission/processed_data/neuron_soma/02_id_mapping/mapped/neuron_soma/forward/per_file/CA3spres_CA1spsus.csv","CA3spres_CA1spsus.csv","csv",330299,"2026-06-22 17:38:33","e5b67cc14e6453547d5f4149473bea7f8892578b8466b5df8a02623d2e8fa958"
"pride_submission/processed_data/neuron_soma/02_id_mapping/mapped/neuron_soma/forward/per_file/CA3spres_CA2spcon.csv","CA3spres_CA2spcon.csv","csv",329164,"2026-06-22 17:38:34","39bb2c0e148420d35b30f55db76ccc388f8f6ca0dffbcb05219ed76fd83150d8"
"pride_submission/processed_data/neuron_soma/02_id_mapping/mapped/neuron_soma/forward/per_file/CA3spres_CA2spres.csv","CA3spres_CA2spres.csv","csv",330189,"2026-06-22 17:38:35","170c7d1ee3847464e9367a4d7251c9e71df4bd9bdb67fe364a32c7733bd7e6f9"
"pride_submission/processed_data/neuron_soma/02_id_mapping/mapped/neuron_soma/forward/per_file/CA3spres_CA2spsus.csv","CA3spres_CA2spsus.csv","csv",329823,"2026-06-22 17:38:36","4c1aa944493fb02f2a3382cae2d8182ef21dd3e2b9ba6661e6d01ff4f223e84c"
"pride_submission/processed_data/neuron_soma/02_id_mapping/mapped/neuron_soma/forward/per_file/CA3spres_CA3spcon.csv","CA3spres_CA3spcon.csv","csv",329842,"2026-06-22 17:38:37","daf204ae42b5dd3791a39b6509e1dba2be5a0ea3a04af135dee3cd33b94c6e20"
"pride_submission/processed_data/neuron_soma/02_id_mapping/mapped/neuron_soma/forward/per_file/CA3spsus_CA1spcon.csv","CA3spsus_CA1spcon.csv","csv",331270,"2026-06-22 17:38:38","1a8fd5c69d561a5872d3a660695926e6328ee79017062a020b0d065069ea87c3"
"pride_submission/processed_data/neuron_soma/02_id_mapping/mapped/neuron_soma/forward/per_file/CA3spsus_CA1spres.csv","CA3spsus_CA1spres.csv","csv",332465,"2026-06-22 17:38:38","906e709edf630bfd2ef3699677c275b699bc63a8543a03a9bf55256e7f7b63a6"
"pride_submission/processed_data/neuron_soma/02_id_mapping/mapped/neuron_soma/forward/per_file/CA3spsus_CA1spsus.csv","CA3spsus_CA1spsus.csv","csv",331501,"2026-06-22 17:38:39","cca93e6123540db952bcead4bd5fd5145e5f538cc93c1331607586042254ddcb"
"pride_submission/processed_data/neuron_soma/02_id_mapping/mapped/neuron_soma/forward/per_file/CA3spsus_CA2spcon.csv","CA3spsus_CA2spcon.csv","csv",330481,"2026-06-22 17:38:40","d0db4fd14566bb0d44c1d9a4c54c3f4b44bac0926c91724963a2b4f75e04e5f0"
"pride_submission/processed_data/neuron_soma/02_id_mapping/mapped/neuron_soma/forward/per_file/CA3spsus_CA2spres.csv","CA3spsus_CA2spres.csv","csv",330612,"2026-06-22 17:38:40","bbe9adb58f9909ba01bd97c155dade8fe3af3a52ede7edbbfd19cb2270cb0d69"
"pride_submission/processed_data/neuron_soma/02_id_mapping/mapped/neuron_soma/forward/per_file/CA3spsus_CA2spsus.csv","CA3spsus_CA2spsus.csv","csv",331766,"2026-06-22 17:38:41","e037e825cc0045cfef3672294dbece974f92fe4476fa94adcf74ba09f69eb6f4"
"pride_submission/processed_data/neuron_soma/02_id_mapping/mapped/neuron_soma/forward/per_file/CA3spsus_CA3spcon.csv","CA3spsus_CA3spcon.csv","csv",332922,"2026-06-22 17:38:43","f1179f594e732ba3d892769022e7285c7e09ad81c33b6df1b0acbc5664706951"
"pride_submission/processed_data/neuron_soma/02_id_mapping/mapped/neuron_soma/forward/per_file/CA3spsus_CA3spres.csv","CA3spsus_CA3spres.csv","csv",330651,"2026-06-22 17:38:44","5a05668cd34a3423a837894fabc173b3e26cfd08fe20fee0f24636f6f590e53a"
"pride_submission/processed_data/neuron_soma/02_id_mapping/mapped/neuron_soma/forward/per_file/DGsgcon_CA1spcon.csv","DGsgcon_CA1spcon.csv","csv",332824,"2026-06-22 17:38:45","0b90acae24cd8a0434186ab95dc8a31d562f78d1b5618de24826aec8537489f1"
"pride_submission/processed_data/neuron_soma/02_id_mapping/mapped/neuron_soma/forward/per_file/DGsgcon_CA1spres.csv","DGsgcon_CA1spres.csv","csv",332491,"2026-06-22 17:38:45","a8a9c9cddad1c17d686f223c18682079a24506f2e6edb9bb97de61ec5e1a9f56"
"pride_submission/processed_data/neuron_soma/02_id_mapping/mapped/neuron_soma/forward/per_file/DGsgcon_CA1spsus.csv","DGsgcon_CA1spsus.csv","csv",332081,"2026-06-22 17:38:46","6b5a23f03333a73f0594060e699595a793d2a37c77d076fc08871ec59180f909"
"pride_submission/processed_data/neuron_soma/02_id_mapping/mapped/neuron_soma/forward/per_file/DGsgcon_CA2spcon.csv","DGsgcon_CA2spcon.csv","csv",331949,"2026-06-22 17:38:47","fddbb344aedaf87e6324c7598172f6b53df454661b435e9cdf97b65cf4a19e5a"
"pride_submission/processed_data/neuron_soma/02_id_mapping/mapped/neuron_soma/forward/per_file/DGsgcon_CA2spres.csv","DGsgcon_CA2spres.csv","csv",334147,"2026-06-22 17:38:48","05aa2a5e6f446875bebc55d661cff8f206e2867587729943fa40a47570a8c169"
"pride_submission/processed_data/neuron_soma/02_id_mapping/mapped/neuron_soma/forward/per_file/DGsgcon_CA2spsus.csv","DGsgcon_CA2spsus.csv","csv",333821,"2026-06-22 17:38:49","a5815c4d4dcf953f4f7dd532b8439174acef7d0edb2267b546ce92c5497af2eb"
"pride_submission/processed_data/neuron_soma/02_id_mapping/mapped/neuron_soma/forward/per_file/DGsgcon_CA3spcon.csv","DGsgcon_CA3spcon.csv","csv",334200,"2026-06-22 17:38:50","5f71f7017cb38ac48154637ddb1256476fcdae85c22ba040d348cee292f8300e"
"pride_submission/processed_data/neuron_soma/02_id_mapping/mapped/neuron_soma/forward/per_file/DGsgcon_CA3spres.csv","DGsgcon_CA3spres.csv","csv",334346,"2026-06-22 17:38:51","2712b0563dcb136c5e36e02e9fe219fe5f63195ee2ffcd51d4db08db53e56f60"
"pride_submission/processed_data/neuron_soma/02_id_mapping/mapped/neuron_soma/forward/per_file/DGsgcon_CA3spsus.csv","DGsgcon_CA3spsus.csv","csv",334107,"2026-06-22 17:38:52","caec0b97880c9c02d6fbf7900af131cfc80300988b94ab8b71658de8217c6539"
"pride_submission/processed_data/neuron_soma/02_id_mapping/mapped/neuron_soma/forward/per_file/DGsgres_CA1spcon.csv","DGsgres_CA1spcon.csv","csv",333064,"2026-06-22 17:38:52","bd8f4d0cc110c3920435fb295317f3deb3c806cdc148f09db091c664ef23c69b"
"pride_submission/processed_data/neuron_soma/02_id_mapping/mapped/neuron_soma/forward/per_file/DGsgres_CA1spres.csv","DGsgres_CA1spres.csv","csv",332509,"2026-06-22 17:38:53","5293245d94fb320d07889761618cd4dd79b5b7a3bbbd389f12fbb5dc9333a581"
"pride_submission/processed_data/neuron_soma/02_id_mapping/mapped/neuron_soma/forward/per_file/DGsgres_CA1spsus.csv","DGsgres_CA1spsus.csv","csv",332822,"2026-06-22 17:38:53","56461877578cd7ef63fe72125efc076be492fe632425595f23425abc58aa191f"
"pride_submission/processed_data/neuron_soma/02_id_mapping/mapped/neuron_soma/forward/per_file/DGsgres_CA2spcon.csv","DGsgres_CA2spcon.csv","csv",333140,"2026-06-22 17:38:54","69057bdab53af660a644591103852cc9273d3a98f80a7d92912b46a2583a1373"
"pride_submission/processed_data/neuron_soma/02_id_mapping/mapped/neuron_soma/forward/per_file/DGsgres_CA2spres.csv","DGsgres_CA2spres.csv","csv",333265,"2026-06-22 17:38:55","f2b620dce772e161ae1b4c4cf96237af537cad8fcaf974f2468a31f050525eb3"
"pride_submission/processed_data/neuron_soma/02_id_mapping/mapped/neuron_soma/forward/per_file/DGsgres_CA2spsus.csv","DGsgres_CA2spsus.csv","csv",334232,"2026-06-22 17:38:56","dd2581851f1b850258b4f5857280ab72f757e618367485d387ed853a9cb8d119"
"pride_submission/processed_data/neuron_soma/02_id_mapping/mapped/neuron_soma/forward/per_file/DGsgres_CA3spcon.csv","DGsgres_CA3spcon.csv","csv",334562,"2026-06-22 17:38:57","d346b74c9451d340e30e407b4ea02ecbb37b52dcbc9a1766dda1044e0a7eb013"
"pride_submission/processed_data/neuron_soma/02_id_mapping/mapped/neuron_soma/forward/per_file/DGsgres_CA3spres.csv","DGsgres_CA3spres.csv","csv",335600,"2026-06-22 17:38:57","3eda0bbce83ab5e129ba2e192db9b7d11fee25ddee07d62249f836a40e7f2606"
"pride_submission/processed_data/neuron_soma/02_id_mapping/mapped/neuron_soma/forward/per_file/DGsgres_CA3spsus.csv","DGsgres_CA3spsus.csv","csv",334764,"2026-06-22 17:38:58","7eaf74eddb6ce2a1503e7f3f023ce472639269557f9f0997c10b8bde61c2cb30"
"pride_submission/processed_data/neuron_soma/02_id_mapping/mapped/neuron_soma/forward/per_file/DGsgres_DGsgcon.csv","DGsgres_DGsgcon.csv","csv",330591,"2026-06-22 17:38:59","3ceef12b870276f1cdf47e16f4f314010d88288d4a327d31a137ff0763287974"
"pride_submission/processed_data/neuron_soma/02_id_mapping/mapped/neuron_soma/forward/per_file/DGsgsus_CA1spcon.csv","DGsgsus_CA1spcon.csv","csv",333272,"2026-06-22 17:39:00","8e109e96ddf8adc744b5eedb7a38387a1f0d2865523c45008d082a9c972654cd"
"pride_submission/processed_data/neuron_soma/02_id_mapping/mapped/neuron_soma/forward/per_file/DGsgsus_CA1spres.csv","DGsgsus_CA1spres.csv","csv",332911,"2026-06-22 17:39:00","97600eb0ea7d5a922d5ea356b210f11f52effd367e649a5fab3665ccea49756a"
"pride_submission/processed_data/neuron_soma/02_id_mapping/mapped/neuron_soma/forward/per_file/DGsgsus_CA1spsus.csv","DGsgsus_CA1spsus.csv","csv",332622,"2026-06-22 17:39:01","eabcc976d1ce1bf1a6dbf1cac03fd7957b9a17af57eb593ce1b82d941d757dbb"
"pride_submission/processed_data/neuron_soma/02_id_mapping/mapped/neuron_soma/forward/per_file/DGsgsus_CA2spcon.csv","DGsgsus_CA2spcon.csv","csv",333238,"2026-06-22 17:39:02","ccb7bf4d89070828443135f6ee9a6c0140f09d50d09f7ca039767f71cf1574f0"
"pride_submission/processed_data/neuron_soma/02_id_mapping/mapped/neuron_soma/forward/per_file/DGsgsus_CA2spres.csv","DGsgsus_CA2spres.csv","csv",333530,"2026-06-22 17:39:04","d80633ca6fa44efddfe5041ec6512996c357ba3cdfef90e1816e2121a0f33d8d"
"pride_submission/processed_data/neuron_soma/02_id_mapping/mapped/neuron_soma/forward/per_file/DGsgsus_CA2spsus.csv","DGsgsus_CA2spsus.csv","csv",333734,"2026-06-22 17:39:05","2ab2766b929736b8babb91f1eecfdf231014623cfab37b9b67e68b98bc7c2633"
"pride_submission/processed_data/neuron_soma/02_id_mapping/mapped/neuron_soma/forward/per_file/DGsgsus_CA3spcon.csv","DGsgsus_CA3spcon.csv","csv",334457,"2026-06-22 17:39:06","a4d927e3436943207e93a1f249e3eb5c7bf88abaf2d282a2261f6bf5ecf101d8"
"pride_submission/processed_data/neuron_soma/02_id_mapping/mapped/neuron_soma/forward/per_file/DGsgsus_CA3spres.csv","DGsgsus_CA3spres.csv","csv",334617,"2026-06-22 17:39:07","b8d98286e63cbc40090f5e32e9b7f2ae6ad9b7a08293594768ebeafc0ba71141"
"pride_submission/processed_data/neuron_soma/02_id_mapping/mapped/neuron_soma/forward/per_file/DGsgsus_CA3spsus.csv","DGsgsus_CA3spsus.csv","csv",334961,"2026-06-22 17:39:08","2d8a46ea35a8643c5cd4c8087829902b1ac084d485a2b918959235e7e9e96439"
"pride_submission/processed_data/neuron_soma/02_id_mapping/mapped/neuron_soma/forward/per_file/DGsgsus_DGsgcon.csv","DGsgsus_DGsgcon.csv","csv",330958,"2026-06-22 17:39:08","93b4fa5a4a3bca27361bd7904ca1d9bf49dc748e0baf974b6a0f3e3fa77e4368"
"pride_submission/processed_data/neuron_soma/02_id_mapping/mapped/neuron_soma/forward/per_file/DGsgsus_DGsgres.csv","DGsgsus_DGsgres.csv","csv",330298,"2026-06-22 17:39:09","b00050cd74f6b55290f217ec3009520552c86304523010e5c16e4a1de0d2016d"
"pride_submission/processed_data/neuron_soma/04_differential_expression_enrichment/clusterProfiler/neuron_soma/between_unit_and_phenotype/CA1_sp_vs_DG_sg/DGsgcon_CA1spres/QC_summary.csv","QC_summary.csv","csv",295,"2026-06-22 17:39:25","d2b18dd656adfb15049b96851931d6952ab33fe883689c2d8bf7aaef04902a42"
"pride_submission/processed_data/neuron_soma/04_differential_expression_enrichment/clusterProfiler/neuron_soma/between_unit_and_phenotype/CA1_sp_vs_DG_sg/DGsgcon_CA1spsus/QC_summary.csv","QC_summary.csv","csv",295,"2026-06-22 17:39:26","9217984432ae1f02b3af631a5deef756e5c934b70fbbab38d0f60756fc976bf6"
"pride_submission/processed_data/neuron_soma/04_differential_expression_enrichment/clusterProfiler/neuron_soma/between_unit_and_phenotype/CA1_sp_vs_DG_sg/DGsgres_CA1spcon/QC_summary.csv","QC_summary.csv","csv",295,"2026-06-22 17:39:27","6457936f6ae4570cb7116a77ca4797a2f6fbde991b02aad1a875c102934fe301"
"pride_submission/processed_data/neuron_soma/04_differential_expression_enrichment/clusterProfiler/neuron_soma/between_unit_and_phenotype/CA1_sp_vs_DG_sg/DGsgres_CA1spsus/QC_summary.csv","QC_summary.csv","csv",295,"2026-06-22 17:39:28","7f59754274aa59811f0af17203b9953bce07359a7235baf6274c27fc02f432cc"
"pride_submission/processed_data/neuron_soma/04_differential_expression_enrichment/clusterProfiler/neuron_soma/between_unit_and_phenotype/CA1_sp_vs_DG_sg/DGsgsus_CA1spcon/QC_summary.csv","QC_summary.csv","csv",295,"2026-06-22 17:39:29","4e8f292d050bfa318b346e5376413ce91d4dc40a7f0572e2027131f1741a8a7e"
"pride_submission/processed_data/neuron_soma/04_differential_expression_enrichment/clusterProfiler/neuron_soma/between_unit_and_phenotype/CA1_sp_vs_DG_sg/DGsgsus_CA1spres/QC_summary.csv","QC_summary.csv","csv",295,"2026-06-22 17:39:30","bace11e91b4c32a11e68cfafa71bd2951bd99249ac3b0bbdc0af668b49e81ee6"
"pride_submission/processed_data/neuron_soma/04_differential_expression_enrichment/clusterProfiler/neuron_soma/between_unit_and_phenotype/CA2_sp_vs_DG_sg/DGsgcon_CA2spres/QC_summary.csv","QC_summary.csv","csv",296,"2026-06-22 17:39:35","296c69694f831c0c9edde8c1749e16b3b311b2fd9fcf4708ec43079395488503"
"pride_submission/processed_data/neuron_soma/04_differential_expression_enrichment/clusterProfiler/neuron_soma/between_unit_and_phenotype/CA2_sp_vs_DG_sg/DGsgcon_CA2spsus/QC_summary.csv","QC_summary.csv","csv",296,"2026-06-22 17:39:36","79616ccc8b8c32e37d37ef1ecd42a1658193a3fd6ae2ade86d8da0396aedbde3"
"pride_submission/processed_data/neuron_soma/04_differential_expression_enrichment/clusterProfiler/neuron_soma/between_unit_and_phenotype/CA2_sp_vs_DG_sg/DGsgres_CA2spcon/QC_summary.csv","QC_summary.csv","csv",296,"2026-06-22 17:39:37","96feeb7821157d297ca37875f993e450565cdffd9cd89cb078dadbe1d43193c2"
"pride_submission/processed_data/neuron_soma/04_differential_expression_enrichment/clusterProfiler/neuron_soma/between_unit_and_phenotype/CA2_sp_vs_DG_sg/DGsgres_CA2spsus/QC_summary.csv","QC_summary.csv","csv",296,"2026-06-22 17:39:38","8e688b2540b97a42d78521f94ca899ea588c8cd6149cf7eb0fb93fccbda1aafc"
"pride_submission/processed_data/neuron_soma/04_differential_expression_enrichment/clusterProfiler/neuron_soma/between_unit_and_phenotype/CA2_sp_vs_DG_sg/DGsgsus_CA2spcon/QC_summary.csv","QC_summary.csv","csv",296,"2026-06-22 17:39:39","74f99ca220cdb328d5e1ec7e217c062296f0e34101a6df3a31384540c64d35c8"
"pride_submission/processed_data/neuron_soma/04_differential_expression_enrichment/clusterProfiler/neuron_soma/between_unit_and_phenotype/CA2_sp_vs_DG_sg/DGsgsus_CA2spres/QC_summary.csv","QC_summary.csv","csv",296,"2026-06-22 17:39:40","19acfdc89893fa8a8d315581721e59f13960eebdce294a2366b99edffb1a99ed"
"pride_submission/processed_data/neuron_soma/04_differential_expression_enrichment/clusterProfiler/neuron_soma/between_unit_and_phenotype/CA3_sp_vs_DG_sg/DGsgcon_CA3spres/QC_summary.csv","QC_summary.csv","csv",295,"2026-06-22 17:39:41","bde5be462a590c9e823390bc5a6231238bd637945b4b68ec8213b20b965bf0ec"
"pride_submission/processed_data/neuron_soma/04_differential_expression_enrichment/clusterProfiler/neuron_soma/between_unit_and_phenotype/CA3_sp_vs_DG_sg/DGsgcon_CA3spsus/QC_summary.csv","QC_summary.csv","csv",296,"2026-06-22 17:39:42","8d4f9c7422eaac973b575129c6b51a6c300cf623219399c7c184ecc450b7fc61"
"pride_submission/processed_data/neuron_soma/04_differential_expression_enrichment/clusterProfiler/neuron_soma/between_unit_and_phenotype/CA3_sp_vs_DG_sg/DGsgres_CA3spcon/QC_summary.csv","QC_summary.csv","csv",296,"2026-06-22 17:39:42","29244f295c166d48f909262421205d23248e012882997026454dec346f12153b"
"pride_submission/processed_data/neuron_soma/04_differential_expression_enrichment/clusterProfiler/neuron_soma/between_unit_and_phenotype/CA3_sp_vs_DG_sg/DGsgres_CA3spsus/QC_summary.csv","QC_summary.csv","csv",296,"2026-06-22 17:39:44","c7076314b36221a1cdc1a1d60cb2ce2c9b4a77db68c57aecd952f1e49d8bf5f7"
"pride_submission/processed_data/neuron_soma/04_differential_expression_enrichment/clusterProfiler/neuron_soma/between_unit_and_phenotype/CA3_sp_vs_DG_sg/DGsgsus_CA3spcon/QC_summary.csv","QC_summary.csv","csv",296,"2026-06-22 17:39:45","605092fc5a1c48bed83a1837bb174079774b5c2e07e922b29d6decbe3610b432"
"pride_submission/processed_data/neuron_soma/04_differential_expression_enrichment/clusterProfiler/neuron_soma/between_unit_and_phenotype/CA3_sp_vs_DG_sg/DGsgsus_CA3spres/QC_summary.csv","QC_summary.csv","csv",296,"2026-06-22 17:39:46","890171529750428794971339bd264143c90542e3ec896836ac62ef3ffdf06d6d"
"pride_submission/processed_data/neuron_soma/04_differential_expression_enrichment/clusterProfiler/neuron_soma/clusterProfiler_manifest.csv","clusterProfiler_manifest.csv","csv",142524,"2026-06-22 17:39:46","67028ebdf3a739613e03a702f658929b6f169a112a7839687324e5a4e4ba3ac7"
"pride_submission/processed_data/neuron_soma/04_differential_expression_enrichment/clusterProfiler/neuron_soma/phenotype_between_unit/CA1_sp_vs_CA2_sp/CA2spcon_CA1spcon/QC_summary.csv","QC_summary.csv","csv",296,"2026-06-22 17:39:47","2d1a4b3f0a637eef0deae6be544172eb1240c2b137ed0311f40459f1f397d322"
"pride_submission/processed_data/neuron_soma/04_differential_expression_enrichment/clusterProfiler/neuron_soma/phenotype_between_unit/CA1_sp_vs_CA2_sp/CA2spres_CA1spres/QC_summary.csv","QC_summary.csv","csv",296,"2026-06-22 17:39:47","8fc27d225e28115219a8c870f9f687da89c3423ba55e3f38bfa664670cd13c4c"
"pride_submission/processed_data/neuron_soma/04_differential_expression_enrichment/clusterProfiler/neuron_soma/phenotype_between_unit/CA1_sp_vs_CA2_sp/CA2spsus_CA1spsus/QC_summary.csv","QC_summary.csv","csv",296,"2026-06-22 17:39:49","dc19b8fdccb7eb326d39e76d628e315d96d23e6d8687a78a1a7dabfee063e7ef"
"pride_submission/processed_data/neuron_soma/04_differential_expression_enrichment/clusterProfiler/neuron_soma/phenotype_between_unit/CA1_sp_vs_CA3_sp/CA3spcon_CA1spcon/QC_summary.csv","QC_summary.csv","csv",295,"2026-06-22 17:39:50","2c0fc5c1d4b24cac5492708058f997ba703e48b8257f567aded44a392785b725"
"pride_submission/processed_data/neuron_soma/04_differential_expression_enrichment/clusterProfiler/neuron_soma/phenotype_between_unit/CA1_sp_vs_CA3_sp/CA3spres_CA1spres/QC_summary.csv","QC_summary.csv","csv",296,"2026-06-22 17:39:50","43927e7f6adea2d5d303ec7faa1df198f40ade7d67508b4662166d7b4993333b"
"pride_submission/processed_data/neuron_soma/04_differential_expression_enrichment/clusterProfiler/neuron_soma/phenotype_between_unit/CA1_sp_vs_CA3_sp/CA3spsus_CA1spsus/QC_summary.csv","QC_summary.csv","csv",296,"2026-06-22 17:39:52","58013bce22dcc1c2dc04e6ba8cba19cbd60a255661f1e5dd429d8912bac9902c"
"pride_submission/processed_data/neuron_soma/04_differential_expression_enrichment/clusterProfiler/neuron_soma/phenotype_between_unit/CA1_sp_vs_DG_sg/DGsgcon_CA1spcon/QC_summary.csv","QC_summary.csv","csv",295,"2026-06-22 17:39:53","b60a4331bea3580ef5574f3486eb29c7be0aa76ca7f42d94add6d6b8c01dcc23"
"pride_submission/processed_data/neuron_soma/04_differential_expression_enrichment/clusterProfiler/neuron_soma/phenotype_between_unit/CA1_sp_vs_DG_sg/DGsgres_CA1spres/QC_summary.csv","QC_summary.csv","csv",295,"2026-06-22 17:39:54","b53f069a6bb27e97d43522962ee9b4013d31bd853ecca3ce9a00bb5b711570de"
"pride_submission/processed_data/neuron_soma/04_differential_expression_enrichment/clusterProfiler/neuron_soma/phenotype_between_unit/CA1_sp_vs_DG_sg/DGsgsus_CA1spsus/QC_summary.csv","QC_summary.csv","csv",295,"2026-06-22 17:39:55","9d5223556dbd43beb0162f503ac34ffafb9ee50d7454f174f64379479af335b7"
"pride_submission/processed_data/neuron_soma/04_differential_expression_enrichment/clusterProfiler/neuron_soma/phenotype_between_unit/CA2_sp_vs_CA3_sp/CA3spcon_CA2spcon/QC_summary.csv","QC_summary.csv","csv",296,"2026-06-22 17:39:56","0afb0fc4a96a1bcd7b1cc9f02dfd149f545be5c7223eed7759916d45a67dd48a"
"pride_submission/processed_data/neuron_soma/04_differential_expression_enrichment/clusterProfiler/neuron_soma/phenotype_between_unit/CA2_sp_vs_CA3_sp/CA3spres_CA2spres/QC_summary.csv","QC_summary.csv","csv",296,"2026-06-22 17:39:56","9d7f9a9dbd527e068493416131e35acbfaf24e180e5fd8e2936a0cab09b6d4cd"
"pride_submission/processed_data/neuron_soma/04_differential_expression_enrichment/clusterProfiler/neuron_soma/phenotype_between_unit/CA2_sp_vs_CA3_sp/CA3spsus_CA2spsus/QC_summary.csv","QC_summary.csv","csv",296,"2026-06-22 17:39:57","5a1ad2686b5525c401be2592cdb82c99bb1f6c974148b15e96222e71c0cc5ffa"
"pride_submission/processed_data/neuron_soma/04_differential_expression_enrichment/clusterProfiler/neuron_soma/phenotype_between_unit/CA2_sp_vs_DG_sg/DGsgcon_CA2spcon/QC_summary.csv","QC_summary.csv","csv",296,"2026-06-22 17:39:58","c863d52f561bf39642ba64f66893847b654a7b046fa5eb755c375a3ec39af318"
"pride_submission/processed_data/neuron_soma/04_differential_expression_enrichment/clusterProfiler/neuron_soma/phenotype_between_unit/CA2_sp_vs_DG_sg/DGsgres_CA2spres/QC_summary.csv","QC_summary.csv","csv",296,"2026-06-22 17:39:59","0629547dfb2af78572459e8d177ba622f282eed22a9c4603e484a15bfae4e061"
"pride_submission/processed_data/neuron_soma/04_differential_expression_enrichment/clusterProfiler/neuron_soma/phenotype_between_unit/CA2_sp_vs_DG_sg/DGsgsus_CA2spsus/QC_summary.csv","QC_summary.csv","csv",296,"2026-06-22 17:40:00","f5c0b7537c69cb773a178134fc5e0f236463cb795ba7347b184d6599d223b3fb"
"pride_submission/processed_data/neuron_soma/04_differential_expression_enrichment/clusterProfiler/neuron_soma/phenotype_between_unit/CA3_sp_vs_DG_sg/DGsgcon_CA3spcon/QC_summary.csv","QC_summary.csv","csv",295,"2026-06-22 17:40:01","828af0d38d1e74f3d291443169bf2c818c396c297c57db893eee105c7a9202e4"
"pride_submission/processed_data/neuron_soma/04_differential_expression_enrichment/clusterProfiler/neuron_soma/phenotype_between_unit/CA3_sp_vs_DG_sg/DGsgres_CA3spres/QC_summary.csv","QC_summary.csv","csv",296,"2026-06-22 17:40:02","17d21a4831d6242269bbe74a40dd97f084edbd42734bd2aca8fba8d5005cf2c7"
"pride_submission/processed_data/neuron_soma/04_differential_expression_enrichment/clusterProfiler/neuron_soma/phenotype_between_unit/CA3_sp_vs_DG_sg/DGsgsus_CA3spsus/QC_summary.csv","QC_summary.csv","csv",296,"2026-06-22 17:40:03","bff43f035d051010cacb661cb960871449f60731179660995f25d2fd447946e2"
"pride_submission/processed_data/neuron_soma/04_differential_expression_enrichment/clusterProfiler/neuron_soma/phenotype_within_unit/CA1_sp/CA1spres_CA1spcon/GO/BP/GSEA_BP_results_full.csv","GSEA_BP_results_full.csv","csv",1034911,"2026-06-22 17:40:04","25626a43cf52b7eb8dab63f8b3c6fa08bccf7ef0c21cbbfa94add06ba8fc1e97"
"pride_submission/processed_data/neuron_soma/04_differential_expression_enrichment/clusterProfiler/neuron_soma/phenotype_within_unit/CA1_sp/CA1spres_CA1spcon/KEGG/KEGG_GSEA_results.csv","KEGG_GSEA_results.csv","csv",72744,"2026-06-22 17:40:04","94cb5afb162b04dbc7d601fc918c1f6583c7d202e1b4bcce3f5ecf73cc8f6bae"
"pride_submission/processed_data/neuron_soma/04_differential_expression_enrichment/clusterProfiler/neuron_soma/phenotype_within_unit/CA1_sp/CA1spres_CA1spcon/ORA/ORA_BP_results_full.csv","ORA_BP_results_full.csv","csv",174799,"2026-06-22 17:40:04","6b4545fc74f376f5606896a2da0a5578d7f2d38623951b34a2681dbfcbcb7189"
"pride_submission/processed_data/neuron_soma/04_differential_expression_enrichment/clusterProfiler/neuron_soma/phenotype_within_unit/CA1_sp/CA1spres_CA1spcon/QC_summary.csv","QC_summary.csv","csv",294,"2026-06-22 17:40:04","76c826a896ab80c3267beab67538bdc5261a0dd3036e08031cbbd04aebd40c03"
"pride_submission/processed_data/neuron_soma/04_differential_expression_enrichment/clusterProfiler/neuron_soma/phenotype_within_unit/CA1_sp/CA1spsus_CA1spcon/GO/BP/GSEA_BP_results_full.csv","GSEA_BP_results_full.csv","csv",1113962,"2026-06-22 17:40:05","d944da12523fa5f7a6608abbddccbf487e72e24eaa451cf2fe9d29422ce95f25"
"pride_submission/processed_data/neuron_soma/04_differential_expression_enrichment/clusterProfiler/neuron_soma/phenotype_within_unit/CA1_sp/CA1spsus_CA1spcon/KEGG/KEGG_GSEA_results.csv","KEGG_GSEA_results.csv","csv",75157,"2026-06-22 17:40:06","48f709574bb9b1ed7adcfa3fd965279bb69e91b9a3ca916c8b96ad5006f4016c"
"pride_submission/processed_data/neuron_soma/04_differential_expression_enrichment/clusterProfiler/neuron_soma/phenotype_within_unit/CA1_sp/CA1spsus_CA1spcon/ORA/ORA_BP_results_full.csv","ORA_BP_results_full.csv","csv",245468,"2026-06-22 17:40:06","378bec8ebce058d727bdfea6fb3e8da572c5e65c5c153ae7a0a3360edb7db03c"
"pride_submission/processed_data/neuron_soma/04_differential_expression_enrichment/clusterProfiler/neuron_soma/phenotype_within_unit/CA1_sp/CA1spsus_CA1spcon/QC_summary.csv","QC_summary.csv","csv",295,"2026-06-22 17:40:06","e07aa45cb6ef085222fa061bf85eb7b51118177f375429439e09b6b198fd7f6b"
"pride_submission/processed_data/neuron_soma/04_differential_expression_enrichment/clusterProfiler/neuron_soma/phenotype_within_unit/CA1_sp/CA1spsus_CA1spres/GO/BP/GSEA_BP_results_full.csv","GSEA_BP_results_full.csv","csv",1186485,"2026-06-22 17:40:07","6a8156a38464d19ee41ac94bd278a7d83a35799b4c9c0a67b0dfc9cf3490bde1"
"pride_submission/processed_data/neuron_soma/04_differential_expression_enrichment/clusterProfiler/neuron_soma/phenotype_within_unit/CA1_sp/CA1spsus_CA1spres/KEGG/KEGG_GSEA_results.csv","KEGG_GSEA_results.csv","csv",79536,"2026-06-22 17:40:07","6dbc851f3812f1fbbd859a2251506ea4042dc94821afcd55f55cd67636d7161d"
"pride_submission/processed_data/neuron_soma/04_differential_expression_enrichment/clusterProfiler/neuron_soma/phenotype_within_unit/CA1_sp/CA1spsus_CA1spres/ORA/ORA_BP_results_full.csv","ORA_BP_results_full.csv","csv",280098,"2026-06-22 17:40:08","30ccd8b6d50a4163e2f76580efa20c4f357246680bd50fe374f24537dac86629"
"pride_submission/processed_data/neuron_soma/04_differential_expression_enrichment/clusterProfiler/neuron_soma/phenotype_within_unit/CA1_sp/CA1spsus_CA1spres/QC_summary.csv","QC_summary.csv","csv",295,"2026-06-22 17:40:08","9f08e36f134c153d86dd886fe80b1d61672c99bad3d5a6aaba96b6126a1767d4"
"pride_submission/processed_data/neuron_soma/04_differential_expression_enrichment/clusterProfiler/neuron_soma/phenotype_within_unit/CA2_sp/CA2spres_CA2spcon/GO/BP/GSEA_BP_results_full.csv","GSEA_BP_results_full.csv","csv",1041592,"2026-06-22 17:40:08","f0d5877c1448c65510b8ebe3d09e5ee2fc702a71afa1c9a2fb1086fb9c456345"
"pride_submission/processed_data/neuron_soma/04_differential_expression_enrichment/clusterProfiler/neuron_soma/phenotype_within_unit/CA2_sp/CA2spres_CA2spcon/KEGG/KEGG_GSEA_results.csv","KEGG_GSEA_results.csv","csv",66663,"2026-06-22 17:40:09","7557f95d842115f0b6fd9a2bcf2a33f6218bf68bca65d525c9150d9ace593ff0"
"pride_submission/processed_data/neuron_soma/04_differential_expression_enrichment/clusterProfiler/neuron_soma/phenotype_within_unit/CA2_sp/CA2spres_CA2spcon/ORA/ORA_BP_results_full.csv","ORA_BP_results_full.csv","csv",212831,"2026-06-22 17:40:09","bd54d6b5dbb7efdea46423d348c3ef99d714d4b1fdd0cc2ca5fece3cde87cb7c"
"pride_submission/processed_data/neuron_soma/04_differential_expression_enrichment/clusterProfiler/neuron_soma/phenotype_within_unit/CA2_sp/CA2spres_CA2spcon/QC_summary.csv","QC_summary.csv","csv",295,"2026-06-22 17:40:10","e7a81a1008e09572d38ab3ca63e8589c667a7da1a6a57a4f214b260962b80d52"
"pride_submission/processed_data/neuron_soma/04_differential_expression_enrichment/clusterProfiler/neuron_soma/phenotype_within_unit/CA2_sp/CA2spsus_CA2spcon/GO/BP/GSEA_BP_results_full.csv","GSEA_BP_results_full.csv","csv",1005909,"2026-06-22 17:40:10","5a5f9211274263204aecec9eacde1f335fdadb913665b8d003141138cd5417a6"
"pride_submission/processed_data/neuron_soma/04_differential_expression_enrichment/clusterProfiler/neuron_soma/phenotype_within_unit/CA2_sp/CA2spsus_CA2spcon/KEGG/KEGG_GSEA_results.csv","KEGG_GSEA_results.csv","csv",74636,"2026-06-22 17:40:11","19da2b61c34808cab79dda9496723961cff6ab7c712f8192c27818eb3279f778"
"pride_submission/processed_data/neuron_soma/04_differential_expression_enrichment/clusterProfiler/neuron_soma/phenotype_within_unit/CA2_sp/CA2spsus_CA2spcon/ORA/ORA_BP_results_full.csv","ORA_BP_results_full.csv","csv",182040,"2026-06-22 17:40:11","ec634e3cbd8a0b5222fe7ebb33d0eca6315e0efa76ddb515720e148e7c6f560a"
"pride_submission/processed_data/neuron_soma/04_differential_expression_enrichment/clusterProfiler/neuron_soma/phenotype_within_unit/CA2_sp/CA2spsus_CA2spcon/QC_summary.csv","QC_summary.csv","csv",294,"2026-06-22 17:40:11","d79a88a0724e086d7b8973209f84d5ac3242e9a998bac8c32d550dde8fba8b7a"
"pride_submission/processed_data/neuron_soma/04_differential_expression_enrichment/clusterProfiler/neuron_soma/phenotype_within_unit/CA2_sp/CA2spsus_CA2spres/GO/BP/GSEA_BP_results_full.csv","GSEA_BP_results_full.csv","csv",1063586,"2026-06-22 17:40:12","af93be01ac0a267c2aed37a20100b65bbc7f3694c4587583b42af4e6931c73b3"
"pride_submission/processed_data/neuron_soma/04_differential_expression_enrichment/clusterProfiler/neuron_soma/phenotype_within_unit/CA2_sp/CA2spsus_CA2spres/KEGG/KEGG_GSEA_results.csv","KEGG_GSEA_results.csv","csv",75823,"2026-06-22 17:40:12","e0271464f2e23f3d8de61f8ab77e07ee7185ae45e6d7cb3e68505b25fdbb4595"
"pride_submission/processed_data/neuron_soma/04_differential_expression_enrichment/clusterProfiler/neuron_soma/phenotype_within_unit/CA2_sp/CA2spsus_CA2spres/ORA/ORA_BP_results_full.csv","ORA_BP_results_full.csv","csv",191919,"2026-06-22 17:40:13","ab5d74aa9e4ae7dac46a36ced97baca9ba48428042f3573ed86319fc300df9f2"
"pride_submission/processed_data/neuron_soma/04_differential_expression_enrichment/clusterProfiler/neuron_soma/phenotype_within_unit/CA2_sp/CA2spsus_CA2spres/QC_summary.csv","QC_summary.csv","csv",294,"2026-06-22 17:40:13","85cbfa1a936f1760d34191cbe672f4f0cb649ffef47f517ef83bfd7a3233a150"
"pride_submission/processed_data/neuron_soma/04_differential_expression_enrichment/clusterProfiler/neuron_soma/phenotype_within_unit/CA3_sp/CA3spres_CA3spcon/GO/BP/GSEA_BP_results_full.csv","GSEA_BP_results_full.csv","csv",1105491,"2026-06-22 17:40:14","8302058bc24395bf9898ec1d85320e70455fe88ae089ced51eca71f127cf7367"
"pride_submission/processed_data/neuron_soma/04_differential_expression_enrichment/clusterProfiler/neuron_soma/phenotype_within_unit/CA3_sp/CA3spres_CA3spcon/KEGG/KEGG_GSEA_results.csv","KEGG_GSEA_results.csv","csv",79110,"2026-06-22 17:40:14","2c1a84f1358d8c58b3009431951f402f2947b87f640750e65ef371decbe9910f"
"pride_submission/processed_data/neuron_soma/04_differential_expression_enrichment/clusterProfiler/neuron_soma/phenotype_within_unit/CA3_sp/CA3spres_CA3spcon/ORA/ORA_BP_results_full.csv","ORA_BP_results_full.csv","csv",161693,"2026-06-22 17:40:15","b4b2eb1b036bd5c2954480c71a78bab8b5332cc4e0f2099acf4f28ced379e44e"
"pride_submission/processed_data/neuron_soma/04_differential_expression_enrichment/clusterProfiler/neuron_soma/phenotype_within_unit/CA3_sp/CA3spres_CA3spcon/QC_summary.csv","QC_summary.csv","csv",294,"2026-06-22 17:40:15","303b615ccb23e0fa3f3ab3ab81735fd1f2bc407315a93f8792c44d7ab739ab93"
"pride_submission/processed_data/neuron_soma/04_differential_expression_enrichment/clusterProfiler/neuron_soma/phenotype_within_unit/CA3_sp/CA3spsus_CA3spcon/GO/BP/GSEA_BP_results_full.csv","GSEA_BP_results_full.csv","csv",1127926,"2026-06-22 17:40:16","55294c3f34d6d6cd51dafe75c647fa94f0c5ade49df7f603b9f033702b4dcae2"
"pride_submission/processed_data/neuron_soma/04_differential_expression_enrichment/clusterProfiler/neuron_soma/phenotype_within_unit/CA3_sp/CA3spsus_CA3spcon/KEGG/KEGG_GSEA_results.csv","KEGG_GSEA_results.csv","csv",65009,"2026-06-22 17:40:16","6064ec3f7182fd29b635f3c4f612bf61ab00503caff0b3bbf79572672a4c9785"
"pride_submission/processed_data/neuron_soma/04_differential_expression_enrichment/clusterProfiler/neuron_soma/phenotype_within_unit/CA3_sp/CA3spsus_CA3spcon/ORA/ORA_BP_results_full.csv","ORA_BP_results_full.csv","csv",176560,"2026-06-22 17:40:17","c24dfa06d3a16c75913f1b29ae7b8e5ec3e5007dc9d5712002dcee1c510f93cc"
"pride_submission/processed_data/neuron_soma/04_differential_expression_enrichment/clusterProfiler/neuron_soma/phenotype_within_unit/CA3_sp/CA3spsus_CA3spcon/QC_summary.csv","QC_summary.csv","csv",294,"2026-06-22 17:40:17","17494082bacaf8eab899bb9c53456ec3107926ce8805fee042925521e3986556"
"pride_submission/processed_data/neuron_soma/04_differential_expression_enrichment/clusterProfiler/neuron_soma/phenotype_within_unit/CA3_sp/CA3spsus_CA3spres/GO/BP/GSEA_BP_results_full.csv","GSEA_BP_results_full.csv","csv",1216320,"2026-06-22 17:40:18","f99ea3564c2cd6dcce4a44307f7fd826c6e0a7feca32bb399ee9d46a5973dfc4"
"pride_submission/processed_data/neuron_soma/04_differential_expression_enrichment/clusterProfiler/neuron_soma/phenotype_within_unit/CA3_sp/CA3spsus_CA3spres/KEGG/KEGG_GSEA_results.csv","KEGG_GSEA_results.csv","csv",80143,"2026-06-22 17:40:18","5d8de3e0e89c3e94ff9eb67afd909cbba5511286f8724f3ab7a73e52c3c142f8"
"pride_submission/processed_data/neuron_soma/04_differential_expression_enrichment/clusterProfiler/neuron_soma/phenotype_within_unit/CA3_sp/CA3spsus_CA3spres/ORA/ORA_BP_results_full.csv","ORA_BP_results_full.csv","csv",178668,"2026-06-22 17:40:18","4679cd11079064b7ea7af6ad49a51cc8dd34287f1737c479c0b85b1a4f92336e"
"pride_submission/processed_data/neuron_soma/04_differential_expression_enrichment/clusterProfiler/neuron_soma/phenotype_within_unit/CA3_sp/CA3spsus_CA3spres/QC_summary.csv","QC_summary.csv","csv",293,"2026-06-22 17:40:18","9ad9f3a43efb52d3015895a60c20ad25b30dd9d1a41788ff6de0961c8ba5da7e"
"pride_submission/processed_data/neuron_soma/04_differential_expression_enrichment/clusterProfiler/neuron_soma/phenotype_within_unit/DG_sg/DGsgres_DGsgcon/GO/BP/enrichGO_ALL_results_full.csv","enrichGO_ALL_results_full.csv","csv",1974771,"2026-06-22 17:40:19","e73255a85557e21a59b311fc4b1bb38594ab5713e04eb0bf3113a53a383be0d3"
"pride_submission/processed_data/neuron_soma/04_differential_expression_enrichment/clusterProfiler/neuron_soma/phenotype_within_unit/DG_sg/DGsgres_DGsgcon/GO/BP/GSEA_BP_results_full.csv","GSEA_BP_results_full.csv","csv",1090896,"2026-06-22 17:40:20","e82fc90b5b3a162ccd1f8984e7971fd5304edd2f8867b191243f54f6adb1e32b"
"pride_submission/processed_data/neuron_soma/04_differential_expression_enrichment/clusterProfiler/neuron_soma/phenotype_within_unit/DG_sg/DGsgres_DGsgcon/KEGG/KEGG_GSEA_results.csv","KEGG_GSEA_results.csv","csv",71528,"2026-06-22 17:40:20","b21776ad4e157bc87d8b2275f2dbfe5003cc2cb906d22d9a2515da56390af083"
"pride_submission/processed_data/neuron_soma/04_differential_expression_enrichment/clusterProfiler/neuron_soma/phenotype_within_unit/DG_sg/DGsgres_DGsgcon/ORA/ORA_BP_results_full.csv","ORA_BP_results_full.csv","csv",139375,"2026-06-22 17:40:20","da4f1b4b59b27a8f6e74ff631093f8518e83ca0fd1bfe0586f6e01eea63b18bc"
"pride_submission/processed_data/neuron_soma/04_differential_expression_enrichment/clusterProfiler/neuron_soma/phenotype_within_unit/DG_sg/DGsgres_DGsgcon/QC_summary.csv","QC_summary.csv","csv",291,"2026-06-22 17:40:21","cbbd87a93575c762b5eed39395ed56af8dfc27d0c7c498f7767bfa0459b12380"
"pride_submission/processed_data/neuron_soma/04_differential_expression_enrichment/clusterProfiler/neuron_soma/phenotype_within_unit/DG_sg/DGsgsus_DGsgcon/GO/BP/enrichGO_ALL_results_full.csv","enrichGO_ALL_results_full.csv","csv",1974771,"2026-06-22 17:40:22","7bd481faf4a06284d158f4246c6b90cd08d24d28492652673180db343ed919c4"
"pride_submission/processed_data/neuron_soma/04_differential_expression_enrichment/clusterProfiler/neuron_soma/phenotype_within_unit/DG_sg/DGsgsus_DGsgcon/GO/BP/GSEA_BP_results_full.csv","GSEA_BP_results_full.csv","csv",1158707,"2026-06-22 17:40:22","936d3ab1e1b8f3cf3ad7f3e67165b2f11a4a83741ce6895566a498ec4edf698f"
"pride_submission/processed_data/neuron_soma/04_differential_expression_enrichment/clusterProfiler/neuron_soma/phenotype_within_unit/DG_sg/DGsgsus_DGsgcon/KEGG/KEGG_GSEA_results.csv","KEGG_GSEA_results.csv","csv",76678,"2026-06-22 17:40:23","e69f0a2f012618468c2670ce5c2faba540743b9b2d4f9a88c799daea470b13f8"
"pride_submission/processed_data/neuron_soma/04_differential_expression_enrichment/clusterProfiler/neuron_soma/phenotype_within_unit/DG_sg/DGsgsus_DGsgcon/ORA/ORA_BP_results_full.csv","ORA_BP_results_full.csv","csv",135780,"2026-06-22 17:40:23","cb28684263e931b593642dc53e93c43caedea8a5ead6541216460b8bc35dd047"
"pride_submission/processed_data/neuron_soma/04_differential_expression_enrichment/clusterProfiler/neuron_soma/phenotype_within_unit/DG_sg/DGsgsus_DGsgcon/QC_summary.csv","QC_summary.csv","csv",292,"2026-06-22 17:40:23","21920f9dc4f863e000dadb2f6f70cbbeb90ee42648ec3d8cb2e696eea6644352"
"pride_submission/processed_data/neuron_soma/04_differential_expression_enrichment/clusterProfiler/neuron_soma/phenotype_within_unit/DG_sg/DGsgsus_DGsgres/GO/BP/enrichGO_ALL_results_full.csv","enrichGO_ALL_results_full.csv","csv",1974771,"2026-06-22 17:40:24","3e9ea59d1aa33cbc72fc9f704183467b0a6a3f9f4b71bc0d27328ec4b2126ea3"
"pride_submission/processed_data/neuron_soma/04_differential_expression_enrichment/clusterProfiler/neuron_soma/phenotype_within_unit/DG_sg/DGsgsus_DGsgres/GO/BP/GSEA_BP_results_full.csv","GSEA_BP_results_full.csv","csv",1047312,"2026-06-22 17:40:25","59c09664cb1a5ade430beabda72a43ea130e88f427c2f5333c40ce5b75d43165"
"pride_submission/processed_data/neuron_soma/04_differential_expression_enrichment/clusterProfiler/neuron_soma/phenotype_within_unit/DG_sg/DGsgsus_DGsgres/KEGG/KEGG_GSEA_results.csv","KEGG_GSEA_results.csv","csv",75874,"2026-06-22 17:40:25","6086e564ffe4df224cbff2ce12f329ea6d41fd3bbdbc06c73335574a7ffe8fe1"
"pride_submission/processed_data/neuron_soma/04_differential_expression_enrichment/clusterProfiler/neuron_soma/phenotype_within_unit/DG_sg/DGsgsus_DGsgres/ORA/ORA_BP_results_full.csv","ORA_BP_results_full.csv","csv",194649,"2026-06-22 17:40:25","a9ee3fd173dbb726f7480feffea67ab09abf94751d95925238acbdff4951a25c"
"pride_submission/processed_data/neuron_soma/04_differential_expression_enrichment/clusterProfiler/neuron_soma/phenotype_within_unit/DG_sg/DGsgsus_DGsgres/QC_summary.csv","QC_summary.csv","csv",293,"2026-06-22 17:40:26","df3f55b3ed5cedefe4300bc7447fd7c509f13ee368567c169743aed037ca8abf"
"pride_submission/processed_data/neuron_soma/04_differential_expression_enrichment/compareGO/neuron_soma/compareGO_input_manifest.csv","compareGO_input_manifest.csv","csv",12372,"2026-06-22 17:40:26","1f765417baea51477adefb8997f9754653eb565af5451648a5018765505a96f9"
"pride_submission/processed_data/neuron_soma/pg_matrix_reference/quicksearch.pg_matrix.tsv","quicksearch.pg_matrix.tsv","tsv",13223329,"2026-06-22 17:36:12","e753fc266322f8c25c8bcb27e95f1693131ca695bf9bbc8265332ab820f2c9bb"
"pride_submission/processed_data/neuron_soma/pg_matrix_reference/quicksearch.stats.annotated.xlsx","quicksearch.stats.annotated.xlsx","xlsx",95371,"2026-06-22 17:36:13","ab1b07e18af2d12cc4612e968106029a25e72fde5c8966a462e660a02d17f942"
"pride_submission/supplementary_tables/_supplementary_table_staging_manifest.tsv","_supplementary_table_staging_manifest.tsv","tsv",23109,"2026-06-22 17:43:50","a6ad3f9eb88c7fcea2b122f592cc2968eeffc57995878a6b8b97d8a7949d715e"
"pride_submission/supplementary_tables/results_source_data_04_differential_expression_enrichment_all_leading_edge_driver_recurrence.csv","results_source_data_04_differential_expression_enrichment_all_leading_edge_driver_recurrence.csv","csv",59316,"2026-06-22 17:43:14","a392d5ac1c9eefabe30a2d9a6a1472c99ee9bd27d89566314c34d6b7fd12c142"
"pride_submission/supplementary_tables/results_source_data_04_differential_expression_enrichment_all_source_data_Compartment_Comparison","results_source_data_04_differential_expression_enrichment_all_source_data_Compartment_Comparison","",6655,"2026-06-22 17:43:14","4b5c96b7f60df6797ab0e861b3042dab70757d5b8feff12747ecfe8d680c9239"
"pride_submission/supplementary_tables/results_source_data_04_differential_expression_enrichment_all_source_data_LeadingEdgeDriverRecur","results_source_data_04_differential_expression_enrichment_all_source_data_LeadingEdgeDriverRecur","",6236,"2026-06-22 17:43:14","1cd84def8b1b33771f060030c97e9005500a747d26c166d817b26ad08ceaf0ed"
"pride_submission/supplementary_tables/results_source_data_04_differential_expression_enrichment_all_source_data_RES_SUS_divergence_pub","results_source_data_04_differential_expression_enrichment_all_source_data_RES_SUS_divergence_pub","",60566,"2026-06-22 17:43:15","979c489c6c620a5047dd05435389460225e35fc2dbded21bfbdd6b212c93fe24"
"pride_submission/supplementary_tables/results_source_data_04_differential_expression_enrichment_all_source_data_SpatialProgramAtlas_ne","results_source_data_04_differential_expression_enrichment_all_source_data_SpatialProgramAtlas_ne","",156820,"2026-06-22 17:43:15","ec5eb26912fbc8ec909469a999738b4e253166ea876b80d644dee2c84f9f2893"
"pride_submission/supplementary_tables/results_source_data_04_differential_expression_enrichment_all_source_data_SpatialProgramAtlas_pu","results_source_data_04_differential_expression_enrichment_all_source_data_SpatialProgramAtlas_pu","",277322,"2026-06-22 17:43:15","e38fe9c36dee118b7864112be3812e42ae6c238f62520e37b7536f8d08cbd40c"
"pride_submission/supplementary_tables/results_source_data_04_differential_expression_enrichment_all_spatial_atlas_enrichment_long.csv","results_source_data_04_differential_expression_enrichment_all_spatial_atlas_enrichment_long.csv","csv",128884800,"2026-06-22 17:43:50","53f01cdcf1c71785180f31dc6114ce5083909b0599851a270c112dda193ece82"
"pride_submission/supplementary_tables/results_source_data_04_differential_expression_enrichment_clusterProfiler_BP_between_unit_and_phenotype_CA1_so_vs_CA1_sores_CA1sores_CA1socon_full.csv","results_source_data_04_differential_expression_enrichment_clusterProfiler_BP_between_unit_and_phenotype_CA1_so_vs_CA1_sores_CA1sores_CA1socon_full.csv","csv",1012360,"2026-05-27 16:05:36","917842ad20cb0e98bbdadf67f90fd80f9cb052b6f0f5f8a649f68e58c0fe95b1"
"pride_submission/supplementary_tables/results_source_data_04_differential_expression_enrichment_clusterProfiler_BP_between_unit_and_phenotype_CA1_so_vs_CA1_sores_CA1sores_CA1socon_KEGG.csv","results_source_data_04_differential_expression_enrichment_clusterProfiler_BP_between_unit_and_phenotype_CA1_so_vs_CA1_sores_CA1sores_CA1socon_KEGG.csv","csv",70276,"2026-05-27 16:05:36","6e8317bccff65b0f7d5691c6091679d480feb86bbaa89e6e9c12b2635e1519f7"
"pride_submission/supplementary_tables/results_source_data_04_differential_expression_enrichment_clusterProfiler_BP_CA1slmres_CA1slmcon_full.csv","results_source_data_04_differential_expression_enrichment_clusterProfiler_BP_CA1slmres_CA1slmcon_full.csv","csv",1054571,"2026-05-27 16:05:37","e6783ef3b9118b90751c8b17b8edd3a9477219a9810a90e5472d68ff7f53fda4"
"pride_submission/supplementary_tables/results_source_data_04_differential_expression_enrichment_clusterProfiler_BP_CA1slmres_CA1slmcon_KEGG.csv","results_source_data_04_differential_expression_enrichment_clusterProfiler_BP_CA1slmres_CA1slmcon_KEGG.csv","csv",66697,"2026-05-27 16:05:37","254a0b84d5fdefc001edf42ac1c44619252b65c22cd95035af756208ab4dc42d"
"pride_submission/supplementary_tables/results_source_data_04_differential_expression_enrichment_clusterProfiler_BP_CA1slmsus_CA1slmcon_full.csv","results_source_data_04_differential_expression_enrichment_clusterProfiler_BP_CA1slmsus_CA1slmcon_full.csv","csv",1136461,"2026-05-27 16:05:37","a6278123cbcce81547b7cb4baf0eb17bdd366d5d97459c65f866fce95aefc8b5"
"pride_submission/supplementary_tables/results_source_data_04_differential_expression_enrichment_clusterProfiler_BP_CA1slmsus_CA1slmcon_KEGG.csv","results_source_data_04_differential_expression_enrichment_clusterProfiler_BP_CA1slmsus_CA1slmcon_KEGG.csv","csv",76196,"2026-05-27 16:05:37","6257e103cc9f07f228a95f856af5dbffa8e82a8608996fb783eddadfe34544a0"
"pride_submission/supplementary_tables/results_source_data_04_differential_expression_enrichment_clusterProfiler_BP_CA1slmsus_CA1slmres_full.csv","results_source_data_04_differential_expression_enrichment_clusterProfiler_BP_CA1slmsus_CA1slmres_full.csv","csv",1094534,"2026-05-27 16:05:37","30661105fd152c4c6d47cdc419dd161088635bbb5ec3b34924dfee0c9fa688fd"
"pride_submission/supplementary_tables/results_source_data_04_differential_expression_enrichment_clusterProfiler_BP_CA1slmsus_CA1slmres_KEGG.csv","results_source_data_04_differential_expression_enrichment_clusterProfiler_BP_CA1slmsus_CA1slmres_KEGG.csv","csv",78004,"2026-05-27 16:05:37","3e3b5a7fcfaf214493f7c20863c3ab9758774a0b3bbcfd9600ecfab7cf040e6b"
"pride_submission/supplementary_tables/results_source_data_04_differential_expression_enrichment_clusterProfiler_BP_CA1sores_CA1socon_full.csv","results_source_data_04_differential_expression_enrichment_clusterProfiler_BP_CA1sores_CA1socon_full.csv","csv",1012360,"2026-05-27 16:05:37","917842ad20cb0e98bbdadf67f90fd80f9cb052b6f0f5f8a649f68e58c0fe95b1"
"pride_submission/supplementary_tables/results_source_data_04_differential_expression_enrichment_clusterProfiler_BP_CA1sores_CA1socon_KEGG.csv","results_source_data_04_differential_expression_enrichment_clusterProfiler_BP_CA1sores_CA1socon_KEGG.csv","csv",70276,"2026-05-27 16:05:37","6e8317bccff65b0f7d5691c6091679d480feb86bbaa89e6e9c12b2635e1519f7"
"pride_submission/supplementary_tables/results_source_data_04_differential_expression_enrichment_clusterProfiler_BP_phenotype_within_unit_CA1_slm_CA1slmsus_CA1slmcon_full.csv","results_source_data_04_differential_expression_enrichment_clusterProfiler_BP_phenotype_within_unit_CA1_slm_CA1slmsus_CA1slmcon_full.csv","csv",1136461,"2026-05-27 16:05:38","a6278123cbcce81547b7cb4baf0eb17bdd366d5d97459c65f866fce95aefc8b5"
"pride_submission/supplementary_tables/results_source_data_04_differential_expression_enrichment_clusterProfiler_BP_phenotype_within_unit_CA1_slm_CA1slmsus_CA1slmcon_KEGG.csv","results_source_data_04_differential_expression_enrichment_clusterProfiler_BP_phenotype_within_unit_CA1_slm_CA1slmsus_CA1slmcon_KEGG.csv","csv",76196,"2026-05-27 16:05:38","6257e103cc9f07f228a95f856af5dbffa8e82a8608996fb783eddadfe34544a0"
"pride_submission/supplementary_tables/results_source_data_04_differential_expression_enrichment_clusterProfiler_KEGG_CA1slmres_CA1slmcon_KEGG.csv","results_source_data_04_differential_expression_enrichment_clusterProfiler_KEGG_CA1slmres_CA1slmcon_KEGG.csv","csv",66697,"2026-05-27 16:05:38","254a0b84d5fdefc001edf42ac1c44619252b65c22cd95035af756208ab4dc42d"
"pride_submission/supplementary_tables/results_source_data_04_differential_expression_enrichment_clusterProfiler_KEGG_CA1slmsus_CA1slmcon_KEGG.csv","results_source_data_04_differential_expression_enrichment_clusterProfiler_KEGG_CA1slmsus_CA1slmcon_KEGG.csv","csv",76196,"2026-05-27 16:05:38","6257e103cc9f07f228a95f856af5dbffa8e82a8608996fb783eddadfe34544a0"
"pride_submission/supplementary_tables/results_source_data_04_differential_expression_enrichment_clusterProfiler_KEGG_CA1slmsus_CA1slmres_KEGG.csv","results_source_data_04_differential_expression_enrichment_clusterProfiler_KEGG_CA1slmsus_CA1slmres_KEGG.csv","csv",78004,"2026-05-27 16:05:38","3e3b5a7fcfaf214493f7c20863c3ab9758774a0b3bbcfd9600ecfab7cf040e6b"
"pride_submission/supplementary_tables/results_source_data_04_differential_expression_enrichment_clusterProfiler_KEGG_CA1sores_CA1socon_KEGG.csv","results_source_data_04_differential_expression_enrichment_clusterProfiler_KEGG_CA1sores_CA1socon_KEGG.csv","csv",70276,"2026-05-27 16:05:38","6e8317bccff65b0f7d5691c6091679d480feb86bbaa89e6e9c12b2635e1519f7"
"pride_submission/supplementary_tables/results_source_data_04_differential_expression_enrichment_clusterProfiler_KEGG_phenotype_within_unit_CA1_slm_CA1slmsus_CA1slmcon_KEGG.csv","results_source_data_04_differential_expression_enrichment_clusterProfiler_KEGG_phenotype_within_unit_CA1_slm_CA1slmsus_CA1slmcon_KEGG.csv","csv",76196,"2026-05-27 16:05:38","6257e103cc9f07f228a95f856af5dbffa8e82a8608996fb783eddadfe34544a0"
"pride_submission/supplementary_tables/results_source_data_04_differential_expression_enrichment_clusterProfiler_neuron_neuropil_BP_CA1slmres_CA1slmcon_full.csv","results_source_data_04_differential_expression_enrichment_clusterProfiler_neuron_neuropil_BP_CA1slmres_CA1slmcon_full.csv","csv",1053955,"2026-05-27 16:05:38","7a853c24bc93719fdec0382f313982d2c3a4f441b01fe1a2f3d1de87833aefe8"
"pride_submission/supplementary_tables/results_source_data_04_differential_expression_enrichment_clusterProfiler_neuron_neuropil_BP_CA1slmres_CA1slmcon_KEGG.csv","results_source_data_04_differential_expression_enrichment_clusterProfiler_neuron_neuropil_BP_CA1slmres_CA1slmcon_KEGG.csv","csv",67343,"2026-05-27 16:05:39","d6b14ccc56792580861d7753080e9af104679bf3246ea78c42006dabe94a11d3"
"pride_submission/supplementary_tables/results_source_data_04_differential_expression_enrichment_clusterProfiler_neuron_neuropil_BP_CA1slmsus_CA1slmcon_full.csv","results_source_data_04_differential_expression_enrichment_clusterProfiler_neuron_neuropil_BP_CA1slmsus_CA1slmcon_full.csv","csv",1135399,"2026-05-27 16:05:39","f2690c73cea0b8eccc08511b090d295dd770c596dfd8949c504718657a093ad8"
"pride_submission/supplementary_tables/results_source_data_04_differential_expression_enrichment_clusterProfiler_neuron_neuropil_BP_CA1slmsus_CA1slmcon_KEGG.csv","results_source_data_04_differential_expression_enrichment_clusterProfiler_neuron_neuropil_BP_CA1slmsus_CA1slmcon_KEGG.csv","csv",76206,"2026-05-27 16:05:39","fabe8b1913e2a47c1447ea601f0af9023db7486c35292cd2aba8cdcb48103375"
"pride_submission/supplementary_tables/results_source_data_04_differential_expression_enrichment_clusterProfiler_neuron_neuropil_BP_CA1slmsus_CA1slmres_full.csv","results_source_data_04_differential_expression_enrichment_clusterProfiler_neuron_neuropil_BP_CA1slmsus_CA1slmres_full.csv","csv",1095452,"2026-05-27 16:05:39","e5ced19d6cbef480907afe060b1cc0d521e7d0d86738aeb84400a4c6d3985d76"
"pride_submission/supplementary_tables/results_source_data_04_differential_expression_enrichment_clusterProfiler_neuron_neuropil_BP_CA1slmsus_CA1slmres_KEGG.csv","results_source_data_04_differential_expression_enrichment_clusterProfiler_neuron_neuropil_BP_CA1slmsus_CA1slmres_KEGG.csv","csv",77709,"2026-05-27 16:05:39","61a526c9b56d50f93c2ff89f97076f95878c8be4f93afbe48f0d2c9af982c956"
"pride_submission/supplementary_tables/results_source_data_04_differential_expression_enrichment_clusterProfiler_neuron_neuropil_BP_CA1sores_CA1socon_full.csv","results_source_data_04_differential_expression_enrichment_clusterProfiler_neuron_neuropil_BP_CA1sores_CA1socon_full.csv","csv",1011168,"2026-05-27 16:05:39","0af7b9afadea0a38aee5a00030d32ed12cd7a70c0bef306649d2f8cf2b873f07"
"pride_submission/supplementary_tables/results_source_data_04_differential_expression_enrichment_clusterProfiler_neuron_neuropil_BP_CA1sores_CA1socon_KEGG.csv","results_source_data_04_differential_expression_enrichment_clusterProfiler_neuron_neuropil_BP_CA1sores_CA1socon_KEGG.csv","csv",70092,"2026-05-27 16:05:40","d0e56aea4b21ade36dac57345c0848caa292637a4b14d18ddd39cbb274fd1059"
"pride_submission/supplementary_tables/results_source_data_04_differential_expression_enrichment_clusterProfiler_neuron_neuropil_BP_CA1sosus_CA1socon_full.csv","results_source_data_04_differential_expression_enrichment_clusterProfiler_neuron_neuropil_BP_CA1sosus_CA1socon_full.csv","csv",928251,"2026-05-27 16:05:40","998d8f60a94a38df60e9ffdb0d99718805d86bbe13aa0effe6d07c301b4ef217"
"pride_submission/supplementary_tables/results_source_data_04_differential_expression_enrichment_clusterProfiler_neuron_neuropil_BP_CA1sosus_CA1socon_KEGG.csv","results_source_data_04_differential_expression_enrichment_clusterProfiler_neuron_neuropil_BP_CA1sosus_CA1socon_KEGG.csv","csv",62532,"2026-05-27 16:05:40","163da9493c9faecee4b0f52380e0de47f3927e7b9b1aff378e607b0ce3a0b238"
"pride_submission/supplementary_tables/results_source_data_04_differential_expression_enrichment_clusterProfiler_neuron_neuropil_BP_CA1sosus_CA1sores_full.csv","results_source_data_04_differential_expression_enrichment_clusterProfiler_neuron_neuropil_BP_CA1sosus_CA1sores_full.csv","csv",1051082,"2026-05-27 16:05:40","a173836afedf750b6e43ffa4d17e3b221f5247b571b76fd429e7732ef38348a0"
"pride_submission/supplementary_tables/results_source_data_04_differential_expression_enrichment_clusterProfiler_neuron_neuropil_BP_CA1sosus_CA1sores_KEGG.csv","results_source_data_04_differential_expression_enrichment_clusterProfiler_neuron_neuropil_BP_CA1sosus_CA1sores_KEGG.csv","csv",68811,"2026-05-27 16:05:40","80927d382605a9167e6d35292c420962c26072206d85a987473eed41a5a004c8"
"pride_submission/supplementary_tables/results_source_data_04_differential_expression_enrichment_clusterProfiler_neuron_neuropil_BP_CA1srres_CA1srcon_full.csv","results_source_data_04_differential_expression_enrichment_clusterProfiler_neuron_neuropil_BP_CA1srres_CA1srcon_full.csv","csv",936856,"2026-05-27 16:05:40","d5648c574967752e5588a34a1cb9cadbf03c38df9a6bfdcc400ee839a9079dd8"
"pride_submission/supplementary_tables/results_source_data_04_differential_expression_enrichment_clusterProfiler_neuron_neuropil_BP_CA1srres_CA1srcon_KEGG.csv","results_source_data_04_differential_expression_enrichment_clusterProfiler_neuron_neuropil_BP_CA1srres_CA1srcon_KEGG.csv","csv",63722,"2026-05-27 16:05:40","deb3895caf90717e91de0b8fd01bfd0d5a47eb991aab71e463b0c701b8fc80b5"
"pride_submission/supplementary_tables/results_source_data_04_differential_expression_enrichment_clusterProfiler_neuron_neuropil_BP_CA1srsus_CA1srcon_full.csv","results_source_data_04_differential_expression_enrichment_clusterProfiler_neuron_neuropil_BP_CA1srsus_CA1srcon_full.csv","csv",987580,"2026-05-27 16:05:41","76d7b434235e6e53b7513cc71bd57a48e597ce701fa2de3cec2ac30f10102912"
"pride_submission/supplementary_tables/results_source_data_04_differential_expression_enrichment_clusterProfiler_neuron_neuropil_BP_CA1srsus_CA1srcon_KEGG.csv","results_source_data_04_differential_expression_enrichment_clusterProfiler_neuron_neuropil_BP_CA1srsus_CA1srcon_KEGG.csv","csv",72677,"2026-05-27 16:05:41","ef82e24c465c270739ee92ade965800ce135cf11f810ab169bad5e37d48f24c7"
"pride_submission/supplementary_tables/results_source_data_04_differential_expression_enrichment_clusterProfiler_neuron_neuropil_BP_CA1srsus_CA1srres_full.csv","results_source_data_04_differential_expression_enrichment_clusterProfiler_neuron_neuropil_BP_CA1srsus_CA1srres_full.csv","csv",1035030,"2026-05-27 16:05:41","5cd65a45141e9291f81a5fc93c30406b1d5e168afa1d50bd5af972ad8e573b5e"
"pride_submission/supplementary_tables/results_source_data_04_differential_expression_enrichment_clusterProfiler_neuron_neuropil_BP_CA1srsus_CA1srres_KEGG.csv","results_source_data_04_differential_expression_enrichment_clusterProfiler_neuron_neuropil_BP_CA1srsus_CA1srres_KEGG.csv","csv",75076,"2026-05-27 16:05:41","35809c595748dd2fa9688bfb25d6f47e3bb251cf130ad515265e2ac4b2b58039"
"pride_submission/supplementary_tables/results_source_data_04_differential_expression_enrichment_clusterProfiler_neuron_neuropil_BP_CA2slmres_CA2slmcon_full.csv","results_source_data_04_differential_expression_enrichment_clusterProfiler_neuron_neuropil_BP_CA2slmres_CA2slmcon_full.csv","csv",1066553,"2026-05-27 16:05:41","b59bff4a1087a3112db5c20288951ca98d637b8e6867c5198b08f22bc258f24f"
"pride_submission/supplementary_tables/results_source_data_04_differential_expression_enrichment_clusterProfiler_neuron_neuropil_BP_CA2slmres_CA2slmcon_KEGG.csv","results_source_data_04_differential_expression_enrichment_clusterProfiler_neuron_neuropil_BP_CA2slmres_CA2slmcon_KEGG.csv","csv",63181,"2026-05-27 16:05:41","aa39c0848241738621ed7da3b033529e4592a9d9b9ab0ab75c6707ce7ec1b422"
"pride_submission/supplementary_tables/results_source_data_04_differential_expression_enrichment_clusterProfiler_neuron_neuropil_BP_CA2slmsus_CA2slmcon_full.csv","results_source_data_04_differential_expression_enrichment_clusterProfiler_neuron_neuropil_BP_CA2slmsus_CA2slmcon_full.csv","csv",1158329,"2026-05-27 16:05:41","ac13474a91a877e040e82d734a531a59a606ce6db53159b5234219aeddc9a289"
"pride_submission/supplementary_tables/results_source_data_04_differential_expression_enrichment_clusterProfiler_neuron_neuropil_BP_CA2slmsus_CA2slmcon_KEGG.csv","results_source_data_04_differential_expression_enrichment_clusterProfiler_neuron_neuropil_BP_CA2slmsus_CA2slmcon_KEGG.csv","csv",85345,"2026-05-27 16:05:41","f37f97d60839264f3fbf8e8e21d0cf14a796ed5c022d7099bb0426f68adae88c"
"pride_submission/supplementary_tables/results_source_data_04_differential_expression_enrichment_clusterProfiler_neuron_neuropil_BP_CA2slmsus_CA2slmres_full.csv","results_source_data_04_differential_expression_enrichment_clusterProfiler_neuron_neuropil_BP_CA2slmsus_CA2slmres_full.csv","csv",1236571,"2026-05-27 16:05:42","909c39bb8b6e90ec375860823dedc6a72e203b98e7c5be6b8635444c08adc257"
"pride_submission/supplementary_tables/results_source_data_04_differential_expression_enrichment_clusterProfiler_neuron_neuropil_BP_CA2slmsus_CA2slmres_KEGG.csv","results_source_data_04_differential_expression_enrichment_clusterProfiler_neuron_neuropil_BP_CA2slmsus_CA2slmres_KEGG.csv","csv",90775,"2026-05-27 16:05:42","ce464e2dd684807101fae4872a057259c6098e821d3ea2930b7ba684033b02b9"
"pride_submission/supplementary_tables/results_source_data_04_differential_expression_enrichment_clusterProfiler_neuron_neuropil_BP_CA2sores_CA2socon_full.csv","results_source_data_04_differential_expression_enrichment_clusterProfiler_neuron_neuropil_BP_CA2sores_CA2socon_full.csv","csv",981025,"2026-05-27 16:05:42","ff0fa64d69b950b4d4a006c5e7d1119fd599305e669848b20e7943c990db4559"
"pride_submission/supplementary_tables/results_source_data_04_differential_expression_enrichment_clusterProfiler_neuron_neuropil_BP_CA2sores_CA2socon_KEGG.csv","results_source_data_04_differential_expression_enrichment_clusterProfiler_neuron_neuropil_BP_CA2sores_CA2socon_KEGG.csv","csv",68536,"2026-05-27 16:05:42","902a3c422af9520b279376c96109144beb36cf10630e1ed69ebf6e3fea1082aa"
"pride_submission/supplementary_tables/results_source_data_04_differential_expression_enrichment_clusterProfiler_neuron_neuropil_BP_CA2sosus_CA2socon_full.csv","results_source_data_04_differential_expression_enrichment_clusterProfiler_neuron_neuropil_BP_CA2sosus_CA2socon_full.csv","csv",933641,"2026-05-27 16:05:42","f8cfa1584c393499bd6feb0d6cf24d171240c6d86eeb194fce88695cb7379660"
"pride_submission/supplementary_tables/results_source_data_04_differential_expression_enrichment_clusterProfiler_neuron_neuropil_BP_CA2sosus_CA2socon_KEGG.csv","results_source_data_04_differential_expression_enrichment_clusterProfiler_neuron_neuropil_BP_CA2sosus_CA2socon_KEGG.csv","csv",71992,"2026-05-27 16:05:42","e0c7dec9257a158a09d565a367c9c6833a05955b0933d085bcbaf8cfe8bc0f66"
"pride_submission/supplementary_tables/results_source_data_04_differential_expression_enrichment_clusterProfiler_neuron_neuropil_BP_CA2sosus_CA2sores_full.csv","results_source_data_04_differential_expression_enrichment_clusterProfiler_neuron_neuropil_BP_CA2sosus_CA2sores_full.csv","csv",996185,"2026-05-27 16:05:42","eef5f2b558eaee7275fd1463b19cb64d4547c5c8dc101981137370fd6b229d19"
"pride_submission/supplementary_tables/results_source_data_04_differential_expression_enrichment_clusterProfiler_neuron_neuropil_BP_CA2sosus_CA2sores_KEGG.csv","results_source_data_04_differential_expression_enrichment_clusterProfiler_neuron_neuropil_BP_CA2sosus_CA2sores_KEGG.csv","csv",67768,"2026-05-27 16:05:42","e6014a6d65cb60e6eb47c2621f27fee810c91e9efdc200c726dacaf14d4c5ef3"
"pride_submission/supplementary_tables/results_source_data_04_differential_expression_enrichment_clusterProfiler_neuron_neuropil_BP_CA2srres_CA2srcon_full.csv","results_source_data_04_differential_expression_enrichment_clusterProfiler_neuron_neuropil_BP_CA2srres_CA2srcon_full.csv","csv",975730,"2026-05-27 16:05:43","b600fd4e17e7ca619ab6d7f0e0d9749c722529c5031f4f3bc059bef27c9ba1ac"
"pride_submission/supplementary_tables/results_source_data_04_differential_expression_enrichment_clusterProfiler_neuron_neuropil_BP_CA2srres_CA2srcon_KEGG.csv","results_source_data_04_differential_expression_enrichment_clusterProfiler_neuron_neuropil_BP_CA2srres_CA2srcon_KEGG.csv","csv",68431,"2026-05-27 16:05:43","612bf0dc0371e9472c95d9ea5af2b23da35593999e5fd7052142f5535cbc72d9"
"pride_submission/supplementary_tables/results_source_data_04_differential_expression_enrichment_clusterProfiler_neuron_neuropil_BP_CA2srsus_CA2srcon_full.csv","results_source_data_04_differential_expression_enrichment_clusterProfiler_neuron_neuropil_BP_CA2srsus_CA2srcon_full.csv","csv",1053274,"2026-05-27 16:05:43","c60d75099095af60dabfd6558c35f4e046607c0d76af7dffccfeb9064a1be12f"
"pride_submission/supplementary_tables/results_source_data_04_differential_expression_enrichment_clusterProfiler_neuron_neuropil_BP_CA2srsus_CA2srcon_KEGG.csv","results_source_data_04_differential_expression_enrichment_clusterProfiler_neuron_neuropil_BP_CA2srsus_CA2srcon_KEGG.csv","csv",70618,"2026-05-27 16:05:43","bd63033eb427e2032585b53edc28eb2673b7aaa4925ce8c0337676a71cf96e30"
"pride_submission/supplementary_tables/results_source_data_04_differential_expression_enrichment_clusterProfiler_neuron_neuropil_BP_CA2srsus_CA2srres_full.csv","results_source_data_04_differential_expression_enrichment_clusterProfiler_neuron_neuropil_BP_CA2srsus_CA2srres_full.csv","csv",1085797,"2026-05-27 16:05:44","b5fd2e9108535644c13cf0b08f8c5c934b3d2e9ffe34f74de3760112a165f3c4"
"pride_submission/supplementary_tables/results_source_data_04_differential_expression_enrichment_clusterProfiler_neuron_neuropil_BP_CA2srsus_CA2srres_KEGG.csv","results_source_data_04_differential_expression_enrichment_clusterProfiler_neuron_neuropil_BP_CA2srsus_CA2srres_KEGG.csv","csv",75504,"2026-05-27 16:05:44","4bda5e0eba0e277ca5d2ac30150a899f60e6d3ae98a4593a6ce630999b4b27dc"
"pride_submission/supplementary_tables/results_source_data_04_differential_expression_enrichment_clusterProfiler_neuron_neuropil_BP_CA3sores_CA3socon_full.csv","results_source_data_04_differential_expression_enrichment_clusterProfiler_neuron_neuropil_BP_CA3sores_CA3socon_full.csv","csv",1067694,"2026-05-27 16:05:44","385eb072bc7163a103bfdc9d1aca50e63bb10b95e25413982d00d4a50190a56c"
"pride_submission/supplementary_tables/results_source_data_04_differential_expression_enrichment_clusterProfiler_neuron_neuropil_BP_CA3sores_CA3socon_KEGG.csv","results_source_data_04_differential_expression_enrichment_clusterProfiler_neuron_neuropil_BP_CA3sores_CA3socon_KEGG.csv","csv",69584,"2026-05-27 16:05:45","5911cd21fb8eebe93d58d3a596dccace87bad277485e578a2cc544edf2683f50"
"pride_submission/supplementary_tables/results_source_data_04_differential_expression_enrichment_clusterProfiler_neuron_neuropil_BP_CA3sosus_CA3socon_full.csv","results_source_data_04_differential_expression_enrichment_clusterProfiler_neuron_neuropil_BP_CA3sosus_CA3socon_full.csv","csv",1014133,"2026-05-27 16:05:45","ea35de2276d80e4139526f8c150bd81196d7d13b0dd93a924b0ac43b127d68b5"
"pride_submission/supplementary_tables/results_source_data_04_differential_expression_enrichment_clusterProfiler_neuron_neuropil_BP_CA3sosus_CA3socon_KEGG.csv","results_source_data_04_differential_expression_enrichment_clusterProfiler_neuron_neuropil_BP_CA3sosus_CA3socon_KEGG.csv","csv",70394,"2026-05-27 16:05:45","09933822e292509067d86a5503928791dd72b837fdaec9f409d2e66b1c9f01a7"
"pride_submission/supplementary_tables/results_source_data_04_differential_expression_enrichment_clusterProfiler_neuron_neuropil_BP_CA3sosus_CA3sores_full.csv","results_source_data_04_differential_expression_enrichment_clusterProfiler_neuron_neuropil_BP_CA3sosus_CA3sores_full.csv","csv",1098965,"2026-05-27 16:05:45","fa0c4c782c115a6cf5abdebc9daf83c9b767085a47a2831e6b278808e136b7da"
"pride_submission/supplementary_tables/results_source_data_04_differential_expression_enrichment_clusterProfiler_neuron_neuropil_BP_CA3sosus_CA3sores_KEGG.csv","results_source_data_04_differential_expression_enrichment_clusterProfiler_neuron_neuropil_BP_CA3sosus_CA3sores_KEGG.csv","csv",71296,"2026-05-27 16:05:45","85a48ef804854e7fed64e22fe09839725de532d0954704783af87df20d66a85a"
"pride_submission/supplementary_tables/results_source_data_04_differential_expression_enrichment_clusterProfiler_neuron_neuropil_BP_CA3srres_CA3srcon_full.csv","results_source_data_04_differential_expression_enrichment_clusterProfiler_neuron_neuropil_BP_CA3srres_CA3srcon_full.csv","csv",1010753,"2026-05-27 16:05:45","b85c321c418dcc783aeaace6aced425153b16903128163f6be22fc23bb6886a2"
"pride_submission/supplementary_tables/results_source_data_04_differential_expression_enrichment_clusterProfiler_neuron_neuropil_BP_CA3srres_CA3srcon_KEGG.csv","results_source_data_04_differential_expression_enrichment_clusterProfiler_neuron_neuropil_BP_CA3srres_CA3srcon_KEGG.csv","csv",76267,"2026-05-27 16:05:46","208a2dd17fb53e33933dbc99d5d387d098a70d5fc25bdfe4a024bc55c26d601a"
"pride_submission/supplementary_tables/results_source_data_04_differential_expression_enrichment_clusterProfiler_neuron_neuropil_BP_CA3srsus_CA3srcon_full.csv","results_source_data_04_differential_expression_enrichment_clusterProfiler_neuron_neuropil_BP_CA3srsus_CA3srcon_full.csv","csv",1078533,"2026-05-27 16:05:46","a9b1950853ca5c6da30e1cbb1bd8d01c0dd06e0321ae86cc8886aaf631081910"
"pride_submission/supplementary_tables/results_source_data_04_differential_expression_enrichment_clusterProfiler_neuron_neuropil_BP_CA3srsus_CA3srcon_KEGG.csv","results_source_data_04_differential_expression_enrichment_clusterProfiler_neuron_neuropil_BP_CA3srsus_CA3srcon_KEGG.csv","csv",67976,"2026-05-27 16:05:46","d687dac8433289df1bb6fdda42a0eab3abd8a04206c9f7288282e552be7294b7"
"pride_submission/supplementary_tables/results_source_data_04_differential_expression_enrichment_clusterProfiler_neuron_neuropil_BP_CA3srsus_CA3srres_full.csv","results_source_data_04_differential_expression_enrichment_clusterProfiler_neuron_neuropil_BP_CA3srsus_CA3srres_full.csv","csv",1123946,"2026-05-27 16:05:46","d74f0b22578c7ab9e22a0462a16800274027a8cc2991917b3b7a2e399b0040d8"
"pride_submission/supplementary_tables/results_source_data_04_differential_expression_enrichment_clusterProfiler_neuron_neuropil_BP_CA3srsus_CA3srres_KEGG.csv","results_source_data_04_differential_expression_enrichment_clusterProfiler_neuron_neuropil_BP_CA3srsus_CA3srres_KEGG.csv","csv",77190,"2026-05-27 16:05:46","fb1e1257f19c5941bb5a50ce735234e97e75908f59bc7679f417f698ccd37698"
"pride_submission/supplementary_tables/results_source_data_04_differential_expression_enrichment_clusterProfiler_neuron_neuropil_BP_DGmores_DGmocon_full.csv","results_source_data_04_differential_expression_enrichment_clusterProfiler_neuron_neuropil_BP_DGmores_DGmocon_full.csv","csv",995279,"2026-05-27 16:05:46","f6657eb7388f0465c07fcba7c45e0993cdfb2573c740a8714cf37eb00f09d9d0"
"pride_submission/supplementary_tables/results_source_data_04_differential_expression_enrichment_clusterProfiler_neuron_neuropil_BP_DGmores_DGmocon_KEGG.csv","results_source_data_04_differential_expression_enrichment_clusterProfiler_neuron_neuropil_BP_DGmores_DGmocon_KEGG.csv","csv",72772,"2026-05-27 16:05:46","f2dfdabdb2cb45d99af4d7e11f4b7717a67e62ae09607a0a8e683015ac37b88d"
"pride_submission/supplementary_tables/results_source_data_04_differential_expression_enrichment_clusterProfiler_neuron_neuropil_BP_DGmosus_DGmocon_full.csv","results_source_data_04_differential_expression_enrichment_clusterProfiler_neuron_neuropil_BP_DGmosus_DGmocon_full.csv","csv",930335,"2026-05-27 16:05:47","0770bce296e8e7f803ad046449ea03db728565ad1c12ffa8c20d34b19b44b9b2"
"pride_submission/supplementary_tables/results_source_data_04_differential_expression_enrichment_clusterProfiler_neuron_neuropil_BP_DGmosus_DGmocon_KEGG.csv","results_source_data_04_differential_expression_enrichment_clusterProfiler_neuron_neuropil_BP_DGmosus_DGmocon_KEGG.csv","csv",68362,"2026-05-27 16:05:47","bd57281e13cb356c62aef559c57a00859e7d63422bab9f97dfa2a12001fa8b6f"
"pride_submission/supplementary_tables/results_source_data_04_differential_expression_enrichment_clusterProfiler_neuron_neuropil_BP_DGmosus_DGmores_full.csv","results_source_data_04_differential_expression_enrichment_clusterProfiler_neuron_neuropil_BP_DGmosus_DGmores_full.csv","csv",1046126,"2026-05-27 16:05:47","29b37e6abf3a3ecafd889b04a2cfac708fa6ce67cf32cefc60350f68b1a32d06"
"pride_submission/supplementary_tables/results_source_data_04_differential_expression_enrichment_clusterProfiler_neuron_neuropil_BP_DGmosus_DGmores_KEGG.csv","results_source_data_04_differential_expression_enrichment_clusterProfiler_neuron_neuropil_BP_DGmosus_DGmores_KEGG.csv","csv",77880,"2026-05-27 16:05:47","1b9f48ee6f990985820949b6d0cc1a25a4498dd81cf9ae861bffea1030356171"
"pride_submission/supplementary_tables/results_source_data_04_differential_expression_enrichment_clusterProfiler_neuron_neuropil_BP_DGpores_DGpocon_full.csv","results_source_data_04_differential_expression_enrichment_clusterProfiler_neuron_neuropil_BP_DGpores_DGpocon_full.csv","csv",1120195,"2026-05-27 16:05:47","f995a37efbc44977203066628e49588ff6093a431dad40246a4775c2783707df"
"pride_submission/supplementary_tables/results_source_data_04_differential_expression_enrichment_clusterProfiler_neuron_neuropil_BP_DGpores_DGpocon_KEGG.csv","results_source_data_04_differential_expression_enrichment_clusterProfiler_neuron_neuropil_BP_DGpores_DGpocon_KEGG.csv","csv",76932,"2026-05-27 16:05:47","fa8bcd4574d4a1af535d8a22197f98f6e3f62e69ea1109bf603a1a1be4f16846"
"pride_submission/supplementary_tables/results_source_data_04_differential_expression_enrichment_clusterProfiler_neuron_neuropil_BP_DGposus_DGpocon_full.csv","results_source_data_04_differential_expression_enrichment_clusterProfiler_neuron_neuropil_BP_DGposus_DGpocon_full.csv","csv",1019326,"2026-05-27 16:05:47","56ee85d5f963cefb2608a023c4d87797f017f20f5043a63328364f674b4636da"
"pride_submission/supplementary_tables/results_source_data_04_differential_expression_enrichment_clusterProfiler_neuron_neuropil_BP_DGposus_DGpocon_KEGG.csv","results_source_data_04_differential_expression_enrichment_clusterProfiler_neuron_neuropil_BP_DGposus_DGpocon_KEGG.csv","csv",64677,"2026-05-27 16:05:47","ea271568a546850a48c8ccc42c42dddd0f1dc4b591c42385a44a74b3494ada83"
"pride_submission/supplementary_tables/results_source_data_04_differential_expression_enrichment_clusterProfiler_neuron_neuropil_BP_DGposus_DGpores_full.csv","results_source_data_04_differential_expression_enrichment_clusterProfiler_neuron_neuropil_BP_DGposus_DGpores_full.csv","csv",1174615,"2026-05-27 16:05:48","a876db5fc782b9599b9b96226e9dd1f9c5b4949d4568ba0bb86ccb4fc87a6dae"
"pride_submission/supplementary_tables/results_source_data_04_differential_expression_enrichment_clusterProfiler_neuron_neuropil_BP_DGposus_DGpores_KEGG.csv","results_source_data_04_differential_expression_enrichment_clusterProfiler_neuron_neuropil_BP_DGposus_DGpores_KEGG.csv","csv",77001,"2026-05-27 16:05:48","46613cc2ff02d027bea144a2b2339b66df960591aa349ac647cbce6ba57588c2"
"pride_submission/supplementary_tables/results_source_data_04_differential_expression_enrichment_clusterProfiler_neuron_neuropil_BP_phenotype_within_unit_CA1_slm_CA1slmres_CA1slmcon_full.csv","results_source_data_04_differential_expression_enrichment_clusterProfiler_neuron_neuropil_BP_phenotype_within_unit_CA1_slm_CA1slmres_CA1slmcon_full.csv","csv",1053955,"2026-05-27 16:05:48","7a853c24bc93719fdec0382f313982d2c3a4f441b01fe1a2f3d1de87833aefe8"
"pride_submission/supplementary_tables/results_source_data_04_differential_expression_enrichment_clusterProfiler_neuron_neuropil_BP_phenotype_within_unit_CA1_slm_CA1slmres_CA1slmcon_KEGG.csv","results_source_data_04_differential_expression_enrichment_clusterProfiler_neuron_neuropil_BP_phenotype_within_unit_CA1_slm_CA1slmres_CA1slmcon_KEGG.csv","csv",67343,"2026-05-27 16:05:48","d6b14ccc56792580861d7753080e9af104679bf3246ea78c42006dabe94a11d3"
"pride_submission/supplementary_tables/results_source_data_04_differential_expression_enrichment_clusterProfiler_neuron_neuropil_BP_phenotype_within_unit_CA1_slm_CA1slmsus_CA1slmcon_full.csv","results_source_data_04_differential_expression_enrichment_clusterProfiler_neuron_neuropil_BP_phenotype_within_unit_CA1_slm_CA1slmsus_CA1slmcon_full.csv","csv",1135399,"2026-05-27 16:05:48","f2690c73cea0b8eccc08511b090d295dd770c596dfd8949c504718657a093ad8"
"pride_submission/supplementary_tables/results_source_data_04_differential_expression_enrichment_clusterProfiler_neuron_neuropil_BP_phenotype_within_unit_CA1_slm_CA1slmsus_CA1slmcon_KEGG.csv","results_source_data_04_differential_expression_enrichment_clusterProfiler_neuron_neuropil_BP_phenotype_within_unit_CA1_slm_CA1slmsus_CA1slmcon_KEGG.csv","csv",76206,"2026-05-27 16:05:48","fabe8b1913e2a47c1447ea601f0af9023db7486c35292cd2aba8cdcb48103375"
"pride_submission/supplementary_tables/results_source_data_04_differential_expression_enrichment_clusterProfiler_neuron_neuropil_BP_phenotype_within_unit_CA1_slm_CA1slmsus_CA1slmres_full.csv","results_source_data_04_differential_expression_enrichment_clusterProfiler_neuron_neuropil_BP_phenotype_within_unit_CA1_slm_CA1slmsus_CA1slmres_full.csv","csv",1095452,"2026-05-27 16:05:49","e5ced19d6cbef480907afe060b1cc0d521e7d0d86738aeb84400a4c6d3985d76"
"pride_submission/supplementary_tables/results_source_data_04_differential_expression_enrichment_clusterProfiler_neuron_neuropil_BP_phenotype_within_unit_CA1_slm_CA1slmsus_CA1slmres_KEGG.csv","results_source_data_04_differential_expression_enrichment_clusterProfiler_neuron_neuropil_BP_phenotype_within_unit_CA1_slm_CA1slmsus_CA1slmres_KEGG.csv","csv",77709,"2026-05-27 16:05:49","61a526c9b56d50f93c2ff89f97076f95878c8be4f93afbe48f0d2c9af982c956"
"pride_submission/supplementary_tables/results_source_data_04_differential_expression_enrichment_clusterProfiler_neuron_neuropil_BP_phenotype_within_unit_CA1_so_CA1sores_CA1socon_full.csv","results_source_data_04_differential_expression_enrichment_clusterProfiler_neuron_neuropil_BP_phenotype_within_unit_CA1_so_CA1sores_CA1socon_full.csv","csv",1011168,"2026-05-27 16:05:49","0af7b9afadea0a38aee5a00030d32ed12cd7a70c0bef306649d2f8cf2b873f07"
"pride_submission/supplementary_tables/results_source_data_04_differential_expression_enrichment_clusterProfiler_neuron_neuropil_BP_phenotype_within_unit_CA1_so_CA1sores_CA1socon_KEGG.csv","results_source_data_04_differential_expression_enrichment_clusterProfiler_neuron_neuropil_BP_phenotype_within_unit_CA1_so_CA1sores_CA1socon_KEGG.csv","csv",70092,"2026-05-27 16:05:49","d0e56aea4b21ade36dac57345c0848caa292637a4b14d18ddd39cbb274fd1059"
"pride_submission/supplementary_tables/results_source_data_04_differential_expression_enrichment_clusterProfiler_neuron_neuropil_BP_phenotype_within_unit_CA1_so_CA1sosus_CA1socon_full.csv","results_source_data_04_differential_expression_enrichment_clusterProfiler_neuron_neuropil_BP_phenotype_within_unit_CA1_so_CA1sosus_CA1socon_full.csv","csv",928251,"2026-05-27 16:05:49","998d8f60a94a38df60e9ffdb0d99718805d86bbe13aa0effe6d07c301b4ef217"
"pride_submission/supplementary_tables/results_source_data_04_differential_expression_enrichment_clusterProfiler_neuron_neuropil_BP_phenotype_within_unit_CA1_so_CA1sosus_CA1socon_KEGG.csv","results_source_data_04_differential_expression_enrichment_clusterProfiler_neuron_neuropil_BP_phenotype_within_unit_CA1_so_CA1sosus_CA1socon_KEGG.csv","csv",62532,"2026-05-27 16:05:49","163da9493c9faecee4b0f52380e0de47f3927e7b9b1aff378e607b0ce3a0b238"
"pride_submission/supplementary_tables/results_source_data_04_differential_expression_enrichment_clusterProfiler_neuron_neuropil_BP_phenotype_within_unit_CA1_so_CA1sosus_CA1sores_full.csv","results_source_data_04_differential_expression_enrichment_clusterProfiler_neuron_neuropil_BP_phenotype_within_unit_CA1_so_CA1sosus_CA1sores_full.csv","csv",1051082,"2026-05-27 16:05:50","a173836afedf750b6e43ffa4d17e3b221f5247b571b76fd429e7732ef38348a0"
"pride_submission/supplementary_tables/results_source_data_04_differential_expression_enrichment_clusterProfiler_neuron_neuropil_BP_phenotype_within_unit_CA1_so_CA1sosus_CA1sores_KEGG.csv","results_source_data_04_differential_expression_enrichment_clusterProfiler_neuron_neuropil_BP_phenotype_within_unit_CA1_so_CA1sosus_CA1sores_KEGG.csv","csv",68811,"2026-05-27 16:05:50","80927d382605a9167e6d35292c420962c26072206d85a987473eed41a5a004c8"
"pride_submission/supplementary_tables/results_source_data_04_differential_expression_enrichment_clusterProfiler_neuron_neuropil_BP_phenotype_within_unit_CA1_sr_CA1srres_CA1srcon_full.csv","results_source_data_04_differential_expression_enrichment_clusterProfiler_neuron_neuropil_BP_phenotype_within_unit_CA1_sr_CA1srres_CA1srcon_full.csv","csv",936856,"2026-05-27 16:05:50","d5648c574967752e5588a34a1cb9cadbf03c38df9a6bfdcc400ee839a9079dd8"
"pride_submission/supplementary_tables/results_source_data_04_differential_expression_enrichment_clusterProfiler_neuron_neuropil_BP_phenotype_within_unit_CA1_sr_CA1srres_CA1srcon_KEGG.csv","results_source_data_04_differential_expression_enrichment_clusterProfiler_neuron_neuropil_BP_phenotype_within_unit_CA1_sr_CA1srres_CA1srcon_KEGG.csv","csv",63722,"2026-05-27 16:05:50","deb3895caf90717e91de0b8fd01bfd0d5a47eb991aab71e463b0c701b8fc80b5"
"pride_submission/supplementary_tables/results_source_data_04_differential_expression_enrichment_clusterProfiler_neuron_neuropil_BP_phenotype_within_unit_CA1_sr_CA1srsus_CA1srcon_full.csv","results_source_data_04_differential_expression_enrichment_clusterProfiler_neuron_neuropil_BP_phenotype_within_unit_CA1_sr_CA1srsus_CA1srcon_full.csv","csv",987580,"2026-05-27 16:05:50","76d7b434235e6e53b7513cc71bd57a48e597ce701fa2de3cec2ac30f10102912"
"pride_submission/supplementary_tables/results_source_data_04_differential_expression_enrichment_clusterProfiler_neuron_neuropil_BP_phenotype_within_unit_CA1_sr_CA1srsus_CA1srcon_KEGG.csv","results_source_data_04_differential_expression_enrichment_clusterProfiler_neuron_neuropil_BP_phenotype_within_unit_CA1_sr_CA1srsus_CA1srcon_KEGG.csv","csv",72677,"2026-05-27 16:05:50","ef82e24c465c270739ee92ade965800ce135cf11f810ab169bad5e37d48f24c7"
"pride_submission/supplementary_tables/results_source_data_04_differential_expression_enrichment_clusterProfiler_neuron_neuropil_BP_phenotype_within_unit_CA1_sr_CA1srsus_CA1srres_full.csv","results_source_data_04_differential_expression_enrichment_clusterProfiler_neuron_neuropil_BP_phenotype_within_unit_CA1_sr_CA1srsus_CA1srres_full.csv","csv",1035030,"2026-05-27 16:05:50","5cd65a45141e9291f81a5fc93c30406b1d5e168afa1d50bd5af972ad8e573b5e"
"pride_submission/supplementary_tables/results_source_data_04_differential_expression_enrichment_clusterProfiler_neuron_neuropil_BP_phenotype_within_unit_CA1_sr_CA1srsus_CA1srres_KEGG.csv","results_source_data_04_differential_expression_enrichment_clusterProfiler_neuron_neuropil_BP_phenotype_within_unit_CA1_sr_CA1srsus_CA1srres_KEGG.csv","csv",75076,"2026-05-27 16:05:50","35809c595748dd2fa9688bfb25d6f47e3bb251cf130ad515265e2ac4b2b58039"
"pride_submission/supplementary_tables/results_source_data_04_differential_expression_enrichment_clusterProfiler_neuron_neuropil_BP_phenotype_within_unit_CA2_slm_CA2slmres_CA2slmcon_full.csv","results_source_data_04_differential_expression_enrichment_clusterProfiler_neuron_neuropil_BP_phenotype_within_unit_CA2_slm_CA2slmres_CA2slmcon_full.csv","csv",1066553,"2026-05-27 16:05:51","b59bff4a1087a3112db5c20288951ca98d637b8e6867c5198b08f22bc258f24f"
"pride_submission/supplementary_tables/results_source_data_04_differential_expression_enrichment_clusterProfiler_neuron_neuropil_BP_phenotype_within_unit_CA2_slm_CA2slmres_CA2slmcon_KEGG.csv","results_source_data_04_differential_expression_enrichment_clusterProfiler_neuron_neuropil_BP_phenotype_within_unit_CA2_slm_CA2slmres_CA2slmcon_KEGG.csv","csv",63181,"2026-05-27 16:05:51","aa39c0848241738621ed7da3b033529e4592a9d9b9ab0ab75c6707ce7ec1b422"
"pride_submission/supplementary_tables/results_source_data_04_differential_expression_enrichment_clusterProfiler_neuron_neuropil_BP_phenotype_within_unit_CA2_slm_CA2slmsus_CA2slmcon_full.csv","results_source_data_04_differential_expression_enrichment_clusterProfiler_neuron_neuropil_BP_phenotype_within_unit_CA2_slm_CA2slmsus_CA2slmcon_full.csv","csv",1158329,"2026-05-27 16:05:51","ac13474a91a877e040e82d734a531a59a606ce6db53159b5234219aeddc9a289"
"pride_submission/supplementary_tables/results_source_data_04_differential_expression_enrichment_clusterProfiler_neuron_neuropil_BP_phenotype_within_unit_CA2_slm_CA2slmsus_CA2slmcon_KEGG.csv","results_source_data_04_differential_expression_enrichment_clusterProfiler_neuron_neuropil_BP_phenotype_within_unit_CA2_slm_CA2slmsus_CA2slmcon_KEGG.csv","csv",85345,"2026-05-27 16:05:51","f37f97d60839264f3fbf8e8e21d0cf14a796ed5c022d7099bb0426f68adae88c"
"pride_submission/supplementary_tables/results_source_data_04_differential_expression_enrichment_clusterProfiler_neuron_neuropil_BP_phenotype_within_unit_CA2_slm_CA2slmsus_CA2slmres_full.csv","results_source_data_04_differential_expression_enrichment_clusterProfiler_neuron_neuropil_BP_phenotype_within_unit_CA2_slm_CA2slmsus_CA2slmres_full.csv","csv",1236571,"2026-05-27 16:05:51","909c39bb8b6e90ec375860823dedc6a72e203b98e7c5be6b8635444c08adc257"
"pride_submission/supplementary_tables/results_source_data_04_differential_expression_enrichment_clusterProfiler_neuron_neuropil_BP_phenotype_within_unit_CA2_slm_CA2slmsus_CA2slmres_KEGG.csv","results_source_data_04_differential_expression_enrichment_clusterProfiler_neuron_neuropil_BP_phenotype_within_unit_CA2_slm_CA2slmsus_CA2slmres_KEGG.csv","csv",90775,"2026-05-27 16:05:51","ce464e2dd684807101fae4872a057259c6098e821d3ea2930b7ba684033b02b9"
"pride_submission/supplementary_tables/results_source_data_04_differential_expression_enrichment_clusterProfiler_neuron_neuropil_BP_phenotype_within_unit_CA2_so_CA2sores_CA2socon_full.csv","results_source_data_04_differential_expression_enrichment_clusterProfiler_neuron_neuropil_BP_phenotype_within_unit_CA2_so_CA2sores_CA2socon_full.csv","csv",981025,"2026-05-27 16:05:51","ff0fa64d69b950b4d4a006c5e7d1119fd599305e669848b20e7943c990db4559"
"pride_submission/supplementary_tables/results_source_data_04_differential_expression_enrichment_clusterProfiler_neuron_neuropil_BP_phenotype_within_unit_CA2_so_CA2sores_CA2socon_KEGG.csv","results_source_data_04_differential_expression_enrichment_clusterProfiler_neuron_neuropil_BP_phenotype_within_unit_CA2_so_CA2sores_CA2socon_KEGG.csv","csv",68536,"2026-05-27 16:05:51","902a3c422af9520b279376c96109144beb36cf10630e1ed69ebf6e3fea1082aa"
"pride_submission/supplementary_tables/results_source_data_04_differential_expression_enrichment_clusterProfiler_neuron_neuropil_BP_phenotype_within_unit_CA2_so_CA2sosus_CA2socon_full.csv","results_source_data_04_differential_expression_enrichment_clusterProfiler_neuron_neuropil_BP_phenotype_within_unit_CA2_so_CA2sosus_CA2socon_full.csv","csv",933641,"2026-05-27 16:05:52","f8cfa1584c393499bd6feb0d6cf24d171240c6d86eeb194fce88695cb7379660"
"pride_submission/supplementary_tables/results_source_data_04_differential_expression_enrichment_clusterProfiler_neuron_neuropil_BP_phenotype_within_unit_CA2_so_CA2sosus_CA2socon_KEGG.csv","results_source_data_04_differential_expression_enrichment_clusterProfiler_neuron_neuropil_BP_phenotype_within_unit_CA2_so_CA2sosus_CA2socon_KEGG.csv","csv",71992,"2026-05-27 16:05:52","e0c7dec9257a158a09d565a367c9c6833a05955b0933d085bcbaf8cfe8bc0f66"
"pride_submission/supplementary_tables/results_source_data_04_differential_expression_enrichment_clusterProfiler_neuron_neuropil_BP_phenotype_within_unit_CA2_so_CA2sosus_CA2sores_full.csv","results_source_data_04_differential_expression_enrichment_clusterProfiler_neuron_neuropil_BP_phenotype_within_unit_CA2_so_CA2sosus_CA2sores_full.csv","csv",996185,"2026-05-27 16:05:52","eef5f2b558eaee7275fd1463b19cb64d4547c5c8dc101981137370fd6b229d19"
"pride_submission/supplementary_tables/results_source_data_04_differential_expression_enrichment_clusterProfiler_neuron_neuropil_BP_phenotype_within_unit_CA2_so_CA2sosus_CA2sores_KEGG.csv","results_source_data_04_differential_expression_enrichment_clusterProfiler_neuron_neuropil_BP_phenotype_within_unit_CA2_so_CA2sosus_CA2sores_KEGG.csv","csv",67768,"2026-05-27 16:05:52","e6014a6d65cb60e6eb47c2621f27fee810c91e9efdc200c726dacaf14d4c5ef3"
"pride_submission/supplementary_tables/results_source_data_04_differential_expression_enrichment_clusterProfiler_neuron_neuropil_BP_phenotype_within_unit_CA2_sr_CA2srres_CA2srcon_full.csv","results_source_data_04_differential_expression_enrichment_clusterProfiler_neuron_neuropil_BP_phenotype_within_unit_CA2_sr_CA2srres_CA2srcon_full.csv","csv",975730,"2026-05-27 16:05:52","b600fd4e17e7ca619ab6d7f0e0d9749c722529c5031f4f3bc059bef27c9ba1ac"
"pride_submission/supplementary_tables/results_source_data_04_differential_expression_enrichment_clusterProfiler_neuron_neuropil_BP_phenotype_within_unit_CA2_sr_CA2srres_CA2srcon_KEGG.csv","results_source_data_04_differential_expression_enrichment_clusterProfiler_neuron_neuropil_BP_phenotype_within_unit_CA2_sr_CA2srres_CA2srcon_KEGG.csv","csv",68431,"2026-05-27 16:05:52","612bf0dc0371e9472c95d9ea5af2b23da35593999e5fd7052142f5535cbc72d9"
"pride_submission/supplementary_tables/results_source_data_04_differential_expression_enrichment_clusterProfiler_neuron_neuropil_BP_phenotype_within_unit_CA2_sr_CA2srsus_CA2srcon_full.csv","results_source_data_04_differential_expression_enrichment_clusterProfiler_neuron_neuropil_BP_phenotype_within_unit_CA2_sr_CA2srsus_CA2srcon_full.csv","csv",1053274,"2026-05-27 16:05:52","c60d75099095af60dabfd6558c35f4e046607c0d76af7dffccfeb9064a1be12f"
"pride_submission/supplementary_tables/results_source_data_04_differential_expression_enrichment_clusterProfiler_neuron_neuropil_BP_phenotype_within_unit_CA2_sr_CA2srsus_CA2srcon_KEGG.csv","results_source_data_04_differential_expression_enrichment_clusterProfiler_neuron_neuropil_BP_phenotype_within_unit_CA2_sr_CA2srsus_CA2srcon_KEGG.csv","csv",70618,"2026-05-27 16:05:53","bd63033eb427e2032585b53edc28eb2673b7aaa4925ce8c0337676a71cf96e30"
"pride_submission/supplementary_tables/results_source_data_04_differential_expression_enrichment_clusterProfiler_neuron_neuropil_BP_phenotype_within_unit_CA2_sr_CA2srsus_CA2srres_full.csv","results_source_data_04_differential_expression_enrichment_clusterProfiler_neuron_neuropil_BP_phenotype_within_unit_CA2_sr_CA2srsus_CA2srres_full.csv","csv",1085797,"2026-05-27 16:05:53","b5fd2e9108535644c13cf0b08f8c5c934b3d2e9ffe34f74de3760112a165f3c4"
"pride_submission/supplementary_tables/results_source_data_04_differential_expression_enrichment_clusterProfiler_neuron_neuropil_BP_phenotype_within_unit_CA2_sr_CA2srsus_CA2srres_KEGG.csv","results_source_data_04_differential_expression_enrichment_clusterProfiler_neuron_neuropil_BP_phenotype_within_unit_CA2_sr_CA2srsus_CA2srres_KEGG.csv","csv",75504,"2026-05-27 16:05:53","4bda5e0eba0e277ca5d2ac30150a899f60e6d3ae98a4593a6ce630999b4b27dc"
"pride_submission/supplementary_tables/results_source_data_04_differential_expression_enrichment_clusterProfiler_neuron_neuropil_BP_phenotype_within_unit_CA3_so_CA3sores_CA3socon_full.csv","results_source_data_04_differential_expression_enrichment_clusterProfiler_neuron_neuropil_BP_phenotype_within_unit_CA3_so_CA3sores_CA3socon_full.csv","csv",1067694,"2026-05-27 16:05:53","385eb072bc7163a103bfdc9d1aca50e63bb10b95e25413982d00d4a50190a56c"
"pride_submission/supplementary_tables/results_source_data_04_differential_expression_enrichment_clusterProfiler_neuron_neuropil_BP_phenotype_within_unit_CA3_so_CA3sores_CA3socon_KEGG.csv","results_source_data_04_differential_expression_enrichment_clusterProfiler_neuron_neuropil_BP_phenotype_within_unit_CA3_so_CA3sores_CA3socon_KEGG.csv","csv",69584,"2026-05-27 16:05:53","5911cd21fb8eebe93d58d3a596dccace87bad277485e578a2cc544edf2683f50"
"pride_submission/supplementary_tables/results_source_data_04_differential_expression_enrichment_clusterProfiler_neuron_neuropil_BP_phenotype_within_unit_CA3_so_CA3sosus_CA3socon_full.csv","results_source_data_04_differential_expression_enrichment_clusterProfiler_neuron_neuropil_BP_phenotype_within_unit_CA3_so_CA3sosus_CA3socon_full.csv","csv",1014133,"2026-05-27 16:05:53","ea35de2276d80e4139526f8c150bd81196d7d13b0dd93a924b0ac43b127d68b5"
"pride_submission/supplementary_tables/results_source_data_04_differential_expression_enrichment_clusterProfiler_neuron_neuropil_BP_phenotype_within_unit_CA3_so_CA3sosus_CA3socon_KEGG.csv","results_source_data_04_differential_expression_enrichment_clusterProfiler_neuron_neuropil_BP_phenotype_within_unit_CA3_so_CA3sosus_CA3socon_KEGG.csv","csv",70394,"2026-05-27 16:05:53","09933822e292509067d86a5503928791dd72b837fdaec9f409d2e66b1c9f01a7"
"pride_submission/supplementary_tables/results_source_data_04_differential_expression_enrichment_clusterProfiler_neuron_neuropil_BP_phenotype_within_unit_CA3_so_CA3sosus_CA3sores_full.csv","results_source_data_04_differential_expression_enrichment_clusterProfiler_neuron_neuropil_BP_phenotype_within_unit_CA3_so_CA3sosus_CA3sores_full.csv","csv",1098965,"2026-05-27 16:05:53","fa0c4c782c115a6cf5abdebc9daf83c9b767085a47a2831e6b278808e136b7da"
"pride_submission/supplementary_tables/results_source_data_04_differential_expression_enrichment_clusterProfiler_neuron_neuropil_BP_phenotype_within_unit_CA3_so_CA3sosus_CA3sores_KEGG.csv","results_source_data_04_differential_expression_enrichment_clusterProfiler_neuron_neuropil_BP_phenotype_within_unit_CA3_so_CA3sosus_CA3sores_KEGG.csv","csv",71296,"2026-05-27 16:05:54","85a48ef804854e7fed64e22fe09839725de532d0954704783af87df20d66a85a"
"pride_submission/supplementary_tables/results_source_data_04_differential_expression_enrichment_clusterProfiler_neuron_neuropil_BP_phenotype_within_unit_CA3_sr_CA3srres_CA3srcon_full.csv","results_source_data_04_differential_expression_enrichment_clusterProfiler_neuron_neuropil_BP_phenotype_within_unit_CA3_sr_CA3srres_CA3srcon_full.csv","csv",1010753,"2026-05-27 16:05:54","b85c321c418dcc783aeaace6aced425153b16903128163f6be22fc23bb6886a2"
"pride_submission/supplementary_tables/results_source_data_04_differential_expression_enrichment_clusterProfiler_neuron_neuropil_BP_phenotype_within_unit_CA3_sr_CA3srres_CA3srcon_KEGG.csv","results_source_data_04_differential_expression_enrichment_clusterProfiler_neuron_neuropil_BP_phenotype_within_unit_CA3_sr_CA3srres_CA3srcon_KEGG.csv","csv",76267,"2026-05-27 16:05:54","208a2dd17fb53e33933dbc99d5d387d098a70d5fc25bdfe4a024bc55c26d601a"
"pride_submission/supplementary_tables/results_source_data_04_differential_expression_enrichment_clusterProfiler_neuron_neuropil_BP_phenotype_within_unit_CA3_sr_CA3srsus_CA3srcon_full.csv","results_source_data_04_differential_expression_enrichment_clusterProfiler_neuron_neuropil_BP_phenotype_within_unit_CA3_sr_CA3srsus_CA3srcon_full.csv","csv",1078533,"2026-05-27 16:05:54","a9b1950853ca5c6da30e1cbb1bd8d01c0dd06e0321ae86cc8886aaf631081910"
"pride_submission/supplementary_tables/results_source_data_04_differential_expression_enrichment_clusterProfiler_neuron_neuropil_BP_phenotype_within_unit_CA3_sr_CA3srsus_CA3srcon_KEGG.csv","results_source_data_04_differential_expression_enrichment_clusterProfiler_neuron_neuropil_BP_phenotype_within_unit_CA3_sr_CA3srsus_CA3srcon_KEGG.csv","csv",67976,"2026-05-27 16:05:54","d687dac8433289df1bb6fdda42a0eab3abd8a04206c9f7288282e552be7294b7"
"pride_submission/supplementary_tables/results_source_data_04_differential_expression_enrichment_clusterProfiler_neuron_neuropil_BP_phenotype_within_unit_CA3_sr_CA3srsus_CA3srres_full.csv","results_source_data_04_differential_expression_enrichment_clusterProfiler_neuron_neuropil_BP_phenotype_within_unit_CA3_sr_CA3srsus_CA3srres_full.csv","csv",1123946,"2026-05-27 16:05:54","d74f0b22578c7ab9e22a0462a16800274027a8cc2991917b3b7a2e399b0040d8"
"pride_submission/supplementary_tables/results_source_data_04_differential_expression_enrichment_clusterProfiler_neuron_neuropil_BP_phenotype_within_unit_CA3_sr_CA3srsus_CA3srres_KEGG.csv","results_source_data_04_differential_expression_enrichment_clusterProfiler_neuron_neuropil_BP_phenotype_within_unit_CA3_sr_CA3srsus_CA3srres_KEGG.csv","csv",77190,"2026-05-27 16:05:54","fb1e1257f19c5941bb5a50ce735234e97e75908f59bc7679f417f698ccd37698"
"pride_submission/supplementary_tables/results_source_data_04_differential_expression_enrichment_clusterProfiler_neuron_neuropil_BP_phenotype_within_unit_DG_mo_DGmores_DGmocon_full.csv","results_source_data_04_differential_expression_enrichment_clusterProfiler_neuron_neuropil_BP_phenotype_within_unit_DG_mo_DGmores_DGmocon_full.csv","csv",995279,"2026-05-27 16:05:54","f6657eb7388f0465c07fcba7c45e0993cdfb2573c740a8714cf37eb00f09d9d0"
"pride_submission/supplementary_tables/results_source_data_04_differential_expression_enrichment_clusterProfiler_neuron_neuropil_BP_phenotype_within_unit_DG_mo_DGmores_DGmocon_KEGG.csv","results_source_data_04_differential_expression_enrichment_clusterProfiler_neuron_neuropil_BP_phenotype_within_unit_DG_mo_DGmores_DGmocon_KEGG.csv","csv",72772,"2026-05-27 16:05:55","f2dfdabdb2cb45d99af4d7e11f4b7717a67e62ae09607a0a8e683015ac37b88d"
"pride_submission/supplementary_tables/results_source_data_04_differential_expression_enrichment_clusterProfiler_neuron_neuropil_BP_phenotype_within_unit_DG_mo_DGmosus_DGmocon_full.csv","results_source_data_04_differential_expression_enrichment_clusterProfiler_neuron_neuropil_BP_phenotype_within_unit_DG_mo_DGmosus_DGmocon_full.csv","csv",930335,"2026-05-27 16:05:55","0770bce296e8e7f803ad046449ea03db728565ad1c12ffa8c20d34b19b44b9b2"
"pride_submission/supplementary_tables/results_source_data_04_differential_expression_enrichment_clusterProfiler_neuron_neuropil_BP_phenotype_within_unit_DG_mo_DGmosus_DGmocon_KEGG.csv","results_source_data_04_differential_expression_enrichment_clusterProfiler_neuron_neuropil_BP_phenotype_within_unit_DG_mo_DGmosus_DGmocon_KEGG.csv","csv",68362,"2026-05-27 16:05:55","bd57281e13cb356c62aef559c57a00859e7d63422bab9f97dfa2a12001fa8b6f"
"pride_submission/supplementary_tables/results_source_data_04_differential_expression_enrichment_clusterProfiler_neuron_neuropil_BP_phenotype_within_unit_DG_mo_DGmosus_DGmores_full.csv","results_source_data_04_differential_expression_enrichment_clusterProfiler_neuron_neuropil_BP_phenotype_within_unit_DG_mo_DGmosus_DGmores_full.csv","csv",1046126,"2026-05-27 16:05:55","29b37e6abf3a3ecafd889b04a2cfac708fa6ce67cf32cefc60350f68b1a32d06"
"pride_submission/supplementary_tables/results_source_data_04_differential_expression_enrichment_clusterProfiler_neuron_neuropil_BP_phenotype_within_unit_DG_mo_DGmosus_DGmores_KEGG.csv","results_source_data_04_differential_expression_enrichment_clusterProfiler_neuron_neuropil_BP_phenotype_within_unit_DG_mo_DGmosus_DGmores_KEGG.csv","csv",77880,"2026-05-27 16:05:55","1b9f48ee6f990985820949b6d0cc1a25a4498dd81cf9ae861bffea1030356171"
"pride_submission/supplementary_tables/results_source_data_04_differential_expression_enrichment_clusterProfiler_neuron_neuropil_BP_phenotype_within_unit_DG_po_DGpores_DGpocon_full.csv","results_source_data_04_differential_expression_enrichment_clusterProfiler_neuron_neuropil_BP_phenotype_within_unit_DG_po_DGpores_DGpocon_full.csv","csv",1120195,"2026-05-27 16:05:55","f995a37efbc44977203066628e49588ff6093a431dad40246a4775c2783707df"
"pride_submission/supplementary_tables/results_source_data_04_differential_expression_enrichment_clusterProfiler_neuron_neuropil_BP_phenotype_within_unit_DG_po_DGpores_DGpocon_KEGG.csv","results_source_data_04_differential_expression_enrichment_clusterProfiler_neuron_neuropil_BP_phenotype_within_unit_DG_po_DGpores_DGpocon_KEGG.csv","csv",76932,"2026-05-27 16:05:56","fa8bcd4574d4a1af535d8a22197f98f6e3f62e69ea1109bf603a1a1be4f16846"
"pride_submission/supplementary_tables/results_source_data_04_differential_expression_enrichment_clusterProfiler_neuron_neuropil_BP_phenotype_within_unit_DG_po_DGposus_DGpocon_full.csv","results_source_data_04_differential_expression_enrichment_clusterProfiler_neuron_neuropil_BP_phenotype_within_unit_DG_po_DGposus_DGpocon_full.csv","csv",1019326,"2026-05-27 16:05:56","56ee85d5f963cefb2608a023c4d87797f017f20f5043a63328364f674b4636da"
"pride_submission/supplementary_tables/results_source_data_04_differential_expression_enrichment_clusterProfiler_neuron_neuropil_BP_phenotype_within_unit_DG_po_DGposus_DGpocon_KEGG.csv","results_source_data_04_differential_expression_enrichment_clusterProfiler_neuron_neuropil_BP_phenotype_within_unit_DG_po_DGposus_DGpocon_KEGG.csv","csv",64677,"2026-05-27 16:05:56","ea271568a546850a48c8ccc42c42dddd0f1dc4b591c42385a44a74b3494ada83"
"pride_submission/supplementary_tables/results_source_data_04_differential_expression_enrichment_clusterProfiler_neuron_neuropil_BP_phenotype_within_unit_DG_po_DGposus_DGpores_full.csv","results_source_data_04_differential_expression_enrichment_clusterProfiler_neuron_neuropil_BP_phenotype_within_unit_DG_po_DGposus_DGpores_full.csv","csv",1174615,"2026-05-27 16:05:56","a876db5fc782b9599b9b96226e9dd1f9c5b4949d4568ba0bb86ccb4fc87a6dae"
"pride_submission/supplementary_tables/results_source_data_04_differential_expression_enrichment_clusterProfiler_neuron_neuropil_BP_phenotype_within_unit_DG_po_DGposus_DGpores_KEGG.csv","results_source_data_04_differential_expression_enrichment_clusterProfiler_neuron_neuropil_BP_phenotype_within_unit_DG_po_DGposus_DGpores_KEGG.csv","csv",77001,"2026-05-27 16:05:56","46613cc2ff02d027bea144a2b2339b66df960591aa349ac647cbce6ba57588c2"
"pride_submission/supplementary_tables/results_source_data_04_differential_expression_enrichment_clusterProfiler_neuron_neuropil_KEGG_CA1slmres_CA1slmcon_KEGG.csv","results_source_data_04_differential_expression_enrichment_clusterProfiler_neuron_neuropil_KEGG_CA1slmres_CA1slmcon_KEGG.csv","csv",67343,"2026-05-27 16:05:56","d6b14ccc56792580861d7753080e9af104679bf3246ea78c42006dabe94a11d3"
"pride_submission/supplementary_tables/results_source_data_04_differential_expression_enrichment_clusterProfiler_neuron_neuropil_KEGG_CA1slmsus_CA1slmcon_KEGG.csv","results_source_data_04_differential_expression_enrichment_clusterProfiler_neuron_neuropil_KEGG_CA1slmsus_CA1slmcon_KEGG.csv","csv",76206,"2026-05-27 16:05:56","fabe8b1913e2a47c1447ea601f0af9023db7486c35292cd2aba8cdcb48103375"
"pride_submission/supplementary_tables/results_source_data_04_differential_expression_enrichment_clusterProfiler_neuron_neuropil_KEGG_CA1slmsus_CA1slmres_KEGG.csv","results_source_data_04_differential_expression_enrichment_clusterProfiler_neuron_neuropil_KEGG_CA1slmsus_CA1slmres_KEGG.csv","csv",77709,"2026-05-27 16:05:56","61a526c9b56d50f93c2ff89f97076f95878c8be4f93afbe48f0d2c9af982c956"
"pride_submission/supplementary_tables/results_source_data_04_differential_expression_enrichment_clusterProfiler_neuron_neuropil_KEGG_CA1sores_CA1socon_KEGG.csv","results_source_data_04_differential_expression_enrichment_clusterProfiler_neuron_neuropil_KEGG_CA1sores_CA1socon_KEGG.csv","csv",70092,"2026-05-27 16:05:56","d0e56aea4b21ade36dac57345c0848caa292637a4b14d18ddd39cbb274fd1059"
"pride_submission/supplementary_tables/results_source_data_04_differential_expression_enrichment_clusterProfiler_neuron_neuropil_KEGG_CA1sosus_CA1socon_KEGG.csv","results_source_data_04_differential_expression_enrichment_clusterProfiler_neuron_neuropil_KEGG_CA1sosus_CA1socon_KEGG.csv","csv",62532,"2026-05-27 16:05:56","163da9493c9faecee4b0f52380e0de47f3927e7b9b1aff378e607b0ce3a0b238"
"pride_submission/supplementary_tables/results_source_data_04_differential_expression_enrichment_clusterProfiler_neuron_neuropil_KEGG_CA1sosus_CA1sores_KEGG.csv","results_source_data_04_differential_expression_enrichment_clusterProfiler_neuron_neuropil_KEGG_CA1sosus_CA1sores_KEGG.csv","csv",68811,"2026-05-27 16:05:57","80927d382605a9167e6d35292c420962c26072206d85a987473eed41a5a004c8"
"pride_submission/supplementary_tables/results_source_data_04_differential_expression_enrichment_clusterProfiler_neuron_neuropil_KEGG_CA1srres_CA1srcon_KEGG.csv","results_source_data_04_differential_expression_enrichment_clusterProfiler_neuron_neuropil_KEGG_CA1srres_CA1srcon_KEGG.csv","csv",63722,"2026-05-27 16:05:57","deb3895caf90717e91de0b8fd01bfd0d5a47eb991aab71e463b0c701b8fc80b5"
"pride_submission/supplementary_tables/results_source_data_04_differential_expression_enrichment_clusterProfiler_neuron_neuropil_KEGG_CA1srsus_CA1srcon_KEGG.csv","results_source_data_04_differential_expression_enrichment_clusterProfiler_neuron_neuropil_KEGG_CA1srsus_CA1srcon_KEGG.csv","csv",72677,"2026-05-27 16:05:57","ef82e24c465c270739ee92ade965800ce135cf11f810ab169bad5e37d48f24c7"
"pride_submission/supplementary_tables/results_source_data_04_differential_expression_enrichment_clusterProfiler_neuron_neuropil_KEGG_CA1srsus_CA1srres_KEGG.csv","results_source_data_04_differential_expression_enrichment_clusterProfiler_neuron_neuropil_KEGG_CA1srsus_CA1srres_KEGG.csv","csv",75076,"2026-05-27 16:05:57","35809c595748dd2fa9688bfb25d6f47e3bb251cf130ad515265e2ac4b2b58039"
"pride_submission/supplementary_tables/results_source_data_04_differential_expression_enrichment_clusterProfiler_neuron_neuropil_KEGG_CA2slmres_CA2slmcon_KEGG.csv","results_source_data_04_differential_expression_enrichment_clusterProfiler_neuron_neuropil_KEGG_CA2slmres_CA2slmcon_KEGG.csv","csv",63181,"2026-05-27 16:05:57","aa39c0848241738621ed7da3b033529e4592a9d9b9ab0ab75c6707ce7ec1b422"
"pride_submission/supplementary_tables/results_source_data_04_differential_expression_enrichment_clusterProfiler_neuron_neuropil_KEGG_CA2slmsus_CA2slmcon_KEGG.csv","results_source_data_04_differential_expression_enrichment_clusterProfiler_neuron_neuropil_KEGG_CA2slmsus_CA2slmcon_KEGG.csv","csv",85345,"2026-05-27 16:05:57","f37f97d60839264f3fbf8e8e21d0cf14a796ed5c022d7099bb0426f68adae88c"
"pride_submission/supplementary_tables/results_source_data_04_differential_expression_enrichment_clusterProfiler_neuron_neuropil_KEGG_CA2slmsus_CA2slmres_KEGG.csv","results_source_data_04_differential_expression_enrichment_clusterProfiler_neuron_neuropil_KEGG_CA2slmsus_CA2slmres_KEGG.csv","csv",90775,"2026-05-27 16:05:57","ce464e2dd684807101fae4872a057259c6098e821d3ea2930b7ba684033b02b9"
"pride_submission/supplementary_tables/results_source_data_04_differential_expression_enrichment_clusterProfiler_neuron_neuropil_KEGG_CA2sores_CA2socon_KEGG.csv","results_source_data_04_differential_expression_enrichment_clusterProfiler_neuron_neuropil_KEGG_CA2sores_CA2socon_KEGG.csv","csv",68536,"2026-05-27 16:05:57","902a3c422af9520b279376c96109144beb36cf10630e1ed69ebf6e3fea1082aa"
"pride_submission/supplementary_tables/results_source_data_04_differential_expression_enrichment_clusterProfiler_neuron_neuropil_KEGG_CA2sosus_CA2socon_KEGG.csv","results_source_data_04_differential_expression_enrichment_clusterProfiler_neuron_neuropil_KEGG_CA2sosus_CA2socon_KEGG.csv","csv",71992,"2026-05-27 16:05:57","e0c7dec9257a158a09d565a367c9c6833a05955b0933d085bcbaf8cfe8bc0f66"
"pride_submission/supplementary_tables/results_source_data_04_differential_expression_enrichment_clusterProfiler_neuron_neuropil_KEGG_CA2sosus_CA2sores_KEGG.csv","results_source_data_04_differential_expression_enrichment_clusterProfiler_neuron_neuropil_KEGG_CA2sosus_CA2sores_KEGG.csv","csv",67768,"2026-05-27 16:05:57","e6014a6d65cb60e6eb47c2621f27fee810c91e9efdc200c726dacaf14d4c5ef3"
"pride_submission/supplementary_tables/results_source_data_04_differential_expression_enrichment_clusterProfiler_neuron_neuropil_KEGG_CA2srres_CA2srcon_KEGG.csv","results_source_data_04_differential_expression_enrichment_clusterProfiler_neuron_neuropil_KEGG_CA2srres_CA2srcon_KEGG.csv","csv",68431,"2026-05-27 16:05:58","612bf0dc0371e9472c95d9ea5af2b23da35593999e5fd7052142f5535cbc72d9"
"pride_submission/supplementary_tables/results_source_data_04_differential_expression_enrichment_clusterProfiler_neuron_neuropil_KEGG_CA2srsus_CA2srcon_KEGG.csv","results_source_data_04_differential_expression_enrichment_clusterProfiler_neuron_neuropil_KEGG_CA2srsus_CA2srcon_KEGG.csv","csv",70618,"2026-05-27 16:05:58","bd63033eb427e2032585b53edc28eb2673b7aaa4925ce8c0337676a71cf96e30"
"pride_submission/supplementary_tables/results_source_data_04_differential_expression_enrichment_clusterProfiler_neuron_neuropil_KEGG_CA2srsus_CA2srres_KEGG.csv","results_source_data_04_differential_expression_enrichment_clusterProfiler_neuron_neuropil_KEGG_CA2srsus_CA2srres_KEGG.csv","csv",75504,"2026-05-27 16:05:58","4bda5e0eba0e277ca5d2ac30150a899f60e6d3ae98a4593a6ce630999b4b27dc"
"pride_submission/supplementary_tables/results_source_data_04_differential_expression_enrichment_clusterProfiler_neuron_neuropil_KEGG_CA3sores_CA3socon_KEGG.csv","results_source_data_04_differential_expression_enrichment_clusterProfiler_neuron_neuropil_KEGG_CA3sores_CA3socon_KEGG.csv","csv",69584,"2026-05-27 16:05:58","5911cd21fb8eebe93d58d3a596dccace87bad277485e578a2cc544edf2683f50"
"pride_submission/supplementary_tables/results_source_data_04_differential_expression_enrichment_clusterProfiler_neuron_neuropil_KEGG_CA3sosus_CA3socon_KEGG.csv","results_source_data_04_differential_expression_enrichment_clusterProfiler_neuron_neuropil_KEGG_CA3sosus_CA3socon_KEGG.csv","csv",70394,"2026-05-27 16:05:58","09933822e292509067d86a5503928791dd72b837fdaec9f409d2e66b1c9f01a7"
"pride_submission/supplementary_tables/results_source_data_04_differential_expression_enrichment_clusterProfiler_neuron_neuropil_KEGG_CA3sosus_CA3sores_KEGG.csv","results_source_data_04_differential_expression_enrichment_clusterProfiler_neuron_neuropil_KEGG_CA3sosus_CA3sores_KEGG.csv","csv",71296,"2026-05-27 16:05:58","85a48ef804854e7fed64e22fe09839725de532d0954704783af87df20d66a85a"
"pride_submission/supplementary_tables/results_source_data_04_differential_expression_enrichment_clusterProfiler_neuron_neuropil_KEGG_CA3srres_CA3srcon_KEGG.csv","results_source_data_04_differential_expression_enrichment_clusterProfiler_neuron_neuropil_KEGG_CA3srres_CA3srcon_KEGG.csv","csv",76267,"2026-05-27 16:05:58","208a2dd17fb53e33933dbc99d5d387d098a70d5fc25bdfe4a024bc55c26d601a"
"pride_submission/supplementary_tables/results_source_data_04_differential_expression_enrichment_clusterProfiler_neuron_neuropil_KEGG_CA3srsus_CA3srcon_KEGG.csv","results_source_data_04_differential_expression_enrichment_clusterProfiler_neuron_neuropil_KEGG_CA3srsus_CA3srcon_KEGG.csv","csv",67976,"2026-05-27 16:05:58","d687dac8433289df1bb6fdda42a0eab3abd8a04206c9f7288282e552be7294b7"
"pride_submission/supplementary_tables/results_source_data_04_differential_expression_enrichment_clusterProfiler_neuron_neuropil_KEGG_CA3srsus_CA3srres_KEGG.csv","results_source_data_04_differential_expression_enrichment_clusterProfiler_neuron_neuropil_KEGG_CA3srsus_CA3srres_KEGG.csv","csv",77190,"2026-05-27 16:05:58","fb1e1257f19c5941bb5a50ce735234e97e75908f59bc7679f417f698ccd37698"
"pride_submission/supplementary_tables/results_source_data_04_differential_expression_enrichment_clusterProfiler_neuron_neuropil_KEGG_DGmores_DGmocon_KEGG.csv","results_source_data_04_differential_expression_enrichment_clusterProfiler_neuron_neuropil_KEGG_DGmores_DGmocon_KEGG.csv","csv",72772,"2026-05-27 16:05:58","f2dfdabdb2cb45d99af4d7e11f4b7717a67e62ae09607a0a8e683015ac37b88d"
"pride_submission/supplementary_tables/results_source_data_04_differential_expression_enrichment_clusterProfiler_neuron_neuropil_KEGG_DGmosus_DGmocon_KEGG.csv","results_source_data_04_differential_expression_enrichment_clusterProfiler_neuron_neuropil_KEGG_DGmosus_DGmocon_KEGG.csv","csv",68362,"2026-05-27 16:05:59","bd57281e13cb356c62aef559c57a00859e7d63422bab9f97dfa2a12001fa8b6f"
"pride_submission/supplementary_tables/results_source_data_04_differential_expression_enrichment_clusterProfiler_neuron_neuropil_KEGG_DGmosus_DGmores_KEGG.csv","results_source_data_04_differential_expression_enrichment_clusterProfiler_neuron_neuropil_KEGG_DGmosus_DGmores_KEGG.csv","csv",77880,"2026-05-27 16:05:59","1b9f48ee6f990985820949b6d0cc1a25a4498dd81cf9ae861bffea1030356171"
"pride_submission/supplementary_tables/results_source_data_04_differential_expression_enrichment_clusterProfiler_neuron_neuropil_KEGG_DGpores_DGpocon_KEGG.csv","results_source_data_04_differential_expression_enrichment_clusterProfiler_neuron_neuropil_KEGG_DGpores_DGpocon_KEGG.csv","csv",76932,"2026-05-27 16:05:59","fa8bcd4574d4a1af535d8a22197f98f6e3f62e69ea1109bf603a1a1be4f16846"
"pride_submission/supplementary_tables/results_source_data_04_differential_expression_enrichment_clusterProfiler_neuron_neuropil_KEGG_DGposus_DGpocon_KEGG.csv","results_source_data_04_differential_expression_enrichment_clusterProfiler_neuron_neuropil_KEGG_DGposus_DGpocon_KEGG.csv","csv",64677,"2026-05-27 16:05:59","ea271568a546850a48c8ccc42c42dddd0f1dc4b591c42385a44a74b3494ada83"
"pride_submission/supplementary_tables/results_source_data_04_differential_expression_enrichment_clusterProfiler_neuron_neuropil_KEGG_DGposus_DGpores_KEGG.csv","results_source_data_04_differential_expression_enrichment_clusterProfiler_neuron_neuropil_KEGG_DGposus_DGpores_KEGG.csv","csv",77001,"2026-05-27 16:05:59","46613cc2ff02d027bea144a2b2339b66df960591aa349ac647cbce6ba57588c2"
"pride_submission/supplementary_tables/results_source_data_04_differential_expression_enrichment_clusterProfiler_neuron_neuropil_KEGG_phenotype_within_unit_CA1_so_CA1sores_CA1socon_KEGG.csv","results_source_data_04_differential_expression_enrichment_clusterProfiler_neuron_neuropil_KEGG_phenotype_within_unit_CA1_so_CA1sores_CA1socon_KEGG.csv","csv",70092,"2026-05-27 16:05:59","d0e56aea4b21ade36dac57345c0848caa292637a4b14d18ddd39cbb274fd1059"
"pride_submission/supplementary_tables/results_source_data_04_differential_expression_enrichment_clusterProfiler_neuron_neuropil_KEGG_phenotype_within_unit_CA1_so_CA1sosus_CA1socon_KEGG.csv","results_source_data_04_differential_expression_enrichment_clusterProfiler_neuron_neuropil_KEGG_phenotype_within_unit_CA1_so_CA1sosus_CA1socon_KEGG.csv","csv",62532,"2026-05-27 16:05:59","163da9493c9faecee4b0f52380e0de47f3927e7b9b1aff378e607b0ce3a0b238"
"pride_submission/supplementary_tables/results_source_data_04_differential_expression_enrichment_clusterProfiler_neuron_neuropil_KEGG_phenotype_within_unit_CA1_so_CA1sosus_CA1sores_KEGG.csv","results_source_data_04_differential_expression_enrichment_clusterProfiler_neuron_neuropil_KEGG_phenotype_within_unit_CA1_so_CA1sosus_CA1sores_KEGG.csv","csv",68811,"2026-05-27 16:06:00","80927d382605a9167e6d35292c420962c26072206d85a987473eed41a5a004c8"
"pride_submission/supplementary_tables/results_source_data_04_differential_expression_enrichment_clusterProfiler_neuron_neuropil_KEGG_phenotype_within_unit_CA1_sr_CA1srres_CA1srcon_KEGG.csv","results_source_data_04_differential_expression_enrichment_clusterProfiler_neuron_neuropil_KEGG_phenotype_within_unit_CA1_sr_CA1srres_CA1srcon_KEGG.csv","csv",63722,"2026-05-27 16:06:00","deb3895caf90717e91de0b8fd01bfd0d5a47eb991aab71e463b0c701b8fc80b5"
"pride_submission/supplementary_tables/results_source_data_04_differential_expression_enrichment_clusterProfiler_neuron_neuropil_KEGG_phenotype_within_unit_CA1_sr_CA1srsus_CA1srcon_KEGG.csv","results_source_data_04_differential_expression_enrichment_clusterProfiler_neuron_neuropil_KEGG_phenotype_within_unit_CA1_sr_CA1srsus_CA1srcon_KEGG.csv","csv",72677,"2026-05-27 16:06:00","ef82e24c465c270739ee92ade965800ce135cf11f810ab169bad5e37d48f24c7"
"pride_submission/supplementary_tables/results_source_data_04_differential_expression_enrichment_clusterProfiler_neuron_neuropil_KEGG_phenotype_within_unit_CA1_sr_CA1srsus_CA1srres_KEGG.csv","results_source_data_04_differential_expression_enrichment_clusterProfiler_neuron_neuropil_KEGG_phenotype_within_unit_CA1_sr_CA1srsus_CA1srres_KEGG.csv","csv",75076,"2026-05-27 16:06:00","35809c595748dd2fa9688bfb25d6f47e3bb251cf130ad515265e2ac4b2b58039"
"pride_submission/supplementary_tables/results_source_data_04_differential_expression_enrichment_clusterProfiler_neuron_neuropil_KEGG_phenotype_within_unit_CA2_so_CA2sores_CA2socon_KEGG.csv","results_source_data_04_differential_expression_enrichment_clusterProfiler_neuron_neuropil_KEGG_phenotype_within_unit_CA2_so_CA2sores_CA2socon_KEGG.csv","csv",68536,"2026-05-27 16:06:00","902a3c422af9520b279376c96109144beb36cf10630e1ed69ebf6e3fea1082aa"
"pride_submission/supplementary_tables/results_source_data_04_differential_expression_enrichment_clusterProfiler_neuron_neuropil_KEGG_phenotype_within_unit_CA2_so_CA2sosus_CA2socon_KEGG.csv","results_source_data_04_differential_expression_enrichment_clusterProfiler_neuron_neuropil_KEGG_phenotype_within_unit_CA2_so_CA2sosus_CA2socon_KEGG.csv","csv",71992,"2026-05-27 16:06:00","e0c7dec9257a158a09d565a367c9c6833a05955b0933d085bcbaf8cfe8bc0f66"
"pride_submission/supplementary_tables/results_source_data_04_differential_expression_enrichment_clusterProfiler_neuron_neuropil_KEGG_phenotype_within_unit_CA2_so_CA2sosus_CA2sores_KEGG.csv","results_source_data_04_differential_expression_enrichment_clusterProfiler_neuron_neuropil_KEGG_phenotype_within_unit_CA2_so_CA2sosus_CA2sores_KEGG.csv","csv",67768,"2026-05-27 16:06:00","e6014a6d65cb60e6eb47c2621f27fee810c91e9efdc200c726dacaf14d4c5ef3"
"pride_submission/supplementary_tables/results_source_data_04_differential_expression_enrichment_clusterProfiler_neuron_neuropil_KEGG_phenotype_within_unit_CA2_sr_CA2srres_CA2srcon_KEGG.csv","results_source_data_04_differential_expression_enrichment_clusterProfiler_neuron_neuropil_KEGG_phenotype_within_unit_CA2_sr_CA2srres_CA2srcon_KEGG.csv","csv",68431,"2026-05-27 16:06:01","612bf0dc0371e9472c95d9ea5af2b23da35593999e5fd7052142f5535cbc72d9"
"pride_submission/supplementary_tables/results_source_data_04_differential_expression_enrichment_clusterProfiler_neuron_neuropil_KEGG_phenotype_within_unit_CA2_sr_CA2srsus_CA2srcon_KEGG.csv","results_source_data_04_differential_expression_enrichment_clusterProfiler_neuron_neuropil_KEGG_phenotype_within_unit_CA2_sr_CA2srsus_CA2srcon_KEGG.csv","csv",70618,"2026-05-27 16:06:01","bd63033eb427e2032585b53edc28eb2673b7aaa4925ce8c0337676a71cf96e30"
"pride_submission/supplementary_tables/results_source_data_04_differential_expression_enrichment_clusterProfiler_neuron_neuropil_KEGG_phenotype_within_unit_CA2_sr_CA2srsus_CA2srres_KEGG.csv","results_source_data_04_differential_expression_enrichment_clusterProfiler_neuron_neuropil_KEGG_phenotype_within_unit_CA2_sr_CA2srsus_CA2srres_KEGG.csv","csv",75504,"2026-05-27 16:06:01","4bda5e0eba0e277ca5d2ac30150a899f60e6d3ae98a4593a6ce630999b4b27dc"
"pride_submission/supplementary_tables/results_source_data_04_differential_expression_enrichment_clusterProfiler_neuron_neuropil_KEGG_phenotype_within_unit_CA3_so_CA3sores_CA3socon_KEGG.csv","results_source_data_04_differential_expression_enrichment_clusterProfiler_neuron_neuropil_KEGG_phenotype_within_unit_CA3_so_CA3sores_CA3socon_KEGG.csv","csv",69584,"2026-05-27 16:06:01","5911cd21fb8eebe93d58d3a596dccace87bad277485e578a2cc544edf2683f50"
"pride_submission/supplementary_tables/results_source_data_04_differential_expression_enrichment_clusterProfiler_neuron_neuropil_KEGG_phenotype_within_unit_CA3_so_CA3sosus_CA3socon_KEGG.csv","results_source_data_04_differential_expression_enrichment_clusterProfiler_neuron_neuropil_KEGG_phenotype_within_unit_CA3_so_CA3sosus_CA3socon_KEGG.csv","csv",70394,"2026-05-27 16:06:01","09933822e292509067d86a5503928791dd72b837fdaec9f409d2e66b1c9f01a7"
"pride_submission/supplementary_tables/results_source_data_04_differential_expression_enrichment_clusterProfiler_neuron_neuropil_KEGG_phenotype_within_unit_CA3_so_CA3sosus_CA3sores_KEGG.csv","results_source_data_04_differential_expression_enrichment_clusterProfiler_neuron_neuropil_KEGG_phenotype_within_unit_CA3_so_CA3sosus_CA3sores_KEGG.csv","csv",71296,"2026-05-27 16:06:01","85a48ef804854e7fed64e22fe09839725de532d0954704783af87df20d66a85a"
"pride_submission/supplementary_tables/results_source_data_04_differential_expression_enrichment_clusterProfiler_neuron_neuropil_KEGG_phenotype_within_unit_CA3_sr_CA3srres_CA3srcon_KEGG.csv","results_source_data_04_differential_expression_enrichment_clusterProfiler_neuron_neuropil_KEGG_phenotype_within_unit_CA3_sr_CA3srres_CA3srcon_KEGG.csv","csv",76267,"2026-05-27 16:06:01","208a2dd17fb53e33933dbc99d5d387d098a70d5fc25bdfe4a024bc55c26d601a"
"pride_submission/supplementary_tables/results_source_data_04_differential_expression_enrichment_clusterProfiler_neuron_neuropil_KEGG_phenotype_within_unit_CA3_sr_CA3srsus_CA3srcon_KEGG.csv","results_source_data_04_differential_expression_enrichment_clusterProfiler_neuron_neuropil_KEGG_phenotype_within_unit_CA3_sr_CA3srsus_CA3srcon_KEGG.csv","csv",67976,"2026-05-27 16:06:02","d687dac8433289df1bb6fdda42a0eab3abd8a04206c9f7288282e552be7294b7"
"pride_submission/supplementary_tables/results_source_data_04_differential_expression_enrichment_clusterProfiler_neuron_neuropil_KEGG_phenotype_within_unit_CA3_sr_CA3srsus_CA3srres_KEGG.csv","results_source_data_04_differential_expression_enrichment_clusterProfiler_neuron_neuropil_KEGG_phenotype_within_unit_CA3_sr_CA3srsus_CA3srres_KEGG.csv","csv",77190,"2026-05-27 16:06:02","fb1e1257f19c5941bb5a50ce735234e97e75908f59bc7679f417f698ccd37698"
"pride_submission/supplementary_tables/results_source_data_04_differential_expression_enrichment_clusterProfiler_neuron_neuropil_KEGG_phenotype_within_unit_DG_mo_DGmores_DGmocon_KEGG.csv","results_source_data_04_differential_expression_enrichment_clusterProfiler_neuron_neuropil_KEGG_phenotype_within_unit_DG_mo_DGmores_DGmocon_KEGG.csv","csv",72772,"2026-05-27 16:06:02","f2dfdabdb2cb45d99af4d7e11f4b7717a67e62ae09607a0a8e683015ac37b88d"
"pride_submission/supplementary_tables/results_source_data_04_differential_expression_enrichment_clusterProfiler_neuron_neuropil_KEGG_phenotype_within_unit_DG_mo_DGmosus_DGmocon_KEGG.csv","results_source_data_04_differential_expression_enrichment_clusterProfiler_neuron_neuropil_KEGG_phenotype_within_unit_DG_mo_DGmosus_DGmocon_KEGG.csv","csv",68362,"2026-05-27 16:06:02","bd57281e13cb356c62aef559c57a00859e7d63422bab9f97dfa2a12001fa8b6f"
"pride_submission/supplementary_tables/results_source_data_04_differential_expression_enrichment_clusterProfiler_neuron_neuropil_KEGG_phenotype_within_unit_DG_mo_DGmosus_DGmores_KEGG.csv","results_source_data_04_differential_expression_enrichment_clusterProfiler_neuron_neuropil_KEGG_phenotype_within_unit_DG_mo_DGmosus_DGmores_KEGG.csv","csv",77880,"2026-05-27 16:06:02","1b9f48ee6f990985820949b6d0cc1a25a4498dd81cf9ae861bffea1030356171"
"pride_submission/supplementary_tables/results_source_data_04_differential_expression_enrichment_clusterProfiler_neuron_neuropil_KEGG_phenotype_within_unit_DG_po_DGpores_DGpocon_KEGG.csv","results_source_data_04_differential_expression_enrichment_clusterProfiler_neuron_neuropil_KEGG_phenotype_within_unit_DG_po_DGpores_DGpocon_KEGG.csv","csv",76932,"2026-05-27 16:06:02","fa8bcd4574d4a1af535d8a22197f98f6e3f62e69ea1109bf603a1a1be4f16846"
"pride_submission/supplementary_tables/results_source_data_04_differential_expression_enrichment_clusterProfiler_neuron_neuropil_KEGG_phenotype_within_unit_DG_po_DGposus_DGpocon_KEGG.csv","results_source_data_04_differential_expression_enrichment_clusterProfiler_neuron_neuropil_KEGG_phenotype_within_unit_DG_po_DGposus_DGpocon_KEGG.csv","csv",64677,"2026-05-27 16:06:02","ea271568a546850a48c8ccc42c42dddd0f1dc4b591c42385a44a74b3494ada83"
"pride_submission/supplementary_tables/results_source_data_04_differential_expression_enrichment_clusterProfiler_neuron_neuropil_KEGG_phenotype_within_unit_DG_po_DGposus_DGpores_KEGG.csv","results_source_data_04_differential_expression_enrichment_clusterProfiler_neuron_neuropil_KEGG_phenotype_within_unit_DG_po_DGposus_DGpores_KEGG.csv","csv",77001,"2026-05-27 16:06:02","46613cc2ff02d027bea144a2b2339b66df960591aa349ac647cbce6ba57588c2"
"pride_submission/supplementary_tables/results_source_data_04_differential_expression_enrichment_compareGO_neuron_neuropil_BP_phenotype_within_unit_gene_lists_Core_Genes_All_Comparisons.csv","results_source_data_04_differential_expression_enrichment_compareGO_neuron_neuropil_BP_phenotype_within_unit_gene_lists_Core_Genes_All_Comparisons.csv","csv",148943472,"2026-05-27 16:06:14","2e4b70c8e24c17de4028908eaaeaa4093d242fa49b9f793618ff01349c5074ee"
"pride_submission/supplementary_tables/results_source_data_04_differential_expression_enrichment_compareGO_spatial_atlas_leading_edge_driver_recurrence.csv","results_source_data_04_differential_expression_enrichment_compareGO_spatial_atlas_leading_edge_driver_recurrence.csv","csv",58304,"2026-06-12 06:09:48","e0a595b739877550e2609158e448dea2bd35477ef5ed466c85b72b7afd821297"
"pride_submission/supplementary_tables/results_source_data_04_differential_expression_enrichment_compareGO_spatial_atlas_source_data_Compartment_Comparison_publication.csv","results_source_data_04_differential_expression_enrichment_compareGO_spatial_atlas_source_data_Compartment_Comparison_publication.csv","csv",6738,"2026-06-12 06:09:48","b39e05910db8edcd425caa16dd9869ccc51bdd76f4583bfadf369f357561e787"
"pride_submission/supplementary_tables/results_source_data_04_differential_expression_enrichment_compareGO_spatial_atlas_source_data_LeadingEdgeDriverRecurrence_topdrivers_publication.csv","results_source_data_04_differential_expression_enrichment_compareGO_spatial_atlas_source_data_LeadingEdgeDriverRecurrence_topdrivers_publication.csv","csv",6275,"2026-06-12 06:09:48","c28e7e693afeac8f9479b1183a626fd3f7345fbcc652ee7eab1de91b88d91f39"
"pride_submission/supplementary_tables/results_source_data_04_differential_expression_enrichment_compareGO_spatial_atlas_source_data_RES_SUS_divergence_publication.csv","results_source_data_04_differential_expression_enrichment_compareGO_spatial_atlas_source_data_RES_SUS_divergence_publication.csv","csv",60605,"2026-06-12 06:09:48","fa5053af42315c8a2f356463792315f3279f461eb5779cd3b69e1963a6b3932d"
"pride_submission/supplementary_tables/results_source_data_04_differential_expression_enrichment_compareGO_spatial_atlas_source_data_SpatialProgramAtlas_neuropil_focus_publication.csv","results_source_data_04_differential_expression_enrichment_compareGO_spatial_atlas_source_data_SpatialProgramAtlas_neuropil_focus_publication.csv","csv",154582,"2026-06-12 06:09:48","2682b86916ef072d6a28dd72be39d2f8af6d81dd1b087cf812ecf17ec031314e"
"pride_submission/supplementary_tables/results_source_data_04_differential_expression_enrichment_compareGO_spatial_atlas_source_data_SpatialProgramAtlas_publication.csv","results_source_data_04_differential_expression_enrichment_compareGO_spatial_atlas_source_data_SpatialProgramAtlas_publication.csv","csv",273984,"2026-06-12 06:09:49","0a5be3853b7c3e3f8bcc9c869385f1932c96d9b084b7cc3e2f1b2ec4fedbd71a"
"pride_submission/supplementary_tables/results_source_data_04_differential_expression_enrichment_compareGO_spatial_atlas_spatial_atlas_enrichment_long.csv","results_source_data_04_differential_expression_enrichment_compareGO_spatial_atlas_spatial_atlas_enrichment_long.csv","csv",128503463,"2026-06-12 06:12:04","e04205c3903b0b2f34058fbbd2f07423cbf7a9ea3d928ffb7cdb15e9c13c606f"
"pride_submission/supplementary_tables/results_tables_02_id_mapping_MapThatProt_batch_neuron_neuropil_mapped_forward_summaries_CA1slmres_CA1slmcon_summary.csv","results_tables_02_id_mapping_MapThatProt_batch_neuron_neuropil_mapped_forward_summaries_CA1slmres_CA1slmcon_summary.csv","csv",300121,"2026-05-27 16:05:05","7cdf53eb0ccda7ba823ac9f9ff67d88195e6ebcc8ff51520e7e731e2e386bf95"
"pride_submission/supplementary_tables/results_tables_02_id_mapping_MapThatProt_batch_neuron_neuropil_mapped_forward_summaries_CA1slmsus_CA1slmcon_summary.csv","results_tables_02_id_mapping_MapThatProt_batch_neuron_neuropil_mapped_forward_summaries_CA1slmsus_CA1slmcon_summary.csv","csv",300121,"2026-05-27 16:05:05","7cdf53eb0ccda7ba823ac9f9ff67d88195e6ebcc8ff51520e7e731e2e386bf95"
"pride_submission/supplementary_tables/results_tables_02_id_mapping_MapThatProt_batch_neuron_neuropil_mapped_forward_summaries_CA1slmsus_CA1slmres_summary.csv","results_tables_02_id_mapping_MapThatProt_batch_neuron_neuropil_mapped_forward_summaries_CA1slmsus_CA1slmres_summary.csv","csv",300121,"2026-05-27 16:05:05","7cdf53eb0ccda7ba823ac9f9ff67d88195e6ebcc8ff51520e7e731e2e386bf95"
"pride_submission/supplementary_tables/results_tables_02_id_mapping_MapThatProt_batch_neuron_neuropil_mapped_forward_summaries_CA1sores_CA1socon_summary.csv","results_tables_02_id_mapping_MapThatProt_batch_neuron_neuropil_mapped_forward_summaries_CA1sores_CA1socon_summary.csv","csv",300121,"2026-05-27 16:05:06","7cdf53eb0ccda7ba823ac9f9ff67d88195e6ebcc8ff51520e7e731e2e386bf95"
"pride_submission/supplementary_tables/results_tables_02_id_mapping_MapThatProt_batch_neuron_neuropil_mapped_forward_summaries_CA1sosus_CA1socon_summary.csv","results_tables_02_id_mapping_MapThatProt_batch_neuron_neuropil_mapped_forward_summaries_CA1sosus_CA1socon_summary.csv","csv",300121,"2026-05-27 16:05:06","7cdf53eb0ccda7ba823ac9f9ff67d88195e6ebcc8ff51520e7e731e2e386bf95"
"pride_submission/supplementary_tables/results_tables_02_id_mapping_MapThatProt_batch_neuron_neuropil_mapped_forward_summaries_CA1sosus_CA1sores_summary.csv","results_tables_02_id_mapping_MapThatProt_batch_neuron_neuropil_mapped_forward_summaries_CA1sosus_CA1sores_summary.csv","csv",300121,"2026-05-27 16:05:06","7cdf53eb0ccda7ba823ac9f9ff67d88195e6ebcc8ff51520e7e731e2e386bf95"
"pride_submission/supplementary_tables/results_tables_02_id_mapping_MapThatProt_batch_neuron_neuropil_mapped_forward_summaries_CA1srres_CA1srcon_summary.csv","results_tables_02_id_mapping_MapThatProt_batch_neuron_neuropil_mapped_forward_summaries_CA1srres_CA1srcon_summary.csv","csv",300121,"2026-05-27 16:05:06","7cdf53eb0ccda7ba823ac9f9ff67d88195e6ebcc8ff51520e7e731e2e386bf95"
"pride_submission/supplementary_tables/results_tables_02_id_mapping_MapThatProt_batch_neuron_neuropil_mapped_forward_summaries_CA1srsus_CA1srcon_summary.csv","results_tables_02_id_mapping_MapThatProt_batch_neuron_neuropil_mapped_forward_summaries_CA1srsus_CA1srcon_summary.csv","csv",300121,"2026-05-27 16:05:06","7cdf53eb0ccda7ba823ac9f9ff67d88195e6ebcc8ff51520e7e731e2e386bf95"
"pride_submission/supplementary_tables/results_tables_02_id_mapping_MapThatProt_batch_neuron_neuropil_mapped_forward_summaries_CA1srsus_CA1srres_summary.csv","results_tables_02_id_mapping_MapThatProt_batch_neuron_neuropil_mapped_forward_summaries_CA1srsus_CA1srres_summary.csv","csv",300121,"2026-05-27 16:05:06","7cdf53eb0ccda7ba823ac9f9ff67d88195e6ebcc8ff51520e7e731e2e386bf95"
"pride_submission/supplementary_tables/results_tables_02_id_mapping_MapThatProt_batch_neuron_neuropil_mapped_forward_summaries_CA2slmres_CA2slmcon_summary.csv","results_tables_02_id_mapping_MapThatProt_batch_neuron_neuropil_mapped_forward_summaries_CA2slmres_CA2slmcon_summary.csv","csv",300121,"2026-05-27 16:05:06","7cdf53eb0ccda7ba823ac9f9ff67d88195e6ebcc8ff51520e7e731e2e386bf95"
"pride_submission/supplementary_tables/results_tables_02_id_mapping_MapThatProt_batch_neuron_neuropil_mapped_forward_summaries_CA2slmsus_CA2slmcon_summary.csv","results_tables_02_id_mapping_MapThatProt_batch_neuron_neuropil_mapped_forward_summaries_CA2slmsus_CA2slmcon_summary.csv","csv",300121,"2026-05-27 16:05:06","7cdf53eb0ccda7ba823ac9f9ff67d88195e6ebcc8ff51520e7e731e2e386bf95"
"pride_submission/supplementary_tables/results_tables_02_id_mapping_MapThatProt_batch_neuron_neuropil_mapped_forward_summaries_CA2slmsus_CA2slmres_summary.csv","results_tables_02_id_mapping_MapThatProt_batch_neuron_neuropil_mapped_forward_summaries_CA2slmsus_CA2slmres_summary.csv","csv",300121,"2026-05-27 16:05:06","7cdf53eb0ccda7ba823ac9f9ff67d88195e6ebcc8ff51520e7e731e2e386bf95"
"pride_submission/supplementary_tables/results_tables_02_id_mapping_MapThatProt_batch_neuron_neuropil_mapped_forward_summaries_CA2sores_CA2socon_summary.csv","results_tables_02_id_mapping_MapThatProt_batch_neuron_neuropil_mapped_forward_summaries_CA2sores_CA2socon_summary.csv","csv",300121,"2026-05-27 16:05:07","7cdf53eb0ccda7ba823ac9f9ff67d88195e6ebcc8ff51520e7e731e2e386bf95"
"pride_submission/supplementary_tables/results_tables_02_id_mapping_MapThatProt_batch_neuron_neuropil_mapped_forward_summaries_CA2sosus_CA2socon_summary.csv","results_tables_02_id_mapping_MapThatProt_batch_neuron_neuropil_mapped_forward_summaries_CA2sosus_CA2socon_summary.csv","csv",300121,"2026-05-27 16:05:07","7cdf53eb0ccda7ba823ac9f9ff67d88195e6ebcc8ff51520e7e731e2e386bf95"
"pride_submission/supplementary_tables/results_tables_02_id_mapping_MapThatProt_batch_neuron_neuropil_mapped_forward_summaries_CA2sosus_CA2sores_summary.csv","results_tables_02_id_mapping_MapThatProt_batch_neuron_neuropil_mapped_forward_summaries_CA2sosus_CA2sores_summary.csv","csv",300121,"2026-05-27 16:05:07","7cdf53eb0ccda7ba823ac9f9ff67d88195e6ebcc8ff51520e7e731e2e386bf95"
"pride_submission/supplementary_tables/results_tables_02_id_mapping_MapThatProt_batch_neuron_neuropil_mapped_forward_summaries_CA2srres_CA2srcon_summary.csv","results_tables_02_id_mapping_MapThatProt_batch_neuron_neuropil_mapped_forward_summaries_CA2srres_CA2srcon_summary.csv","csv",300121,"2026-05-27 16:05:07","7cdf53eb0ccda7ba823ac9f9ff67d88195e6ebcc8ff51520e7e731e2e386bf95"
"pride_submission/supplementary_tables/results_tables_02_id_mapping_MapThatProt_batch_neuron_neuropil_mapped_forward_summaries_CA2srsus_CA2srcon_summary.csv","results_tables_02_id_mapping_MapThatProt_batch_neuron_neuropil_mapped_forward_summaries_CA2srsus_CA2srcon_summary.csv","csv",300121,"2026-05-27 16:05:07","7cdf53eb0ccda7ba823ac9f9ff67d88195e6ebcc8ff51520e7e731e2e386bf95"
"pride_submission/supplementary_tables/results_tables_02_id_mapping_MapThatProt_batch_neuron_neuropil_mapped_forward_summaries_CA2srsus_CA2srres_summary.csv","results_tables_02_id_mapping_MapThatProt_batch_neuron_neuropil_mapped_forward_summaries_CA2srsus_CA2srres_summary.csv","csv",300121,"2026-05-27 16:05:07","7cdf53eb0ccda7ba823ac9f9ff67d88195e6ebcc8ff51520e7e731e2e386bf95"
"pride_submission/supplementary_tables/results_tables_02_id_mapping_MapThatProt_batch_neuron_neuropil_mapped_forward_summaries_CA3sores_CA3socon_summary.csv","results_tables_02_id_mapping_MapThatProt_batch_neuron_neuropil_mapped_forward_summaries_CA3sores_CA3socon_summary.csv","csv",300121,"2026-05-27 16:05:07","7cdf53eb0ccda7ba823ac9f9ff67d88195e6ebcc8ff51520e7e731e2e386bf95"
"pride_submission/supplementary_tables/results_tables_02_id_mapping_MapThatProt_batch_neuron_neuropil_mapped_forward_summaries_CA3sosus_CA3socon_summary.csv","results_tables_02_id_mapping_MapThatProt_batch_neuron_neuropil_mapped_forward_summaries_CA3sosus_CA3socon_summary.csv","csv",300121,"2026-05-27 16:05:07","7cdf53eb0ccda7ba823ac9f9ff67d88195e6ebcc8ff51520e7e731e2e386bf95"
"pride_submission/supplementary_tables/results_tables_02_id_mapping_MapThatProt_batch_neuron_neuropil_mapped_forward_summaries_CA3sosus_CA3sores_summary.csv","results_tables_02_id_mapping_MapThatProt_batch_neuron_neuropil_mapped_forward_summaries_CA3sosus_CA3sores_summary.csv","csv",300121,"2026-05-27 16:05:07","7cdf53eb0ccda7ba823ac9f9ff67d88195e6ebcc8ff51520e7e731e2e386bf95"
"pride_submission/supplementary_tables/results_tables_02_id_mapping_MapThatProt_batch_neuron_neuropil_mapped_forward_summaries_CA3srres_CA3srcon_summary.csv","results_tables_02_id_mapping_MapThatProt_batch_neuron_neuropil_mapped_forward_summaries_CA3srres_CA3srcon_summary.csv","csv",300121,"2026-05-27 16:05:08","7cdf53eb0ccda7ba823ac9f9ff67d88195e6ebcc8ff51520e7e731e2e386bf95"
"pride_submission/supplementary_tables/results_tables_02_id_mapping_MapThatProt_batch_neuron_neuropil_mapped_forward_summaries_CA3srsus_CA3srcon_summary.csv","results_tables_02_id_mapping_MapThatProt_batch_neuron_neuropil_mapped_forward_summaries_CA3srsus_CA3srcon_summary.csv","csv",300121,"2026-05-27 16:05:08","7cdf53eb0ccda7ba823ac9f9ff67d88195e6ebcc8ff51520e7e731e2e386bf95"
"pride_submission/supplementary_tables/results_tables_02_id_mapping_MapThatProt_batch_neuron_neuropil_mapped_forward_summaries_CA3srsus_CA3srres_summary.csv","results_tables_02_id_mapping_MapThatProt_batch_neuron_neuropil_mapped_forward_summaries_CA3srsus_CA3srres_summary.csv","csv",300121,"2026-05-27 16:05:08","7cdf53eb0ccda7ba823ac9f9ff67d88195e6ebcc8ff51520e7e731e2e386bf95"
"pride_submission/supplementary_tables/results_tables_02_id_mapping_MapThatProt_batch_neuron_neuropil_mapped_forward_summaries_DGmores_DGmocon_summary.csv","results_tables_02_id_mapping_MapThatProt_batch_neuron_neuropil_mapped_forward_summaries_DGmores_DGmocon_summary.csv","csv",300121,"2026-05-27 16:05:08","7cdf53eb0ccda7ba823ac9f9ff67d88195e6ebcc8ff51520e7e731e2e386bf95"
"pride_submission/supplementary_tables/results_tables_02_id_mapping_MapThatProt_batch_neuron_neuropil_mapped_forward_summaries_DGmosus_DGmocon_summary.csv","results_tables_02_id_mapping_MapThatProt_batch_neuron_neuropil_mapped_forward_summaries_DGmosus_DGmocon_summary.csv","csv",300121,"2026-05-27 16:05:08","7cdf53eb0ccda7ba823ac9f9ff67d88195e6ebcc8ff51520e7e731e2e386bf95"
"pride_submission/supplementary_tables/results_tables_02_id_mapping_MapThatProt_batch_neuron_neuropil_mapped_forward_summaries_DGmosus_DGmores_summary.csv","results_tables_02_id_mapping_MapThatProt_batch_neuron_neuropil_mapped_forward_summaries_DGmosus_DGmores_summary.csv","csv",300121,"2026-05-27 16:05:08","7cdf53eb0ccda7ba823ac9f9ff67d88195e6ebcc8ff51520e7e731e2e386bf95"
"pride_submission/supplementary_tables/results_tables_02_id_mapping_MapThatProt_batch_neuron_neuropil_mapped_forward_summaries_DGpores_DGpocon_summary.csv","results_tables_02_id_mapping_MapThatProt_batch_neuron_neuropil_mapped_forward_summaries_DGpores_DGpocon_summary.csv","csv",300121,"2026-05-27 16:05:08","7cdf53eb0ccda7ba823ac9f9ff67d88195e6ebcc8ff51520e7e731e2e386bf95"
"pride_submission/supplementary_tables/results_tables_02_id_mapping_MapThatProt_batch_neuron_neuropil_mapped_forward_summaries_DGposus_DGpocon_summary.csv","results_tables_02_id_mapping_MapThatProt_batch_neuron_neuropil_mapped_forward_summaries_DGposus_DGpocon_summary.csv","csv",300121,"2026-05-27 16:05:08","7cdf53eb0ccda7ba823ac9f9ff67d88195e6ebcc8ff51520e7e731e2e386bf95"
"pride_submission/supplementary_tables/results_tables_02_id_mapping_MapThatProt_batch_neuron_neuropil_mapped_forward_summaries_DGposus_DGpores_summary.csv","results_tables_02_id_mapping_MapThatProt_batch_neuron_neuropil_mapped_forward_summaries_DGposus_DGpores_summary.csv","csv",300121,"2026-05-27 16:05:08","7cdf53eb0ccda7ba823ac9f9ff67d88195e6ebcc8ff51520e7e731e2e386bf95"
"pride_submission/supplementary_tables/results_tables_02_id_mapping_MapThatProt_batch_neuron_neuropil_mapped_forward_summaries_GLOBAL_mapping_summary.csv","results_tables_02_id_mapping_MapThatProt_batch_neuron_neuropil_mapped_forward_summaries_GLOBAL_mapping_summary.csv","csv",14939587,"2026-05-27 16:05:09","4f4a41ae38e89c5242fe4bcda67db08af3c478ff3752bede6ad2a5f6c8a7d69a"
"pride_submission/supplementary_tables/results_tables_02_id_mapping_MapThatProt_batch_neuron_neuropil_unmapped_forward_summaries_CA1slmres_CA1slmcon_summary.csv","results_tables_02_id_mapping_MapThatProt_batch_neuron_neuropil_unmapped_forward_summaries_CA1slmres_CA1slmcon_summary.csv","csv",80,"2026-05-27 16:05:09","b83d2de89eb0fb450bf25d027ba141c4e2b4e5d3a87938817386ce32e12ea1a2"
"pride_submission/supplementary_tables/results_tables_02_id_mapping_MapThatProt_batch_neuron_neuropil_unmapped_forward_summaries_CA1slmsus_CA1slmcon_summary.csv","results_tables_02_id_mapping_MapThatProt_batch_neuron_neuropil_unmapped_forward_summaries_CA1slmsus_CA1slmcon_summary.csv","csv",80,"2026-05-27 16:05:09","b83d2de89eb0fb450bf25d027ba141c4e2b4e5d3a87938817386ce32e12ea1a2"
"pride_submission/supplementary_tables/results_tables_02_id_mapping_MapThatProt_batch_neuron_neuropil_unmapped_forward_summaries_CA1slmsus_CA1slmres_summary.csv","results_tables_02_id_mapping_MapThatProt_batch_neuron_neuropil_unmapped_forward_summaries_CA1slmsus_CA1slmres_summary.csv","csv",80,"2026-05-27 16:05:10","b83d2de89eb0fb450bf25d027ba141c4e2b4e5d3a87938817386ce32e12ea1a2"
"pride_submission/supplementary_tables/results_tables_02_id_mapping_MapThatProt_batch_neuron_neuropil_unmapped_forward_summaries_CA1sores_CA1socon_summary.csv","results_tables_02_id_mapping_MapThatProt_batch_neuron_neuropil_unmapped_forward_summaries_CA1sores_CA1socon_summary.csv","csv",80,"2026-05-27 16:05:10","b83d2de89eb0fb450bf25d027ba141c4e2b4e5d3a87938817386ce32e12ea1a2"
"pride_submission/supplementary_tables/results_tables_02_id_mapping_MapThatProt_batch_neuron_neuropil_unmapped_forward_summaries_CA1sosus_CA1socon_summary.csv","results_tables_02_id_mapping_MapThatProt_batch_neuron_neuropil_unmapped_forward_summaries_CA1sosus_CA1socon_summary.csv","csv",80,"2026-05-27 16:05:10","b83d2de89eb0fb450bf25d027ba141c4e2b4e5d3a87938817386ce32e12ea1a2"
"pride_submission/supplementary_tables/results_tables_02_id_mapping_MapThatProt_batch_neuron_neuropil_unmapped_forward_summaries_CA1sosus_CA1sores_summary.csv","results_tables_02_id_mapping_MapThatProt_batch_neuron_neuropil_unmapped_forward_summaries_CA1sosus_CA1sores_summary.csv","csv",80,"2026-05-27 16:05:10","b83d2de89eb0fb450bf25d027ba141c4e2b4e5d3a87938817386ce32e12ea1a2"
"pride_submission/supplementary_tables/results_tables_02_id_mapping_MapThatProt_batch_neuron_neuropil_unmapped_forward_summaries_CA1srres_CA1srcon_summary.csv","results_tables_02_id_mapping_MapThatProt_batch_neuron_neuropil_unmapped_forward_summaries_CA1srres_CA1srcon_summary.csv","csv",80,"2026-05-27 16:05:10","b83d2de89eb0fb450bf25d027ba141c4e2b4e5d3a87938817386ce32e12ea1a2"
"pride_submission/supplementary_tables/results_tables_02_id_mapping_MapThatProt_batch_neuron_neuropil_unmapped_forward_summaries_CA1srsus_CA1srcon_summary.csv","results_tables_02_id_mapping_MapThatProt_batch_neuron_neuropil_unmapped_forward_summaries_CA1srsus_CA1srcon_summary.csv","csv",80,"2026-05-27 16:05:10","b83d2de89eb0fb450bf25d027ba141c4e2b4e5d3a87938817386ce32e12ea1a2"
"pride_submission/supplementary_tables/results_tables_02_id_mapping_MapThatProt_batch_neuron_neuropil_unmapped_forward_summaries_CA1srsus_CA1srres_summary.csv","results_tables_02_id_mapping_MapThatProt_batch_neuron_neuropil_unmapped_forward_summaries_CA1srsus_CA1srres_summary.csv","csv",80,"2026-05-27 16:05:10","b83d2de89eb0fb450bf25d027ba141c4e2b4e5d3a87938817386ce32e12ea1a2"
"pride_submission/supplementary_tables/results_tables_02_id_mapping_MapThatProt_batch_neuron_neuropil_unmapped_forward_summaries_CA2slmres_CA2slmcon_summary.csv","results_tables_02_id_mapping_MapThatProt_batch_neuron_neuropil_unmapped_forward_summaries_CA2slmres_CA2slmcon_summary.csv","csv",80,"2026-05-27 16:05:10","b83d2de89eb0fb450bf25d027ba141c4e2b4e5d3a87938817386ce32e12ea1a2"
"pride_submission/supplementary_tables/results_tables_02_id_mapping_MapThatProt_batch_neuron_neuropil_unmapped_forward_summaries_CA2slmsus_CA2slmcon_summary.csv","results_tables_02_id_mapping_MapThatProt_batch_neuron_neuropil_unmapped_forward_summaries_CA2slmsus_CA2slmcon_summary.csv","csv",80,"2026-05-27 16:05:10","b83d2de89eb0fb450bf25d027ba141c4e2b4e5d3a87938817386ce32e12ea1a2"
"pride_submission/supplementary_tables/results_tables_02_id_mapping_MapThatProt_batch_neuron_neuropil_unmapped_forward_summaries_CA2slmsus_CA2slmres_summary.csv","results_tables_02_id_mapping_MapThatProt_batch_neuron_neuropil_unmapped_forward_summaries_CA2slmsus_CA2slmres_summary.csv","csv",80,"2026-05-27 16:05:10","b83d2de89eb0fb450bf25d027ba141c4e2b4e5d3a87938817386ce32e12ea1a2"
"pride_submission/supplementary_tables/results_tables_02_id_mapping_MapThatProt_batch_neuron_neuropil_unmapped_forward_summaries_CA2sores_CA2socon_summary.csv","results_tables_02_id_mapping_MapThatProt_batch_neuron_neuropil_unmapped_forward_summaries_CA2sores_CA2socon_summary.csv","csv",80,"2026-05-27 16:05:10","b83d2de89eb0fb450bf25d027ba141c4e2b4e5d3a87938817386ce32e12ea1a2"
"pride_submission/supplementary_tables/results_tables_02_id_mapping_MapThatProt_batch_neuron_neuropil_unmapped_forward_summaries_CA2sosus_CA2socon_summary.csv","results_tables_02_id_mapping_MapThatProt_batch_neuron_neuropil_unmapped_forward_summaries_CA2sosus_CA2socon_summary.csv","csv",80,"2026-05-27 16:05:10","b83d2de89eb0fb450bf25d027ba141c4e2b4e5d3a87938817386ce32e12ea1a2"
"pride_submission/supplementary_tables/results_tables_02_id_mapping_MapThatProt_batch_neuron_neuropil_unmapped_forward_summaries_CA2sosus_CA2sores_summary.csv","results_tables_02_id_mapping_MapThatProt_batch_neuron_neuropil_unmapped_forward_summaries_CA2sosus_CA2sores_summary.csv","csv",80,"2026-05-27 16:05:11","b83d2de89eb0fb450bf25d027ba141c4e2b4e5d3a87938817386ce32e12ea1a2"
"pride_submission/supplementary_tables/results_tables_02_id_mapping_MapThatProt_batch_neuron_neuropil_unmapped_forward_summaries_CA2srres_CA2srcon_summary.csv","results_tables_02_id_mapping_MapThatProt_batch_neuron_neuropil_unmapped_forward_summaries_CA2srres_CA2srcon_summary.csv","csv",80,"2026-05-27 16:05:11","b83d2de89eb0fb450bf25d027ba141c4e2b4e5d3a87938817386ce32e12ea1a2"
"pride_submission/supplementary_tables/results_tables_02_id_mapping_MapThatProt_batch_neuron_neuropil_unmapped_forward_summaries_CA2srsus_CA2srcon_summary.csv","results_tables_02_id_mapping_MapThatProt_batch_neuron_neuropil_unmapped_forward_summaries_CA2srsus_CA2srcon_summary.csv","csv",80,"2026-05-27 16:05:11","b83d2de89eb0fb450bf25d027ba141c4e2b4e5d3a87938817386ce32e12ea1a2"
"pride_submission/supplementary_tables/results_tables_02_id_mapping_MapThatProt_batch_neuron_neuropil_unmapped_forward_summaries_CA2srsus_CA2srres_summary.csv","results_tables_02_id_mapping_MapThatProt_batch_neuron_neuropil_unmapped_forward_summaries_CA2srsus_CA2srres_summary.csv","csv",80,"2026-05-27 16:05:11","b83d2de89eb0fb450bf25d027ba141c4e2b4e5d3a87938817386ce32e12ea1a2"
"pride_submission/supplementary_tables/results_tables_02_id_mapping_MapThatProt_batch_neuron_neuropil_unmapped_forward_summaries_CA3sores_CA3socon_summary.csv","results_tables_02_id_mapping_MapThatProt_batch_neuron_neuropil_unmapped_forward_summaries_CA3sores_CA3socon_summary.csv","csv",80,"2026-05-27 16:05:11","b83d2de89eb0fb450bf25d027ba141c4e2b4e5d3a87938817386ce32e12ea1a2"
"pride_submission/supplementary_tables/results_tables_02_id_mapping_MapThatProt_batch_neuron_neuropil_unmapped_forward_summaries_CA3sosus_CA3socon_summary.csv","results_tables_02_id_mapping_MapThatProt_batch_neuron_neuropil_unmapped_forward_summaries_CA3sosus_CA3socon_summary.csv","csv",80,"2026-05-27 16:05:11","b83d2de89eb0fb450bf25d027ba141c4e2b4e5d3a87938817386ce32e12ea1a2"
"pride_submission/supplementary_tables/results_tables_02_id_mapping_MapThatProt_batch_neuron_neuropil_unmapped_forward_summaries_CA3sosus_CA3sores_summary.csv","results_tables_02_id_mapping_MapThatProt_batch_neuron_neuropil_unmapped_forward_summaries_CA3sosus_CA3sores_summary.csv","csv",80,"2026-05-27 16:05:11","b83d2de89eb0fb450bf25d027ba141c4e2b4e5d3a87938817386ce32e12ea1a2"
"pride_submission/supplementary_tables/results_tables_02_id_mapping_MapThatProt_batch_neuron_neuropil_unmapped_forward_summaries_CA3srres_CA3srcon_summary.csv","results_tables_02_id_mapping_MapThatProt_batch_neuron_neuropil_unmapped_forward_summaries_CA3srres_CA3srcon_summary.csv","csv",80,"2026-05-27 16:05:11","b83d2de89eb0fb450bf25d027ba141c4e2b4e5d3a87938817386ce32e12ea1a2"
"pride_submission/supplementary_tables/results_tables_02_id_mapping_MapThatProt_batch_neuron_neuropil_unmapped_forward_summaries_CA3srsus_CA3srcon_summary.csv","results_tables_02_id_mapping_MapThatProt_batch_neuron_neuropil_unmapped_forward_summaries_CA3srsus_CA3srcon_summary.csv","csv",80,"2026-05-27 16:05:11","b83d2de89eb0fb450bf25d027ba141c4e2b4e5d3a87938817386ce32e12ea1a2"
"pride_submission/supplementary_tables/results_tables_02_id_mapping_MapThatProt_batch_neuron_neuropil_unmapped_forward_summaries_CA3srsus_CA3srres_summary.csv","results_tables_02_id_mapping_MapThatProt_batch_neuron_neuropil_unmapped_forward_summaries_CA3srsus_CA3srres_summary.csv","csv",80,"2026-05-27 16:05:11","b83d2de89eb0fb450bf25d027ba141c4e2b4e5d3a87938817386ce32e12ea1a2"
"pride_submission/supplementary_tables/results_tables_02_id_mapping_MapThatProt_batch_neuron_neuropil_unmapped_forward_summaries_DGmores_DGmocon_summary.csv","results_tables_02_id_mapping_MapThatProt_batch_neuron_neuropil_unmapped_forward_summaries_DGmores_DGmocon_summary.csv","csv",80,"2026-05-27 16:05:11","b83d2de89eb0fb450bf25d027ba141c4e2b4e5d3a87938817386ce32e12ea1a2"
"pride_submission/supplementary_tables/results_tables_02_id_mapping_MapThatProt_batch_neuron_neuropil_unmapped_forward_summaries_DGmosus_DGmocon_summary.csv","results_tables_02_id_mapping_MapThatProt_batch_neuron_neuropil_unmapped_forward_summaries_DGmosus_DGmocon_summary.csv","csv",80,"2026-05-27 16:05:12","b83d2de89eb0fb450bf25d027ba141c4e2b4e5d3a87938817386ce32e12ea1a2"
"pride_submission/supplementary_tables/results_tables_02_id_mapping_MapThatProt_batch_neuron_neuropil_unmapped_forward_summaries_DGmosus_DGmores_summary.csv","results_tables_02_id_mapping_MapThatProt_batch_neuron_neuropil_unmapped_forward_summaries_DGmosus_DGmores_summary.csv","csv",80,"2026-05-27 16:05:12","b83d2de89eb0fb450bf25d027ba141c4e2b4e5d3a87938817386ce32e12ea1a2"
"pride_submission/supplementary_tables/results_tables_02_id_mapping_MapThatProt_batch_neuron_neuropil_unmapped_forward_summaries_DGpores_DGpocon_summary.csv","results_tables_02_id_mapping_MapThatProt_batch_neuron_neuropil_unmapped_forward_summaries_DGpores_DGpocon_summary.csv","csv",80,"2026-05-27 16:05:12","b83d2de89eb0fb450bf25d027ba141c4e2b4e5d3a87938817386ce32e12ea1a2"
"pride_submission/supplementary_tables/results_tables_02_id_mapping_MapThatProt_batch_neuron_neuropil_unmapped_forward_summaries_DGposus_DGpocon_summary.csv","results_tables_02_id_mapping_MapThatProt_batch_neuron_neuropil_unmapped_forward_summaries_DGposus_DGpocon_summary.csv","csv",80,"2026-05-27 16:05:12","b83d2de89eb0fb450bf25d027ba141c4e2b4e5d3a87938817386ce32e12ea1a2"
"pride_submission/supplementary_tables/results_tables_02_id_mapping_MapThatProt_batch_neuron_neuropil_unmapped_forward_summaries_DGposus_DGpores_summary.csv","results_tables_02_id_mapping_MapThatProt_batch_neuron_neuropil_unmapped_forward_summaries_DGposus_DGpores_summary.csv","csv",80,"2026-05-27 16:05:12","b83d2de89eb0fb450bf25d027ba141c4e2b4e5d3a87938817386ce32e12ea1a2"
"pride_submission/supplementary_tables/results_tables_02_id_mapping_MapThatProt_batch_neuron_neuropil_unmapped_forward_summaries_GLOBAL_unmapped_proteins.csv","results_tables_02_id_mapping_MapThatProt_batch_neuron_neuropil_unmapped_forward_summaries_GLOBAL_unmapped_proteins.csv","csv",2982,"2026-05-27 16:05:12","a4efd56acb5e2ec853a3f20b44b733deb62b42329c181b3c67d0a6ae343e666e"
"pride_submission/supplementary_tables/results_tables_04_differential_expression_enrichment_all_ambiguous_signatures__84a8431b.csv","results_tables_04_differential_expression_enrichment_all_ambiguous_signatures__84a8431b.csv","csv",80,"2026-06-12 16:07:20","dfd79636ea270abeaa5b0f6175148341836c55c6e9b91cc9573fc6318c569e5f"
"pride_submission/supplementary_tables/results_tables_04_differential_expression_enrichment_all_ambiguous_signatures__ab1f690c.csv","results_tables_04_differential_expression_enrichment_all_ambiguous_signatures__ab1f690c.csv","csv",705162,"2026-06-12 16:07:09","5603ff286bd6e3090957ccd6b704a42d4dc9274b1cb702f9ab3e19e456850c1e"
"pride_submission/supplementary_tables/results_tables_04_differential_expression_enrichment_all_empirical_microglia_enriched___049e4d3a","results_tables_04_differential_expression_enrichment_all_empirical_microglia_enriched___049e4d3a","",62572,"2026-06-12 16:07:09","e098a11ca20c6cb30ce1cc9d76f798f9b196b22a453590244e8211e96c72c985"
"pride_submission/supplementary_tables/results_tables_04_differential_expression_enrichment_all_empirical_microglia_enriched___c805a509","results_tables_04_differential_expression_enrichment_all_empirical_microglia_enriched___c805a509","",80,"2026-06-12 16:07:21","dfd79636ea270abeaa5b0f6175148341836c55c6e9b91cc9573fc6318c569e5f"
"pride_submission/supplementary_tables/results_tables_04_differential_expression_enrichment_all_empirical_microglia_signature__09072610","results_tables_04_differential_expression_enrichment_all_empirical_microglia_signature__09072610","",135,"2026-06-12 16:07:09","faaf58dfa6023e9963263460041d0c4113c98b90805f2ea3a26c5f2a04e9c9a2"
"pride_submission/supplementary_tables/results_tables_04_differential_expression_enrichment_all_empirical_microglia_signature__97349f7f","results_tables_04_differential_expression_enrichment_all_empirical_microglia_signature__97349f7f","",80,"2026-06-12 16:07:21","dfd79636ea270abeaa5b0f6175148341836c55c6e9b91cc9573fc6318c569e5f"
"pride_submission/supplementary_tables/results_tables_04_differential_expression_enrichment_all_empirical_neuropil_shared__5bf75495.csv","results_tables_04_differential_expression_enrichment_all_empirical_neuropil_shared__5bf75495.csv","csv",80,"2026-06-12 16:07:21","dfd79636ea270abeaa5b0f6175148341836c55c6e9b91cc9573fc6318c569e5f"
"pride_submission/supplementary_tables/results_tables_04_differential_expression_enrichment_all_empirical_neuropil_shared__8a108266.csv","results_tables_04_differential_expression_enrichment_all_empirical_neuropil_shared__8a108266.csv","csv",77278,"2026-06-12 16:07:09","0a305b017c3a50101da47d2e106b181fed18fe7fa2487725ad855d9b79f21763"
"pride_submission/supplementary_tables/results_tables_04_differential_expression_enrichment_all_microglia_signature_claims_ready.csv","results_tables_04_differential_expression_enrichment_all_microglia_signature_claims_ready.csv","csv",23789,"2026-06-12 16:07:10","fe1e5015ba94c0f20ee3a1634f107a58293e87a7e00e7e1ccd8287ae72aab274"
"pride_submission/supplementary_tables/results_tables_04_differential_expression_enrichment_all_microglia_signature_cross_region_cross_","results_tables_04_differential_expression_enrichment_all_microglia_signature_cross_region_cross_","",480411,"2026-06-12 16:07:11","9be441ee05a15e2f0c3f21c4d90e879225158a3666f906cc55f98310025d4349"
"pride_submission/supplementary_tables/results_tables_04_differential_expression_enrichment_all_microglia_signature_cross_region_same_c","results_tables_04_differential_expression_enrichment_all_microglia_signature_cross_region_same_c","",241835,"2026-06-12 16:07:11","0142a07b55f3faae5e175f4faabf37b46576814985319611805a077290fe8004"
"pride_submission/supplementary_tables/results_tables_04_differential_expression_enrichment_all_microglia_signature_diagn__3142784a.csv","results_tables_04_differential_expression_enrichment_all_microglia_signature_diagn__3142784a.csv","csv",392,"2026-06-12 16:07:21","f756ec993262d37c1fa3b2cf6d4e188fadfb4238058eec3b2206665324d3bb5f"
"pride_submission/supplementary_tables/results_tables_04_differential_expression_enrichment_all_microglia_signature_diagn__40f3659b.csv","results_tables_04_differential_expression_enrichment_all_microglia_signature_diagn__40f3659b.csv","csv",890,"2026-06-12 16:07:11","344a84800812b30946d64b6d87c052f504c3506a73357555cb123032e8ed1ef4"
"pride_submission/supplementary_tables/results_tables_04_differential_expression_enrichment_all_microglia_signature_direction_summary.c","results_tables_04_differential_expression_enrichment_all_microglia_signature_direction_summary.c","c",1919,"2026-06-12 16:07:11","829c728112c49a37c1abc9aa35ce8f8334d4b112ca40da280fc1c2065607231e"
"pride_submission/supplementary_tables/results_tables_04_differential_expression_enrichment_all_microglia_signature_enric__3d7f74b0.csv","results_tables_04_differential_expression_enrichment_all_microglia_signature_enric__3d7f74b0.csv","csv",654817,"2026-06-12 16:07:12","ef2122a072e308b14a3c138b895a05d231934cc493b6396bdb6334e2c95247bc"
"pride_submission/supplementary_tables/results_tables_04_differential_expression_enrichment_all_microglia_signature_enric__63cf6d7f.csv","results_tables_04_differential_expression_enrichment_all_microglia_signature_enric__63cf6d7f.csv","csv",80,"2026-06-12 16:07:21","dfd79636ea270abeaa5b0f6175148341836c55c6e9b91cc9573fc6318c569e5f"
"pride_submission/supplementary_tables/results_tables_04_differential_expression_enrichment_all_microglia_signature_enrichmen__022b1ccc","results_tables_04_differential_expression_enrichment_all_microglia_signature_enrichmen__022b1ccc","",80,"2026-06-12 16:07:21","dfd79636ea270abeaa5b0f6175148341836c55c6e9b91cc9573fc6318c569e5f"
"pride_submission/supplementary_tables/results_tables_04_differential_expression_enrichment_all_microglia_signature_enrichmen__1244aa35","results_tables_04_differential_expression_enrichment_all_microglia_signature_enrichmen__1244aa35","",80,"2026-06-12 16:07:21","dfd79636ea270abeaa5b0f6175148341836c55c6e9b91cc9573fc6318c569e5f"
"pride_submission/supplementary_tables/results_tables_04_differential_expression_enrichment_all_microglia_signature_enrichmen__3ec3c4fd","results_tables_04_differential_expression_enrichment_all_microglia_signature_enrichmen__3ec3c4fd","",6284,"2026-06-12 16:07:12","e51eab6a0cb50544f14dc20df4effa71639905d7b7b1b825c21e135207991f7b"
"pride_submission/supplementary_tables/results_tables_04_differential_expression_enrichment_all_microglia_signature_enrichmen__96e19466","results_tables_04_differential_expression_enrichment_all_microglia_signature_enrichmen__96e19466","",759697,"2026-06-12 16:07:14","2bb7d91187ffe58674dc69808becb8cbf914a1d1bffca7bbb0b2c31d442a3fd7"
"pride_submission/supplementary_tables/results_tables_04_differential_expression_enrichment_all_microglia_signature_enrichment_with_con","results_tables_04_differential_expression_enrichment_all_microglia_signature_enrichment_with_con","",880593,"2026-06-12 16:07:13","c5a38660d022f8e25e6b06628aed487894ea2a61cf07beddc914350176f7ce2c"
"pride_submission/supplementary_tables/results_tables_04_differential_expression_enrichment_all_microglia_signature_interpretation_summ","results_tables_04_differential_expression_enrichment_all_microglia_signature_interpretation_summ","",8810,"2026-06-12 16:07:14","e3345382b7b79a7e3d5c6a67d2117f0474797a3f284848706bed16ae7892c0a8"
"pride_submission/supplementary_tables/results_tables_04_differential_expression_enrichment_all_microglia_signature_leading_edge_recurr","results_tables_04_differential_expression_enrichment_all_microglia_signature_leading_edge_recurr","",3658926,"2026-06-12 16:07:19","821a76a1c2011e72133459dd45c59a67bc660c7240e902e4189b89983526dc05"
"pride_submission/supplementary_tables/results_tables_04_differential_expression_enrichment_all_microglia_signature_regional_pooled_sum","results_tables_04_differential_expression_enrichment_all_microglia_signature_regional_pooled_sum","",22007,"2026-06-12 16:07:19","f17b7292f95533421d29d9cb2b51bf73dab9424caa20f9ed9208fa69ac98961a"
"pride_submission/supplementary_tables/results_tables_04_differential_expression_enrichment_all_microglia_signature_unclassified_techni","results_tables_04_differential_expression_enrichment_all_microglia_signature_unclassified_techni","",995,"2026-06-12 16:07:19","5783ada3e5f3593b97c9d0955052471a874f6084e5cd0a49cd1b22b01b398082"
"pride_submission/supplementary_tables/results_tables_04_differential_expression_enrichment_all_microglia_signature_within_region_condi","results_tables_04_differential_expression_enrichment_all_microglia_signature_within_region_condi","",160337,"2026-06-12 16:07:20","c7d4afb69d3eff46d11a0437efe0691509147ed9b2b20dd673fdf4a07dcc5c1a"
"pride_submission/supplementary_tables/results_tables_04_differential_expression_enrichment_all_mixed_microenvironment_si__29ebd774.csv","results_tables_04_differential_expression_enrichment_all_mixed_microenvironment_si__29ebd774.csv","csv",80,"2026-06-12 16:07:21","dfd79636ea270abeaa5b0f6175148341836c55c6e9b91cc9573fc6318c569e5f"
"pride_submission/supplementary_tables/results_tables_04_differential_expression_enrichment_all_mixed_microenvironment_si__e98d5d05.csv","results_tables_04_differential_expression_enrichment_all_mixed_microenvironment_si__e98d5d05.csv","csv",995,"2026-06-12 16:07:20","5783ada3e5f3593b97c9d0955052471a874f6084e5cd0a49cd1b22b01b398082"
"pride_submission/supplementary_tables/results_tables_04_differential_expression_enrichment_all_neuropil_shared_signature__421a9bd3.csv","results_tables_04_differential_expression_enrichment_all_neuropil_shared_signature__421a9bd3.csv","csv",80,"2026-06-12 16:07:21","dfd79636ea270abeaa5b0f6175148341836c55c6e9b91cc9573fc6318c569e5f"
"pride_submission/supplementary_tables/results_tables_04_differential_expression_enrichment_all_neuropil_shared_signature__c82cb284.csv","results_tables_04_differential_expression_enrichment_all_neuropil_shared_signature__c82cb284.csv","csv",47390,"2026-06-12 16:07:20","df524ce80f40d1b30db5d03831e2550651f94ab7134382042e3ab81bcf90fb9a"
"pride_submission/supplementary_tables/results_tables_04_differential_expression_enrichment_all_program_summary__18de00a6.csv","results_tables_04_differential_expression_enrichment_all_program_summary__18de00a6.csv","csv",97808,"2026-06-12 16:07:07","f0858aff74b534d1739394e48c365381623cce882bd7d1bf7bed087090c297b7"
"pride_submission/supplementary_tables/results_tables_04_differential_expression_enrichment_all_program_summary__2cdfd677.csv","results_tables_04_differential_expression_enrichment_all_program_summary__2cdfd677.csv","csv",103428,"2026-06-12 16:07:04","4a1c1cbbfecbc24bda6337f9d996c9932fd35fe5f187c085d0da34dbe7916946"
"pride_submission/supplementary_tables/results_tables_04_differential_expression_enrichment_all_program_summary_heatmap_r__c1cc72b9.csv","results_tables_04_differential_expression_enrichment_all_program_summary_heatmap_r__c1cc72b9.csv","csv",106252,"2026-06-12 16:07:07","af2ff2311d44425b93a0818d624f47912076c1079ace3002253500c61878c557"
"pride_submission/supplementary_tables/results_tables_04_differential_expression_enrichment_all_program_summary_heatmap_r__ff2fa24a.csv","results_tables_04_differential_expression_enrichment_all_program_summary_heatmap_r__ff2fa24a.csv","csv",114986,"2026-06-12 16:07:04","e0a2be1b2a081780f3f10a4893292bcf1542e315061ca1975aa54ce1862aacb6"
"pride_submission/supplementary_tables/results_tables_04_differential_expression_enrichment_all_program_summary_integrated_in__6ff76cd4","results_tables_04_differential_expression_enrichment_all_program_summary_integrated_in__6ff76cd4","",151903,"2026-06-12 16:07:04","d419dcd0a93971576f1d33b522819d0c5e6a891e9d0c0a80a17483169ed5ee8d"
"pride_submission/supplementary_tables/results_tables_04_differential_expression_enrichment_all_program_summary_integrated_in__9e815bc3","results_tables_04_differential_expression_enrichment_all_program_summary_integrated_in__9e815bc3","",113679,"2026-06-12 16:07:07","2098073d4938df12b588adf9a4b5201dbe612823deb08d3ac5f85476a54833e8"
"pride_submission/supplementary_tables/results_tables_04_differential_expression_enrichment_all_program_summary_microglia_sig__14c5db0a","results_tables_04_differential_expression_enrichment_all_program_summary_microglia_sig__14c5db0a","",98706,"2026-06-12 16:07:08","69106d16dece625c0e644081ddc88a23fa4af119b28154257fd97aeeb7412e5c"
"pride_submission/supplementary_tables/results_tables_04_differential_expression_enrichment_all_program_summary_microglia_sig__e6100c9b","results_tables_04_differential_expression_enrichment_all_program_summary_microglia_sig__e6100c9b","",119731,"2026-06-12 16:07:04","1e18cfebd63e33df590390f5265eaebb5f036f9ff7963ce75bb7201efd101e6d"
"pride_submission/supplementary_tables/results_tables_04_differential_expression_enrichment_all_program_summary_neuropil___1ec2ae30.csv","results_tables_04_differential_expression_enrichment_all_program_summary_neuropil___1ec2ae30.csv","csv",98695,"2026-06-12 16:07:08","b1d182902650b7372ad05ffd983e9b6706fe48bd39d8ad76c26aaba84dea7707"
"pride_submission/supplementary_tables/results_tables_04_differential_expression_enrichment_all_program_summary_neuropil___26b74061.csv","results_tables_04_differential_expression_enrichment_all_program_summary_neuropil___26b74061.csv","csv",113714,"2026-06-12 16:07:05","acf849cfd982c508baebe40904e3689807fb8135bfe71502e0915bcbbdfa2dcd"
"pride_submission/supplementary_tables/results_tables_04_differential_expression_enrichment_all_program_summary_wide__7347f90e.csv","results_tables_04_differential_expression_enrichment_all_program_summary_wide__7347f90e.csv","csv",20546,"2026-06-12 16:07:08","2e3b6ed751550bc9e58cfce2b45087fc6b3215e97aa5677f0e39e6462cf98558"
"pride_submission/supplementary_tables/results_tables_04_differential_expression_enrichment_all_program_summary_wide__f23d197f.csv","results_tables_04_differential_expression_enrichment_all_program_summary_wide__f23d197f.csv","csv",20732,"2026-06-12 16:07:05","c717a00f32826921d3b6b666b2bbaa2e6a4062f0e7c188436f1625514b474ef0"
"pride_submission/supplementary_tables/results_tables_04_differential_expression_enrichment_all_robust_microglia_signatur__0de2aab5.csv","results_tables_04_differential_expression_enrichment_all_robust_microglia_signatur__0de2aab5.csv","csv",115382,"2026-06-12 16:07:20","6fcf441c3ebaf4e7bf28cda5ea7591836c17bbea6cb199040878301ad8e60fe9"
"pride_submission/supplementary_tables/results_tables_04_differential_expression_enrichment_all_robust_microglia_signatur__c58dbde4.csv","results_tables_04_differential_expression_enrichment_all_robust_microglia_signatur__c58dbde4.csv","csv",80,"2026-06-12 16:07:21","dfd79636ea270abeaa5b0f6175148341836c55c6e9b91cc9573fc6318c569e5f"
"pride_submission/supplementary_tables/results_tables_04_differential_expression_enrichment_biological_program_summary_microglia_program_summary.csv","results_tables_04_differential_expression_enrichment_biological_program_summary_microglia_program_summary.csv","csv",103428,"2026-06-12 06:09:33","4a1c1cbbfecbc24bda6337f9d996c9932fd35fe5f187c085d0da34dbe7916946"
"pride_submission/supplementary_tables/results_tables_04_differential_expression_enrichment_biological_program_summary_microglia_program_summary_heatmap_ready.csv","results_tables_04_differential_expression_enrichment_biological_program_summary_microglia_program_summary_heatmap_ready.csv","csv",114986,"2026-06-12 06:09:33","e0a2be1b2a081780f3f10a4893292bcf1542e315061ca1975aa54ce1862aacb6"
"pride_submission/supplementary_tables/results_tables_04_differential_expression_enrichment_biological_program_summary_microglia_program_summary_integrated_interpretation.csv","results_tables_04_differential_expression_enrichment_biological_program_summary_microglia_program_summary_integrated_interpretation.csv","csv",151903,"2026-06-12 06:09:33","d419dcd0a93971576f1d33b522819d0c5e6a891e9d0c0a80a17483169ed5ee8d"
"pride_submission/supplementary_tables/results_tables_04_differential_expression_enrichment_biological_program_summary_microglia_program_summary_microglia_signature_annotated.csv","results_tables_04_differential_expression_enrichment_biological_program_summary_microglia_program_summary_microglia_signature_annotated.csv","csv",119731,"2026-06-12 06:09:34","1e18cfebd63e33df590390f5265eaebb5f036f9ff7963ce75bb7201efd101e6d"
"pride_submission/supplementary_tables/results_tables_04_differential_expression_enrichment_biological_program_summary_microglia_program_summary_neuropil_annotated.csv","results_tables_04_differential_expression_enrichment_biological_program_summary_microglia_program_summary_neuropil_annotated.csv","csv",113714,"2026-06-12 06:09:34","acf849cfd982c508baebe40904e3689807fb8135bfe71502e0915bcbbdfa2dcd"
"pride_submission/supplementary_tables/results_tables_04_differential_expression_enrichment_biological_program_summary_microglia_program_summary_wide.csv","results_tables_04_differential_expression_enrichment_biological_program_summary_microglia_program_summary_wide.csv","csv",20732,"2026-06-12 06:09:34","c717a00f32826921d3b6b666b2bbaa2e6a4062f0e7c188436f1625514b474ef0"
"pride_submission/supplementary_tables/results_tables_04_differential_expression_enrichment_biological_program_summary_neuron_neuropil_program_summary.csv","results_tables_04_differential_expression_enrichment_biological_program_summary_neuron_neuropil_program_summary.csv","csv",245456,"2026-06-12 06:09:34","6c470160b394e09f37e2d23321c711ae04dba9b87876817d6e5cfca2014d36be"
"pride_submission/supplementary_tables/results_tables_04_differential_expression_enrichment_biological_program_summary_neuron_neuropil_program_summary_heatmap_ready.csv","results_tables_04_differential_expression_enrichment_biological_program_summary_neuron_neuropil_program_summary_heatmap_ready.csv","csv",266199,"2026-06-12 06:09:35","139202650f192086c4cdcfd61dda96053e4717cf51838e3b7f229f93d5b4ea28"
"pride_submission/supplementary_tables/results_tables_04_differential_expression_enrichment_biological_program_summary_neuron_neuropil_program_summary_integrated_interpretation.csv","results_tables_04_differential_expression_enrichment_biological_program_summary_neuron_neuropil_program_summary_integrated_interpretation.csv","csv",284727,"2026-06-12 06:09:35","58f2e572c6eed38847230f208ea8365733f5feff31cbf00e04e82aecda1525e9"
"pride_submission/supplementary_tables/results_tables_04_differential_expression_enrichment_biological_program_summary_neuron_neuropil_program_summary_microglia_signature_annotated.csv","results_tables_04_differential_expression_enrichment_biological_program_summary_neuron_neuropil_program_summary_microglia_signature_annotated.csv","csv",247524,"2026-06-12 06:09:36","c10bdb6bb1347a7ca31b908a2506927561e2deaf4b0227223be982b697009f89"
"pride_submission/supplementary_tables/results_tables_04_differential_expression_enrichment_biological_program_summary_neuron_neuropil_program_summary_neuropil_annotated.csv","results_tables_04_differential_expression_enrichment_biological_program_summary_neuron_neuropil_program_summary_neuropil_annotated.csv","csv",247513,"2026-06-12 06:09:36","7838343743f943e642c5d96c4194d22ca1bfa525ece51e4aa2113a625c58d6b6"
"pride_submission/supplementary_tables/results_tables_04_differential_expression_enrichment_biological_program_summary_neuron_neuropil_program_summary_wide.csv","results_tables_04_differential_expression_enrichment_biological_program_summary_neuron_neuropil_program_summary_wide.csv","csv",50958,"2026-06-12 06:09:36","a4de03bd1cfefcba47a7ebf5ad873e6bcf648f2bdc43a83b7555c458fca64667"
"pride_submission/supplementary_tables/results_tables_04_differential_expression_enrichment_biological_program_summary_neuron_soma_program_summary.csv","results_tables_04_differential_expression_enrichment_biological_program_summary_neuron_soma_program_summary.csv","csv",97808,"2026-06-12 06:09:36","f0858aff74b534d1739394e48c365381623cce882bd7d1bf7bed087090c297b7"
"pride_submission/supplementary_tables/results_tables_04_differential_expression_enrichment_biological_program_summary_neuron_soma_program_summary_heatmap_ready.csv","results_tables_04_differential_expression_enrichment_biological_program_summary_neuron_soma_program_summary_heatmap_ready.csv","csv",106252,"2026-06-12 06:09:37","af2ff2311d44425b93a0818d624f47912076c1079ace3002253500c61878c557"
"pride_submission/supplementary_tables/results_tables_04_differential_expression_enrichment_biological_program_summary_neuron_soma_program_summary_integrated_interpretation.csv","results_tables_04_differential_expression_enrichment_biological_program_summary_neuron_soma_program_summary_integrated_interpretation.csv","csv",113679,"2026-06-12 06:09:37","2098073d4938df12b588adf9a4b5201dbe612823deb08d3ac5f85476a54833e8"
"pride_submission/supplementary_tables/results_tables_04_differential_expression_enrichment_biological_program_summary_neuron_soma_program_summary_microglia_signature_annotated.csv","results_tables_04_differential_expression_enrichment_biological_program_summary_neuron_soma_program_summary_microglia_signature_annotated.csv","csv",98706,"2026-06-12 06:09:37","69106d16dece625c0e644081ddc88a23fa4af119b28154257fd97aeeb7412e5c"
"pride_submission/supplementary_tables/results_tables_04_differential_expression_enrichment_biological_program_summary_neuron_soma_program_summary_neuropil_annotated.csv","results_tables_04_differential_expression_enrichment_biological_program_summary_neuron_soma_program_summary_neuropil_annotated.csv","csv",98695,"2026-06-12 06:09:37","b1d182902650b7372ad05ffd983e9b6706fe48bd39d8ad76c26aaba84dea7707"
"pride_submission/supplementary_tables/results_tables_04_differential_expression_enrichment_biological_program_summary_neuron_soma_program_summary_wide.csv","results_tables_04_differential_expression_enrichment_biological_program_summary_neuron_soma_program_summary_wide.csv","csv",20546,"2026-06-12 06:09:37","2e3b6ed751550bc9e58cfce2b45087fc6b3215e97aa5677f0e39e6462cf98558"
"pride_submission/supplementary_tables/results_tables_04_differential_expression_enrichment_compareGO_neuron_neuropil_BP_phenotype_within_unit_01_Summary_Statistics.xlsx","results_tables_04_differential_expression_enrichment_compareGO_neuron_neuropil_BP_phenotype_within_unit_01_Summary_Statistics.xlsx","xlsx",8641,"2026-05-27 16:05:12","f732fc65b646ab12fa20c0161ab1f842bd50b0572d1d551397ee0d097448a4b3"
"pride_submission/supplementary_tables/results_tables_04_differential_expression_enrichment_compareGO_neuron_neuropil_BP_phenotype_within_unit_02_Term_Consistency_Analysis.xlsx","results_tables_04_differential_expression_enrichment_compareGO_neuron_neuropil_BP_phenotype_within_unit_02_Term_Consistency_Analysis.xlsx","xlsx",346943,"2026-05-27 16:05:12","10f6fb4fb4883149ff63d357ec4640301bc5cc5ea76274e13370a38e53c217c9"
"pride_submission/supplementary_tables/results_tables_04_differential_expression_enrichment_compareGO_neuron_neuropil_BP_phenotype_within_unit_03_Gene_Importance_All.xlsx","results_tables_04_differential_expression_enrichment_compareGO_neuron_neuropil_BP_phenotype_within_unit_03_Gene_Importance_All.xlsx","xlsx",386021,"2026-05-27 16:05:12","548807ea2478b74d37fa296a6a1530ed30d521d0b1c4ee539ce844c4721325b7"
"pride_submission/supplementary_tables/results_tables_04_differential_expression_enrichment_compareGO_neuron_neuropil_BP_phenotype_within_unit_03_Gene_Importance_Top100.xlsx","results_tables_04_differential_expression_enrichment_compareGO_neuron_neuropil_BP_phenotype_within_unit_03_Gene_Importance_Top100.xlsx","xlsx",14235,"2026-05-27 16:05:13","441501d746cefa4cff2c1d4777bbd513cd192b18beed9a6dde3f3402c7a42c49"
"pride_submission/supplementary_tables/results_tables_04_differential_expression_enrichment_compareGO_neuron_neuropil_BP_phenotype_within_unit_04_Comparison_Gene_Similarity.xlsx","results_tables_04_differential_expression_enrichment_compareGO_neuron_neuropil_BP_phenotype_within_unit_04_Comparison_Gene_Similarity.xlsx","xlsx",25072,"2026-05-27 16:05:13","e7bec45543a8c14194dc0e7bf0d8632562b456ddb1d9ea72e885b1978592cc81"
"pride_submission/supplementary_tables/results_tables_04_differential_expression_enrichment_compareGO_neuron_neuropil_BP_phenotype_within_unit_05_Redundancy_Detailed_Report.xlsx","results_tables_04_differential_expression_enrichment_compareGO_neuron_neuropil_BP_phenotype_within_unit_05_Redundancy_Detailed_Report.xlsx","xlsx",18487,"2026-05-27 16:05:13","5ba43e3ffcd67cc0d1384a37de0abc5dd04c6438e03f93977f9ec3e0638983cf"
"pride_submission/supplementary_tables/results_tables_04_differential_expression_enrichment_compareGO_neuron_neuropil_BP_phenotype_within_unit_06_Term_Comparison_Occurrence_Matrix.xlsx","results_tables_04_differential_expression_enrichment_compareGO_neuron_neuropil_BP_phenotype_within_unit_06_Term_Comparison_Occurrence_Matrix.xlsx","xlsx",28279,"2026-05-27 16:05:13","70b17ab7dfbed9f982cb833088d9071d457eaf14eb56a68c40734a8ee35ff27e"
"pride_submission/supplementary_tables/results_tables_04_differential_expression_enrichment_compareGO_neuron_neuropil_BP_phenotype_within_unit_07_Top_Genes_Driving_TopTerms.xlsx","results_tables_04_differential_expression_enrichment_compareGO_neuron_neuropil_BP_phenotype_within_unit_07_Top_Genes_Driving_TopTerms.xlsx","xlsx",163255,"2026-05-27 16:05:13","0a1aee8cf13698da6342f98e69d07ac0bece9fb7ca38cfb33c2067c36ac25b23"
"pride_submission/supplementary_tables/results_tables_04_differential_expression_enrichment_compareGO_neuron_neuropil_BP_phenotype_within_unit_08_Bootstrap_Stability_Summary.xlsx","results_tables_04_differential_expression_enrichment_compareGO_neuron_neuropil_BP_phenotype_within_unit_08_Bootstrap_Stability_Summary.xlsx","xlsx",5141,"2026-05-27 16:05:13","024d3671f2cd6026e8bfd7feb6d9839c7ff23eeb41c98d8f66235d854185baba"
"pride_submission/supplementary_tables/results_tables_04_differential_expression_enrichment_compareGO_neuron_neuropil_BP_phenotype_within_unit_09_Reproducibility_Log.xlsx","results_tables_04_differential_expression_enrichment_compareGO_neuron_neuropil_BP_phenotype_within_unit_09_Reproducibility_Log.xlsx","xlsx",6885,"2026-05-27 16:05:13","3ce183eae9095921b92c155ac9a4d8c98d6889e2de8302439c1f6c094ef96d75"
"pride_submission/supplementary_tables/results_tables_04_differential_expression_enrichment_compareGO_neuron_neuropil_BP_phenotype_within_unit_10_Data_Quality_Summary.xlsx","results_tables_04_differential_expression_enrichment_compareGO_neuron_neuropil_BP_phenotype_within_unit_10_Data_Quality_Summary.xlsx","xlsx",5267,"2026-05-27 16:05:13","88696a82bb50facea1f6fd4a452aa11d807d52164931098ddbcbf4ff353f8a9f"
"pride_submission/supplementary_tables/results_tables_04_differential_expression_enrichment_compareGO_neuron_neuropil_BP_phenotype_within_unit_Combined_Enrichment_Data.xlsx","results_tables_04_differential_expression_enrichment_compareGO_neuron_neuropil_BP_phenotype_within_unit_Combined_Enrichment_Data.xlsx","xlsx",18756279,"2026-05-27 16:05:14","36f31e873ef2792cab74df06c73b9dc1281a8fd4367a8ff6e28181e1af5656c5"
"pride_submission/supplementary_tables/results_tables_04_differential_expression_enrichment_compareGO_neuron_neuropil_BP_phenotype_within_unit_Core_Enrichment_LongFormat.csv","results_tables_04_differential_expression_enrichment_compareGO_neuron_neuropil_BP_phenotype_within_unit_Core_Enrichment_LongFormat.csv","csv",192432314,"2026-05-27 16:05:25","4bd2eff30cc083c6765d770c5d102355eb182637469665816b4950d9758af235"
"pride_submission/supplementary_tables/results_tables_04_differential_expression_enrichment_compareGO_neuron_neuropil_BP_phenotype_within_unit_Enrichment_List_Debug.xlsx","results_tables_04_differential_expression_enrichment_compareGO_neuron_neuropil_BP_phenotype_within_unit_Enrichment_List_Debug.xlsx","xlsx",15858932,"2026-05-27 16:05:26","7f623c82b312cbc0aee287b3419f897a0b5f6b453ee5e0fa9b903a7aef4548c7"
"pride_submission/supplementary_tables/results_tables_04_differential_expression_enrichment_compareGO_neuron_neuropil_BP_phenotype_within_unit_gene_centric_GeneCentric_Log2FC_Summary.xlsx","results_tables_04_differential_expression_enrichment_compareGO_neuron_neuropil_BP_phenotype_within_unit_gene_centric_GeneCentric_Log2FC_Summary.xlsx","xlsx",14702,"2026-05-27 16:05:26","408ec05b6f27c65532a5964caec7cb60655f007c6dfbc4b5aad1630a8e64d20e"
"pride_submission/supplementary_tables/results_tables_04_differential_expression_enrichment_compareGO_neuron_neuropil_BP_phenotype_within_unit_Inferred_CellTypes_Per_Comparison.csv","results_tables_04_differential_expression_enrichment_compareGO_neuron_neuropil_BP_phenotype_within_unit_Inferred_CellTypes_Per_Comparison.csv","csv",1225,"2026-05-27 16:05:26","518d43f1baf8e314701b8e2b42a1836109bfd7b6b6bfa97b14c075d841d0793f"
"pride_submission/supplementary_tables/results_tables_04_differential_expression_enrichment_compareGO_neuron_neuropil_BP_phenotype_within_unit_Inferred_CellTypes_Per_Comparison.xlsx","results_tables_04_differential_expression_enrichment_compareGO_neuron_neuropil_BP_phenotype_within_unit_Inferred_CellTypes_Per_Comparison.xlsx","xlsx",1140460,"2026-05-27 16:05:26","497c612fb0c297e342b64cef9b3fdc7db25b110c00d3160ce86822e6fee529ac"
"pride_submission/supplementary_tables/results_tables_04_differential_expression_enrichment_compareGO_neuron_neuropil_BP_phenotype_within_unit_Matrix_Heatmap_NES.xlsx","results_tables_04_differential_expression_enrichment_compareGO_neuron_neuropil_BP_phenotype_within_unit_Matrix_Heatmap_NES.xlsx","xlsx",12965,"2026-05-27 16:05:27","9bddf3209c66467ce0915938ba483deb0cf0479ad252408649bcbdba68b3aebb"
"pride_submission/supplementary_tables/results_tables_04_differential_expression_enrichment_compareGO_neuron_neuropil_BP_phenotype_within_unit_Redundancy_Check_Results.xlsx","results_tables_04_differential_expression_enrichment_compareGO_neuron_neuropil_BP_phenotype_within_unit_Redundancy_Check_Results.xlsx","xlsx",92766,"2026-05-27 16:05:27","f03914f43b277af83282ea74319345b5421e65c920a3f9f7c5b60bfaf5d64fb2"
"pride_submission/supplementary_tables/results_tables_04_differential_expression_enrichment_compareGO_neuron_neuropil_BP_phenotype_within_unit_simplifyGO_MultipleLists_Results.xlsx","results_tables_04_differential_expression_enrichment_compareGO_neuron_neuropil_BP_phenotype_within_unit_simplifyGO_MultipleLists_Results.xlsx","xlsx",51861,"2026-05-27 16:05:28","68fb2722217752139e9cda902b1879f7a5dd7b47dd80fd8ffb22e806a5a9d2da"
"pride_submission/supplementary_tables/results_tables_04_differential_expression_enrichment_compareGO_neuron_neuropil_BP_phenotype_within_unit_Supplementary_Data.xlsx","results_tables_04_differential_expression_enrichment_compareGO_neuron_neuropil_BP_phenotype_within_unit_Supplementary_Data.xlsx","xlsx",26211756,"2026-05-27 16:05:29","d565f6def9498485c3e76006c43ccffa64e27676fe5c4391ab5953d73d4a0d74"
"pride_submission/supplementary_tables/results_tables_04_differential_expression_enrichment_compareGO_neuron_neuropil_BP_phenotype_within_unit_TopBottom_GeneList.xlsx","results_tables_04_differential_expression_enrichment_compareGO_neuron_neuropil_BP_phenotype_within_unit_TopBottom_GeneList.xlsx","xlsx",14114,"2026-05-27 16:05:29","ed947905cd9cefaec202821bccde7fb2b6873f2199767f338c43a4fb4645e61b"
"pride_submission/supplementary_tables/results_tables_04_differential_expression_enrichment_compareGO_overlapping_proteins_min3_datasets.xlsx","results_tables_04_differential_expression_enrichment_compareGO_overlapping_proteins_min3_datasets.xlsx","xlsx",461528,"2026-05-27 16:05:29","beac7c96729e1d94502ac20261b7431ff59a088432ab489d31692666e905d78c"
"pride_submission/supplementary_tables/results_tables_04_differential_expression_enrichment_microglia_ambiguous_signatures.csv","results_tables_04_differential_expression_enrichment_microglia_ambiguous_signatures.csv","csv",705162,"2026-06-22 17:43:07","5603ff286bd6e3090957ccd6b704a42d4dc9274b1cb702f9ab3e19e456850c1e"
"pride_submission/supplementary_tables/results_tables_04_differential_expression_enrichment_microglia_empirical_microglia_enriched_sign","results_tables_04_differential_expression_enrichment_microglia_empirical_microglia_enriched_sign","",62572,"2026-06-22 17:43:07","e098a11ca20c6cb30ce1cc9d76f798f9b196b22a453590244e8211e96c72c985"
"pride_submission/supplementary_tables/results_tables_04_differential_expression_enrichment_microglia_empirical_microglia_signature_dia","results_tables_04_differential_expression_enrichment_microglia_empirical_microglia_signature_dia","",135,"2026-06-22 17:43:07","faaf58dfa6023e9963263460041d0c4113c98b90805f2ea3a26c5f2a04e9c9a2"
"pride_submission/supplementary_tables/results_tables_04_differential_expression_enrichment_microglia_empirical_neuropil_shared_signatu","results_tables_04_differential_expression_enrichment_microglia_empirical_neuropil_shared_signatu","",77278,"2026-06-22 17:43:07","0a305b017c3a50101da47d2e106b181fed18fe7fa2487725ad855d9b79f21763"
"pride_submission/supplementary_tables/results_tables_04_differential_expression_enrichment_microglia_microglia_signature_claims_ready","results_tables_04_differential_expression_enrichment_microglia_microglia_signature_claims_ready","",23789,"2026-06-22 17:43:07","fe1e5015ba94c0f20ee3a1634f107a58293e87a7e00e7e1ccd8287ae72aab274"
"pride_submission/supplementary_tables/results_tables_04_differential_expression_enrichment_microglia_microglia_signature_cro__298c121f","results_tables_04_differential_expression_enrichment_microglia_microglia_signature_cro__298c121f","",480411,"2026-06-22 17:43:08","9be441ee05a15e2f0c3f21c4d90e879225158a3666f906cc55f98310025d4349"
"pride_submission/supplementary_tables/results_tables_04_differential_expression_enrichment_microglia_microglia_signature_cro__a909de9b","results_tables_04_differential_expression_enrichment_microglia_microglia_signature_cro__a909de9b","",241835,"2026-06-22 17:43:08","0142a07b55f3faae5e175f4faabf37b46576814985319611805a077290fe8004"
"pride_submission/supplementary_tables/results_tables_04_differential_expression_enrichment_microglia_microglia_signature_diagnostics.c","results_tables_04_differential_expression_enrichment_microglia_microglia_signature_diagnostics.c","c",1535,"2026-06-22 17:43:08","46624e2706bcd2849ab90c30bc434dd8dd97245bc6e5b459929cce00be588fc1"
"pride_submission/supplementary_tables/results_tables_04_differential_expression_enrichment_microglia_microglia_signature_direction_sum","results_tables_04_differential_expression_enrichment_microglia_microglia_signature_direction_sum","",1919,"2026-06-22 17:43:08","829c728112c49a37c1abc9aa35ce8f8334d4b112ca40da280fc1c2065607231e"
"pride_submission/supplementary_tables/results_tables_04_differential_expression_enrichment_microglia_microglia_signature_enr__96e19466","results_tables_04_differential_expression_enrichment_microglia_microglia_signature_enr__96e19466","",759697,"2026-06-22 17:43:10","2bb7d91187ffe58674dc69808becb8cbf914a1d1bffca7bbb0b2c31d442a3fd7"
"pride_submission/supplementary_tables/results_tables_04_differential_expression_enrichment_microglia_microglia_signature_enr__a2bcdccd","results_tables_04_differential_expression_enrichment_microglia_microglia_signature_enr__a2bcdccd","",880593,"2026-06-22 17:43:10","c5a38660d022f8e25e6b06628aed487894ea2a61cf07beddc914350176f7ce2c"
"pride_submission/supplementary_tables/results_tables_04_differential_expression_enrichment_microglia_microglia_signature_enrichment.cs","results_tables_04_differential_expression_enrichment_microglia_microglia_signature_enrichment.cs","cs",654817,"2026-06-22 17:43:09","ef2122a072e308b14a3c138b895a05d231934cc493b6396bdb6334e2c95247bc"
"pride_submission/supplementary_tables/results_tables_04_differential_expression_enrichment_microglia_microglia_signature_enrichment_su","results_tables_04_differential_expression_enrichment_microglia_microglia_signature_enrichment_su","",6284,"2026-06-22 17:43:09","e51eab6a0cb50544f14dc20df4effa71639905d7b7b1b825c21e135207991f7b"
"pride_submission/supplementary_tables/results_tables_04_differential_expression_enrichment_microglia_microglia_signature_interpretatio","results_tables_04_differential_expression_enrichment_microglia_microglia_signature_interpretatio","",8810,"2026-06-22 17:43:10","e3345382b7b79a7e3d5c6a67d2117f0474797a3f284848706bed16ae7892c0a8"
"pride_submission/supplementary_tables/results_tables_04_differential_expression_enrichment_microglia_microglia_signature_leading_edge_","results_tables_04_differential_expression_enrichment_microglia_microglia_signature_leading_edge_","",3658926,"2026-06-22 17:43:11","821a76a1c2011e72133459dd45c59a67bc660c7240e902e4189b89983526dc05"
"pride_submission/supplementary_tables/results_tables_04_differential_expression_enrichment_microglia_microglia_signature_regional_pool","results_tables_04_differential_expression_enrichment_microglia_microglia_signature_regional_pool","",22007,"2026-06-22 17:43:12","f17b7292f95533421d29d9cb2b51bf73dab9424caa20f9ed9208fa69ac98961a"
"pride_submission/supplementary_tables/results_tables_04_differential_expression_enrichment_microglia_microglia_signature_unclassified_","results_tables_04_differential_expression_enrichment_microglia_microglia_signature_unclassified_","",995,"2026-06-22 17:43:12","5783ada3e5f3593b97c9d0955052471a874f6084e5cd0a49cd1b22b01b398082"
"pride_submission/supplementary_tables/results_tables_04_differential_expression_enrichment_microglia_microglia_signature_within_region","results_tables_04_differential_expression_enrichment_microglia_microglia_signature_within_region","",160337,"2026-06-22 17:43:12","c7d4afb69d3eff46d11a0437efe0691509147ed9b2b20dd673fdf4a07dcc5c1a"
"pride_submission/supplementary_tables/results_tables_04_differential_expression_enrichment_microglia_mixed_microenvironment_signatures","results_tables_04_differential_expression_enrichment_microglia_mixed_microenvironment_signatures","",995,"2026-06-22 17:43:12","5783ada3e5f3593b97c9d0955052471a874f6084e5cd0a49cd1b22b01b398082"
"pride_submission/supplementary_tables/results_tables_04_differential_expression_enrichment_microglia_neuropil_shared_signatures.csv","results_tables_04_differential_expression_enrichment_microglia_neuropil_shared_signatures.csv","csv",47390,"2026-06-22 17:43:12","df524ce80f40d1b30db5d03831e2550651f94ab7134382042e3ab81bcf90fb9a"
"pride_submission/supplementary_tables/results_tables_04_differential_expression_enrichment_microglia_program_summary.csv","results_tables_04_differential_expression_enrichment_microglia_program_summary.csv","csv",103782,"2026-06-22 17:43:02","afb457b9d4d29ec51d6456f19fedf28cc07f8bc6fb09a8518eaa5c845613ad8c"
"pride_submission/supplementary_tables/results_tables_04_differential_expression_enrichment_microglia_program_summary_heatmap_ready.csv","results_tables_04_differential_expression_enrichment_microglia_program_summary_heatmap_ready.csv","csv",115596,"2026-06-22 17:43:02","fe12552079ee3496ccdc0a54a4b41197b4a3d5bcf1636988890b03b96582c26f"
"pride_submission/supplementary_tables/results_tables_04_differential_expression_enrichment_microglia_program_summary_integrated_interp","results_tables_04_differential_expression_enrichment_microglia_program_summary_integrated_interp","",152231,"2026-06-22 17:43:02","fe07d8f660e2ebe2a254e9ef60c6ab06502581d4ecbd54da80d9dec40ba61174"
"pride_submission/supplementary_tables/results_tables_04_differential_expression_enrichment_microglia_program_summary_microglia_signatu","results_tables_04_differential_expression_enrichment_microglia_program_summary_microglia_signatu","",120085,"2026-06-22 17:43:02","92f41dcfb9c0a63d9509a8f0b0dee98e305032821cd68730c05a213335fd34f2"
"pride_submission/supplementary_tables/results_tables_04_differential_expression_enrichment_microglia_program_summary_neuropil_annotate","results_tables_04_differential_expression_enrichment_microglia_program_summary_neuropil_annotate","",114042,"2026-06-22 17:43:03","cafaa2671299b4da4550d4c97fbe1745d8f837b8a22a6b61c748f80af9b4cf8b"
"pride_submission/supplementary_tables/results_tables_04_differential_expression_enrichment_microglia_program_summary_wide.csv","results_tables_04_differential_expression_enrichment_microglia_program_summary_wide.csv","csv",20802,"2026-06-22 17:43:03","bb178eaa2777915b2e891ab6e9eac7fb32721ceb19524b1bc8f6d5b5cb884969"
"pride_submission/supplementary_tables/results_tables_04_differential_expression_enrichment_microglia_robust_microglia_signatures.csv","results_tables_04_differential_expression_enrichment_microglia_robust_microglia_signatures.csv","csv",115382,"2026-06-22 17:43:12","6fcf441c3ebaf4e7bf28cda5ea7591836c17bbea6cb199040878301ad8e60fe9"
"pride_submission/supplementary_tables/results_tables_04_differential_expression_enrichment_microglia_targeted_signature_enrichment_microglia_ambiguous_signatures.csv","results_tables_04_differential_expression_enrichment_microglia_targeted_signature_enrichment_microglia_ambiguous_signatures.csv","csv",705162,"2026-06-12 06:09:38","5603ff286bd6e3090957ccd6b704a42d4dc9274b1cb702f9ab3e19e456850c1e"
"pride_submission/supplementary_tables/results_tables_04_differential_expression_enrichment_microglia_targeted_signature_enrichment_microglia_empirical_microglia_enriched_signature.csv","results_tables_04_differential_expression_enrichment_microglia_targeted_signature_enrichment_microglia_empirical_microglia_enriched_signature.csv","csv",62572,"2026-06-12 06:09:38","e098a11ca20c6cb30ce1cc9d76f798f9b196b22a453590244e8211e96c72c985"
"pride_submission/supplementary_tables/results_tables_04_differential_expression_enrichment_microglia_targeted_signature_enrichment_microglia_empirical_microglia_signature_diagnostics.csv","results_tables_04_differential_expression_enrichment_microglia_targeted_signature_enrichment_microglia_empirical_microglia_signature_diagnostics.csv","csv",135,"2026-06-12 06:09:39","faaf58dfa6023e9963263460041d0c4113c98b90805f2ea3a26c5f2a04e9c9a2"
"pride_submission/supplementary_tables/results_tables_04_differential_expression_enrichment_microglia_targeted_signature_enrichment_microglia_empirical_neuropil_shared_signature.csv","results_tables_04_differential_expression_enrichment_microglia_targeted_signature_enrichment_microglia_empirical_neuropil_shared_signature.csv","csv",77278,"2026-06-12 06:09:39","0a305b017c3a50101da47d2e106b181fed18fe7fa2487725ad855d9b79f21763"
"pride_submission/supplementary_tables/results_tables_04_differential_expression_enrichment_microglia_targeted_signature_enrichment_microglia_microglia_signature_claims_ready.csv","results_tables_04_differential_expression_enrichment_microglia_targeted_signature_enrichment_microglia_microglia_signature_claims_ready.csv","csv",23789,"2026-06-12 06:09:39","fe1e5015ba94c0f20ee3a1634f107a58293e87a7e00e7e1ccd8287ae72aab274"
"pride_submission/supplementary_tables/results_tables_04_differential_expression_enrichment_microglia_targeted_signature_enrichment_microglia_microglia_signature_diagnostics.csv","results_tables_04_differential_expression_enrichment_microglia_targeted_signature_enrichment_microglia_microglia_signature_diagnostics.csv","csv",890,"2026-06-12 06:09:39","344a84800812b30946d64b6d87c052f504c3506a73357555cb123032e8ed1ef4"
"pride_submission/supplementary_tables/results_tables_04_differential_expression_enrichment_microglia_targeted_signature_enrichment_microglia_microglia_signature_direction_summary.csv","results_tables_04_differential_expression_enrichment_microglia_targeted_signature_enrichment_microglia_microglia_signature_direction_summary.csv","csv",1919,"2026-06-12 06:09:39","829c728112c49a37c1abc9aa35ce8f8334d4b112ca40da280fc1c2065607231e"
"pride_submission/supplementary_tables/results_tables_04_differential_expression_enrichment_microglia_targeted_signature_enrichment_microglia_microglia_signature_enrichment.csv","results_tables_04_differential_expression_enrichment_microglia_targeted_signature_enrichment_microglia_microglia_signature_enrichment.csv","csv",654817,"2026-06-12 06:09:40","ef2122a072e308b14a3c138b895a05d231934cc493b6396bdb6334e2c95247bc"
"pride_submission/supplementary_tables/results_tables_04_differential_expression_enrichment_microglia_targeted_signature_enrichment_microglia_microglia_signature_enrichment_summary.csv","results_tables_04_differential_expression_enrichment_microglia_targeted_signature_enrichment_microglia_microglia_signature_enrichment_summary.csv","csv",6284,"2026-06-12 06:09:41","e51eab6a0cb50544f14dc20df4effa71639905d7b7b1b825c21e135207991f7b"
"pride_submission/supplementary_tables/results_tables_04_differential_expression_enrichment_microglia_targeted_signature_enrichment_microglia_microglia_signature_interpretation_summary.csv","results_tables_04_differential_expression_enrichment_microglia_targeted_signature_enrichment_microglia_microglia_signature_interpretation_summary.csv","csv",8810,"2026-06-12 06:09:41","e3345382b7b79a7e3d5c6a67d2117f0474797a3f284848706bed16ae7892c0a8"
"pride_submission/supplementary_tables/results_tables_04_differential_expression_enrichment_microglia_targeted_signature_enrichment_microglia_microglia_signature_leading_edge_recurrence.csv","results_tables_04_differential_expression_enrichment_microglia_targeted_signature_enrichment_microglia_microglia_signature_leading_edge_recurrence.csv","csv",3658926,"2026-06-12 06:09:45","821a76a1c2011e72133459dd45c59a67bc660c7240e902e4189b89983526dc05"
"pride_submission/supplementary_tables/results_tables_04_differential_expression_enrichment_microglia_targeted_signature_enrichment_microglia_microglia_signature_regional_pooled_summary.csv","results_tables_04_differential_expression_enrichment_microglia_targeted_signature_enrichment_microglia_microglia_signature_regional_pooled_summary.csv","csv",22007,"2026-06-12 06:09:45","f17b7292f95533421d29d9cb2b51bf73dab9424caa20f9ed9208fa69ac98961a"
"pride_submission/supplementary_tables/results_tables_04_differential_expression_enrichment_microglia_targeted_signature_enrichment_microglia_microglia_signature_unclassified_technical.csv","results_tables_04_differential_expression_enrichment_microglia_targeted_signature_enrichment_microglia_microglia_signature_unclassified_technical.csv","csv",995,"2026-06-12 06:09:45","5783ada3e5f3593b97c9d0955052471a874f6084e5cd0a49cd1b22b01b398082"
"pride_submission/supplementary_tables/results_tables_04_differential_expression_enrichment_microglia_targeted_signature_enrichment_microglia_microglia_signature_within_region_condition.csv","results_tables_04_differential_expression_enrichment_microglia_targeted_signature_enrichment_microglia_microglia_signature_within_region_condition.csv","csv",160337,"2026-06-12 06:09:45","c7d4afb69d3eff46d11a0437efe0691509147ed9b2b20dd673fdf4a07dcc5c1a"
"pride_submission/supplementary_tables/results_tables_04_differential_expression_enrichment_microglia_targeted_signature_enrichment_microglia_mixed_microenvironment_signatures.csv","results_tables_04_differential_expression_enrichment_microglia_targeted_signature_enrichment_microglia_mixed_microenvironment_signatures.csv","csv",995,"2026-06-12 06:09:45","5783ada3e5f3593b97c9d0955052471a874f6084e5cd0a49cd1b22b01b398082"
"pride_submission/supplementary_tables/results_tables_04_differential_expression_enrichment_microglia_targeted_signature_enrichment_microglia_neuropil_shared_signatures.csv","results_tables_04_differential_expression_enrichment_microglia_targeted_signature_enrichment_microglia_neuropil_shared_signatures.csv","csv",47390,"2026-06-12 06:09:46","df524ce80f40d1b30db5d03831e2550651f94ab7134382042e3ab81bcf90fb9a"
"pride_submission/supplementary_tables/results_tables_04_differential_expression_enrichment_microglia_targeted_signature_enrichment_microglia_robust_microglia_signatures.csv","results_tables_04_differential_expression_enrichment_microglia_targeted_signature_enrichment_microglia_robust_microglia_signatures.csv","csv",115382,"2026-06-12 06:09:46","6fcf441c3ebaf4e7bf28cda5ea7591836c17bbea6cb199040878301ad8e60fe9"
"pride_submission/supplementary_tables/results_tables_04_differential_expression_enrichment_microglia_targeted_signature_enrichment_neuron_soma_ambiguous_signatures.csv","results_tables_04_differential_expression_enrichment_microglia_targeted_signature_enrichment_neuron_soma_ambiguous_signatures.csv","csv",80,"2026-06-12 06:09:46","dfd79636ea270abeaa5b0f6175148341836c55c6e9b91cc9573fc6318c569e5f"
"pride_submission/supplementary_tables/results_tables_04_differential_expression_enrichment_microglia_targeted_signature_enrichment_neuron_soma_empirical_microglia_enriched_signature.csv","results_tables_04_differential_expression_enrichment_microglia_targeted_signature_enrichment_neuron_soma_empirical_microglia_enriched_signature.csv","csv",80,"2026-06-12 06:09:46","dfd79636ea270abeaa5b0f6175148341836c55c6e9b91cc9573fc6318c569e5f"
"pride_submission/supplementary_tables/results_tables_04_differential_expression_enrichment_microglia_targeted_signature_enrichment_neuron_soma_empirical_microglia_signature_diagnostics.csv","results_tables_04_differential_expression_enrichment_microglia_targeted_signature_enrichment_neuron_soma_empirical_microglia_signature_diagnostics.csv","csv",80,"2026-06-12 06:09:46","dfd79636ea270abeaa5b0f6175148341836c55c6e9b91cc9573fc6318c569e5f"
"pride_submission/supplementary_tables/results_tables_04_differential_expression_enrichment_microglia_targeted_signature_enrichment_neuron_soma_empirical_neuropil_shared_signature.csv","results_tables_04_differential_expression_enrichment_microglia_targeted_signature_enrichment_neuron_soma_empirical_neuropil_shared_signature.csv","csv",80,"2026-06-12 06:09:46","dfd79636ea270abeaa5b0f6175148341836c55c6e9b91cc9573fc6318c569e5f"
"pride_submission/supplementary_tables/results_tables_04_differential_expression_enrichment_microglia_targeted_signature_enrichment_neuron_soma_microglia_signature_diagnostics.csv","results_tables_04_differential_expression_enrichment_microglia_targeted_signature_enrichment_neuron_soma_microglia_signature_diagnostics.csv","csv",392,"2026-06-12 06:09:46","f756ec993262d37c1fa3b2cf6d4e188fadfb4238058eec3b2206665324d3bb5f"
"pride_submission/supplementary_tables/results_tables_04_differential_expression_enrichment_microglia_targeted_signature_enrichment_neuron_soma_microglia_signature_enrichment.csv","results_tables_04_differential_expression_enrichment_microglia_targeted_signature_enrichment_neuron_soma_microglia_signature_enrichment.csv","csv",80,"2026-06-12 06:09:46","dfd79636ea270abeaa5b0f6175148341836c55c6e9b91cc9573fc6318c569e5f"
"pride_submission/supplementary_tables/results_tables_04_differential_expression_enrichment_microglia_targeted_signature_enrichment_neuron_soma_microglia_signature_enrichment_summary.csv","results_tables_04_differential_expression_enrichment_microglia_targeted_signature_enrichment_neuron_soma_microglia_signature_enrichment_summary.csv","csv",80,"2026-06-12 06:09:47","dfd79636ea270abeaa5b0f6175148341836c55c6e9b91cc9573fc6318c569e5f"
"pride_submission/supplementary_tables/results_tables_04_differential_expression_enrichment_microglia_targeted_signature_enrichment_neuron_soma_mixed_microenvironment_signatures.csv","results_tables_04_differential_expression_enrichment_microglia_targeted_signature_enrichment_neuron_soma_mixed_microenvironment_signatures.csv","csv",80,"2026-06-12 06:09:47","dfd79636ea270abeaa5b0f6175148341836c55c6e9b91cc9573fc6318c569e5f"
"pride_submission/supplementary_tables/results_tables_04_differential_expression_enrichment_microglia_targeted_signature_enrichment_neuron_soma_neuropil_shared_signatures.csv","results_tables_04_differential_expression_enrichment_microglia_targeted_signature_enrichment_neuron_soma_neuropil_shared_signatures.csv","csv",80,"2026-06-12 06:09:47","dfd79636ea270abeaa5b0f6175148341836c55c6e9b91cc9573fc6318c569e5f"
"pride_submission/supplementary_tables/results_tables_04_differential_expression_enrichment_microglia_targeted_signature_enrichment_neuron_soma_robust_microglia_signatures.csv","results_tables_04_differential_expression_enrichment_microglia_targeted_signature_enrichment_neuron_soma_robust_microglia_signatures.csv","csv",80,"2026-06-12 06:09:47","dfd79636ea270abeaa5b0f6175148341836c55c6e9b91cc9573fc6318c569e5f"
"pride_submission/supplementary_tables/results_tables_04_differential_expression_enrichment_neuron_neuropil_program_summary.csv","results_tables_04_differential_expression_enrichment_neuron_neuropil_program_summary.csv","csv",245516,"2026-06-22 17:43:03","785196dfbea8de961af120902ca323ff147bff718b9199aa24b36ca6909532c3"
"pride_submission/supplementary_tables/results_tables_04_differential_expression_enrichment_neuron_neuropil_program_summary_heatmap_rea","results_tables_04_differential_expression_enrichment_neuron_neuropil_program_summary_heatmap_rea","",266521,"2026-06-22 17:43:03","726e5df2dce47db012f9a548293a911922c0f5ea784e62939de312be8a644ef4"
"pride_submission/supplementary_tables/results_tables_04_differential_expression_enrichment_neuron_neuropil_program_summary_integrated_","results_tables_04_differential_expression_enrichment_neuron_neuropil_program_summary_integrated_","",284787,"2026-06-22 17:43:04","5496297a7e0472c9f94e6e002aeb832cdf237faab6db56f0163816cd98475afa"
"pride_submission/supplementary_tables/results_tables_04_differential_expression_enrichment_neuron_neuropil_program_summary_microglia_s","results_tables_04_differential_expression_enrichment_neuron_neuropil_program_summary_microglia_s","",247584,"2026-06-22 17:43:04","defd907c2574e1b49d063a4231310f8b19d7ccd0f2696442948ae7b90cf3c985"
"pride_submission/supplementary_tables/results_tables_04_differential_expression_enrichment_neuron_neuropil_program_summary_neuropil_an","results_tables_04_differential_expression_enrichment_neuron_neuropil_program_summary_neuropil_an","",247573,"2026-06-22 17:43:05","b1ea3cd3a66a8c6cb29e486e5fe7fc02ec73383959b16c3dfac65093931b9d1d"
"pride_submission/supplementary_tables/results_tables_04_differential_expression_enrichment_neuron_neuropil_program_summary_wide.csv","results_tables_04_differential_expression_enrichment_neuron_neuropil_program_summary_wide.csv","csv",50997,"2026-06-22 17:43:05","f3296904425161095dbf455a528c443ee761b2149eea75dd48a39c4b02a2de96"
"pride_submission/supplementary_tables/results_tables_04_differential_expression_enrichment_neuron_soma_ambiguous_signatures.csv","results_tables_04_differential_expression_enrichment_neuron_soma_ambiguous_signatures.csv","csv",80,"2026-06-22 17:43:13","dfd79636ea270abeaa5b0f6175148341836c55c6e9b91cc9573fc6318c569e5f"
"pride_submission/supplementary_tables/results_tables_04_differential_expression_enrichment_neuron_soma_empirical_microglia_enriched_si","results_tables_04_differential_expression_enrichment_neuron_soma_empirical_microglia_enriched_si","",80,"2026-06-22 17:43:13","dfd79636ea270abeaa5b0f6175148341836c55c6e9b91cc9573fc6318c569e5f"
"pride_submission/supplementary_tables/results_tables_04_differential_expression_enrichment_neuron_soma_empirical_microglia_signature_d","results_tables_04_differential_expression_enrichment_neuron_soma_empirical_microglia_signature_d","",80,"2026-06-22 17:43:13","dfd79636ea270abeaa5b0f6175148341836c55c6e9b91cc9573fc6318c569e5f"
"pride_submission/supplementary_tables/results_tables_04_differential_expression_enrichment_neuron_soma_empirical_neuropil_shared_signa","results_tables_04_differential_expression_enrichment_neuron_soma_empirical_neuropil_shared_signa","",80,"2026-06-22 17:43:13","dfd79636ea270abeaa5b0f6175148341836c55c6e9b91cc9573fc6318c569e5f"
"pride_submission/supplementary_tables/results_tables_04_differential_expression_enrichment_neuron_soma_microglia_signature_diagnostics","results_tables_04_differential_expression_enrichment_neuron_soma_microglia_signature_diagnostics","",392,"2026-06-22 17:43:13","f756ec993262d37c1fa3b2cf6d4e188fadfb4238058eec3b2206665324d3bb5f"
"pride_submission/supplementary_tables/results_tables_04_differential_expression_enrichment_neuron_soma_microglia_signature_e__022b1ccc","results_tables_04_differential_expression_enrichment_neuron_soma_microglia_signature_e__022b1ccc","",80,"2026-06-22 17:43:13","dfd79636ea270abeaa5b0f6175148341836c55c6e9b91cc9573fc6318c569e5f"
"pride_submission/supplementary_tables/results_tables_04_differential_expression_enrichment_neuron_soma_microglia_signature_e__1244aa35","results_tables_04_differential_expression_enrichment_neuron_soma_microglia_signature_e__1244aa35","",80,"2026-06-22 17:43:13","dfd79636ea270abeaa5b0f6175148341836c55c6e9b91cc9573fc6318c569e5f"
"pride_submission/supplementary_tables/results_tables_04_differential_expression_enrichment_neuron_soma_microglia_signature_enrichment","results_tables_04_differential_expression_enrichment_neuron_soma_microglia_signature_enrichment","",80,"2026-06-22 17:43:13","dfd79636ea270abeaa5b0f6175148341836c55c6e9b91cc9573fc6318c569e5f"
"pride_submission/supplementary_tables/results_tables_04_differential_expression_enrichment_neuron_soma_mixed_microenvironment_signatur","results_tables_04_differential_expression_enrichment_neuron_soma_mixed_microenvironment_signatur","",80,"2026-06-22 17:43:14","dfd79636ea270abeaa5b0f6175148341836c55c6e9b91cc9573fc6318c569e5f"
"pride_submission/supplementary_tables/results_tables_04_differential_expression_enrichment_neuron_soma_neuropil_shared_signatures.csv","results_tables_04_differential_expression_enrichment_neuron_soma_neuropil_shared_signatures.csv","csv",80,"2026-06-22 17:43:14","dfd79636ea270abeaa5b0f6175148341836c55c6e9b91cc9573fc6318c569e5f"
"pride_submission/supplementary_tables/results_tables_04_differential_expression_enrichment_neuron_soma_program_summary.csv","results_tables_04_differential_expression_enrichment_neuron_soma_program_summary.csv","csv",97813,"2026-06-22 17:43:06","d661b805e1c7b33c80ac96a5218a32d7804e5cd3efe1e1091ff1767fc4f56012"
"pride_submission/supplementary_tables/results_tables_04_differential_expression_enrichment_neuron_soma_program_summary_heatmap_ready.c","results_tables_04_differential_expression_enrichment_neuron_soma_program_summary_heatmap_ready.c","c",106302,"2026-06-22 17:43:06","e755e88d15ba14020acf851ff1ad91c5dc52c944b37458bf1ef8a7522183a41d"
"pride_submission/supplementary_tables/results_tables_04_differential_expression_enrichment_neuron_soma_program_summary_integrated_inte","results_tables_04_differential_expression_enrichment_neuron_soma_program_summary_integrated_inte","",113684,"2026-06-22 17:43:06","4f26a38827ce854d8aa54bae01e8b6e93c9da454a70c3e4b13bd8d48f58cddb6"
"pride_submission/supplementary_tables/results_tables_04_differential_expression_enrichment_neuron_soma_program_summary_microglia_signa","results_tables_04_differential_expression_enrichment_neuron_soma_program_summary_microglia_signa","",98711,"2026-06-22 17:43:06","6c90888f11756795d89abd2bcfb61ac1b44eeb60ee6cc37b014f1b9cea83f9db"
"pride_submission/supplementary_tables/results_tables_04_differential_expression_enrichment_neuron_soma_program_summary_neuropil_annota","results_tables_04_differential_expression_enrichment_neuron_soma_program_summary_neuropil_annota","",98700,"2026-06-22 17:43:07","33c13b92e76e1f75df0a799aaeec2537f2c0865e200f0f3f532f05ee9eeb5b31"
"pride_submission/supplementary_tables/results_tables_04_differential_expression_enrichment_neuron_soma_program_summary_wide.csv","results_tables_04_differential_expression_enrichment_neuron_soma_program_summary_wide.csv","csv",20551,"2026-06-22 17:43:07","50c67bddf84f01d47dbba1c4ebed441fbaa47b2536cba3924b681782ed184d47"
"pride_submission/supplementary_tables/results_tables_04_differential_expression_enrichment_neuron_soma_robust_microglia_signatures.csv","results_tables_04_differential_expression_enrichment_neuron_soma_robust_microglia_signatures.csv","csv",80,"2026-06-22 17:43:14","dfd79636ea270abeaa5b0f6175148341836c55c6e9b91cc9573fc6318c569e5f"
"pride_submission/supplementary_tables/results_tables_05_celltype_enrichment_EWCE_EWCE_E9_EWCE_input_signatures.xlsx","results_tables_05_celltype_enrichment_EWCE_EWCE_E9_EWCE_input_signatures.xlsx","xlsx",13503164,"2026-05-27 16:05:30","8f0ddab7fd5d1b9c0611aad7846a6cec66eed2acf9287a56e84e1ce4b68ba3d7"
"pride_submission/supplementary_tables/results_tables_05_celltype_enrichment_EWCE_EWCE_E9_High_Confidence_EWCE_Findings.xlsx","results_tables_05_celltype_enrichment_EWCE_EWCE_E9_High_Confidence_EWCE_Findings.xlsx","xlsx",486794,"2026-05-27 16:05:30","2212b76cc0fb5d48348f54c22d2714b33b0e2824fe72605ecfc704211d1208af"
"pride_submission/supplementary_tables/results_tables_05_celltype_enrichment_EWCE_EWCE_E9_Supplementary_Table_EWCE.xlsx","results_tables_05_celltype_enrichment_EWCE_EWCE_E9_Supplementary_Table_EWCE.xlsx","xlsx",3459391,"2026-05-27 16:05:31","3dac4afd90ebacfcb549554b4e4823164c74f017d1fed1739dccfce482954528"
"pride_submission/supplementary_tables/results_tables_06_modules_WGCNA_01_WGCNA_microglia_modules_WGCNA_module_evidence_rank.csv","results_tables_06_modules_WGCNA_01_WGCNA_microglia_modules_WGCNA_module_evidence_rank.csv","csv",21300,"2026-06-12 06:09:47","bedcf4db48d93a5b341b0e38a9d0ccc7ec7576a098b12350fe999f0936879949"
"pride_submission/supplementary_tables/results_tables_06_modules_WGCNA_01_WGCNA_neuron_neuropil_modules_WGCNA_module_evidence_rank.csv","results_tables_06_modules_WGCNA_01_WGCNA_neuron_neuropil_modules_WGCNA_module_evidence_rank.csv","csv",23067,"2026-06-12 06:09:47","171d7750954749f2adf372153fb0bd59a56b66817eb6e9c6242ed38d422d6ae3"
"pride_submission/supplementary_tables/results_tables_06_modules_WGCNA_01_WGCNA_neuron_soma_modules_WGCNA_module_evidence_rank.csv","results_tables_06_modules_WGCNA_01_WGCNA_neuron_soma_modules_WGCNA_module_evidence_rank.csv","csv",13394,"2026-06-12 06:09:48","5ab3158f3c6733c30949b588ef1c26c0434b72c0b2fc65da0590549452ad99dc"
"pride_submission/supplementary_tables/results_tables_06_modules_WGCNA_all_WGCNA_module_evidence_rank__398b44e4.csv","results_tables_06_modules_WGCNA_all_WGCNA_module_evidence_rank__398b44e4.csv","csv",13394,"2026-06-12 16:07:22","5ab3158f3c6733c30949b588ef1c26c0434b72c0b2fc65da0590549452ad99dc"
"pride_submission/supplementary_tables/results_tables_06_modules_WGCNA_all_WGCNA_module_evidence_rank__d6c114d5.csv","results_tables_06_modules_WGCNA_all_WGCNA_module_evidence_rank__d6c114d5.csv","csv",21300,"2026-06-12 16:07:22","bedcf4db48d93a5b341b0e38a9d0ccc7ec7576a098b12350fe999f0936879949"
"pride_submission/supplementary_tables/results_tables_06_modules_WGCNA_microglia_WGCNA_module_evidence_rank.csv","results_tables_06_modules_WGCNA_microglia_WGCNA_module_evidence_rank.csv","csv",25042,"2026-06-22 17:43:14","d237a84e5bebb948dbb2a5015dac288d715b4eed43fcf2a4b046d988e4af33e2"
"pride_submission/supplementary_tables/results_tables_06_modules_WGCNA_module_spatial_networks_group_specific_module_scores_by_region_layer.csv","results_tables_06_modules_WGCNA_module_spatial_networks_group_specific_module_scores_by_region_layer.csv","csv",9482,"2026-05-27 16:05:31","cf586a69afe80190eb28fbf738c95ec072edc5346d5d9eb646b16b0618542aa3"
"pride_submission/supplementary_tables/results_tables_06_modules_WGCNA_module_spatial_networks_matched_module_membership.csv","results_tables_06_modules_WGCNA_module_spatial_networks_matched_module_membership.csv","csv",491,"2026-05-27 16:05:31","5274ee7bbf3f6c1ecec5ad8a42f989a768dc001287d8a466c61fff99af581f19"
"pride_submission/supplementary_tables/results_tables_06_modules_WGCNA_module_spatial_networks_module_profile_region_similarity_all_edges.csv","results_tables_06_modules_WGCNA_module_spatial_networks_module_profile_region_similarity_all_edges.csv","csv",1754,"2026-05-27 16:05:31","ab1923f8b5d56727de5f317e560b1980f96eeca3099121cb9e63d57b779b21ab"
"pride_submission/supplementary_tables/results_tables_06_modules_WGCNA_module_spatial_networks_module_profile_region_similarity_filtered_edges.csv","results_tables_06_modules_WGCNA_module_spatial_networks_module_profile_region_similarity_filtered_edges.csv","csv",819,"2026-05-27 16:05:31","5f6ec82cc0d4212ea397ac8c3a42e7d2329bccc44d4e68f645f92a68b9369910"
"pride_submission/supplementary_tables/results_tables_06_modules_WGCNA_module_spatial_networks_module_profile_region_similarity_matrix.csv","results_tables_06_modules_WGCNA_module_spatial_networks_module_profile_region_similarity_matrix.csv","csv",581,"2026-05-27 16:05:31","ddc3d16fc7c7ae877954b4700e0ca9d06279a4a6e2711b0f87633d3b16a9524a"
"pride_submission/supplementary_tables/results_tables_06_modules_WGCNA_module_spatial_networks_module_region_layer_matrix.csv","results_tables_06_modules_WGCNA_module_spatial_networks_module_region_layer_matrix.csv","csv",945,"2026-05-27 16:05:31","439b8c56bf4a4ee79e15986b73f63e192c2e4ff83573bfd5f4ffa0ba2d1771ff"
"pride_submission/supplementary_tables/results_tables_06_modules_WGCNA_module_spatial_networks_module_scores_by_region_layer.csv","results_tables_06_modules_WGCNA_module_spatial_networks_module_scores_by_region_layer.csv","csv",3011,"2026-05-27 16:05:31","b81fb12f26e339a8867ecabd25692631b2bfe70781981634f404713f344b83b1"
"pride_submission/supplementary_tables/results_tables_06_modules_WGCNA_module_spatial_networks_module_scores_per_sample.csv","results_tables_06_modules_WGCNA_module_spatial_networks_module_scores_per_sample.csv","csv",129932,"2026-05-27 16:05:32","de36148ba5c2827fafcca653c260a6bb5b64565ee6d000ba870de7b36e51096f"
"pride_submission/supplementary_tables/results_tables_06_modules_WGCNA_module_spatial_networks_module_sizes_before_filter.csv","results_tables_06_modules_WGCNA_module_spatial_networks_module_sizes_before_filter.csv","csv",133,"2026-05-27 16:05:32","5f9c76d289c46d0a0bbdfbd880d64e814bb613026da5d99b6b9f1632ae62cb22"
"pride_submission/supplementary_tables/results_tables_06_modules_WGCNA_module_spatial_networks_module_spatial_networks_summary.xlsx","results_tables_06_modules_WGCNA_module_spatial_networks_module_spatial_networks_summary.xlsx","xlsx",64305,"2026-05-27 16:05:32","2f2c825e9ba6983b7a7c32025bced6f757bf239bac9b056bc559af21e51e75d6"
"pride_submission/supplementary_tables/results_tables_06_modules_WGCNA_module_spatial_networks_retained_module_membership.csv","results_tables_06_modules_WGCNA_module_spatial_networks_retained_module_membership.csv","csv",28175,"2026-05-27 16:05:32","60b8b7c09c1e89638cdf89817b7631652150410944696d4960e8fd966c813f67"
"pride_submission/supplementary_tables/results_tables_06_modules_WGCNA_neuron_neuropil_WGCNA_module_evidence_rank.csv","results_tables_06_modules_WGCNA_neuron_neuropil_WGCNA_module_evidence_rank.csv","csv",23230,"2026-06-22 17:43:14","47b49f80972f770c2b261a79b131aa19fa1370f3147b0b754fe3914bfab8e0e2"
"pride_submission/supplementary_tables/results_tables_06_modules_WGCNA_neuron_soma_WGCNA_module_evidence_rank.csv","results_tables_06_modules_WGCNA_neuron_soma_WGCNA_module_evidence_rank.csv","csv",15711,"2026-06-22 17:43:14","0865b48bb88e01a8a04d99ece192000e72d8baccf7eca95d9ce08e6dcd4bc530"
"pride_submission/supplementary_tables/results_tables_06_modules_WGCNA_overlap_modules_Overlap_based_neuropil_modules_classified.xlsx","results_tables_06_modules_WGCNA_overlap_modules_Overlap_based_neuropil_modules_classified.xlsx","xlsx",147516,"2026-05-27 16:05:32","af46a4788521dc4c917ce4fec4751d071dc94ba862f45010ef38d167e7fb8082"
"pride_submission/supplementary_tables/results_tables_07_spatial_networks_bootstrap_differential_network_stability_bootstrap_differential_edge_stability_summary.csv","results_tables_07_spatial_networks_bootstrap_differential_network_stability_bootstrap_differential_edge_stability_summary.csv","csv",32600,"2026-05-27 16:05:32","446394c276180db69b426a2c899557c2fbb2257848942fc619086c8b23caa022"
"pride_submission/supplementary_tables/results_tables_07_spatial_networks_bootstrap_differential_network_stability_bootstrap_differential_edge_values_long.csv","results_tables_07_spatial_networks_bootstrap_differential_network_stability_bootstrap_differential_edge_values_long.csv","csv",13866576,"2026-05-27 16:05:33","a91bf23ad9f28e00bcf8058a6eb42216eea040127fba2dd8e4538c12493a05b4"
"pride_submission/supplementary_tables/results_tables_07_spatial_networks_bootstrap_differential_network_stability_bootstrap_differential_network_stability_summary.xlsx","results_tables_07_spatial_networks_bootstrap_differential_network_stability_bootstrap_differential_network_stability_summary.xlsx","xlsx",35677,"2026-05-27 16:05:33","961a8c4e458ee11d8de1de375b466df24aa50b8735d16eac9518c0f7a79131f0"
"pride_submission/supplementary_tables/results_tables_07_spatial_networks_bootstrap_differential_network_stability_candidate_edge_differential_stability_summary.csv","results_tables_07_spatial_networks_bootstrap_differential_network_stability_candidate_edge_differential_stability_summary.csv","csv",3308,"2026-05-27 16:05:33","ffefd7e0be24ef5b6619f90f27804e0abc1688be8e670d64d11c8382bce3bec5"
"pride_submission/supplementary_tables/results_tables_07_spatial_networks_bootstrap_differential_network_stability_stable_differential_edges.csv","results_tables_07_spatial_networks_bootstrap_differential_network_stability_stable_differential_edges.csv","csv",2903,"2026-05-27 16:05:33","f61d19dcfd95c0ad26a7e992cfaec23e9894d272c2e0840a80133020b76fa71d"
"pride_submission/supplementary_tables/results_tables_07_spatial_networks_bootstrap_network_stability_bootstrap_edge_stability_summary.csv","results_tables_07_spatial_networks_bootstrap_network_stability_bootstrap_edge_stability_summary.csv","csv",5736,"2026-05-27 16:05:33","db93b2141ae46a9b30e7326a7fa41249e9ca4cf369026d696460b24bd04ad995"
"pride_submission/supplementary_tables/results_tables_07_spatial_networks_bootstrap_network_stability_bootstrap_edge_values_long.csv","results_tables_07_spatial_networks_bootstrap_network_stability_bootstrap_edge_values_long.csv","csv",734180,"2026-05-27 16:05:33","c9998421a0bdc4d9b11da8cb0bf0840475c74e628a6bf2818f27f75ed4b01f6e"
"pride_submission/supplementary_tables/results_tables_07_spatial_networks_bootstrap_network_stability_bootstrap_network_stability_summary.xlsx","results_tables_07_spatial_networks_bootstrap_network_stability_bootstrap_network_stability_summary.xlsx","xlsx",14686,"2026-05-27 16:05:33","6458c0d7bf6930c92236dd7f07bb51059b8d08e1606bb2c07855e2fbef6a2f0d"
"pride_submission/supplementary_tables/results_tables_07_spatial_networks_bootstrap_network_stability_bootstrap_node_stability_summary.csv","results_tables_07_spatial_networks_bootstrap_network_stability_bootstrap_node_stability_summary.csv","csv",576,"2026-05-27 16:05:33","0b16a3e89442874b1b1f513f07a7cdf697a1a9b68fbb2cd52d0ab5487d4ebde6"
"pride_submission/supplementary_tables/results_tables_07_spatial_networks_bootstrap_network_stability_consensus_edges.csv","results_tables_07_spatial_networks_bootstrap_network_stability_consensus_edges.csv","csv",859,"2026-05-27 16:05:34","d480823efdb4e629cb3eb7fbfbc9b806ecc0e9c45b7bc77d35e0cd9a1acf65a4"
"pride_submission/supplementary_tables/results_tables_07_spatial_networks_differential_networks_all_group_edges_long.csv","results_tables_07_spatial_networks_differential_networks_all_group_edges_long.csv","csv",8418,"2026-05-27 16:05:34","6ea111d04566070d1c820f7ebf2371363ce25d604804eacd2269c5dda1809b18"
"pride_submission/supplementary_tables/results_tables_07_spatial_networks_differential_networks_CON_vs_RES_edge_rewiring.csv","results_tables_07_spatial_networks_differential_networks_CON_vs_RES_edge_rewiring.csv","csv",8321,"2026-05-27 16:05:34","b5ff9306c3e46719c85d1a288817a87399a824da5a0ca2db6ea794a77ba77f56"
"pride_submission/supplementary_tables/results_tables_07_spatial_networks_differential_networks_CON_vs_RES_node_rewiring.csv","results_tables_07_spatial_networks_differential_networks_CON_vs_RES_node_rewiring.csv","csv",864,"2026-05-27 16:05:34","691f7e56b7449d2fd6fd69461b5621f4df2bbdd79c6590e526451428196121f6"
"pride_submission/supplementary_tables/results_tables_07_spatial_networks_differential_networks_CON_vs_SUS_edge_rewiring.csv","results_tables_07_spatial_networks_differential_networks_CON_vs_SUS_edge_rewiring.csv","csv",8376,"2026-05-27 16:05:34","2290a32f68371ab892a53b53f80f5bd6489b60c4f781b271c0bfd2cd66e354f9"
"pride_submission/supplementary_tables/results_tables_07_spatial_networks_differential_networks_CON_vs_SUS_node_rewiring.csv","results_tables_07_spatial_networks_differential_networks_CON_vs_SUS_node_rewiring.csv","csv",863,"2026-05-27 16:05:34","b2402fd60681d1fdf61540b2746df8c7517e4e27fb981f9720ce449171f9e2d2"
"pride_submission/supplementary_tables/results_tables_07_spatial_networks_differential_networks_differential_networks_summary.xlsx","results_tables_07_spatial_networks_differential_networks_differential_networks_summary.xlsx","xlsx",35981,"2026-05-27 16:05:34","e0cdff80532898a505db43bcbaeb6acb654e218edf100faed3145be749b6b2e6"
"pride_submission/supplementary_tables/results_tables_07_spatial_networks_differential_networks_RES_vs_SUS_edge_rewiring.csv","results_tables_07_spatial_networks_differential_networks_RES_vs_SUS_edge_rewiring.csv","csv",8327,"2026-05-27 16:05:34","92952b5d52a0afb1aeb33962c72ccd3355acfc49b59bbc54273e331d84bad3ad"
"pride_submission/supplementary_tables/results_tables_07_spatial_networks_differential_networks_RES_vs_SUS_node_rewiring.csv","results_tables_07_spatial_networks_differential_networks_RES_vs_SUS_node_rewiring.csv","csv",868,"2026-05-27 16:05:34","eea5e26c7b97df4b8b4ce21706d9c628d78df64430977eded744788f661b6d0b"
"pride_submission/supplementary_tables/results_tables_07_spatial_networks_differential_networks_rewiring_summary_counts.csv","results_tables_07_spatial_networks_differential_networks_rewiring_summary_counts.csv","csv",428,"2026-05-27 16:05:34","8d4ef4a776cfa6b7e8f3626fa9dcfbf54f919c1de385c44bf12a1487f92f9f81"
"pride_submission/supplementary_tables/results_tables_07_spatial_networks_network_spatial_relations_group_CON_jaccard_all_edges.csv","results_tables_07_spatial_networks_network_spatial_relations_group_CON_jaccard_all_edges.csv","csv",1599,"2026-05-27 16:05:34","7c06aa1beb7eb771bd7184b43898434e846c5d84b6610804399c6ce3d502c9b2"
"pride_submission/supplementary_tables/results_tables_07_spatial_networks_network_spatial_relations_group_CON_nodes_centrality.csv","results_tables_07_spatial_networks_network_spatial_relations_group_CON_nodes_centrality.csv","csv",377,"2026-05-27 16:05:34","adc5fb4f531b21169687c2a75461140a5d0d2a7673d8a73d8c7ed048e0ff078d"
"pride_submission/supplementary_tables/results_tables_07_spatial_networks_network_spatial_relations_group_CON_spearman_all_edges.csv","results_tables_07_spatial_networks_network_spatial_relations_group_CON_spearman_all_edges.csv","csv",3070,"2026-05-27 16:05:34","e522357c6f760ab08efa3e7f70b909fc0d31ceaa04b37423b640cc6dafe88a49"
"pride_submission/supplementary_tables/results_tables_07_spatial_networks_network_spatial_relations_group_CON_spearman_filtered_edges.csv","results_tables_07_spatial_networks_network_spatial_relations_group_CON_spearman_filtered_edges.csv","csv",260,"2026-05-27 16:05:35","6ee0756c373a9db5637f3f4fc07001ab78b9e3ff19871ce93e232c937018ac5a"
"pride_submission/supplementary_tables/results_tables_07_spatial_networks_network_spatial_relations_group_RES_jaccard_all_edges.csv","results_tables_07_spatial_networks_network_spatial_relations_group_RES_jaccard_all_edges.csv","csv",1622,"2026-05-27 16:05:35","521ad45fe77756be2c3161d306d143705ed9c6a2e806fb01cb4263b2a901dc5b"
"pride_submission/supplementary_tables/results_tables_07_spatial_networks_network_spatial_relations_group_RES_nodes_centrality.csv","results_tables_07_spatial_networks_network_spatial_relations_group_RES_nodes_centrality.csv","csv",360,"2026-05-27 16:05:35","5120efa0701124eba3cd60d24ca19e29d3618e1549b3f66ec47e3ce3bf8c2d99"
"pride_submission/supplementary_tables/results_tables_07_spatial_networks_network_spatial_relations_group_RES_spearman_all_edges.csv","results_tables_07_spatial_networks_network_spatial_relations_group_RES_spearman_all_edges.csv","csv",3065,"2026-05-27 16:05:35","6c2a1c15571f65788d7ffd13578e8a52630ba28d2c665b6e1cbb1cce1f597d15"
"pride_submission/supplementary_tables/results_tables_07_spatial_networks_network_spatial_relations_group_RES_spearman_filtered_edges.csv","results_tables_07_spatial_networks_network_spatial_relations_group_RES_spearman_filtered_edges.csv","csv",124,"2026-05-27 16:05:35","490dd674c2c3f2aef0acf9c2dc148bf9e56ad658e09e3a4e51d80f80eea94631"
"pride_submission/supplementary_tables/results_tables_07_spatial_networks_network_spatial_relations_group_SUS_jaccard_all_edges.csv","results_tables_07_spatial_networks_network_spatial_relations_group_SUS_jaccard_all_edges.csv","csv",1721,"2026-05-27 16:05:35","dd26c7e02a6c6a10b3bccbeab806828812f36706e9461a454f0b492413625116"
"pride_submission/supplementary_tables/results_tables_07_spatial_networks_network_spatial_relations_group_SUS_nodes_centrality.csv","results_tables_07_spatial_networks_network_spatial_relations_group_SUS_nodes_centrality.csv","csv",360,"2026-05-27 16:05:35","5120efa0701124eba3cd60d24ca19e29d3618e1549b3f66ec47e3ce3bf8c2d99"
"pride_submission/supplementary_tables/results_tables_07_spatial_networks_network_spatial_relations_group_SUS_spearman_all_edges.csv","results_tables_07_spatial_networks_network_spatial_relations_group_SUS_spearman_all_edges.csv","csv",3078,"2026-05-27 16:05:35","b3bdbad294a4280f3433b1bfb567aedd2981b0e0ab871ea0fcab99a3835d1598"
"pride_submission/supplementary_tables/results_tables_07_spatial_networks_network_spatial_relations_group_SUS_spearman_filtered_edges.csv","results_tables_07_spatial_networks_network_spatial_relations_group_SUS_spearman_filtered_edges.csv","csv",124,"2026-05-27 16:05:35","f1e22038dc222330aeccfcda82e2941111f14c23f074e0daae886c48671a4bce"
"pride_submission/supplementary_tables/results_tables_07_spatial_networks_network_spatial_relations_network_spatial_relations_summary.xlsx","results_tables_07_spatial_networks_network_spatial_relations_network_spatial_relations_summary.xlsx","xlsx",57008,"2026-05-27 16:05:35","8d026fbb32892ad5b6bcba753629f48c4cb106ac4c0beaf23e305df8a2cce585"
"pride_submission/supplementary_tables/results_tables_07_spatial_networks_network_spatial_relations_overall_jaccard_nodes_centrality.csv","results_tables_07_spatial_networks_network_spatial_relations_overall_jaccard_nodes_centrality.csv","csv",370,"2026-05-27 16:05:35","3f52d936f5ae07546071b9fa89b0cc11d1610214053fc10e63679a03f751cd03"
"pride_submission/supplementary_tables/results_tables_07_spatial_networks_network_spatial_relations_overall_nodes_centrality.csv","results_tables_07_spatial_networks_network_spatial_relations_overall_nodes_centrality.csv","csv",370,"2026-05-27 16:05:35","56444e9988319f2c67748559246cb8765f8c52820a31d01659830850aee21cac"
"pride_submission/supplementary_tables/results_tables_07_spatial_networks_network_spatial_relations_overall_spearman_all_edges.csv","results_tables_07_spatial_networks_network_spatial_relations_overall_spearman_all_edges.csv","csv",3060,"2026-05-27 16:05:35","65b18aa937aacfc49a8e09d3dc9d97eedb65875d54453ef9012c5a5ddcb51151"
"pride_submission/supplementary_tables/results_tables_07_spatial_networks_network_spatial_relations_overall_spearman_correlation_matrix.csv","results_tables_07_spatial_networks_network_spatial_relations_overall_spearman_correlation_matrix.csv","csv",1905,"2026-05-27 16:05:36","26a0872987f59829839770213f43c2b6e6d2b072bcd855bf98d02a18c1bc86d0"
"pride_submission/supplementary_tables/results_tables_07_spatial_networks_network_spatial_relations_overall_spearman_filtered_edges.csv","results_tables_07_spatial_networks_network_spatial_relations_overall_spearman_filtered_edges.csv","csv",190,"2026-05-27 16:05:36","d2e7e4990c8a31cab845ea012cc0094cee22fa955a40f766f20c5d49e2b3578f"
"pride_submission/supplementary_tables/results_tables_07_spatial_networks_network_spatial_relations_overall_top_protein_jaccard_all_edges.csv","results_tables_07_spatial_networks_network_spatial_relations_overall_top_protein_jaccard_all_edges.csv","csv",1582,"2026-05-27 16:05:36","3db928336fe32a2055cc9458f47aca136bde6d049035bea1fe86608290b8f36c"
"pride_submission/supplementary_tables/results_tables_07_spatial_networks_network_spatial_relations_overall_top_protein_jaccard_filtered_edges.csv","results_tables_07_spatial_networks_network_spatial_relations_overall_top_protein_jaccard_filtered_edges.csv","csv",173,"2026-05-27 16:05:36","647c7114832fe65c7284fcece061aa160f5ef2b64c09d80166f2ebbf494edcd9"
"pride_submission/supplementary_tables/results_tables_07_spatial_networks_network_spatial_relations_region_layer_mean_expression_matrix.csv","results_tables_07_spatial_networks_network_spatial_relations_region_layer_mean_expression_matrix.csv","csv",976453,"2026-05-27 16:05:36","5b078b61287d23b3350fdff59d8279ddb334bd3e75950dff513118778747311d"
"pride_submission/supplementary_tables/results_tables_07_spatial_networks_network_spatial_relations_standardized_sample_metadata_used.csv","results_tables_07_spatial_networks_network_spatial_relations_standardized_sample_metadata_used.csv","csv",111119,"2026-05-27 16:05:36","4191af782e6e9a05e4412b51bc2d3d2d7f108928b18ec683756ae8753db78a7b"
"pride_submission/supplementary_tables/results_tables_07_spatial_networks_network_spatial_relations_top_protein_sets_by_region_layer.csv","results_tables_07_spatial_networks_network_spatial_relations_top_protein_sets_by_region_layer.csv","csv",18246,"2026-05-27 16:05:36","6e4d478df8a6cead4029712060b62fd4ecafcf24294eeeb456d091c540e1026e"
"pride_submission/validation/validation_report.tsv","validation_report.tsv","tsv",1783,"2026-06-22 21:22:49","d03de2df0e8ae96630027505ecb5513146025672b4c718ea51b99b6ee39d887d"
"pride_submission/validation/validation_summary.md","validation_summary.md","md",2666,"2026-06-22 21:22:49","2207f77b0ac2a324be167b9bc28ae5b50be8b96a76b7bd02e5ab0e08af5a7c97"
