"repository","lifecycle","absolute_path_chars","bytes","rel"
"proteomics","REGENERABLE",287,1597897,"data/processed/04_differential_expression_enrichment_comparison/legacy_replay/clusterProfiler/neuron_soma/phenotype_within_unit/DG_sg/DGsgres_DGsgcon/protein_group_audits/protein_group_to_gene_transformation_audit.csv"
"proteomics","REGENERABLE",287,1599306,"data/processed/04_differential_expression_enrichment_comparison/legacy_replay/clusterProfiler/neuron_soma/phenotype_within_unit/DG_sg/DGsgsus_DGsgcon/protein_group_audits/protein_group_to_gene_transformation_audit.csv"
"proteomics","REGENERABLE",287,1597742,"data/processed/04_differential_expression_enrichment_comparison/legacy_replay/clusterProfiler/neuron_soma/phenotype_within_unit/DG_sg/DGsgsus_DGsgres/protein_group_audits/protein_group_to_gene_transformation_audit.csv"
"proteomics","REGENERABLE",286,1607649,"data/processed/04_differential_expression_enrichment_comparison/animal_level/clusterProfiler/neuron_soma/phenotype_within_unit/DG_sg/DGsgres_DGsgcon/protein_group_audits/protein_group_to_gene_transformation_audit.csv"
"proteomics","REGENERABLE",286,1603576,"data/processed/04_differential_expression_enrichment_comparison/animal_level/clusterProfiler/neuron_soma/phenotype_within_unit/DG_sg/DGsgsus_DGsgcon/protein_group_audits/protein_group_to_gene_transformation_audit.csv"
"proteomics","REGENERABLE",286,1607295,"data/processed/04_differential_expression_enrichment_comparison/animal_level/clusterProfiler/neuron_soma/phenotype_within_unit/DG_sg/DGsgsus_DGsgres/protein_group_audits/protein_group_to_gene_transformation_audit.csv"
"proteomics","REGENERABLE",284,1505432,"data/processed/04_differential_expression_enrichment/clusterProfiler/microglia/phenotype_within_unit/CA1_microglia/CA1microgliares_CA1microgliacon/protein_group_audits/protein_group_to_gene_transformation_audit.csv"
"proteomics","REGENERABLE",284,1506497,"data/processed/04_differential_expression_enrichment/clusterProfiler/microglia/phenotype_within_unit/CA1_microglia/CA1microgliasus_CA1microgliacon/protein_group_audits/protein_group_to_gene_transformation_audit.csv"
"proteomics","REGENERABLE",284,1507038,"data/processed/04_differential_expression_enrichment/clusterProfiler/microglia/phenotype_within_unit/CA1_microglia/CA1microgliasus_CA1microgliares/protein_group_audits/protein_group_to_gene_transformation_audit.csv"
"proteomics","REGENERABLE",284,1505637,"data/processed/04_differential_expression_enrichment/clusterProfiler/microglia/phenotype_within_unit/CA2_microglia/CA2microgliares_CA2microgliacon/protein_group_audits/protein_group_to_gene_transformation_audit.csv"
"proteomics","REGENERABLE",284,1506980,"data/processed/04_differential_expression_enrichment/clusterProfiler/microglia/phenotype_within_unit/CA2_microglia/CA2microgliasus_CA2microgliacon/protein_group_audits/protein_group_to_gene_transformation_audit.csv"
"proteomics","REGENERABLE",284,1505617,"data/processed/04_differential_expression_enrichment/clusterProfiler/microglia/phenotype_within_unit/CA2_microglia/CA2microgliasus_CA2microgliares/protein_group_audits/protein_group_to_gene_transformation_audit.csv"
"proteomics","REGENERABLE",284,1496832,"data/processed/04_differential_expression_enrichment/clusterProfiler/microglia/phenotype_within_unit/CA3_microglia/CA3microgliares_CA3microgliacon/protein_group_audits/protein_group_to_gene_transformation_audit.csv"
"proteomics","REGENERABLE",284,1507993,"data/processed/04_differential_expression_enrichment/clusterProfiler/microglia/phenotype_within_unit/CA3_microglia/CA3microgliasus_CA3microgliacon/protein_group_audits/protein_group_to_gene_transformation_audit.csv"
"proteomics","REGENERABLE",284,1507520,"data/processed/04_differential_expression_enrichment/clusterProfiler/microglia/phenotype_within_unit/CA3_microglia/CA3microgliasus_CA3microgliares/protein_group_audits/protein_group_to_gene_transformation_audit.csv"
"proteomics","REGENERABLE",281,1505142,"data/processed/04_differential_expression_enrichment/clusterProfiler/microglia/phenotype_within_unit/DG_microglia/DGmicrogliares_DGmicrogliacon/protein_group_audits/protein_group_to_gene_transformation_audit.csv"
"proteomics","REGENERABLE",281,1506749,"data/processed/04_differential_expression_enrichment/clusterProfiler/microglia/phenotype_within_unit/DG_microglia/DGmicrogliasus_DGmicrogliacon/protein_group_audits/protein_group_to_gene_transformation_audit.csv"
"proteomics","REGENERABLE",281,1507216,"data/processed/04_differential_expression_enrichment/clusterProfiler/microglia/phenotype_within_unit/DG_microglia/DGmicrogliasus_DGmicrogliares/protein_group_audits/protein_group_to_gene_transformation_audit.csv"
"proteomics","REGENERABLE",281,651604,"data/processed/04_differential_expression_enrichment_comparison/legacy_replay/clusterProfiler/neuron_soma/phenotype_within_unit/DG_sg/DGsgres_DGsgcon/protein_group_audits/kegg_duplicate_entrez_collapse_audit.csv"
"proteomics","REGENERABLE",281,652585,"data/processed/04_differential_expression_enrichment_comparison/legacy_replay/clusterProfiler/neuron_soma/phenotype_within_unit/DG_sg/DGsgsus_DGsgcon/protein_group_audits/kegg_duplicate_entrez_collapse_audit.csv"
"proteomics","REGENERABLE",281,651632,"data/processed/04_differential_expression_enrichment_comparison/legacy_replay/clusterProfiler/neuron_soma/phenotype_within_unit/DG_sg/DGsgsus_DGsgres/protein_group_audits/kegg_duplicate_entrez_collapse_audit.csv"
"proteomics","REGENERABLE",280,652499,"data/processed/04_differential_expression_enrichment_comparison/animal_level/clusterProfiler/neuron_soma/phenotype_within_unit/DG_sg/DGsgres_DGsgcon/protein_group_audits/kegg_duplicate_entrez_collapse_audit.csv"
"proteomics","REGENERABLE",280,653395,"data/processed/04_differential_expression_enrichment_comparison/animal_level/clusterProfiler/neuron_soma/phenotype_within_unit/DG_sg/DGsgsus_DGsgcon/protein_group_audits/kegg_duplicate_entrez_collapse_audit.csv"
"proteomics","REGENERABLE",280,652521,"data/processed/04_differential_expression_enrichment_comparison/animal_level/clusterProfiler/neuron_soma/phenotype_within_unit/DG_sg/DGsgsus_DGsgres/protein_group_audits/kegg_duplicate_entrez_collapse_audit.csv"
"proteomics","REGENERABLE",279,602134,"data/processed/04_differential_expression_enrichment_comparison/legacy_replay/clusterProfiler/neuron_soma/phenotype_within_unit/DG_sg/DGsgres_DGsgcon/protein_group_audits/symbol_resolution_validation_audit.csv"
"proteomics","REGENERABLE",279,602134,"data/processed/04_differential_expression_enrichment_comparison/legacy_replay/clusterProfiler/neuron_soma/phenotype_within_unit/DG_sg/DGsgsus_DGsgcon/protein_group_audits/symbol_resolution_validation_audit.csv"
"proteomics","REGENERABLE",279,602134,"data/processed/04_differential_expression_enrichment_comparison/legacy_replay/clusterProfiler/neuron_soma/phenotype_within_unit/DG_sg/DGsgsus_DGsgres/protein_group_audits/symbol_resolution_validation_audit.csv"
"proteomics","REGENERABLE",278,604721,"data/processed/04_differential_expression_enrichment/clusterProfiler/microglia/phenotype_within_unit/CA1_microglia/CA1microgliares_CA1microgliacon/protein_group_audits/kegg_duplicate_entrez_collapse_audit.csv"
"proteomics","REGENERABLE",278,605256,"data/processed/04_differential_expression_enrichment/clusterProfiler/microglia/phenotype_within_unit/CA1_microglia/CA1microgliasus_CA1microgliacon/protein_group_audits/kegg_duplicate_entrez_collapse_audit.csv"
"proteomics","REGENERABLE",278,605510,"data/processed/04_differential_expression_enrichment/clusterProfiler/microglia/phenotype_within_unit/CA1_microglia/CA1microgliasus_CA1microgliares/protein_group_audits/kegg_duplicate_entrez_collapse_audit.csv"
"proteomics","REGENERABLE",278,604669,"data/processed/04_differential_expression_enrichment/clusterProfiler/microglia/phenotype_within_unit/CA2_microglia/CA2microgliares_CA2microgliacon/protein_group_audits/kegg_duplicate_entrez_collapse_audit.csv"
"proteomics","REGENERABLE",278,605335,"data/processed/04_differential_expression_enrichment/clusterProfiler/microglia/phenotype_within_unit/CA2_microglia/CA2microgliasus_CA2microgliacon/protein_group_audits/kegg_duplicate_entrez_collapse_audit.csv"
"proteomics","REGENERABLE",278,604730,"data/processed/04_differential_expression_enrichment/clusterProfiler/microglia/phenotype_within_unit/CA2_microglia/CA2microgliasus_CA2microgliares/protein_group_audits/kegg_duplicate_entrez_collapse_audit.csv"
"proteomics","REGENERABLE",278,605700,"data/processed/04_differential_expression_enrichment/clusterProfiler/microglia/phenotype_within_unit/CA3_microglia/CA3microgliares_CA3microgliacon/protein_group_audits/kegg_duplicate_entrez_collapse_audit.csv"
"proteomics","REGENERABLE",278,605962,"data/processed/04_differential_expression_enrichment/clusterProfiler/microglia/phenotype_within_unit/CA3_microglia/CA3microgliasus_CA3microgliacon/protein_group_audits/kegg_duplicate_entrez_collapse_audit.csv"
"proteomics","REGENERABLE",278,605644,"data/processed/04_differential_expression_enrichment/clusterProfiler/microglia/phenotype_within_unit/CA3_microglia/CA3microgliasus_CA3microgliares/protein_group_audits/kegg_duplicate_entrez_collapse_audit.csv"
"proteomics","REGENERABLE",278,602134,"data/processed/04_differential_expression_enrichment_comparison/animal_level/clusterProfiler/neuron_soma/phenotype_within_unit/DG_sg/DGsgres_DGsgcon/protein_group_audits/symbol_resolution_validation_audit.csv"
"proteomics","REGENERABLE",278,602134,"data/processed/04_differential_expression_enrichment_comparison/animal_level/clusterProfiler/neuron_soma/phenotype_within_unit/DG_sg/DGsgsus_DGsgcon/protein_group_audits/symbol_resolution_validation_audit.csv"
"proteomics","REGENERABLE",278,602134,"data/processed/04_differential_expression_enrichment_comparison/animal_level/clusterProfiler/neuron_soma/phenotype_within_unit/DG_sg/DGsgsus_DGsgres/protein_group_audits/symbol_resolution_validation_audit.csv"
"proteomics","REGENERABLE",277,247031,"data/processed/04_differential_expression_enrichment_comparison/legacy_replay/clusterProfiler/neuron_soma/phenotype_within_unit/DG_sg/DGsgres_DGsgcon/protein_group_audits/rank_statistic_sensitivity_audit.csv"
"proteomics","REGENERABLE",277,248993,"data/processed/04_differential_expression_enrichment_comparison/legacy_replay/clusterProfiler/neuron_soma/phenotype_within_unit/DG_sg/DGsgsus_DGsgcon/protein_group_audits/rank_statistic_sensitivity_audit.csv"
"proteomics","REGENERABLE",277,247087,"data/processed/04_differential_expression_enrichment_comparison/legacy_replay/clusterProfiler/neuron_soma/phenotype_within_unit/DG_sg/DGsgsus_DGsgres/protein_group_audits/rank_statistic_sensitivity_audit.csv"
"proteomics","REGENERABLE",276,557634,"data/processed/04_differential_expression_enrichment/clusterProfiler/microglia/phenotype_within_unit/CA1_microglia/CA1microgliares_CA1microgliacon/protein_group_audits/symbol_resolution_validation_audit.csv"
"proteomics","REGENERABLE",276,557634,"data/processed/04_differential_expression_enrichment/clusterProfiler/microglia/phenotype_within_unit/CA1_microglia/CA1microgliasus_CA1microgliacon/protein_group_audits/symbol_resolution_validation_audit.csv"
"proteomics","REGENERABLE",276,557634,"data/processed/04_differential_expression_enrichment/clusterProfiler/microglia/phenotype_within_unit/CA1_microglia/CA1microgliasus_CA1microgliares/protein_group_audits/symbol_resolution_validation_audit.csv"
"proteomics","REGENERABLE",276,557634,"data/processed/04_differential_expression_enrichment/clusterProfiler/microglia/phenotype_within_unit/CA2_microglia/CA2microgliares_CA2microgliacon/protein_group_audits/symbol_resolution_validation_audit.csv"
"proteomics","REGENERABLE",276,557634,"data/processed/04_differential_expression_enrichment/clusterProfiler/microglia/phenotype_within_unit/CA2_microglia/CA2microgliasus_CA2microgliacon/protein_group_audits/symbol_resolution_validation_audit.csv"
"proteomics","REGENERABLE",276,557634,"data/processed/04_differential_expression_enrichment/clusterProfiler/microglia/phenotype_within_unit/CA2_microglia/CA2microgliasus_CA2microgliares/protein_group_audits/symbol_resolution_validation_audit.csv"
"proteomics","REGENERABLE",276,557634,"data/processed/04_differential_expression_enrichment/clusterProfiler/microglia/phenotype_within_unit/CA3_microglia/CA3microgliares_CA3microgliacon/protein_group_audits/symbol_resolution_validation_audit.csv"
"proteomics","REGENERABLE",276,557634,"data/processed/04_differential_expression_enrichment/clusterProfiler/microglia/phenotype_within_unit/CA3_microglia/CA3microgliasus_CA3microgliacon/protein_group_audits/symbol_resolution_validation_audit.csv"
"proteomics","REGENERABLE",276,557634,"data/processed/04_differential_expression_enrichment/clusterProfiler/microglia/phenotype_within_unit/CA3_microglia/CA3microgliasus_CA3microgliares/protein_group_audits/symbol_resolution_validation_audit.csv"
"proteomics","REGENERABLE",276,248821,"data/processed/04_differential_expression_enrichment_comparison/animal_level/clusterProfiler/neuron_soma/phenotype_within_unit/DG_sg/DGsgres_DGsgcon/protein_group_audits/rank_statistic_sensitivity_audit.csv"
"proteomics","REGENERABLE",276,250612,"data/processed/04_differential_expression_enrichment_comparison/animal_level/clusterProfiler/neuron_soma/phenotype_within_unit/DG_sg/DGsgsus_DGsgcon/protein_group_audits/rank_statistic_sensitivity_audit.csv"
"proteomics","REGENERABLE",276,248865,"data/processed/04_differential_expression_enrichment_comparison/animal_level/clusterProfiler/neuron_soma/phenotype_within_unit/DG_sg/DGsgsus_DGsgres/protein_group_audits/rank_statistic_sensitivity_audit.csv"
"proteomics","REGENERABLE",276,1362894,"data/processed/04_differential_expression_enrichment_comparison/legacy_replay/clusterProfiler/neuron_soma/phenotype_within_unit/DG_sg/DGsgres_DGsgcon/protein_group_audits/collapsed_gene_input_provenance.csv"
"proteomics","REGENERABLE",276,1366904,"data/processed/04_differential_expression_enrichment_comparison/legacy_replay/clusterProfiler/neuron_soma/phenotype_within_unit/DG_sg/DGsgsus_DGsgcon/protein_group_audits/collapsed_gene_input_provenance.csv"
"proteomics","REGENERABLE",276,1364151,"data/processed/04_differential_expression_enrichment_comparison/legacy_replay/clusterProfiler/neuron_soma/phenotype_within_unit/DG_sg/DGsgsus_DGsgres/protein_group_audits/collapsed_gene_input_provenance.csv"
"proteomics","REGENERABLE",275,604662,"data/processed/04_differential_expression_enrichment/clusterProfiler/microglia/phenotype_within_unit/DG_microglia/DGmicrogliares_DGmicrogliacon/protein_group_audits/kegg_duplicate_entrez_collapse_audit.csv"
"proteomics","REGENERABLE",275,605541,"data/processed/04_differential_expression_enrichment/clusterProfiler/microglia/phenotype_within_unit/DG_microglia/DGmicrogliasus_DGmicrogliacon/protein_group_audits/kegg_duplicate_entrez_collapse_audit.csv"
"proteomics","REGENERABLE",275,605573,"data/processed/04_differential_expression_enrichment/clusterProfiler/microglia/phenotype_within_unit/DG_microglia/DGmicrogliasus_DGmicrogliares/protein_group_audits/kegg_duplicate_entrez_collapse_audit.csv"
"proteomics","REGENERABLE",275,1374905,"data/processed/04_differential_expression_enrichment_comparison/animal_level/clusterProfiler/neuron_soma/phenotype_within_unit/DG_sg/DGsgres_DGsgcon/protein_group_audits/collapsed_gene_input_provenance.csv"
"proteomics","REGENERABLE",275,1373399,"data/processed/04_differential_expression_enrichment_comparison/animal_level/clusterProfiler/neuron_soma/phenotype_within_unit/DG_sg/DGsgsus_DGsgcon/protein_group_audits/collapsed_gene_input_provenance.csv"
"proteomics","REGENERABLE",275,1376161,"data/processed/04_differential_expression_enrichment_comparison/animal_level/clusterProfiler/neuron_soma/phenotype_within_unit/DG_sg/DGsgsus_DGsgres/protein_group_audits/collapsed_gene_input_provenance.csv"
"proteomics","REGENERABLE",275,1328017,"data/processed/04_differential_expression_enrichment_comparison/legacy_replay/clusterProfiler/neuron_soma/phenotype_within_unit/DG_sg/DGsgres_DGsgcon/protein_group_audits/gsea_kegg_term_gene_provenance.csv"
"proteomics","REGENERABLE",275,1432173,"data/processed/04_differential_expression_enrichment_comparison/legacy_replay/clusterProfiler/neuron_soma/phenotype_within_unit/DG_sg/DGsgsus_DGsgcon/protein_group_audits/gsea_kegg_term_gene_provenance.csv"
"proteomics","REGENERABLE",275,1448678,"data/processed/04_differential_expression_enrichment_comparison/legacy_replay/clusterProfiler/neuron_soma/phenotype_within_unit/DG_sg/DGsgsus_DGsgres/protein_group_audits/gsea_kegg_term_gene_provenance.csv"
"proteomics","REGENERABLE",274,233781,"data/processed/04_differential_expression_enrichment/clusterProfiler/microglia/phenotype_within_unit/CA1_microglia/CA1microgliares_CA1microgliacon/protein_group_audits/rank_statistic_sensitivity_audit.csv"
"proteomics","REGENERABLE",274,234851,"data/processed/04_differential_expression_enrichment/clusterProfiler/microglia/phenotype_within_unit/CA1_microglia/CA1microgliasus_CA1microgliacon/protein_group_audits/rank_statistic_sensitivity_audit.csv"
"proteomics","REGENERABLE",274,235360,"data/processed/04_differential_expression_enrichment/clusterProfiler/microglia/phenotype_within_unit/CA1_microglia/CA1microgliasus_CA1microgliares/protein_group_audits/rank_statistic_sensitivity_audit.csv"
"proteomics","REGENERABLE",274,233677,"data/processed/04_differential_expression_enrichment/clusterProfiler/microglia/phenotype_within_unit/CA2_microglia/CA2microgliares_CA2microgliacon/protein_group_audits/rank_statistic_sensitivity_audit.csv"
"proteomics","REGENERABLE",274,235009,"data/processed/04_differential_expression_enrichment/clusterProfiler/microglia/phenotype_within_unit/CA2_microglia/CA2microgliasus_CA2microgliacon/protein_group_audits/rank_statistic_sensitivity_audit.csv"
"proteomics","REGENERABLE",274,233799,"data/processed/04_differential_expression_enrichment/clusterProfiler/microglia/phenotype_within_unit/CA2_microglia/CA2microgliasus_CA2microgliares/protein_group_audits/rank_statistic_sensitivity_audit.csv"
"proteomics","REGENERABLE",274,235739,"data/processed/04_differential_expression_enrichment/clusterProfiler/microglia/phenotype_within_unit/CA3_microglia/CA3microgliares_CA3microgliacon/protein_group_audits/rank_statistic_sensitivity_audit.csv"
"proteomics","REGENERABLE",274,236263,"data/processed/04_differential_expression_enrichment/clusterProfiler/microglia/phenotype_within_unit/CA3_microglia/CA3microgliasus_CA3microgliacon/protein_group_audits/rank_statistic_sensitivity_audit.csv"
"proteomics","REGENERABLE",274,235626,"data/processed/04_differential_expression_enrichment/clusterProfiler/microglia/phenotype_within_unit/CA3_microglia/CA3microgliasus_CA3microgliares/protein_group_audits/rank_statistic_sensitivity_audit.csv"
"proteomics","REGENERABLE",274,1325630,"data/processed/04_differential_expression_enrichment_comparison/animal_level/clusterProfiler/neuron_soma/phenotype_within_unit/DG_sg/DGsgres_DGsgcon/protein_group_audits/gsea_kegg_term_gene_provenance.csv"
"proteomics","REGENERABLE",274,1463401,"data/processed/04_differential_expression_enrichment_comparison/animal_level/clusterProfiler/neuron_soma/phenotype_within_unit/DG_sg/DGsgsus_DGsgcon/protein_group_audits/gsea_kegg_term_gene_provenance.csv"
"proteomics","REGENERABLE",274,1494563,"data/processed/04_differential_expression_enrichment_comparison/animal_level/clusterProfiler/neuron_soma/phenotype_within_unit/DG_sg/DGsgsus_DGsgres/protein_group_audits/gsea_kegg_term_gene_provenance.csv"
"proteomics","REGENERABLE",274,1125673,"data/processed/04_differential_expression_enrichment_comparison/legacy_replay/clusterProfiler/neuron_soma/phenotype_within_unit/DG_sg/DGsgres_DGsgcon/protein_group_audits/duplicate_gene_collapse_audit.csv"
"proteomics","REGENERABLE",274,30,"data/processed/04_differential_expression_enrichment_comparison/legacy_replay/clusterProfiler/neuron_soma/phenotype_within_unit/DG_sg/DGsgres_DGsgcon/protein_group_audits/ora_downregulated_input_audit.csv"
"proteomics","REGENERABLE",274,1129683,"data/processed/04_differential_expression_enrichment_comparison/legacy_replay/clusterProfiler/neuron_soma/phenotype_within_unit/DG_sg/DGsgsus_DGsgcon/protein_group_audits/duplicate_gene_collapse_audit.csv"
"proteomics","REGENERABLE",274,30,"data/processed/04_differential_expression_enrichment_comparison/legacy_replay/clusterProfiler/neuron_soma/phenotype_within_unit/DG_sg/DGsgsus_DGsgcon/protein_group_audits/ora_downregulated_input_audit.csv"
"proteomics","REGENERABLE",274,1126930,"data/processed/04_differential_expression_enrichment_comparison/legacy_replay/clusterProfiler/neuron_soma/phenotype_within_unit/DG_sg/DGsgsus_DGsgres/protein_group_audits/duplicate_gene_collapse_audit.csv"
"proteomics","REGENERABLE",274,80,"data/processed/04_differential_expression_enrichment_comparison/legacy_replay/clusterProfiler/neuron_soma/phenotype_within_unit/DG_sg/DGsgsus_DGsgres/protein_group_audits/ora_downregulated_input_audit.csv"
"proteomics","REGENERABLE",273,1284215,"data/processed/04_differential_expression_enrichment/clusterProfiler/microglia/phenotype_within_unit/CA1_microglia/CA1microgliares_CA1microgliacon/protein_group_audits/collapsed_gene_input_provenance.csv"
"proteomics","REGENERABLE",273,1286700,"data/processed/04_differential_expression_enrichment/clusterProfiler/microglia/phenotype_within_unit/CA1_microglia/CA1microgliasus_CA1microgliacon/protein_group_audits/collapsed_gene_input_provenance.csv"
"proteomics","REGENERABLE",273,1288321,"data/processed/04_differential_expression_enrichment/clusterProfiler/microglia/phenotype_within_unit/CA1_microglia/CA1microgliasus_CA1microgliares/protein_group_audits/collapsed_gene_input_provenance.csv"
"proteomics","REGENERABLE",273,1284771,"data/processed/04_differential_expression_enrichment/clusterProfiler/microglia/phenotype_within_unit/CA2_microglia/CA2microgliares_CA2microgliacon/protein_group_audits/collapsed_gene_input_provenance.csv"
"proteomics","REGENERABLE",273,1288404,"data/processed/04_differential_expression_enrichment/clusterProfiler/microglia/phenotype_within_unit/CA2_microglia/CA2microgliasus_CA2microgliacon/protein_group_audits/collapsed_gene_input_provenance.csv"
"proteomics","REGENERABLE",273,1286360,"data/processed/04_differential_expression_enrichment/clusterProfiler/microglia/phenotype_within_unit/CA2_microglia/CA2microgliasus_CA2microgliares/protein_group_audits/collapsed_gene_input_provenance.csv"
"proteomics","REGENERABLE",273,1277514,"data/processed/04_differential_expression_enrichment/clusterProfiler/microglia/phenotype_within_unit/CA3_microglia/CA3microgliares_CA3microgliacon/protein_group_audits/collapsed_gene_input_provenance.csv"
"proteomics","REGENERABLE",273,1290015,"data/processed/04_differential_expression_enrichment/clusterProfiler/microglia/phenotype_within_unit/CA3_microglia/CA3microgliasus_CA3microgliacon/protein_group_audits/collapsed_gene_input_provenance.csv"
"proteomics","REGENERABLE",273,1289166,"data/processed/04_differential_expression_enrichment/clusterProfiler/microglia/phenotype_within_unit/CA3_microglia/CA3microgliasus_CA3microgliares/protein_group_audits/collapsed_gene_input_provenance.csv"
"proteomics","REGENERABLE",273,557634,"data/processed/04_differential_expression_enrichment/clusterProfiler/microglia/phenotype_within_unit/DG_microglia/DGmicrogliares_DGmicrogliacon/protein_group_audits/symbol_resolution_validation_audit.csv"
"proteomics","REGENERABLE",273,557634,"data/processed/04_differential_expression_enrichment/clusterProfiler/microglia/phenotype_within_unit/DG_microglia/DGmicrogliasus_DGmicrogliacon/protein_group_audits/symbol_resolution_validation_audit.csv"
"proteomics","REGENERABLE",273,557634,"data/processed/04_differential_expression_enrichment/clusterProfiler/microglia/phenotype_within_unit/DG_microglia/DGmicrogliasus_DGmicrogliares/protein_group_audits/symbol_resolution_validation_audit.csv"
"proteomics","REGENERABLE",273,1137684,"data/processed/04_differential_expression_enrichment_comparison/animal_level/clusterProfiler/neuron_soma/phenotype_within_unit/DG_sg/DGsgres_DGsgcon/protein_group_audits/duplicate_gene_collapse_audit.csv"
"proteomics","REGENERABLE",273,30,"data/processed/04_differential_expression_enrichment_comparison/animal_level/clusterProfiler/neuron_soma/phenotype_within_unit/DG_sg/DGsgres_DGsgcon/protein_group_audits/ora_downregulated_input_audit.csv"
"proteomics","REGENERABLE",273,1136178,"data/processed/04_differential_expression_enrichment_comparison/animal_level/clusterProfiler/neuron_soma/phenotype_within_unit/DG_sg/DGsgsus_DGsgcon/protein_group_audits/duplicate_gene_collapse_audit.csv"
"proteomics","REGENERABLE",273,30,"data/processed/04_differential_expression_enrichment_comparison/animal_level/clusterProfiler/neuron_soma/phenotype_within_unit/DG_sg/DGsgsus_DGsgcon/protein_group_audits/ora_downregulated_input_audit.csv"
"proteomics","REGENERABLE",273,1138940,"data/processed/04_differential_expression_enrichment_comparison/animal_level/clusterProfiler/neuron_soma/phenotype_within_unit/DG_sg/DGsgsus_DGsgres/protein_group_audits/duplicate_gene_collapse_audit.csv"
"proteomics","REGENERABLE",273,30,"data/processed/04_differential_expression_enrichment_comparison/animal_level/clusterProfiler/neuron_soma/phenotype_within_unit/DG_sg/DGsgsus_DGsgres/protein_group_audits/ora_downregulated_input_audit.csv"
"proteomics","REGENERABLE",273,22507947,"data/processed/04_differential_expression_enrichment_comparison/legacy_replay/clusterProfiler/neuron_soma/phenotype_within_unit/DG_sg/DGsgres_DGsgcon/protein_group_audits/gsea_go_term_gene_provenance.csv"
"proteomics","REGENERABLE",273,600,"data/processed/04_differential_expression_enrichment_comparison/legacy_replay/clusterProfiler/neuron_soma/phenotype_within_unit/DG_sg/DGsgres_DGsgcon/protein_group_audits/per_contrast_aggregate_audit.csv"
"proteomics","REGENERABLE",273,24077821,"data/processed/04_differential_expression_enrichment_comparison/legacy_replay/clusterProfiler/neuron_soma/phenotype_within_unit/DG_sg/DGsgsus_DGsgcon/protein_group_audits/gsea_go_term_gene_provenance.csv"
"proteomics","REGENERABLE",273,600,"data/processed/04_differential_expression_enrichment_comparison/legacy_replay/clusterProfiler/neuron_soma/phenotype_within_unit/DG_sg/DGsgsus_DGsgcon/protein_group_audits/per_contrast_aggregate_audit.csv"
"proteomics","REGENERABLE",273,25476896,"data/processed/04_differential_expression_enrichment_comparison/legacy_replay/clusterProfiler/neuron_soma/phenotype_within_unit/DG_sg/DGsgsus_DGsgres/protein_group_audits/gsea_go_term_gene_provenance.csv"
"proteomics","REGENERABLE",273,600,"data/processed/04_differential_expression_enrichment_comparison/legacy_replay/clusterProfiler/neuron_soma/phenotype_within_unit/DG_sg/DGsgsus_DGsgres/protein_group_audits/per_contrast_aggregate_audit.csv"
"proteomics","REGENERABLE",272,1669800,"data/processed/04_differential_expression_enrichment/clusterProfiler/microglia/phenotype_within_unit/CA1_microglia/CA1microgliares_CA1microgliacon/protein_group_audits/gsea_kegg_term_gene_provenance.csv"
"proteomics","REGENERABLE",272,1457377,"data/processed/04_differential_expression_enrichment/clusterProfiler/microglia/phenotype_within_unit/CA1_microglia/CA1microgliasus_CA1microgliacon/protein_group_audits/gsea_kegg_term_gene_provenance.csv"
"proteomics","REGENERABLE",272,1598692,"data/processed/04_differential_expression_enrichment/clusterProfiler/microglia/phenotype_within_unit/CA1_microglia/CA1microgliasus_CA1microgliares/protein_group_audits/gsea_kegg_term_gene_provenance.csv"
"proteomics","REGENERABLE",272,1634962,"data/processed/04_differential_expression_enrichment/clusterProfiler/microglia/phenotype_within_unit/CA2_microglia/CA2microgliares_CA2microgliacon/protein_group_audits/gsea_kegg_term_gene_provenance.csv"
"proteomics","REGENERABLE",272,1678876,"data/processed/04_differential_expression_enrichment/clusterProfiler/microglia/phenotype_within_unit/CA2_microglia/CA2microgliasus_CA2microgliacon/protein_group_audits/gsea_kegg_term_gene_provenance.csv"
"proteomics","REGENERABLE",272,1741906,"data/processed/04_differential_expression_enrichment/clusterProfiler/microglia/phenotype_within_unit/CA2_microglia/CA2microgliasus_CA2microgliares/protein_group_audits/gsea_kegg_term_gene_provenance.csv"
"proteomics","REGENERABLE",272,1212733,"data/processed/04_differential_expression_enrichment/clusterProfiler/microglia/phenotype_within_unit/CA3_microglia/CA3microgliares_CA3microgliacon/protein_group_audits/gsea_kegg_term_gene_provenance.csv"
"proteomics","REGENERABLE",272,1424848,"data/processed/04_differential_expression_enrichment/clusterProfiler/microglia/phenotype_within_unit/CA3_microglia/CA3microgliasus_CA3microgliacon/protein_group_audits/gsea_kegg_term_gene_provenance.csv"
"proteomics","REGENERABLE",272,1462798,"data/processed/04_differential_expression_enrichment/clusterProfiler/microglia/phenotype_within_unit/CA3_microglia/CA3microgliasus_CA3microgliares/protein_group_audits/gsea_kegg_term_gene_provenance.csv"
"proteomics","REGENERABLE",272,1484260,"data/processed/04_differential_expression_enrichment/clusterProfiler/neuron_neuropil/phenotype_within_unit/CA1_slm/CA1slmres_CA1slmcon/protein_group_audits/protein_group_to_gene_transformation_audit.csv"
"proteomics","REGENERABLE",272,1484430,"data/processed/04_differential_expression_enrichment/clusterProfiler/neuron_neuropil/phenotype_within_unit/CA1_slm/CA1slmsus_CA1slmcon/protein_group_audits/protein_group_to_gene_transformation_audit.csv"
"proteomics","REGENERABLE",272,1486545,"data/processed/04_differential_expression_enrichment/clusterProfiler/neuron_neuropil/phenotype_within_unit/CA1_slm/CA1slmsus_CA1slmres/protein_group_audits/protein_group_to_gene_transformation_audit.csv"
"proteomics","REGENERABLE",272,1485643,"data/processed/04_differential_expression_enrichment/clusterProfiler/neuron_neuropil/phenotype_within_unit/CA2_slm/CA2slmres_CA2slmcon/protein_group_audits/protein_group_to_gene_transformation_audit.csv"
"proteomics","REGENERABLE",272,1486699,"data/processed/04_differential_expression_enrichment/clusterProfiler/neuron_neuropil/phenotype_within_unit/CA2_slm/CA2slmsus_CA2slmcon/protein_group_audits/protein_group_to_gene_transformation_audit.csv"
"proteomics","REGENERABLE",272,1487057,"data/processed/04_differential_expression_enrichment/clusterProfiler/neuron_neuropil/phenotype_within_unit/CA2_slm/CA2slmsus_CA2slmres/protein_group_audits/protein_group_to_gene_transformation_audit.csv"
"proteomics","REGENERABLE",272,21845003,"data/processed/04_differential_expression_enrichment_comparison/animal_level/clusterProfiler/neuron_soma/phenotype_within_unit/DG_sg/DGsgres_DGsgcon/protein_group_audits/gsea_go_term_gene_provenance.csv"
"proteomics","REGENERABLE",272,599,"data/processed/04_differential_expression_enrichment_comparison/animal_level/clusterProfiler/neuron_soma/phenotype_within_unit/DG_sg/DGsgres_DGsgcon/protein_group_audits/per_contrast_aggregate_audit.csv"
"proteomics","REGENERABLE",272,24728116,"data/processed/04_differential_expression_enrichment_comparison/animal_level/clusterProfiler/neuron_soma/phenotype_within_unit/DG_sg/DGsgsus_DGsgcon/protein_group_audits/gsea_go_term_gene_provenance.csv"
"proteomics","REGENERABLE",272,599,"data/processed/04_differential_expression_enrichment_comparison/animal_level/clusterProfiler/neuron_soma/phenotype_within_unit/DG_sg/DGsgsus_DGsgcon/protein_group_audits/per_contrast_aggregate_audit.csv"
"proteomics","REGENERABLE",272,24811540,"data/processed/04_differential_expression_enrichment_comparison/animal_level/clusterProfiler/neuron_soma/phenotype_within_unit/DG_sg/DGsgsus_DGsgres/protein_group_audits/gsea_go_term_gene_provenance.csv"
"proteomics","REGENERABLE",272,599,"data/processed/04_differential_expression_enrichment_comparison/animal_level/clusterProfiler/neuron_soma/phenotype_within_unit/DG_sg/DGsgsus_DGsgres/protein_group_audits/per_contrast_aggregate_audit.csv"
"proteomics","REGENERABLE",272,537200,"data/processed/04_differential_expression_enrichment_comparison/legacy_replay/clusterProfiler/neuron_soma/phenotype_within_unit/DG_sg/DGsgres_DGsgcon/protein_group_audits/kegg_symbol_to_entrez_audit.csv"
"proteomics","REGENERABLE",272,30,"data/processed/04_differential_expression_enrichment_comparison/legacy_replay/clusterProfiler/neuron_soma/phenotype_within_unit/DG_sg/DGsgres_DGsgcon/protein_group_audits/ora_upregulated_input_audit.csv"
"proteomics","REGENERABLE",272,538181,"data/processed/04_differential_expression_enrichment_comparison/legacy_replay/clusterProfiler/neuron_soma/phenotype_within_unit/DG_sg/DGsgsus_DGsgcon/protein_group_audits/kegg_symbol_to_entrez_audit.csv"
"proteomics","REGENERABLE",272,30,"data/processed/04_differential_expression_enrichment_comparison/legacy_replay/clusterProfiler/neuron_soma/phenotype_within_unit/DG_sg/DGsgsus_DGsgcon/protein_group_audits/ora_upregulated_input_audit.csv"
"proteomics","REGENERABLE",272,537228,"data/processed/04_differential_expression_enrichment_comparison/legacy_replay/clusterProfiler/neuron_soma/phenotype_within_unit/DG_sg/DGsgsus_DGsgres/protein_group_audits/kegg_symbol_to_entrez_audit.csv"
"proteomics","REGENERABLE",272,30,"data/processed/04_differential_expression_enrichment_comparison/legacy_replay/clusterProfiler/neuron_soma/phenotype_within_unit/DG_sg/DGsgsus_DGsgres/protein_group_audits/ora_upregulated_input_audit.csv"
"proteomics","REGENERABLE",271,1060498,"data/processed/04_differential_expression_enrichment/clusterProfiler/microglia/phenotype_within_unit/CA1_microglia/CA1microgliares_CA1microgliacon/protein_group_audits/duplicate_gene_collapse_audit.csv"
"proteomics","REGENERABLE",271,30,"data/processed/04_differential_expression_enrichment/clusterProfiler/microglia/phenotype_within_unit/CA1_microglia/CA1microgliares_CA1microgliacon/protein_group_audits/ora_downregulated_input_audit.csv"
"proteomics","REGENERABLE",271,1062983,"data/processed/04_differential_expression_enrichment/clusterProfiler/microglia/phenotype_within_unit/CA1_microglia/CA1microgliasus_CA1microgliacon/protein_group_audits/duplicate_gene_collapse_audit.csv"
"proteomics","REGENERABLE",271,30,"data/processed/04_differential_expression_enrichment/clusterProfiler/microglia/phenotype_within_unit/CA1_microglia/CA1microgliasus_CA1microgliacon/protein_group_audits/ora_downregulated_input_audit.csv"
"proteomics","REGENERABLE",271,1064604,"data/processed/04_differential_expression_enrichment/clusterProfiler/microglia/phenotype_within_unit/CA1_microglia/CA1microgliasus_CA1microgliares/protein_group_audits/duplicate_gene_collapse_audit.csv"
"proteomics","REGENERABLE",271,30,"data/processed/04_differential_expression_enrichment/clusterProfiler/microglia/phenotype_within_unit/CA1_microglia/CA1microgliasus_CA1microgliares/protein_group_audits/ora_downregulated_input_audit.csv"
"proteomics","REGENERABLE",271,1061054,"data/processed/04_differential_expression_enrichment/clusterProfiler/microglia/phenotype_within_unit/CA2_microglia/CA2microgliares_CA2microgliacon/protein_group_audits/duplicate_gene_collapse_audit.csv"
"proteomics","REGENERABLE",271,56,"data/processed/04_differential_expression_enrichment/clusterProfiler/microglia/phenotype_within_unit/CA2_microglia/CA2microgliares_CA2microgliacon/protein_group_audits/ora_downregulated_input_audit.csv"
"proteomics","REGENERABLE",271,1064687,"data/processed/04_differential_expression_enrichment/clusterProfiler/microglia/phenotype_within_unit/CA2_microglia/CA2microgliasus_CA2microgliacon/protein_group_audits/duplicate_gene_collapse_audit.csv"
"proteomics","REGENERABLE",271,106,"data/processed/04_differential_expression_enrichment/clusterProfiler/microglia/phenotype_within_unit/CA2_microglia/CA2microgliasus_CA2microgliacon/protein_group_audits/ora_downregulated_input_audit.csv"
"proteomics","REGENERABLE",271,1062643,"data/processed/04_differential_expression_enrichment/clusterProfiler/microglia/phenotype_within_unit/CA2_microglia/CA2microgliasus_CA2microgliares/protein_group_audits/duplicate_gene_collapse_audit.csv"
"proteomics","REGENERABLE",271,81,"data/processed/04_differential_expression_enrichment/clusterProfiler/microglia/phenotype_within_unit/CA2_microglia/CA2microgliasus_CA2microgliares/protein_group_audits/ora_downregulated_input_audit.csv"
"proteomics","REGENERABLE",271,1053797,"data/processed/04_differential_expression_enrichment/clusterProfiler/microglia/phenotype_within_unit/CA3_microglia/CA3microgliares_CA3microgliacon/protein_group_audits/duplicate_gene_collapse_audit.csv"
"proteomics","REGENERABLE",271,30,"data/processed/04_differential_expression_enrichment/clusterProfiler/microglia/phenotype_within_unit/CA3_microglia/CA3microgliares_CA3microgliacon/protein_group_audits/ora_downregulated_input_audit.csv"
"proteomics","REGENERABLE",271,1066298,"data/processed/04_differential_expression_enrichment/clusterProfiler/microglia/phenotype_within_unit/CA3_microglia/CA3microgliasus_CA3microgliacon/protein_group_audits/duplicate_gene_collapse_audit.csv"
"proteomics","REGENERABLE",271,30,"data/processed/04_differential_expression_enrichment/clusterProfiler/microglia/phenotype_within_unit/CA3_microglia/CA3microgliasus_CA3microgliacon/protein_group_audits/ora_downregulated_input_audit.csv"
"proteomics","REGENERABLE",271,1065449,"data/processed/04_differential_expression_enrichment/clusterProfiler/microglia/phenotype_within_unit/CA3_microglia/CA3microgliasus_CA3microgliares/protein_group_audits/duplicate_gene_collapse_audit.csv"
"proteomics","REGENERABLE",271,30,"data/processed/04_differential_expression_enrichment/clusterProfiler/microglia/phenotype_within_unit/CA3_microglia/CA3microgliasus_CA3microgliares/protein_group_audits/ora_downregulated_input_audit.csv"
"proteomics","REGENERABLE",271,233663,"data/processed/04_differential_expression_enrichment/clusterProfiler/microglia/phenotype_within_unit/DG_microglia/DGmicrogliares_DGmicrogliacon/protein_group_audits/rank_statistic_sensitivity_audit.csv"
"proteomics","REGENERABLE",271,235421,"data/processed/04_differential_expression_enrichment/clusterProfiler/microglia/phenotype_within_unit/DG_microglia/DGmicrogliasus_DGmicrogliacon/protein_group_audits/rank_statistic_sensitivity_audit.csv"
"proteomics","REGENERABLE",271,235484,"data/processed/04_differential_expression_enrichment/clusterProfiler/microglia/phenotype_within_unit/DG_microglia/DGmicrogliasus_DGmicrogliares/protein_group_audits/rank_statistic_sensitivity_audit.csv"
"proteomics","REGENERABLE",271,538095,"data/processed/04_differential_expression_enrichment_comparison/animal_level/clusterProfiler/neuron_soma/phenotype_within_unit/DG_sg/DGsgres_DGsgcon/protein_group_audits/kegg_symbol_to_entrez_audit.csv"
"proteomics","REGENERABLE",271,53,"data/processed/04_differential_expression_enrichment_comparison/animal_level/clusterProfiler/neuron_soma/phenotype_within_unit/DG_sg/DGsgres_DGsgcon/protein_group_audits/ora_upregulated_input_audit.csv"
"proteomics","REGENERABLE",271,538991,"data/processed/04_differential_expression_enrichment_comparison/animal_level/clusterProfiler/neuron_soma/phenotype_within_unit/DG_sg/DGsgsus_DGsgcon/protein_group_audits/kegg_symbol_to_entrez_audit.csv"
"proteomics","REGENERABLE",271,30,"data/processed/04_differential_expression_enrichment_comparison/animal_level/clusterProfiler/neuron_soma/phenotype_within_unit/DG_sg/DGsgsus_DGsgcon/protein_group_audits/ora_upregulated_input_audit.csv"
"proteomics","REGENERABLE",271,538117,"data/processed/04_differential_expression_enrichment_comparison/animal_level/clusterProfiler/neuron_soma/phenotype_within_unit/DG_sg/DGsgsus_DGsgres/protein_group_audits/kegg_symbol_to_entrez_audit.csv"
"proteomics","REGENERABLE",271,30,"data/processed/04_differential_expression_enrichment_comparison/animal_level/clusterProfiler/neuron_soma/phenotype_within_unit/DG_sg/DGsgsus_DGsgres/protein_group_audits/ora_upregulated_input_audit.csv"
"proteomics","REGENERABLE",270,27310579,"data/processed/04_differential_expression_enrichment/clusterProfiler/microglia/phenotype_within_unit/CA1_microglia/CA1microgliares_CA1microgliacon/protein_group_audits/gsea_go_term_gene_provenance.csv"
"proteomics","REGENERABLE",270,599,"data/processed/04_differential_expression_enrichment/clusterProfiler/microglia/phenotype_within_unit/CA1_microglia/CA1microgliares_CA1microgliacon/protein_group_audits/per_contrast_aggregate_audit.csv"
"proteomics","REGENERABLE",270,22785505,"data/processed/04_differential_expression_enrichment/clusterProfiler/microglia/phenotype_within_unit/CA1_microglia/CA1microgliasus_CA1microgliacon/protein_group_audits/gsea_go_term_gene_provenance.csv"
"proteomics","REGENERABLE",270,599,"data/processed/04_differential_expression_enrichment/clusterProfiler/microglia/phenotype_within_unit/CA1_microglia/CA1microgliasus_CA1microgliacon/protein_group_audits/per_contrast_aggregate_audit.csv"
"proteomics","REGENERABLE",270,26270564,"data/processed/04_differential_expression_enrichment/clusterProfiler/microglia/phenotype_within_unit/CA1_microglia/CA1microgliasus_CA1microgliares/protein_group_audits/gsea_go_term_gene_provenance.csv"
"proteomics","REGENERABLE",270,599,"data/processed/04_differential_expression_enrichment/clusterProfiler/microglia/phenotype_within_unit/CA1_microglia/CA1microgliasus_CA1microgliares/protein_group_audits/per_contrast_aggregate_audit.csv"
"proteomics","REGENERABLE",270,24173608,"data/processed/04_differential_expression_enrichment/clusterProfiler/microglia/phenotype_within_unit/CA2_microglia/CA2microgliares_CA2microgliacon/protein_group_audits/gsea_go_term_gene_provenance.csv"
"proteomics","REGENERABLE",270,599,"data/processed/04_differential_expression_enrichment/clusterProfiler/microglia/phenotype_within_unit/CA2_microglia/CA2microgliares_CA2microgliacon/protein_group_audits/per_contrast_aggregate_audit.csv"
"proteomics","REGENERABLE",270,25033036,"data/processed/04_differential_expression_enrichment/clusterProfiler/microglia/phenotype_within_unit/CA2_microglia/CA2microgliasus_CA2microgliacon/protein_group_audits/gsea_go_term_gene_provenance.csv"
"proteomics","REGENERABLE",270,599,"data/processed/04_differential_expression_enrichment/clusterProfiler/microglia/phenotype_within_unit/CA2_microglia/CA2microgliasus_CA2microgliacon/protein_group_audits/per_contrast_aggregate_audit.csv"
"proteomics","REGENERABLE",270,27776069,"data/processed/04_differential_expression_enrichment/clusterProfiler/microglia/phenotype_within_unit/CA2_microglia/CA2microgliasus_CA2microgliares/protein_group_audits/gsea_go_term_gene_provenance.csv"
"proteomics","REGENERABLE",270,599,"data/processed/04_differential_expression_enrichment/clusterProfiler/microglia/phenotype_within_unit/CA2_microglia/CA2microgliasus_CA2microgliares/protein_group_audits/per_contrast_aggregate_audit.csv"
"proteomics","REGENERABLE",270,21187667,"data/processed/04_differential_expression_enrichment/clusterProfiler/microglia/phenotype_within_unit/CA3_microglia/CA3microgliares_CA3microgliacon/protein_group_audits/gsea_go_term_gene_provenance.csv"
"proteomics","REGENERABLE",270,599,"data/processed/04_differential_expression_enrichment/clusterProfiler/microglia/phenotype_within_unit/CA3_microglia/CA3microgliares_CA3microgliacon/protein_group_audits/per_contrast_aggregate_audit.csv"
"proteomics","REGENERABLE",270,24138120,"data/processed/04_differential_expression_enrichment/clusterProfiler/microglia/phenotype_within_unit/CA3_microglia/CA3microgliasus_CA3microgliacon/protein_group_audits/gsea_go_term_gene_provenance.csv"
"proteomics","REGENERABLE",270,599,"data/processed/04_differential_expression_enrichment/clusterProfiler/microglia/phenotype_within_unit/CA3_microglia/CA3microgliasus_CA3microgliacon/protein_group_audits/per_contrast_aggregate_audit.csv"
"proteomics","REGENERABLE",270,24820174,"data/processed/04_differential_expression_enrichment/clusterProfiler/microglia/phenotype_within_unit/CA3_microglia/CA3microgliasus_CA3microgliares/protein_group_audits/gsea_go_term_gene_provenance.csv"
"proteomics","REGENERABLE",270,599,"data/processed/04_differential_expression_enrichment/clusterProfiler/microglia/phenotype_within_unit/CA3_microglia/CA3microgliasus_CA3microgliares/protein_group_audits/per_contrast_aggregate_audit.csv"
"proteomics","REGENERABLE",270,1282974,"data/processed/04_differential_expression_enrichment/clusterProfiler/microglia/phenotype_within_unit/DG_microglia/DGmicrogliares_DGmicrogliacon/protein_group_audits/collapsed_gene_input_provenance.csv"
"proteomics","REGENERABLE",270,1286539,"data/processed/04_differential_expression_enrichment/clusterProfiler/microglia/phenotype_within_unit/DG_microglia/DGmicrogliasus_DGmicrogliacon/protein_group_audits/collapsed_gene_input_provenance.csv"
"proteomics","REGENERABLE",270,1288517,"data/processed/04_differential_expression_enrichment/clusterProfiler/microglia/phenotype_within_unit/DG_microglia/DGmicrogliasus_DGmicrogliares/protein_group_audits/collapsed_gene_input_provenance.csv"
"proteomics","REGENERABLE",269,496806,"data/processed/04_differential_expression_enrichment/clusterProfiler/microglia/phenotype_within_unit/CA1_microglia/CA1microgliares_CA1microgliacon/protein_group_audits/kegg_symbol_to_entrez_audit.csv"
"proteomics","REGENERABLE",269,30,"data/processed/04_differential_expression_enrichment/clusterProfiler/microglia/phenotype_within_unit/CA1_microglia/CA1microgliares_CA1microgliacon/protein_group_audits/ora_upregulated_input_audit.csv"
"proteomics","REGENERABLE",269,497341,"data/processed/04_differential_expression_enrichment/clusterProfiler/microglia/phenotype_within_unit/CA1_microglia/CA1microgliasus_CA1microgliacon/protein_group_audits/kegg_symbol_to_entrez_audit.csv"
"proteomics","REGENERABLE",269,30,"data/processed/04_differential_expression_enrichment/clusterProfiler/microglia/phenotype_within_unit/CA1_microglia/CA1microgliasus_CA1microgliacon/protein_group_audits/ora_upregulated_input_audit.csv"
"proteomics","REGENERABLE",269,497595,"data/processed/04_differential_expression_enrichment/clusterProfiler/microglia/phenotype_within_unit/CA1_microglia/CA1microgliasus_CA1microgliares/protein_group_audits/kegg_symbol_to_entrez_audit.csv"
"proteomics","REGENERABLE",269,30,"data/processed/04_differential_expression_enrichment/clusterProfiler/microglia/phenotype_within_unit/CA1_microglia/CA1microgliasus_CA1microgliares/protein_group_audits/ora_upregulated_input_audit.csv"
"proteomics","REGENERABLE",269,496754,"data/processed/04_differential_expression_enrichment/clusterProfiler/microglia/phenotype_within_unit/CA2_microglia/CA2microgliares_CA2microgliacon/protein_group_audits/kegg_symbol_to_entrez_audit.csv"
"proteomics","REGENERABLE",269,30,"data/processed/04_differential_expression_enrichment/clusterProfiler/microglia/phenotype_within_unit/CA2_microglia/CA2microgliares_CA2microgliacon/protein_group_audits/ora_upregulated_input_audit.csv"
"proteomics","REGENERABLE",269,497420,"data/processed/04_differential_expression_enrichment/clusterProfiler/microglia/phenotype_within_unit/CA2_microglia/CA2microgliasus_CA2microgliacon/protein_group_audits/kegg_symbol_to_entrez_audit.csv"
"proteomics","REGENERABLE",269,52,"data/processed/04_differential_expression_enrichment/clusterProfiler/microglia/phenotype_within_unit/CA2_microglia/CA2microgliasus_CA2microgliacon/protein_group_audits/ora_upregulated_input_audit.csv"
"proteomics","REGENERABLE",269,496815,"data/processed/04_differential_expression_enrichment/clusterProfiler/microglia/phenotype_within_unit/CA2_microglia/CA2microgliasus_CA2microgliares/protein_group_audits/kegg_symbol_to_entrez_audit.csv"
"proteomics","REGENERABLE",269,53,"data/processed/04_differential_expression_enrichment/clusterProfiler/microglia/phenotype_within_unit/CA2_microglia/CA2microgliasus_CA2microgliares/protein_group_audits/ora_upregulated_input_audit.csv"
"proteomics","REGENERABLE",269,497785,"data/processed/04_differential_expression_enrichment/clusterProfiler/microglia/phenotype_within_unit/CA3_microglia/CA3microgliares_CA3microgliacon/protein_group_audits/kegg_symbol_to_entrez_audit.csv"
"proteomics","REGENERABLE",269,30,"data/processed/04_differential_expression_enrichment/clusterProfiler/microglia/phenotype_within_unit/CA3_microglia/CA3microgliares_CA3microgliacon/protein_group_audits/ora_upregulated_input_audit.csv"
"proteomics","REGENERABLE",269,498047,"data/processed/04_differential_expression_enrichment/clusterProfiler/microglia/phenotype_within_unit/CA3_microglia/CA3microgliasus_CA3microgliacon/protein_group_audits/kegg_symbol_to_entrez_audit.csv"
"proteomics","REGENERABLE",269,30,"data/processed/04_differential_expression_enrichment/clusterProfiler/microglia/phenotype_within_unit/CA3_microglia/CA3microgliasus_CA3microgliacon/protein_group_audits/ora_upregulated_input_audit.csv"
"proteomics","REGENERABLE",269,497729,"data/processed/04_differential_expression_enrichment/clusterProfiler/microglia/phenotype_within_unit/CA3_microglia/CA3microgliasus_CA3microgliares/protein_group_audits/kegg_symbol_to_entrez_audit.csv"
"proteomics","REGENERABLE",269,30,"data/processed/04_differential_expression_enrichment/clusterProfiler/microglia/phenotype_within_unit/CA3_microglia/CA3microgliasus_CA3microgliares/protein_group_audits/ora_upregulated_input_audit.csv"
"proteomics","REGENERABLE",269,1474416,"data/processed/04_differential_expression_enrichment/clusterProfiler/microglia/phenotype_within_unit/DG_microglia/DGmicrogliares_DGmicrogliacon/protein_group_audits/gsea_kegg_term_gene_provenance.csv"
"proteomics","REGENERABLE",269,1439708,"data/processed/04_differential_expression_enrichment/clusterProfiler/microglia/phenotype_within_unit/DG_microglia/DGmicrogliasus_DGmicrogliacon/protein_group_audits/gsea_kegg_term_gene_provenance.csv"
"proteomics","REGENERABLE",269,1449067,"data/processed/04_differential_expression_enrichment/clusterProfiler/microglia/phenotype_within_unit/DG_microglia/DGmicrogliasus_DGmicrogliares/protein_group_audits/gsea_kegg_term_gene_provenance.csv"
"proteomics","REGENERABLE",269,1486380,"data/processed/04_differential_expression_enrichment/clusterProfiler/neuron_neuropil/phenotype_within_unit/CA1_so/CA1sores_CA1socon/protein_group_audits/protein_group_to_gene_transformation_audit.csv"
"proteomics","REGENERABLE",269,1488160,"data/processed/04_differential_expression_enrichment/clusterProfiler/neuron_neuropil/phenotype_within_unit/CA1_so/CA1sosus_CA1socon/protein_group_audits/protein_group_to_gene_transformation_audit.csv"
"proteomics","REGENERABLE",269,1484972,"data/processed/04_differential_expression_enrichment/clusterProfiler/neuron_neuropil/phenotype_within_unit/CA1_so/CA1sosus_CA1sores/protein_group_audits/protein_group_to_gene_transformation_audit.csv"
"proteomics","REGENERABLE",269,1485894,"data/processed/04_differential_expression_enrichment/clusterProfiler/neuron_neuropil/phenotype_within_unit/CA1_sr/CA1srres_CA1srcon/protein_group_audits/protein_group_to_gene_transformation_audit.csv"
"proteomics","REGENERABLE",269,1487722,"data/processed/04_differential_expression_enrichment/clusterProfiler/neuron_neuropil/phenotype_within_unit/CA1_sr/CA1srsus_CA1srcon/protein_group_audits/protein_group_to_gene_transformation_audit.csv"
"proteomics","REGENERABLE",269,1487147,"data/processed/04_differential_expression_enrichment/clusterProfiler/neuron_neuropil/phenotype_within_unit/CA1_sr/CA1srsus_CA1srres/protein_group_audits/protein_group_to_gene_transformation_audit.csv"
"proteomics","REGENERABLE",269,1487530,"data/processed/04_differential_expression_enrichment/clusterProfiler/neuron_neuropil/phenotype_within_unit/CA2_so/CA2sores_CA2socon/protein_group_audits/protein_group_to_gene_transformation_audit.csv"
"proteomics","REGENERABLE",269,1487661,"data/processed/04_differential_expression_enrichment/clusterProfiler/neuron_neuropil/phenotype_within_unit/CA2_so/CA2sosus_CA2socon/protein_group_audits/protein_group_to_gene_transformation_audit.csv"
"proteomics","REGENERABLE",269,1481571,"data/processed/04_differential_expression_enrichment/clusterProfiler/neuron_neuropil/phenotype_within_unit/CA2_so/CA2sosus_CA2sores/protein_group_audits/protein_group_to_gene_transformation_audit.csv"
"proteomics","REGENERABLE",269,1486026,"data/processed/04_differential_expression_enrichment/clusterProfiler/neuron_neuropil/phenotype_within_unit/CA2_sr/CA2srres_CA2srcon/protein_group_audits/protein_group_to_gene_transformation_audit.csv"
"proteomics","REGENERABLE",269,1486515,"data/processed/04_differential_expression_enrichment/clusterProfiler/neuron_neuropil/phenotype_within_unit/CA2_sr/CA2srsus_CA2srcon/protein_group_audits/protein_group_to_gene_transformation_audit.csv"
"proteomics","REGENERABLE",269,1485949,"data/processed/04_differential_expression_enrichment/clusterProfiler/neuron_neuropil/phenotype_within_unit/CA2_sr/CA2srsus_CA2srres/protein_group_audits/protein_group_to_gene_transformation_audit.csv"
"proteomics","REGENERABLE",269,1482076,"data/processed/04_differential_expression_enrichment/clusterProfiler/neuron_neuropil/phenotype_within_unit/CA3_so/CA3sores_CA3socon/protein_group_audits/protein_group_to_gene_transformation_audit.csv"
"proteomics","REGENERABLE",269,1488431,"data/processed/04_differential_expression_enrichment/clusterProfiler/neuron_neuropil/phenotype_within_unit/CA3_so/CA3sosus_CA3socon/protein_group_audits/protein_group_to_gene_transformation_audit.csv"
"proteomics","REGENERABLE",269,1487752,"data/processed/04_differential_expression_enrichment/clusterProfiler/neuron_neuropil/phenotype_within_unit/CA3_so/CA3sosus_CA3sores/protein_group_audits/protein_group_to_gene_transformation_audit.csv"
"proteomics","REGENERABLE",269,1486520,"data/processed/04_differential_expression_enrichment/clusterProfiler/neuron_neuropil/phenotype_within_unit/CA3_sr/CA3srres_CA3srcon/protein_group_audits/protein_group_to_gene_transformation_audit.csv"
"proteomics","REGENERABLE",269,1488540,"data/processed/04_differential_expression_enrichment/clusterProfiler/neuron_neuropil/phenotype_within_unit/CA3_sr/CA3srsus_CA3srcon/protein_group_audits/protein_group_to_gene_transformation_audit.csv"
"proteomics","REGENERABLE",269,1487425,"data/processed/04_differential_expression_enrichment/clusterProfiler/neuron_neuropil/phenotype_within_unit/CA3_sr/CA3srsus_CA3srres/protein_group_audits/protein_group_to_gene_transformation_audit.csv"
"proteomics","REGENERABLE",268,1059257,"data/processed/04_differential_expression_enrichment/clusterProfiler/microglia/phenotype_within_unit/DG_microglia/DGmicrogliares_DGmicrogliacon/protein_group_audits/duplicate_gene_collapse_audit.csv"
"proteomics","REGENERABLE",268,30,"data/processed/04_differential_expression_enrichment/clusterProfiler/microglia/phenotype_within_unit/DG_microglia/DGmicrogliares_DGmicrogliacon/protein_group_audits/ora_downregulated_input_audit.csv"
"proteomics","REGENERABLE",268,1062822,"data/processed/04_differential_expression_enrichment/clusterProfiler/microglia/phenotype_within_unit/DG_microglia/DGmicrogliasus_DGmicrogliacon/protein_group_audits/duplicate_gene_collapse_audit.csv"
"proteomics","REGENERABLE",268,30,"data/processed/04_differential_expression_enrichment/clusterProfiler/microglia/phenotype_within_unit/DG_microglia/DGmicrogliasus_DGmicrogliacon/protein_group_audits/ora_downregulated_input_audit.csv"
"proteomics","REGENERABLE",268,1064800,"data/processed/04_differential_expression_enrichment/clusterProfiler/microglia/phenotype_within_unit/DG_microglia/DGmicrogliasus_DGmicrogliares/protein_group_audits/duplicate_gene_collapse_audit.csv"
"proteomics","REGENERABLE",268,30,"data/processed/04_differential_expression_enrichment/clusterProfiler/microglia/phenotype_within_unit/DG_microglia/DGmicrogliasus_DGmicrogliares/protein_group_audits/ora_downregulated_input_audit.csv"
"proteomics","REGENERABLE",267,26963950,"data/processed/04_differential_expression_enrichment/clusterProfiler/microglia/phenotype_within_unit/DG_microglia/DGmicrogliares_DGmicrogliacon/protein_group_audits/gsea_go_term_gene_provenance.csv"
"proteomics","REGENERABLE",267,599,"data/processed/04_differential_expression_enrichment/clusterProfiler/microglia/phenotype_within_unit/DG_microglia/DGmicrogliares_DGmicrogliacon/protein_group_audits/per_contrast_aggregate_audit.csv"
"proteomics","REGENERABLE",267,22019534,"data/processed/04_differential_expression_enrichment/clusterProfiler/microglia/phenotype_within_unit/DG_microglia/DGmicrogliasus_DGmicrogliacon/protein_group_audits/gsea_go_term_gene_provenance.csv"
"proteomics","REGENERABLE",267,599,"data/processed/04_differential_expression_enrichment/clusterProfiler/microglia/phenotype_within_unit/DG_microglia/DGmicrogliasus_DGmicrogliacon/protein_group_audits/per_contrast_aggregate_audit.csv"
"proteomics","REGENERABLE",267,24842245,"data/processed/04_differential_expression_enrichment/clusterProfiler/microglia/phenotype_within_unit/DG_microglia/DGmicrogliasus_DGmicrogliares/protein_group_audits/gsea_go_term_gene_provenance.csv"
"proteomics","REGENERABLE",267,599,"data/processed/04_differential_expression_enrichment/clusterProfiler/microglia/phenotype_within_unit/DG_microglia/DGmicrogliasus_DGmicrogliares/protein_group_audits/per_contrast_aggregate_audit.csv"
"proteomics","REGENERABLE",267,292,"data/processed/04_differential_expression_enrichment_comparison/legacy_replay/clusterProfiler/neuron_soma/phenotype_within_unit/DG_sg/DGsgres_DGsgcon/protein_group_audits/gsea_input_diagnostics.csv"
"proteomics","REGENERABLE",267,292,"data/processed/04_differential_expression_enrichment_comparison/legacy_replay/clusterProfiler/neuron_soma/phenotype_within_unit/DG_sg/DGsgsus_DGsgcon/protein_group_audits/gsea_input_diagnostics.csv"
"proteomics","REGENERABLE",267,292,"data/processed/04_differential_expression_enrichment_comparison/legacy_replay/clusterProfiler/neuron_soma/phenotype_within_unit/DG_sg/DGsgsus_DGsgres/protein_group_audits/gsea_input_diagnostics.csv"
"proteomics","REGENERABLE",266,496747,"data/processed/04_differential_expression_enrichment/clusterProfiler/microglia/phenotype_within_unit/DG_microglia/DGmicrogliares_DGmicrogliacon/protein_group_audits/kegg_symbol_to_entrez_audit.csv"
"proteomics","REGENERABLE",266,30,"data/processed/04_differential_expression_enrichment/clusterProfiler/microglia/phenotype_within_unit/DG_microglia/DGmicrogliares_DGmicrogliacon/protein_group_audits/ora_upregulated_input_audit.csv"
"proteomics","REGENERABLE",266,497626,"data/processed/04_differential_expression_enrichment/clusterProfiler/microglia/phenotype_within_unit/DG_microglia/DGmicrogliasus_DGmicrogliacon/protein_group_audits/kegg_symbol_to_entrez_audit.csv"
"proteomics","REGENERABLE",266,30,"data/processed/04_differential_expression_enrichment/clusterProfiler/microglia/phenotype_within_unit/DG_microglia/DGmicrogliasus_DGmicrogliacon/protein_group_audits/ora_upregulated_input_audit.csv"
"proteomics","REGENERABLE",266,497658,"data/processed/04_differential_expression_enrichment/clusterProfiler/microglia/phenotype_within_unit/DG_microglia/DGmicrogliasus_DGmicrogliares/protein_group_audits/kegg_symbol_to_entrez_audit.csv"
"proteomics","REGENERABLE",266,30,"data/processed/04_differential_expression_enrichment/clusterProfiler/microglia/phenotype_within_unit/DG_microglia/DGmicrogliasus_DGmicrogliares/protein_group_audits/ora_upregulated_input_audit.csv"
"proteomics","REGENERABLE",266,613713,"data/processed/04_differential_expression_enrichment/clusterProfiler/neuron_neuropil/phenotype_within_unit/CA1_slm/CA1slmres_CA1slmcon/protein_group_audits/kegg_duplicate_entrez_collapse_audit.csv"
"proteomics","REGENERABLE",266,613770,"data/processed/04_differential_expression_enrichment/clusterProfiler/neuron_neuropil/phenotype_within_unit/CA1_slm/CA1slmsus_CA1slmcon/protein_group_audits/kegg_duplicate_entrez_collapse_audit.csv"
"proteomics","REGENERABLE",266,614907,"data/processed/04_differential_expression_enrichment/clusterProfiler/neuron_neuropil/phenotype_within_unit/CA1_slm/CA1slmsus_CA1slmres/protein_group_audits/kegg_duplicate_entrez_collapse_audit.csv"
"proteomics","REGENERABLE",266,614430,"data/processed/04_differential_expression_enrichment/clusterProfiler/neuron_neuropil/phenotype_within_unit/CA2_slm/CA2slmres_CA2slmcon/protein_group_audits/kegg_duplicate_entrez_collapse_audit.csv"
"proteomics","REGENERABLE",266,614713,"data/processed/04_differential_expression_enrichment/clusterProfiler/neuron_neuropil/phenotype_within_unit/CA2_slm/CA2slmsus_CA2slmcon/protein_group_audits/kegg_duplicate_entrez_collapse_audit.csv"
"proteomics","REGENERABLE",266,614473,"data/processed/04_differential_expression_enrichment/clusterProfiler/neuron_neuropil/phenotype_within_unit/CA2_slm/CA2slmsus_CA2slmres/protein_group_audits/kegg_duplicate_entrez_collapse_audit.csv"
"proteomics","REGENERABLE",266,1486031,"data/processed/04_differential_expression_enrichment/clusterProfiler/neuron_neuropil/phenotype_within_unit/DG_mo/DGmores_DGmocon/protein_group_audits/protein_group_to_gene_transformation_audit.csv"
"proteomics","REGENERABLE",266,1488295,"data/processed/04_differential_expression_enrichment/clusterProfiler/neuron_neuropil/phenotype_within_unit/DG_mo/DGmosus_DGmocon/protein_group_audits/protein_group_to_gene_transformation_audit.csv"
"proteomics","REGENERABLE",266,1482705,"data/processed/04_differential_expression_enrichment/clusterProfiler/neuron_neuropil/phenotype_within_unit/DG_mo/DGmosus_DGmores/protein_group_audits/protein_group_to_gene_transformation_audit.csv"
"proteomics","REGENERABLE",266,1481875,"data/processed/04_differential_expression_enrichment/clusterProfiler/neuron_neuropil/phenotype_within_unit/DG_po/DGpores_DGpocon/protein_group_audits/protein_group_to_gene_transformation_audit.csv"
"proteomics","REGENERABLE",266,1487859,"data/processed/04_differential_expression_enrichment/clusterProfiler/neuron_neuropil/phenotype_within_unit/DG_po/DGposus_DGpocon/protein_group_audits/protein_group_to_gene_transformation_audit.csv"
"proteomics","REGENERABLE",266,1487025,"data/processed/04_differential_expression_enrichment/clusterProfiler/neuron_neuropil/phenotype_within_unit/DG_po/DGposus_DGpores/protein_group_audits/protein_group_to_gene_transformation_audit.csv"
"proteomics","REGENERABLE",266,290,"data/processed/04_differential_expression_enrichment_comparison/animal_level/clusterProfiler/neuron_soma/phenotype_within_unit/DG_sg/DGsgres_DGsgcon/protein_group_audits/gsea_input_diagnostics.csv"
"proteomics","REGENERABLE",266,292,"data/processed/04_differential_expression_enrichment_comparison/animal_level/clusterProfiler/neuron_soma/phenotype_within_unit/DG_sg/DGsgsus_DGsgcon/protein_group_audits/gsea_input_diagnostics.csv"
"proteomics","REGENERABLE",266,292,"data/processed/04_differential_expression_enrichment_comparison/animal_level/clusterProfiler/neuron_soma/phenotype_within_unit/DG_sg/DGsgsus_DGsgres/protein_group_audits/gsea_input_diagnostics.csv"
"proteomics","REGENERABLE",265,1603767,"data/processed/04_differential_expression_enrichment/clusterProfiler/neuron_soma/phenotype_within_unit/CA1_sp/CA1spres_CA1spcon/protein_group_audits/protein_group_to_gene_transformation_audit.csv"
"proteomics","REGENERABLE",265,1606636,"data/processed/04_differential_expression_enrichment/clusterProfiler/neuron_soma/phenotype_within_unit/CA1_sp/CA1spsus_CA1spcon/protein_group_audits/protein_group_to_gene_transformation_audit.csv"
"proteomics","REGENERABLE",265,1607872,"data/processed/04_differential_expression_enrichment/clusterProfiler/neuron_soma/phenotype_within_unit/CA1_sp/CA1spsus_CA1spres/protein_group_audits/protein_group_to_gene_transformation_audit.csv"
"proteomics","REGENERABLE",265,1607334,"data/processed/04_differential_expression_enrichment/clusterProfiler/neuron_soma/phenotype_within_unit/CA2_sp/CA2spres_CA2spcon/protein_group_audits/protein_group_to_gene_transformation_audit.csv"
"proteomics","REGENERABLE",265,1607733,"data/processed/04_differential_expression_enrichment/clusterProfiler/neuron_soma/phenotype_within_unit/CA2_sp/CA2spsus_CA2spcon/protein_group_audits/protein_group_to_gene_transformation_audit.csv"
"proteomics","REGENERABLE",265,1607608,"data/processed/04_differential_expression_enrichment/clusterProfiler/neuron_soma/phenotype_within_unit/CA2_sp/CA2spsus_CA2spres/protein_group_audits/protein_group_to_gene_transformation_audit.csv"
"proteomics","REGENERABLE",265,1605960,"data/processed/04_differential_expression_enrichment/clusterProfiler/neuron_soma/phenotype_within_unit/CA3_sp/CA3spres_CA3spcon/protein_group_audits/protein_group_to_gene_transformation_audit.csv"
"proteomics","REGENERABLE",265,1608719,"data/processed/04_differential_expression_enrichment/clusterProfiler/neuron_soma/phenotype_within_unit/CA3_sp/CA3spsus_CA3spcon/protein_group_audits/protein_group_to_gene_transformation_audit.csv"
"proteomics","REGENERABLE",265,1607436,"data/processed/04_differential_expression_enrichment/clusterProfiler/neuron_soma/phenotype_within_unit/CA3_sp/CA3spsus_CA3spres/protein_group_audits/protein_group_to_gene_transformation_audit.csv"
"proteomics","REGENERABLE",265,1888634,"data/processed/04_differential_expression_enrichment_comparison/legacy_replay/clusterProfiler/neuron_neuropil/phenotype_within_unit/CA1_slm/CA1slmres_CA1slmcon/GO/BP/enrichGO_ALL_results_full.csv"
"proteomics","REGENERABLE",265,1888634,"data/processed/04_differential_expression_enrichment_comparison/legacy_replay/clusterProfiler/neuron_neuropil/phenotype_within_unit/CA1_slm/CA1slmsus_CA1slmcon/GO/BP/enrichGO_ALL_results_full.csv"
"proteomics","REGENERABLE",265,1888634,"data/processed/04_differential_expression_enrichment_comparison/legacy_replay/clusterProfiler/neuron_neuropil/phenotype_within_unit/CA1_slm/CA1slmsus_CA1slmres/GO/BP/enrichGO_ALL_results_full.csv"
"proteomics","REGENERABLE",265,1888634,"data/processed/04_differential_expression_enrichment_comparison/legacy_replay/clusterProfiler/neuron_neuropil/phenotype_within_unit/CA2_slm/CA2slmres_CA2slmcon/GO/BP/enrichGO_ALL_results_full.csv"
"proteomics","REGENERABLE",265,1888634,"data/processed/04_differential_expression_enrichment_comparison/legacy_replay/clusterProfiler/neuron_neuropil/phenotype_within_unit/CA2_slm/CA2slmsus_CA2slmcon/GO/BP/enrichGO_ALL_results_full.csv"
"proteomics","REGENERABLE",265,1888634,"data/processed/04_differential_expression_enrichment_comparison/legacy_replay/clusterProfiler/neuron_neuropil/phenotype_within_unit/CA2_slm/CA2slmsus_CA2slmres/GO/BP/enrichGO_ALL_results_full.csv"
"proteomics","REGENERABLE",265,1461213,"data/processed/04_differential_expression_enrichment_comparison/legacy_replay/clusterProfiler/neuron_soma/phenotype_within_unit/DG_sg/DGsgres_DGsgcon/protein_group_audits/collapsed_gene_input.csv"
"proteomics","REGENERABLE",265,1466204,"data/processed/04_differential_expression_enrichment_comparison/legacy_replay/clusterProfiler/neuron_soma/phenotype_within_unit/DG_sg/DGsgsus_DGsgcon/protein_group_audits/collapsed_gene_input.csv"
"proteomics","REGENERABLE",265,1462498,"data/processed/04_differential_expression_enrichment_comparison/legacy_replay/clusterProfiler/neuron_soma/phenotype_within_unit/DG_sg/DGsgsus_DGsgres/protein_group_audits/collapsed_gene_input.csv"
"proteomics","REGENERABLE",264,292,"data/processed/04_differential_expression_enrichment/clusterProfiler/microglia/phenotype_within_unit/CA1_microglia/CA1microgliares_CA1microgliacon/protein_group_audits/gsea_input_diagnostics.csv"
"proteomics","REGENERABLE",264,291,"data/processed/04_differential_expression_enrichment/clusterProfiler/microglia/phenotype_within_unit/CA1_microglia/CA1microgliasus_CA1microgliacon/protein_group_audits/gsea_input_diagnostics.csv"
"proteomics","REGENERABLE",264,292,"data/processed/04_differential_expression_enrichment/clusterProfiler/microglia/phenotype_within_unit/CA1_microglia/CA1microgliasus_CA1microgliares/protein_group_audits/gsea_input_diagnostics.csv"
"proteomics","REGENERABLE",264,291,"data/processed/04_differential_expression_enrichment/clusterProfiler/microglia/phenotype_within_unit/CA2_microglia/CA2microgliares_CA2microgliacon/protein_group_audits/gsea_input_diagnostics.csv"
"proteomics","REGENERABLE",264,291,"data/processed/04_differential_expression_enrichment/clusterProfiler/microglia/phenotype_within_unit/CA2_microglia/CA2microgliasus_CA2microgliacon/protein_group_audits/gsea_input_diagnostics.csv"
"proteomics","REGENERABLE",264,292,"data/processed/04_differential_expression_enrichment/clusterProfiler/microglia/phenotype_within_unit/CA2_microglia/CA2microgliasus_CA2microgliares/protein_group_audits/gsea_input_diagnostics.csv"
"proteomics","REGENERABLE",264,292,"data/processed/04_differential_expression_enrichment/clusterProfiler/microglia/phenotype_within_unit/CA3_microglia/CA3microgliares_CA3microgliacon/protein_group_audits/gsea_input_diagnostics.csv"
"proteomics","REGENERABLE",264,292,"data/processed/04_differential_expression_enrichment/clusterProfiler/microglia/phenotype_within_unit/CA3_microglia/CA3microgliasus_CA3microgliacon/protein_group_audits/gsea_input_diagnostics.csv"
"proteomics","REGENERABLE",264,292,"data/processed/04_differential_expression_enrichment/clusterProfiler/microglia/phenotype_within_unit/CA3_microglia/CA3microgliasus_CA3microgliares/protein_group_audits/gsea_input_diagnostics.csv"
"proteomics","REGENERABLE",264,568838,"data/processed/04_differential_expression_enrichment/clusterProfiler/neuron_neuropil/phenotype_within_unit/CA1_slm/CA1slmres_CA1slmcon/protein_group_audits/symbol_resolution_validation_audit.csv"
"proteomics","REGENERABLE",264,568838,"data/processed/04_differential_expression_enrichment/clusterProfiler/neuron_neuropil/phenotype_within_unit/CA1_slm/CA1slmsus_CA1slmcon/protein_group_audits/symbol_resolution_validation_audit.csv"
"proteomics","REGENERABLE",264,568838,"data/processed/04_differential_expression_enrichment/clusterProfiler/neuron_neuropil/phenotype_within_unit/CA1_slm/CA1slmsus_CA1slmres/protein_group_audits/symbol_resolution_validation_audit.csv"
"proteomics","REGENERABLE",264,568838,"data/processed/04_differential_expression_enrichment/clusterProfiler/neuron_neuropil/phenotype_within_unit/CA2_slm/CA2slmres_CA2slmcon/protein_group_audits/symbol_resolution_validation_audit.csv"
"proteomics","REGENERABLE",264,568838,"data/processed/04_differential_expression_enrichment/clusterProfiler/neuron_neuropil/phenotype_within_unit/CA2_slm/CA2slmsus_CA2slmcon/protein_group_audits/symbol_resolution_validation_audit.csv"
"proteomics","REGENERABLE",264,568838,"data/processed/04_differential_expression_enrichment/clusterProfiler/neuron_neuropil/phenotype_within_unit/CA2_slm/CA2slmsus_CA2slmres/protein_group_audits/symbol_resolution_validation_audit.csv"
"proteomics","REGENERABLE",264,1888634,"data/processed/04_differential_expression_enrichment_comparison/animal_level/clusterProfiler/neuron_neuropil/phenotype_within_unit/CA1_slm/CA1slmres_CA1slmcon/GO/BP/enrichGO_ALL_results_full.csv"
"proteomics","REGENERABLE",264,1888634,"data/processed/04_differential_expression_enrichment_comparison/animal_level/clusterProfiler/neuron_neuropil/phenotype_within_unit/CA1_slm/CA1slmsus_CA1slmcon/GO/BP/enrichGO_ALL_results_full.csv"
"proteomics","REGENERABLE",264,1888634,"data/processed/04_differential_expression_enrichment_comparison/animal_level/clusterProfiler/neuron_neuropil/phenotype_within_unit/CA1_slm/CA1slmsus_CA1slmres/GO/BP/enrichGO_ALL_results_full.csv"
"proteomics","REGENERABLE",264,1888634,"data/processed/04_differential_expression_enrichment_comparison/animal_level/clusterProfiler/neuron_neuropil/phenotype_within_unit/CA2_slm/CA2slmres_CA2slmcon/GO/BP/enrichGO_ALL_results_full.csv"
"proteomics","REGENERABLE",264,1888634,"data/processed/04_differential_expression_enrichment_comparison/animal_level/clusterProfiler/neuron_neuropil/phenotype_within_unit/CA2_slm/CA2slmsus_CA2slmcon/GO/BP/enrichGO_ALL_results_full.csv"
"proteomics","REGENERABLE",264,1888634,"data/processed/04_differential_expression_enrichment_comparison/animal_level/clusterProfiler/neuron_neuropil/phenotype_within_unit/CA2_slm/CA2slmsus_CA2slmres/GO/BP/enrichGO_ALL_results_full.csv"
"proteomics","REGENERABLE",264,1474119,"data/processed/04_differential_expression_enrichment_comparison/animal_level/clusterProfiler/neuron_soma/phenotype_within_unit/DG_sg/DGsgres_DGsgcon/protein_group_audits/collapsed_gene_input.csv"
"proteomics","REGENERABLE",264,1473509,"data/processed/04_differential_expression_enrichment_comparison/animal_level/clusterProfiler/neuron_soma/phenotype_within_unit/DG_sg/DGsgsus_DGsgcon/protein_group_audits/collapsed_gene_input.csv"
"proteomics","REGENERABLE",264,1475397,"data/processed/04_differential_expression_enrichment_comparison/animal_level/clusterProfiler/neuron_soma/phenotype_within_unit/DG_sg/DGsgsus_DGsgres/protein_group_audits/collapsed_gene_input.csv"
"proteomics","REGENERABLE",263,614796,"data/processed/04_differential_expression_enrichment/clusterProfiler/neuron_neuropil/phenotype_within_unit/CA1_so/CA1sores_CA1socon/protein_group_audits/kegg_duplicate_entrez_collapse_audit.csv"
"proteomics","REGENERABLE",263,615894,"data/processed/04_differential_expression_enrichment/clusterProfiler/neuron_neuropil/phenotype_within_unit/CA1_so/CA1sosus_CA1socon/protein_group_audits/kegg_duplicate_entrez_collapse_audit.csv"
"proteomics","REGENERABLE",263,614310,"data/processed/04_differential_expression_enrichment/clusterProfiler/neuron_neuropil/phenotype_within_unit/CA1_so/CA1sosus_CA1sores/protein_group_audits/kegg_duplicate_entrez_collapse_audit.csv"
"proteomics","REGENERABLE",263,614667,"data/processed/04_differential_expression_enrichment/clusterProfiler/neuron_neuropil/phenotype_within_unit/CA1_sr/CA1srres_CA1srcon/protein_group_audits/kegg_duplicate_entrez_collapse_audit.csv"
"proteomics","REGENERABLE",263,615569,"data/processed/04_differential_expression_enrichment/clusterProfiler/neuron_neuropil/phenotype_within_unit/CA1_sr/CA1srsus_CA1srcon/protein_group_audits/kegg_duplicate_entrez_collapse_audit.csv"
"proteomics","REGENERABLE",263,615131,"data/processed/04_differential_expression_enrichment/clusterProfiler/neuron_neuropil/phenotype_within_unit/CA1_sr/CA1srsus_CA1srres/protein_group_audits/kegg_duplicate_entrez_collapse_audit.csv"
"proteomics","REGENERABLE",263,615436,"data/processed/04_differential_expression_enrichment/clusterProfiler/neuron_neuropil/phenotype_within_unit/CA2_so/CA2sores_CA2socon/protein_group_audits/kegg_duplicate_entrez_collapse_audit.csv"
"proteomics","REGENERABLE",263,615523,"data/processed/04_differential_expression_enrichment/clusterProfiler/neuron_neuropil/phenotype_within_unit/CA2_so/CA2sosus_CA2socon/protein_group_audits/kegg_duplicate_entrez_collapse_audit.csv"
"proteomics","REGENERABLE",263,615008,"data/processed/04_differential_expression_enrichment/clusterProfiler/neuron_neuropil/phenotype_within_unit/CA2_so/CA2sosus_CA2sores/protein_group_audits/kegg_duplicate_entrez_collapse_audit.csv"
"proteomics","REGENERABLE",263,614722,"data/processed/04_differential_expression_enrichment/clusterProfiler/neuron_neuropil/phenotype_within_unit/CA2_sr/CA2srres_CA2srcon/protein_group_audits/kegg_duplicate_entrez_collapse_audit.csv"
"proteomics","REGENERABLE",263,614799,"data/processed/04_differential_expression_enrichment/clusterProfiler/neuron_neuropil/phenotype_within_unit/CA2_sr/CA2srsus_CA2srcon/protein_group_audits/kegg_duplicate_entrez_collapse_audit.csv"
"proteomics","REGENERABLE",263,614636,"data/processed/04_differential_expression_enrichment/clusterProfiler/neuron_neuropil/phenotype_within_unit/CA2_sr/CA2srsus_CA2srres/protein_group_audits/kegg_duplicate_entrez_collapse_audit.csv"
"proteomics","REGENERABLE",263,615362,"data/processed/04_differential_expression_enrichment/clusterProfiler/neuron_neuropil/phenotype_within_unit/CA3_so/CA3sores_CA3socon/protein_group_audits/kegg_duplicate_entrez_collapse_audit.csv"
"proteomics","REGENERABLE",263,616008,"data/processed/04_differential_expression_enrichment/clusterProfiler/neuron_neuropil/phenotype_within_unit/CA3_so/CA3sosus_CA3socon/protein_group_audits/kegg_duplicate_entrez_collapse_audit.csv"
"proteomics","REGENERABLE",263,615613,"data/processed/04_differential_expression_enrichment/clusterProfiler/neuron_neuropil/phenotype_within_unit/CA3_so/CA3sosus_CA3sores/protein_group_audits/kegg_duplicate_entrez_collapse_audit.csv"
"proteomics","REGENERABLE",263,615088,"data/processed/04_differential_expression_enrichment/clusterProfiler/neuron_neuropil/phenotype_within_unit/CA3_sr/CA3srres_CA3srcon/protein_group_audits/kegg_duplicate_entrez_collapse_audit.csv"
"proteomics","REGENERABLE",263,616069,"data/processed/04_differential_expression_enrichment/clusterProfiler/neuron_neuropil/phenotype_within_unit/CA3_sr/CA3srsus_CA3srcon/protein_group_audits/kegg_duplicate_entrez_collapse_audit.csv"
"proteomics","REGENERABLE",263,615413,"data/processed/04_differential_expression_enrichment/clusterProfiler/neuron_neuropil/phenotype_within_unit/CA3_sr/CA3srsus_CA3srres/protein_group_audits/kegg_duplicate_entrez_collapse_audit.csv"
"proteomics","REGENERABLE",263,19,"data/processed/04_differential_expression_enrichment_comparison/animal_level/clusterProfiler/microglia/phenotype_within_unit/CA1_microglia/CA1microgliares_CA1microgliacon/ANALYSIS_COMPLETE.flag"
"proteomics","REGENERABLE",263,19,"data/processed/04_differential_expression_enrichment_comparison/animal_level/clusterProfiler/microglia/phenotype_within_unit/CA1_microglia/CA1microgliasus_CA1microgliacon/ANALYSIS_COMPLETE.flag"
"proteomics","REGENERABLE",263,19,"data/processed/04_differential_expression_enrichment_comparison/animal_level/clusterProfiler/microglia/phenotype_within_unit/CA1_microglia/CA1microgliasus_CA1microgliares/ANALYSIS_COMPLETE.flag"
"proteomics","REGENERABLE",263,19,"data/processed/04_differential_expression_enrichment_comparison/animal_level/clusterProfiler/microglia/phenotype_within_unit/CA2_microglia/CA2microgliares_CA2microgliacon/ANALYSIS_COMPLETE.flag"
"proteomics","REGENERABLE",263,19,"data/processed/04_differential_expression_enrichment_comparison/animal_level/clusterProfiler/microglia/phenotype_within_unit/CA2_microglia/CA2microgliasus_CA2microgliacon/ANALYSIS_COMPLETE.flag"
"proteomics","REGENERABLE",263,19,"data/processed/04_differential_expression_enrichment_comparison/animal_level/clusterProfiler/microglia/phenotype_within_unit/CA2_microglia/CA2microgliasus_CA2microgliares/ANALYSIS_COMPLETE.flag"
"proteomics","REGENERABLE",263,19,"data/processed/04_differential_expression_enrichment_comparison/animal_level/clusterProfiler/microglia/phenotype_within_unit/CA3_microglia/CA3microgliares_CA3microgliacon/ANALYSIS_COMPLETE.flag"
"proteomics","REGENERABLE",263,19,"data/processed/04_differential_expression_enrichment_comparison/animal_level/clusterProfiler/microglia/phenotype_within_unit/CA3_microglia/CA3microgliasus_CA3microgliacon/ANALYSIS_COMPLETE.flag"
"proteomics","REGENERABLE",263,19,"data/processed/04_differential_expression_enrichment_comparison/animal_level/clusterProfiler/microglia/phenotype_within_unit/CA3_microglia/CA3microgliasus_CA3microgliares/ANALYSIS_COMPLETE.flag"
"proteomics","REGENERABLE",263,110309,"data/processed/04_differential_expression_enrichment_comparison/legacy_replay/clusterProfiler/neuron_soma/phenotype_within_unit/DG_sg/DGsgres_DGsgcon/protein_group_audits/ora_universe_audit.csv"
"proteomics","REGENERABLE",263,110309,"data/processed/04_differential_expression_enrichment_comparison/legacy_replay/clusterProfiler/neuron_soma/phenotype_within_unit/DG_sg/DGsgsus_DGsgcon/protein_group_audits/ora_universe_audit.csv"
"proteomics","REGENERABLE",263,110309,"data/processed/04_differential_expression_enrichment_comparison/legacy_replay/clusterProfiler/neuron_soma/phenotype_within_unit/DG_sg/DGsgsus_DGsgres/protein_group_audits/ora_universe_audit.csv"
"proteomics","REGENERABLE",263,743,"data/processed/05_celltype_enrichment_EWCE/EWCE_E9_comparison/sample_level_legacy_pre_animal_promotion/neuron_neuropil/cache/CA1_slm_Res_vs_Con_down_top100__top100__annot1__13c0d6eba59dc0d3.rds"
"proteomics","REGENERABLE",263,1961,"data/processed/05_celltype_enrichment_EWCE/EWCE_E9_comparison/sample_level_legacy_pre_animal_promotion/neuron_neuropil/cache/CA1_slm_Res_vs_Con_down_top100__top100__annot2__884ae1b90c12214e.rds"
"proteomics","REGENERABLE",263,749,"data/processed/05_celltype_enrichment_EWCE/EWCE_E9_comparison/sample_level_legacy_pre_animal_promotion/neuron_neuropil/cache/CA1_slm_Res_vs_Con_down_top250__top250__annot1__9097cc2cc44abab5.rds"
"proteomics","REGENERABLE",263,2026,"data/processed/05_celltype_enrichment_EWCE/EWCE_E9_comparison/sample_level_legacy_pre_animal_promotion/neuron_neuropil/cache/CA1_slm_Res_vs_Con_down_top250__top250__annot2__d7428f1e57364a51.rds"
"proteomics","REGENERABLE",263,732,"data/processed/05_celltype_enrichment_EWCE/EWCE_E9_comparison/sample_level_legacy_pre_animal_promotion/neuron_neuropil/cache/CA1_slm_Res_vs_Con_down_top500__top500__annot1__7ca7663b8618000f.rds"
"proteomics","REGENERABLE",263,2053,"data/processed/05_celltype_enrichment_EWCE/EWCE_E9_comparison/sample_level_legacy_pre_animal_promotion/neuron_neuropil/cache/CA1_slm_Res_vs_Con_down_top500__top500__annot2__55c84d3d8d18dd19.rds"
"proteomics","REGENERABLE",263,757,"data/processed/05_celltype_enrichment_EWCE/EWCE_E9_comparison/sample_level_legacy_pre_animal_promotion/neuron_neuropil/cache/CA1_slm_Sus_vs_Con_down_top100__top100__annot1__4829758cce62a0fd.rds"
"proteomics","REGENERABLE",263,2016,"data/processed/05_celltype_enrichment_EWCE/EWCE_E9_comparison/sample_level_legacy_pre_animal_promotion/neuron_neuropil/cache/CA1_slm_Sus_vs_Con_down_top100__top100__annot2__16c95176d635a996.rds"
"proteomics","REGENERABLE",263,719,"data/processed/05_celltype_enrichment_EWCE/EWCE_E9_comparison/sample_level_legacy_pre_animal_promotion/neuron_neuropil/cache/CA1_slm_Sus_vs_Con_down_top250__top250__annot1__c07663ebb5c227ec.rds"
"proteomics","REGENERABLE",263,1990,"data/processed/05_celltype_enrichment_EWCE/EWCE_E9_comparison/sample_level_legacy_pre_animal_promotion/neuron_neuropil/cache/CA1_slm_Sus_vs_Con_down_top250__top250__annot2__a4a132a8bc4d6778.rds"
"proteomics","REGENERABLE",263,710,"data/processed/05_celltype_enrichment_EWCE/EWCE_E9_comparison/sample_level_legacy_pre_animal_promotion/neuron_neuropil/cache/CA1_slm_Sus_vs_Con_down_top500__top500__annot1__0118da0acfc774e2.rds"
"proteomics","REGENERABLE",263,1940,"data/processed/05_celltype_enrichment_EWCE/EWCE_E9_comparison/sample_level_legacy_pre_animal_promotion/neuron_neuropil/cache/CA1_slm_Sus_vs_Con_down_top500__top500__annot2__c7550b1b640c811d.rds"
"proteomics","REGENERABLE",263,739,"data/processed/05_celltype_enrichment_EWCE/EWCE_E9_comparison/sample_level_legacy_pre_animal_promotion/neuron_neuropil/cache/CA2_slm_Res_vs_Con_down_top100__top100__annot1__2081344bb6871cbc.rds"
"proteomics","REGENERABLE",263,1979,"data/processed/05_celltype_enrichment_EWCE/EWCE_E9_comparison/sample_level_legacy_pre_animal_promotion/neuron_neuropil/cache/CA2_slm_Res_vs_Con_down_top100__top100__annot2__41f09dfe1cf5b154.rds"
"proteomics","REGENERABLE",263,739,"data/processed/05_celltype_enrichment_EWCE/EWCE_E9_comparison/sample_level_legacy_pre_animal_promotion/neuron_neuropil/cache/CA2_slm_Res_vs_Con_down_top250__top250__annot1__262da398d6b8ff31.rds"
"proteomics","REGENERABLE",263,1984,"data/processed/05_celltype_enrichment_EWCE/EWCE_E9_comparison/sample_level_legacy_pre_animal_promotion/neuron_neuropil/cache/CA2_slm_Res_vs_Con_down_top250__top250__annot2__a09a2333bff35914.rds"
"proteomics","REGENERABLE",263,722,"data/processed/05_celltype_enrichment_EWCE/EWCE_E9_comparison/sample_level_legacy_pre_animal_promotion/neuron_neuropil/cache/CA2_slm_Res_vs_Con_down_top500__top500__annot1__beb0ec2b4124e603.rds"
"proteomics","REGENERABLE",263,2009,"data/processed/05_celltype_enrichment_EWCE/EWCE_E9_comparison/sample_level_legacy_pre_animal_promotion/neuron_neuropil/cache/CA2_slm_Res_vs_Con_down_top500__top500__annot2__2ac0ea24acdcb79a.rds"
"proteomics","REGENERABLE",263,732,"data/processed/05_celltype_enrichment_EWCE/EWCE_E9_comparison/sample_level_legacy_pre_animal_promotion/neuron_neuropil/cache/CA2_slm_Sus_vs_Con_down_top100__top100__annot1__2a8a39eb2c39689a.rds"
"proteomics","REGENERABLE",263,2010,"data/processed/05_celltype_enrichment_EWCE/EWCE_E9_comparison/sample_level_legacy_pre_animal_promotion/neuron_neuropil/cache/CA2_slm_Sus_vs_Con_down_top100__top100__annot2__a584dc5b62ebc624.rds"
"proteomics","REGENERABLE",263,702,"data/processed/05_celltype_enrichment_EWCE/EWCE_E9_comparison/sample_level_legacy_pre_animal_promotion/neuron_neuropil/cache/CA2_slm_Sus_vs_Con_down_top250__top250__annot1__8b006cfc3fdff3f8.rds"
"proteomics","REGENERABLE",263,1999,"data/processed/05_celltype_enrichment_EWCE/EWCE_E9_comparison/sample_level_legacy_pre_animal_promotion/neuron_neuropil/cache/CA2_slm_Sus_vs_Con_down_top250__top250__annot2__f9eac84aa36408ef.rds"
"proteomics","REGENERABLE",263,675,"data/processed/05_celltype_enrichment_EWCE/EWCE_E9_comparison/sample_level_legacy_pre_animal_promotion/neuron_neuropil/cache/CA2_slm_Sus_vs_Con_down_top500__top500__annot1__27eaaba7495541a5.rds"
"proteomics","REGENERABLE",263,2005,"data/processed/05_celltype_enrichment_EWCE/EWCE_E9_comparison/sample_level_legacy_pre_animal_promotion/neuron_neuropil/cache/CA2_slm_Sus_vs_Con_down_top500__top500__annot2__5c648b104cc8359a.rds"
"proteomics","REGENERABLE",262,1377357,"data/processed/04_differential_expression_enrichment/clusterProfiler/microglia/phenotype_within_unit/CA1_microglia/CA1microgliares_CA1microgliacon/protein_group_audits/collapsed_gene_input.csv"
"proteomics","REGENERABLE",262,671,"data/processed/04_differential_expression_enrichment/clusterProfiler/microglia/phenotype_within_unit/CA1_microglia/CA1microgliares_CA1microgliacon/protein_group_audits/gsea_reproducibility.csv"
"proteomics","REGENERABLE",262,1380377,"data/processed/04_differential_expression_enrichment/clusterProfiler/microglia/phenotype_within_unit/CA1_microglia/CA1microgliasus_CA1microgliacon/protein_group_audits/collapsed_gene_input.csv"
"proteomics","REGENERABLE",262,673,"data/processed/04_differential_expression_enrichment/clusterProfiler/microglia/phenotype_within_unit/CA1_microglia/CA1microgliasus_CA1microgliacon/protein_group_audits/gsea_reproducibility.csv"
"proteomics","REGENERABLE",262,1382252,"data/processed/04_differential_expression_enrichment/clusterProfiler/microglia/phenotype_within_unit/CA1_microglia/CA1microgliasus_CA1microgliares/protein_group_audits/collapsed_gene_input.csv"
"proteomics","REGENERABLE",262,674,"data/processed/04_differential_expression_enrichment/clusterProfiler/microglia/phenotype_within_unit/CA1_microglia/CA1microgliasus_CA1microgliares/protein_group_audits/gsea_reproducibility.csv"
"proteomics","REGENERABLE",262,1377861,"data/processed/04_differential_expression_enrichment/clusterProfiler/microglia/phenotype_within_unit/CA2_microglia/CA2microgliares_CA2microgliacon/protein_group_audits/collapsed_gene_input.csv"
"proteomics","REGENERABLE",262,675,"data/processed/04_differential_expression_enrichment/clusterProfiler/microglia/phenotype_within_unit/CA2_microglia/CA2microgliares_CA2microgliacon/protein_group_audits/gsea_reproducibility.csv"
"proteomics","REGENERABLE",262,1382160,"data/processed/04_differential_expression_enrichment/clusterProfiler/microglia/phenotype_within_unit/CA2_microglia/CA2microgliasus_CA2microgliacon/protein_group_audits/collapsed_gene_input.csv"
"proteomics","REGENERABLE",262,673,"data/processed/04_differential_expression_enrichment/clusterProfiler/microglia/phenotype_within_unit/CA2_microglia/CA2microgliasus_CA2microgliacon/protein_group_audits/gsea_reproducibility.csv"
"proteomics","REGENERABLE",262,1379511,"data/processed/04_differential_expression_enrichment/clusterProfiler/microglia/phenotype_within_unit/CA2_microglia/CA2microgliasus_CA2microgliares/protein_group_audits/collapsed_gene_input.csv"
"proteomics","REGENERABLE",262,674,"data/processed/04_differential_expression_enrichment/clusterProfiler/microglia/phenotype_within_unit/CA2_microglia/CA2microgliasus_CA2microgliares/protein_group_audits/gsea_reproducibility.csv"
"proteomics","REGENERABLE",262,1371635,"data/processed/04_differential_expression_enrichment/clusterProfiler/microglia/phenotype_within_unit/CA3_microglia/CA3microgliares_CA3microgliacon/protein_group_audits/collapsed_gene_input.csv"
"proteomics","REGENERABLE",262,674,"data/processed/04_differential_expression_enrichment/clusterProfiler/microglia/phenotype_within_unit/CA3_microglia/CA3microgliares_CA3microgliacon/protein_group_audits/gsea_reproducibility.csv"
"proteomics","REGENERABLE",262,1384398,"data/processed/04_differential_expression_enrichment/clusterProfiler/microglia/phenotype_within_unit/CA3_microglia/CA3microgliasus_CA3microgliacon/protein_group_audits/collapsed_gene_input.csv"
"proteomics","REGENERABLE",262,673,"data/processed/04_differential_expression_enrichment/clusterProfiler/microglia/phenotype_within_unit/CA3_microglia/CA3microgliasus_CA3microgliacon/protein_group_audits/gsea_reproducibility.csv"
"proteomics","REGENERABLE",262,1383231,"data/processed/04_differential_expression_enrichment/clusterProfiler/microglia/phenotype_within_unit/CA3_microglia/CA3microgliasus_CA3microgliares/protein_group_audits/collapsed_gene_input.csv"
"proteomics","REGENERABLE",262,671,"data/processed/04_differential_expression_enrichment/clusterProfiler/microglia/phenotype_within_unit/CA3_microglia/CA3microgliasus_CA3microgliares/protein_group_audits/gsea_reproducibility.csv"
"proteomics","REGENERABLE",262,224751,"data/processed/04_differential_expression_enrichment/clusterProfiler/neuron_neuropil/phenotype_within_unit/CA1_slm/CA1slmres_CA1slmcon/protein_group_audits/rank_statistic_sensitivity_audit.csv"
"proteomics","REGENERABLE",262,224864,"data/processed/04_differential_expression_enrichment/clusterProfiler/neuron_neuropil/phenotype_within_unit/CA1_slm/CA1slmsus_CA1slmcon/protein_group_audits/rank_statistic_sensitivity_audit.csv"
"proteomics","REGENERABLE",262,227139,"data/processed/04_differential_expression_enrichment/clusterProfiler/neuron_neuropil/phenotype_within_unit/CA1_slm/CA1slmsus_CA1slmres/protein_group_audits/rank_statistic_sensitivity_audit.csv"
"proteomics","REGENERABLE",262,226185,"data/processed/04_differential_expression_enrichment/clusterProfiler/neuron_neuropil/phenotype_within_unit/CA2_slm/CA2slmres_CA2slmcon/protein_group_audits/rank_statistic_sensitivity_audit.csv"
"proteomics","REGENERABLE",262,226750,"data/processed/04_differential_expression_enrichment/clusterProfiler/neuron_neuropil/phenotype_within_unit/CA2_slm/CA2slmsus_CA2slmcon/protein_group_audits/rank_statistic_sensitivity_audit.csv"
"proteomics","REGENERABLE",262,226271,"data/processed/04_differential_expression_enrichment/clusterProfiler/neuron_neuropil/phenotype_within_unit/CA2_slm/CA2slmsus_CA2slmres/protein_group_audits/rank_statistic_sensitivity_audit.csv"
"proteomics","REGENERABLE",262,1607649,"data/processed/04_differential_expression_enrichment/clusterProfiler/neuron_soma/phenotype_within_unit/DG_sg/DGsgres_DGsgcon/protein_group_audits/protein_group_to_gene_transformation_audit.csv"
"proteomics","REGENERABLE",262,1603576,"data/processed/04_differential_expression_enrichment/clusterProfiler/neuron_soma/phenotype_within_unit/DG_sg/DGsgsus_DGsgcon/protein_group_audits/protein_group_to_gene_transformation_audit.csv"
"proteomics","REGENERABLE",262,1607295,"data/processed/04_differential_expression_enrichment/clusterProfiler/neuron_soma/phenotype_within_unit/DG_sg/DGsgsus_DGsgres/protein_group_audits/protein_group_to_gene_transformation_audit.csv"
"proteomics","REGENERABLE",262,110309,"data/processed/04_differential_expression_enrichment_comparison/animal_level/clusterProfiler/neuron_soma/phenotype_within_unit/DG_sg/DGsgres_DGsgcon/protein_group_audits/ora_universe_audit.csv"
"proteomics","REGENERABLE",262,110309,"data/processed/04_differential_expression_enrichment_comparison/animal_level/clusterProfiler/neuron_soma/phenotype_within_unit/DG_sg/DGsgsus_DGsgcon/protein_group_audits/ora_universe_audit.csv"
"proteomics","REGENERABLE",262,110309,"data/processed/04_differential_expression_enrichment_comparison/animal_level/clusterProfiler/neuron_soma/phenotype_within_unit/DG_sg/DGsgsus_DGsgres/protein_group_audits/ora_universe_audit.csv"
"proteomics","REGENERABLE",262,1888634,"data/processed/04_differential_expression_enrichment_comparison/legacy_replay/clusterProfiler/neuron_neuropil/phenotype_within_unit/CA1_so/CA1sores_CA1socon/GO/BP/enrichGO_ALL_results_full.csv"
"proteomics","REGENERABLE",262,1888634,"data/processed/04_differential_expression_enrichment_comparison/legacy_replay/clusterProfiler/neuron_neuropil/phenotype_within_unit/CA1_so/CA1sosus_CA1socon/GO/BP/enrichGO_ALL_results_full.csv"
"proteomics","REGENERABLE",262,1888634,"data/processed/04_differential_expression_enrichment_comparison/legacy_replay/clusterProfiler/neuron_neuropil/phenotype_within_unit/CA1_so/CA1sosus_CA1sores/GO/BP/enrichGO_ALL_results_full.csv"
"proteomics","REGENERABLE",262,1888634,"data/processed/04_differential_expression_enrichment_comparison/legacy_replay/clusterProfiler/neuron_neuropil/phenotype_within_unit/CA1_sr/CA1srres_CA1srcon/GO/BP/enrichGO_ALL_results_full.csv"
"proteomics","REGENERABLE",262,1888634,"data/processed/04_differential_expression_enrichment_comparison/legacy_replay/clusterProfiler/neuron_neuropil/phenotype_within_unit/CA1_sr/CA1srsus_CA1srcon/GO/BP/enrichGO_ALL_results_full.csv"
"proteomics","REGENERABLE",262,1888634,"data/processed/04_differential_expression_enrichment_comparison/legacy_replay/clusterProfiler/neuron_neuropil/phenotype_within_unit/CA1_sr/CA1srsus_CA1srres/GO/BP/enrichGO_ALL_results_full.csv"
"proteomics","REGENERABLE",262,1888634,"data/processed/04_differential_expression_enrichment_comparison/legacy_replay/clusterProfiler/neuron_neuropil/phenotype_within_unit/CA2_so/CA2sores_CA2socon/GO/BP/enrichGO_ALL_results_full.csv"
"proteomics","REGENERABLE",262,1888634,"data/processed/04_differential_expression_enrichment_comparison/legacy_replay/clusterProfiler/neuron_neuropil/phenotype_within_unit/CA2_so/CA2sosus_CA2socon/GO/BP/enrichGO_ALL_results_full.csv"
"proteomics","REGENERABLE",262,1888634,"data/processed/04_differential_expression_enrichment_comparison/legacy_replay/clusterProfiler/neuron_neuropil/phenotype_within_unit/CA2_so/CA2sosus_CA2sores/GO/BP/enrichGO_ALL_results_full.csv"
"proteomics","REGENERABLE",262,1888634,"data/processed/04_differential_expression_enrichment_comparison/legacy_replay/clusterProfiler/neuron_neuropil/phenotype_within_unit/CA2_sr/CA2srres_CA2srcon/GO/BP/enrichGO_ALL_results_full.csv"
"proteomics","REGENERABLE",262,1888634,"data/processed/04_differential_expression_enrichment_comparison/legacy_replay/clusterProfiler/neuron_neuropil/phenotype_within_unit/CA2_sr/CA2srsus_CA2srcon/GO/BP/enrichGO_ALL_results_full.csv"
"proteomics","REGENERABLE",262,1888634,"data/processed/04_differential_expression_enrichment_comparison/legacy_replay/clusterProfiler/neuron_neuropil/phenotype_within_unit/CA2_sr/CA2srsus_CA2srres/GO/BP/enrichGO_ALL_results_full.csv"
"proteomics","REGENERABLE",262,1888634,"data/processed/04_differential_expression_enrichment_comparison/legacy_replay/clusterProfiler/neuron_neuropil/phenotype_within_unit/CA3_so/CA3sores_CA3socon/GO/BP/enrichGO_ALL_results_full.csv"
"proteomics","REGENERABLE",262,1888634,"data/processed/04_differential_expression_enrichment_comparison/legacy_replay/clusterProfiler/neuron_neuropil/phenotype_within_unit/CA3_so/CA3sosus_CA3socon/GO/BP/enrichGO_ALL_results_full.csv"
"proteomics","REGENERABLE",262,1888634,"data/processed/04_differential_expression_enrichment_comparison/legacy_replay/clusterProfiler/neuron_neuropil/phenotype_within_unit/CA3_so/CA3sosus_CA3sores/GO/BP/enrichGO_ALL_results_full.csv"
"proteomics","REGENERABLE",262,1888634,"data/processed/04_differential_expression_enrichment_comparison/legacy_replay/clusterProfiler/neuron_neuropil/phenotype_within_unit/CA3_sr/CA3srres_CA3srcon/GO/BP/enrichGO_ALL_results_full.csv"
"proteomics","REGENERABLE",262,1888634,"data/processed/04_differential_expression_enrichment_comparison/legacy_replay/clusterProfiler/neuron_neuropil/phenotype_within_unit/CA3_sr/CA3srsus_CA3srcon/GO/BP/enrichGO_ALL_results_full.csv"
"proteomics","REGENERABLE",262,1888634,"data/processed/04_differential_expression_enrichment_comparison/legacy_replay/clusterProfiler/neuron_neuropil/phenotype_within_unit/CA3_sr/CA3srsus_CA3srres/GO/BP/enrichGO_ALL_results_full.csv"
"proteomics","REGENERABLE",262,25880,"data/processed/04_differential_expression_enrichment_comparison/legacy_replay/clusterProfiler/neuron_soma/phenotype_within_unit/DG_sg/DGsgres_DGsgcon/protein_group_audits/eligibility_audit.csv"
"proteomics","REGENERABLE",262,25868,"data/processed/04_differential_expression_enrichment_comparison/legacy_replay/clusterProfiler/neuron_soma/phenotype_within_unit/DG_sg/DGsgsus_DGsgcon/protein_group_audits/eligibility_audit.csv"
"proteomics","REGENERABLE",262,25877,"data/processed/04_differential_expression_enrichment_comparison/legacy_replay/clusterProfiler/neuron_soma/phenotype_within_unit/DG_sg/DGsgsus_DGsgres/protein_group_audits/eligibility_audit.csv"
"proteomics","REGENERABLE",262,741,"data/processed/05_celltype_enrichment_EWCE/EWCE_E9_comparison/sample_level_legacy_pre_animal_promotion/neuron_neuropil/cache/CA1_so_Res_vs_Con_down_top100__top100__annot1__8e5f6604ac5ea4b3.rds"
"proteomics","REGENERABLE",262,2006,"data/processed/05_celltype_enrichment_EWCE/EWCE_E9_comparison/sample_level_legacy_pre_animal_promotion/neuron_neuropil/cache/CA1_so_Res_vs_Con_down_top100__top100__annot2__15edcce29f0b76fa.rds"
"proteomics","REGENERABLE",262,719,"data/processed/05_celltype_enrichment_EWCE/EWCE_E9_comparison/sample_level_legacy_pre_animal_promotion/neuron_neuropil/cache/CA1_so_Res_vs_Con_down_top250__top250__annot1__fe444efe95509f4c.rds"
"proteomics","REGENERABLE",262,2001,"data/processed/05_celltype_enrichment_EWCE/EWCE_E9_comparison/sample_level_legacy_pre_animal_promotion/neuron_neuropil/cache/CA1_so_Res_vs_Con_down_top250__top250__annot2__81f533d6368d0f23.rds"
"proteomics","REGENERABLE",262,703,"data/processed/05_celltype_enrichment_EWCE/EWCE_E9_comparison/sample_level_legacy_pre_animal_promotion/neuron_neuropil/cache/CA1_so_Res_vs_Con_down_top500__top500__annot1__41f9e7539d3557c1.rds"
"proteomics","REGENERABLE",262,2041,"data/processed/05_celltype_enrichment_EWCE/EWCE_E9_comparison/sample_level_legacy_pre_animal_promotion/neuron_neuropil/cache/CA1_so_Res_vs_Con_down_top500__top500__annot2__afd681be70b17d5b.rds"
"proteomics","REGENERABLE",262,741,"data/processed/05_celltype_enrichment_EWCE/EWCE_E9_comparison/sample_level_legacy_pre_animal_promotion/neuron_neuropil/cache/CA1_so_Sus_vs_Con_down_top100__top100__annot1__4a7994796a16fb47.rds"
"proteomics","REGENERABLE",262,1962,"data/processed/05_celltype_enrichment_EWCE/EWCE_E9_comparison/sample_level_legacy_pre_animal_promotion/neuron_neuropil/cache/CA1_so_Sus_vs_Con_down_top100__top100__annot2__162f6a4a0f851472.rds"
"proteomics","REGENERABLE",262,735,"data/processed/05_celltype_enrichment_EWCE/EWCE_E9_comparison/sample_level_legacy_pre_animal_promotion/neuron_neuropil/cache/CA1_so_Sus_vs_Con_down_top250__top250__annot1__4f68a8363c069944.rds"
"proteomics","REGENERABLE",262,1996,"data/processed/05_celltype_enrichment_EWCE/EWCE_E9_comparison/sample_level_legacy_pre_animal_promotion/neuron_neuropil/cache/CA1_so_Sus_vs_Con_down_top250__top250__annot2__8f5b6f061fe807df.rds"
"proteomics","REGENERABLE",262,743,"data/processed/05_celltype_enrichment_EWCE/EWCE_E9_comparison/sample_level_legacy_pre_animal_promotion/neuron_neuropil/cache/CA1_so_Sus_vs_Con_down_top500__top500__annot1__deed5f2bc2de3265.rds"
"proteomics","REGENERABLE",262,2014,"data/processed/05_celltype_enrichment_EWCE/EWCE_E9_comparison/sample_level_legacy_pre_animal_promotion/neuron_neuropil/cache/CA1_so_Sus_vs_Con_down_top500__top500__annot2__2f232d427793df1d.rds"
"proteomics","REGENERABLE",262,735,"data/processed/05_celltype_enrichment_EWCE/EWCE_E9_comparison/sample_level_legacy_pre_animal_promotion/neuron_neuropil/cache/CA1_sr_Res_vs_Con_down_top100__top100__annot1__a11ccc88a5b4f6c0.rds"
"proteomics","REGENERABLE",262,1984,"data/processed/05_celltype_enrichment_EWCE/EWCE_E9_comparison/sample_level_legacy_pre_animal_promotion/neuron_neuropil/cache/CA1_sr_Res_vs_Con_down_top100__top100__annot2__6263202632c25815.rds"
"proteomics","REGENERABLE",262,738,"data/processed/05_celltype_enrichment_EWCE/EWCE_E9_comparison/sample_level_legacy_pre_animal_promotion/neuron_neuropil/cache/CA1_sr_Res_vs_Con_down_top250__top250__annot1__6c9771a399698482.rds"
"proteomics","REGENERABLE",262,2013,"data/processed/05_celltype_enrichment_EWCE/EWCE_E9_comparison/sample_level_legacy_pre_animal_promotion/neuron_neuropil/cache/CA1_sr_Res_vs_Con_down_top250__top250__annot2__a39dc619d06e6ab3.rds"
"proteomics","REGENERABLE",262,739,"data/processed/05_celltype_enrichment_EWCE/EWCE_E9_comparison/sample_level_legacy_pre_animal_promotion/neuron_neuropil/cache/CA1_sr_Res_vs_Con_down_top500__top500__annot1__5a940d96999c92df.rds"
"proteomics","REGENERABLE",262,2003,"data/processed/05_celltype_enrichment_EWCE/EWCE_E9_comparison/sample_level_legacy_pre_animal_promotion/neuron_neuropil/cache/CA1_sr_Res_vs_Con_down_top500__top500__annot2__24da222d8fb34a1d.rds"
"proteomics","REGENERABLE",262,749,"data/processed/05_celltype_enrichment_EWCE/EWCE_E9_comparison/sample_level_legacy_pre_animal_promotion/neuron_neuropil/cache/CA1_sr_Sus_vs_Con_down_top100__top100__annot1__e40f66cb775c53b4.rds"
"proteomics","REGENERABLE",262,2003,"data/processed/05_celltype_enrichment_EWCE/EWCE_E9_comparison/sample_level_legacy_pre_animal_promotion/neuron_neuropil/cache/CA1_sr_Sus_vs_Con_down_top100__top100__annot2__785ed39853f5ebbe.rds"
"proteomics","REGENERABLE",262,720,"data/processed/05_celltype_enrichment_EWCE/EWCE_E9_comparison/sample_level_legacy_pre_animal_promotion/neuron_neuropil/cache/CA1_sr_Sus_vs_Con_down_top250__top250__annot1__f5db59015bdf6244.rds"
"proteomics","REGENERABLE",262,2051,"data/processed/05_celltype_enrichment_EWCE/EWCE_E9_comparison/sample_level_legacy_pre_animal_promotion/neuron_neuropil/cache/CA1_sr_Sus_vs_Con_down_top250__top250__annot2__a059be8300c3f050.rds"
"proteomics","REGENERABLE",262,711,"data/processed/05_celltype_enrichment_EWCE/EWCE_E9_comparison/sample_level_legacy_pre_animal_promotion/neuron_neuropil/cache/CA1_sr_Sus_vs_Con_down_top500__top500__annot1__c178d2a0d36d3eca.rds"
"proteomics","REGENERABLE",262,2005,"data/processed/05_celltype_enrichment_EWCE/EWCE_E9_comparison/sample_level_legacy_pre_animal_promotion/neuron_neuropil/cache/CA1_sr_Sus_vs_Con_down_top500__top500__annot2__5c297f9cd95f82bd.rds"
"proteomics","REGENERABLE",262,739,"data/processed/05_celltype_enrichment_EWCE/EWCE_E9_comparison/sample_level_legacy_pre_animal_promotion/neuron_neuropil/cache/CA2_so_Res_vs_Con_down_top100__top100__annot1__ca4d8814937beb12.rds"
"proteomics","REGENERABLE",262,1923,"data/processed/05_celltype_enrichment_EWCE/EWCE_E9_comparison/sample_level_legacy_pre_animal_promotion/neuron_neuropil/cache/CA2_so_Res_vs_Con_down_top100__top100__annot2__756795c57d04ba07.rds"
"proteomics","REGENERABLE",262,734,"data/processed/05_celltype_enrichment_EWCE/EWCE_E9_comparison/sample_level_legacy_pre_animal_promotion/neuron_neuropil/cache/CA2_so_Res_vs_Con_down_top250__top250__annot1__e00640b8103e06ef.rds"
"proteomics","REGENERABLE",262,1937,"data/processed/05_celltype_enrichment_EWCE/EWCE_E9_comparison/sample_level_legacy_pre_animal_promotion/neuron_neuropil/cache/CA2_so_Res_vs_Con_down_top250__top250__annot2__c90a57e5bc10ff6e.rds"
"proteomics","REGENERABLE",262,758,"data/processed/05_celltype_enrichment_EWCE/EWCE_E9_comparison/sample_level_legacy_pre_animal_promotion/neuron_neuropil/cache/CA2_so_Res_vs_Con_down_top500__top500__annot1__3e2988bb67d291b3.rds"
"proteomics","REGENERABLE",262,2029,"data/processed/05_celltype_enrichment_EWCE/EWCE_E9_comparison/sample_level_legacy_pre_animal_promotion/neuron_neuropil/cache/CA2_so_Res_vs_Con_down_top500__top500__annot2__53e2a88b00afa589.rds"
"proteomics","REGENERABLE",262,739,"data/processed/05_celltype_enrichment_EWCE/EWCE_E9_comparison/sample_level_legacy_pre_animal_promotion/neuron_neuropil/cache/CA2_so_Sus_vs_Con_down_top100__top100__annot1__11642d91feb8aadc.rds"
"proteomics","REGENERABLE",262,2018,"data/processed/05_celltype_enrichment_EWCE/EWCE_E9_comparison/sample_level_legacy_pre_animal_promotion/neuron_neuropil/cache/CA2_so_Sus_vs_Con_down_top100__top100__annot2__bb8b46d261582bb9.rds"
"proteomics","REGENERABLE",262,747,"data/processed/05_celltype_enrichment_EWCE/EWCE_E9_comparison/sample_level_legacy_pre_animal_promotion/neuron_neuropil/cache/CA2_so_Sus_vs_Con_down_top250__top250__annot1__ea16ac9e94869335.rds"
"proteomics","REGENERABLE",262,2032,"data/processed/05_celltype_enrichment_EWCE/EWCE_E9_comparison/sample_level_legacy_pre_animal_promotion/neuron_neuropil/cache/CA2_so_Sus_vs_Con_down_top250__top250__annot2__50844787b37df06d.rds"
"proteomics","REGENERABLE",262,723,"data/processed/05_celltype_enrichment_EWCE/EWCE_E9_comparison/sample_level_legacy_pre_animal_promotion/neuron_neuropil/cache/CA2_so_Sus_vs_Con_down_top500__top500__annot1__e78c38c1f16f7117.rds"
"proteomics","REGENERABLE",262,2017,"data/processed/05_celltype_enrichment_EWCE/EWCE_E9_comparison/sample_level_legacy_pre_animal_promotion/neuron_neuropil/cache/CA2_so_Sus_vs_Con_down_top500__top500__annot2__199dd09720c5ab48.rds"
"proteomics","REGENERABLE",262,741,"data/processed/05_celltype_enrichment_EWCE/EWCE_E9_comparison/sample_level_legacy_pre_animal_promotion/neuron_neuropil/cache/CA2_sr_Res_vs_Con_down_top100__top100__annot1__58313d5fb00e0bdf.rds"
"proteomics","REGENERABLE",262,1976,"data/processed/05_celltype_enrichment_EWCE/EWCE_E9_comparison/sample_level_legacy_pre_animal_promotion/neuron_neuropil/cache/CA2_sr_Res_vs_Con_down_top100__top100__annot2__32c1377a221622be.rds"
"proteomics","REGENERABLE",262,736,"data/processed/05_celltype_enrichment_EWCE/EWCE_E9_comparison/sample_level_legacy_pre_animal_promotion/neuron_neuropil/cache/CA2_sr_Res_vs_Con_down_top250__top250__annot1__6d6693395e192cb3.rds"
"proteomics","REGENERABLE",262,2055,"data/processed/05_celltype_enrichment_EWCE/EWCE_E9_comparison/sample_level_legacy_pre_animal_promotion/neuron_neuropil/cache/CA2_sr_Res_vs_Con_down_top250__top250__annot2__102de673e331555c.rds"
"proteomics","REGENERABLE",262,703,"data/processed/05_celltype_enrichment_EWCE/EWCE_E9_comparison/sample_level_legacy_pre_animal_promotion/neuron_neuropil/cache/CA2_sr_Res_vs_Con_down_top500__top500__annot1__55c32c692ad4cf20.rds"
"proteomics","REGENERABLE",262,2035,"data/processed/05_celltype_enrichment_EWCE/EWCE_E9_comparison/sample_level_legacy_pre_animal_promotion/neuron_neuropil/cache/CA2_sr_Res_vs_Con_down_top500__top500__annot2__f2b26493dda53860.rds"
"proteomics","REGENERABLE",262,734,"data/processed/05_celltype_enrichment_EWCE/EWCE_E9_comparison/sample_level_legacy_pre_animal_promotion/neuron_neuropil/cache/CA2_sr_Sus_vs_Con_down_top100__top100__annot1__fa466e15ff4a5657.rds"
"proteomics","REGENERABLE",262,1956,"data/processed/05_celltype_enrichment_EWCE/EWCE_E9_comparison/sample_level_legacy_pre_animal_promotion/neuron_neuropil/cache/CA2_sr_Sus_vs_Con_down_top100__top100__annot2__a56f0b7e72d97fc0.rds"
"proteomics","REGENERABLE",262,689,"data/processed/05_celltype_enrichment_EWCE/EWCE_E9_comparison/sample_level_legacy_pre_animal_promotion/neuron_neuropil/cache/CA2_sr_Sus_vs_Con_down_top250__top250__annot1__705d4e9bfd64fcfe.rds"
"proteomics","REGENERABLE",262,1997,"data/processed/05_celltype_enrichment_EWCE/EWCE_E9_comparison/sample_level_legacy_pre_animal_promotion/neuron_neuropil/cache/CA2_sr_Sus_vs_Con_down_top250__top250__annot2__b7b44328e59cc9e9.rds"
"proteomics","REGENERABLE",262,677,"data/processed/05_celltype_enrichment_EWCE/EWCE_E9_comparison/sample_level_legacy_pre_animal_promotion/neuron_neuropil/cache/CA2_sr_Sus_vs_Con_down_top500__top500__annot1__1f3d5d9d294d1d92.rds"
"proteomics","REGENERABLE",262,1937,"data/processed/05_celltype_enrichment_EWCE/EWCE_E9_comparison/sample_level_legacy_pre_animal_promotion/neuron_neuropil/cache/CA2_sr_Sus_vs_Con_down_top500__top500__annot2__e5afc6bb9b0e1ce4.rds"
"proteomics","REGENERABLE",262,732,"data/processed/05_celltype_enrichment_EWCE/EWCE_E9_comparison/sample_level_legacy_pre_animal_promotion/neuron_neuropil/cache/CA3_so_Res_vs_Con_down_top100__top100__annot1__53c1446d1b6e6eaf.rds"
"proteomics","REGENERABLE",262,2047,"data/processed/05_celltype_enrichment_EWCE/EWCE_E9_comparison/sample_level_legacy_pre_animal_promotion/neuron_neuropil/cache/CA3_so_Res_vs_Con_down_top100__top100__annot2__c602afd0bda5875f.rds"
"proteomics","REGENERABLE",262,711,"data/processed/05_celltype_enrichment_EWCE/EWCE_E9_comparison/sample_level_legacy_pre_animal_promotion/neuron_neuropil/cache/CA3_so_Res_vs_Con_down_top250__top250__annot1__cb1d65763f417d8c.rds"
"proteomics","REGENERABLE",262,1919,"data/processed/05_celltype_enrichment_EWCE/EWCE_E9_comparison/sample_level_legacy_pre_animal_promotion/neuron_neuropil/cache/CA3_so_Res_vs_Con_down_top250__top250__annot2__1978020d704862ec.rds"
"proteomics","REGENERABLE",262,710,"data/processed/05_celltype_enrichment_EWCE/EWCE_E9_comparison/sample_level_legacy_pre_animal_promotion/neuron_neuropil/cache/CA3_so_Res_vs_Con_down_top500__top500__annot1__23177edbeeeec4db.rds"
"proteomics","REGENERABLE",262,1930,"data/processed/05_celltype_enrichment_EWCE/EWCE_E9_comparison/sample_level_legacy_pre_animal_promotion/neuron_neuropil/cache/CA3_so_Res_vs_Con_down_top500__top500__annot2__4d2bc842a70cc14c.rds"
"proteomics","REGENERABLE",262,759,"data/processed/05_celltype_enrichment_EWCE/EWCE_E9_comparison/sample_level_legacy_pre_animal_promotion/neuron_neuropil/cache/CA3_so_Sus_vs_Con_down_top100__top100__annot1__8f78a15637c7425b.rds"
"proteomics","REGENERABLE",262,1953,"data/processed/05_celltype_enrichment_EWCE/EWCE_E9_comparison/sample_level_legacy_pre_animal_promotion/neuron_neuropil/cache/CA3_so_Sus_vs_Con_down_top100__top100__annot2__637372d9ccf18886.rds"
"proteomics","REGENERABLE",262,733,"data/processed/05_celltype_enrichment_EWCE/EWCE_E9_comparison/sample_level_legacy_pre_animal_promotion/neuron_neuropil/cache/CA3_so_Sus_vs_Con_down_top250__top250__annot1__25a08ebb6a5ab290.rds"
"proteomics","REGENERABLE",262,1979,"data/processed/05_celltype_enrichment_EWCE/EWCE_E9_comparison/sample_level_legacy_pre_animal_promotion/neuron_neuropil/cache/CA3_so_Sus_vs_Con_down_top250__top250__annot2__b01df3380be6e50e.rds"
"proteomics","REGENERABLE",262,719,"data/processed/05_celltype_enrichment_EWCE/EWCE_E9_comparison/sample_level_legacy_pre_animal_promotion/neuron_neuropil/cache/CA3_so_Sus_vs_Con_down_top500__top500__annot1__87311c1d54501063.rds"
"proteomics","REGENERABLE",262,1990,"data/processed/05_celltype_enrichment_EWCE/EWCE_E9_comparison/sample_level_legacy_pre_animal_promotion/neuron_neuropil/cache/CA3_so_Sus_vs_Con_down_top500__top500__annot2__f8bdacdde42c0df7.rds"
"proteomics","REGENERABLE",262,751,"data/processed/05_celltype_enrichment_EWCE/EWCE_E9_comparison/sample_level_legacy_pre_animal_promotion/neuron_neuropil/cache/CA3_sr_Res_vs_Con_down_top100__top100__annot1__01efc6c286417171.rds"
"proteomics","REGENERABLE",262,1947,"data/processed/05_celltype_enrichment_EWCE/EWCE_E9_comparison/sample_level_legacy_pre_animal_promotion/neuron_neuropil/cache/CA3_sr_Res_vs_Con_down_top100__top100__annot2__9fbd7ba417649398.rds"
"proteomics","REGENERABLE",262,751,"data/processed/05_celltype_enrichment_EWCE/EWCE_E9_comparison/sample_level_legacy_pre_animal_promotion/neuron_neuropil/cache/CA3_sr_Res_vs_Con_down_top250__top250__annot1__9979d091d4f8e753.rds"
"proteomics","REGENERABLE",262,2017,"data/processed/05_celltype_enrichment_EWCE/EWCE_E9_comparison/sample_level_legacy_pre_animal_promotion/neuron_neuropil/cache/CA3_sr_Res_vs_Con_down_top250__top250__annot2__8f039a50e135cea7.rds"
"proteomics","REGENERABLE",262,737,"data/processed/05_celltype_enrichment_EWCE/EWCE_E9_comparison/sample_level_legacy_pre_animal_promotion/neuron_neuropil/cache/CA3_sr_Res_vs_Con_down_top500__top500__annot1__8d1b3afa43ee8481.rds"
"proteomics","REGENERABLE",262,2048,"data/processed/05_celltype_enrichment_EWCE/EWCE_E9_comparison/sample_level_legacy_pre_animal_promotion/neuron_neuropil/cache/CA3_sr_Res_vs_Con_down_top500__top500__annot2__9d93a0339a5fc913.rds"
"proteomics","REGENERABLE",262,750,"data/processed/05_celltype_enrichment_EWCE/EWCE_E9_comparison/sample_level_legacy_pre_animal_promotion/neuron_neuropil/cache/CA3_sr_Sus_vs_Con_down_top100__top100__annot1__bb8242839fa0ee9a.rds"
"proteomics","REGENERABLE",262,1988,"data/processed/05_celltype_enrichment_EWCE/EWCE_E9_comparison/sample_level_legacy_pre_animal_promotion/neuron_neuropil/cache/CA3_sr_Sus_vs_Con_down_top100__top100__annot2__9153c32eec412e12.rds"
"proteomics","REGENERABLE",262,754,"data/processed/05_celltype_enrichment_EWCE/EWCE_E9_comparison/sample_level_legacy_pre_animal_promotion/neuron_neuropil/cache/CA3_sr_Sus_vs_Con_down_top250__top250__annot1__4fd68c0a5a247871.rds"
"proteomics","REGENERABLE",262,2008,"data/processed/05_celltype_enrichment_EWCE/EWCE_E9_comparison/sample_level_legacy_pre_animal_promotion/neuron_neuropil/cache/CA3_sr_Sus_vs_Con_down_top250__top250__annot2__43f36fde1d4964a3.rds"
"proteomics","REGENERABLE",262,714,"data/processed/05_celltype_enrichment_EWCE/EWCE_E9_comparison/sample_level_legacy_pre_animal_promotion/neuron_neuropil/cache/CA3_sr_Sus_vs_Con_down_top500__top500__annot1__1844719e9f1973f9.rds"
"proteomics","REGENERABLE",262,1989,"data/processed/05_celltype_enrichment_EWCE/EWCE_E9_comparison/sample_level_legacy_pre_animal_promotion/neuron_neuropil/cache/CA3_sr_Sus_vs_Con_down_top500__top500__annot2__bac9a2b140ae6779.rds"
"proteomics","RESULTS",262,12025,"results/figures/04_differential_expression_enrichment_comparison/animal_level/clusterProfiler/neuron_neuropil/phenotype_within_unit/CA2_slm/CA2slmsus_CA2slmcon/ORA/ORA_BP_down_dotplot_full.svg"
"proteomics","RESULTS",262,12822,"results/figures/04_differential_expression_enrichment_comparison/animal_level/clusterProfiler/neuron_neuropil/phenotype_within_unit/CA2_slm/CA2slmsus_CA2slmres/ORA/ORA_BP_down_dotplot_full.svg"
"proteomics","RESULTS",262,17208,"results/figures/04_differential_expression_enrichment_comparison/legacy_replay/clusterProfiler/neuron_neuropil/phenotype_within_unit/CA1_slm/CA1slmres_CA1slmcon/GO_BP/GOenrich_dotplot_full.svg"
"proteomics","RESULTS",262,17208,"results/figures/04_differential_expression_enrichment_comparison/legacy_replay/clusterProfiler/neuron_neuropil/phenotype_within_unit/CA1_slm/CA1slmsus_CA1slmcon/GO_BP/GOenrich_dotplot_full.svg"
"proteomics","RESULTS",262,17208,"results/figures/04_differential_expression_enrichment_comparison/legacy_replay/clusterProfiler/neuron_neuropil/phenotype_within_unit/CA1_slm/CA1slmsus_CA1slmres/GO_BP/GOenrich_dotplot_full.svg"
"proteomics","RESULTS",262,17208,"results/figures/04_differential_expression_enrichment_comparison/legacy_replay/clusterProfiler/neuron_neuropil/phenotype_within_unit/CA2_slm/CA2slmres_CA2slmcon/GO_BP/GOenrich_dotplot_full.svg"
"proteomics","RESULTS",262,17208,"results/figures/04_differential_expression_enrichment_comparison/legacy_replay/clusterProfiler/neuron_neuropil/phenotype_within_unit/CA2_slm/CA2slmsus_CA2slmcon/GO_BP/GOenrich_dotplot_full.svg"
"proteomics","RESULTS",262,17208,"results/figures/04_differential_expression_enrichment_comparison/legacy_replay/clusterProfiler/neuron_neuropil/phenotype_within_unit/CA2_slm/CA2slmsus_CA2slmres/GO_BP/GOenrich_dotplot_full.svg"
"proteomics","REGENERABLE",261,291,"data/processed/04_differential_expression_enrichment/clusterProfiler/microglia/phenotype_within_unit/DG_microglia/DGmicrogliares_DGmicrogliacon/protein_group_audits/gsea_input_diagnostics.csv"
"proteomics","REGENERABLE",261,291,"data/processed/04_differential_expression_enrichment/clusterProfiler/microglia/phenotype_within_unit/DG_microglia/DGmicrogliasus_DGmicrogliacon/protein_group_audits/gsea_input_diagnostics.csv"
"proteomics","REGENERABLE",261,292,"data/processed/04_differential_expression_enrichment/clusterProfiler/microglia/phenotype_within_unit/DG_microglia/DGmicrogliasus_DGmicrogliares/protein_group_audits/gsea_input_diagnostics.csv"
"proteomics","REGENERABLE",261,1268436,"data/processed/04_differential_expression_enrichment/clusterProfiler/neuron_neuropil/phenotype_within_unit/CA1_slm/CA1slmres_CA1slmcon/protein_group_audits/collapsed_gene_input_provenance.csv"
"proteomics","REGENERABLE",261,1269816,"data/processed/04_differential_expression_enrichment/clusterProfiler/neuron_neuropil/phenotype_within_unit/CA1_slm/CA1slmsus_CA1slmcon/protein_group_audits/collapsed_gene_input_provenance.csv"
"proteomics","REGENERABLE",261,1274493,"data/processed/04_differential_expression_enrichment/clusterProfiler/neuron_neuropil/phenotype_within_unit/CA1_slm/CA1slmsus_CA1slmres/protein_group_audits/collapsed_gene_input_provenance.csv"
"proteomics","REGENERABLE",261,568838,"data/processed/04_differential_expression_enrichment/clusterProfiler/neuron_neuropil/phenotype_within_unit/CA1_so/CA1sores_CA1socon/protein_group_audits/symbol_resolution_validation_audit.csv"
"proteomics","REGENERABLE",261,568838,"data/processed/04_differential_expression_enrichment/clusterProfiler/neuron_neuropil/phenotype_within_unit/CA1_so/CA1sosus_CA1socon/protein_group_audits/symbol_resolution_validation_audit.csv"
"proteomics","REGENERABLE",261,568838,"data/processed/04_differential_expression_enrichment/clusterProfiler/neuron_neuropil/phenotype_within_unit/CA1_so/CA1sosus_CA1sores/protein_group_audits/symbol_resolution_validation_audit.csv"
"proteomics","REGENERABLE",261,568838,"data/processed/04_differential_expression_enrichment/clusterProfiler/neuron_neuropil/phenotype_within_unit/CA1_sr/CA1srres_CA1srcon/protein_group_audits/symbol_resolution_validation_audit.csv"
"proteomics","REGENERABLE",261,568838,"data/processed/04_differential_expression_enrichment/clusterProfiler/neuron_neuropil/phenotype_within_unit/CA1_sr/CA1srsus_CA1srcon/protein_group_audits/symbol_resolution_validation_audit.csv"
"proteomics","REGENERABLE",261,568838,"data/processed/04_differential_expression_enrichment/clusterProfiler/neuron_neuropil/phenotype_within_unit/CA1_sr/CA1srsus_CA1srres/protein_group_audits/symbol_resolution_validation_audit.csv"
"proteomics","REGENERABLE",261,1271289,"data/processed/04_differential_expression_enrichment/clusterProfiler/neuron_neuropil/phenotype_within_unit/CA2_slm/CA2slmres_CA2slmcon/protein_group_audits/collapsed_gene_input_provenance.csv"
"proteomics","REGENERABLE",261,1276493,"data/processed/04_differential_expression_enrichment/clusterProfiler/neuron_neuropil/phenotype_within_unit/CA2_slm/CA2slmsus_CA2slmcon/protein_group_audits/collapsed_gene_input_provenance.csv"
"proteomics","REGENERABLE",261,1276911,"data/processed/04_differential_expression_enrichment/clusterProfiler/neuron_neuropil/phenotype_within_unit/CA2_slm/CA2slmsus_CA2slmres/protein_group_audits/collapsed_gene_input_provenance.csv"
"proteomics","REGENERABLE",261,568838,"data/processed/04_differential_expression_enrichment/clusterProfiler/neuron_neuropil/phenotype_within_unit/CA2_so/CA2sores_CA2socon/protein_group_audits/symbol_resolution_validation_audit.csv"
"proteomics","REGENERABLE",261,568838,"data/processed/04_differential_expression_enrichment/clusterProfiler/neuron_neuropil/phenotype_within_unit/CA2_so/CA2sosus_CA2socon/protein_group_audits/symbol_resolution_validation_audit.csv"
"proteomics","REGENERABLE",261,568838,"data/processed/04_differential_expression_enrichment/clusterProfiler/neuron_neuropil/phenotype_within_unit/CA2_so/CA2sosus_CA2sores/protein_group_audits/symbol_resolution_validation_audit.csv"
"proteomics","REGENERABLE",261,568838,"data/processed/04_differential_expression_enrichment/clusterProfiler/neuron_neuropil/phenotype_within_unit/CA2_sr/CA2srres_CA2srcon/protein_group_audits/symbol_resolution_validation_audit.csv"
"proteomics","REGENERABLE",261,568838,"data/processed/04_differential_expression_enrichment/clusterProfiler/neuron_neuropil/phenotype_within_unit/CA2_sr/CA2srsus_CA2srcon/protein_group_audits/symbol_resolution_validation_audit.csv"
"proteomics","REGENERABLE",261,568838,"data/processed/04_differential_expression_enrichment/clusterProfiler/neuron_neuropil/phenotype_within_unit/CA2_sr/CA2srsus_CA2srres/protein_group_audits/symbol_resolution_validation_audit.csv"
"proteomics","REGENERABLE",261,568838,"data/processed/04_differential_expression_enrichment/clusterProfiler/neuron_neuropil/phenotype_within_unit/CA3_so/CA3sores_CA3socon/protein_group_audits/symbol_resolution_validation_audit.csv"
"proteomics","REGENERABLE",261,568838,"data/processed/04_differential_expression_enrichment/clusterProfiler/neuron_neuropil/phenotype_within_unit/CA3_so/CA3sosus_CA3socon/protein_group_audits/symbol_resolution_validation_audit.csv"
"proteomics","REGENERABLE",261,568838,"data/processed/04_differential_expression_enrichment/clusterProfiler/neuron_neuropil/phenotype_within_unit/CA3_so/CA3sosus_CA3sores/protein_group_audits/symbol_resolution_validation_audit.csv"
"proteomics","REGENERABLE",261,568838,"data/processed/04_differential_expression_enrichment/clusterProfiler/neuron_neuropil/phenotype_within_unit/CA3_sr/CA3srres_CA3srcon/protein_group_audits/symbol_resolution_validation_audit.csv"
"proteomics","REGENERABLE",261,568838,"data/processed/04_differential_expression_enrichment/clusterProfiler/neuron_neuropil/phenotype_within_unit/CA3_sr/CA3srsus_CA3srcon/protein_group_audits/symbol_resolution_validation_audit.csv"
"proteomics","REGENERABLE",261,568838,"data/processed/04_differential_expression_enrichment/clusterProfiler/neuron_neuropil/phenotype_within_unit/CA3_sr/CA3srsus_CA3srres/protein_group_audits/symbol_resolution_validation_audit.csv"
"proteomics","REGENERABLE",261,1888634,"data/processed/04_differential_expression_enrichment_comparison/animal_level/clusterProfiler/neuron_neuropil/phenotype_within_unit/CA1_so/CA1sores_CA1socon/GO/BP/enrichGO_ALL_results_full.csv"
"proteomics","REGENERABLE",261,1888634,"data/processed/04_differential_expression_enrichment_comparison/animal_level/clusterProfiler/neuron_neuropil/phenotype_within_unit/CA1_so/CA1sosus_CA1socon/GO/BP/enrichGO_ALL_results_full.csv"
"proteomics","REGENERABLE",261,1888634,"data/processed/04_differential_expression_enrichment_comparison/animal_level/clusterProfiler/neuron_neuropil/phenotype_within_unit/CA1_so/CA1sosus_CA1sores/GO/BP/enrichGO_ALL_results_full.csv"
"proteomics","REGENERABLE",261,1888634,"data/processed/04_differential_expression_enrichment_comparison/animal_level/clusterProfiler/neuron_neuropil/phenotype_within_unit/CA1_sr/CA1srres_CA1srcon/GO/BP/enrichGO_ALL_results_full.csv"
"proteomics","REGENERABLE",261,1888634,"data/processed/04_differential_expression_enrichment_comparison/animal_level/clusterProfiler/neuron_neuropil/phenotype_within_unit/CA1_sr/CA1srsus_CA1srcon/GO/BP/enrichGO_ALL_results_full.csv"
"proteomics","REGENERABLE",261,1888634,"data/processed/04_differential_expression_enrichment_comparison/animal_level/clusterProfiler/neuron_neuropil/phenotype_within_unit/CA1_sr/CA1srsus_CA1srres/GO/BP/enrichGO_ALL_results_full.csv"
"proteomics","REGENERABLE",261,21553,"data/processed/04_differential_expression_enrichment_comparison/animal_level/clusterProfiler/neuron_neuropil/phenotype_within_unit/CA2_slm/CA2slmsus_CA2slmcon/ORA/ORA_BP_down_results_full.csv"
"proteomics","REGENERABLE",261,79757,"data/processed/04_differential_expression_enrichment_comparison/animal_level/clusterProfiler/neuron_neuropil/phenotype_within_unit/CA2_slm/CA2slmsus_CA2slmres/ORA/ORA_BP_down_results_full.csv"
"proteomics","REGENERABLE",261,1888634,"data/processed/04_differential_expression_enrichment_comparison/animal_level/clusterProfiler/neuron_neuropil/phenotype_within_unit/CA2_so/CA2sores_CA2socon/GO/BP/enrichGO_ALL_results_full.csv"
"proteomics","REGENERABLE",261,1888634,"data/processed/04_differential_expression_enrichment_comparison/animal_level/clusterProfiler/neuron_neuropil/phenotype_within_unit/CA2_so/CA2sosus_CA2socon/GO/BP/enrichGO_ALL_results_full.csv"
"proteomics","REGENERABLE",261,1888634,"data/processed/04_differential_expression_enrichment_comparison/animal_level/clusterProfiler/neuron_neuropil/phenotype_within_unit/CA2_so/CA2sosus_CA2sores/GO/BP/enrichGO_ALL_results_full.csv"
"proteomics","REGENERABLE",261,1888634,"data/processed/04_differential_expression_enrichment_comparison/animal_level/clusterProfiler/neuron_neuropil/phenotype_within_unit/CA2_sr/CA2srres_CA2srcon/GO/BP/enrichGO_ALL_results_full.csv"
"proteomics","REGENERABLE",261,1888634,"data/processed/04_differential_expression_enrichment_comparison/animal_level/clusterProfiler/neuron_neuropil/phenotype_within_unit/CA2_sr/CA2srsus_CA2srcon/GO/BP/enrichGO_ALL_results_full.csv"
"proteomics","REGENERABLE",261,1888634,"data/processed/04_differential_expression_enrichment_comparison/animal_level/clusterProfiler/neuron_neuropil/phenotype_within_unit/CA2_sr/CA2srsus_CA2srres/GO/BP/enrichGO_ALL_results_full.csv"
"proteomics","REGENERABLE",261,1888634,"data/processed/04_differential_expression_enrichment_comparison/animal_level/clusterProfiler/neuron_neuropil/phenotype_within_unit/CA3_so/CA3sores_CA3socon/GO/BP/enrichGO_ALL_results_full.csv"
"proteomics","REGENERABLE",261,1888634,"data/processed/04_differential_expression_enrichment_comparison/animal_level/clusterProfiler/neuron_neuropil/phenotype_within_unit/CA3_so/CA3sosus_CA3socon/GO/BP/enrichGO_ALL_results_full.csv"
"proteomics","REGENERABLE",261,1888634,"data/processed/04_differential_expression_enrichment_comparison/animal_level/clusterProfiler/neuron_neuropil/phenotype_within_unit/CA3_so/CA3sosus_CA3sores/GO/BP/enrichGO_ALL_results_full.csv"
"proteomics","REGENERABLE",261,1888634,"data/processed/04_differential_expression_enrichment_comparison/animal_level/clusterProfiler/neuron_neuropil/phenotype_within_unit/CA3_sr/CA3srres_CA3srcon/GO/BP/enrichGO_ALL_results_full.csv"
"proteomics","REGENERABLE",261,1888634,"data/processed/04_differential_expression_enrichment_comparison/animal_level/clusterProfiler/neuron_neuropil/phenotype_within_unit/CA3_sr/CA3srsus_CA3srcon/GO/BP/enrichGO_ALL_results_full.csv"
"proteomics","REGENERABLE",261,1888634,"data/processed/04_differential_expression_enrichment_comparison/animal_level/clusterProfiler/neuron_neuropil/phenotype_within_unit/CA3_sr/CA3srsus_CA3srres/GO/BP/enrichGO_ALL_results_full.csv"
"proteomics","REGENERABLE",261,24110,"data/processed/04_differential_expression_enrichment_comparison/animal_level/clusterProfiler/neuron_soma/phenotype_within_unit/DG_sg/DGsgres_DGsgcon/protein_group_audits/eligibility_audit.csv"
"proteomics","REGENERABLE",261,24026,"data/processed/04_differential_expression_enrichment_comparison/animal_level/clusterProfiler/neuron_soma/phenotype_within_unit/DG_sg/DGsgsus_DGsgcon/protein_group_audits/eligibility_audit.csv"
"proteomics","REGENERABLE",261,24064,"data/processed/04_differential_expression_enrichment_comparison/animal_level/clusterProfiler/neuron_soma/phenotype_within_unit/DG_sg/DGsgsus_DGsgres/protein_group_audits/eligibility_audit.csv"
"proteomics","REGENERABLE",261,19,"data/processed/04_differential_expression_enrichment_comparison/legacy_replay/clusterProfiler/microglia/phenotype_within_unit/DG_microglia/DGmicrogliares_DGmicrogliacon/ANALYSIS_COMPLETE.flag"
"proteomics","REGENERABLE",261,19,"data/processed/04_differential_expression_enrichment_comparison/legacy_replay/clusterProfiler/microglia/phenotype_within_unit/DG_microglia/DGmicrogliasus_DGmicrogliacon/ANALYSIS_COMPLETE.flag"
"proteomics","REGENERABLE",261,19,"data/processed/04_differential_expression_enrichment_comparison/legacy_replay/clusterProfiler/microglia/phenotype_within_unit/DG_microglia/DGmicrogliasus_DGmicrogliares/ANALYSIS_COMPLETE.flag"
"proteomics","REGENERABLE",261,729,"data/processed/05_celltype_enrichment_EWCE/EWCE_E9_comparison/sample_level_legacy_pre_animal_promotion/neuron_neuropil/cache/CA1_slm_Res_vs_Con_up_top100__top100__annot1__f9ff70446e4d486f.rds"
"proteomics","REGENERABLE",261,1991,"data/processed/05_celltype_enrichment_EWCE/EWCE_E9_comparison/sample_level_legacy_pre_animal_promotion/neuron_neuropil/cache/CA1_slm_Res_vs_Con_up_top100__top100__annot2__e4ff5fd1925cac96.rds"
"proteomics","REGENERABLE",261,697,"data/processed/05_celltype_enrichment_EWCE/EWCE_E9_comparison/sample_level_legacy_pre_animal_promotion/neuron_neuropil/cache/CA1_slm_Res_vs_Con_up_top250__top250__annot1__76da5064450d9f24.rds"
"proteomics","REGENERABLE",261,1981,"data/processed/05_celltype_enrichment_EWCE/EWCE_E9_comparison/sample_level_legacy_pre_animal_promotion/neuron_neuropil/cache/CA1_slm_Res_vs_Con_up_top250__top250__annot2__107bafb57bef3cc5.rds"
"proteomics","REGENERABLE",261,682,"data/processed/05_celltype_enrichment_EWCE/EWCE_E9_comparison/sample_level_legacy_pre_animal_promotion/neuron_neuropil/cache/CA1_slm_Res_vs_Con_up_top500__top500__annot1__12186cd2a5a2df4b.rds"
"proteomics","REGENERABLE",261,1890,"data/processed/05_celltype_enrichment_EWCE/EWCE_E9_comparison/sample_level_legacy_pre_animal_promotion/neuron_neuropil/cache/CA1_slm_Res_vs_Con_up_top500__top500__annot2__293d9fd50058d549.rds"
"proteomics","REGENERABLE",261,725,"data/processed/05_celltype_enrichment_EWCE/EWCE_E9_comparison/sample_level_legacy_pre_animal_promotion/neuron_neuropil/cache/CA1_slm_Sus_vs_Con_up_top100__top100__annot1__8b8f7f9e117fa084.rds"
"proteomics","REGENERABLE",261,2010,"data/processed/05_celltype_enrichment_EWCE/EWCE_E9_comparison/sample_level_legacy_pre_animal_promotion/neuron_neuropil/cache/CA1_slm_Sus_vs_Con_up_top100__top100__annot2__28ec725008f4fe58.rds"
"proteomics","REGENERABLE",261,692,"data/processed/05_celltype_enrichment_EWCE/EWCE_E9_comparison/sample_level_legacy_pre_animal_promotion/neuron_neuropil/cache/CA1_slm_Sus_vs_Con_up_top250__top250__annot1__cbc3ead977689071.rds"
"proteomics","REGENERABLE",261,1980,"data/processed/05_celltype_enrichment_EWCE/EWCE_E9_comparison/sample_level_legacy_pre_animal_promotion/neuron_neuropil/cache/CA1_slm_Sus_vs_Con_up_top250__top250__annot2__4859e16d1184060a.rds"
"proteomics","REGENERABLE",261,699,"data/processed/05_celltype_enrichment_EWCE/EWCE_E9_comparison/sample_level_legacy_pre_animal_promotion/neuron_neuropil/cache/CA1_slm_Sus_vs_Con_up_top500__top500__annot1__a3241e80c36d1b0a.rds"
"proteomics","REGENERABLE",261,1961,"data/processed/05_celltype_enrichment_EWCE/EWCE_E9_comparison/sample_level_legacy_pre_animal_promotion/neuron_neuropil/cache/CA1_slm_Sus_vs_Con_up_top500__top500__annot2__517e4fa23aeb07dd.rds"
"proteomics","REGENERABLE",261,736,"data/processed/05_celltype_enrichment_EWCE/EWCE_E9_comparison/sample_level_legacy_pre_animal_promotion/neuron_neuropil/cache/CA2_slm_Res_vs_Con_up_top100__top100__annot1__0fa1e6bc9eea465f.rds"
"proteomics","REGENERABLE",261,1964,"data/processed/05_celltype_enrichment_EWCE/EWCE_E9_comparison/sample_level_legacy_pre_animal_promotion/neuron_neuropil/cache/CA2_slm_Res_vs_Con_up_top100__top100__annot2__87da90dd90264e6c.rds"
"proteomics","REGENERABLE",261,716,"data/processed/05_celltype_enrichment_EWCE/EWCE_E9_comparison/sample_level_legacy_pre_animal_promotion/neuron_neuropil/cache/CA2_slm_Res_vs_Con_up_top250__top250__annot1__bbca9139bcdb0901.rds"
"proteomics","REGENERABLE",261,1973,"data/processed/05_celltype_enrichment_EWCE/EWCE_E9_comparison/sample_level_legacy_pre_animal_promotion/neuron_neuropil/cache/CA2_slm_Res_vs_Con_up_top250__top250__annot2__650a33db5db1a8cc.rds"
"proteomics","REGENERABLE",261,701,"data/processed/05_celltype_enrichment_EWCE/EWCE_E9_comparison/sample_level_legacy_pre_animal_promotion/neuron_neuropil/cache/CA2_slm_Res_vs_Con_up_top500__top500__annot1__3d3d4ea8656843c5.rds"
"proteomics","REGENERABLE",261,1940,"data/processed/05_celltype_enrichment_EWCE/EWCE_E9_comparison/sample_level_legacy_pre_animal_promotion/neuron_neuropil/cache/CA2_slm_Res_vs_Con_up_top500__top500__annot2__552259bcc524efdd.rds"
"proteomics","REGENERABLE",261,738,"data/processed/05_celltype_enrichment_EWCE/EWCE_E9_comparison/sample_level_legacy_pre_animal_promotion/neuron_neuropil/cache/CA2_slm_Sus_vs_Con_up_top100__top100__annot1__d8130edc4ca55647.rds"
"proteomics","REGENERABLE",261,1917,"data/processed/05_celltype_enrichment_EWCE/EWCE_E9_comparison/sample_level_legacy_pre_animal_promotion/neuron_neuropil/cache/CA2_slm_Sus_vs_Con_up_top100__top100__annot2__11de5af6785bc8ec.rds"
"proteomics","REGENERABLE",261,757,"data/processed/05_celltype_enrichment_EWCE/EWCE_E9_comparison/sample_level_legacy_pre_animal_promotion/neuron_neuropil/cache/CA2_slm_Sus_vs_Con_up_top250__top250__annot1__ae499455fb5995cf.rds"
"proteomics","REGENERABLE",261,2006,"data/processed/05_celltype_enrichment_EWCE/EWCE_E9_comparison/sample_level_legacy_pre_animal_promotion/neuron_neuropil/cache/CA2_slm_Sus_vs_Con_up_top250__top250__annot2__00df7fc9196f23a9.rds"
"proteomics","REGENERABLE",261,749,"data/processed/05_celltype_enrichment_EWCE/EWCE_E9_comparison/sample_level_legacy_pre_animal_promotion/neuron_neuropil/cache/CA2_slm_Sus_vs_Con_up_top500__top500__annot1__c0f944a87f9acb53.rds"
"proteomics","REGENERABLE",261,1972,"data/processed/05_celltype_enrichment_EWCE/EWCE_E9_comparison/sample_level_legacy_pre_animal_promotion/neuron_neuropil/cache/CA2_slm_Sus_vs_Con_up_top500__top500__annot2__50a888c60d63f7a2.rds"
"proteomics","REGENERABLE",261,731,"data/processed/05_celltype_enrichment_EWCE/EWCE_E9_comparison/sample_level_legacy_pre_animal_promotion/neuron_neuropil/cache/DG_mo_Res_vs_Con_down_top100__top100__annot1__29609e53b8b52fef.rds"
"proteomics","REGENERABLE",261,1990,"data/processed/05_celltype_enrichment_EWCE/EWCE_E9_comparison/sample_level_legacy_pre_animal_promotion/neuron_neuropil/cache/DG_mo_Res_vs_Con_down_top100__top100__annot2__373be8a74e020cfb.rds"
"proteomics","REGENERABLE",261,722,"data/processed/05_celltype_enrichment_EWCE/EWCE_E9_comparison/sample_level_legacy_pre_animal_promotion/neuron_neuropil/cache/DG_mo_Res_vs_Con_down_top250__top250__annot1__0613d045311a93d9.rds"
"proteomics","REGENERABLE",261,1999,"data/processed/05_celltype_enrichment_EWCE/EWCE_E9_comparison/sample_level_legacy_pre_animal_promotion/neuron_neuropil/cache/DG_mo_Res_vs_Con_down_top250__top250__annot2__87afc4f215bb14d9.rds"
"proteomics","REGENERABLE",261,709,"data/processed/05_celltype_enrichment_EWCE/EWCE_E9_comparison/sample_level_legacy_pre_animal_promotion/neuron_neuropil/cache/DG_mo_Res_vs_Con_down_top500__top500__annot1__7c493c65ff58a506.rds"
"proteomics","REGENERABLE",261,1997,"data/processed/05_celltype_enrichment_EWCE/EWCE_E9_comparison/sample_level_legacy_pre_animal_promotion/neuron_neuropil/cache/DG_mo_Res_vs_Con_down_top500__top500__annot2__c6ef71bd8e309d86.rds"
"proteomics","REGENERABLE",261,726,"data/processed/05_celltype_enrichment_EWCE/EWCE_E9_comparison/sample_level_legacy_pre_animal_promotion/neuron_neuropil/cache/DG_mo_Sus_vs_Con_down_top100__top100__annot1__52501c6f822735fc.rds"
"proteomics","REGENERABLE",261,1994,"data/processed/05_celltype_enrichment_EWCE/EWCE_E9_comparison/sample_level_legacy_pre_animal_promotion/neuron_neuropil/cache/DG_mo_Sus_vs_Con_down_top100__top100__annot2__b3869e4fda48e3be.rds"
"proteomics","REGENERABLE",261,718,"data/processed/05_celltype_enrichment_EWCE/EWCE_E9_comparison/sample_level_legacy_pre_animal_promotion/neuron_neuropil/cache/DG_mo_Sus_vs_Con_down_top250__top250__annot1__4fdbcc710c2ca7d5.rds"
"proteomics","REGENERABLE",261,2070,"data/processed/05_celltype_enrichment_EWCE/EWCE_E9_comparison/sample_level_legacy_pre_animal_promotion/neuron_neuropil/cache/DG_mo_Sus_vs_Con_down_top250__top250__annot2__9cf0708b3fbb10e8.rds"
"proteomics","REGENERABLE",261,685,"data/processed/05_celltype_enrichment_EWCE/EWCE_E9_comparison/sample_level_legacy_pre_animal_promotion/neuron_neuropil/cache/DG_mo_Sus_vs_Con_down_top500__top500__annot1__bc33fd6d8ed23e2e.rds"
"proteomics","REGENERABLE",261,1970,"data/processed/05_celltype_enrichment_EWCE/EWCE_E9_comparison/sample_level_legacy_pre_animal_promotion/neuron_neuropil/cache/DG_mo_Sus_vs_Con_down_top500__top500__annot2__4a2a4e416607833f.rds"
"proteomics","REGENERABLE",261,730,"data/processed/05_celltype_enrichment_EWCE/EWCE_E9_comparison/sample_level_legacy_pre_animal_promotion/neuron_neuropil/cache/DG_po_Res_vs_Con_down_top100__top100__annot1__01095e9ec660e767.rds"
"proteomics","REGENERABLE",261,1941,"data/processed/05_celltype_enrichment_EWCE/EWCE_E9_comparison/sample_level_legacy_pre_animal_promotion/neuron_neuropil/cache/DG_po_Res_vs_Con_down_top100__top100__annot2__495599a519d13020.rds"
"proteomics","REGENERABLE",261,753,"data/processed/05_celltype_enrichment_EWCE/EWCE_E9_comparison/sample_level_legacy_pre_animal_promotion/neuron_neuropil/cache/DG_po_Res_vs_Con_down_top250__top250__annot1__372bb94406eab01c.rds"
"proteomics","REGENERABLE",261,2000,"data/processed/05_celltype_enrichment_EWCE/EWCE_E9_comparison/sample_level_legacy_pre_animal_promotion/neuron_neuropil/cache/DG_po_Res_vs_Con_down_top250__top250__annot2__d27d4a46aa3a2891.rds"
"proteomics","REGENERABLE",261,719,"data/processed/05_celltype_enrichment_EWCE/EWCE_E9_comparison/sample_level_legacy_pre_animal_promotion/neuron_neuropil/cache/DG_po_Res_vs_Con_down_top500__top500__annot1__2d8c1ab3a13b3e06.rds"
"proteomics","REGENERABLE",261,2049,"data/processed/05_celltype_enrichment_EWCE/EWCE_E9_comparison/sample_level_legacy_pre_animal_promotion/neuron_neuropil/cache/DG_po_Res_vs_Con_down_top500__top500__annot2__be8af19215470fac.rds"
"proteomics","REGENERABLE",261,720,"data/processed/05_celltype_enrichment_EWCE/EWCE_E9_comparison/sample_level_legacy_pre_animal_promotion/neuron_neuropil/cache/DG_po_Sus_vs_Con_down_top100__top100__annot1__0069df8c88c67f49.rds"
"proteomics","REGENERABLE",261,1995,"data/processed/05_celltype_enrichment_EWCE/EWCE_E9_comparison/sample_level_legacy_pre_animal_promotion/neuron_neuropil/cache/DG_po_Sus_vs_Con_down_top100__top100__annot2__27463c3c3050d95e.rds"
"proteomics","REGENERABLE",261,680,"data/processed/05_celltype_enrichment_EWCE/EWCE_E9_comparison/sample_level_legacy_pre_animal_promotion/neuron_neuropil/cache/DG_po_Sus_vs_Con_down_top250__top250__annot1__0099b2c211f924ce.rds"
"proteomics","REGENERABLE",261,2006,"data/processed/05_celltype_enrichment_EWCE/EWCE_E9_comparison/sample_level_legacy_pre_animal_promotion/neuron_neuropil/cache/DG_po_Sus_vs_Con_down_top250__top250__annot2__bd585ba7a6007cbd.rds"
"proteomics","REGENERABLE",261,681,"data/processed/05_celltype_enrichment_EWCE/EWCE_E9_comparison/sample_level_legacy_pre_animal_promotion/neuron_neuropil/cache/DG_po_Sus_vs_Con_down_top500__top500__annot1__12eea6c5be9e57b0.rds"
"proteomics","REGENERABLE",261,1887,"data/processed/05_celltype_enrichment_EWCE/EWCE_E9_comparison/sample_level_legacy_pre_animal_promotion/neuron_neuropil/cache/DG_po_Sus_vs_Con_down_top500__top500__annot2__26afa1a9b2f23a20.rds"
"proteomics","RESULTS",261,17208,"results/figures/04_differential_expression_enrichment_comparison/animal_level/clusterProfiler/neuron_neuropil/phenotype_within_unit/CA1_slm/CA1slmres_CA1slmcon/GO_BP/GOenrich_dotplot_full.svg"
"proteomics","RESULTS",261,17208,"results/figures/04_differential_expression_enrichment_comparison/animal_level/clusterProfiler/neuron_neuropil/phenotype_within_unit/CA1_slm/CA1slmsus_CA1slmcon/GO_BP/GOenrich_dotplot_full.svg"
"proteomics","RESULTS",261,17208,"results/figures/04_differential_expression_enrichment_comparison/animal_level/clusterProfiler/neuron_neuropil/phenotype_within_unit/CA1_slm/CA1slmsus_CA1slmres/GO_BP/GOenrich_dotplot_full.svg"
"proteomics","RESULTS",261,17208,"results/figures/04_differential_expression_enrichment_comparison/animal_level/clusterProfiler/neuron_neuropil/phenotype_within_unit/CA2_slm/CA2slmres_CA2slmcon/GO_BP/GOenrich_dotplot_full.svg"
"proteomics","RESULTS",261,17208,"results/figures/04_differential_expression_enrichment_comparison/animal_level/clusterProfiler/neuron_neuropil/phenotype_within_unit/CA2_slm/CA2slmsus_CA2slmcon/GO_BP/GOenrich_dotplot_full.svg"
"proteomics","RESULTS",261,17208,"results/figures/04_differential_expression_enrichment_comparison/animal_level/clusterProfiler/neuron_neuropil/phenotype_within_unit/CA2_slm/CA2slmsus_CA2slmres/GO_BP/GOenrich_dotplot_full.svg"
"proteomics","RESULTS",261,21757,"results/figures/04_differential_expression_enrichment_comparison/legacy_replay/clusterProfiler/neuron_neuropil/phenotype_within_unit/CA1_slm/CA1slmres_CA1slmcon/GO_BP/GSEA_BP_dotplot_full.svg"
"proteomics","RESULTS",261,21835,"results/figures/04_differential_expression_enrichment_comparison/legacy_replay/clusterProfiler/neuron_neuropil/phenotype_within_unit/CA1_slm/CA1slmsus_CA1slmcon/GO_BP/GSEA_BP_dotplot_full.svg"
"proteomics","RESULTS",261,21168,"results/figures/04_differential_expression_enrichment_comparison/legacy_replay/clusterProfiler/neuron_neuropil/phenotype_within_unit/CA1_slm/CA1slmsus_CA1slmres/GO_BP/GSEA_BP_dotplot_full.svg"
"proteomics","RESULTS",261,22349,"results/figures/04_differential_expression_enrichment_comparison/legacy_replay/clusterProfiler/neuron_neuropil/phenotype_within_unit/CA2_slm/CA2slmres_CA2slmcon/GO_BP/GSEA_BP_dotplot_full.svg"
"proteomics","RESULTS",261,20843,"results/figures/04_differential_expression_enrichment_comparison/legacy_replay/clusterProfiler/neuron_neuropil/phenotype_within_unit/CA2_slm/CA2slmsus_CA2slmcon/GO_BP/GSEA_BP_dotplot_full.svg"
"proteomics","RESULTS",261,22151,"results/figures/04_differential_expression_enrichment_comparison/legacy_replay/clusterProfiler/neuron_neuropil/phenotype_within_unit/CA2_slm/CA2slmsus_CA2slmres/GO_BP/GSEA_BP_dotplot_full.svg"
"proteomics","REGENERABLE",260,104014,"data/processed/04_differential_expression_enrichment/clusterProfiler/microglia/phenotype_within_unit/CA1_microglia/CA1microgliares_CA1microgliacon/protein_group_audits/ora_universe_audit.csv"
"proteomics","REGENERABLE",260,104014,"data/processed/04_differential_expression_enrichment/clusterProfiler/microglia/phenotype_within_unit/CA1_microglia/CA1microgliasus_CA1microgliacon/protein_group_audits/ora_universe_audit.csv"
"proteomics","REGENERABLE",260,104014,"data/processed/04_differential_expression_enrichment/clusterProfiler/microglia/phenotype_within_unit/CA1_microglia/CA1microgliasus_CA1microgliares/protein_group_audits/ora_universe_audit.csv"
"proteomics","REGENERABLE",260,104014,"data/processed/04_differential_expression_enrichment/clusterProfiler/microglia/phenotype_within_unit/CA2_microglia/CA2microgliares_CA2microgliacon/protein_group_audits/ora_universe_audit.csv"
"proteomics","REGENERABLE",260,104014,"data/processed/04_differential_expression_enrichment/clusterProfiler/microglia/phenotype_within_unit/CA2_microglia/CA2microgliasus_CA2microgliacon/protein_group_audits/ora_universe_audit.csv"
"proteomics","REGENERABLE",260,104014,"data/processed/04_differential_expression_enrichment/clusterProfiler/microglia/phenotype_within_unit/CA2_microglia/CA2microgliasus_CA2microgliares/protein_group_audits/ora_universe_audit.csv"
"proteomics","REGENERABLE",260,104014,"data/processed/04_differential_expression_enrichment/clusterProfiler/microglia/phenotype_within_unit/CA3_microglia/CA3microgliares_CA3microgliacon/protein_group_audits/ora_universe_audit.csv"
"proteomics","REGENERABLE",260,104014,"data/processed/04_differential_expression_enrichment/clusterProfiler/microglia/phenotype_within_unit/CA3_microglia/CA3microgliasus_CA3microgliacon/protein_group_audits/ora_universe_audit.csv"
"proteomics","REGENERABLE",260,104014,"data/processed/04_differential_expression_enrichment/clusterProfiler/microglia/phenotype_within_unit/CA3_microglia/CA3microgliasus_CA3microgliares/protein_group_audits/ora_universe_audit.csv"
"proteomics","REGENERABLE",260,1407807,"data/processed/04_differential_expression_enrichment/clusterProfiler/neuron_neuropil/phenotype_within_unit/CA1_slm/CA1slmres_CA1slmcon/protein_group_audits/gsea_kegg_term_gene_provenance.csv"
"proteomics","REGENERABLE",260,1456892,"data/processed/04_differential_expression_enrichment/clusterProfiler/neuron_neuropil/phenotype_within_unit/CA1_slm/CA1slmsus_CA1slmcon/protein_group_audits/gsea_kegg_term_gene_provenance.csv"
"proteomics","REGENERABLE",260,1577328,"data/processed/04_differential_expression_enrichment/clusterProfiler/neuron_neuropil/phenotype_within_unit/CA1_slm/CA1slmsus_CA1slmres/protein_group_audits/gsea_kegg_term_gene_provenance.csv"
"proteomics","REGENERABLE",260,1260074,"data/processed/04_differential_expression_enrichment/clusterProfiler/neuron_neuropil/phenotype_within_unit/CA2_slm/CA2slmres_CA2slmcon/protein_group_audits/gsea_kegg_term_gene_provenance.csv"
"proteomics","REGENERABLE",260,2437538,"data/processed/04_differential_expression_enrichment/clusterProfiler/neuron_neuropil/phenotype_within_unit/CA2_slm/CA2slmsus_CA2slmcon/protein_group_audits/gsea_kegg_term_gene_provenance.csv"
"proteomics","REGENERABLE",260,2293004,"data/processed/04_differential_expression_enrichment/clusterProfiler/neuron_neuropil/phenotype_within_unit/CA2_slm/CA2slmsus_CA2slmres/protein_group_audits/gsea_kegg_term_gene_provenance.csv"
"proteomics","REGENERABLE",260,614686,"data/processed/04_differential_expression_enrichment/clusterProfiler/neuron_neuropil/phenotype_within_unit/DG_mo/DGmores_DGmocon/protein_group_audits/kegg_duplicate_entrez_collapse_audit.csv"
"proteomics","REGENERABLE",260,615898,"data/processed/04_differential_expression_enrichment/clusterProfiler/neuron_neuropil/phenotype_within_unit/DG_mo/DGmosus_DGmocon/protein_group_audits/kegg_duplicate_entrez_collapse_audit.csv"
"proteomics","REGENERABLE",260,615483,"data/processed/04_differential_expression_enrichment/clusterProfiler/neuron_neuropil/phenotype_within_unit/DG_mo/DGmosus_DGmores/protein_group_audits/kegg_duplicate_entrez_collapse_audit.csv"
"proteomics","REGENERABLE",260,612945,"data/processed/04_differential_expression_enrichment/clusterProfiler/neuron_neuropil/phenotype_within_unit/DG_po/DGpores_DGpocon/protein_group_audits/kegg_duplicate_entrez_collapse_audit.csv"
"proteomics","REGENERABLE",260,615544,"data/processed/04_differential_expression_enrichment/clusterProfiler/neuron_neuropil/phenotype_within_unit/DG_po/DGposus_DGpocon/protein_group_audits/kegg_duplicate_entrez_collapse_audit.csv"
"proteomics","REGENERABLE",260,614955,"data/processed/04_differential_expression_enrichment/clusterProfiler/neuron_neuropil/phenotype_within_unit/DG_po/DGposus_DGpores/protein_group_audits/kegg_duplicate_entrez_collapse_audit.csv"
"proteomics","REGENERABLE",260,19,"data/processed/04_differential_expression_enrichment_comparison/animal_level/clusterProfiler/microglia/phenotype_within_unit/DG_microglia/DGmicrogliares_DGmicrogliacon/ANALYSIS_COMPLETE.flag"
"proteomics","REGENERABLE",260,19,"data/processed/04_differential_expression_enrichment_comparison/animal_level/clusterProfiler/microglia/phenotype_within_unit/DG_microglia/DGmicrogliasus_DGmicrogliacon/ANALYSIS_COMPLETE.flag"
"proteomics","REGENERABLE",260,19,"data/processed/04_differential_expression_enrichment_comparison/animal_level/clusterProfiler/microglia/phenotype_within_unit/DG_microglia/DGmicrogliasus_DGmicrogliares/ANALYSIS_COMPLETE.flag"
"proteomics","REGENERABLE",260,1263873,"data/processed/04_differential_expression_enrichment_comparison/legacy_replay/clusterProfiler/neuron_neuropil/phenotype_within_unit/CA1_slm/CA1slmres_CA1slmcon/GO/BP/GSEA_BP_results_full.csv"
"proteomics","REGENERABLE",260,1150340,"data/processed/04_differential_expression_enrichment_comparison/legacy_replay/clusterProfiler/neuron_neuropil/phenotype_within_unit/CA1_slm/CA1slmsus_CA1slmcon/GO/BP/GSEA_BP_results_full.csv"
"proteomics","REGENERABLE",260,1186431,"data/processed/04_differential_expression_enrichment_comparison/legacy_replay/clusterProfiler/neuron_neuropil/phenotype_within_unit/CA1_slm/CA1slmsus_CA1slmres/GO/BP/GSEA_BP_results_full.csv"
"proteomics","REGENERABLE",260,1157868,"data/processed/04_differential_expression_enrichment_comparison/legacy_replay/clusterProfiler/neuron_neuropil/phenotype_within_unit/CA2_slm/CA2slmres_CA2slmcon/GO/BP/GSEA_BP_results_full.csv"
"proteomics","REGENERABLE",260,1413594,"data/processed/04_differential_expression_enrichment_comparison/legacy_replay/clusterProfiler/neuron_neuropil/phenotype_within_unit/CA2_slm/CA2slmsus_CA2slmcon/GO/BP/GSEA_BP_results_full.csv"
"proteomics","REGENERABLE",260,1464755,"data/processed/04_differential_expression_enrichment_comparison/legacy_replay/clusterProfiler/neuron_neuropil/phenotype_within_unit/CA2_slm/CA2slmsus_CA2slmres/GO/BP/GSEA_BP_results_full.csv"
"proteomics","REGENERABLE",260,729,"data/processed/05_celltype_enrichment_EWCE/EWCE_E9_comparison/sample_level_legacy_pre_animal_promotion/neuron_neuropil/cache/CA1_so_Res_vs_Con_up_top100__top100__annot1__6901e97f5d496dbc.rds"
"proteomics","REGENERABLE",260,1968,"data/processed/05_celltype_enrichment_EWCE/EWCE_E9_comparison/sample_level_legacy_pre_animal_promotion/neuron_neuropil/cache/CA1_so_Res_vs_Con_up_top100__top100__annot2__78d05acb5084bd34.rds"
"proteomics","REGENERABLE",260,725,"data/processed/05_celltype_enrichment_EWCE/EWCE_E9_comparison/sample_level_legacy_pre_animal_promotion/neuron_neuropil/cache/CA1_so_Res_vs_Con_up_top250__top250__annot1__65641bbd3a85efba.rds"
"proteomics","REGENERABLE",260,1984,"data/processed/05_celltype_enrichment_EWCE/EWCE_E9_comparison/sample_level_legacy_pre_animal_promotion/neuron_neuropil/cache/CA1_so_Res_vs_Con_up_top250__top250__annot2__514addf4895be472.rds"
"proteomics","REGENERABLE",260,756,"data/processed/05_celltype_enrichment_EWCE/EWCE_E9_comparison/sample_level_legacy_pre_animal_promotion/neuron_neuropil/cache/CA1_so_Res_vs_Con_up_top500__top500__annot1__7430d39749a97898.rds"
"proteomics","REGENERABLE",260,2027,"data/processed/05_celltype_enrichment_EWCE/EWCE_E9_comparison/sample_level_legacy_pre_animal_promotion/neuron_neuropil/cache/CA1_so_Res_vs_Con_up_top500__top500__annot2__2e133bebb23e4230.rds"
"proteomics","REGENERABLE",260,745,"data/processed/05_celltype_enrichment_EWCE/EWCE_E9_comparison/sample_level_legacy_pre_animal_promotion/neuron_neuropil/cache/CA1_so_Sus_vs_Con_up_top100__top100__annot1__b9c88d2c7c73f37a.rds"
"proteomics","REGENERABLE",260,1932,"data/processed/05_celltype_enrichment_EWCE/EWCE_E9_comparison/sample_level_legacy_pre_animal_promotion/neuron_neuropil/cache/CA1_so_Sus_vs_Con_up_top100__top100__annot2__8ea9dd73cecf8564.rds"
"proteomics","REGENERABLE",260,739,"data/processed/05_celltype_enrichment_EWCE/EWCE_E9_comparison/sample_level_legacy_pre_animal_promotion/neuron_neuropil/cache/CA1_so_Sus_vs_Con_up_top250__top250__annot1__37e580a36e6b69b0.rds"
"proteomics","REGENERABLE",260,1953,"data/processed/05_celltype_enrichment_EWCE/EWCE_E9_comparison/sample_level_legacy_pre_animal_promotion/neuron_neuropil/cache/CA1_so_Sus_vs_Con_up_top250__top250__annot2__2310b1406168382d.rds"
"proteomics","REGENERABLE",260,730,"data/processed/05_celltype_enrichment_EWCE/EWCE_E9_comparison/sample_level_legacy_pre_animal_promotion/neuron_neuropil/cache/CA1_so_Sus_vs_Con_up_top500__top500__annot1__f74cdda467ca6253.rds"
"proteomics","REGENERABLE",260,2040,"data/processed/05_celltype_enrichment_EWCE/EWCE_E9_comparison/sample_level_legacy_pre_animal_promotion/neuron_neuropil/cache/CA1_so_Sus_vs_Con_up_top500__top500__annot2__d4b6526fcfffb945.rds"
"proteomics","REGENERABLE",260,721,"data/processed/05_celltype_enrichment_EWCE/EWCE_E9_comparison/sample_level_legacy_pre_animal_promotion/neuron_neuropil/cache/CA1_sr_Res_vs_Con_up_top100__top100__annot1__3fa06bedd504b17d.rds"
"proteomics","REGENERABLE",260,1963,"data/processed/05_celltype_enrichment_EWCE/EWCE_E9_comparison/sample_level_legacy_pre_animal_promotion/neuron_neuropil/cache/CA1_sr_Res_vs_Con_up_top100__top100__annot2__c9817c7ed265c38d.rds"
"proteomics","REGENERABLE",260,715,"data/processed/05_celltype_enrichment_EWCE/EWCE_E9_comparison/sample_level_legacy_pre_animal_promotion/neuron_neuropil/cache/CA1_sr_Res_vs_Con_up_top250__top250__annot1__03352edc3189c055.rds"
"proteomics","REGENERABLE",260,2010,"data/processed/05_celltype_enrichment_EWCE/EWCE_E9_comparison/sample_level_legacy_pre_animal_promotion/neuron_neuropil/cache/CA1_sr_Res_vs_Con_up_top250__top250__annot2__51dd46d8a6cfe8d5.rds"
"proteomics","REGENERABLE",260,699,"data/processed/05_celltype_enrichment_EWCE/EWCE_E9_comparison/sample_level_legacy_pre_animal_promotion/neuron_neuropil/cache/CA1_sr_Res_vs_Con_up_top500__top500__annot1__8662f7bac769c98d.rds"
"proteomics","REGENERABLE",260,1989,"data/processed/05_celltype_enrichment_EWCE/EWCE_E9_comparison/sample_level_legacy_pre_animal_promotion/neuron_neuropil/cache/CA1_sr_Res_vs_Con_up_top500__top500__annot2__fbb6823bc51aa052.rds"
"proteomics","REGENERABLE",260,747,"data/processed/05_celltype_enrichment_EWCE/EWCE_E9_comparison/sample_level_legacy_pre_animal_promotion/neuron_neuropil/cache/CA1_sr_Sus_vs_Con_up_top100__top100__annot1__987d93f3d05a6631.rds"
"proteomics","REGENERABLE",260,1981,"data/processed/05_celltype_enrichment_EWCE/EWCE_E9_comparison/sample_level_legacy_pre_animal_promotion/neuron_neuropil/cache/CA1_sr_Sus_vs_Con_up_top100__top100__annot2__9bb897d10a63b53a.rds"
"proteomics","REGENERABLE",260,726,"data/processed/05_celltype_enrichment_EWCE/EWCE_E9_comparison/sample_level_legacy_pre_animal_promotion/neuron_neuropil/cache/CA1_sr_Sus_vs_Con_up_top250__top250__annot1__3c9651ab913ec5ee.rds"
"proteomics","REGENERABLE",260,2019,"data/processed/05_celltype_enrichment_EWCE/EWCE_E9_comparison/sample_level_legacy_pre_animal_promotion/neuron_neuropil/cache/CA1_sr_Sus_vs_Con_up_top250__top250__annot2__8b0eb86eab1dc6b2.rds"
"proteomics","REGENERABLE",260,716,"data/processed/05_celltype_enrichment_EWCE/EWCE_E9_comparison/sample_level_legacy_pre_animal_promotion/neuron_neuropil/cache/CA1_sr_Sus_vs_Con_up_top500__top500__annot1__49234910e22fd8ea.rds"
"proteomics","REGENERABLE",260,1950,"data/processed/05_celltype_enrichment_EWCE/EWCE_E9_comparison/sample_level_legacy_pre_animal_promotion/neuron_neuropil/cache/CA1_sr_Sus_vs_Con_up_top500__top500__annot2__2febedfde16caa9b.rds"
"proteomics","REGENERABLE",260,749,"data/processed/05_celltype_enrichment_EWCE/EWCE_E9_comparison/sample_level_legacy_pre_animal_promotion/neuron_neuropil/cache/CA2_so_Res_vs_Con_up_top100__top100__annot1__5a9124c5c8c6a153.rds"
"proteomics","REGENERABLE",260,1970,"data/processed/05_celltype_enrichment_EWCE/EWCE_E9_comparison/sample_level_legacy_pre_animal_promotion/neuron_neuropil/cache/CA2_so_Res_vs_Con_up_top100__top100__annot2__56becf12934ded91.rds"
"proteomics","REGENERABLE",260,729,"data/processed/05_celltype_enrichment_EWCE/EWCE_E9_comparison/sample_level_legacy_pre_animal_promotion/neuron_neuropil/cache/CA2_so_Res_vs_Con_up_top250__top250__annot1__2a3a7d4f57babb08.rds"
"proteomics","REGENERABLE",260,1986,"data/processed/05_celltype_enrichment_EWCE/EWCE_E9_comparison/sample_level_legacy_pre_animal_promotion/neuron_neuropil/cache/CA2_so_Res_vs_Con_up_top250__top250__annot2__0c7ebc8f6b881f23.rds"
"proteomics","REGENERABLE",260,714,"data/processed/05_celltype_enrichment_EWCE/EWCE_E9_comparison/sample_level_legacy_pre_animal_promotion/neuron_neuropil/cache/CA2_so_Res_vs_Con_up_top500__top500__annot1__9c797c44bba221bc.rds"
"proteomics","REGENERABLE",260,1929,"data/processed/05_celltype_enrichment_EWCE/EWCE_E9_comparison/sample_level_legacy_pre_animal_promotion/neuron_neuropil/cache/CA2_so_Res_vs_Con_up_top500__top500__annot2__5380d491f10037ff.rds"
"proteomics","REGENERABLE",260,705,"data/processed/05_celltype_enrichment_EWCE/EWCE_E9_comparison/sample_level_legacy_pre_animal_promotion/neuron_neuropil/cache/CA2_so_Sus_vs_Con_up_top100__top100__annot1__5fb872a59819b073.rds"
"proteomics","REGENERABLE",260,1857,"data/processed/05_celltype_enrichment_EWCE/EWCE_E9_comparison/sample_level_legacy_pre_animal_promotion/neuron_neuropil/cache/CA2_so_Sus_vs_Con_up_top100__top100__annot2__fe4157c989c947dc.rds"
"proteomics","REGENERABLE",260,706,"data/processed/05_celltype_enrichment_EWCE/EWCE_E9_comparison/sample_level_legacy_pre_animal_promotion/neuron_neuropil/cache/CA2_so_Sus_vs_Con_up_top250__top250__annot1__43d089f453f196c9.rds"
"proteomics","REGENERABLE",260,1841,"data/processed/05_celltype_enrichment_EWCE/EWCE_E9_comparison/sample_level_legacy_pre_animal_promotion/neuron_neuropil/cache/CA2_so_Sus_vs_Con_up_top250__top250__annot2__216d53003d0455ab.rds"
"proteomics","REGENERABLE",260,724,"data/processed/05_celltype_enrichment_EWCE/EWCE_E9_comparison/sample_level_legacy_pre_animal_promotion/neuron_neuropil/cache/CA2_so_Sus_vs_Con_up_top500__top500__annot1__804beb147d3bcc59.rds"
"proteomics","REGENERABLE",260,1966,"data/processed/05_celltype_enrichment_EWCE/EWCE_E9_comparison/sample_level_legacy_pre_animal_promotion/neuron_neuropil/cache/CA2_so_Sus_vs_Con_up_top500__top500__annot2__110bcf5e402f8ed7.rds"
"proteomics","REGENERABLE",260,724,"data/processed/05_celltype_enrichment_EWCE/EWCE_E9_comparison/sample_level_legacy_pre_animal_promotion/neuron_neuropil/cache/CA2_sr_Res_vs_Con_up_top100__top100__annot1__e63cdd58ce644ae1.rds"
"proteomics","REGENERABLE",260,2040,"data/processed/05_celltype_enrichment_EWCE/EWCE_E9_comparison/sample_level_legacy_pre_animal_promotion/neuron_neuropil/cache/CA2_sr_Res_vs_Con_up_top100__top100__annot2__3b78faa88dc025d7.rds"
"proteomics","REGENERABLE",260,724,"data/processed/05_celltype_enrichment_EWCE/EWCE_E9_comparison/sample_level_legacy_pre_animal_promotion/neuron_neuropil/cache/CA2_sr_Res_vs_Con_up_top250__top250__annot1__cfb1fac965a5bbdc.rds"
"proteomics","REGENERABLE",260,2001,"data/processed/05_celltype_enrichment_EWCE/EWCE_E9_comparison/sample_level_legacy_pre_animal_promotion/neuron_neuropil/cache/CA2_sr_Res_vs_Con_up_top250__top250__annot2__69a82ae9302776df.rds"
"proteomics","REGENERABLE",260,726,"data/processed/05_celltype_enrichment_EWCE/EWCE_E9_comparison/sample_level_legacy_pre_animal_promotion/neuron_neuropil/cache/CA2_sr_Res_vs_Con_up_top500__top500__annot1__da4965ff709897cc.rds"
"proteomics","REGENERABLE",260,1988,"data/processed/05_celltype_enrichment_EWCE/EWCE_E9_comparison/sample_level_legacy_pre_animal_promotion/neuron_neuropil/cache/CA2_sr_Res_vs_Con_up_top500__top500__annot2__8f221d7cc8eff286.rds"
"proteomics","REGENERABLE",260,719,"data/processed/05_celltype_enrichment_EWCE/EWCE_E9_comparison/sample_level_legacy_pre_animal_promotion/neuron_neuropil/cache/CA2_sr_Sus_vs_Con_up_top100__top100__annot1__1ce2c794985555b0.rds"
"proteomics","REGENERABLE",260,1937,"data/processed/05_celltype_enrichment_EWCE/EWCE_E9_comparison/sample_level_legacy_pre_animal_promotion/neuron_neuropil/cache/CA2_sr_Sus_vs_Con_up_top100__top100__annot2__b74cb5fe0755e89e.rds"
"proteomics","REGENERABLE",260,740,"data/processed/05_celltype_enrichment_EWCE/EWCE_E9_comparison/sample_level_legacy_pre_animal_promotion/neuron_neuropil/cache/CA2_sr_Sus_vs_Con_up_top250__top250__annot1__ae4adf59dd68c4bf.rds"
"proteomics","REGENERABLE",260,1975,"data/processed/05_celltype_enrichment_EWCE/EWCE_E9_comparison/sample_level_legacy_pre_animal_promotion/neuron_neuropil/cache/CA2_sr_Sus_vs_Con_up_top250__top250__annot2__ba53d6663f62a833.rds"
"proteomics","REGENERABLE",260,708,"data/processed/05_celltype_enrichment_EWCE/EWCE_E9_comparison/sample_level_legacy_pre_animal_promotion/neuron_neuropil/cache/CA2_sr_Sus_vs_Con_up_top500__top500__annot1__6855c573ef02b32e.rds"
"proteomics","REGENERABLE",260,2048,"data/processed/05_celltype_enrichment_EWCE/EWCE_E9_comparison/sample_level_legacy_pre_animal_promotion/neuron_neuropil/cache/CA2_sr_Sus_vs_Con_up_top500__top500__annot2__694b07fd33e3db47.rds"
"proteomics","REGENERABLE",260,745,"data/processed/05_celltype_enrichment_EWCE/EWCE_E9_comparison/sample_level_legacy_pre_animal_promotion/neuron_neuropil/cache/CA3_so_Res_vs_Con_up_top100__top100__annot1__cc5c4f2166846984.rds"
"proteomics","REGENERABLE",260,2012,"data/processed/05_celltype_enrichment_EWCE/EWCE_E9_comparison/sample_level_legacy_pre_animal_promotion/neuron_neuropil/cache/CA3_so_Res_vs_Con_up_top100__top100__annot2__77a13569073255cd.rds"
"proteomics","REGENERABLE",260,714,"data/processed/05_celltype_enrichment_EWCE/EWCE_E9_comparison/sample_level_legacy_pre_animal_promotion/neuron_neuropil/cache/CA3_so_Res_vs_Con_up_top250__top250__annot1__429a65eead313ee1.rds"
"proteomics","REGENERABLE",260,1968,"data/processed/05_celltype_enrichment_EWCE/EWCE_E9_comparison/sample_level_legacy_pre_animal_promotion/neuron_neuropil/cache/CA3_so_Res_vs_Con_up_top250__top250__annot2__db1ace4dfd92ab8c.rds"
"proteomics","REGENERABLE",260,677,"data/processed/05_celltype_enrichment_EWCE/EWCE_E9_comparison/sample_level_legacy_pre_animal_promotion/neuron_neuropil/cache/CA3_so_Res_vs_Con_up_top500__top500__annot1__307270c0bc368254.rds"
"proteomics","REGENERABLE",260,1891,"data/processed/05_celltype_enrichment_EWCE/EWCE_E9_comparison/sample_level_legacy_pre_animal_promotion/neuron_neuropil/cache/CA3_so_Res_vs_Con_up_top500__top500__annot2__a1d659f550cdd959.rds"
"proteomics","REGENERABLE",260,747,"data/processed/05_celltype_enrichment_EWCE/EWCE_E9_comparison/sample_level_legacy_pre_animal_promotion/neuron_neuropil/cache/CA3_so_Sus_vs_Con_up_top100__top100__annot1__41c998036013c5e9.rds"
"proteomics","REGENERABLE",260,1973,"data/processed/05_celltype_enrichment_EWCE/EWCE_E9_comparison/sample_level_legacy_pre_animal_promotion/neuron_neuropil/cache/CA3_so_Sus_vs_Con_up_top100__top100__annot2__bd295aec710b34cb.rds"
"proteomics","REGENERABLE",260,719,"data/processed/05_celltype_enrichment_EWCE/EWCE_E9_comparison/sample_level_legacy_pre_animal_promotion/neuron_neuropil/cache/CA3_so_Sus_vs_Con_up_top250__top250__annot1__d8da16eb97d30857.rds"
"proteomics","REGENERABLE",260,1953,"data/processed/05_celltype_enrichment_EWCE/EWCE_E9_comparison/sample_level_legacy_pre_animal_promotion/neuron_neuropil/cache/CA3_so_Sus_vs_Con_up_top250__top250__annot2__e2596b76a7e4bc84.rds"
"proteomics","REGENERABLE",260,710,"data/processed/05_celltype_enrichment_EWCE/EWCE_E9_comparison/sample_level_legacy_pre_animal_promotion/neuron_neuropil/cache/CA3_so_Sus_vs_Con_up_top500__top500__annot1__4d22af1c561f6ef4.rds"
"proteomics","REGENERABLE",260,1962,"data/processed/05_celltype_enrichment_EWCE/EWCE_E9_comparison/sample_level_legacy_pre_animal_promotion/neuron_neuropil/cache/CA3_so_Sus_vs_Con_up_top500__top500__annot2__008c31dae97c52ec.rds"
"proteomics","REGENERABLE",260,728,"data/processed/05_celltype_enrichment_EWCE/EWCE_E9_comparison/sample_level_legacy_pre_animal_promotion/neuron_neuropil/cache/CA3_sr_Res_vs_Con_up_top100__top100__annot1__9c25f4883c933cd2.rds"
"proteomics","REGENERABLE",260,2037,"data/processed/05_celltype_enrichment_EWCE/EWCE_E9_comparison/sample_level_legacy_pre_animal_promotion/neuron_neuropil/cache/CA3_sr_Res_vs_Con_up_top100__top100__annot2__e8abe8240235b590.rds"
"proteomics","REGENERABLE",260,711,"data/processed/05_celltype_enrichment_EWCE/EWCE_E9_comparison/sample_level_legacy_pre_animal_promotion/neuron_neuropil/cache/CA3_sr_Res_vs_Con_up_top250__top250__annot1__eaf03cbbfdaba230.rds"
"proteomics","REGENERABLE",260,1982,"data/processed/05_celltype_enrichment_EWCE/EWCE_E9_comparison/sample_level_legacy_pre_animal_promotion/neuron_neuropil/cache/CA3_sr_Res_vs_Con_up_top250__top250__annot2__0b9611d643a01f2c.rds"
"proteomics","REGENERABLE",260,677,"data/processed/05_celltype_enrichment_EWCE/EWCE_E9_comparison/sample_level_legacy_pre_animal_promotion/neuron_neuropil/cache/CA3_sr_Res_vs_Con_up_top500__top500__annot1__052dae12c0d7745d.rds"
"proteomics","REGENERABLE",260,1939,"data/processed/05_celltype_enrichment_EWCE/EWCE_E9_comparison/sample_level_legacy_pre_animal_promotion/neuron_neuropil/cache/CA3_sr_Res_vs_Con_up_top500__top500__annot2__32378df8cae79d5b.rds"
"proteomics","REGENERABLE",260,733,"data/processed/05_celltype_enrichment_EWCE/EWCE_E9_comparison/sample_level_legacy_pre_animal_promotion/neuron_neuropil/cache/CA3_sr_Sus_vs_Con_up_top100__top100__annot1__de28ea05adeac0b5.rds"
"proteomics","REGENERABLE",260,1956,"data/processed/05_celltype_enrichment_EWCE/EWCE_E9_comparison/sample_level_legacy_pre_animal_promotion/neuron_neuropil/cache/CA3_sr_Sus_vs_Con_up_top100__top100__annot2__7b63c7f3ec6f4d0c.rds"
"proteomics","REGENERABLE",260,728,"data/processed/05_celltype_enrichment_EWCE/EWCE_E9_comparison/sample_level_legacy_pre_animal_promotion/neuron_neuropil/cache/CA3_sr_Sus_vs_Con_up_top250__top250__annot1__7e5b523e1b7e9115.rds"
"proteomics","REGENERABLE",260,1988,"data/processed/05_celltype_enrichment_EWCE/EWCE_E9_comparison/sample_level_legacy_pre_animal_promotion/neuron_neuropil/cache/CA3_sr_Sus_vs_Con_up_top250__top250__annot2__dae0844308d9f78e.rds"
"proteomics","REGENERABLE",260,738,"data/processed/05_celltype_enrichment_EWCE/EWCE_E9_comparison/sample_level_legacy_pre_animal_promotion/neuron_neuropil/cache/CA3_sr_Sus_vs_Con_up_top500__top500__annot1__ac85113d07112792.rds"
"proteomics","REGENERABLE",260,1965,"data/processed/05_celltype_enrichment_EWCE/EWCE_E9_comparison/sample_level_legacy_pre_animal_promotion/neuron_neuropil/cache/CA3_sr_Sus_vs_Con_up_top500__top500__annot2__76c1e4e0fbba9523.rds"
"proteomics","RESULTS",260,22607,"results/figures/04_differential_expression_enrichment_comparison/animal_level/clusterProfiler/neuron_neuropil/phenotype_within_unit/CA1_slm/CA1slmres_CA1slmcon/GO_BP/GSEA_BP_dotplot_full.svg"
"proteomics","RESULTS",260,20440,"results/figures/04_differential_expression_enrichment_comparison/animal_level/clusterProfiler/neuron_neuropil/phenotype_within_unit/CA1_slm/CA1slmsus_CA1slmcon/GO_BP/GSEA_BP_dotplot_full.svg"
"proteomics","RESULTS",260,20754,"results/figures/04_differential_expression_enrichment_comparison/animal_level/clusterProfiler/neuron_neuropil/phenotype_within_unit/CA1_slm/CA1slmsus_CA1slmres/GO_BP/GSEA_BP_dotplot_full.svg"
"proteomics","RESULTS",260,19920,"results/figures/04_differential_expression_enrichment_comparison/animal_level/clusterProfiler/neuron_neuropil/phenotype_within_unit/CA2_slm/CA2slmres_CA2slmcon/GO_BP/GSEA_BP_dotplot_full.svg"
"proteomics","RESULTS",260,12955,"results/figures/04_differential_expression_enrichment_comparison/animal_level/clusterProfiler/neuron_neuropil/phenotype_within_unit/CA2_slm/CA2slmres_CA2slmcon/ORA/ORA_BP_up_dotplot_full.svg"
"proteomics","RESULTS",260,21127,"results/figures/04_differential_expression_enrichment_comparison/animal_level/clusterProfiler/neuron_neuropil/phenotype_within_unit/CA2_slm/CA2slmsus_CA2slmcon/GO_BP/GSEA_BP_dotplot_full.svg"
"proteomics","RESULTS",260,22262,"results/figures/04_differential_expression_enrichment_comparison/animal_level/clusterProfiler/neuron_neuropil/phenotype_within_unit/CA2_slm/CA2slmsus_CA2slmres/GO_BP/GSEA_BP_dotplot_full.svg"
"proteomics","RESULTS",260,11693,"results/figures/04_differential_expression_enrichment_comparison/animal_level/clusterProfiler/neuron_neuropil/phenotype_within_unit/CA2_slm/CA2slmsus_CA2slmres/ORA/ORA_BP_up_dotplot_full.svg"
"proteomics","RESULTS",260,14142,"results/figures/04_differential_expression_enrichment_comparison/legacy_replay/clusterProfiler/neuron_neuropil/phenotype_within_unit/CA1_slm/CA1slmres_CA1slmcon/GO_BP/GSEA_BP_pubmed_full.svg"
"proteomics","RESULTS",260,13778,"results/figures/04_differential_expression_enrichment_comparison/legacy_replay/clusterProfiler/neuron_neuropil/phenotype_within_unit/CA1_slm/CA1slmsus_CA1slmcon/GO_BP/GSEA_BP_pubmed_full.svg"
"proteomics","RESULTS",260,13762,"results/figures/04_differential_expression_enrichment_comparison/legacy_replay/clusterProfiler/neuron_neuropil/phenotype_within_unit/CA1_slm/CA1slmsus_CA1slmres/GO_BP/GSEA_BP_pubmed_full.svg"
"proteomics","RESULTS",260,13722,"results/figures/04_differential_expression_enrichment_comparison/legacy_replay/clusterProfiler/neuron_neuropil/phenotype_within_unit/CA2_slm/CA2slmres_CA2slmcon/GO_BP/GSEA_BP_pubmed_full.svg"
"proteomics","RESULTS",260,13872,"results/figures/04_differential_expression_enrichment_comparison/legacy_replay/clusterProfiler/neuron_neuropil/phenotype_within_unit/CA2_slm/CA2slmsus_CA2slmcon/GO_BP/GSEA_BP_pubmed_full.svg"
"proteomics","RESULTS",260,13897,"results/figures/04_differential_expression_enrichment_comparison/legacy_replay/clusterProfiler/neuron_neuropil/phenotype_within_unit/CA2_slm/CA2slmsus_CA2slmres/GO_BP/GSEA_BP_pubmed_full.svg"
"proteomics","RESULTS",260,12507,"results/figures/04_differential_expression_enrichment_comparison/legacy_replay/clusterProfiler/neuron_neuropil/phenotype_within_unit/CA3_sr/CA3srsus_CA3srres/ORA/ORA_BP_down_dotplot_full.svg"
"proteomics","RESULTS",260,86449,"results/source_data/04_differential_expression_enrichment_comparison/legacy_replay/clusterProfiler/microglia/KEGG/phenotype_within_unit/CA1_microglia/CA1microgliares_CA1microgliacon_KEGG.csv"
"proteomics","RESULTS",260,81958,"results/source_data/04_differential_expression_enrichment_comparison/legacy_replay/clusterProfiler/microglia/KEGG/phenotype_within_unit/CA1_microglia/CA1microgliasus_CA1microgliacon_KEGG.csv"
"proteomics","RESULTS",260,84269,"results/source_data/04_differential_expression_enrichment_comparison/legacy_replay/clusterProfiler/microglia/KEGG/phenotype_within_unit/CA1_microglia/CA1microgliasus_CA1microgliares_KEGG.csv"
"proteomics","RESULTS",260,84866,"results/source_data/04_differential_expression_enrichment_comparison/legacy_replay/clusterProfiler/microglia/KEGG/phenotype_within_unit/CA2_microglia/CA2microgliares_CA2microgliacon_KEGG.csv"
"proteomics","RESULTS",260,85234,"results/source_data/04_differential_expression_enrichment_comparison/legacy_replay/clusterProfiler/microglia/KEGG/phenotype_within_unit/CA2_microglia/CA2microgliasus_CA2microgliacon_KEGG.csv"
"proteomics","RESULTS",260,84312,"results/source_data/04_differential_expression_enrichment_comparison/legacy_replay/clusterProfiler/microglia/KEGG/phenotype_within_unit/CA2_microglia/CA2microgliasus_CA2microgliares_KEGG.csv"
"proteomics","RESULTS",260,74990,"results/source_data/04_differential_expression_enrichment_comparison/legacy_replay/clusterProfiler/microglia/KEGG/phenotype_within_unit/CA3_microglia/CA3microgliares_CA3microgliacon_KEGG.csv"
"proteomics","RESULTS",260,82650,"results/source_data/04_differential_expression_enrichment_comparison/legacy_replay/clusterProfiler/microglia/KEGG/phenotype_within_unit/CA3_microglia/CA3microgliasus_CA3microgliacon_KEGG.csv"
"proteomics","RESULTS",260,82523,"results/source_data/04_differential_expression_enrichment_comparison/legacy_replay/clusterProfiler/microglia/KEGG/phenotype_within_unit/CA3_microglia/CA3microgliasus_CA3microgliares_KEGG.csv"
